#{"t_start": 1785277330.2218492, "env_id": "None"}
r,l,t,success,freeze_attempted,d_m,alpha_deg
8.867865,1,2.143294,True,True,0.0002863726445010168,1.8836850749719372
5.446756,6,5.902605,True,True,0.0010828021447650358,7.630656654203316
2.236947,15,11.098871,True,True,0.0014825260764962014,12.266031743687307
-23.256798,60,24.061426,False,True,0.011453735276533471,56.76813818779213
7.053882,15,27.983733,True,True,0.004813163024488829,3.6779293061608818
2.980164,3,29.259077,True,True,0.00015279062579666913,12.262796137297151
0.560307,24,31.227732,True,True,0.006747361655809296,11.752374603410333
3.597913,19,37.815271,True,True,7.148115731915009e-05,5.140898895135858
-1.360102,10,41.487282,True,True,0.004264803511946453,15.90151131782424
2.113812,16,48.701204,True,True,0.002537524008963055,9.505490946285056
-17.428114,60,63.274329,False,True,0.011691028721147103,33.51882245191581
-5.293157,44,68.998169,True,True,0.011098193506182106,17.449308457610943
4.173112,1,70.923345,True,True,0.0023033911818403034,10.360767710061523
-14.881978,60,81.008307,False,True,0.026101963111936487,33.372436492400006
-21.936122,60,101.284455,False,True,0.03432068873937504,15.263620772745641
8.517861,16,106.131662,True,True,0.002674853640724683,3.1669434531352136
4.453249,2,108.630734,True,True,0.00016856711455869814,9.722634749734755
2.382219,8,114.371707,True,True,0.00016587941132608156,13.031995570609817
-1.206041,4,116.054001,True,True,7.631649716764353e-06,15.382266001580174
0.293219,10,124.279989,True,True,0.0037837085339754717,15.823235876351792
6.589543,4,127.208487,True,True,0.0005963968658989072,6.488116970488457
4.639393,12,136.860815,True,True,0.007246073356042112,8.193715457498
0.860342,4,139.362732,True,True,0.00464668380950363,17.06541015611387
0.797848,6,144.786863,True,True,0.007251280463373603,15.912824793622216
9.255256,2,147.364288,True,True,0.011914688834411921,1.053818133639206
-30.595087,60,172.099377,False,True,0.0055558515547212825,31.96078032094884
6.499768,7,173.880831,True,True,0.004450003265166367,4.805830214810441
7.755668,6,176.307835,True,True,1.2403960786734592e-05,3.6092473367814644
6.637169,10,178.655717,True,True,0.0003488165771558197,4.469806529726838
6.974538,15,183.151917,True,True,0.00032409626531651817,5.110472240916131
-8.679211,49,190.414725,True,True,0.009569961893492848,12.980046454128956
2.474259,3,191.52514,True,True,0.002694783758522803,12.465576174570808
3.661616,19,201.873925,True,True,0.0027564478414463813,7.984977313152884
5.001982,8,205.637922,True,True,0.003550045257797159,7.7201746623595255
-0.882984,29,212.70144,True,True,0.0012640517457737331,15.755970605719186
4.239103,6,213.890732,True,True,0.004529489633550839,8.344931968867858
4.160556,6,215.098135,True,True,0.004340836296404501,9.846128408158926
8.652471,2,216.236339,True,True,8.988714141303956e-06,3.2921331396647
0.724169,9,217.70282,True,True,0.0044321175115258835,15.114619365667563
4.591624,2,219.168257,True,True,0.0031615972900748933,9.42606750550684
7.116225,1,220.31738,True,True,0.004743307981995047,5.051986570231099
8.915013,2,223.577896,True,True,0.003745600824158559,1.3606820479680528
7.453975,2,226.258419,True,True,0.004335836312500609,4.291364077392981
-6.254493,21,230.088577,True,True,0.002695228242072201,16.273806825307823
-3.567443,39,236.340093,True,True,0.0027335979205481455,4.662335492555311
7.598266,2,237.725227,True,True,0.0023510814561358453,3.7151344622457505
-0.099894,14,247.210819,True,True,0.01045365678429141,14.95766878205165
7.125629,5,251.994818,True,True,0.006727898796067106,4.23589975096712
6.712971,1,252.995136,True,True,0.00971299053056591,5.784305082438974
-30.96072,60,264.84742,False,True,0.006056173919597173,33.46219558823498
6.366686,9,267.757473,True,True,0.00229743532582831,6.141533264968462
5.169237,8,268.995907,True,True,6.296550098468592e-05,7.570717295467601
4.745793,4,271.194845,True,True,0.004779588887203979,6.260912495551853
-19.692769,60,281.642394,False,True,0.011779077277672637,18.231137369562056
5.375801,3,282.785068,True,True,0.0027322046209830248,7.489183637363122
1.384926,1,283.849561,True,True,6.078492570393834e-11,15.387719984073492
3.833987,5,286.381229,True,True,5.977330010387171e-05,8.784347941002627
9.416172,1,287.475903,True,True,0.0002629624480146942,0.8928934385200459
-12.173321,60,300.348706,False,True,0.009105645850370613,49.589273134398674
-1.236059,12,301.88207,True,True,0.00716339458352723,16.99287602498843
-0.156945,47,318.350529,True,True,0.009398506606013707,6.364667824846312
4.174169,3,319.46049,True,True,0.007804691480000767,10.760472134973382
7.298764,7,321.69757,True,True,0.009837404409635868,3.9048618430069806
0.925703,7,326.197934,True,True,5.087651654134273e-11,15.231390804198465
-1.604635,17,331.910255,True,True,0.011906047185615776,14.139362853632967
7.995459,5,335.809924,True,True,0.003965895444698258,3.486467363555447
6.8175,2,336.894819,True,True,0.004781942416941737,3.5628163221695592
1.152945,16,346.514845,True,True,0.002620061298317527,13.080445972767485
6.920674,18,350.960814,True,True,0.0004149505627846729,3.1110783558673494
6.821152,7,353.34117,True,True,0.009096993024789286,3.7926062843892328
2.522847,10,356.90272,True,True,0.004715739928298063,11.226806613975008
6.457209,5,358.126824,True,True,0.0022360025550451365,6.67084758253904
3.995023,1,359.213318,True,True,0.0047172916521412605,10.683767870381056
-4.5999,32,367.354136,True,True,0.00691164423885992,16.614977227518292
-3.179201,25,372.813215,True,True,0.005762931955964508,15.770275116756466
2.515879,3,374.907961,True,True,0.0057766579129317,12.722045039651352
3.127809,9,378.193362,True,True,0.004705083921776375,9.691304220169867
0.728664,6,380.512002,True,True,0.00485618320062586,15.008756134403297
5.645138,4,381.671271,True,True,0.007169332257055206,6.237838802260019
4.640228,1,382.732333,True,True,0.00022831104498169646,9.516387914323332
-23.278811,60,404.218302,False,True,0.030474325537693168,14.46179400217211
6.788224,2,405.315402,True,True,0.004219088131154172,5.941198083094765
3.406251,6,406.512408,True,True,0.002737462262239915,11.313613310951084
8.759863,2,407.593489,True,True,3.851820763840124e-05,2.886747525993143
0.764426,13,413.556445,True,True,0.007138730925917427,14.141020319183395
6.507009,1,414.777021,True,True,3.438111962933768e-05,6.147065301654976
2.324924,4,417.08274,True,True,0.0009173061757223738,12.927381401170107
5.886525,1,418.577052,True,True,0.0015133007429979036,7.268488816755888
7.444231,10,421.956895,True,True,0.0027314107262709666,5.845400858047874
4.248147,16,431.965121,True,True,8.948291074549822e-06,7.73610971391548
4.54206,3,433.06069,True,True,0.0013709344034905958,9.352404938969862
9.576885,3,435.166916,True,True,0.0007956643547816986,1.6540835525920936
4.286517,3,436.361126,True,True,0.001964178060218112,9.121712506453491
6.042433,6,439.235846,True,True,0.002247925585171494,6.595619664729727
3.69773,6,441.88058,True,True,0.0022880989689015186,8.940911810099044
7.131392,1,443.025622,True,True,0.004714406795516334,5.024580958713364
6.208112,4,444.24304,True,True,0.0029046400577733477,5.40211288716485
0.220279,20,446.037981,True,True,0.0029934402961731103,13.997757867736041
2.448903,2,447.137062,True,True,0.001479478100103614,13.301411285931293
5.057832,3,449.520932,True,True,0.00448470358974245,8.49638069119549
8.669719,2,451.635358,True,True,0.004556781200294145,1.5147514807444615
-27.159658,60,482.833443,False,True,0.017313731612274303,7.357479903981503
6.226433,1,484.477821,True,True,0.004751593461720469,6.657974264384544
5.741635,3,487.13397,True,True,1.1555411247138672e-05,6.247274937241128
2.276863,2,488.210639,True,True,0.003657616108400344,13.32889136134431
9.907532,1,489.31641,True,True,7.817088576401662e-07,0.0044627695041087505
1.449283,9,493.18986,True,True,7.772471264341427e-06,13.544368771546603
6.023508,3,496.215851,True,True,0.0001060351400546198,6.228568640289537
-7.589215,30,509.41494,True,True,0.010095860395750026,17.14492631277435
1.918511,7,513.403512,True,True,0.00808193367029026,12.134319868026605
3.57706,6,516.330711,True,True,0.006820458913086232,10.496069205543252
1.568583,3,519.190755,True,True,0.005672951871221077,14.44509986998085
-35.309315,60,543.985384,False,True,0.04041967320117736,9.792496011216175
3.925824,4,545.276386,True,True,0.005581593946989233,9.469774412218358
1.540942,1,546.366692,True,True,0.004141813083290831,15.108787364932237
2.366822,1,547.569874,True,True,0.00038036672758561983,13.617364093472649
4.501054,4,549.891891,True,True,0.0004397616914271563,9.827709184505164
4.809185,2,551.918948,True,True,0.0023238863636741523,9.082428022199878
7.22469,2,553.140053,True,True,0.002201405346467496,4.3804335935290135
2.131157,3,554.254857,True,True,9.378046868482046e-05,11.450651983601986
5.71441,8,555.557113,True,True,0.0023972285628866856,5.800594003135766
-23.244799,60,569.707143,False,True,0.0031797090717288444,30.184981608211128
2.545116,2,571.886373,True,True,0.0004049385978259223,13.422484037390635
2.478391,19,581.121568,True,True,0.007721793496556274,6.668977555666022
5.149849,3,582.329669,True,True,0.0004614048162285979,7.6845374810196825
6.131787,6,584.806934,True,True,0.004834378901326964,6.139179946410386
1.562989,4,586.071616,True,True,0.004854564597419241,12.84346750188153
9.438789,3,587.092522,True,True,0.0018714270740876398,0.5280146440623192
5.414593,3,588.26395,True,True,0.00023940256580177533,7.8849482175035766
3.193182,1,589.376202,True,True,0.004967435520473122,12.130082878907062
6.044561,2,591.479926,True,True,0.0022969490621774303,7.085092578266086
5.337194,2,593.573657,True,True,0.0046673845562829434,7.335146920760662
-0.049451,2,594.762108,True,True,0.0025625745388970396,17.72263476842849
2.616734,1,595.917636,True,True,0.0019656688889477785,13.16769985105083
9.134281,4,597.187355,True,True,1.00140675156693e-07,1.502312920659367
4.00063,2,598.251537,True,True,0.0005793282004469859,10.58206344129573
9.764929,1,599.261637,True,True,0.000558574615793101,0.254669584604025
0.128002,8,601.637772,True,True,0.006915498107518459,15.8210516263984
4.906819,1,602.722231,True,True,0.004608787706062078,9.038917783437729
1.891005,2,603.979179,True,True,0.0069116499805638495,12.022405250462818
6.083216,4,608.209677,True,True,0.0007190146702581168,6.4901100002130105
-26.618693,60,623.60613,False,True,0.014886640143824091,20.877003829157474
0.925704,1,624.605669,True,True,0.009700401341403432,16.220651674695084
3.429946,13,625.995905,True,True,0.004830561692162677,7.561373732790578
2.103112,8,627.28965,True,True,0.0023620165631447736,12.610852993426368
8.587954,3,629.493239,True,True,4.597744948771354e-06,1.6997369337359776
4.200854,14,636.575332,True,True,0.0003204484941123197,8.672991977288902
3.536451,1,637.570989,True,True,0.0028045553160564052,11.509541700593063
6.125759,8,639.946368,True,True,0.004106044784803822,5.815786626519145
5.643567,2,641.151287,True,True,1.082668653369992e-05,7.725862331738763
4.756834,6,642.358042,True,True,0.009348984050476385,8.541621566772472
8.305769,1,643.433593,True,True,2.110093123800492e-05,2.8988161636280347
2.830654,5,644.644211,True,True,0.009236116773517215,11.541371090957108
6.205385,7,647.038537,True,True,0.0002580861482338933,5.609964655010632
-5.337997,16,651.786227,True,True,0.0015109866431476018,15.365220967224658
3.503305,12,656.282977,True,True,0.0072635719165420245,7.681236791122145
-1.262956,22,663.500301,True,True,0.0057984454273639725,10.650375034573312
-2.396724,18,671.154949,True,True,0.008055470366979369,8.977733693899415
4.294556,4,673.369852,True,True,0.004830033054126109,6.426473510628772
3.164292,6,677.84491,True,True,0.0007138073958844367,11.700562939392917
2.280496,7,680.227975,True,True,0.0010765302486313581,12.874264932690142
-1.069826,4,683.749969,True,True,0.005751793680023443,16.262785867514562
5.26509,4,688.247266,True,True,0.00019822580022766154,7.133209592101821
-6.420061,16,696.359994,True,True,0.0033224421100673425,17.866731047239625
-3.273049,21,698.918701,True,True,4.02446874868314e-06,14.152606815086257
3.100609,5,701.162558,True,True,0.001376341062833377,11.392196215140656
2.615626,1,702.356215,True,True,0.003944924293515912,13.170949672235954
-15.982001,39,715.502914,True,True,0.0032452254863527333,17.802649755342184
5.496602,1,716.594635,True,True,0.005028565985199593,7.9751753641655565
6.379256,2,717.748369,True,True,0.00458032802254596,5.784091819804058
5.520531,6,719.707948,True,True,0.002397996779975221,7.005349565652849
0.057256,1,720.871914,True,True,6.348250171018914e-05,17.78138197748481
7.937923,1,721.887872,True,True,2.827369169212642e-05,3.5632520645696277
2.868275,3,723.11306,True,True,0.004678612575479883,11.706583616865531
5.696367,3,724.277625,True,True,0.00031558835994528137,7.405497627275783
7.545061,1,725.427814,True,True,0.004152568307880512,4.277225392356283
4.433485,6,728.658242,True,True,9.695998996789908e-05,11.467554797847837
1.136278,16,730.150939,True,True,0.0052929609386467,11.809868206511211
-43.573488,60,751.600658,False,True,0.02011914235548387,39.08591821455582
8.019432,2,753.708872,True,True,2.6172861699603686e-05,4.240917116567961
1.300918,8,755.044197,True,True,0.005393535954770087,12.385256360042616
-24.625576,60,783.518332,False,True,0.020852855350388274,33.85390190140529
5.827739,9,787.473043,True,True,0.0066120845016751145,5.251730574858053
7.537002,2,788.716381,True,True,0.0005471815842940065,4.456679067666901
6.666861,3,789.871527,True,True,0.001736994303904134,5.583820921777533
-7.115689,20,800.135819,True,True,0.0050819122484256265,17.002304129686244
5.622587,5,801.547782,True,True,3.8501212686179245e-05,6.4233349967756
0.625591,2,802.749544,True,True,0.00021469655672820358,16.11873694315753
1.211731,6,805.098102,True,True,0.0017780745562857095,14.751482794727231
-24.617293,60,824.024547,False,True,0.0002473792171181939,19.42262706542355
4.466399,1,825.290822,True,True,0.0047327627526057596,9.833518370336975
-0.015956,14,829.010931,True,True,0.0007907939948087386,13.641732456549317
2.01079,5,831.317367,True,True,0.0011175599467988483,13.761113525863884
-19.782483,60,843.898021,False,True,0.008136800717718155,30.66968880800876
8.865681,14,852.894153,True,True,0.007400362505285297,2.0002047527998146
0.109153,1,854.180325,True,True,0.0014424803826137925,17.68852745301009
3.852332,19,862.150842,True,True,0.002298407243251358,8.95508295925001
5.86237,2,864.091088,True,True,3.835058318985701e-07,6.3764328827631225
2.358194,3,866.227135,True,True,2.927254575887939e-11,13.584756997719747
4.531478,1,867.318226,True,True,0.00354590741197019,9.715227667278764
9.478094,1,868.427487,True,True,1.6510320901903103e-05,0.7803864379402528
-1.807202,30,876.694082,True,True,0.004961117784107664,7.948169204426089
9.700076,2,877.815031,True,True,0.005272143773858167,0.5600516200652694
-15.051195,45,889.930906,True,True,0.003870254127217465,16.38383657858801
5.54536,1,891.239674,True,True,0.0050363769094820725,7.886590380655225
5.709667,1,892.612287,True,True,0.004877602351371317,7.5906054207190525
0.143895,2,895.204085,True,True,0.0026550588731205594,16.62626375661128
8.378729,4,898.749098,True,True,0.0023437167811634877,2.251655588147215
0.238135,13,903.395606,True,True,0.0020672570596421327,15.281657636427926
2.390926,2,904.682314,True,True,0.004766301336692121,12.646821557901237
4.280149,1,905.867013,True,True,0.00032071926791171334,10.166133150611621
6.919056,1,906.964128,True,True,0.004719343752068898,5.4078684650852695
2.781941,6,908.195487,True,True,0.00011770149641290167,12.214693231728955
1.806985,1,909.3995,True,True,0.004064920880497145,14.629086273682757
5.210736,1,910.46201,True,True,0.00968608949790548,8.494486188714776
1.353734,2,911.62322,True,True,0.00016014303301457096,11.852054357465276
-14.970183,57,926.207659,True,True,0.004739398066235547,9.528717437099454
0.715161,5,927.510066,True,True,0.004796271444669839,15.942602322328081
5.227334,2,928.784852,True,True,0.00010410562162230523,8.511493052959798
2.125498,3,932.13108,True,True,6.063357299074777e-05,13.636478393985614
-39.489311,60,947.731062,False,True,0.018759414873320678,33.503892261253895
7.932642,2,948.900415,True,True,0.004647481429583419,2.561168467550442
-1.402198,10,954.155636,True,True,0.011748184044517166,15.955885176068291
2.226813,1,955.32651,True,True,0.002913962824385389,13.871430099492827
-25.768246,60,987.208194,False,True,0.014243186065919882,32.42527314984161
3.461848,2,989.498015,True,True,0.0006514262385061936,9.979213425979014
7.290656,3,993.099042,True,True,9.563555995348479e-06,4.099295919148922
4.171353,1,994.117336,True,True,0.0031146661470543464,10.364547502664912
6.078438,1,995.252318,True,True,7.398365859077362e-05,6.920746848124685
0.868558,1,996.269258,True,True,0.005346957646654991,16.32156243803028
-0.229726,10,1000.952123,True,True,0.006951265066258153,14.63965504953266
-16.196879,60,1017.061787,False,True,0.0002981480072053559,29.495560250032423
-27.817614,60,1044.162246,False,True,0.014730278793483625,5.849762447286331
8.279179,1,1045.236772,True,True,0.0023977631510104652,2.9496711771996256
9.466808,1,1046.261217,True,True,0.00023681103238251417,0.8013493556132343
7.272191,1,1047.332147,True,True,0.004684469954518081,4.770383128945658
8.933012,2,1048.432247,True,True,0.00042307500250055377,1.475054297210596
4.440303,1,1049.549342,True,True,0.0005291504771388579,9.87735255936696
9.425158,1,1050.742092,True,True,0.00455154978115933,0.8822694840558517
2.039021,1,1051.795153,True,True,0.0035019512900592857,14.210394243712999
4.158838,3,1054.98863,True,True,0.0024551984043257973,9.098854538663128
9.876636,1,1056.120952,True,True,6.776957946689642e-05,0.060405739183117556
-27.368137,60,1075.916055,False,True,0.016661378597374897,34.472725962238655
0.420194,1,1076.97644,True,True,0.00020802425415267743,17.12717867308101
1.344959,13,1080.553494,True,True,0.004120787279151579,13.21703552707554
6.318074,2,1081.806323,True,True,0.000820680296393514,6.815035618028596
-3.0849,20,1089.767678,True,True,0.004473848783684745,15.511232417815567
3.144929,8,1094.044527,True,True,0.002798986501965155,11.370781283676427
2.092891,15,1099.948548,True,True,0.004936374412084663,10.997420586379894
5.654784,1,1101.046027,True,True,0.00047348208954526086,7.685781417995568
8.963409,4,1104.300842,True,True,0.004855473989585684,0.7408740837336986
6.556281,21,1112.200476,True,True,0.006683961288364584,5.758126246382864
4.338779,2,1113.294377,True,True,0.005804809201547921,10.256520611089016
4.024944,2,1114.468052,True,True,0.001890498126558642,10.359881168354661
3.995146,2,1116.58297,True,True,0.004397642033243849,9.438918324555837
2.794174,1,1117.562802,True,True,0.009184983028392844,12.852119710291491
4.612896,9,1122.10371,True,True,0.0067449095393883685,5.8038941532016155
-13.610924,60,1140.766877,False,True,0.004955477582637443,25.04389085030456
3.788279,7,1145.077972,True,True,0.002707758315582464,10.184461894607178
0.055664,22,1155.254831,True,True,0.005212706261443907,9.476300106735035
3.43837,2,1156.520858,True,True,0.003986197075184499,11.912832941718387
6.619083,1,1157.76912,True,True,3.5221861506067216e-05,5.944737166242982
2.638952,1,1159.003583,True,True,9.841774390009165e-06,13.12634416660333
8.102072,15,1171.213031,True,True,0.0003411291555697523,2.1549033048904254
5.02225,3,1173.589648,True,True,0.007382509825783516,8.634730806582793
4.902569,1,1174.648262,True,True,0.00012824217656569586,9.042940089152578
8.82788,1,1175.749599,True,True,0.00033672584249981943,1.9559918960427365
3.182661,9,1181.413349,True,True,0.009990413589701087,6.884909101886687
9.377525,1,1182.495322,True,True,0.00017314554263200312,0.9626115189079216
1.68997,4,1184.723453,True,True,0.004629920357295018,14.563588593785902
5.393308,3,1186.861081,True,True,0.004487327485722326,8.089946933487052
3.176029,3,1188.059392,True,True,0.0017874733352348307,11.743963091137271
4.728066,2,1189.070729,True,True,0.008373626811768599,9.238325258291896
5.088858,1,1190.296659,True,True,0.004617770219475712,8.71050621794787
4.587037,1,1191.38275,True,True,0.0020685532315739058,9.613846145751463
0.710829,1,1192.351297,True,True,0.004802989405092702,16.60561691944508
7.460352,6,1196.512374,True,True,0.003103938303042506,3.1035117577542013
-28.926427,60,1225.488758,False,True,0.0009311869659951889,23.61710731480088
0.122156,4,1226.629614,True,True,0.004834053917539739,16.179231793588627
2.529719,2,1227.787393,True,True,0.0005224325108984934,13.151469033630816
3.611693,3,1228.870443,True,True,2.162245729686596e-11,11.116604981589488
7.458806,1,1230.023313,True,True,0.004763932153182663,4.433574223489412
4.514766,1,1231.168305,True,True,0.0008144387941057176,9.74323352926147
-1.225582,7,1235.507125,True,True,0.0040219029191762455,17.466858950162912
1.462226,3,1236.653988,True,True,0.0008237999752589086,13.921280059020651
8.206653,1,1237.827932,True,True,0.004164598790464467,3.0826551251795924
7.319557,2,1239.1504,True,True,0.006439275025242389,4.146722714068461
7.197023,2,1240.386132,True,True,6.265011364744305e-06,4.75617976093216
7.22379,1,1241.64396,True,True,0.007508472719343309,4.860479383352455
9.369089,2,1243.239103,True,True,0.0004755513971577141,1.6769473095229195
4.373482,1,1244.4889,True,True,0.00922702400161814,10.004281132811212
8.202601,8,1250.641005,True,True,0.004082447194261837,2.9191699297158764
1.858361,9,1254.239496,True,True,0.0023279162523663815,10.838129957099838
5.639894,2,1255.399007,True,True,0.001190181732094989,8.366534913243019
6.693422,2,1256.476855,True,True,6.031069927014358e-07,4.6316821791120955
4.421384,14,1260.527394,True,True,0.004913898483006771,10.331643959118031
0.669755,11,1261.854269,True,True,0.0015898654612378701,15.415325849627667
5.321289,1,1262.923055,True,True,0.004547522521074568,8.291095646989058
6.104854,5,1264.259741,True,True,0.00240755164084478,5.989661854228739
8.922759,2,1265.466007,True,True,0.007353479050919927,1.8549711941924831
4.036265,2,1267.568759,True,True,0.00030441130206985533,10.734063511637432
6.301947,5,1268.815561,True,True,0.004980148566066784,5.564241305176319
1.708825,9,1273.455003,True,True,0.0036455963993326707,12.33478459680999
4.932212,7,1277.991958,True,True,0.004791062126738325,5.655615643247116
7.23536,2,1279.062144,True,True,0.004597104949154115,4.216477466537579
2.761023,2,1280.128731,True,True,0.0017122335767768542,12.784014328730894
4.564822,3,1282.505827,True,True,0.00010816477275642396,8.858336206420399
0.220187,4,1284.971773,True,True,0.0047604286053990535,16.90876053583351
9.876213,1,1286.287239,True,True,0.0005424906023613501,0.05324441487383757
3.410138,1,1287.289026,True,True,0.002362175178645287,11.737056187242388
1.115451,1,1288.372365,True,True,0.0012095871834684278,15.874279135230493
6.66952,3,1290.66672,True,True,0.0056203621240517665,6.344914032585524
0.322669,5,1293.019387,True,True,0.007075996356978354,16.694172852208634
1.173097,3,1294.358841,True,True,0.00823268968493854,15.428254059329019
2.54995,4,1296.559566,True,True,0.0008220583259429259,12.976376998043031
5.308377,1,1297.771848,True,True,0.003246045585676636,8.31332110869383
2.65559,2,1299.134187,True,True,0.00020152771923950472,12.632866040078694
4.669192,5,1302.453173,True,True,0.004805173193153828,6.916308987632498
8.118721,1,1303.609596,True,True,0.0002603439868293228,3.236971134598291
0.281755,3,1306.01014,True,True,0.000724790765652383,16.897019066631998
9.018331,2,1307.165218,True,True,0.004525755482469111,1.4394837029396987
3.256715,2,1309.248237,True,True,0.0023220824816171173,11.570793330573283
7.503426,4,1313.570252,True,True,0.004645286875418878,3.5064896818357374
1.376576,2,1314.6883,True,True,0.004615738772883997,14.627476985749164
3.327989,2,1316.758197,True,True,0.000146259371257184,11.811264490536026
4.973335,5,1321.040862,True,True,0.00489470376586645,8.781125638684442
3.169157,2,1322.151948,True,True,3.3108068370202304e-11,11.965229144264272
5.158387,2,1323.359307,True,True,0.000728080664366278,8.553531204454492
4.507065,1,1324.55195,True,True,4.45321330605963e-06,9.756470827859069
4.315519,2,1326.690868,True,True,0.0007696322082602685,10.049313829407023
-3.657654,18,1337.777475,True,True,0.009508887514492243,13.00777002731662
2.702469,1,1338.977135,True,True,0.008802626057226306,13.017244157233069
6.281125,8,1342.264482,True,True,0.002498993060326582,5.427189241518598
7.107035,7,1347.103919,True,True,1.0106077466996537e-05,3.4564148266751733
5.786189,11,1353.859591,True,True,0.0018956920807129602,6.147579256821275
-0.658157,10,1363.031047,True,True,0.00026522593493263566,17.748884950910735
0.190415,3,1365.344642,True,True,0.0001498353426583692,15.356814738484406
8.999083,2,1366.657967,True,True,0.0001010293366292105,1.4898734704651786
6.12206,3,1367.877278,True,True,0.0016018298136218079,6.478561089076663
3.530636,2,1370.253113,True,True,0.004651156827306516,11.397247446133742
-0.556347,11,1377.067753,True,True,0.004207892123852518,14.367166037979798
5.779126,1,1378.333723,True,True,3.226372352673032e-05,7.460956250388787
8.785899,1,1379.521638,True,True,6.917267920254538e-05,2.031495722333887
3.071821,4,1381.973937,True,True,0.0026442271889673442,11.845468883276736
3.134621,2,1383.083983,True,True,0.0004289665754284716,12.037572841321092
6.067765,1,1384.137226,True,True,0.009356923492389696,6.948166030041082
6.586991,1,1385.457453,True,True,3.7889607889390886e-07,6.002639552038134
8.630266,2,1386.571861,True,True,0.009088413926686072,2.8986546193719853
7.75397,13,1388.029548,True,True,0.009141249084940134,3.163800223186907
-2.534368,6,1390.187809,True,True,0.00022814889055537604,17.195805758418686
1.206291,5,1392.392685,True,True,0.009288956876298915,13.532446653926064
6.546565,1,1393.579852,True,True,0.0001441826902283394,6.075766771501574
7.799585,1,1394.745454,True,True,0.000962687092061763,3.814174909777081
8.810164,5,1400.354846,True,True,0.004739567713195071,1.4015068520003737
4.65267,1,1401.395542,True,True,0.002399885067127794,9.495696376889851
4.207923,3,1403.669853,True,True,0.002222683788104507,9.57631519040805
5.822537,1,1404.833382,True,True,0.0001275691194311604,7.3826932222045105
3.70473,5,1406.04049,True,True,0.001803544866239391,10.649036642506719
7.516402,1,1407.156458,True,True,4.740000008426892e-06,4.324497215644568
8.762744,1,1408.350686,True,True,0.004744747871951038,2.079038950851749
5.436173,4,1410.707114,True,True,1.3418467173068743e-05,6.7807883220431995
3.845318,2,1412.883669,True,True,0.0022297612217311007,10.482392279978086
-0.647432,5,1416.127068,True,True,0.004738115383000873,16.489317084207247
-28.233684,54,1432.311177,True,True,0.0007728029137761003,17.914927087533258
3.545798,5,1433.522755,True,True,0.002879611921508332,11.088995687380493
4.306093,4,1434.732447,True,True,0.0009863054913559063,9.849559850222057
2.542213,1,1435.959097,True,True,2.570264903689612e-10,13.30080719316132
0.094486,1,1437.149003,True,True,0.009628550487921779,17.71874036851285
6.836642,1,1438.213183,True,True,0.0048046231639237245,5.556619643957153
7.980729,3,1439.393426,True,True,8.984649790054304e-07,2.5908905650366294
2.149725,2,1440.563297,True,True,0.004804895660502545,13.651684329952255
8.526871,5,1441.831733,True,True,6.531459010827162e-05,4.202124772693345
3.271933,6,1444.165496,True,True,0.007771688771184844,10.139148197482223
4.488935,1,1445.301702,True,True,5.765428391733959e-05,9.78922624767159
4.59806,4,1446.493284,True,True,0.00448075970156184,7.963747305875671
1.203891,6,1449.88401,True,True,0.0010889987024102457,14.81811878770119
9.516769,1,1451.010001,True,True,2.6335040668618373e-05,0.7107692777211085
8.731547,3,1454.369212,True,True,0.005781079277848959,1.8081385505553411
0.493538,1,1455.58028,True,True,0.00044092049835841706,16.99507999917718
1.857461,3,1457.908973,True,True,0.00015894110652031048,12.343278344526992
6.668371,1,1459.065476,True,True,1.0485219600966282e-05,5.855729738952187
4.345063,3,1462.615797,True,True,0.004530896245918903,9.461417800178726
3.370108,1,1464.006314,True,True,0.004746086237095042,11.810868032323683
4.389883,4,1467.208725,True,True,0.0012019974617004693,9.662930435813966
9.121094,3,1469.428046,True,True,0.00033771135441977964,1.1172311283376495
5.63394,2,1471.754781,True,True,0.003996718817284707,7.194476786469795
-5.377997,30,1494.383134,True,True,0.002942948983041473,5.345759099067976
-13.331592,14,1503.137539,True,True,0.005554761030386686,17.560429548443913
3.113333,1,1504.380122,True,True,0.001962785955017584,12.272098562088143
6.685853,1,1505.778294,True,True,0.0001918621650196234,5.824353962868975
5.935785,2,1507.825455,True,True,0.002395860691089401,6.830047733037651
5.361759,3,1514.178676,True,True,0.0005873999220364209,7.492680270513191
6.423057,2,1516.84213,True,True,0.0012464312865271884,5.351368461615353
4.981075,3,1518.253804,True,True,2.7055091549685805e-05,9.435482774074634
5.369416,4,1519.527283,True,True,0.0002061972709227393,7.434448704737965
7.769924,10,1527.154129,True,True,0.008457558986224191,3.1765556621231155
4.632165,4,1528.462606,True,True,0.002260631612802832,9.114454284103218
1.938617,9,1534.894239,True,True,0.00035731599563180484,11.579432499434326
7.75365,7,1542.016988,True,True,0.011910426686245387,3.782348540926242
9.617395,2,1544.725724,True,True,0.008748993831464661,3.5210344182071958
4.353863,4,1546.368343,True,True,0.0036549590374563203,9.098565599566385
5.517972,13,1553.018832,True,True,0.004477499342701309,5.968960745167975
6.609039,2,1554.243835,True,True,0.0048442471906471754,5.570548199425957
8.854854,2,1555.496572,True,True,2.078721060863641e-05,1.2514804305944764
8.957515,1,1556.763535,True,True,0.0003564522905920315,1.7217982828653453
2.217487,1,1557.894319,True,True,0.002074441081928849,13.887732208402312
8.933159,13,1559.619653,True,True,1.173427217648947e-05,1.2872462834034377
5.32409,1,1561.042504,True,True,0.009068927168730163,8.289560913533428
1.054792,5,1563.607317,True,True,0.005126307509806939,15.126965589819802
9.266242,1,1564.858205,True,True,0.003116386404223885,1.1675574843900414
-2.507991,5,1567.585087,True,True,0.0010590312794599276,17.91623749988443
4.381497,6,1569.068548,True,True,0.004085671507151735,8.089749740517872
1.888393,2,1571.317354,True,True,0.0009557388640991631,14.187442083567072
8.365588,3,1574.258603,True,True,3.967210441940556e-05,2.4851663528320396
3.488018,1,1575.755667,True,True,0.004969262343306673,11.598368891133132
6.390785,1,1577.31371,True,True,0.002815275386363154,6.359576467410226
-10.16467,20,1592.96113,True,True,0.00013684999260863903,8.589684399140628
7.29687,3,1596.221431,True,True,0.0005019599771575838,4.437509725035353
8.455749,1,1597.908488,True,True,0.004525337275114322,2.6332243379246085
3.144915,1,1599.182205,True,True,0.0029879251613169552,12.215831259878257
1.952522,3,1601.666342,True,True,0.004904303348835518,14.028824465016655
7.879493,1,1602.906378,True,True,2.347299668468625e-06,3.6687541432971287
7.814075,2,1605.335163,True,True,0.00025508408860174024,3.638731336709716
3.858089,5,1611.436245,True,True,0.006637269964833444,11.205287482881996
5.967168,7,1615.933798,True,True,0.0020463265605197823,8.033613304982431
0.713562,6,1620.279119,True,True,0.009680410212565185,13.887482831485398
-30.987277,60,1675.539976,False,True,0.02251097115882531,12.542455122334887
1.746633,5,1680.72706,True,True,0.0003361645164153531,11.49615250707283
3.932948,2,1683.895466,True,True,5.8094295519204014e-05,10.872055458808202
1.916367,5,1686.915118,True,True,0.00539439333374237,12.518306447278997
5.911493,1,1689.089787,True,True,0.00237859871060404,7.224215608542581
4.560689,5,1695.869925,True,True,0.0021646839118634547,9.136425743631722
9.904794,1,1697.059719,True,True,1.037122890104158e-05,0.009425507168196253
1.600751,1,1698.71894,True,True,0.000490950122890077,14.99885513918199
5.840556,4,1701.430186,True,True,1.0673724952997912e-06,6.889735609583208
1.879405,1,1703.131111,True,True,0.002915001934906871,14.497848974440828
6.448202,2,1706.23024,True,True,0.00487090890436615,5.658436415915951
1.445047,1,1707.964314,True,True,0.0039738276230963775,15.28158162838847
0.445117,1,1709.524463,True,True,0.004166479644539499,17.084272118186156
2.719072,1,1711.3586,True,True,2.348215372149909e-12,12.981837439615125
7.992855,10,1724.684935,True,True,0.006866812900854429,2.843161400447447
4.018637,4,1727.753239,True,True,0.0002637369949228534,11.615988942335711
5.273807,2,1730.343406,True,True,0.004695318471220714,7.869320103702471
7.35768,3,1733.497245,True,True,4.16897010614703e-05,5.329867670913545
5.971238,12,1744.199894,True,True,0.0023016720462953437,5.683408032190854
-0.181588,3,1748.438068,True,True,8.537613326243967e-05,17.74025516453746
2.177964,1,1750.133071,True,True,0.0002766480078148677,13.957877419674947
1.488561,1,1751.799805,True,True,0.009049531227368022,15.205786113673307
3.998726,2,1754.540806,True,True,0.004045605749954268,10.111541311662023
6.160766,9,1762.99403,True,True,0.0038099582780392214,4.829721955425636
7.896213,3,1766.044263,True,True,0.004630755013224083,3.253652951118973
8.9099,1,1767.598571,True,True,0.0008361514169080778,1.8084459780570092
2.74284,10,1777.676495,True,True,0.004822343170294217,10.694568950610325
1.610786,4,1781.792144,True,True,8.84795212039186e-05,15.083437178972591
8.2765,1,1783.330216,True,True,3.0365675428897353e-05,2.951697716487095
7.72656,2,1786.409495,True,True,0.003527318269561643,2.892200783155986
5.563913,2,1787.762882,True,True,7.123192699487121e-05,6.850334045365501
8.9854,4,1791.459915,True,True,1.3449755603658214e-05,4.162198455826568
7.640782,5,1794.160254,True,True,0.004975121204895437,4.225049225877944
3.693534,3,1796.728207,True,True,0.0014701739161509,10.942671557225204
8.43391,1,1798.277064,True,True,1.3397285555410976e-05,2.6673284120452605
2.173944,1,1799.855921,True,True,0.001546413329906916,13.965923789483004
7.130983,1,1801.203229,True,True,0.004790431218770712,5.025392842349563
8.632226,1,1802.563817,True,True,0.0007130164779258967,2.309938328100307
5.304362,1,1804.108686,True,True,0.005090545772050278,8.322075072735455
9.096686,4,1807.776404,True,True,4.2083560701207737e-07,0.9763964428487772
3.840883,5,1812.793291,True,True,0.0046452070256352545,8.256702200209368
4.480422,7,1819.726565,True,True,0.0003514420701252333,7.32479922834226
7.133238,1,1821.244721,True,True,0.004761906738914827,5.021295711975871
2.128042,5,1824.271743,True,True,0.0020579047450897765,12.566866008111134
5.949915,3,1826.406199,True,True,0.0015948011936795852,6.827216276288277
9.428262,5,1827.883189,True,True,0.00014287763082647224,0.5547522877839395
2.075636,3,1829.239115,True,True,1.3442085292081352e-10,14.39275137277057
4.494433,1,1830.623031,True,True,0.001220005229902961,9.780245049388126
4.788898,3,1832.945158,True,True,0.009609317665214587,9.118386582973876
5.425838,4,1834.221819,True,True,0.006619875875367312,7.267963533980019
2.122832,6,1840.660148,True,True,0.0003179866500315487,13.492308312952925
2.087728,2,1841.80125,True,True,1.8216181080915606e-08,13.770835581189933
2.595134,4,1846.223868,True,True,0.002414528967190828,12.706937018022892
0.631946,2,1847.473301,True,True,0.0004945737443332577,12.88670598718209
7.594209,2,1848.849276,True,True,0.0011955387848141376,4.300371538518044
4.307819,2,1851.355604,True,True,0.005168672713277535,7.160623218492896
5.829485,1,1852.472704,True,True,0.004660277556179837,7.374216558482657
1.825402,1,1853.742508,True,True,0.000231041165591236,14.593614241631629
3.807404,2,1855.38629,True,True,0.000934031427642687,10.913837892641823
9.903615,1,1856.733565,True,True,3.3117541876577505e-05,0.011590065883645828
2.358093,3,1858.027932,True,True,0.00899383961663834,12.585679039900274
8.431654,2,1860.515123,True,True,0.005349955352752764,2.116063463704906
4.023472,2,1863.287629,True,True,0.00479617455833147,10.500450708195661
1.964132,3,1866.372462,True,True,0.009627261235255797,13.70308139420753
8.078517,5,1870.913431,True,True,0.004586010242677987,3.498122063805327
5.548698,1,1872.584074,True,True,0.00024302603768183587,7.877032918611806
-2.359965,7,1882.766331,True,True,0.0006373759731025351,17.46533416660356
2.368615,1,1884.348347,True,True,0.004654232146786697,13.61678509301365
9.570504,1,1886.092158,True,True,0.0007037450018304386,0.6145925335382281
7.800409,5,1891.419615,True,True,8.280234572632245e-05,2.4640484554659996
4.511892,1,1893.106708,True,True,0.0014603900695414288,9.748936331410501
1.914059,3,1895.738772,True,True,0.0019680147192845648,14.06292633605414
1.254662,3,1899.105955,True,True,0.0010020042682071994,11.961424478760494
7.251458,1,1900.478582,True,True,0.004079731666231283,4.807206294267692
7.850763,4,1901.828386,True,True,9.172421770160455e-05,2.489639207243817
5.194694,2,1903.375695,True,True,0.0021292795242004257,8.289347289561016
1.552849,1,1904.566676,True,True,0.00264570787770616,15.08648131441313
9.794693,1,1905.933796,True,True,1.815827111747905e-05,0.208447046314781
1.557229,1,1907.141783,True,True,0.0047317654053725695,15.079747299168165
6.426836,1,1908.303832,True,True,2.2410059181903028e-08,6.291765175431401
3.531899,4,1909.563291,True,True,5.276668679431249e-05,11.21323174445132
5.921764,3,1910.875797,True,True,2.0662582670306386e-05,7.763625164748843
6.259696,2,1912.133022,True,True,5.8916778557078185e-05,6.69989992353263
1.242857,3,1913.451565,True,True,0.002490374943157901,15.86702484344996
8.216788,1,1914.589954,True,True,4.1654090465487875e-07,3.0595217979033507
9.328134,1,1915.953927,True,True,2.5812713567237473e-05,1.0516666081906707
0.285993,5,1917.321941,True,True,0.005312546130185759,15.3736258788126
7.112148,3,1918.9477,True,True,0.0021506274217865055,3.727060826060296
2.233695,1,1920.151955,True,True,0.00026186761785491897,13.857364331068693
5.744682,2,1921.411313,True,True,0.00015764889441862058,7.2472393902059595
5.963904,3,1922.647933,True,True,0.004957784665260456,6.82835938107724
5.658988,1,1923.813883,True,True,0.004839293326076587,7.682018759387106
7.904448,2,1925.032762,True,True,2.1418303415612558e-05,2.7382708512188265
2.937518,3,1928.916245,True,True,0.002955678762512584,12.30712040732678
3.505719,1,1930.489715,True,True,0.00017996484913838278,11.563094606563203
5.035591,7,1938.528943,True,True,0.002619244926987438,8.012321146625466
7.425533,4,1941.188759,True,True,0.00480900926688712,3.941999631694695
4.803765,1,1942.883039,True,True,0.0007594639424291106,9.221752410530808
9.288735,1,1944.538934,True,True,0.00020372375339753473,1.1231051921039945
3.142069,3,1947.214057,True,True,0.001460153914075165,12.002129829317806
3.041379,2,1949.62543,True,True,2.088133485567134e-11,12.318074966623566
3.524332,13,1962.629709,True,True,7.105766571106302e-05,6.089456324930077
0.581214,9,1966.53803,True,True,0.009552005478267185,13.824332369955458
1.938844,8,1971.679163,True,True,0.0031559068783825342,13.44211878251172
5.383465,1,1972.849571,True,True,0.004609117550089683,8.178964471734933
2.043968,3,1975.929042,True,True,0.0011877933957551343,13.883491433372294
3.479355,3,1977.618009,True,True,0.001980089333275226,11.769863923382525
1.761888,5,1983.13741,True,True,0.0038451516506375436,13.928424564134268
0.038549,30,2011.757115,True,True,0.006972396177631338,0.5203995493006967
-27.911194,60,2046.144328,False,True,0.004501732791438746,24.317789769185783
2.62854,5,2049.999431,True,True,0.0002067036116781499,12.934878944392798
8.404816,3,2051.435094,True,True,0.00011883495335278729,2.429899423192326
-0.133792,2,2052.651264,True,True,0.0047728182592945995,17.367842595694476
3.932703,5,2053.990832,True,True,0.004755838031775729,9.272061979572825
5.770311,4,2057.708634,True,True,0.009799359250152012,9.00677274468034
6.552229,1,2059.249867,True,True,8.065278715847779e-05,6.065476769884092
2.614412,4,2061.940783,True,True,0.0006448891899407325,12.722227953364957
8.085068,1,2063.246437,True,True,0.00015571749035050292,3.2964851961886685
5.408882,1,2064.495181,True,True,0.004437040643128673,8.132962478011512
3.915864,3,2065.983438,True,True,0.0051689044172211155,10.407656495983925
1.314577,2,2068.507028,True,True,0.001127714645006675,15.33226795363231
-35.275115,60,2095.061764,False,True,0.034156418135599505,20.574691370385803
6.183128,1,2096.390443,True,True,0.0002658864481233725,6.731960661384452
8.623395,2,2099.011411,True,True,0.00013104196836064529,2.3751107500952986
4.52835,3,2102.912563,True,True,1.0121102811270002e-06,9.018481601386938
2.99674,1,2104.196524,True,True,0.00048386184221809424,12.481371914475375
5.184589,5,2109.252067,True,True,0.004857174081935445,6.341711400864647
2.855364,7,2113.23662,True,True,0.004428782484629782,9.592389749126385
-26.725021,60,2153.770744,False,True,0.020884049012055726,22.597152431880286
-0.454087,3,2157.509129,True,True,0.00480088948323149,14.229619072462196
9.907299,1,2158.820552,True,True,1.9000774703625822e-06,0.004885788079355771
2.614811,1,2160.356228,True,True,0.00029819771879705057,13.170074961035473
7.008765,4,2161.750264,True,True,0.00012253755126029244,5.069614355462467
7.669939,1,2162.993322,True,True,0.005995520340128058,4.0536625734990945
9.391704,1,2164.173003,True,True,9.119230933492088e-05,0.9368767134277433
6.935295,3,2167.972967,True,True,0.005138820013472029,5.4280586274969265
2.997157,2,2169.218605,True,True,0.002781447173723412,12.240645736697413
3.805564,2,2171.838891,True,True,0.0003424771614983933,10.894103774273049
-5.727568,10,2180.710808,True,True,0.0032650674563750874,17.22896080560955
6.275558,2,2183.144143,True,True,0.0029938649701713015,6.430696921802295
-16.647137,14,2188.51149,True,True,0.0030558290644312814,17.6475098445177
0.225826,1,2189.765284,True,True,0.0035119323420082157,17.479235900745024
5.645188,11,2193.867197,True,True,0.004872385677431982,5.972658013349947
5.776639,1,2195.231199,True,True,0.004747141918456838,7.469649305040568
3.115783,1,2196.487242,True,True,5.697447045399651e-10,12.266320195036318
4.131039,6,2201.606101,True,True,0.0024295644679137307,9.72088576236754
-25.247059,60,2243.494932,False,True,0.013992716825560726,13.810756376291135
6.395729,2,2244.821655,True,True,0.002261187985877563,6.441109283254682
3.645909,1,2245.995337,True,True,0.00011889350011288786,11.3101638467057
9.11191,2,2247.139646,True,True,2.1843375548515585e-05,2.1508411001773173
2.05689,1,2248.393263,True,True,0.00011049438031383472,14.17610583302818
4.571976,1,2249.671108,True,True,0.004783115312841128,9.643106817015282
6.068806,1,2250.968973,True,True,3.5655011850974083e-06,6.938065503814582
4.762405,1,2252.207457,True,True,0.0007123316966173442,9.296340714539042
-1.090743,10,2253.758703,True,True,0.010095758599409957,16.244836011072007
6.242525,3,2256.226037,True,True,0.004658086725849397,8.675744902698028
5.600922,2,2257.549645,True,True,0.0076871064704941315,7.382261573718375
4.385087,7,2263.907103,True,True,0.0038378381703170344,9.439175425755385
2.398703,3,2267.833915,True,True,0.0032996399793079646,13.051004566141563
9.155063,4,2269.218251,True,True,0.000238645414302499,1.6271176344305647
0.027794,1,2270.596306,True,True,0.008729307418742862,17.837320708627978
7.741126,1,2271.768801,True,True,8.814818266408841e-05,3.918753191914963
2.373392,1,2273.077715,True,True,0.005021463660679099,13.608390369092811
3.206269,4,2277.316903,True,True,0.00710274131194567,11.365461863410253
4.056336,4,2281.158372,True,True,4.871457882752589e-06,9.493493360439082
2.814888,6,2286.556306,True,True,3.45893904055497e-05,12.962954757650676
3.053437,1,2287.818831,True,True,1.1867295340861617e-12,12.378772891661196
9.007944,1,2289.053562,True,True,0.004542712060425752,1.635921929606325
-7.039755,16,2301.290235,True,True,0.009556814395226017,5.0892156364289365
7.350117,3,2303.722874,True,True,0.0004830477839354603,3.850822438015917
2.200188,1,2304.840237,True,True,0.005293458532434588,13.920846775750514
8.034161,1,2306.174108,True,True,0.0012969051277458414,3.3909144664661164
2.301049,3,2308.684486,True,True,0.0043859391703141674,13.498631361849553
5.414319,1,2309.82515,True,True,0.0021260978390251683,8.121205959526279
7.260121,2,2312.338466,True,True,3.878590187707969e-06,4.223490572672517
1.188716,2,2314.990875,True,True,0.009256691634512568,15.546863214485386
5.05178,1,2316.262612,True,True,0.004734191303861884,8.777492254289175
-4.616361,8,2321.599948,True,True,0.0029315284695710523,15.642525476530468
3.068615,2,2324.060077,True,True,6.994990281321972e-06,11.98095965102788
9.795362,1,2325.447154,True,True,3.839074642366031e-05,0.20726572717617367
6.995778,3,2329.187299,True,True,0.004673425505542896,4.270953857819154
7.551932,1,2330.5662,True,True,6.431225979163652e-06,4.260335509901575
3.670853,1,2331.977057,True,True,0.003315619432310166,11.26607339163512
4.012088,1,2333.321019,True,True,0.0022458087070579636,10.651197878814015
4.65629,1,2334.634359,True,True,0.004904221125619222,9.49110082947751
3.5489,1,2335.987854,True,True,0.002464473301645542,11.486847828039224
3.547205,1,2337.346501,True,True,1.7889998510378646e-11,11.488127326373338
-42.503249,60,2384.434734,False,True,0.020596691911167715,39.790287419950204
6.467895,4,2385.833421,True,True,0.0023291735202507803,5.941385107188165
1.005242,12,2387.337744,True,True,0.00034838188573978884,12.086519830611552
9.797416,4,2388.743551,True,True,0.00044496465192978875,0.846311713729114
7.058533,1,2389.907367,True,True,2.957342042313269e-05,5.151317315654
-47.893232,60,2423.290451,False,True,0.014856935741571521,23.164021921220495
4.210308,2,2425.672478,True,True,0.004145408776600206,9.543973729824778
8.013214,1,2426.958904,True,True,0.0055659387033944645,3.43346388446141
3.875428,1,2428.148805,True,True,0.004601229189873666,10.899397366269081
7.872441,1,2429.354674,True,True,3.3268847478755284e-05,3.6815260365511415
-21.069386,60,2443.635392,False,True,0.018717282860085272,25.160353215817846
6.252971,1,2444.934635,True,True,0.0034651786793334417,6.608916004678563
3.805949,2,2447.613479,True,True,0.0011537722664577144,10.894634486084998
-29.843595,60,2481.381159,False,True,0.010093483947270013,11.264409947934293
4.76949,1,2482.599539,True,True,6.808342377791557e-06,9.282967786804422
8.709072,1,2483.823621,True,True,5.075208335025665e-06,2.170216303490072
7.531902,2,2486.506745,True,True,7.042246422068126e-08,2.9948561331861168
7.415703,5,2490.645473,True,True,0.0025646020146156325,4.010944736618344
2.443206,1,2492.061949,True,True,0.0006188375557722742,13.479766987012251
3.250439,2,2494.396591,True,True,0.0002654871871060997,11.954134748922199
9.378137,2,2497.022557,True,True,0.0058037675329936375,0.8546172561681603
4.733892,3,2498.44188,True,True,0.004631896862527149,7.775866711467867
6.71097,4,2500.106489,True,True,0.0003922036832038206,5.760442628345265
1.851836,4,2503.96522,True,True,0.0006507401744213666,12.422329178751097
3.475426,2,2505.277881,True,True,0.00033890248733465167,11.490935804463213
2.264946,8,2512.697063,True,True,0.00024563291998529885,11.927222750194927
6.029773,1,2514.050637,True,True,0.0009559352188317513,7.009427586437309
6.326137,1,2515.30719,True,True,0.00025375048035204684,6.473798956492821
3.478417,8,2520.436522,True,True,0.0009345721918649942,10.619938006552347
4.31655,2,2522.928805,True,True,0.002453380805164964,10.114531059216187
6.714924,2,2525.496885,True,True,0.002701979475890466,5.232338157658172
7.648059,2,2526.91551,True,True,0.004441210268567272,2.5037694560602
4.290817,2,2528.186739,True,True,0.004868858945664617,10.125884089448212
0.724908,3,2530.839886,True,True,0.003989909478981164,16.545984137521003
9.635988,1,2532.134052,True,True,0.003933847643476219,0.5005798099053933
7.247707,2,2533.51616,True,True,0.004806295031116737,4.674469419641228
7.602066,1,2534.860673,True,True,1.414209800275389e-06,4.169791318172407
5.812086,4,2536.268742,True,True,0.00017268241308159536,7.202110783348583
2.216498,7,2537.690123,True,True,0.004672993620176339,12.224436147345337
7.325075,6,2539.057709,True,True,0.0023223996834301677,4.662814520554721
4.198209,15,2545.446763,True,True,0.011709087391167638,2.2530075951221504
8.154128,18,2554.548328,True,True,0.0049292549632512445,3.4358029044060965
5.464238,3,2558.147342,True,True,0.00017489679818592134,6.133094661990718
3.869473,2,2559.467876,True,True,0.006880401070928817,13.242589831181922
4.264943,1,2560.860684,True,True,0.0007258933841269612,10.193886919336432
2.275564,3,2563.542884,True,True,0.0019443381136151072,14.029472815680382
1.25341,1,2564.779943,True,True,6.45136632778185e-05,15.62488860640886
6.03502,1,2566.325924,True,True,0.001142412389065893,7.000131207370361
2.970085,1,2567.802519,True,True,0.0005152795408018829,12.529468534754923
9.542241,2,2570.422763,True,True,2.63988589214309e-07,0.8066581521035525
8.479542,3,2574.16142,True,True,1.0554739896191049e-05,3.7010135965359336
8.073385,2,2576.63648,True,True,2.457937324279241e-05,3.1682045273042774
3.426421,2,2577.838238,True,True,0.00016575373233527427,11.579267183380408
5.940313,4,2581.8098,True,True,0.0043934337783849055,6.59129809910156
2.952497,3,2585.787073,True,True,0.0007240817248040272,11.384218757467524
4.78542,2,2587.103955,True,True,7.9213106512167e-06,9.405216100558958
0.226516,2,2589.818144,True,True,0.0004498995312635784,17.310746142442884
8.711633,1,2591.049102,True,True,0.0005580862545313137,2.1612622179793624
8.117518,3,2593.542691,True,True,0.0009195376390636982,2.932558963199647
3.308642,2,2594.958748,True,True,0.00026803022177405295,12.042255007047526
2.498214,3,2596.306815,True,True,0.004315008700494946,12.774214931733667
3.509238,2,2597.564393,True,True,1.3308445317994355e-10,11.429311923369692
3.204912,1,2598.707285,True,True,9.860800223975572e-05,12.105626654611982
-2.126727,9,2600.140065,True,True,0.002435487906001752,17.59914684860771
3.037546,4,2601.553351,True,True,0.0029348846340293555,11.965827182971143
6.014441,2,2602.9876,True,True,0.0023257280277504348,7.014826942964588
6.039604,2,2604.322418,True,True,0.0017460536202423948,7.1526708172818765
6.85036,2,2605.721696,True,True,5.0155094489888e-05,4.828607702720365
0.779512,2,2607.073117,True,True,0.0010465733677788207,16.407160266458956
-0.045202,16,2608.946473,True,True,0.006827992363522058,13.196561896258565
0.58919,2,2610.084921,True,True,0.0048594670413193404,16.474528773639552
0.137122,1,2611.424781,True,True,0.007225090336577696,17.64085128989712
7.546937,2,2612.724551,True,True,0.0036383090833004925,3.548499402477587
4.281009,3,2613.953099,True,True,0.0001549811020918582,9.63311519066559
0.182007,7,2619.01857,True,True,0.00460327729031512,16.627275872703915
6.560375,1,2620.455559,True,True,0.0003643433243420589,6.0510586561998405
4.795842,2,2623.722749,True,True,5.044107901127899e-05,8.904065887857964
3.841728,1,2624.884376,True,True,3.5425282123085697e-06,10.956829124199981
5.283173,1,2626.241876,True,True,2.3198106245906486e-06,8.356010401658036
7.100703,1,2627.633016,True,True,2.738382149800045e-05,5.075172183332894
8.171352,4,2631.275718,True,True,0.002562377022289664,3.578548420465128
8.681248,1,2632.457745,True,True,0.0023929279180631997,2.2234470148517436
-12.464932,29,2654.083726,True,True,5.490089020913935e-06,16.644191207956755
8.424464,1,2655.3588,True,True,0.0020951583376575466,2.686470169723159
7.149668,1,2656.666415,True,True,0.0023720232545034223,4.9892329024273225
8.568899,1,2657.896635,True,True,6.676524965175488e-05,2.4235338040955057
4.444014,2,2660.346647,True,True,0.009733409778623933,9.483088143047054
8.834989,1,2661.603822,True,True,0.004679005079457866,1.9484779216399937
3.115132,2,2664.33854,True,True,0.004781222823710658,11.666386253503049
3.699263,2,2666.762797,True,True,3.3387361816211714e-09,11.229465790809613
1.947923,1,2667.975651,True,True,0.00012992256330176817,14.372617497696279
2.149687,2,2669.436636,True,True,0.005193561561151993,13.144036988854813
7.929084,3,2671.938675,True,True,9.088369902078347e-06,2.7317308207091675
-12.082733,14,2682.954823,True,True,0.002744091061146239,17.07889142186045
6.672843,2,2684.288173,True,True,0.004702912721589424,6.051637980746672
5.18866,1,2685.778381,True,True,0.0007358508504264772,8.525449107778782
0.821037,2,2688.271859,True,True,0.000302453870079278,12.542382351805154
5.286258,3,2691.961447,True,True,0.004668027628645155,5.636325430941446
6.913192,2,2694.527592,True,True,0.0073105122778780954,5.263377086179958
3.002831,1,2695.91205,True,True,7.4226544528877e-10,12.470049689617433
2.051247,7,2702.343998,True,True,0.004110302226818367,13.095273186896614
-18.878867,60,2727.156408,False,True,0.004585677762233613,24.85264407523241
3.92734,7,2732.312242,True,True,0.004737086491413208,10.00633530358525
-24.680145,60,2763.280221,False,True,0.006861272360338428,23.840616369338406
3.245527,1,2764.541735,True,True,0.0021309358235509467,12.032911422964553
-5.629335,9,2772.601952,True,True,0.0009507297608917012,16.737235140312972
2.676484,3,2776.46868,True,True,0.006572965975953374,12.658968713770266
-7.086123,17,2790.822567,True,True,0.011816107747617296,6.315540637491876
3.607411,4,2793.556961,True,True,0.004389996824831748,10.853957307919796
3.148373,1,2794.763831,True,True,0.005068182508880534,12.210955273817014
0.872099,2,2796.105789,True,True,0.004824309521381299,14.309876383035128
6.884091,3,2799.953045,True,True,0.00031193854471930384,4.608991553049747
6.803656,5,2803.633085,True,True,9.396122141370004e-05,5.518100712437619
3.450228,1,2804.795306,True,True,0.00295630885362423,11.665161689688077
2.913173,10,2814.24717,True,True,0.007459675338314719,10.174862410129347
7.467368,1,2815.829125,True,True,0.005743151408513188,4.419102463400889
8.987635,2,2818.550348,True,True,7.240880898984206e-05,1.4710926973183693
9.190419,1,2820.119337,True,True,2.6391358920525854e-05,1.3005281155092758
5.626029,3,2821.355616,True,True,0.00498533782694328,7.82358816203892
7.059739,1,2822.872335,True,True,0.0014600534728673451,5.150647742961497
-9.784712,23,2842.92865,True,True,0.004360636262872768,16.875447612437924
4.301938,4,2847.241724,True,True,0.005079050233143803,9.885731875724018
1.883297,5,2851.3933,True,True,0.002401545173898842,13.63830857303977
-1.389203,7,2855.275082,True,True,0.007808591889678328,15.502029373365833
1.981969,1,2856.90096,True,True,0.002462805856132154,14.312648588802192
-3.178223,18,2873.796005,True,True,0.002408811472152816,14.554916052321921
3.321542,1,2875.336313,True,True,0.002901221773772285,11.897220023186712
3.306023,2,2878.25816,True,True,0.004830564504999326,12.053603528009122
9.897236,1,2879.875946,True,True,1.813209680612011e-05,0.023098809486543435
7.291277,2,2881.180293,True,True,3.868537470329064e-06,4.142677347198528
3.596335,1,2882.442639,True,True,2.2739135227545226e-10,11.399502878284789
6.767034,2,2883.754293,True,True,1.1253237946048412e-05,5.042372530151803
4.561148,2,2885.110196,True,True,0.011852198244330626,9.315289642245483
4.033229,2,2886.444065,True,True,0.004106941110276742,10.494105907630315
0.964432,4,2887.855263,True,True,0.0048113805850168185,15.774389194735186
3.400695,1,2888.974139,True,True,0.0034810777858983056,11.754857041137813
1.169102,1,2890.278655,True,True,0.004068084200144088,15.779112626384503
6.134946,1,2891.524076,True,True,8.269922670434832e-06,6.818683003609586
4.532679,1,2892.894433,True,True,0.004317836090977356,9.71364527061096
5.190552,1,2894.193999,True,True,5.135534953239554e-06,8.523159515266617
9.486862,1,2895.482339,True,True,0.002771730998386533,0.7685103868477925
2.33688,2,2896.820578,True,True,0.0025798368105650303,13.551448607316685
9.003276,1,2898.03204,True,True,0.0020441349484669655,1.6412822248047096
6.978338,1,2899.242637,True,True,0.00012157393042519634,5.296213234871371
5.55105,3,2900.718916,True,True,0.0022336519779497218,6.8886491634907
4.724358,2,2902.014614,True,True,0.004744973340573971,9.23964898839572
10.150747,6,2903.439403,True,True,0.004767776906997988,0.8023528943313105
8.551622,2,2904.830437,True,True,0.009090733144927848,2.832245150371989
8.541922,2,2906.036488,True,True,2.5767015874296126e-05,2.630406806481996
7.182686,2,2907.420985,True,True,1.2861089779043003e-05,4.3121942529871005
8.152784,1,2908.752227,True,True,0.0018608833221668885,3.1773275237682834
7.148994,1,2909.95946,True,True,0.00012604860029567268,4.988082161177202
1.87987,2,2911.389984,True,True,0.0012157450512621272,12.998102942315265
8.944848,1,2912.719616,True,True,7.711854723253114e-05,1.7443217156603175
4.480154,4,2916.232955,True,True,0.009339303532137558,8.095446762421075
3.025787,3,2917.675089,True,True,0.003811240194238154,12.23329991333727
3.331612,4,2920.619476,True,True,3.143492063872877e-10,11.630414087707084
2.751535,8,2928.680147,True,True,0.0003827118155533965,9.79215681823981
0.036169,7,2930.022386,True,True,0.0029387994434934665,16.864065097171576
7.818504,1,2931.462848,True,True,0.00013223863758815915,3.779056221671058
5.364817,2,2934.40084,True,True,0.0020395452261958522,7.660015510751483
6.561007,1,2936.073929,True,True,7.309214137476115e-05,6.049622186490531
2.393604,5,2942.362218,True,True,0.0009956414700247258,12.840777648769638
2.605011,4,2948.300143,True,True,0.0020742741530245324,12.526553985259811
6.315748,3,2952.472027,True,True,6.843621657619129e-06,7.081000266224982
3.220326,1,2953.811672,True,True,0.0045129132616789315,12.080837266476781
-9.912529,51,2978.829722,True,True,0.0029522606904047516,7.816544576777104
2.178523,1,2980.088034,True,True,0.007299743960306505,13.961040343316904
2.465735,3,2982.555935,True,True,0.0004582537540064671,13.169962354932922
8.540019,1,2984.2309,True,True,0.0008302615932160428,2.476654091565732
6.694903,3,2988.942358,True,True,0.000989677353693626,5.7577109358930345
-20.921782,25,3012.13978,True,True,0.008679877803987282,12.195581351684496
4.507539,1,3013.800913,True,True,9.262160843501177e-08,9.755612724509787
3.746007,1,3016.485324,True,True,0.000287908993926971,11.126859116338737
4.607564,10,3028.404061,True,True,0.0027931954416550216,8.443967273201665
6.019344,3,3032.189591,True,True,0.002561821686475731,5.998495419259048
8.494109,1,3033.846831,True,True,0.004527666474683226,2.5639512033285543
1.744944,1,3035.525751,True,True,0.004864434568073006,14.741392510701294
6.379947,1,3037.244314,True,True,0.00394255002394951,6.380187533540224
3.840234,2,3038.844285,True,True,1.353053086239342e-12,10.73624057121263
7.121541,1,3040.405082,True,True,0.004709026343752777,5.042358040742491
7.72227,1,3041.688084,True,True,0.0003499779799777205,3.9531049549578667
9.564945,1,3043.392554,True,True,0.00488361509313682,0.6301495582991472
8.212893,2,3046.564193,True,True,0.004924627724987252,2.0070992026728334
7.961292,1,3048.108732,True,True,7.735390453118655e-06,3.5210193040032807
6.744966,1,3049.814167,True,True,1.4287005215760096e-06,5.717435139692301
9.514729,1,3051.447978,True,True,0.0002978693009542486,0.7107276263832096
7.416736,1,3053.058576,True,True,0.004579906239512922,4.509336893994892
6.056725,4,3056.085888,True,True,0.004420817663115642,6.559740902397768
6.117157,1,3057.780522,True,True,0.004834949295835122,6.8552503643627265
1.287536,1,3059.394781,True,True,0.005112114893674892,15.566154302147263
-4.304334,5,3060.85454,True,True,0.0015245739529830922,17.994331673373093
8.691195,2,3062.045139,True,True,0.0030350471922036045,2.392882239887608
2.168793,1,3063.346748,True,True,4.899904267052779e-09,13.974238526733265
-17.113338,25,3071.721008,True,True,0.011732677374503696,14.752856393884624
6.509442,2,3074.252714,True,True,0.009330562814747019,5.7521750488912655
7.440712,3,3076.905502,True,True,2.442635151276261e-07,4.803293745260348
5.629197,2,3078.538451,True,True,8.312540865923652e-05,7.595030973558421
9.330476,1,3080.205776,True,True,0.0003331376265676561,1.047850482668879
4.588653,1,3081.740956,True,True,9.840441169829597e-05,9.609338824136822
-23.33108,60,3125.884965,False,True,0.008313587673312132,58.08199668101974
7.948621,1,3127.466659,True,True,0.00012013233313258511,3.5440367564785986
6.952052,1,3128.776655,True,True,0.00011363149743630688,5.3436637929996795
7.656205,1,3130.449112,True,True,0.004670604782688388,4.077099088405961
6.17763,5,3134.780126,True,True,0.004798938005819386,7.407887568201193
9.906941,1,3135.929143,True,True,0.0015998640014974123,0.006569533516846538
9.853936,1,3137.187999,True,True,1.1049763902779529e-05,0.1013544220313417
6.060256,5,3140.119418,True,True,0.004599377537952415,5.750629540609292
7.866137,1,3141.706202,True,True,0.0003700606559424815,3.693303059404135
3.057214,1,3142.994346,True,True,0.0020631035964630146,12.373379567290394
7.019904,4,3147.287471,True,True,0.00012618641748455596,6.263562806582271
7.512424,4,3152.470884,True,True,0.004799429508127245,3.623558583594308
1.543055,1,3154.285769,True,True,0.003542119527315939,15.104643926149196
6.489037,1,3156.040285,True,True,0.0007714683073295611,6.180247417117458
-8.866379,11,3164.079522,True,True,0.00010879926235687898,12.538096536222787
7.003675,1,3165.650831,True,True,0.003902201109938522,5.254329502581495
0.799477,4,3167.110718,True,True,0.003441756115741622,15.553626261840423
-14.497696,60,3226.00042,False,True,0.01755218109010835,17.417179125547438
-10.216158,25,3232.768017,True,True,0.001930438237633639,15.868679448385059
2.347904,1,3233.894244,True,True,0.0002079775950763231,13.65136768956339
7.168981,1,3235.463324,True,True,4.018620777368476e-05,4.951900070051991
6.23017,1,3236.890472,True,True,7.384701070747932e-06,6.646790981317164
5.826621,1,3238.132302,True,True,5.188476583915802e-05,7.375251628526499
5.811855,1,3239.477282,True,True,0.003740370118323291,7.405103104967325
5.922165,1,3241.16058,True,True,0.004563532756200405,7.206891522509123
2.903193,3,3245.577737,True,True,0.00026317661610481945,12.742017269113592
6.265131,1,3247.253923,True,True,8.824699615319134e-05,6.58376181633638
7.545291,2,3248.519717,True,True,3.2280356853457357e-05,4.3807953741933625
2.5068,2,3251.380029,True,True,0.005336609416527598,13.332881447236629
7.066938,1,3252.646682,True,True,0.00029045729235763033,5.136419480047966
9.427141,2,3253.911528,True,True,0.009614708416125736,0.930535566294231
-4.661087,34,3272.930143,True,True,0.007272274490024048,8.54479101764054
7.97926,1,3274.482462,True,True,4.300708485154708e-06,3.4885630768456353
9.537247,1,3275.762091,True,True,2.8314434352954415e-05,0.673762020951913
0.571332,2,3277.348603,True,True,0.004007802940340354,16.27399473779064
2.91445,1,3278.610458,True,True,0.002604533606698385,12.63121260131145
3.462747,1,3280.233671,True,True,0.00448543492932068,11.64362202004029
8.920719,1,3281.574447,True,True,0.000141723315067347,1.7776368833363154
6.274215,5,3285.768444,True,True,3.636028163840968e-05,4.923121569817627
9.743442,1,3287.54046,True,True,8.620452335573146e-05,0.3011770309930329
5.207783,1,3289.165766,True,True,0.0008589113372139134,8.492808988085722
4.852184,2,3292.0319,True,True,0.008512432283607306,8.618590192681586
5.817677,3,3296.033173,True,True,0.004491330817570455,5.134118590878534
3.148177,2,3297.655331,True,True,0.0001651045392282865,12.285240129657192
-11.728874,21,3322.372791,True,True,0.0027650294687467532,16.048050180785154
3.220654,5,3329.645267,True,True,0.002276387237939083,10.896767955247523
4.46811,1,3331.207054,True,True,0.0076044623555582115,9.832500426333945
9.549289,2,3334.242734,True,True,0.0010833747228399379,0.4943616403859894
2.275136,1,3335.721166,True,True,7.185129588134274e-05,13.782509801746215
4.434776,2,3337.293217,True,True,0.00021706429147975905,9.793621362837902
4.655904,1,3338.936527,True,True,0.0047409514712784635,9.491673256813943
7.180849,2,3340.536081,True,True,0.00013496090668978667,3.694346535184093
1.217337,2,3341.948028,True,True,0.010079822226083491,15.581245027637522
5.757113,2,3343.622772,True,True,0.0004294298024560797,7.468869780130359
-29.091608,54,3381.629563,True,True,0.0007309812045955466,15.445100863110875
2.01608,2,3384.119356,True,True,0.00010336322565591971,13.513694045867533
2.466087,3,3387.99333,True,True,0.002454064089632269,13.212293403358231
4.205239,1,3389.641396,True,True,2.0302968802704546e-09,10.301026634162247
7.514329,1,3391.06007,True,True,0.0003503028875730743,4.328628267089964
2.98714,17,3407.430948,True,True,0.006495963567404869,3.08042122694494
7.590596,2,3408.723606,True,True,0.009188713375885761,5.323496249656626
4.467874,1,3410.003226,True,True,0.004592603263283372,9.830753524090516
3.158765,2,3411.190255,True,True,3.310549022114321e-05,11.957190416589205
-2.02283,6,3412.626582,True,True,0.002821918199609505,14.810222601207757
6.335155,1,3413.889365,True,True,0.0067723430087498395,6.463549588119456
3.344547,2,3415.6345,True,True,0.0005126995978817989,11.727771794962207
7.212751,1,3417.005247,True,True,0.00012034148461678761,4.872952519744352
-6.569349,8,3419.891265,True,True,0.00973699188870832,14.733650005026334
2.791345,1,3421.146089,True,True,0.0014637098589292581,12.852474622660152
5.344025,1,3422.443381,True,True,2.5994664822637963e-05,8.245729999723252
8.504096,1,3424.135742,True,True,0.004697019781896131,2.5461070257851013
8.601417,5,3426.732362,True,True,0.002542580031844136,3.7409776004945496
6.357628,1,3428.049159,True,True,0.0006081730128973378,6.417301625034686
4.069067,1,3429.28742,True,True,0.009564561186927445,10.553498564303192
2.795587,2,3432.187807,True,True,0.0010006587755861827,12.720603476813668
-23.501457,60,3459.041877,False,True,0.017921563399228874,39.28848189334545
-0.727073,4,3463.064234,True,True,0.0049692639172594436,16.791401582611314
9.11845,1,3464.233298,True,True,1.9535263861026123e-05,1.4305663349998716
8.641046,1,3465.784798,True,True,0.0005139590617491809,2.2937554526964647
7.379564,1,3467.282505,True,True,1.0777598205761844e-06,4.571600567311653
4.56427,1,3468.480898,True,True,0.00021043021569654933,9.6503422143637
3.518366,2,3470.782361,True,True,0.004389822860293933,11.392646481758659
5.235325,2,3473.260264,True,True,3.2361592681093287e-06,8.324212458393193
6.24188,1,3474.453641,True,True,0.004928135073508236,6.630254186834658
9.620338,1,3476.140446,True,True,0.001493359851074141,0.525614449625273
9.080602,1,3477.86091,True,True,0.004698732796784943,1.5048690570586292
8.285045,1,3479.483252,True,True,0.0019239237730582842,2.9385243711308737
8.723895,2,3480.733321,True,True,0.007095629822296125,2.4252434100950526
-18.902968,60,3513.02165,False,True,0.038162107707358194,30.298385690450967
7.178039,1,3514.249274,True,True,2.747862649291402e-06,4.9355030590353115
7.485509,1,3515.813732,True,True,0.0002373147721146454,4.380545226957588
6.952399,1,3517.488502,True,True,0.002435547822194138,5.34543404462333
5.664874,4,3521.619282,True,True,0.00030777965773246853,6.225997326077896
9.443049,1,3522.893115,True,True,0.00010573867106696867,0.8429606167114496
5.595049,1,3524.039853,True,True,0.00948253565159576,7.801079359875988
0.384822,2,3526.583642,True,True,0.0025094481968206232,16.830058718197364
4.478918,1,3527.872094,True,True,0.0045712140001178195,9.810815767060097
-23.636827,60,3570.304805,False,True,0.0022206471167264524,13.035115197387722
3.072332,1,3571.9989,True,True,0.0042007618079063745,12.347527784975261
4.836281,2,3574.962788,True,True,0.0006386639256172584,8.401052018404284
6.780896,3,3578.194331,True,True,6.046530498987992e-05,5.133782593054405
2.867532,1,3579.894603,True,True,0.0005972775294997325,12.714488347543117
6.149443,2,3582.766196,True,True,0.004835447037603337,6.914978089089729
-40.146519,60,3652.621823,False,True,0.04264836752258931,30.675340327647636
4.25891,1,3654.208121,True,True,0.000153088138199497,10.204317783280082
-24.458793,60,3705.98795,False,True,0.021961586166626308,11.544271064397332
8.456375,1,3707.821282,True,True,8.554665543113871e-05,2.6268340567722728
4.393715,2,3709.464901,True,True,0.00014188384528666942,9.904493283498837
3.361596,1,3711.194962,True,True,6.939855148879737e-10,11.822936118014946
4.800478,1,3712.834566,True,True,0.0037472993067229838,9.230094044223069
-22.432726,60,3737.805313,False,True,0.005313521970604047,24.178938732016125
4.108836,6,3746.40638,True,True,0.002640589247374446,9.981184172403049
9.366337,1,3748.114376,True,True,5.785147283684719e-06,0.9826024287803664
10.015478,2,3751.07288,True,True,0.004774979816917173,0.49393636228822085
4.19448,1,3752.264694,True,True,0.0001347391581941217,10.320544266115942
3.232064,1,3753.579657,True,True,0.000545089521783742,12.056969819508769
2.101137,1,3755.20446,True,True,0.00045493060384233994,14.096532339765998
7.263573,1,3756.371459,True,True,0.009616456514400708,4.790615308592719
1.315833,4,3761.204305,True,True,0.00021370808718809437,12.413176005943512
4.63528,1,3762.914476,True,True,0.004824125538958385,9.528940329922936
6.259819,1,3764.207598,True,True,7.781011203891915e-05,6.5933410795973195
4.522366,1,3765.894868,True,True,0.004596654643289608,9.732459456987451
8.317419,3,3770.492874,True,True,1.6763516353848068e-06,1.8529514609873905
0.801046,1,3772.191903,True,True,0.0034880190796564357,16.442318392335203
3.855902,2,3774.797229,True,True,0.00025845737052443765,8.261890754317792
8.303928,2,3777.341199,True,True,4.912341530609889e-05,2.805658458868748
5.031817,1,3779.014965,True,True,0.00019244019351026694,8.80976804503818
2.252653,3,3780.51796,True,True,0.0001790607680682739,13.311107159005902
3.233985,1,3781.759295,True,True,1.3806463604760372e-09,12.053117413564765
1.556614,2,3785.160356,True,True,0.0023555802382889575,14.86749070959302
5.582195,1,3786.802646,True,True,0.004825290027573024,7.820571066845334
6.401534,6,3792.701399,True,True,0.008676256880510585,6.542724557343249
0.745663,3,3796.740593,True,True,0.00039490961351224766,15.754568980089063
4.486503,4,3799.318749,True,True,6.687190358043143e-09,9.010785549355477
7.802558,3,3800.709257,True,True,0.0044850154077140025,4.090162837711655
5.35818,1,3802.013666,True,True,0.00023716927743549273,8.220857563522522
6.156047,1,3803.266154,True,True,0.004944782974760177,6.785167343867151
7.96794,2,3805.642005,True,True,0.008127388228953286,3.931310629536586
8.098942,2,3807.260945,True,True,0.004960576234313818,2.8938203218932754
3.750025,1,3808.589447,True,True,0.005290578427654832,11.126050008797982
-3.816562,10,3819.528673,True,True,0.00020620499220445993,10.59866484674396
2.084332,1,3821.050405,True,True,0.004415986484337355,14.129229264550753
4.242842,2,3823.95097,True,True,4.1484671928911435e-05,10.395739590550766
2.570596,2,3826.30357,True,True,0.0013434135578964108,13.06602105247419
3.286648,2,3827.619843,True,True,0.0014643796348019107,11.82784232233862
9.905225,1,3828.793119,True,True,3.2134304803442537e-06,0.008635087812300848
-24.538738,60,3900.271111,False,True,0.018189535807575992,21.83341752666921
7.118585,2,3903.545672,True,True,0.004677594630685193,4.907981692008305
5.772807,4,3906.352783,True,True,0.0009544588809385164,7.068586840050789
2.668207,1,3907.529825,True,True,0.0034307093556579273,13.075810961164215
4.245675,1,3908.730883,True,True,8.646553708489737e-05,10.22695340701652
2.443317,2,3910.049266,True,True,2.441999793241197e-06,13.47716688139942
6.433236,1,3911.327774,True,True,0.001330813297746222,6.2815266497944515
0.844336,1,3912.649629,True,True,0.00025068093091707875,16.36254184711369
9.184368,1,3913.946994,True,True,2.1379077610022765e-05,1.3114553020177238
0.790246,1,3915.214055,True,True,1.9339470649915036e-09,16.45992272587939
-2.431277,7,3921.605337,True,True,0.0015045394283686193,13.170320223910133
-2.325564,7,3928.875081,True,True,0.009801361032036184,17.109277283752633
2.891175,1,3930.415637,True,True,0.0033024951994651917,12.67364250009719
2.251898,2,3933.274066,True,True,0.004096216363861681,13.878419179784126
7.196177,1,3934.544065,True,True,0.004551541884719175,4.9074726313324
9.205959,1,3936.197596,True,True,0.00014226474106886702,1.2688965805544812
-0.021248,1,3937.850043,True,True,0.0011813470954557424,17.923459896677077
-0.939654,3,3940.408938,True,True,0.0047016499323826524,16.596726103665294
8.931821,2,3943.539689,True,True,2.335468345314798e-06,1.1536912447413548
8.888778,1,3945.26953,True,True,1.193576839545775e-05,1.8454133791309701
9.126992,1,3946.746356,True,True,0.0016227834724323155,1.4172293863099024
3.407358,1,3947.956553,True,True,0.0004752962939335338,11.740733609116914
1.386341,1,3949.658937,True,True,0.0004985647249547143,15.385460508989548
4.04351,1,3951.295378,True,True,4.938676371763623e-08,10.592805134513512
6.242897,1,3952.571578,True,True,0.004430351577628338,6.627974366622448
9.183019,1,3953.853607,True,True,0.004770167911727424,1.31995590103716
3.570242,1,3955.259683,True,True,0.0014680686734405831,11.44764454151822
1.991116,1,3956.531309,True,True,0.009091233395828971,14.299866632951531
4.875234,1,3957.860317,True,True,9.649159396076662e-06,9.092163257101184
1.421469,3,3959.211795,True,True,5.4407074879624876e-05,14.732771677221756
6.727899,2,3960.454588,True,True,0.0052161770968094014,6.486027045375435
9.756401,1,3961.545199,True,True,0.001391852086636159,0.2795837069800881
9.362671,1,3962.80119,True,True,8.775814032903914e-05,0.9893378093267651
7.888776,1,3964.392876,True,True,1.5929486620035963e-05,3.6520042215146407
3.770901,1,3965.992677,True,True,0.0005317473839198819,11.084999197969625
7.564743,1,3967.293895,True,True,5.462251588156305e-05,4.237253662286932
8.269249,1,3968.957839,True,True,0.00388210990999043,2.9693005216480257
5.567791,1,3970.274607,True,True,7.825170604462955e-05,7.842425313459024
5.541154,3,3974.182246,True,True,0.004867715619244859,7.396608819785749
4.264069,1,3975.763109,True,True,2.8225362325162706e-10,10.194889127339637
-7.750778,13,3991.97466,True,True,0.006856280096470295,14.404615640617196
8.132812,3,3996.175508,True,True,0.0029273387532777256,2.600624301818696
6.652225,2,3998.880297,True,True,1.4503232468690043e-05,5.009203757238875
0.363429,1,4000.537955,True,True,0.005710703629772636,17.232259583820436
8.189299,1,4001.774416,True,True,1.1909942179196692e-06,3.1091774157666485
8.364381,1,4003.071321,True,True,4.798310091251004e-05,2.79297119645445
3.114421,2,4005.619737,True,True,0.002883686485579207,12.375694325978243
5.860706,1,4007.28768,True,True,0.006274618173365022,7.319243363462176
7.01975,2,4009.60429,True,True,0.0002550294324547,5.6497118294402755
5.647447,1,4011.099549,True,True,0.0013482073767916987,7.699816619445145
4.476712,1,4012.578647,True,True,0.003680813169614312,9.814127576396533
4.533217,1,4013.924856,True,True,1.5633725804372473e-05,9.709293989023786
-10.618786,12,4029.357372,True,True,0.009633120622164421,16.065965124699606
6.467411,3,4033.379776,True,True,0.0031558260363461774,5.759134188443173
4.983086,1,4034.608211,True,True,0.004828707122935764,8.901496793040655
9.467636,1,4036.135203,True,True,0.004580505810704988,0.8055667174924589
3.854854,1,4037.596641,True,True,0.005033789545441376,10.936806210170356
7.156147,2,4040.25289,True,True,5.249452416936952e-06,4.419061529655635
5.816711,1,4041.516316,True,True,0.006000426725329499,7.398397547002269
5.432866,1,4042.889826,True,True,0.006302619820149354,8.091199216498069
6.218296,1,4044.322657,True,True,0.009509958949095988,6.676699976499058
5.973817,1,4045.708553,True,True,0.004937987978645189,7.114007665149031
8.268398,1,4047.11501,True,True,0.00018239505288397077,2.966516595065085
2.023815,2,4049.816402,True,True,0.007407171430696647,14.143748560942873
9.474737,1,4051.143709,True,True,0.00010407941072291399,0.7841470979261614
0.650536,1,4053.248698,True,True,0.0011734573536838155,16.712434441980715
7.286777,2,4054.633859,True,True,0.0004304429991849792,4.199620722061892
2.449235,1,4055.910869,True,True,7.410124942930363e-05,13.468537646240385
7.839652,4,4057.170179,True,True,0.006317266380611454,4.909347584321742
5.553712,1,4058.452294,True,True,0.004972768220173843,7.872085275384419
3.54078,2,4059.695391,True,True,0.0032209369287649336,11.376944616958108
6.538508,5,4060.987147,True,True,0.0001746046289588946,5.2010266221439805
2.368489,1,4062.247989,True,True,0.009169482266123834,13.619582454440906
-19.649707,28,4076.44924,True,True,0.008500192140546134,11.171174187678393
7.814691,1,4077.902459,True,True,6.979766375933528e-05,3.785870333849772
3.339063,3,4079.077066,True,True,0.004798256438915753,11.50168521921081
7.619073,1,4080.374004,True,True,8.45310759299946e-06,4.139087116500631
1.07813,2,4082.751661,True,True,0.00025634515342078763,15.710230719338915
4.954815,1,4084.016127,True,True,0.005264298709660912,8.952837839992617
2.316776,5,4089.012549,True,True,0.0007889148867456126,13.331323296332526
-24.306903,60,4138.728668,False,True,0.014451121875747493,38.6635949414353
3.210837,1,4140.029631,True,True,9.913098013422428e-05,12.094940143725958
2.456037,1,4141.404907,True,True,0.0005264763931591525,13.456567337347868
3.02945,3,4145.242532,True,True,0.0002155536389944774,12.245725167938833
1.389813,1,4146.646951,True,True,8.196521856824925e-05,15.378956846551326
8.250751,3,4149.299172,True,True,7.781678392091741e-06,3.2150720269502924
1.283539,2,4152.764129,True,True,0.009106488093167203,14.804589055473118
4.307463,1,4154.105213,True,True,0.00044166079983514513,10.116949990814556
0.566918,2,4156.891322,True,True,0.003596900012138659,16.7483563400527
6.389555,2,4159.594291,True,True,0.004622581763121272,5.083823841950715
-4.845642,6,4164.691373,True,True,0.009440951151707858,16.730307566946262
-0.134329,2,4166.011191,True,True,0.004918550489583957,17.747918521437096
1.432955,1,4167.254544,True,True,0.0005323863004836477,15.301432501334995
7.545016,1,4168.548926,True,True,0.00010425985625534006,4.272935665108257
9.331381,2,4169.833828,True,True,0.00639620663740713,0.8025243895939123
7.895739,1,4171.084288,True,True,6.683881524657364e-08,3.6391010520825344
1.929047,1,4172.353648,True,True,0.0009569907536777084,14.407165240115217
6.962011,3,4173.726075,True,True,0.004801254058327744,4.603621772577165
4.611908,2,4175.125504,True,True,0.00965590125100587,9.64200961016321
0.899555,3,4176.378105,True,True,0.0005052697748874884,14.738270831737985
6.237122,5,4177.854961,True,True,0.005186295043767964,6.165573986376383
1.196619,1,4179.177321,True,True,0.000974689694963022,15.727805748583695
5.031095,1,4180.367333,True,True,1.2202238178216085e-10,8.8109062048902
4.950364,1,4181.596756,True,True,0.004749669537439953,8.960468465714241
2.379534,3,4183.031167,True,True,0.0036355151636241205,13.28510654066865
3.899303,2,4184.256569,True,True,1.37811218080151e-05,10.046492246525926
6.048208,1,4185.495563,True,True,0.00012327193128757082,6.970292486597694
3.107443,1,4186.612708,True,True,0.009480468646658639,12.286359129956342
-0.217227,3,4189.134313,True,True,0.003037564400198131,17.49029934355323
4.936845,1,4190.468564,True,True,0.002212629381060355,8.982832339317005
3.150358,1,4191.711023,True,True,0.004696359878498351,12.207137212753077
0.822144,2,4192.935507,True,True,0.0037163389510341104,12.570728366335603
3.595577,2,4194.288368,True,True,0.004956680805223062,11.280306038375107
3.72991,3,4196.835785,True,True,0.002938769272000919,10.822623558691845
4.785801,5,4199.466281,True,True,0.009526024984923704,9.411867124972476
3.134764,1,4200.754554,True,True,5.933956104264837e-10,12.232084376480262
1.580766,4,4203.517015,True,True,0.0005952570367173775,14.470406745379076
6.76107,1,4204.731546,True,True,7.110709968304908e-06,5.688368077181894
7.001262,1,4205.933771,True,True,0.0005094467395644932,5.2552329915991685
6.903306,2,4207.193316,True,True,4.501615657227255e-06,4.957429625758815
0.031415,3,4209.683283,True,True,0.008353900119781965,17.087588371880248
6.982095,3,4211.204231,True,True,0.0022221684402456143,3.934719933638454
7.810502,5,4217.666542,True,True,0.01097261425294678,2.094782496512314
-38.949095,60,4265.200853,False,True,0.01145153161198478,0.15183081018639943
-0.938546,7,4272.571268,True,True,1.3197191294206118e-05,16.25019919985016
3.401485,1,4273.945957,True,True,0.0008458784362604457,11.751242031660764
9.859355,1,4275.400672,True,True,3.391600122450156e-08,0.09154326877922263
7.456359,1,4276.7559,True,True,0.0003112386716354453,4.433267289012436
5.864076,3,4279.655515,True,True,4.3421884564122555e-05,7.235147230801483
5.818274,6,4281.047295,True,True,0.006109346387819915,4.9220487699175095
3.093944,1,4282.312156,True,True,0.009724240226377353,12.311941344375995
-28.117449,60,4327.898056,False,True,0.016171470651633067,56.965096247386654
6.595582,1,4329.128723,True,True,0.00027286460274837145,5.987407430825389
-21.088231,60,4369.851472,False,True,0.014062808009555951,22.76428581034568
9.441692,1,4371.138478,True,True,0.00015413687541887815,0.846625497949136
-6.886824,25,4373.075815,True,True,0.0020777006443262382,11.142947440896647
6.552744,1,4374.205329,True,True,0.00017351885599380633,6.064641401275464
7.115568,1,4375.500356,True,True,0.004561594314506262,5.052994689119919
7.268497,1,4376.740329,True,True,0.004918317252183989,4.7772842421288
-0.993744,5,4378.286193,True,True,0.003905873479725942,13.122192873184131
4.942797,1,4379.622614,True,True,0.009397665744138249,8.97757647297002
3.015108,1,4380.82224,True,True,0.004887300479409084,12.451161113780094
0.335199,4,4383.48289,True,True,3.500568323718651e-05,14.40846005641714
9.990398,3,4387.15108,True,True,0.0029810721144189144,0.06096881513008913
6.856397,2,4388.420724,True,True,0.0005297981969251452,4.983490102989632
3.990542,2,4390.941382,True,True,0.006717531774480791,10.252720309807543
2.254829,5,4392.328557,True,True,0.004787739622392977,12.247063481844462
4.104895,5,4396.408885,True,True,0.0013436567307640865,8.816654033653665
8.441835,1,4397.810601,True,True,0.004703107683690849,2.6585518184176657
6.710297,1,4399.21404,True,True,8.298258473376152e-05,5.780111746191401
8.497846,1,4400.435827,True,True,0.002511793225867101,2.5548612971917257
7.90632,1,4401.745525,True,True,0.004720098030681506,3.624862782580951
8.753892,1,4402.971839,True,True,6.031743384812133e-06,2.0892425917883934
6.410683,1,4404.210493,True,True,0.0005471125123589927,6.321468493974851
8.36936,2,4406.808678,True,True,4.7785040817295565e-05,1.9031904621651936
8.837019,1,4408.30775,True,True,0.005485013341684181,1.9457524645123327
-18.974575,60,4463.55372,False,True,0.015707330118329588,33.53873581837299
3.423954,1,4464.799242,True,True,0.002632902406178292,11.71232633869001
-34.733451,60,4504.909167,False,True,0.035915523111424597,29.22238870007049
8.317038,1,4506.337832,True,True,5.1736899647382775e-05,2.8784971996361923
5.175892,1,4507.646945,True,True,0.00480208811406883,8.553628288368914
4.337354,1,4508.925172,True,True,4.709775970265784e-09,10.062668496387142
5.522984,1,4510.443739,True,True,0.0007083735235428879,7.923860067759422
9.885009,1,4511.712363,True,True,7.297832152466498e-05,0.04527772842948395
3.999553,1,4512.905551,True,True,0.00036908333463137044,10.672391667758555
-7.354175,13,4519.874051,True,True,0.0031905410509690483,9.280931763233337
-21.933486,60,4543.912933,False,True,0.03009341430608659,24.195666508998123
3.187871,1,4545.21795,True,True,0.000439249951288162,12.136605973963754
7.48169,12,4549.302272,True,True,0.003297745113618045,3.71988173667671
5.04372,1,4550.725049,True,True,0.005457372117047657,8.792599207115117
9.09137,1,4552.019285,True,True,0.0003076004584437828,1.468365296503329
-8.761852,24,4571.660319,True,True,0.007005227618088162,11.280487319298821
6.455839,1,4572.964303,True,True,0.004670660155806631,6.243885082696095
2.754209,1,4574.264209,True,True,0.0036808896220837427,12.920880562032282
4.507398,2,4576.921435,True,True,0.0008737369810101988,8.586324146248707
-11.707469,16,4589.431527,True,True,0.002913950893596448,17.82316267979949
7.413033,2,4590.736362,True,True,2.4257241628221034e-05,3.5983598353134476
1.642841,1,4592.079424,True,True,0.00017886561975902866,14.922774048831688
3.618911,1,4593.466983,True,True,8.898698574670051e-05,11.35884357049468
-20.589924,60,4628.714342,False,True,0.018530972670250816,31.089763508300457
7.427388,2,4629.960175,True,True,0.004703615676713339,3.9532505306089973
8.638215,2,4631.211406,True,True,0.0028104680811345886,2.2728343188178664
10.216312,4,4632.525153,True,True,0.004632788539148532,2.0816909027726815
3.89904,1,4633.746078,True,True,3.9958868903598906e-07,10.85343577768376
3.362021,1,4634.956437,True,True,8.758268416064752e-12,11.822167979213539
2.381244,2,4636.220085,True,True,0.010221554594773263,13.718165021615276
3.871773,4,4637.670597,True,True,0.0026501393977407615,10.24311371964785
1.311582,5,4638.963138,True,True,0.000454181200667321,11.989388182846167
1.792687,2,4640.227323,True,True,0.004732155494532851,13.810960364870533
4.928556,1,4641.416405,True,True,0.0003311107905062151,8.996219373505388
6.890278,2,4642.759087,True,True,1.1351870503086003e-05,5.184327763282887
2.922856,2,4644.161337,True,True,2.450543001158989e-09,12.132221752603215
2.642363,2,4645.596072,True,True,1.1271096903020528e-11,12.77461915519612
7.225955,2,4648.357531,True,True,0.0004158337552116857,4.70466793808669
2.468955,2,4650.692513,True,True,0.0019521091718790289,13.312044979709876
1.885039,10,4658.388085,True,True,0.009693567380604798,12.547467315003814
5.65378,1,4659.749192,True,True,0.00929585001709745,7.6949866945155785
7.22639,2,4662.361076,True,True,0.0002725122745873953,4.931633211801072
6.018959,1,4663.621774,True,True,8.582443255401168e-07,7.028037594204676
1.720184,1,4664.945694,True,True,0.003021877872844905,14.7849933018534
8.327008,1,4666.095592,True,True,0.004858971747183825,2.8660876149944676
4.147177,3,4670.008874,True,True,0.00019156354346626988,9.791895956692633
9.733758,1,4671.211635,True,True,5.597663165919338e-05,0.31863736032841344
4.859262,1,4672.372537,True,True,0.0010970012360481734,9.121897207011125
-0.329288,3,4674.965855,True,True,0.0033321903206732168,17.24691766667599
1.223909,1,4676.189556,True,True,5.0538316280274685e-05,15.678073252747513
7.924761,1,4677.604329,True,True,0.002237571794351396,3.589071319667237
-6.654739,7,4683.831603,True,True,0.006080988328619369,15.517414978535133
5.635062,3,4685.272642,True,True,1.2342034706623248e-06,7.446836114642147
6.437496,1,4686.55683,True,True,0.004762981148550937,6.2757965762771475
6.220642,2,4687.839972,True,True,3.543304851182441e-06,6.537942476563424
7.032861,2,4689.170372,True,True,0.0018242821047577762,4.855165176309343
9.889105,1,4690.338835,True,True,2.134621268836366e-05,0.03779912976284617
8.67356,2,4691.635591,True,True,0.004733208818770938,1.8280867468915913
0.616363,1,4695.00482,True,True,0.0011216286452060496,16.774014178100405
9.882172,1,4696.18113,True,True,0.00012747798355518692,0.050483761813724055
3.643046,2,4697.559193,True,True,0.002446866677580863,11.0470895777678
5.196754,2,4698.935763,True,True,0.0048264055798464345,8.385570392592141
6.898487,7,4700.340979,True,True,0.002470239055280131,3.6182778882866584
4.992366,2,4701.534646,True,True,0.0001212050270170276,9.24118772453872
9.738417,1,4702.743061,True,True,7.903879832248627e-05,0.31024877083304586
0.472185,4,4704.039716,True,True,0.0002859522190244812,13.780605859925261
8.810594,1,4706.160115,True,True,0.005094766875868114,1.9930240781260433
-0.713543,14,4718.600009,True,True,0.004427657249112613,10.68465631236713
6.232305,1,4719.869495,True,True,5.286229629286425e-05,6.642982728344528
6.878049,1,4721.190015,True,True,0.0007526844530949406,5.4779434053451
5.658821,3,4725.204274,True,True,0.0021624625240703973,6.866288904471887
5.17599,4,4727.813971,True,True,0.007204229575602655,6.709921174767248
3.112878,1,4728.973582,True,True,0.00385807632039001,12.274182559366103
5.196792,1,4730.23519,True,True,0.0047818259649597995,8.515905354512363
0.30346,1,4731.621511,True,True,0.005081450288498818,17.34005430351315
3.01251,1,4732.912306,True,True,0.002951653949254871,12.454595316903388
3.618619,1,4734.212183,True,True,0.0003221511853367144,11.35954380850678
9.938605,2,4736.731348,True,True,6.1016224142413505e-05,0.3006888312774672
3.225225,2,4738.1723,True,True,0.0007114957546621326,11.682656390860185
6.196375,1,4739.448809,True,True,8.252923392239276e-05,6.70786923450972
-2.516576,6,4744.673312,True,True,0.002813669739892462,14.688825113113467
0.228083,1,4746.054282,True,True,0.004617792688163198,17.47569997209148
0.635777,6,4751.305169,True,True,0.0019063387149933111,13.06528799324456
3.418956,1,4752.616355,True,True,2.611903368320706e-05,11.719487994790754
4.978322,1,4754.027684,True,True,0.00537505793735981,8.910516387428828
3.937272,1,4755.468669,True,True,9.590629679312457e-10,10.78446456973779
6.954304,3,4759.223749,True,True,0.0023342330791785,4.24752198667866
5.732728,1,4760.549074,True,True,0.00019488644616192687,7.544849949886347
2.349975,4,4765.291566,True,True,0.004925642225102089,13.648509359193797
-16.972674,60,4799.734371,False,True,0.0023887791826423398,6.430998357062342
4.415594,2,4801.03879,True,True,0.0025930171072030142,9.794597668240323
1.70784,2,4802.370935,True,True,0.0008519560551815131,14.54866477858237
2.613151,4,4803.775794,True,True,2.0085282864919294e-05,11.604659499582874
9.35125,1,4804.966547,True,True,5.550396413679659e-06,1.0098661263512099
3.234146,6,4810.623729,True,True,0.004379062325822981,11.394220597823498
-23.081393,60,4846.711136,False,True,0.007896678973982075,10.410216237719094
1.185674,7,4851.413792,True,True,0.0003675066282662325,14.866223932488388
9.007295,1,4852.789527,True,True,0.0007880628372230582,1.6324161905504062
1.186039,2,4855.218772,True,True,0.00011797330730231419,12.002260025514536
4.260447,1,4856.578941,True,True,0.004600584763774687,10.204926685999371
-26.933375,60,4910.068417,False,True,0.03522685618825236,32.07050396546381
4.551683,2,4911.357208,True,True,0.00016347153241375728,9.544596534392225
4.353807,1,4912.690921,True,True,0.003710481165932906,10.035862813524592
2.30614,1,4914.056086,True,True,0.0029932859200702128,13.728437079234169
3.369133,5,4918.178517,True,True,0.006913319869399696,10.568349014551552
7.681903,1,4919.626971,True,True,0.001264897719164942,4.027034982449277
5.229815,1,4920.97736,True,True,8.56368317180725e-05,8.452376528655643
0.753191,3,4923.588397,True,True,0.003619311380930662,16.106355273073856
3.285958,1,4924.893355,True,True,0.003720718528116975,11.961949367756684
5.890263,1,4926.179917,True,True,0.004743424302187748,7.264613932798079
4.716882,3,4929.975681,True,True,0.005456081061909834,9.245538960377825
2.896553,1,4931.254923,True,True,0.004896304107827843,12.664958237955442
3.030775,2,4932.632797,True,True,2.3182304791091735e-09,12.21813681452725
1.698486,3,4936.537965,True,True,0.003610002041563351,14.426548981732212
2.787253,2,4938.164961,True,True,0.0003092743449357232,12.270304290498501
4.887121,2,4939.551883,True,True,0.004757014680853358,8.89515848383651
5.795024,1,4941.025605,True,True,0.00015708061006207565,7.432379254623557
0.240185,2,4943.570539,True,True,0.004162503127112298,15.289247068057398
2.305113,1,4944.954022,True,True,0.0012465873677178115,13.729202050387384
4.812477,3,4947.377678,True,True,2.582563358735461e-05,9.190630259085925
6.647962,2,4948.73483,True,True,0.0005768074199344738,5.751803017741341
7.588154,1,4949.988324,True,True,2.2863376258289853e-06,4.194917962007778
7.969064,1,4951.321225,True,True,0.007224673615046862,3.5148949519646226
3.440581,3,4953.970914,True,True,0.004538570377142963,8.440923034020258
4.660883,1,4955.406617,True,True,0.004551553320124703,9.4825477835286
2.097585,4,4960.158595,True,True,0.0001753196322871872,13.324924478819472
-29.934264,60,5001.372554,False,True,0.028667758175475656,14.909617822854855
2.041309,2,5002.769822,True,True,0.00467771908863282,13.809975967728866
5.732235,1,5004.15694,True,True,5.94180003906904e-06,7.54556543425112
0.860886,5,5007.920772,True,True,0.0031896747529468828,15.582530929999022
-21.363905,60,5068.187336,False,True,0.0037922671589968506,61.9866524625075
0.715402,1,5069.60143,True,True,0.0026976088596388052,16.596301035848693
3.137713,1,5070.964582,True,True,0.003015287957318556,12.228838746691158
6.808349,2,5073.577141,True,True,0.00459452586367284,6.000175673978717
9.738114,1,5074.962943,True,True,0.00013274447821126243,0.3108724307687007
3.030302,1,5076.298334,True,True,6.505004178760168e-09,12.420500940344688
6.86416,1,5077.519363,True,True,2.311018903075352e-05,5.502258684322658
8.840709,1,5078.843872,True,True,0.00016468064305584246,1.932592390157669
6.701826,2,5080.147584,True,True,0.003979878949736168,4.975348490865634
2.623766,1,5081.474601,True,True,0.00022514182949218408,13.153876431426884
9.459669,2,5082.844078,True,True,0.004576916641777847,1.3032889971372417
7.432568,1,5084.047341,True,True,3.3309393447053504e-05,4.475920482796334
-26.939885,60,5119.528438,False,True,0.025438820816168953,32.10002129970177
1.782741,2,5120.904934,True,True,0.001458588561684077,14.683362977127304
3.30459,4,5124.692739,True,True,0.0027244700015328013,11.22855376863818
3.270154,2,5126.020016,True,True,0.0025031976240679618,12.098763560509642
2.005041,1,5127.343316,True,True,0.004807097961964135,14.272418916072132
9.906843,1,5128.713912,True,True,9.821051343301274e-07,0.005707131156893077
7.7282,3,5130.047776,True,True,0.004817486736377441,2.781084239106319
9.212031,1,5131.38184,True,True,0.00236099000688604,1.2620653470234018
5.479279,1,5132.59441,True,True,0.0045179655689514195,8.006011146320034
-8.424779,31,5142.018644,True,True,0.007295447986667446,8.0345801784578
4.69292,1,5143.305678,True,True,0.004395920742031596,9.42463520769883
2.251376,1,5144.541779,True,True,0.0002628646634110837,13.825480486470578
4.469493,1,5145.723072,True,True,0.002025189294489665,9.825831078033238
7.128004,1,5146.835874,True,True,0.0009869056570444628,5.026900131659348
8.285247,1,5148.140188,True,True,0.000174249411204959,2.9360718725604937
2.30348,3,5149.432877,True,True,0.005163368039386052,13.252847434859161
2.775135,1,5150.732722,True,True,0.0029616206746464046,12.882686714164302
1.131501,12,5152.274155,True,True,0.00032237245221088985,9.251630176957036
5.517672,1,5153.416932,True,True,9.951065535666794e-05,7.932896611497888
1.188199,2,5155.755437,True,True,0.004095222730218814,15.589151249470982
7.816177,3,5158.317183,True,True,0.009303408435620488,3.77120584982382
4.848533,2,5159.543258,True,True,0.0002536382234206184,9.007808070263364
-25.40402,29,5180.90855,True,True,0.0048424277479799,17.638988374824436
3.787306,1,5182.194465,True,True,8.448995062609876e-11,11.055003719508225
8.784809,1,5183.388026,True,True,0.004808992254513044,2.039262004227984
6.692836,5,5188.539918,True,True,0.004790975661185192,4.42155339447144
2.389318,5,5193.328704,True,True,0.00915264152604063,12.578387666544444
7.792345,1,5194.71459,True,True,0.004682849809341493,3.8313155815919204
9.267141,2,5197.438646,True,True,1.2565478557296193e-05,1.6142449853845044
1.975713,2,5199.912868,True,True,0.002691974392138025,14.142794846751173
1.7302,2,5201.242884,True,True,0.004901600106094142,14.649967144091365
7.100094,2,5202.596972,True,True,5.659691131212896e-05,4.931872002191042
2.573497,1,5203.862656,True,True,6.969396084549606e-10,13.24438528515459
5.276713,4,5207.191626,True,True,0.0002437818793015736,5.79685065271154
8.434464,1,5208.419698,True,True,1.6966124524947848e-06,2.6663117918905357
6.995596,2,5210.945967,True,True,0.004636397944557318,5.261602139367736
5.434774,17,5224.705049,True,True,0.006352009752377362,5.293181291973881
9.799777,2,5227.172626,True,True,6.457237992156875e-06,0.7020248312725871
2.499761,2,5228.449313,True,True,4.259535181169727e-10,13.253827578830801
1.273186,1,5229.636902,True,True,1.0485932965909571e-05,15.589200638567478
6.18274,2,5230.807819,True,True,0.007110353958269392,7.086057003197937
7.793962,2,5232.026132,True,True,0.004838395123571766,3.0831707287874264
3.657627,1,5233.255467,True,True,4.801359067274635e-10,11.288938316832107
9.762302,1,5234.601615,True,True,0.00015800906197214765,0.2671915075750448
1.501749,1,5235.778891,True,True,8.362168266944905e-06,15.177080510021513
7.954468,1,5237.120022,True,True,0.004662829369307736,3.5385710417391096
9.667802,2,5238.309988,True,True,4.2782644151531483e-05,0.2763747280411836
-11.472,13,5249.51591,True,True,0.00947170478266236,15.80847605646211
8.119339,2,5251.046351,True,True,5.1530352574540896e-05,2.678655088311135
2.88449,1,5252.30705,True,True,0.0042813704781165494,12.686322960061588
1.184732,3,5253.526938,True,True,9.206936510584114e-05,15.36680763497559
-6.282722,7,5257.533117,True,True,0.0019446855277999203,17.87340570936097
7.966409,3,5260.034824,True,True,0.0017671115168872938,4.162957282405073
2.29538,2,5262.632972,True,True,0.004787021582438456,13.483765173650681
4.272546,1,5263.996981,True,True,2.8417846225873428e-06,10.179596464569059
0.214634,2,5266.828096,True,True,0.0006274529679110808,17.381929708531295
3.465348,1,5268.119459,True,True,2.5160673891577723e-11,11.635786325582872
3.110955,1,5269.368277,True,True,0.001047805155412725,12.275762012713063
3.820635,1,5270.567799,True,True,0.00544087842435504,10.998802894446301
4.675204,1,5271.702253,True,True,1.0755066663648005e-09,9.45308985915772
5.571986,1,5272.983232,True,True,2.8563921008651835e-05,7.834808184189829
2.978283,1,5274.262477,True,True,0.0007391350299395787,12.514837098488453
6.354562,1,5275.549113,True,True,0.00026806801519355886,6.4225007165595445
1.359096,1,5276.806909,True,True,0.001811351544453204,15.43533887843944
4.299515,2,5279.309067,True,True,0.00018270051290909676,10.000687059125722
2.147674,8,5286.1913,True,True,0.004979164636668976,11.313134833064277
2.942706,2,5289.00919,True,True,0.002339973044610106,11.863118072586875
5.802893,3,5291.617934,True,True,0.004305325815531558,6.628696910542372
8.886394,4,5295.495481,True,True,6.619274668157385e-06,1.8397401035720042
8.864227,1,5296.888224,True,True,8.475343030660927e-07,1.8898892912300749
4.225117,1,5298.184033,True,True,0.0016095044874848835,10.26642307806729
-12.717222,60,5348.068087,False,True,0.0008146601645290389,18.09170174616468
-17.641484,60,5367.260484,False,True,0.044961725826049924,17.24103696695612
3.435908,1,5368.477449,True,True,0.00026467383899273205,11.689083782221152
8.430828,2,5369.669679,True,True,0.0011031940053066302,2.522880505093766
8.277423,1,5370.822219,True,True,0.0002163409180188404,2.9502568572926537
8.126351,1,5372.064862,True,True,1.024030537524409e-06,3.2228794925124298
4.260939,1,5373.216702,True,True,0.0020744529185322495,10.202156324008882
0.917594,3,5374.542546,True,True,6.502653529586594e-06,15.731429778264374
3.048904,1,5375.900375,True,True,0.0019837975225165012,12.388313834285437
6.156298,1,5377.23084,True,True,0.004569298408598889,6.784381127297794
4.817007,3,5378.597949,True,True,0.00010057697816586537,8.687339391112088
7.925981,4,5381.4,True,True,2.4315281757669727e-05,4.5379737931928235
-0.284303,17,5392.382054,True,True,0.0017116463760696865,12.149137419039551
6.447155,5,5393.794542,True,True,0.004038399791202919,4.978131354844271
2.257322,3,5395.123768,True,True,0.004596635659575228,12.699258775273641
8.26547,2,5396.261284,True,True,9.896859285821354e-05,2.9272510417127076
1.729239,1,5397.441402,True,True,0.00035395559980425095,14.76709023633849
3.588076,2,5398.696596,True,True,6.369283653455513e-05,11.41923415541159
6.322203,1,5399.879996,True,True,4.6980486588245676e-05,6.4806962229308915
9.080626,2,5401.14632,True,True,0.004734124736005783,1.668151265689213
6.300824,1,5402.426998,True,True,0.004623847441372294,6.523607394668557
2.966654,4,5404.801287,True,True,1.1770176326642012e-10,11.804624493174005
2.08567,1,5406.059838,True,True,0.004532763482293494,14.12688592425667
7.564304,2,5407.317501,True,True,0.0005685062978187027,3.749725035361668
1.52325,1,5408.56616,True,True,0.004886053272357423,15.141089678265779
8.116981,3,5409.894883,True,True,0.002327667450099241,3.0426581696854145
7.964094,1,5411.145748,True,True,6.213076673589925e-06,3.515956439345185
9.841918,2,5412.410008,True,True,0.0045005643547900345,1.4724440729203612
4.751111,6,5413.816906,True,True,0.005106889834766502,9.511064763139693
-4.722466,19,5418.073768,True,True,0.008953971114504538,13.435343112720115
-9.547925,13,5422.443709,True,True,0.0006993570766575396,12.725321613867708
2.400596,9,5428.810043,True,True,0.00041861916458808563,12.284470358066468
4.944942,1,5429.927576,True,True,0.0027418696349510094,8.968654313484276
6.568409,1,5431.096404,True,True,0.00940004365305085,6.044892373983361
9.353074,2,5433.672715,True,True,1.8849007222534672e-06,1.0615156870174858
-1.167525,3,5436.095237,True,True,0.004355724136615257,17.607720542618136
7.482586,1,5437.494459,True,True,4.978583312446362e-05,4.385615013321126
7.721367,1,5438.866702,True,True,0.004754478582789476,3.9595415418271447
5.798314,1,5440.198617,True,True,0.009421090577212875,7.434339576013131
8.206628,2,5441.553931,True,True,8.27856876803399e-06,2.9266336363567573
3.652201,1,5442.896602,True,True,0.005741592814101994,11.30278146659182
7.099531,1,5444.318656,True,True,0.0006523415678285453,5.077954680780847
5.160394,1,5445.667771,True,True,0.0004221372826372725,8.577946112678026
8.265629,1,5446.925699,True,True,0.0014346133509102084,2.9730171233738236
7.312842,1,5448.24314,True,True,0.0026960518291108465,4.694968968690494
8.827987,5,5452.200474,True,True,7.837895398737048e-06,4.037629678948617
3.851757,4,5455.990966,True,True,0.0021672025844290503,10.348260043480343
9.204515,1,5457.27104,True,True,0.006700430113061313,1.2834340538337907
3.352609,4,5459.736255,True,True,0.0009538044171192341,10.973034493935334
5.992879,2,5461.011644,True,True,0.002528018941918373,6.935835244345759
3.925307,2,5462.246443,True,True,3.730646146872258e-05,10.57598862481901
2.337842,1,5463.473835,True,True,0.00039957324155525916,13.669637969522787
9.033858,1,5464.69976,True,True,0.004819627152277313,1.5894466428111689
7.99329,4,5468.613744,True,True,0.0005512275466690655,3.583871686441291
-9.665683,15,5481.628651,True,True,0.0009442573720770301,8.438977385411578
5.19788,6,5483.014374,True,True,0.0026008029657203537,6.070792826931828
4.559188,1,5484.324773,True,True,8.984770522891183e-05,9.662495918741538
5.032938,1,5485.630936,True,True,0.002526795788135014,8.80970987030737
5.854671,1,5486.854388,True,True,1.3603583412615146e-05,7.324587384044306
6.253122,1,5488.072622,True,True,0.006991630538738831,6.611767499049064
7.355829,1,5489.449675,True,True,8.732875627097403e-05,4.61455642916688
5.315321,1,5490.677308,True,True,0.004920603173962892,8.30216718621503
-3.909122,50,5512.229973,True,True,0.008218176631709137,11.125761267097134
3.23395,2,5514.554804,True,True,0.0009394605650540075,11.654049407382361
2.488963,1,5515.845851,True,True,0.009751067190792492,13.402703006211356
3.038426,1,5517.176356,True,True,0.000406433164935693,12.406132752048288
5.378033,1,5518.362888,True,True,0.001287267154848725,8.185956958213477
4.38032,2,5519.494011,True,True,0.0006090352415966068,9.526057788325549
4.608951,3,5522.044605,True,True,0.000842182385044847,9.2962508985089
1.316385,7,5523.524086,True,True,0.008578760394832536,11.956521120508311
7.438659,1,5524.762156,True,True,0.004820947432413355,4.470002858610303
4.934258,5,5528.371328,True,True,0.004513198027169511,8.327551817018438
9.103076,1,5529.689953,True,True,7.213216724725764e-05,1.4584160390668282
8.912717,1,5531.038106,True,True,0.002734002184250431,1.8057392094453917
0.145755,1,5532.287957,True,True,0.00014897034168242002,17.62189004293211
3.240175,3,5533.611493,True,True,0.005046046946479651,10.896612841432825
6.491741,1,5534.757732,True,True,0.0023313859930318096,6.176891490128832
-6.441384,21,5553.833276,True,True,0.009803285408794367,11.29172034474396
5.417478,2,5556.596102,True,True,0.009593845090197185,8.057590003547325
-14.525436,25,5580.267257,True,True,0.006991281929797835,16.594174326832356
3.326929,2,5582.937337,True,True,0.004828781261880303,11.765587621439657
-8.186462,8,5584.369031,True,True,0.006533077966838953,17.499004021044566
7.660331,1,5585.525926,True,True,0.0023641721944532793,4.067200134597833
4.691709,2,5586.778836,True,True,0.008685433329087219,9.38566539396808
6.504872,1,5587.954346,True,True,0.00010408025199886697,6.1509939215895875
8.415744,3,5590.262283,True,True,0.0046588736800545925,2.8601410358208295
3.564261,1,5591.585394,True,True,0.0023964894442217366,11.459094550308478
3.039845,2,5593.995577,True,True,0.0017048513750640175,12.26673998312421
4.414581,1,5595.210632,True,True,0.00023215246072256406,9.923520389752564
9.75722,1,5596.341219,True,True,0.00011431652293195614,0.27631383455979247
8.097942,1,5597.444734,True,True,0.004163410594585451,3.278961493833367
-8.202034,60,5615.509752,False,False,0.037611594152739576,25.137916404236293
5.042975,3,5616.846776,True,True,1.588321259906114e-05,8.766739621074862
5.32085,1,5618.15815,True,True,0.00468749120210905,8.292001641136157
4.257312,2,5619.413043,True,True,0.0020285603517197284,10.396322668711756
2.884122,1,5620.759464,True,True,0.0018969937699825773,12.685441072407901
7.076462,1,5621.971658,True,True,0.004755123570469615,5.123776292580269
2.864174,3,5623.197023,True,True,0.004880497754665879,12.633883025835416
2.425166,1,5624.486525,True,True,0.003143330391247926,13.513899127363048
3.104714,1,5625.588202,True,True,0.002708208444560978,12.288145759874098
5.420224,1,5626.782438,True,True,0.0005254276904888278,8.109144983509895
7.369984,3,5628.061723,True,True,4.020358711644698e-05,5.1275131867992805
2.94865,1,5629.291882,True,True,0.0007938137049519327,12.568320296772646
3.418243,1,5630.493373,True,True,0.003514204778138897,11.723231568689515
6.091065,1,5631.75031,True,True,0.00015738788028941335,6.89803514938312
5.008791,1,5632.98308,True,True,0.00010037356562015223,8.85123937675249
3.713974,1,5634.209183,True,True,3.9150489534317545e-10,11.187291455089397
-2.575587,7,5637.669946,True,True,0.0010801364225591012,16.00240867275322
5.014547,1,5638.708868,True,True,2.2692955466141473e-09,8.840766357806496
9.312121,1,5639.809441,True,True,3.405092701332449e-05,1.0806156413949655
2.251895,6,5642.540895,True,True,0.00461386287243882,11.33538400689605
9.855448,1,5643.806109,True,True,1.8364822119416695e-05,0.09863111571605909
9.78463,1,5644.942898,True,True,0.00020140155502481986,0.2268958304089156
6.304265,1,5646.14614,True,True,0.000835791238734263,6.513851596421887
7.403679,3,5648.536216,True,True,5.804012880074869e-06,4.023694961616348
3.415936,1,5649.614454,True,True,0.009314363414207636,11.731113273969568
-11.604726,28,5665.964859,True,True,0.0023470610924409205,14.441708583748847
4.333046,1,5667.177615,True,True,0.0005088262088333816,10.070847101650777
1.655612,1,5668.33533,True,True,0.0045724013606553895,14.902287217915154
9.836734,1,5669.597402,True,True,5.670904440801053e-06,0.1286001290324033
9.867503,1,5670.937303,True,True,0.00016249699933982512,0.07705001677483214
1.389819,1,5672.086352,True,True,0.004209861267195692,15.381277743449306
-2.285291,13,5682.590915,True,True,0.009638368124336293,11.987242981105835
1.044071,1,5683.944348,True,True,0.0010215041677807783,16.00286627959629
4.228048,2,5685.276006,True,True,0.000629121777099572,10.150284135543766
4.089973,1,5686.670867,True,True,0.0030048428695862903,10.511265857520485
5.97378,2,5687.969508,True,True,0.004617753765373116,5.654476978446004
6.756633,1,5689.150971,True,True,0.00010071220170045428,5.696474507372378
7.71612,2,5691.383667,True,True,7.760095428521307e-05,3.820428342399221
4.558044,1,5692.524741,True,True,6.483017231106308e-05,9.664539108316449
5.211949,1,5693.84134,True,True,0.004718642641470084,8.488508791575896
1.046577,2,5696.352339,True,True,6.87778048381292e-05,12.490429405588639
-21.006541,60,5754.543307,False,True,0.008004249970497899,26.037922811924485
5.323652,1,5755.897907,True,True,0.009678759035494283,8.290800388460369
6.278001,1,5757.146057,True,True,0.004742972153996439,6.56490228578217
3.035682,3,5759.989122,True,True,5.1562231146187916e-05,10.357900819923898
-20.377095,60,5822.249993,False,True,0.004477887606534656,15.964020577577651
3.162653,1,5823.900103,True,True,0.0009941105493162655,12.182478973314401
-10.692748,60,5867.477133,False,True,0.008968965258469769,8.724498599705846
4.14186,1,5869.0332,True,True,2.8830637460730557e-09,10.415371242267387
8.671727,1,5870.236539,True,True,0.0003221676378929899,2.2376898784980814
0.807846,1,5871.706926,True,True,0.00243133833725685,16.429507260465616
5.554749,1,5872.815844,True,True,0.006142050730860833,7.871170593530717
1.868207,2,5875.546638,True,True,4.74269717044163e-05,14.177738371148429
2.918547,2,5878.439265,True,True,0.0027990025837692513,10.531759401321436
2.787445,6,5887.351035,True,True,0.0018661193757774576,12.449977695729887
4.92614,1,5888.993107,True,True,8.150691604128955e-07,9.000298133234244
6.48681,1,5890.619664,True,True,0.0001958501794640244,6.183694169059316
3.188571,2,5893.741291,True,True,0.0006448462401764856,11.717128489043185
4.086867,1,5895.291573,True,True,0.00021546605219516408,10.514754001441602
1.14053,2,5898.476489,True,True,0.0024858488438497138,15.908266151969864
8.884402,1,5899.705806,True,True,7.149099064780381e-07,1.8534363094381758
4.481384,1,5901.354915,True,True,0.0044737316925270105,9.805854397428167
9.898906,1,5902.56811,True,True,8.605574430927375e-06,0.020066168840410924
9.606251,1,5903.781127,True,True,0.00019562597383671575,0.5492846304426188
2.62147,3,5906.264591,True,True,0.00026535351274006077,12.718390745640756
7.997337,1,5907.875781,True,True,0.001461977809094104,3.457609440389174
-10.370357,19,5925.955152,True,True,0.00665239781970513,10.434974587346627
4.766368,1,5927.476942,True,True,2.373238526625493e-06,9.288597883277639
7.691698,1,5928.687285,True,True,0.002772769669968307,4.011003633356551
2.58493,2,5931.363011,True,True,0.004813930901781829,12.822506508905738
2.569392,11,5941.573783,True,True,0.00014325348551759518,1.9100544993902313
3.811401,4,5946.741752,True,True,0.005054726688509198,10.506682463726916
6.956712,1,5948.258277,True,True,2.408955986077377e-09,5.335129933888186
5.223067,1,5950.008391,True,True,0.004531635044011112,8.468299820425493
4.100459,7,5952.899213,True,True,0.004613327705827283,9.511646694617978
8.035072,2,5954.129944,True,True,1.3047095902508563e-06,2.9981929948626926
6.512415,1,5955.265182,True,True,0.004732602880415831,6.141834078166918
2.513926,1,5956.392132,True,True,0.0045048484519745816,13.354679336808198
9.162552,4,5957.70555,True,True,0.0023915177217911036,1.876402013713827
4.125384,1,5958.911415,True,True,9.771701965612806e-06,10.445103198132443
5.422022,1,5960.08868,True,True,0.004206494783694075,8.109064577269105
3.775091,1,5961.214433,True,True,1.4794367506612213e-05,11.077051264172548
4.507339,2,5962.447434,True,True,4.7220873372339454e-05,7.985700673305398
2.754788,1,5963.576873,True,True,0.0005457860685054716,12.917791135778677
4.278015,14,5965.34518,True,True,0.0008545043983166402,9.559435057572303
-15.546655,56,5995.166019,True,True,0.006700154795724833,11.846693741312732
3.369451,1,5996.385737,True,True,7.900004032127678e-05,11.808824601726895
5.144309,3,5997.694228,True,True,0.004587484693092719,7.413398517437847
2.708441,1,5998.875142,True,True,1.335445885819464e-09,13.001010912824224
5.851503,2,6000.384839,True,True,0.004587941658437937,7.713209384757059
1.727479,2,6003.306782,True,True,0.0012731585920007001,14.605523884611186
8.56284,1,6004.870925,True,True,0.002401609507675361,2.437337360393705
4.827742,3,6006.051798,True,True,6.799849570651023e-05,8.680238245325777
1.056462,4,6008.585454,True,True,0.0005596866853421608,14.266886543785581
7.439788,1,6010.16816,True,True,0.004517399478559236,4.467657771491345
6.732571,1,6011.685702,True,True,6.083032995995476e-05,5.739876127311418
-15.230076,60,6051.821686,False,True,0.0020003045453685694,28.37018654132295
5.528127,4,6055.670557,True,True,0.0051743924403684066,7.520740922674923
3.511228,1,6056.847512,True,True,1.6414692067395764e-08,11.553024250833465
1.078007,1,6057.925905,True,True,5.184395708376314e-05,15.941135487439194
2.620433,1,6059.568031,True,True,0.00015917811723526257,13.159579472538134
1.031131,4,6064.52815,True,True,0.004712511833133141,14.30659727237899
3.99631,1,6066.002364,True,True,0.00028696304687136215,10.6781793575615
0.918298,1,6067.545417,True,True,0.002552539091435404,16.230451185950255
3.955151,1,6069.10429,True,True,0.00031154932168102854,10.752449445999902
7.936273,1,6070.705325,True,True,0.0003016620184144083,3.5665525614669615
2.215598,1,6072.328693,True,True,0.004985846566629872,13.892882160573514
6.657619,1,6073.530868,True,True,0.0006204793364733736,5.875762860793636
5.146432,1,6075.078556,True,True,0.002299551001454999,8.604739957030064
8.623957,1,6076.237383,True,True,0.004737891171971145,2.3296870364414395
3.7223,2,6078.003698,True,True,5.6538974890774085e-14,10.952583008346803
9.347265,1,6079.149228,True,True,0.004332036679923854,1.0227117694452688
6.605184,2,6080.319532,True,True,7.67267363435166e-05,6.540901687292841
3.926854,2,6083.189318,True,True,5.1582573290243506e-05,10.674356949035397
4.125263,1,6084.757735,True,True,0.0037158430891858878,10.44812978445982
1.735546,2,6087.700237,True,True,0.000673142306904009,14.635380976922367
5.288387,1,6089.371462,True,True,0.0013991140885853044,8.34782437200495
5.47378,1,6090.930036,True,True,0.00479701870542012,8.016164265510398
9.038224,2,6093.741498,True,True,0.0027552127265167967,1.5529770629541562
1.710749,2,6095.341033,True,True,0.0004928922445713337,11.213543323447904
7.866503,1,6096.485631,True,True,0.009309250578947888,3.7021071292311527
-0.525326,3,6098.809547,True,True,0.0005397909155350497,15.074123608403442
8.640377,1,6100.248231,True,True,0.00015097314149959936,2.2945079294390682
9.818049,1,6101.510018,True,True,2.5933346288290263e-05,0.16624168455133026
-18.576174,60,6135.146951,False,True,0.015459897060240969,77.21336984192745
0.253815,1,6136.339443,True,True,0.009601996857022448,17.431580352024717
5.123164,4,6141.080152,True,True,0.00915318296499312,9.013996720062469
5.995385,2,6142.458648,True,True,0.0006099274260848867,6.514308309780871
8.272071,1,6143.526011,True,True,0.001982606799238713,2.962024792716007
7.356267,2,6144.758883,True,True,0.004846442110130843,4.0736538367194575
9.632868,1,6145.973488,True,True,0.0033523989040049234,0.5054585062582239
5.310834,11,6153.686946,True,True,0.002389829076868494,3.1651090832534496
3.043436,1,6154.774458,True,True,0.00013456255052328014,12.396906447856178
0.194802,5,6156.089374,True,True,0.004869496987125701,17.07779574054409
7.271991,2,6157.32699,True,True,0.00019795725307580891,4.62079491484204
5.905834,4,6158.578478,True,True,5.6816634816819235e-05,5.000763807410249
1.187384,1,6159.704832,True,True,0.004285981948304934,15.746268688905051
5.678985,3,6161.817398,True,True,0.0009493969098951522,6.2278726632730015
2.655237,1,6163.51729,True,True,0.0002552773952688124,13.097138507619325
7.714446,1,6165.225018,True,True,0.0046211890168063605,3.971897253882784
2.785243,1,6166.897578,True,True,0.0038558340288427032,12.865028336930155
-29.205432,60,6189.571885,False,True,0.011957484910411383,35.72986294728558
-7.989799,8,6192.039501,True,True,0.00950857997365233,17.806165248351483
2.495015,1,6193.145214,True,True,0.001631620439508541,13.386989765346158
2.889979,1,6194.454553,True,True,0.0014701478892453386,12.674593555957518
7.58942,1,6196.068447,True,True,2.2965917329398865e-05,4.192654228735258
7.452005,4,6201.573538,True,True,0.0019008077165031311,4.158377135945592
7.039946,2,6204.291505,True,True,0.00565814307625348,6.47921586991257
9.502986,1,6205.444537,True,True,0.00015733570408502356,0.7358591173753316
1.23028,1,6206.659494,True,True,0.000360944007718929,15.666764450941283
3.643737,4,6207.962139,True,True,5.1185612141512425e-05,10.292964589361087
3.131248,2,6209.123203,True,True,0.004166060756603378,12.229891145054985
8.66993,1,6210.261513,True,True,0.0026858325005245706,2.244243165123667
9.043028,1,6211.47527,True,True,0.004821359892219173,1.572884606303182
8.989761,1,6212.649896,True,True,1.1199873556149873e-05,1.663083971387413
4.364673,1,6213.875221,True,True,0.004477002870651601,10.01683012220616
3.166969,2,6215.212006,True,True,0.004621495792414763,11.798478101864415
6.829953,1,6216.399598,True,True,3.7289643634863534e-05,5.56403412376237
9.185687,1,6217.537328,True,True,1.1648926409789546e-05,1.309059398118192
5.139616,1,6219.139045,True,True,0.0007419623072890688,8.61391098517875
1.545337,1,6220.391771,True,True,1.247678781471362e-09,15.09848078386939
9.118393,1,6221.631577,True,True,0.0002528229931010378,1.4309784908462488
5.352172,5,6226.928973,True,True,0.0023885904890760218,6.1551972155131525
9.046509,1,6228.578257,True,True,0.00013555933424828047,1.5607107701788874
3.538507,1,6229.768702,True,True,0.0012105717629123484,11.504701689930972
7.092201,3,6232.084246,True,True,0.00015433138934783583,4.801182194285562
6.6584,6,6233.872851,True,True,0.002472661397117019,4.202718572764997
4.661143,1,6235.093112,True,True,5.101498782696112e-06,9.478465747180092
6.46063,3,6236.286007,True,True,0.00017957142193172904,5.950546693851094
2.399429,1,6237.559063,True,True,0.004919277217920984,13.561381841731471
7.253164,1,6238.699544,True,True,0.009212401151696265,4.8090344822384425
4.726002,3,6239.834835,True,True,0.0023519263291606404,9.373281570427814
6.627013,2,6241.063056,True,True,0.0089646365706998,5.273549939377034
4.567111,3,6243.215991,True,True,3.200057302688497e-08,9.74841149713526
8.27739,1,6244.381073,True,True,3.385787503960673e-05,2.9500943086349554
1.949315,2,6245.538033,True,True,0.005386455752900223,14.304469325302119
3.66262,1,6246.755139,True,True,0.00030673529197828685,11.280160039405356
3.658363,1,6247.998596,True,True,3.871268362300173e-10,11.287610408550814
6.301037,2,6250.232097,True,True,0.005265614798222551,5.86668651812697
4.820685,1,6251.800338,True,True,0.0002548290760723505,9.190800880719662
9.451307,1,6253.460074,True,True,0.004720439630503609,0.8352412514501946
5.933922,2,6256.195209,True,True,0.0006829862767716963,7.044656235530631
9.897717,1,6257.386742,True,True,5.426229240699555e-06,0.022209544816172756
7.323514,1,6258.55934,True,True,0.004794447634118525,4.676345933025615
6.219167,13,6265.788857,True,True,0.004937726210404869,4.24060345473034
-17.564578,60,6290.683626,False,True,0.013310008885507426,43.0650053356927
8.715157,1,6292.041271,True,True,2.948162666647526e-05,2.159254877974853
0.267375,4,6295.886052,True,True,0.004662270261818908,16.398158924783075
-1.736259,3,6299.896952,True,True,0.0003755972603482153,16.64936183629763
7.772335,1,6301.511745,True,True,0.0003538244546884362,3.862693282574673
3.184458,3,6304.079752,True,True,0.0001390613644831817,9.85884998761569
8.909682,1,6305.275243,True,True,0.002090777574062923,1.8104235147360008
2.333316,1,6306.50912,True,True,0.002994775628751497,13.679433843695808
8.427011,3,6307.697385,True,True,0.0022958341511857385,1.7426913235760013
3.001697,1,6308.924884,True,True,0.004447396851700747,12.473701040036907
4.325533,1,6310.043131,True,True,1.1795556271374088e-05,10.084004828279905
2.675254,1,6311.385421,True,True,0.00016731519893756143,13.060978103226287
4.606742,3,6313.894562,True,True,0.000860302892876026,8.82626992936089
7.310909,1,6315.599208,True,True,8.445555978670374e-06,4.695584650098928
4.081766,1,6317.331029,True,True,0.0002978396390233215,10.524020620294653
9.816522,2,6320.122882,True,True,2.1001174764065725e-05,3.49103440517567
2.138758,1,6321.362187,True,True,0.0001952528099558046,14.028526066995525
6.106957,2,6324.254784,True,True,0.004045281701811083,6.342948866309713
9.572232,1,6325.91754,True,True,1.2409190649907871e-05,0.610511267558532
4.264725,1,6327.026904,True,True,0.005052542952544957,10.197536860447343
2.930214,2,6328.341554,True,True,0.0023646573537440033,12.26134991187938
0.961223,1,6329.467444,True,True,0.0014262090424915497,16.15245587254537
-19.263634,60,6373.721488,False,True,0.02035769486526387,23.756649769122134
4.903004,1,6375.343832,True,True,0.00233944257222801,9.043995530547798
4.400299,1,6376.798887,True,True,6.136341434981318e-13,9.949101920317386
8.580014,1,6378.446877,True,True,0.0042580496981676,2.4084981854432037
1.903134,4,6382.414896,True,True,0.0002026901557472139,11.437456681294385
-0.874166,2,6385.582907,True,True,0.0012555998098540619,17.067232028508272
4.241509,2,6387.265749,True,True,0.0007614759972863552,10.141902940895642
-18.30012,60,6414.830307,False,True,0.0011331916040902808,26.702341146853797
6.978523,1,6415.981914,True,True,0.004700430229200086,5.300510233978016
8.707961,1,6417.24235,True,True,0.0031340241661311596,2.1760861839277243
