#{"t_start": 1785277330.2408612, "env_id": "None"}
r,l,t,success,freeze_attempted,d_m,alpha_deg
1.016261,2,3.446803,True,True,0.000489445378728923,15.692779091406155
7.76435,8,7.110695,True,True,0.0003064327959085428,2.2891080356025695
2.166222,5,8.439065,True,True,0.00472753023735714,13.621952523102205
4.620251,4,9.813409,True,True,0.009487853553049047,7.775861949081336
-2.48927,24,13.625915,True,True,0.0006914505249928822,15.355732865583294
6.333145,15,16.37135,True,True,0.002392543261902011,3.788596128982939
2.620756,7,18.927099,True,True,0.009444370464613107,9.710125872233231
8.052615,20,25.302553,True,True,0.007421987087384648,2.1946647703757116
3.155367,3,26.555302,True,True,0.004658547591333974,11.004720479563181
-13.098004,60,39.087147,False,True,0.013676527644611611,51.946251877987116
3.719334,13,44.016136,True,True,0.01039402612372466,6.571619729924611
6.356628,5,46.283091,True,True,7.424967452297499e-05,5.60374937810851
4.891016,20,55.803962,True,True,0.004394334904299109,5.315258910261543
-12.786701,60,66.088043,False,True,0.0035403099238477424,67.85173307401702
8.888338,29,71.956346,True,True,6.991580563003343e-05,1.6173218292682223
2.555963,6,73.379143,True,True,0.0006069309279973286,11.02727113953068
6.26423,14,76.513632,True,True,6.273201518648599e-05,4.234146849848043
-11.121761,60,83.960518,False,True,0.010014157762626886,69.07895948349024
8.478952,3,86.873745,True,True,0.00062985397954881,1.7099806119127106
6.043061,2,88.083729,True,True,0.0009871013040466633,7.989883198502657
9.057082,10,91.916886,True,True,1.5967818917969438e-06,1.6006970900945194
2.404332,5,95.456661,True,True,0.00018622818789307098,11.308843785885797
5.140903,11,99.921711,True,True,0.004772546014000753,7.8759370579786125
-1.810064,12,102.501426,True,True,0.01141025765168777,15.426238034563267
7.998969,6,103.739842,True,True,0.00450834403574395,2.6127974767953193
2.086569,3,104.856507,True,True,0.002855005129334831,13.327128008554297
3.350254,5,108.61673,True,True,9.118607952052216e-11,11.250385786372396
6.40382,5,110.717415,True,True,0.00018406739847477227,6.001079435377533
8.626846,2,112.598124,True,True,0.0031451953313694878,2.4545239222616924
0.620225,5,116.03399,True,True,0.00918443202702357,14.632925031210707
0.548306,6,119.239966,True,True,0.009495041197033293,16.210069697933218
-0.480183,11,132.720668,True,True,0.002049872135583705,14.184312626435792
-13.80487,60,159.135989,False,True,0.006873047404924576,33.03495708132965
2.442282,5,162.0488,True,True,0.002798205434418467,12.843516203182734
2.365776,14,169.986349,True,True,0.0016766386027552115,11.897420236252056
-0.453412,20,177.525674,True,True,0.007097528160333931,12.422513465837914
-2.598364,5,178.635715,True,True,0.0044477252387107235,17.22915846636054
6.408529,3,180.52093,True,True,0.002071964878418597,4.972954353406977
0.210168,14,184.30953,True,True,0.0021574031851743294,15.36979373365442
-18.227285,60,197.303762,False,True,0.007137696648430607,73.794666098411
2.695175,4,199.523048,True,True,0.004739967375054825,11.784247873476271
1.492514,8,203.321384,True,True,0.008622722989689961,14.063002306431832
-25.515496,60,220.299364,False,True,0.02374930936315759,20.597725129391222
6.252149,1,221.971331,True,True,0.004791648696846153,6.611600567727785
-16.858756,60,233.408257,False,True,0.023899559376462123,13.447356013379823
-0.557137,27,254.069832,True,True,0.005213656118220262,15.200183908435967
-1.262293,24,259.352044,True,True,0.004472794440657938,15.652320691233538
-6.578515,23,262.17671,True,True,0.004810938145604742,16.131673751874235
-26.730488,60,274.307953,False,True,0.009259311799287042,14.058027008349015
1.97433,1,275.492218,True,True,0.0024328613788709283,14.326404619029628
2.256884,19,280.140415,True,True,0.004404270971663512,7.230976999542193
5.938896,16,283.831559,True,True,0.007257010608053687,3.1005113878687456
4.835115,11,288.684527,True,True,0.00460964610060082,8.269062659081868
7.375175,6,289.959425,True,True,0.004069003771978404,4.779981080601897
0.666069,3,293.354512,True,True,0.00038266945726974505,15.990309322805743
-18.546613,60,304.324947,False,True,0.004502051755938465,38.1210167404497
4.797687,4,306.684931,True,True,0.005087090831764768,7.56276144354927
4.392518,17,309.007718,True,True,0.0070832401492455085,6.576202298539013
7.903169,1,310.040855,True,True,0.0011789688467463743,3.6272205356545397
-25.74309,60,334.773746,False,True,0.010037602199950129,63.361488397368205
-2.096063,6,337.955234,True,True,0.007124337097925093,16.864499306242273
2.502639,1,339.563188,True,True,0.004856949258460809,13.375244195336354
-18.682488,60,361.183483,False,True,0.016468149682758264,12.634197412013748
-0.395249,4,362.367983,True,True,0.000514269438434549,17.78491075371393
7.550168,10,363.749477,True,True,0.002300860440617959,3.353077590907365
2.319434,10,366.208998,True,True,0.004631438858961671,10.45292742257537
3.793847,12,370.788754,True,True,0.002348475320647583,8.484781382244623
-34.125442,60,384.485115,False,True,0.008823279886386202,31.687629746928923
-0.748863,9,388.178726,True,True,0.002798021480401776,16.19953282652815
7.323571,7,390.10303,True,True,0.004674040335145806,2.9115335479417954
1.862297,10,396.128468,True,True,0.004239026791453959,10.943371900284948
4.89239,1,397.173326,True,True,0.00016432658700170875,9.061338568880002
9.805271,1,398.619584,True,True,2.962857087359435e-05,0.1798120523871747
1.989044,6,402.722813,True,True,3.249686551072111e-05,12.006345310631158
-12.273455,54,429.246023,True,True,0.0012541180198289564,10.343624967083322
-24.470998,60,452.949781,False,True,0.01079725064714726,25.950818648937897
1.194816,13,459.264631,True,True,0.007562846480213471,13.525991812124674
7.765344,7,464.714037,True,True,0.001506703274723983,2.8523721565674247
0.714402,7,467.375655,True,True,0.000126893704880714,13.91315445576391
1.310897,4,471.063316,True,True,0.000292309899137172,14.94689036502932
-32.610907,60,501.471771,False,True,0.0072729264518998065,19.196168837845217
1.454233,10,503.843184,True,True,0.0010305342477953464,14.245665310827837
6.237191,4,507.658889,True,True,2.9692503530379284e-05,5.76312590975025
2.108992,8,512.213442,True,True,0.0009324275487694964,12.994819642034543
5.275585,2,514.515094,True,True,0.011210116083308283,8.332344519555779
1.000332,5,516.312697,True,True,0.007253381902264849,15.259358848260582
5.42906,1,517.976622,True,True,0.00024926348852203056,8.092953221218746
-0.804522,13,521.834375,True,True,0.0002548838576022117,16.657037351040103
1.902247,2,523.402018,True,True,0.004655256302247498,14.507182045374584
-5.623135,39,539.407846,True,True,0.0017874374185979543,7.522668994604104
9.112192,1,540.749944,True,True,0.00019743194542709824,1.4421102864831032
1.863833,4,542.400897,True,True,0.009831590704654506,12.532532393672343
7.855274,10,548.725847,True,True,0.0005036223823768442,3.6900388490890195
-23.318259,60,560.831881,False,True,0.016905954784072304,34.641315499928645
2.697772,2,561.967827,True,True,0.0015966484918557775,12.942951531108944
6.232844,29,576.69247,True,True,0.004992651036598083,4.881391679066613
6.467013,1,577.77855,True,True,0.0003762248833693834,6.219612287153538
4.859493,6,580.026559,True,True,0.0027958051650107795,6.544763925522584
0.646648,8,583.531832,True,True,0.002071905059925082,12.500327185190935
-24.779494,60,614.194956,False,True,0.023902239381304424,13.113549282413791
1.643839,6,616.467488,True,True,0.0018045856539904634,14.394491823058008
5.701893,9,617.903797,True,True,0.0025511869268075435,5.330892020949104
7.826121,10,621.312444,True,True,0.002225002460946218,2.727252088388338
-25.110242,53,634.222837,True,True,0.001088121812934429,17.71701902662873
2.92736,31,645.90954,True,True,0.002526236694005623,8.01874515006859
6.434339,8,648.216714,True,True,0.009328888255031136,5.012868116991045
4.547489,2,649.337369,True,True,0.004842244243530155,8.857352264707623
3.343053,5,650.562717,True,True,6.090270128489284e-11,11.213422935750842
6.67185,4,652.77104,True,True,0.004574585913215528,4.8763716104847505
5.29773,2,653.890135,True,True,0.00430477824140537,8.017182232206025
4.907724,1,655.031255,True,True,0.00518642035616927,9.037731333856774
-1.045968,35,666.962951,True,True,0.007445469699358268,1.4687584430464828
2.716563,2,668.73167,True,True,0.0014541426575635057,12.940848263595498
5.326349,12,672.18732,True,True,0.0048996185975703,6.187760853106812
-26.128783,60,697.868651,False,True,0.05557566850595306,49.01937371178596
8.04286,5,700.107857,True,True,0.00020000735551287292,3.1322878167633332
5.565064,2,702.340194,True,True,0.004723781080625378,6.418251349563739
-22.839209,60,726.528142,False,True,0.008567081266813608,15.123677016516409
6.064742,2,727.64759,True,True,0.003823552966029851,6.616500757260352
-7.657238,41,737.112617,True,True,0.0003830829493454129,14.082672299577538
5.777197,1,738.229226,True,True,0.00011968925482981358,7.464519458115917
0.693657,12,741.669607,True,True,0.006053426218735102,10.528958179082302
4.06648,1,742.724442,True,True,0.0001306270636378655,10.550762275144873
5.253477,9,746.115798,True,True,0.002676908646658541,8.133274026400837
3.144979,1,747.138391,True,True,1.0588132107192116e-10,12.21365877198519
2.800921,1,748.245652,True,True,0.0012145833866365975,12.835038135179635
3.475884,9,750.499875,True,True,0.0007654645669063868,10.668575502589565
2.637078,4,753.686843,True,True,0.006746380392836728,12.323389059157387
-10.692638,45,768.601043,True,True,0.0053814506494023005,12.232040506854123
9.77358,7,773.130157,True,True,0.002202263123520922,1.0273856516146818
2.455666,1,774.397113,True,True,0.004379170960149621,13.459656278777794
9.488524,2,775.465199,True,True,0.004909485377981918,1.456801140264482
9.873471,17,785.049771,True,True,0.004824894958848947,0.750399557963836
-9.668959,42,803.976823,True,True,0.004521161823306565,15.641794015115222
0.952529,5,806.327484,True,True,0.005979825634779057,15.533444910525056
4.207265,1,807.466417,True,True,0.005338691441462623,10.301386533104674
2.197174,7,808.626832,True,True,0.007168911278103657,11.024668088664628
7.426627,8,809.958731,True,True,0.005073983332300349,2.8690842436190906
8.862215,3,811.150645,True,True,0.0048173135193101966,1.536591791277555
1.779355,1,812.219873,True,True,0.00030862196006517344,14.676695079271099
6.768596,3,813.328658,True,True,0.004754538587280119,5.565831700274613
0.110252,17,814.91852,True,True,0.004589448849905904,10.651615493004016
4.165841,7,818.229327,True,True,0.005398721964698764,9.281055235259808
2.89354,1,819.349281,True,True,0.004978349551281269,12.670442858015111
2.360844,2,820.51636,True,True,0.0043807586208362065,12.893733744730385
7.20253,2,821.647008,True,True,2.907428983170944e-05,4.291738629121361
8.438648,2,822.938122,True,True,0.005164766566804324,3.2474034350375267
-15.322676,60,838.982229,False,True,0.004633606698611908,8.75129938967912
0.325067,22,843.876015,True,True,0.009956525803108466,13.976829905668536
9.135199,5,845.172851,True,True,0.0024493588368915244,1.3037877832185845
7.858557,1,846.290172,True,True,0.0011343745721485343,3.707869538458322
6.444189,3,848.378239,True,True,0.0070041926978714995,5.839898860042645
5.380822,1,849.546089,True,True,0.0051134764606520135,8.184142776520304
3.71652,2,850.790644,True,True,0.004597268128264211,11.1939814296928
6.80196,1,851.805911,True,True,4.5021428058306725e-05,5.614581495752926
7.328451,1,852.875141,True,True,1.789317066689007e-05,4.663917103929392
6.427744,2,855.236649,True,True,2.8558830803403212e-05,5.126261051431147
0.832252,7,859.659747,True,True,0.001705145540158927,15.198511385383153
1.317758,9,861.003914,True,True,0.0015132523217320148,3.616513141909723
8.821036,2,862.13183,True,True,0.00028852711717993265,2.1054321057504004
6.471647,3,865.170256,True,True,0.0021191138912391213,4.432033411029168
3.147006,9,870.798413,True,True,0.001055076779730147,10.55524638301118
1.916182,10,874.185098,True,True,0.000884381893034844,13.377357428931711
3.832881,5,875.303208,True,True,0.004878230774491612,7.990169430168329
-19.786076,60,893.781712,False,True,0.001957039488876848,30.309174194964484
9.461527,2,896.544954,True,True,0.001760448321413349,0.6554344082134076
0.772145,14,902.299656,True,True,0.0024105295430010597,13.619933568909182
5.401225,2,903.377603,True,True,0.005928985503086675,6.787500063435536
8.401347,2,904.664299,True,True,0.004440011426060242,2.584204190430475
0.291713,8,908.178468,True,True,0.0031113989383127105,16.98914610927422
-24.66936,60,925.063465,False,True,0.0008778570707299749,16.54907691008667
0.04632,1,926.191645,True,True,0.004912888632621086,17.803459676227376
4.892742,8,929.864787,True,True,0.004175985242846621,8.036838359482825
3.057733,1,930.986928,True,True,1.6231184452042413e-10,12.37102434600392
0.147699,2,933.161302,True,True,7.173147522600461e-05,17.262471396517668
4.810525,7,936.570855,True,True,0.0002502622214569823,9.66276498639308
7.025207,12,938.000893,True,True,0.0032658324509361293,4.409548496985282
-41.097014,60,958.754777,False,True,0.008321540039354026,22.186045390400924
3.421311,8,964.517144,True,True,0.00036509500773555543,10.737490922164783
-35.079853,60,998.651097,False,True,0.0065891997559042745,18.83686585759851
7.624541,4,1001.983803,True,True,0.00042636283895869983,5.02491826861986
4.002211,5,1006.291437,True,True,0.004557755180157042,9.9415054708891
1.353687,4,1008.4691,True,True,9.260179366346166e-05,14.922964728248886
7.588842,1,1009.500466,True,True,0.0012760012273790944,4.195098161047328
5.694025,1,1010.68197,True,True,0.002337945430020269,7.616640853434184
1.977319,9,1012.136729,True,True,0.004337703087748665,12.068310811378984
4.951139,8,1013.379716,True,True,0.0046774118037572615,6.953124771816154
-2.610188,28,1015.995331,True,True,0.007007850561174137,13.960511730598492
5.110865,7,1018.150738,True,True,0.007527602120707792,6.882375574550244
6.420704,4,1020.415924,True,True,0.004768226718109642,6.3602210358296905
6.880259,9,1026.041161,True,True,0.0008173578590955789,3.5977632224404084
4.937535,1,1027.176348,True,True,0.0040754576844849195,8.983086075451347
0.605861,1,1028.290618,True,True,0.004326532713904959,16.794594510969663
-3.541355,27,1037.412318,True,True,0.00646395531389743,13.921973373128555
2.775771,4,1039.613966,True,True,0.004712149940535136,12.13785623216193
6.955756,1,1040.690448,True,True,0.0032945108116262493,5.340231923230685
4.563082,2,1041.874127,True,True,0.008924988342104177,8.294149563764996
-16.821188,60,1068.987885,False,True,0.02859110702553965,25.985675903346205
6.013282,2,1071.331005,True,True,0.0039041879012314436,7.058219915621748
1.260244,2,1073.237705,True,True,7.068535556277932e-05,15.31111402091688
8.560526,5,1074.494019,True,True,9.570138522739871e-05,1.612569305768566
-0.953839,24,1080.530848,True,True,0.009422181651432915,9.155529309470618
4.226203,2,1081.794321,True,True,5.486245166872253e-05,10.329441403667857
6.738714,12,1085.254104,True,True,1.146529585113222e-07,4.289152351667368
4.483455,2,1086.389871,True,True,0.002439731176220058,9.70299840921438
4.017677,1,1087.52659,True,True,0.00030183924001166325,10.639643937717347
6.051956,10,1090.904848,True,True,0.0024271598622531056,7.5108268066058885
5.51132,2,1092.950643,True,True,1.4085994569327121e-05,7.403562812757614
5.378266,3,1095.236953,True,True,0.0008543201107017355,6.551693479108121
-16.501882,60,1124.435694,False,True,0.0188625325252878,20.395448272383703
4.360553,10,1128.52446,True,True,0.00018952468778451104,6.443310168459733
6.812951,2,1129.61842,True,True,5.681242030049216e-07,4.136407240946067
4.836312,5,1131.947229,True,True,0.004605751386765545,8.05143753060245
7.06352,1,1133.048915,True,True,0.0036398415825896315,5.144540203313786
-41.413838,60,1151.890441,False,True,0.019560903237082705,35.447423870727256
5.16922,3,1154.040848,True,True,0.0033939446134250064,8.368972655003269
2.941312,8,1160.145069,True,True,0.0019273083227902676,11.058392601381483
-36.551918,60,1201.349291,False,True,0.00042032878166265797,41.40605985464354
3.647455,1,1202.35538,True,True,1.1391776758018501e-10,11.307286245958323
7.178245,1,1203.422747,True,True,7.621153912144765e-05,4.9350337873099965
4.989703,1,1204.609616,True,True,4.65490418449676e-05,8.885637390177985
3.218106,4,1206.800849,True,True,0.0030060069060694194,11.864578219296689
5.519821,4,1209.100965,True,True,0.004691281361860929,5.140485192100053
1.721096,5,1211.457722,True,True,0.008036720977976041,13.56986829458455
-25.46088,60,1240.36712,False,True,0.02427706911964478,17.989779551286663
1.543609,1,1241.626968,True,True,0.004920476582258593,15.103656062028223
7.105793,3,1244.471933,True,True,0.007013667970125761,3.1109283488829265
7.766167,1,1245.838638,True,True,1.4573161545480481e-05,3.8734435139623407
9.605744,1,1246.977878,True,True,1.390703946305312e-05,0.5499477511696899
-13.279417,26,1257.602611,True,True,0.0049955775729249585,8.240910282328716
4.404398,3,1258.661507,True,True,0.004675156458223096,9.351106490208924
-14.136623,60,1288.364337,False,True,0.02667014527988999,34.09320712334579
6.532486,2,1289.605075,True,True,0.0012121712646769797,5.2917395640783
0.163367,5,1291.851994,True,True,0.007218579076382385,17.32644724118538
1.677623,5,1295.467916,True,True,0.005121315304506935,14.067717292082767
8.232843,4,1297.746837,True,True,7.281426690664678e-05,3.692751561224448
7.115381,4,1300.159685,True,True,9.259214618240891e-07,4.201976481155657
-16.170344,28,1323.343275,True,True,0.004966283728653642,17.90159705967764
-0.528839,6,1329.838385,True,True,0.004837583778057422,17.590518455526784
5.175692,12,1336.542317,True,True,0.0048352103202995555,6.308533741252857
1.281805,3,1337.759458,True,True,0.004376514643460593,14.514915360533113
8.282957,6,1341.032941,True,True,0.009468246488815748,1.835567902800894
6.848524,3,1342.246464,True,True,0.0006041995209020718,5.150800414940601
0.760027,5,1345.851896,True,True,0.001880581392349855,15.248223820931393
4.249935,4,1348.298721,True,True,0.0023276597862505605,9.3089374052758
3.817208,2,1349.425888,True,True,0.0004128184127222168,11.170451368157067
0.168646,2,1351.598756,True,True,0.009140881944833423,17.1194024281205
6.644853,2,1352.744534,True,True,4.766037791293157e-05,6.5038973976508885
-0.28435,7,1356.122265,True,True,0.0010367670897167471,17.744538105530864
4.110522,1,1357.337624,True,True,0.0005369515865095353,10.472327582995774
7.485375,1,1358.488836,True,True,3.7165645724358994e-05,4.380563878716431
2.889713,1,1359.638616,True,True,0.002188518468115538,12.675550340271558
5.318545,1,1360.741395,True,True,2.6009609623518564e-06,8.292176348411154
8.13043,1,1361.739421,True,True,0.0011736521992490355,3.2169005475732657
2.911287,4,1365.321633,True,True,0.001659896185801004,12.247053301001674
4.951759,5,1367.854311,True,True,0.004761750855674115,7.174170013257292
2.616698,6,1371.392017,True,True,0.006501210810492169,10.594775457521825
4.896303,2,1372.631146,True,True,0.005140148300146265,8.835461615828816
5.951962,5,1377.046751,True,True,1.0275539267768589e-05,6.699465687522791
-22.713321,30,1389.085035,True,True,0.0016313076511846325,13.219331188354982
1.626302,5,1391.320625,True,True,7.898022431525006e-05,13.281996210846625
8.175763,1,1392.376276,True,True,0.005626893665992659,3.1400317048044286
6.828517,1,1393.56084,True,True,0.005148646167071548,5.571698486136409
6.446562,2,1395.827744,True,True,0.00023874898629603833,5.664352378827554
-19.054329,41,1421.417589,True,True,0.0036502162832393577,17.872968952257025
7.580112,2,1422.57051,True,True,0.009331552553618758,4.786459995230893
-24.025864,60,1441.812721,False,True,0.017961439237736822,14.981618556679864
3.283652,4,1443.083342,True,True,0.007084813549469802,11.976891855992386
4.804429,2,1444.148483,True,True,0.0002979143166045063,8.862992182249153
1.938363,6,1447.592655,True,True,0.0002961074216059035,14.362882989504113
8.270059,2,1448.775852,True,True,0.0002273168394441274,3.395355482431725
4.226263,4,1450.990989,True,True,0.0048111723961049195,11.242088118655618
5.181517,2,1453.197282,True,True,0.0001366209398281728,8.498887107374587
3.589649,1,1454.35419,True,True,0.004359870262510094,11.414664352191489
4.165115,3,1456.666976,True,True,0.0032404192653384505,10.117450949146969
7.158404,3,1460.132842,True,True,0.004295612960142796,4.218031036777782
7.188377,1,1461.340933,True,True,0.00015758855646274064,4.917003182885812
3.676944,1,1462.596785,True,True,0.008184245603552845,11.259749364358257
6.986627,4,1466.178926,True,True,1.4154414451350572e-06,4.2547247605197995
2.37087,2,1468.3917,True,True,4.010737922333085e-12,13.422263357857844
3.387525,3,1470.588843,True,True,0.0010091859630966898,8.704887398167982
2.186338,3,1472.877552,True,True,0.00019651844331673458,13.786862583773843
1.210602,2,1473.9636,True,True,0.00478300582657186,15.588075795497558
7.343583,1,1475.091861,True,True,1.0391701531914377e-07,4.636572983994503
5.610717,2,1476.289521,True,True,0.004653408246886449,7.521579582883015
2.714008,2,1477.391227,True,True,0.000701602161351296,9.809958726142002
2.683592,1,1478.491473,True,True,0.004851745780330584,13.048949872697298
5.159724,1,1479.760712,True,True,9.740241877778492e-06,8.57879466290164
7.709502,2,1482.166044,True,True,7.00417356370997e-08,3.607236637868408
6.501805,1,1483.271621,True,True,0.004343511596434409,6.160624417777554
4.240388,11,1489.720516,True,True,9.305360835646162e-05,10.05914724053467
4.81707,3,1491.997947,True,True,0.0009497423707469678,9.091223700305052
6.619288,1,1493.328503,True,True,0.006546344526232529,5.950599761078645
5.094367,1,1494.36567,True,True,0.00034511285060485723,8.697027394675876
2.775204,2,1495.544523,True,True,0.0034141833803227294,12.760616753364184
5.60925,4,1496.669667,True,True,0.002528410984099105,7.103981803796434
0.135296,2,1497.783908,True,True,0.006112658318295307,17.487629855741307
9.907486,1,1498.840587,True,True,8.601317017832566e-08,0.00410260056178281
1.151605,2,1499.935745,True,True,0.009363105921832083,15.795758545415046
9.316102,2,1501.979053,True,True,0.0015747572458962664,1.5513800567529836
6.254085,2,1504.366133,True,True,0.0044472035993657595,5.580646347316296
6.467446,2,1506.8264,True,True,0.0001337700364417672,6.077755342961794
8.253676,3,1508.877003,True,True,0.0044392889799230355,4.378996517023716
3.0439,2,1515.370185,True,True,3.7964546350383044e-10,12.270456355287868
6.531786,1,1516.820117,True,True,0.0047832376975710765,6.106920132296746
6.045921,10,1520.730759,True,True,0.002424914038562461,4.695756200744463
-0.342766,3,1522.180509,True,True,0.00377181393941487,16.211863854652247
4.018704,1,1523.323821,True,True,1.1713740953878116e-06,10.637557035838226
9.470457,1,1524.567754,True,True,0.009532534881549022,0.8064018722531048
-0.817075,11,1532.180714,True,True,0.0007456676207299694,15.748276441028514
3.305244,3,1533.554984,True,True,0.0022207444190427608,12.010210923726298
7.134901,2,1536.09394,True,True,0.005130362616817553,4.4018959632170676
9.594474,1,1537.312098,True,True,0.00328344664259636,0.5747407776997049
3.16076,2,1538.575211,True,True,0.00252328551973657,12.022029653833028
9.749392,2,1540.848122,True,True,0.0037704462631178983,0.13782974786183128
5.102419,2,1543.452402,True,True,0.00491703488758757,8.664499981944152
-10.275369,37,1559.603639,True,True,0.0007412106507266487,17.927172575393968
1.627485,2,1562.292439,True,True,0.0021840350575575047,14.831285021967524
-2.919553,7,1566.253813,True,True,0.004718282812581039,15.862179758361753
1.275318,11,1571.304909,True,True,0.011968854650062404,6.258715808337836
1.149768,2,1572.96033,True,True,0.003327138379289108,15.6089865379529
6.63839,1,1574.243585,True,True,0.006388496836088437,5.915986011527694
5.158474,1,1575.732658,True,True,0.004714813798218806,8.584985395932176
7.989167,3,1578.51427,True,True,0.004839106297617286,3.0525254692005097
4.212164,1,1579.857459,True,True,1.4920882161761906e-08,10.288533449513986
6.475212,2,1581.455438,True,True,0.004736561249088416,5.8766295184033925
7.556872,3,1582.860755,True,True,3.812256667941566e-05,3.955682486066508
6.957655,1,1584.484013,True,True,4.601279213929492e-05,5.333477472236089
10.420995,2,1587.036608,True,True,0.004193480798927847,1.0242232969006608
2.582717,8,1591.294322,True,True,0.0025053563924608323,11.92219185747525
4.224062,1,1592.939064,True,True,0.005037237285515644,10.270872345156409
9.803142,2,1594.564681,True,True,4.147547500167083e-06,0.030613100713103265
1.619077,9,1605.317137,True,True,0.000304135359665364,12.308990426744062
7.05483,8,1612.773913,True,True,0.002309527453176725,3.5402457614004517
7.282003,2,1614.259378,True,True,1.4206494414496573e-06,4.597318967151683
6.697098,2,1615.915782,True,True,0.0022019762689467186,5.024580184414994
9.824841,1,1617.504969,True,True,7.31424155430043e-05,0.15403290306775155
2.102893,1,1618.829511,True,True,0.005053421203643637,14.096131726363927
6.255714,9,1621.614241,True,True,0.0100866850168361,3.3098266478622658
0.585243,10,1630.809779,True,True,0.002765281920825617,14.831341222796125
2.422349,1,1632.420172,True,True,0.001017654205281173,13.517637924541658
2.881191,6,1635.028346,True,True,0.00020558273115137832,11.907618852806538
9.47749,2,1636.289566,True,True,1.2079132694943484e-08,0.5661699199824962
6.510105,1,1637.508185,True,True,1.1291138465830894e-06,6.141444145383667
9.118147,1,1638.747436,True,True,0.005460675425175846,1.4379653005228596
6.633466,1,1640.061196,True,True,0.008896387586010739,5.927072567242799
0.307649,3,1642.68496,True,True,0.004374124489042434,16.55029050425327
9.828457,1,1643.935508,True,True,1.426801888874344e-05,0.1474135027573279
5.395762,2,1645.284125,True,True,5.8663554283701e-06,8.16987155132088
-0.198106,4,1649.433717,True,True,0.009590519321707416,17.21839220993693
3.498205,1,1651.056732,True,True,1.4600935738240395e-10,11.57651659037157
6.919139,1,1652.307363,True,True,3.155577067686516e-06,5.402973069377635
8.415706,4,1656.54845,True,True,0.000757825186608131,5.583916222432463
6.506608,2,1659.512009,True,True,0.004819994290071282,6.677362408782942
0.525808,5,1664.505325,True,True,0.004583232379118178,16.2147878258796
1.223244,4,1668.20726,True,True,0.007196150267863879,16.148393084077558
2.539799,2,1671.071386,True,True,0.00022544738564889578,13.387808772741888
3.205247,2,1672.721402,True,True,0.0020415112363709395,11.68675864310431
4.089048,1,1674.228208,True,True,5.1468741372815395e-05,10.51068979797257
3.874375,1,1675.517961,True,True,1.6297729519442437e-05,10.897944489557254
7.078118,5,1680.711689,True,True,0.001471122997704779,5.5927558765470256
2.752456,1,1682.31625,True,True,0.002300126433617801,12.923156997151011
-0.64139,3,1685.265062,True,True,0.00023109349585941758,17.959630385896833
1.07319,5,1690.326043,True,True,0.007676033466208307,15.660163426425274
9.023747,1,1691.543399,True,True,0.002516389846645188,1.604892684934902
5.472203,1,1693.039439,True,True,0.0046817847642900996,8.018914626986989
8.119172,3,1697.03694,True,True,9.167749386347276e-05,4.401234485968035
8.828362,6,1703.105549,True,True,0.005496334415217999,1.9377348775888545
8.790589,1,1704.713224,True,True,0.0015772424396963448,2.0249278660089405
5.339268,1,1706.208958,True,True,0.001478144094826897,8.256077446257965
5.491036,2,1709.505451,True,True,0.0050844786643716436,7.914167422551809
4.812195,3,1713.130562,True,True,0.0023964525530519405,7.876625280511464
6.210213,3,1717.143955,True,True,0.004948479579495677,5.723313701291785
7.909759,4,1723.149911,True,True,1.8411530368010954e-05,3.3563283150762295
-2.335984,11,1734.918343,True,True,0.007126377545285735,12.488516238782529
7.03471,5,1738.825633,True,True,1.8579247358609628e-05,4.60708983892813
1.666037,6,1744.181879,True,True,0.0029115680471075347,14.189476177710512
7.551519,1,1745.80513,True,True,0.004790843978543329,4.266224566636008
1.786006,6,1754.518795,True,True,0.007012277726812987,14.482687170133428
6.337267,3,1756.216307,True,True,0.00038180223320348136,4.616320901947005
1.808508,1,1757.666431,True,True,0.00013363174397115762,14.624017394019859
5.908391,1,1758.940638,True,True,3.4600089315354673e-05,7.227645470078299
-1.06132,6,1764.715596,True,True,0.0005336980628595552,15.080595500639042
2.101536,4,1768.969257,True,True,0.00017632975302992295,10.629359118769639
8.660705,1,1770.236731,True,True,0.0021252508874439902,2.2602293331935823
6.794552,1,1771.475004,True,True,0.004894324148716829,5.632763387812379
6.737179,1,1772.764362,True,True,1.755270750238892e-07,5.73118428745649
9.703577,1,1774.228908,True,True,3.517985370407248e-05,0.3731580547347387
3.982601,1,1775.904845,True,True,0.0031348891573898937,10.705041718776986
-9.393715,8,1783.312594,True,True,0.006654291429346062,16.454926825733715
9.646571,1,1784.81404,True,True,0.00028830077312302395,0.47654426869481187
-14.777214,26,1810.331032,True,True,0.009337529638071232,17.896002368615633
1.131467,1,1811.531367,True,True,0.0013460066847644774,15.84547944009402
5.257252,5,1814.303385,True,True,7.380087132099686e-07,7.507165853484943
1.472854,1,1815.528593,True,True,0.00010797946218586815,15.22924114458318
5.333822,2,1817.958852,True,True,0.002327619846439728,8.133486536878898
8.16766,1,1819.700557,True,True,1.210072499840606e-05,3.139589459333868
8.40642,1,1821.222713,True,True,0.0008926696612787128,2.718063367705185
-7.664947,54,1863.269712,True,True,0.011980113547230047,3.33558817442433
-29.141877,60,1917.307933,False,True,0.0050537587144516335,2.3882505612539204
-11.794456,27,1941.16875,True,True,0.004627927730310019,7.226230421402801
6.546484,1,1942.861582,True,True,4.4055775455388146e-06,6.075771286120757
3.44001,6,1949.604426,True,True,0.0023229373309507475,10.248259255173515
5.197998,4,1955.924434,True,True,0.0028242415861009897,7.114751560265421
3.512367,1,1957.44106,True,True,0.00039965507536097664,11.551263815494572
-22.239439,40,1986.892776,True,True,0.007259990940067508,13.714573992306912
8.395462,1,1988.194527,True,True,2.946789186453365e-06,2.736769316042818
2.114235,2,1990.810657,True,True,0.001142176489872377,14.10837720027855
6.382083,1,1992.429005,True,True,0.0034541880312408527,6.375880493850659
7.482627,1,1993.623474,True,True,0.0046839840120988996,4.39048892599946
3.118648,4,1998.087212,True,True,0.008376110257159466,11.482104443143502
9.390857,1,1999.685713,True,True,3.8481942842526207e-07,0.938282596968096
0.704522,6,2005.271069,True,True,0.0039053577613103073,14.852035312815337
-37.183357,60,2037.4267,False,True,0.017689171176098695,34.9168629671739
9.180964,1,2038.733547,True,True,0.006559930206398619,1.325804970666774
5.056498,4,2040.019957,True,True,1.0280294864342676e-07,10.85504757455751
2.815957,8,2047.349482,True,True,0.0006467991125527518,11.595434221478577
2.903742,2,2048.653076,True,True,0.0046140668010693844,11.700889397883023
0.682045,1,2049.979021,True,True,0.004343357334440006,16.65727306719417
5.856643,14,2057.692599,True,True,0.0060192629693263285,7.9419041345297225
4.481472,7,2064.470185,True,True,0.00477550107280094,8.204987971306759
-26.145867,60,2091.137737,False,True,0.01971364732609728,43.28809612810854
9.4513,1,2092.512832,True,True,0.00035783108098897494,0.8295417286190996
7.596904,2,2093.775466,True,True,0.0026440814497757023,4.086944171854841
3.220319,4,2097.680307,True,True,0.004478816433544312,11.289623796231359
7.876177,2,2100.390455,True,True,0.004517879199544461,3.3874921216387244
5.162173,2,2102.890536,True,True,0.0057166709309061795,8.449524883308486
3.618418,2,2105.446498,True,True,5.34585663930498e-10,11.231932245068727
4.664763,1,2106.712933,True,True,0.004110184154213683,9.475212859850659
7.252567,1,2107.978727,True,True,0.0015714700767179234,4.80261475540235
7.027755,5,2111.756455,True,True,0.004859075547393487,4.831361781486908
2.099641,4,2113.222605,True,True,0.006209101913763748,11.865167003978362
2.313705,7,2115.491317,True,True,0.002405086959672026,11.792194648423996
8.62467,1,2116.664198,True,True,0.00019610375192543033,2.322942101863435
2.965261,2,2117.886393,True,True,0.0026892626530604785,12.471162368764261
3.475826,2,2119.205892,True,True,0.004994075464512445,11.225467057637449
7.03566,4,2122.922954,True,True,0.0042896111734109805,4.3552831703467
6.203084,4,2125.551052,True,True,0.00497263752813422,6.247483970240795
-2.60153,39,2152.505446,True,True,0.00652396738273538,11.026745533577719
2.361776,2,2155.043287,True,True,0.0003211452377719229,12.156280700635135
2.930813,3,2158.79654,True,True,0.0053454993991355615,12.442043243631844
1.583298,7,2164.152991,True,True,0.0038553445194466143,10.644786244890234
8.3843,2,2166.641095,True,True,0.0002953463360326181,2.142043956909186
2.733679,1,2167.952545,True,True,3.843766753683451e-05,12.955519111250975
5.860213,3,2170.613174,True,True,0.004544862707542457,6.734258687850451
5.873557,1,2171.820879,True,True,0.004769165843171798,7.29478269831727
3.492963,3,2173.316557,True,True,0.002975119949906721,11.214993960416654
8.934847,1,2174.673829,True,True,0.0008219042371838499,1.7609282502688888
6.884587,1,2175.848936,True,True,0.00378825742316083,5.469186788962085
2.286513,2,2177.026467,True,True,0.002102082880374981,13.510560010113817
2.020025,5,2183.121138,True,True,0.0015332379489457464,13.409698149654385
-21.526661,60,2225.070246,False,True,0.03796073893193901,26.53381844751132
9.354456,8,2232.700269,True,True,0.0025329064010443077,1.0941944960660202
4.014582,1,2233.949385,True,True,0.004733231138294373,10.648502039561171
2.829365,3,2237.670456,True,True,0.0037178037475215624,11.351462197711852
4.185602,2,2238.925919,True,True,0.002297249029277501,10.334054888075178
4.495729,1,2240.249669,True,True,0.0013060430546800172,9.777973985564246
3.812025,1,2241.54197,True,True,0.00015259667799731808,11.010527471992548
-29.088745,60,2274.458077,False,True,0.016743118761141963,31.577182956066892
2.317222,2,2275.862359,True,True,0.0019237647589380753,13.58613985395109
9.301298,2,2278.538837,True,True,6.2274454915804e-07,2.7420742265787235
7.34938,2,2279.827396,True,True,0.0018508974159993294,3.157533522647116
9.906929,1,2281.144361,True,True,2.4700172610789273e-06,0.005554769711676252
4.976379,1,2282.635303,True,True,0.009690943216361193,8.917210916477472
4.986639,2,2283.871651,True,True,0.00471272689657952,8.765351443347667
7.994975,2,2285.297035,True,True,0.004316662545142036,3.593126807472894
8.813489,3,2289.03455,True,True,0.004425626476505089,1.6851097634854577
7.48697,1,2290.365767,True,True,0.00474464703316611,4.382709345746031
1.084918,1,2291.572796,True,True,0.007776534967767119,15.932756781417664
7.743892,2,2292.901075,True,True,2.5763292764383744e-05,4.234184269867335
2.356243,11,2299.03423,True,True,0.00949988755517022,10.695885818292288
2.036993,1,2301.271223,True,True,0.003913632380342509,14.214292024047785
6.440661,1,2302.471218,True,True,0.005505599502190027,6.27203515161115
-2.829679,11,2313.671178,True,True,0.007808025147567172,4.69066441080997
2.616575,2,2316.237608,True,True,0.005178404544018113,12.944952804627931
3.110988,1,2317.753262,True,True,0.009546867342039737,12.280051071347831
7.354803,3,2319.0925,True,True,0.0031583695922220347,4.647639156021586
7.263307,1,2320.284703,True,True,0.0001856372072775352,4.7817340229850025
3.81714,3,2321.575943,True,True,0.0017230933818734788,10.524805738812452
5.144343,2,2324.041065,True,True,0.00023138377996864343,6.935956515968273
3.351847,1,2325.420824,True,True,5.448571455124451e-11,11.840520454806752
2.320436,2,2327.917834,True,True,0.004886532823810986,13.452179316057165
9.552107,1,2329.169695,True,True,6.13215029384058e-07,0.6468674101409629
9.297202,1,2330.547188,True,True,1.618740984843034e-06,1.1075321905117972
3.894709,1,2331.956045,True,True,0.0023674747756238694,10.863023983535761
-18.448303,45,2371.659552,True,True,0.007522070823011917,10.664128435168458
5.237307,3,2375.264768,True,True,0.00016555383442157755,7.027473356476446
5.969921,2,2376.694374,True,True,0.008617496026122048,6.971111439256361
8.338589,2,2377.930631,True,True,0.004804732672782017,1.8369665542430953
5.021174,3,2379.291779,True,True,2.544583759460199e-07,8.306444331633069
6.24944,3,2381.845339,True,True,0.004602425558806866,6.915636313545507
9.686096,2,2383.126294,True,True,4.894509925701743e-05,0.24318940742641715
-41.260173,60,2404.06141,False,True,0.009555981042579601,34.34885272809972
-8.409621,14,2415.666886,True,True,0.0008420752932084196,17.29591617769456
3.250003,2,2418.133962,True,True,0.0021304408858147973,11.342568238274957
1.730974,3,2419.382757,True,True,0.0009086771164657627,11.368390832739811
-31.40621,60,2438.37343,False,True,0.011919225093240454,24.408162984731256
9.757141,4,2439.705798,True,True,0.002515261520396792,3.069305459802542
9.724758,1,2441.03861,True,True,0.0017642496748725926,0.33728280667964977
3.347834,4,2442.285265,True,True,0.0025689595530117623,11.358339926144268
2.247287,4,2446.248743,True,True,0.004723468962509545,13.298980204141609
9.61111,1,2447.597465,True,True,0.0001559953829280451,0.5404474501331131
9.800142,1,2448.900828,True,True,1.0473854779850626e-05,0.19858547100085824
6.062513,1,2450.094159,True,True,5.6370324426291635e-06,6.949426648277203
4.652072,1,2451.369921,True,True,0.005272464358268527,9.498985799371546
4.737905,1,2452.592048,True,True,0.009376229909297259,9.347118623820121
5.245666,1,2453.900968,True,True,0.002492650680621934,8.425845890773598
9.907326,1,2455.15715,True,True,1.1004896584778864e-05,0.0048488881217946716
7.829808,4,2456.415731,True,True,0.0024198430008747366,3.398980433735624
7.529372,2,2457.574695,True,True,3.174138176596458e-05,3.0238856329036685
6.605114,3,2459.643946,True,True,0.004710657697423378,5.0023858780694095
2.745591,3,2460.933415,True,True,0.004573202806983949,12.006909366992135
5.769419,1,2462.115674,True,True,0.0001555786521785594,7.478591400492222
6.126525,1,2463.293201,True,True,0.002596808090932906,6.836330258258917
2.717277,4,2464.571344,True,True,5.171906009232216e-05,11.951257767237482
2.480592,3,2465.843567,True,True,0.002452316212542115,12.731002837683599
1.39302,2,2467.234855,True,True,0.006093513693100058,14.981834560163762
5.053997,1,2468.420288,True,True,0.000982014500219358,8.770420497534337
-39.232395,60,2506.551749,False,True,0.007283402915846506,17.72462012904865
8.503923,1,2507.695971,True,True,0.0022136312231896887,2.543531233476762
6.133426,1,2508.893792,True,True,0.003810488673218178,6.824979175367639
-32.702055,60,2545.427751,False,True,0.01098434481668497,40.6145216857934
1.118875,8,2549.315347,True,True,0.006145301590285583,15.005484472213269
2.547381,2,2550.565433,True,True,0.009521953818765517,13.348019125426502
6.801003,1,2551.886975,True,True,0.004713787125454386,5.620948230203553
0.718399,8,2555.673118,True,True,0.0005883751774318369,15.357611698863336
0.326139,1,2556.833372,True,True,0.0002234484505027525,17.296746596032264
3.560048,1,2558.127325,True,True,0.0024729280919835754,11.466747430286745
3.061814,7,2564.76193,True,True,0.009964737671785313,12.65741187273928
6.26617,1,2566.30891,True,True,0.004767082388404501,6.586276182723962
3.62126,2,2569.209386,True,True,1.4837891559957989e-10,11.226793084084536
5.242265,2,2571.690848,True,True,6.577804148658831e-05,7.910378985356063
7.399568,3,2575.379963,True,True,2.897241447134824e-07,4.18552081821503
7.030839,4,2579.188214,True,True,0.0001225246306503394,5.213660275701652
2.119165,8,2587.081943,True,True,0.006816060233193234,12.774284862945178
2.411578,2,2589.800136,True,True,0.0075935641363999535,13.55413465593666
-20.831597,60,2615.24263,False,True,0.004886430173002914,7.484778089141906
1.424082,1,2616.538923,True,True,0.0061663197408057145,15.320550402267877
1.748113,3,2619.008597,True,True,0.004855473090125061,13.359307637447992
8.718679,7,2628.765911,True,True,0.00010339482380631801,1.7459182904046635
2.782598,2,2630.03517,True,True,0.00027778200168227874,12.45125619596717
5.27114,2,2632.437629,True,True,0.008669859176743963,7.208713111915926
4.263897,7,2637.6027,True,True,0.0009043833289897711,9.361978830559117
8.914902,1,2638.854127,True,True,5.513862307449796e-07,1.7983296275603802
8.199381,4,2640.313506,True,True,0.003026468406689317,1.8075903635782689
0.274578,7,2644.367176,True,True,3.197945297300688e-05,12.85465219885378
1.771714,5,2648.452714,True,True,0.0050077371675455095,11.725246736716494
6.667083,1,2649.808343,True,True,0.005165086842185342,5.860351225065733
3.733266,8,2659.101716,True,True,0.0048504596353973126,8.607078577700689
1.853945,2,2661.578813,True,True,3.01406689922918e-07,13.822425294181324
1.057503,1,2662.892679,True,True,0.00983075834000629,15.983154681975256
8.106456,2,2665.436952,True,True,0.0019345795858297238,3.412573542946914
3.084114,6,2670.656532,True,True,0.0032819486213043047,11.761545358716686
8.359212,1,2671.913986,True,True,0.003869752290530059,2.806819396275092
8.842969,1,2673.227095,True,True,0.00018523821412513332,1.9285345737450983
6.679724,1,2674.381624,True,True,1.1059941710017153e-05,5.83523342076367
7.489277,3,2675.639563,True,True,0.002331086787813959,4.143101516159553
8.549642,2,2676.809827,True,True,8.204727925560477e-06,2.304735055375764
6.074773,1,2677.980805,True,True,0.0003223655030264857,6.9276010278221065
3.192778,2,2679.207095,True,True,0.00022292941137902044,12.4063132884566
8.364023,1,2680.544128,True,True,0.0024531854351762823,2.796498511751335
3.572812,1,2681.685961,True,True,5.652175949499849e-10,11.441935466440908
1.819305,4,2684.262582,True,True,4.3056093722716304e-07,12.197225117028504
0.156909,3,2688.255847,True,True,0.004486391819032827,17.227348821871285
4.815884,1,2689.498866,True,True,0.004373537012516235,9.202786909535906
6.394783,5,2695.899609,True,True,0.0003804138323471734,5.8564594469306
9.430234,2,2698.58423,True,True,0.004373582393453188,0.7190444247187628
5.675287,1,2699.808538,True,True,0.004865959733248744,7.652632124038837
9.388989,4,2702.31957,True,True,4.484775538018265e-06,0.7155006260697674
-26.728734,60,2727.142391,False,True,0.0144253809272784,26.288185417988533
7.393184,1,2728.483582,True,True,0.004840160104518865,4.552118124929189
0.894363,1,2729.726314,True,True,0.0005927853451227344,16.27253860061925
9.800005,1,2730.908375,True,True,0.00015435128576950794,0.199039287889883
2.058452,4,2732.290236,True,True,0.0022622976517394505,13.319623615914784
7.910659,1,2733.609464,True,True,0.0046243931920728065,3.61763152062769
5.750796,1,2734.894868,True,True,0.004310074878505293,7.515910097926789
3.575305,5,2736.39549,True,True,0.002328511393550158,10.031114329815084
4.450144,1,2737.655898,True,True,0.003288051466501219,9.861756796926088
0.706883,7,2739.161678,True,True,0.009424776833727156,15.737342989961453
0.940106,8,2740.645173,True,True,0.004902917487255792,12.063488613179521
3.480725,8,2742.118339,True,True,0.00011212750552900067,9.104686584017854
6.476828,4,2744.713258,True,True,0.0008457946582863876,5.6227785856007015
3.77219,1,2745.917707,True,True,0.002745723115456597,11.084296475791756
2.798286,1,2747.008783,True,True,1.2408477023662101e-12,12.838971178582424
3.245301,1,2748.145543,True,True,3.2311935418971593e-10,12.032704860009284
0.459721,5,2753.096772,True,True,0.00045686996756525745,15.948297708523851
0.262508,1,2754.248091,True,True,0.0008766067029332753,17.411794876300274
6.517756,4,2756.867248,True,True,0.00389954769809436,4.650003057431416
1.3614,4,2759.366392,True,True,0.0002892427747199543,11.482922420117312
-15.376239,29,2784.476734,True,True,0.0075345723318326055,14.110425748685808
0.055494,3,2785.734187,True,True,0.004913803771362551,17.61278958409052
7.477739,1,2787.025211,True,True,5.76899592626013e-05,4.3943770008125105
7.175124,3,2789.464428,True,True,4.938672809098703e-06,4.64998994595294
6.64533,2,2790.808546,True,True,0.0023680229794068516,5.760172832246357
7.525396,2,2792.176622,True,True,9.919796576480589e-05,4.495570717121324
6.692052,6,2797.374057,True,True,0.0019047981505665064,3.9150402402068964
8.304709,1,2798.690727,True,True,0.004511036601823438,2.9059674865068077
2.11868,1,2799.93602,True,True,0.0007097785312315712,14.065057870287918
-0.402858,8,2807.179734,True,True,0.0073384273981500926,10.77261175935906
5.659845,3,2809.680784,True,True,1.81901513931354e-06,7.496983546777888
4.577464,1,2811.050656,True,True,9.010823714571646e-06,9.629453860527592
1.718429,1,2812.632291,True,True,0.0023893113045871973,14.787790569807274
-1.969882,17,2829.531923,True,True,0.0024072880562790496,2.2338919040655205
4.184788,2,2830.835123,True,True,0.004470352090211953,9.997820032634555
2.57014,2,2833.545076,True,True,0.0053315040986114445,13.201938682812939
4.506614,5,2836.290149,True,True,0.00020195255296973687,9.44470345362034
1.901101,2,2839.041045,True,True,0.002805961145069376,14.194579709915986
3.10472,6,2842.909638,True,True,0.004859943284141148,11.646979440021342
2.570979,1,2844.482116,True,True,0.004908662798036071,13.252048180915544
4.064811,2,2845.92726,True,True,0.0023214503427185958,10.428401050386526
5.782381,1,2847.224708,True,True,0.0028419455521662453,7.457635772591204
4.970285,2,2848.855385,True,True,0.00048166626164606284,8.651658529885824
7.124608,1,2850.094024,True,True,0.0015323593871437312,5.032106265627932
6.529073,7,2852.75106,True,True,0.004765586169923105,4.991466392765467
7.681021,2,2855.253074,True,True,2.3871537055629747e-05,3.432162435937129
5.359389,4,2861.008277,True,True,0.004071315853139277,7.2188519606154005
6.077419,6,2866.557553,True,True,0.004224172011533604,7.056604918985799
4.199445,2,2869.358406,True,True,0.005210309025128632,10.187316182210024
2.7541,2,2870.723494,True,True,0.00041027751678093805,12.790583224055977
6.229784,4,2872.19817,True,True,0.0007752925991028007,6.0632102583077785
7.26735,2,2875.315311,True,True,0.00019373230196745826,4.62919434986139
7.741613,1,2876.9795,True,True,1.730651956931284e-06,3.917773271771787
7.353619,1,2878.241142,True,True,2.61781204759547e-05,4.618479371963267
-18.876823,60,2923.24363,False,True,0.014295944867904477,10.462835734751692
3.670643,1,2924.947812,True,True,0.008964799826123238,11.271605431154548
5.913971,2,2927.37011,True,True,0.004758740139312994,4.842067104721125
-0.711894,11,2932.765514,True,True,0.007782356774802838,16.09810876171863
4.423495,3,2937.720668,True,True,1.4369997143545005e-05,8.575250909871947
0.301733,2,2939.271858,True,True,0.0004622909743311537,17.144685248579158
2.595283,2,2942.343206,True,True,0.00017374890333150513,12.677379515699645
6.895362,3,2946.505049,True,True,0.0034435350308152845,4.997334720560255
9.902818,1,2948.285127,True,True,5.856390491559057e-06,0.012989976445140739
2.119549,2,2951.269617,True,True,0.004628848097480081,13.946495876557135
-1.300746,9,2959.266492,True,True,0.0007473767488451223,17.19778699384079
0.515476,4,2961.070038,True,True,0.004877823030571327,13.307482262035991
1.696463,3,2962.302909,True,True,1.2904896942722566e-10,14.020867019566293
7.684782,1,2963.653338,True,True,0.009476535953195213,4.030274470469159
-1.082033,7,2967.903541,True,True,0.0073619431715578314,16.44805940402105
5.195327,3,2971.675534,True,True,1.3905231674646301e-06,7.926145935937152
7.423383,3,2973.072973,True,True,0.002973719125074342,3.7090697861961663
1.030924,19,2976.029654,True,True,0.003377659904180338,2.9894256237258245
8.032326,1,2977.411852,True,True,0.005423577230345458,3.398803743145895
3.568144,9,2985.754677,True,True,0.002795382767361264,10.276038358767572
4.292835,1,2987.29161,True,True,1.4091358982448732e-10,10.142989325768575
7.355715,1,2988.923346,True,True,0.00016453140464057006,4.614847163221666
5.469311,2,2990.587705,True,True,0.0068979134202110355,7.896000136695846
7.543685,2,2993.500473,True,True,0.004744223130686934,5.711143606663169
5.362787,1,2995.152806,True,True,0.005213743032851683,8.21676435935058
-2.930356,25,3019.763567,True,True,0.002168379385599939,4.037479343428658
3.437665,2,3022.670752,True,True,4.682607426809149e-11,11.473998265786227
4.799119,1,3023.974434,True,True,0.0013654183601308836,9.230636467383535
4.049139,3,3026.813661,True,True,0.0025350054336272998,10.322599896611733
4.086773,2,3029.730656,True,True,0.0046176224713964445,9.945682119260233
5.775443,2,3032.178072,True,True,0.004791969673625267,6.940860413162828
6.059516,7,3041.669072,True,True,0.010012845543888123,5.149226577798572
5.373728,1,3043.367378,True,True,0.0002787199600260276,8.19283506516786
2.847585,6,3053.04457,True,True,0.0002603282958662488,12.213798925315707
8.572198,3,3054.692912,True,True,0.004235042097714159,2.2785226257005773
5.675921,1,3056.067875,True,True,0.004942615098079105,7.6515526331775865
8.236184,1,3057.76151,True,True,2.7425242799585317e-05,3.0245188049310796
-7.555403,15,3064.731693,True,True,0.0005963252389606048,10.162755236564722
-2.11894,3,3066.034115,True,True,0.004652846500383836,17.990105064879245
5.856421,3,3067.305085,True,True,0.0017338480937534586,6.115247394168358
1.824239,1,3068.644914,True,True,2.0987674445582805e-10,14.595568594431732
8.267153,1,3070.08123,True,True,6.726319236463954e-06,2.96855319281994
2.377297,12,3072.959156,True,True,0.0032136099438904112,12.133174923756332
6.384019,2,3075.523999,True,True,0.003498303456915673,5.851341787919627
4.654326,2,3076.887518,True,True,0.0067976116423308225,8.127825467996532
6.902896,2,3078.521427,True,True,0.0046248458853807625,3.486940761204574
7.051316,1,3080.184776,True,True,0.0005740453581779999,5.1649271861620285
4.082761,3,3083.103298,True,True,0.009415152755540016,10.282658334271508
3.082517,1,3084.340849,True,True,0.000532899269692003,12.326694616176837
5.65559,2,3085.639053,True,True,2.081827505909413e-06,7.658175457292386
3.648361,1,3086.823399,True,True,1.0866802249709373e-11,11.30565318077183
5.218795,5,3088.166297,True,True,0.011952849468888678,8.006040683760164
7.482025,1,3089.845734,True,True,7.465932062980518e-06,4.386579809717767
3.548932,1,3091.424413,True,True,8.499781503634729e-10,11.485012026117193
2.411483,2,3094.166154,True,True,0.007568827643527634,13.422644332488453
3.286886,1,3095.367995,True,True,0.0034320594040536043,11.960082636748375
0.175631,1,3096.88557,True,True,0.00030307390274856953,17.568111622902276
4.293054,3,3098.681069,True,True,0.004850144481044123,10.383145352016632
1.977458,3,3101.242401,True,True,0.0009800944086444923,14.32303282250663
3.382558,3,3103.825996,True,True,2.8829478752061613e-05,11.765612105233647
5.76907,1,3105.089851,True,True,2.8349120907945544e-06,7.479078363707671
8.347528,1,3106.802311,True,True,0.002491696540030067,2.8263355428745403
9.240565,2,3108.170793,True,True,0.0003606217541085501,1.0525095996280514
1.682345,2,3109.7676,True,True,0.005910996081491768,14.71612993302014
2.481198,4,3111.100135,True,True,0.003943715120394318,9.75098773475077
2.030385,3,3112.599312,True,True,0.007759012145825722,13.994519811793866
4.711378,4,3113.890375,True,True,0.00015470943373551045,7.926806553177069
3.574395,1,3115.302313,True,True,0.0002750215914533766,11.439283622475111
4.766553,5,3118.012238,True,True,2.2739240708100072e-07,8.557258847389182
8.136937,2,3120.652138,True,True,0.0013111178883321284,3.0560885261869193
-25.695655,60,3169.610922,False,True,0.02601225846309624,8.866693433492614
4.443808,1,3170.871648,True,True,2.895765474977656e-05,9.870623076545204
6.531062,1,3172.143852,True,True,7.923432175570072e-05,6.103689701292806
0.629342,1,3173.379915,True,True,0.0006253172625359541,16.750351433988076
3.909695,1,3174.696576,True,True,9.786709092261814e-07,10.834214371845583
8.906152,1,3175.984854,True,True,5.6942496638641166e-05,1.814211826340552
8.177663,1,3177.532841,True,True,0.004347430682700962,3.1266103512047865
8.5155,1,3179.111286,True,True,0.001911893938853243,2.5222583701195638
3.322347,2,3182.082591,True,True,0.009534131448459063,12.041270844315415
2.235484,1,3183.719352,True,True,0.003524401891877336,13.85616251423164
8.691053,1,3185.280781,True,True,0.0012075433013342641,2.2018998479744396
8.806731,2,3187.930853,True,True,0.005016424731942643,2.227150381562777
4.106534,1,3189.542651,True,True,0.0023306542238730977,10.48088970146499
4.298546,2,3192.910514,True,True,0.0001023746161264924,8.25807059769017
6.672466,2,3196.319103,True,True,0.008875015530921569,5.723129600950179
0.006427,1,3197.932464,True,True,3.822911785340968e-05,17.8724686928722
7.732002,2,3200.486345,True,True,0.004658853331638323,3.701835537554727
-30.76897,52,3228.90183,True,True,0.004599540136855172,17.245635680946798
1.061203,1,3230.121288,True,True,0.00033710475628529173,15.971594491044913
7.981006,2,3231.465017,True,True,0.0013692908372108558,2.071918619541213
5.936218,2,3233.873236,True,True,0.007950279414026953,7.391571331461377
5.480179,4,3239.460241,True,True,8.003328502835717e-05,9.389458563970333
6.65385,1,3241.143567,True,True,9.611559466313289e-05,5.882032760169621
3.627624,1,3242.784048,True,True,0.00024151076907934395,11.34324037573981
8.489116,1,3243.992417,True,True,0.004916477656870175,2.57340768883855
-24.252382,60,3293.162039,False,True,0.015315763831365358,19.130506553393783
3.409818,2,3296.014161,True,True,8.501204594392838e-05,11.609162673431813
5.691416,4,3300.59059,True,True,0.0023378237196113837,7.5221626358318865
7.205358,2,3303.498465,True,True,0.004731071475779327,3.871178957895194
9.85307,1,3305.10416,True,True,1.14413939073469e-05,0.10291947275782141
7.38493,1,3306.279297,True,True,0.0003095369207313604,4.562251108344797
3.034717,2,3307.510554,True,True,0.0007372017178587133,11.99132465524504
3.768351,4,3313.165842,True,True,0.0023911117741236003,10.710253026488976
-0.023493,2,3316.11464,True,True,0.005399654848984831,17.607451326149057
3.246609,4,3320.012863,True,True,0.007385041675005973,11.690654828895472
8.67372,12,3335.700162,True,True,0.004818509965660064,2.755887381839897
4.789876,2,3337.277469,True,True,0.002798802462582524,9.257601885647864
6.91478,1,3338.918505,True,True,0.00031188556947894927,5.411167102386951
6.098837,6,3343.598274,True,True,0.002401346803433944,4.305010883684356
5.05506,1,3345.246358,True,True,0.004995646408514716,8.771780466111164
4.818852,1,3346.959898,True,True,0.0007413649467490537,9.19451488187384
5.823503,1,3348.193755,True,True,0.0021530804299019143,7.382810896844474
6.317741,1,3349.81463,True,True,0.007709876142762245,6.495776319086852
-26.15137,60,3393.786593,False,True,0.00958382663603194,22.7315454705055
5.224057,2,3396.335032,True,True,2.2164137762782816e-05,8.66982013903957
6.343534,1,3397.617812,True,True,5.830804957543227e-05,6.442201032230524
6.134495,2,3400.417356,True,True,0.0038292776470095547,6.33074750914641
9.824692,1,3402.11211,True,True,2.0601665157216065e-05,0.1542267621805234
6.399493,1,3403.471211,True,True,0.00012338339745679872,6.3412493238582694
4.235078,3,3404.851869,True,True,0.0044810893113632275,10.165838013010829
4.200907,2,3406.125959,True,True,0.0009164436022775137,9.897919690607814
-10.883963,27,3422.426371,True,True,0.004995512430241138,10.415983191945838
-1.61895,4,3425.3917,True,True,0.00020482417164762812,17.200401603456722
1.932657,4,3429.268408,True,True,0.003086578890026727,13.86672891164895
1.667474,1,3430.928635,True,True,0.009603143678540094,14.883551099103105
8.302397,1,3432.170792,True,True,0.004630379949269185,2.910275334055733
4.124421,2,3433.831827,True,True,0.0012808296785659689,10.85320592611263
-32.760895,60,3460.391624,False,True,3.390623955694177e-05,6.322848480619724
9.82494,1,3461.747303,True,True,0.002990556887295168,0.1579092002855776
7.117511,2,3464.211245,True,True,0.00222215788601878,3.6736923324823794
8.569352,1,3465.767209,True,True,6.058453539642449e-06,2.422638340439561
5.411067,3,3469.644763,True,True,0.0033591060271891716,6.736466682768363
-1.978293,2,3471.960548,True,True,0.002780915649243698,17.500531691420132
4.892805,2,3474.435639,True,True,0.00011542747270052714,8.400313860265788
1.720631,1,3476.111423,True,True,0.0012768349824891926,14.783166821081183
4.649475,1,3477.839884,True,True,4.933328964090711e-09,9.499514626027144
-30.06156,60,3511.710975,False,True,0.0018257156806647799,7.905485149451734
0.476607,5,3515.79472,True,True,0.0005855261085849382,16.35794695933264
4.692316,2,3518.743732,True,True,0.0025200308685108946,9.12617471427014
2.275215,1,3519.966545,True,True,0.009392332879958129,13.787860039449175
1.34733,5,3525.295714,True,True,0.0007949739226998749,12.708002787929376
10.308723,6,3530.038257,True,True,5.6789508786847086e-05,1.00239175726933
9.803734,1,3531.338351,True,True,7.357074938070659e-06,0.1920897487704258
4.884319,1,3532.62409,True,True,4.907297242173758e-10,9.075761119479196
5.329233,2,3533.839146,True,True,3.5556928434802085e-06,7.828942381183592
5.674398,1,3535.105017,True,True,0.00016641292387898276,7.650099855687817
8.631725,2,3536.465901,True,True,3.7298614414629262e-06,2.4974672031946366
4.598211,1,3537.654958,True,True,6.4965862099641836e-09,9.592013119665358
9.017295,1,3538.868772,True,True,0.005231809679402713,1.6198542364277355
3.661086,1,3540.196051,True,True,4.79650775044374e-10,11.282696952371845
-30.306551,60,3586.772745,False,True,0.011394646607092069,30.084844547057365
8.923728,2,3589.343692,True,True,0.001266323870432116,1.2436404225855469
5.607835,1,3590.521279,True,True,0.00017692681411299684,7.770243319946159
2.983205,2,3593.655315,True,True,0.00014868735018388015,12.380364673491584
3.513351,1,3594.920117,True,True,0.0012455732904614004,11.550102608622607
8.870969,1,3596.605971,True,True,0.0011083333614168855,1.8791274015030646
6.590673,1,3598.128389,True,True,0.0005119158427471767,5.996510368852019
3.954635,1,3599.639102,True,True,0.004419287406640116,10.75640541151441
4.285554,1,3600.902026,True,True,0.004949678784320777,10.159891721702104
3.307905,4,3606.046338,True,True,0.003274383337539939,11.803367541525526
6.665623,1,3607.349284,True,True,0.00023471426640467828,5.860921701608166
5.038828,1,3608.881685,True,True,0.009513074114416858,8.804444252627823
8.410751,1,3610.157252,True,True,0.004381952055303057,2.714324736523027
8.25093,1,3611.382982,True,True,1.67596353830516e-06,2.997851571130948
8.713831,1,3612.966442,True,True,1.7187849190268556e-06,2.161614470847899
7.416582,2,3614.615101,True,True,0.004630022380753621,3.940334675562141
9.715235,6,3616.378758,True,True,0.0022926420017033928,1.2988459980343874
8.407163,1,3617.546248,True,True,7.847256576014837e-05,2.715724915675978
6.465757,1,3618.877356,True,True,0.004692807492371993,6.226005977786061
3.0522,1,3620.387351,True,True,1.8723073785809063e-10,12.381005147340241
3.204711,2,3621.933495,True,True,0.004799537169430039,10.549243136741156
2.500515,1,3623.444984,True,True,0.004517285571376001,13.3788683832602
6.469469,4,3629.381188,True,True,0.004463350386600557,5.499657806624596
9.679709,1,3630.634742,True,True,0.0005938160350734013,0.417080197131558
4.992632,1,3631.889894,True,True,0.0027778222660367682,8.882639999490168
4.817979,2,3633.250481,True,True,0.002332677249960762,8.950078616614505
7.426247,2,3636.038035,True,True,0.0001757401795092848,4.3412884720639235
8.511581,1,3637.618478,True,True,0.0022757269043882098,2.5297726989685136
-29.83835,60,3695.949801,False,True,0.031229508060295237,21.008099076916558
7.94991,1,3697.495625,True,True,0.0047592039213652515,3.5469052573223676
0.906769,5,3699.968392,True,True,0.0020707557171445543,16.326495703493414
6.048715,4,3702.664521,True,True,0.00034782267860738493,5.722570167097742
8.267443,1,3704.353048,True,True,0.008880156502101449,2.9779075785147997
1.344598,1,3705.96691,True,True,0.00029428834030146645,15.46060633463781
7.510019,1,3707.800207,True,True,1.1866877554713058e-06,4.33602042690638
-34.833419,60,3733.249921,False,True,0.01458647048676069,27.734968341099584
4.631706,1,3734.488675,True,True,0.0038807858216661764,9.534672090579381
2.945048,5,3740.88855,True,True,0.003200033956860492,11.929792974919978
1.72915,5,3748.088219,True,True,0.0025252961803910504,12.724074748549612
4.117225,1,3749.932758,True,True,0.00039676396101864103,10.460126108661152
2.543993,3,3753.561638,True,True,0.004889454403994027,12.468186668243392
6.103478,2,3756.352447,True,True,2.359616873583853e-06,6.03920647036473
3.136584,3,3759.457,True,True,0.0007094695226701488,11.9166819119917
5.324349,3,3764.182893,True,True,0.0002016463900683654,6.690003115242351
0.631685,3,3769.277045,True,True,0.00875716754768647,13.749107692745111
0.434951,1,3770.473862,True,True,0.004918005837202995,17.10296179875488
6.154101,2,3773.480926,True,True,0.008183265540578695,6.659630079690058
5.571031,2,3776.072948,True,True,0.0003124027678963765,6.422549530904063
8.407246,2,3778.990935,True,True,0.004600854832476893,3.2588478682919124
-2.165168,4,3781.735299,True,True,0.010130456619782962,17.35506137031416
4.543081,1,3783.461643,True,True,0.00037165378312744007,9.691787725363964
5.07295,2,3786.783634,True,True,0.00023531239548481558,7.5470118716978565
4.349156,1,3788.444653,True,True,0.0015620539384045978,10.042612466286299
5.957869,2,3790.058975,True,True,0.0025462706095669536,6.989759003666113
8.00797,2,3791.35994,True,True,0.004622385107786942,3.2972862866916373
9.785245,2,3794.006734,True,True,0.0009608473381633514,0.06583940446778794
4.126833,1,3795.322178,True,True,7.395456978623663e-06,10.442487661367041
1.560169,2,3798.04499,True,True,0.0010864198003050704,14.914507765927379
4.060735,16,3809.891508,True,True,0.00012302470957632327,8.045591683858438
1.718616,1,3811.146684,True,True,0.0017604812259486681,14.787086266515095
4.890764,5,3817.827278,True,True,0.004923324129789614,7.397230501720242
7.788575,2,3821.028435,True,True,0.0007547862012857801,3.686099418993999
5.720897,1,3822.657789,True,True,4.589245186557844e-06,7.566027826785025
5.935904,2,3825.142783,True,True,0.001956734197515674,7.224107504397241
-0.915238,4,3828.772108,True,True,0.0019292375444112525,16.317218368428026
6.778357,1,3830.313418,True,True,0.00702878229185864,5.663961079820199
6.301345,1,3832.008815,True,True,0.00010393892485127936,6.518405056294492
8.472436,1,3833.295923,True,True,0.005303277551767868,2.60396306006743
8.388032,1,3834.594387,True,True,0.0045242229948726925,2.75551274330299
8.969531,1,3836.14893,True,True,4.896335667907686e-05,1.6996878255789347
6.942208,1,3837.907498,True,True,5.577913033344125e-06,5.3613244459106095
6.174541,2,3840.716019,True,True,0.0010677309754230624,5.992237050036963
8.164712,4,3844.755273,True,True,0.0011948160087286858,4.996801710919857
8.081665,1,3846.076596,True,True,0.0032533883257658183,3.3073474858052494
0.427072,5,3849.158747,True,True,0.01198459992334688,16.07667770025765
7.210506,3,3850.56692,True,True,0.005298277993665564,4.03070902076331
7.690913,1,3851.793282,True,True,0.003981438115644785,4.013714425491787
2.050331,2,3854.414668,True,True,0.003068141119961851,14.06249221106154
2.185269,5,3859.953741,True,True,0.007202450092736165,11.603087072818889
2.159971,1,3861.15153,True,True,0.009485040553812635,13.995669430616813
8.747662,1,3862.391766,True,True,0.0016556281943625314,2.1025725840630685
3.818554,1,3864.007168,True,True,0.00189743379235016,11.00004983046364
1.094524,4,3868.263001,True,True,0.0031868034612097438,14.747484304904185
4.355861,1,3869.386185,True,True,0.00028656448524675034,10.028715280962556
9.551691,1,3871.041819,True,True,5.761192211161119e-05,0.6476981853414865
2.102709,1,3872.645703,True,True,0.005775916377804823,14.096876522562136
3.465031,2,3875.363728,True,True,0.0045433556281351695,10.7131655583878
2.726431,1,3876.886062,True,True,0.0007297436633831476,12.969057116149216
4.644697,1,3878.538289,True,True,0.005508098227295553,9.511584560704785
0.532768,2,3881.264628,True,True,0.00010816846507082404,16.80697000313946
2.004597,1,3882.90383,True,True,0.0022111140340484985,14.271697103477392
3.408922,1,3884.507257,True,True,3.558991122643018e-10,11.737568824184224
6.858047,1,3886.152008,True,True,0.00012974235286167778,5.513408396095477
-8.556559,29,3916.49033,True,True,0.005622365097961711,13.986749832005376
2.436856,1,3917.690157,True,True,0.008823191829189862,13.496136817258858
6.108677,1,3918.99495,True,True,0.004386300068816122,6.870158921237574
7.862211,1,3920.280877,True,True,0.00011823306461756101,3.7001024675142045
9.083873,3,3923.156734,True,True,0.004630760122597067,1.1953627365959865
8.679132,1,3924.752196,True,True,0.003802459078735018,2.2289500997339844
3.209137,1,3926.278457,True,True,0.0013725289858499056,12.09890215402399
5.959196,2,3927.560265,True,True,0.00015255554558822604,6.997897155815071
6.171432,5,3934.522059,True,True,0.0026382025626077513,4.954474005582374
7.845314,1,3936.173075,True,True,0.004626437106945077,3.7276407744825466
6.54598,4,3940.383968,True,True,0.0023672214041364076,5.702767094183163
0.841882,1,3941.931456,True,True,0.00502195201766335,16.369486530933024
0.867677,1,3943.512535,True,True,0.0045584968310989245,16.322753217039054
2.506812,3,3947.937541,True,True,0.008873062613312884,9.876625212249644
-8.519625,15,3964.372317,True,True,0.005427068115427031,16.870275719068935
7.394928,2,3967.272822,True,True,0.008913169989062287,3.9115822649629277
-5.858762,11,3982.248439,True,True,0.008378972723505625,16.95080487513872
8.505484,1,3983.568816,True,True,0.0003701081177640529,2.5384719830837907
3.283568,2,3985.940012,True,True,0.000765203580793343,11.77382645220522
9.205548,3,3989.174209,True,True,0.00018647113184911725,1.4467266392439944
0.420852,1,3990.397986,True,True,0.004718186642433822,17.128279448345804
6.686974,3,3994.521497,True,True,6.278566212592797e-05,6.9907459392883124
3.152174,8,4005.599728,True,True,0.000254139849824208,10.553129673328275
7.211316,3,4009.578253,True,True,0.003966450308950964,4.178043704940352
6.799184,1,4011.081544,True,True,7.892305131096899e-05,5.619630146952688
4.491216,1,4012.56463,True,True,0.009466562525871728,9.792106683648804
1.354598,2,4015.077564,True,True,0.0030088558009833156,15.153576118860135
6.737724,1,4016.275017,True,True,0.00020814195213116776,5.730723399184867
1.846911,1,4017.470227,True,True,0.0004916136363450098,14.55498921720495
4.607255,2,4020.052225,True,True,0.0009795150997870747,9.683711682059958
6.161218,2,4022.711173,True,True,0.004500883538956581,6.834275520921971
5.573458,1,4023.964086,True,True,7.832154716354896e-06,7.832133163980727
2.582035,5,4030.579431,True,True,0.002508596413452054,11.09338915461336
8.178899,3,4034.589199,True,True,0.0004781894789560442,3.872479901413186
6.958702,2,4037.58662,True,True,3.164117212390563e-05,4.9331703314471955
7.895548,3,4041.497304,True,True,0.008678258985511464,3.8725306974693705
3.398354,1,4042.870814,True,True,3.226304293169058e-11,11.756631173305445
2.8533,1,4044.297668,True,True,0.0030078073530484806,12.74175482077373
9.274538,1,4045.688549,True,True,3.619388466917558e-06,1.1474315551023124
-15.643321,35,4063.889148,True,True,3.0652293888550584e-05,5.664810338387663
5.275955,1,4065.026133,True,True,0.0021571811740138955,8.370906638543113
7.116153,1,4066.299945,True,True,5.27184708595807e-07,5.047246661552086
5.661645,1,4067.568281,True,True,0.00032868959998936945,7.673267451655261
3.470282,1,4068.894221,True,True,0.000437408525958115,11.627204296878677
4.523843,1,4070.092346,True,True,0.0043875566229132565,9.729638218078115
3.14814,3,4071.29723,True,True,0.002840108340969035,11.666541820703982
8.647927,1,4072.709627,True,True,0.004554938421119793,2.28618608921148
9.38512,1,4073.938316,True,True,0.0023357452300196767,0.951771026076383
3.75187,2,4075.216185,True,True,0.0003997444434919416,11.00295875412512
-21.771717,60,4122.424123,False,True,0.01385610751994113,5.1027477737615845
7.154118,1,4123.621929,True,True,0.004768056608728028,4.982772547584922
8.187887,1,4125.152704,True,True,1.8927993310930216e-05,3.1117487719834034
1.080265,1,4126.642028,True,True,0.0005406223389948193,15.937341572813216
7.127933,2,4129.335343,True,True,3.118482761309098e-06,5.045826870824176
2.836679,2,4130.714756,True,True,0.0017943314951185643,12.601976846178752
7.049671,1,4132.246022,True,True,0.0001964384929117914,5.1674951874167645
9.865419,1,4133.552346,True,True,1.804199849175618e-06,0.0805850322674367
-22.962922,60,4187.874882,False,True,0.008145898465117922,25.05323226887091
7.45693,2,4189.111314,True,True,3.0427078060804753e-05,3.6887997966998687
4.519916,8,4195.624708,True,True,0.004797828526270887,7.97419027150123
6.961799,1,4196.816773,True,True,4.1764827789416564e-06,5.325950927924895
2.316512,1,4198.151528,True,True,6.980878548834557e-11,13.707845944390874
6.011967,4,4199.448271,True,True,0.002405503529078157,6.454707641097088
4.843703,1,4200.741751,True,True,0.00829788627436535,9.154428734375742
5.028413,1,4202.021564,True,True,0.006651703213748697,8.82112714688632
-7.889213,18,4217.643542,True,True,0.0007475661997256118,13.286012142458295
-13.082814,16,4231.592446,True,True,0.0002959571608073426,12.645457897365501
0.882281,9,4236.836809,True,True,0.0025482662378874567,13.606418840394602
4.999393,2,4239.403234,True,True,0.0004183481870576799,8.452213782431851
3.144326,2,4240.64973,True,True,0.0072004013734296,11.945155105698435
2.30812,3,4243.077382,True,True,0.0046598366333001125,13.211427904334377
1.453534,4,4245.762868,True,True,0.0017853241416266041,14.663727981630556
8.56337,1,4246.970819,True,True,0.00027695999871328114,2.4337846733957216
3.927253,1,4248.542701,True,True,0.0032430112234379856,10.804956931508123
4.92574,1,4249.985738,True,True,1.519459167828932e-06,9.001019462018379
1.5219,9,4253.82989,True,True,0.0037876356648900815,14.095571022887173
0.931037,1,4255.994853,True,True,0.0008370536401093431,16.206554449575627
3.044632,1,4257.326276,True,True,0.002888421292677114,12.396622475367653
9.147892,4,4258.814631,True,True,0.00015414683087955176,0.6623522020655191
-18.608157,60,4302.737901,False,True,0.009924181802020027,24.025697420836227
5.229736,5,4307.953491,True,True,0.004763844911746682,6.544298733374019
1.503539,1,4309.312757,True,True,0.0001816555717848679,15.173957223428893
9.116614,2,4310.715882,True,True,0.00042768873942098024,3.1869715468438957
6.406611,2,4312.020442,True,True,0.004918202508908374,5.927338219957326
1.908597,1,4313.175348,True,True,0.00042981169892598696,14.443717522022753
11.705617,2,4314.559973,True,True,3.3565035253984785e-05,0.005750545987545549
3.827614,5,4319.880614,True,True,0.005784981720645347,9.735650862756344
8.399852,1,4321.278725,True,True,0.004797468556149893,2.734474899020658
5.766182,3,4325.050625,True,True,0.004867567652697891,5.761034554218074
9.486782,3,4326.396256,True,True,0.00011163275605102687,0.4437674361758917
8.506585,2,4329.112692,True,True,0.004692736138229329,2.394092736005571
6.532753,4,4330.792552,True,True,0.0002755879921811904,6.627489806240144
6.38388,2,4332.092077,True,True,3.3229332959266566e-05,6.615204125820582
7.131992,3,4333.346745,True,True,0.002367658213715338,5.579390116361929
3.036078,3,4334.543382,True,True,0.0016438670844406353,12.162048399696804
0.014584,1,4335.711699,True,True,0.004816467702781198,17.86061678270522
5.911615,3,4336.977919,True,True,0.004624298625766738,6.87155977982215
5.007653,1,4338.336662,True,True,0.0001412160553651363,8.853329290536786
4.897445,5,4343.296455,True,True,1.3190949080203046e-06,6.300648917799129
3.644232,2,4345.873694,True,True,0.008951915184391427,10.981471879723802
4.254077,2,4348.606664,True,True,0.005129844747976321,9.934901923647807
2.439269,1,4349.923825,True,True,1.4255026326015496e-10,13.486461682027429
6.15331,3,4353.779028,True,True,0.0046753576640899824,5.933895007747286
8.539254,2,4355.104609,True,True,0.00027668201490373655,2.806946931099513
0.136385,4,4359.748885,True,True,0.0001277567611926273,17.296098731849245
6.61659,3,4362.484783,True,True,0.00032355431967932835,6.268367371699708
-29.39618,60,4382.209282,False,True,0.012848453717248583,39.04261730472301
-19.396718,50,4429.765869,True,True,0.01070483827467231,9.594156146355392
8.485875,1,4431.091659,True,True,0.004581906572591335,2.5788827014478746
1.853103,1,4432.152411,True,True,0.0020472851431960534,14.544761733693576
5.114282,1,4433.395081,True,True,1.5088490606673683e-05,8.660803588875623
3.978166,1,4434.586335,True,True,6.276597785256997e-05,10.710739301626461
5.30543,1,4435.946731,True,True,0.0005057576407493762,8.31629057739343
6.832025,2,4437.465982,True,True,0.006386133745352432,4.565185381454081
8.033831,1,4438.822448,True,True,0.00026976149720422775,3.3903109219169263
8.183621,2,4440.159481,True,True,0.007049966389912729,3.1121216724662175
4.129649,3,4443.908978,True,True,0.0008786126874649677,10.214222183001155
5.886897,1,4445.211951,True,True,0.0004159694703359607,7.266800207675619
6.111141,7,4449.945409,True,True,0.007162600171167037,3.021708985853382
6.225752,1,4451.172793,True,True,0.0041474975622361795,6.658661390709864
7.826707,7,4457.195859,True,True,0.002166597590617528,2.693340768810946
4.92527,2,4458.479641,True,True,7.059663121448609e-06,8.868568372905045
4.791153,1,4459.769943,True,True,0.0026995225499190437,9.24608842321922
8.384586,4,4462.340305,True,True,1.2204802450045248e-05,2.2978482738886092
4.876075,1,4463.532709,True,True,0.004292255078457916,9.092725964565515
2.053091,2,4466.094096,True,True,0.00036350476758254587,12.26634057314244
9.873234,1,4467.324923,True,True,1.2647258420121418e-05,0.0664741820854237
-2.601987,18,4474.111868,True,True,0.00236815452778992,10.99884679974278
2.852444,1,4475.362355,True,True,0.006237473085570077,12.745323393416042
-3.814252,13,4481.926399,True,True,0.004672670453695791,11.351463218119042
6.221048,5,4486.768077,True,True,0.0026393151726222673,6.759472673656924
8.580585,1,4488.02957,True,True,0.004758347019014519,2.408041491076985
9.172402,1,4489.388586,True,True,0.003513371555943126,1.335294050099862
1.820316,8,4497.026771,True,True,0.004964683580926478,12.525883107645837
-17.553707,24,4514.457623,True,True,0.00934584091893249,14.96278424178316
4.098567,2,4515.692218,True,True,4.441293160670212e-08,10.261878219818177
2.087372,3,4518.447737,True,True,0.005123181206009448,12.009984096254325
1.347024,2,4521.172358,True,True,0.009024243590923173,15.204338615080404
5.003624,3,4523.732203,True,True,0.009145675334475571,7.1704144291809175
5.964499,1,4525.15709,True,True,9.832381126973822e-06,7.126347599390487
2.30418,5,4528.080694,True,True,0.009705844386596166,14.41807559740058
2.491448,1,4529.394714,True,True,3.029922340802571e-09,13.392359312158373
-18.003279,60,4546.809476,False,True,0.011993901009382378,23.407946752939452
1.800052,2,4549.287255,True,True,9.362957151108804e-05,14.47578949011548
8.529942,1,4550.710591,True,True,0.004545345148848576,2.499256841209542
4.363106,2,4553.276685,True,True,6.302194651558457e-10,9.775149059887276
3.221943,1,4554.597866,True,True,0.0002097311524554002,12.07498729400906
4.927015,1,4555.74633,True,True,0.00015347255954551234,8.99884843004153
9.199512,1,4557.152979,True,True,1.0102518971837407e-05,1.2840751395477157
5.169405,1,4558.49386,True,True,0.005346037402306476,8.56576300284862
5.701108,2,4561.095172,True,True,0.009488713109965592,7.379626055303067
2.94873,1,4562.477719,True,True,0.002273107606958951,12.56917128324887
9.055084,3,4566.266939,True,True,0.005061041332569682,1.2493276516442238
6.872622,2,4568.762877,True,True,0.00021582273851184885,5.3442159018007755
4.145238,2,4570.072852,True,True,0.00017399153682544095,10.279663835724559
-3.296572,10,4572.941298,True,True,0.009623830783988402,11.655378428198144
0.659058,1,4574.24754,True,True,0.0003703392773666814,16.696640824170423
3.08741,1,4575.650955,True,True,0.0006195425090989928,12.317930931137546
2.95363,3,4578.17164,True,True,0.0017072732284795682,12.311475160222425
6.060808,3,4579.457842,True,True,0.008817199034970873,5.768119863787201
-0.831453,3,4580.70442,True,True,0.00945238110196112,17.146582970190707
2.93226,2,4581.941248,True,True,0.004815174596336563,12.726026649047832
7.011837,5,4588.006036,True,True,0.009399172033080815,4.192527888201013
7.307042,4,4592.063734,True,True,0.004027400848627469,4.2833404292789945
4.29524,4,4594.837724,True,True,0.0006268109687791118,8.921259539534041
2.217495,3,4596.108843,True,True,1.984794427338163e-05,10.816223803023728
0.932374,1,4597.360954,True,True,0.004848647087679399,16.20627391132532
4.686797,1,4598.572546,True,True,7.538522653338653e-10,9.432172216259424
8.670597,1,4599.72054,True,True,4.251179313540985e-05,2.2397752168422325
1.26224,3,4600.920933,True,True,6.999003136291923e-05,11.783335384725177
1.856947,2,4602.194359,True,True,0.00167556405684415,14.224065135697803
3.191832,2,4603.407726,True,True,0.004484839089060138,10.574208242926092
4.744418,7,4604.809899,True,True,0.004800374536251159,7.916799998891525
7.003087,1,4606.06058,True,True,0.004590510871596971,5.256063370792062
-20.701667,60,4641.393901,False,True,0.009322824124355353,15.228381324136826
7.590161,2,4642.739029,True,True,0.0016906647847657304,3.982777571337679
6.684873,2,4644.134779,True,True,0.0016168827469710953,4.993701292941713
2.760299,2,4645.58205,True,True,0.004355031146776548,12.713985694258707
4.579138,1,4646.9359,True,True,0.00028608661642324845,9.626661755993329
2.140887,1,4648.338519,True,True,0.000149395075472754,14.02465773376985
8.713646,1,4649.602142,True,True,4.470175796870979e-05,2.1620043811348832
8.277501,2,4651.876892,True,True,0.007142801990874699,3.607577599943273
4.090143,1,4653.238952,True,True,0.00045109156560125836,10.509025980789339
9.905422,1,4654.381154,True,True,7.390794904901798e-08,0.008275685741550182
5.510267,4,4655.665349,True,True,7.636935981923028e-05,7.680183138626864
-22.781488,60,4707.426716,False,True,0.015042073600512285,7.227113106642273
5.931308,2,4708.709425,True,True,0.0045347845646284855,5.819062889315735
0.331091,2,4710.060997,True,True,0.003982587414924653,17.2505220659167
2.73091,1,4711.149552,True,True,0.001249227192825859,12.961324548722466
5.786047,1,4712.343188,True,True,0.0017067689877445634,7.450005199593202
1.967865,5,4717.357717,True,True,0.004680442877653016,13.656996941645012
6.429062,4,4722.458722,True,True,0.004807902536640638,4.775882743463906
9.420448,1,4723.850643,True,True,0.00010869383452144239,0.8849551068569352
6.667319,1,4725.180271,True,True,0.00021986866604736723,5.857843665343658
4.086622,5,4728.950572,True,True,0.003727770094275957,9.254189864970748
4.863007,1,4730.2227,True,True,7.75502659572944e-05,9.114283254065839
9.605071,1,4731.602499,True,True,0.008751724824849543,0.5623792379050203
6.526348,3,4735.487857,True,True,1.0905042184530464e-06,5.5043837913377125
0.290481,1,4736.710296,True,True,0.004654576771870041,17.36324496429822
4.054969,3,4739.432045,True,True,0.00022899752477034685,8.50568972816008
4.178985,3,4742.239043,True,True,0.00237047006071024,8.428617516700248
0.867142,2,4743.475942,True,True,0.004428705336928972,16.12922156468935
3.863672,1,4744.657297,True,True,0.004912953315185278,10.920817333394789
2.014318,1,4746.03527,True,True,0.0077491652477163706,14.257325130015385
-6.240654,7,4752.589415,True,True,0.007092301756663873,17.67396611694085
8.624021,1,4754.008672,True,True,0.004789590705518285,2.3296323881267216
6.021331,1,4755.448656,True,True,0.00036272450115367415,7.024102035175275
6.328421,1,4756.813412,True,True,0.00506169503866275,6.474196263968549
8.545927,1,4758.033525,True,True,2.0993419138182895e-05,2.461315329802503
-10.431037,20,4776.731866,True,True,0.00863275646324993,17.763820920810602
7.933614,3,4778.035542,True,True,0.0012406148645175644,3.7552876158859294
4.595626,5,4779.441532,True,True,0.004420765435505758,9.434490049033029
6.749415,1,4780.681529,True,True,2.1084169054166706e-06,5.709403518252417
3.664576,1,4782.086169,True,True,5.7334167795353164e-11,11.276401349432483
4.165627,1,4783.388548,True,True,3.053830775551225e-05,10.372516691813892
7.226907,1,4784.766892,True,True,1.982935012149415e-05,4.847281147287351
0.651814,1,4786.095482,True,True,0.0055703653611869075,16.712373447400747
3.47988,3,4788.699748,True,True,0.0032545562598086317,11.484907169065687
5.339749,1,4790.237355,True,True,8.243603123877022e-06,8.253915574297793
-16.809906,60,4825.593797,False,True,0.009756834569766388,55.78524058805758
4.186524,1,4826.893562,True,True,0.00011624003194978579,10.3348828797222
2.801106,1,4828.178736,True,True,2.733339370813992e-10,12.833885007348373
7.22551,2,4829.54418,True,True,0.00024124945923413056,5.805628516677568
3.977425,2,4830.756986,True,True,0.0025660290806586274,11.78785872759096
-2.329239,8,4832.388991,True,True,0.008211799917779173,17.247363806641815
7.833617,1,4833.516757,True,True,1.4298950165146478e-05,3.7516237502855163
6.745006,1,4834.637095,True,True,0.002392092460863159,5.719781156111355
4.633893,3,4835.979172,True,True,4.087479769773663e-05,9.570242304928048
5.784939,1,4837.268132,True,True,0.00462629932215519,7.45456875566231
2.024447,1,4838.466352,True,True,0.0034125860608420835,14.236620163466998
7.026466,4,4839.90435,True,True,0.0011508663871186162,3.724975077016222
7.258197,3,4843.629913,True,True,2.360066800805461e-05,3.250118714724495
5.86137,1,4844.942972,True,True,5.54168324101538e-06,7.312487449593717
-16.648612,19,4847.923806,True,True,0.001198780000736364,15.128518584811534
4.617665,1,4849.031531,True,True,0.0007116974628294248,9.557495478681933
3.420246,1,4850.17486,True,True,0.004976949816495773,11.720598536657553
5.529099,1,4851.38377,True,True,0.00017067056657769832,7.912338652125389
3.961084,2,4853.987282,True,True,0.0003303804356893107,10.147916084400041
5.982019,1,4855.203814,True,True,1.1230110275348842e-05,7.0947259106421185
7.088499,1,4856.551963,True,True,0.004574195593625893,5.10187016781561
1.685608,1,4857.937344,True,True,0.004043911367337628,14.84791124340947
0.467968,3,4859.181332,True,True,0.0006338523074870209,16.925249685961887
9.825855,1,4860.47341,True,True,0.00019510426904892093,0.14990318187040613
6.463893,1,4861.720806,True,True,0.005045961790276894,6.229691814503734
4.488055,1,4863.009114,True,True,0.0007331236861744536,9.791362140263775
4.956682,2,4864.402201,True,True,0.00030035621555500624,8.951512333377217
6.788155,2,4866.806938,True,True,0.002052378444678136,5.5009639579110585
7.413296,1,4868.09967,True,True,2.8696995897293165e-06,4.510688929066182
8.978088,1,4869.408482,True,True,1.9272547987509835e-06,1.684163582876498
3.734356,2,4870.741395,True,True,9.695418916784286e-06,8.744712529929913
3.282801,1,4872.109885,True,True,0.007166558192163302,11.969865331416026
7.007304,1,4873.364817,True,True,6.189147151548823e-05,5.243848896924897
6.042014,1,4874.517987,True,True,0.004784055795487844,6.990808152219931
7.131448,1,4875.796201,True,True,0.004629039371868891,5.02320542256437
7.19465,1,4876.92856,True,True,1.5508429001919724e-05,4.905522926847904
7.795206,1,4878.246443,True,True,2.072718604844391e-05,3.8210039234238864
6.540546,1,4879.401901,True,True,0.0031359739742247705,6.089567963036976
6.632879,1,4880.536505,True,True,0.009864880303726847,5.928953900004731
6.406342,3,4881.79578,True,True,0.004413009216290457,4.09177216235392
1.135939,4,4883.146517,True,True,1.8823678136613547e-05,14.969694710785493
2.472384,7,4887.153267,True,True,0.005797975791893031,12.295139805804386
8.629444,1,4888.464068,True,True,5.233247899633434e-06,2.3135022071833484
4.708364,3,4890.997533,True,True,0.006880793604476133,8.637643678679106
7.311736,1,4892.387451,True,True,0.00465277976029913,4.6989641952817305
6.910082,1,4893.646115,True,True,4.533921495339464e-05,5.419370815387619
-24.204322,60,4953.950901,False,True,0.002004593178719035,46.90938237922295
3.531419,5,4960.138583,True,True,0.002986813185808442,12.053594206763766
-1.946479,9,4970.408568,True,True,0.010243658938737089,13.955117939544952
2.269822,1,4971.528222,True,True,0.00013802399679315727,13.79213559515069
4.544736,4,4976.566603,True,True,0.005314694924411669,9.069878101802441
7.125555,10,4982.027419,True,True,0.002410733592897604,4.2074920447701665
-14.449602,60,5017.68751,False,True,0.0018704049755905367,15.792921741994062
1.069861,1,5018.983531,True,True,0.002978660319760764,15.957441518999417
0.248219,1,5020.325769,True,True,0.004079675495289306,17.439147643943812
8.052145,1,5021.764321,True,True,0.0012568038786417322,3.3570644572905026
3.138249,4,5024.158386,True,True,0.002358455149196588,11.626019058254316
5.409675,1,5025.366158,True,True,8.195474322271468e-07,8.127714558545454
5.20978,2,5027.91977,True,True,2.265808205816587e-05,8.472668157563419
9.835076,1,5029.088761,True,True,1.9102719463687636e-05,0.13545627743299377
-21.600945,60,5091.986746,False,True,0.004162028165811757,34.25423867125062
1.185142,1,5093.162804,True,True,0.005974994926949797,15.751190012435897
1.458151,2,5094.485615,True,True,3.6589310400958475e-09,14.95295559515868
8.006642,1,5095.65573,True,True,0.004623167506531953,3.4443232480653756
7.660179,2,5096.899178,True,True,0.00024280110191475697,3.9175822722537754
4.229133,3,5098.214592,True,True,0.0007054369420325078,10.181723082652429
7.638086,5,5099.563351,True,True,0.005230568007934977,4.697636024216592
8.65022,1,5100.715734,True,True,6.45328696708726e-06,2.276544023784938
8.399141,1,5101.899335,True,True,3.891387543411475e-05,2.730168739992042
3.991974,1,5103.128232,True,True,0.0028492505895299017,10.687926354552042
4.813006,2,5104.360435,True,True,0.00028045390678679664,9.36878153189632
5.526858,1,5105.767463,True,True,0.00032303766942203774,7.916521404754932
5.879926,3,5107.066154,True,True,1.4567132276688353e-05,6.30540509401809
2.19966,4,5108.391036,True,True,0.00954897114019584,11.768260837858236
2.416959,3,5109.699067,True,True,0.005195133528648117,13.3113851790264
9.285669,1,5110.965748,True,True,1.3412467159953055e-05,1.1283895099267376
5.615722,1,5112.239272,True,True,0.0045268994743546155,7.759825521425235
8.148937,1,5113.501207,True,True,2.132188116107936e-06,3.18208385362793
-21.53175,60,5142.000626,False,True,0.013309965755997494,25.979944213538722
-9.656507,60,5183.363001,False,False,0.0024932357428663213,20.678078285022064
9.242874,1,5184.702046,True,True,3.185061477095283e-06,1.2037668363593532
9.324507,2,5185.965415,True,True,3.937223935889661e-06,1.1153660309745277
3.812266,7,5193.311691,True,True,0.00415135464256078,10.064989181116317
9.080829,1,5194.698574,True,True,3.6954361730574814e-07,1.4985190551378595
-20.208396,60,5248.155384,False,True,0.022644100232813297,12.633992073204073
6.065342,1,5249.497894,True,True,0.0047199222065345305,6.948655834163353
9.812024,2,5251.024306,True,True,1.0766292156123836e-05,0.011938906966811491
-8.244694,24,5272.969217,True,True,0.00941612975982337,5.558260233016014
8.195978,1,5274.241472,True,True,2.2499467252929534e-05,3.097138733115738
5.336526,2,5276.785893,True,True,0.004767464613688793,6.466299477912106
9.458855,1,5278.052193,True,True,6.361137791105649e-06,0.8154049862147502
7.745946,1,5279.29205,True,True,0.0001192597745346179,3.910083354345278
4.594364,3,5280.645538,True,True,0.0046871091994962165,8.355204605425003
4.336593,1,5282.006125,True,True,0.0002717090540619335,10.064259318432523
8.425457,1,5283.480336,True,True,0.004642939341203233,2.688062055407089
2.137385,1,5284.783073,True,True,0.0019854314160446273,14.03211834824301
5.443372,2,5286.173285,True,True,0.0040420594517590865,7.9382391801214895
7.520684,1,5287.580298,True,True,2.9871013492969653e-05,4.316793169832707
0.743789,4,5291.594926,True,True,0.0005150787374753017,12.41475922287715
7.135025,1,5292.982894,True,True,0.0033048684282687745,5.0166195470686965
6.215759,1,5294.31359,True,True,1.7011480152226942e-06,6.672799029544805
0.49505,2,5295.468471,True,True,0.0006375062868953446,16.87564580386231
1.917087,3,5299.577834,True,True,0.009370817231579582,12.405435214728325
7.59691,7,5302.208839,True,True,0.002399812113367111,3.7662219938400163
8.059631,1,5303.474876,True,True,0.0034886231303796465,3.3473984607714016
1.324868,2,5306.003638,True,True,0.004758079572224034,13.297333725893152
0.300452,4,5309.816267,True,True,0.0030285929549933397,16.91366218992669
8.091033,1,5310.94618,True,True,0.00019791625822887255,3.2869065389793612
2.98308,4,5313.42781,True,True,0.005675509117478909,11.89314640165587
4.87913,2,5314.864811,True,True,0.0006742709191978231,8.32077729528197
10.00863,4,5317.440598,True,True,0.004386768518931823,0.47482123344202287
0.871181,3,5320.957957,True,True,0.0001028525416727685,15.543519283524255
5.910316,9,5327.435227,True,True,0.0033944380167533006,4.360871569654121
1.762668,2,5330.101693,True,True,0.004780454313431382,14.418587078868345
8.829622,4,5334.025004,True,True,0.0002893266400699149,1.4807678009818066
-23.872981,60,5359.586485,False,True,0.026212840447742313,13.541856238408311
3.67948,3,5360.812586,True,True,9.194570763644077e-05,10.600196855984024
9.511645,3,5362.0647,True,True,6.817340037029024e-06,0.40871415821843154
3.202633,1,5363.251276,True,True,0.00920480138524521,12.115662650954128
2.994716,2,5364.635753,True,True,0.00015145177563193188,12.195127536287051
3.540154,2,5365.86829,True,True,4.2310525916189334e-10,11.373421781981001
-21.214233,60,5403.685691,False,True,0.004722197980156804,25.619488924422733
-14.957517,60,5431.084096,False,True,0.00479243343025002,10.86507183188681
-26.599593,60,5482.994359,False,True,0.0136876440756505,22.107894506749734
8.160349,1,5484.309155,True,True,0.0046416012054643335,3.1667951922759783
5.071972,3,5488.050616,True,True,0.00023906348174867315,7.122168945997433
7.410001,1,5489.428663,True,True,0.004669859129636871,4.520793588435372
8.25489,1,5490.655312,True,True,1.2876845522677254e-06,2.990697879835348
4.083154,1,5491.99185,True,True,0.0007940621496594297,10.521900070970048
1.626492,9,5493.504656,True,True,0.002014401731677202,14.051047896854863
4.098539,2,5494.783509,True,True,0.0047168989414794055,10.405225992164642
6.285111,1,5495.955382,True,True,0.00010536077642237917,6.54682944315005
9.542968,1,5497.115379,True,True,3.363478974567971e-05,0.6634304705740373
4.626184,1,5498.207021,True,True,1.2938787487039652e-05,9.541550066073219
8.692176,1,5499.316074,True,True,1.2428085275732748e-06,2.200736627685317
-2.379542,9,5501.947785,True,True,6.5715243247177e-05,15.432816676939355
7.211469,1,5503.111333,True,True,0.003548526766127439,4.87886180516764
-17.791285,60,5538.537431,False,True,0.02266402375399092,25.850573217222475
4.150032,4,5543.465726,True,True,5.682838717803234e-05,8.334066120504222
6.821697,1,5544.722568,True,True,5.362483435187703e-05,5.578957271309024
8.482953,1,5546.093985,True,True,0.00402573330092689,2.583525361370246
2.334699,1,5547.427465,True,True,5.634492872275132e-12,13.675047519037866
7.254094,1,5548.879781,True,True,7.037606858321943e-06,4.798174882973167
3.452651,8,5555.208983,True,True,0.00012277140070156636,9.185802909709341
4.575604,1,5556.579118,True,True,3.43522894158399e-09,9.632801875616405
2.350427,5,5561.808248,True,True,0.0005894098995619067,13.518819929468734
6.951478,1,5563.183123,True,True,5.077137443765603e-06,5.344585695263489
6.647359,1,5565.224391,True,True,0.004550518870120698,5.898110395391102
8.536549,1,5566.465801,True,True,1.604233988858339e-06,2.4818940576662722
4.767569,3,5568.784422,True,True,0.0003192237062243199,9.36956809030009
2.254719,1,5569.940488,True,True,0.00017096413324243706,13.819393168554226
5.803323,4,5572.509683,True,True,0.0048825184697408545,6.220173720654109
4.467219,1,5573.705073,True,True,0.004821999131897636,9.832106457194081
3.72256,2,5576.275341,True,True,0.0016027286703622413,9.228459508436293
2.415139,4,5577.766968,True,True,0.004650130942267218,11.604853299893326
2.213088,1,5579.082344,True,True,3.2661375687359495e-10,13.894358846237248
2.23343,1,5580.250242,True,True,3.9075938689912436e-05,13.857699662658112
8.634483,1,5581.733854,True,True,0.004432402124221923,2.3045045119286987
-21.295298,60,5610.040965,False,True,0.027664481787851358,29.407441127973573
5.513071,4,5611.428497,True,True,1.5065904912204067e-05,8.73990200253799
9.89991,1,5612.591659,True,True,4.27175577937468e-05,0.01830077153830047
5.308644,2,5613.810922,True,True,0.00029704482708033456,7.569126099305997
-18.849678,60,5650.872671,False,True,0.037625728644910976,28.134498620134924
3.545747,2,5653.33902,True,True,0.0006280324839236249,11.134855540541071
3.723864,1,5654.675396,True,True,0.0017689847973247734,11.170760374848719
9.318463,1,5655.811473,True,True,2.4061577023634737e-06,1.0691109755342834
1.930925,4,5659.385099,True,True,0.0015241383717690855,14.039926638802923
6.625335,1,5660.682704,True,True,3.9691404567226626e-05,5.9334557753702315
6.981722,2,5661.940954,True,True,0.001441676138835087,4.244393992564815
-15.262288,60,5711.601259,False,True,0.019170472484623002,30.702757426048205
0.738956,2,5712.86398,True,True,0.005015688844950182,16.350380983717244
0.239446,1,5714.125229,True,True,0.005257074614732404,17.455520169578257
7.703346,1,5715.477199,True,True,0.004608044505096543,3.9919237096049147
4.388663,1,5716.673763,True,True,5.447799343583082e-09,9.970094683424392
8.801502,1,5718.027756,True,True,0.007504429769543587,2.0121767715019696
4.377578,1,5719.242711,True,True,0.0027417263867019794,9.992248751214127
4.727074,2,5720.637063,True,True,0.004759894426578733,9.33589343367167
9.943186,2,5721.880089,True,True,0.00010007356257235398,0.36082562850558586
3.92784,1,5723.241956,True,True,0.0042519870009417125,10.804618598487126
6.454015,1,5724.599366,True,True,0.0008737120241293778,6.243569609275924
-4.488147,10,5728.395045,True,True,0.009566310629086895,15.7032742656913
1.610226,7,5733.784558,True,True,0.004565297447137925,12.886014469674395
3.460386,1,5735.076649,True,True,0.0007205769831020465,11.645260351772835
7.117554,2,5737.569865,True,True,5.1315406692999934e-05,4.76112079236753
2.93178,6,5743.815009,True,True,0.0033620439136866874,10.610566282275999
3.890804,1,5745.295505,True,True,0.0011753005364044476,10.869185488322596
1.191217,1,5746.644406,True,True,0.004992355305756146,15.739731291143213
1.727154,1,5747.980139,True,True,0.0004621277049279503,14.770916023605027
5.845498,1,5749.34328,True,True,0.00015740425170519476,7.341278186271566
3.185678,1,5750.616956,True,True,6.031621656463378e-06,12.140253226822379
4.217857,1,5751.845265,True,True,0.0020572050284910215,10.279862113944873
2.303563,1,5753.095174,True,True,6.701204995164523e-05,13.731241441060183
9.307621,1,5754.525296,True,True,0.004793677304691433,1.0949020407488683
8.967717,2,5757.126055,True,True,0.0010907113277670777,2.8386252498486866
6.451131,2,5758.816986,True,True,0.006174278786000359,6.118811901703243
2.385348,2,5761.135083,True,True,0.00042919637743042693,10.34467101865408
8.365625,1,5762.728464,True,True,0.005618057785951227,2.7971904709642796
4.96208,2,5764.36078,True,True,0.0024347067255391878,8.702905894045488
6.489993,2,5765.826371,True,True,0.0017919081997979855,5.721211916999043
7.376062,1,5767.123119,True,True,5.637040678896019e-05,4.577984782458781
6.597073,2,5768.464247,True,True,0.0014977383303644803,5.889970807195069
2.294478,1,5769.75553,True,True,3.838199313498797e-10,13.747581970421464
4.587185,1,5771.029259,True,True,0.00986179945080249,9.619288480330852
6.35559,4,5775.932157,True,True,0.0024281266390322733,5.129999730820087
3.745803,1,5777.299421,True,True,0.0037188287578484034,11.132579256121623
4.463527,1,5778.858032,True,True,0.004184483325388084,9.838290477977333
3.902429,1,5780.26318,True,True,0.004862253689469846,10.850879761658977
9.688343,3,5784.126358,True,True,0.0035425226830130543,0.10153564965311598
9.264447,1,5785.609118,True,True,0.0005099107056653256,1.1674062582036906
3.411895,1,5787.000443,True,True,3.798024394985333e-12,11.732206096105164
6.351825,6,5792.096484,True,True,0.0021197981332514108,5.968635947115016
-17.822515,60,5840.818618,False,True,0.026851578819066982,46.59198931486107
5.517152,1,5842.391772,True,True,0.004832277054054743,7.937935872971649
0.065159,1,5843.987665,True,True,0.004984093312612005,17.769536660859746
6.831814,1,5845.568849,True,True,0.00848349308134218,5.56878666149938
0.632975,2,5848.504598,True,True,0.0049974254834325785,16.00325780159725
7.002578,1,5850.058048,True,True,0.0004928408207290139,5.252838656916455
8.578417,1,5851.726505,True,True,0.006341114462491851,2.4137341835361035
-0.313003,5,5855.376531,True,True,0.005707532568808917,11.88257714134979
6.418403,1,5856.978862,True,True,0.00455638477386183,6.308656481727118
3.722289,1,5858.10059,True,True,0.0018100988490209365,11.173630306656282
2.044322,7,5859.574032,True,True,0.010772699496412921,10.065276668073817
1.449625,1,5860.706491,True,True,0.009089714238775658,15.275990564858509
3.980637,5,5862.752618,True,True,0.00515773182230711,11.113146745572429
0.681888,2,5863.949564,True,True,0.0001435880785125368,16.630061164154625
7.672473,2,5866.358966,True,True,0.004643032600261363,4.917904975869272
7.591131,1,5867.459142,True,True,0.004021641201818985,4.193912657899629
3.57563,6,5875.527626,True,True,0.0027378428691442426,10.906719731008224
3.280037,1,5877.228476,True,True,1.1575018374343493e-10,11.970049367740776
2.786961,1,5878.425244,True,True,0.001689833902652602,12.860530154227744
2.159119,1,5879.983327,True,True,0.00022554495796810875,13.991828206426126
6.457333,2,5882.815471,True,True,0.0005736808873843162,5.95312068017007
6.224281,1,5884.28053,True,True,3.4864432067413e-06,6.657418736930681
7.811766,1,5885.763199,True,True,0.004949510825512577,3.7965311353311915
7.821641,2,5888.972079,True,True,1.0011765700444764e-05,3.624445556805175
3.591335,1,5890.602654,True,True,0.0013533389547746577,11.40951489495258
7.702053,1,5892.142159,True,True,0.0004215470842186377,3.989698878136738
6.674173,5,5899.691791,True,True,0.002541231058195214,4.559675370969624
8.227213,5,5904.994862,True,True,3.437308313778732e-05,2.516349057816319
9.579267,1,5906.247565,True,True,0.0005917766445606067,0.5986022926693083
1.399781,1,5907.857786,True,True,0.004574616388630399,15.363514114734958
-8.211417,8,5913.032825,True,True,0.0003959596370605783,16.727388391528674
8.996161,2,5915.959657,True,True,0.00018846039843862898,1.4954050018939238
4.360722,1,5917.454014,True,True,0.0015535123208212471,10.02173905554979
8.716216,1,5918.904462,True,True,0.0023137169393917145,2.1601848491870914
7.787007,1,5920.114722,True,True,0.0004375248678246393,3.836291927281778
3.872195,2,5923.170948,True,True,0.0002406252594401269,11.76646288654102
-22.914899,60,5965.324176,False,True,0.016511929848183032,23.749815949400485
0.610042,1,5966.876294,True,True,1.7022133355637514e-10,16.784807892266713
-19.570929,60,5998.852592,False,True,0.012227508550671845,20.24162945945546
2.878753,2,6000.356707,True,True,0.004666704074079058,11.724292704459865
6.149153,1,6002.120596,True,True,0.0016051681338283743,6.794566185990656
2.400488,1,6003.289766,True,True,0.005215764233447329,13.559647572608778
3.084855,5,6007.197623,True,True,0.00017820739237909677,9.794104325513857
1.469223,3,6008.573959,True,True,5.3946128265297284e-05,14.198323548006295
0.336448,1,6010.151138,True,True,0.0003380541669045483,17.278221742009165
6.692791,1,6011.665693,True,True,0.0001905293476155269,5.81182816683548
8.173839,1,6013.227217,True,True,0.00458058101037757,3.141619929170682
2.741021,1,6014.441025,True,True,0.0034365873349857783,12.944508899910891
9.372386,1,6015.654017,True,True,0.0023953774584185832,0.974857238849645
0.950657,3,6016.92655,True,True,0.00021049692200968573,14.919532536702679
4.127884,1,6018.127651,True,True,0.00043362465695892527,10.440925257306235
6.741972,1,6019.313354,True,True,0.003159036489362899,5.725391796387513
1.437262,1,6020.614042,True,True,0.000551375435124464,15.293678269351302
6.004125,2,6021.883695,True,True,0.009720718345780333,7.5283566620579965
2.561472,1,6023.14332,True,True,0.00256201989091036,13.267738409301094
4.404402,7,6024.602203,True,True,0.000609936938321393,6.658865234112212
7.103289,3,6025.909266,True,True,0.00021311415280072556,4.781225283989722
6.78368,4,6027.293887,True,True,1.2091585477764458e-05,4.4555522280052955
8.499369,2,6028.899922,True,True,0.00435941227723354,1.7257968613342425
1.2755,1,6030.148113,True,True,0.003971405506928863,15.587245307915733
3.234626,2,6031.723212,True,True,0.0020043194648102637,11.92855931669
8.631877,1,6032.873881,True,True,0.004609318288583331,2.3152364862671453
4.973893,5,6036.418552,True,True,7.899033733497866e-05,8.429837966304213
1.804315,8,6042.845277,True,True,0.00014269810984457194,11.22916189345214
8.215094,1,6044.078598,True,True,0.0047134170738965895,3.068018211625695
2.884046,1,6045.313344,True,True,3.3899077989119064e-11,12.684294274199038
8.317447,1,6046.516008,True,True,0.00464446173841254,2.883113841708912
5.865328,3,6047.779174,True,True,0.002580183373611133,7.140745883189917
3.991529,1,6048.939744,True,True,0.0014919900784436217,10.687722148600502
4.682572,8,6051.80668,True,True,0.007975073488922875,8.404675391477276
4.392998,1,6053.343886,True,True,0.0014943145744410434,9.963463469867275
3.446439,2,6054.484659,True,True,2.6292582902542883e-09,11.158277689437082
1.823593,3,6057.912888,True,True,0.004849378869229284,14.362527606922189
7.200991,1,6059.549019,True,True,0.0015855748380468465,4.895752013751746
8.23507,1,6061.089861,True,True,7.093957970193306e-06,3.0265061674274394
6.353209,1,6062.264382,True,True,0.0024312559912625727,6.42703695587467
8.190743,2,6064.510135,True,True,0.0021646210525673795,3.2264087780411046
4.007699,1,6065.980348,True,True,8.003360819856115e-07,10.657411467396539
5.645622,1,6067.527406,True,True,0.009243666268519548,7.709664206621237
9.583308,1,6069.085278,True,True,0.0003944863393666757,0.591025837322543
3.858001,1,6070.689307,True,True,0.002016603196883674,10.92898196700652
3.172126,2,6073.509859,True,True,3.609486459721367e-10,12.038692976282537
6.340121,2,6076.209375,True,True,0.0017486573568131721,6.311465164776609
1.088323,5,6080.299523,True,True,0.002324386819439611,15.478998614495637
8.178061,1,6081.974404,True,True,0.004756901242215284,3.1349394607857164
3.013215,1,6083.170306,True,True,0.005939396258627824,12.455235771947555
2.047504,1,6084.738724,True,True,0.0022647403461950027,14.194360391506233
7.189474,1,6086.391965,True,True,4.483581071072773e-06,4.9148580664594625
3.894009,1,6087.687225,True,True,1.2762416470857296e-10,10.862511709438268
1.555002,2,6090.914026,True,True,0.005144383080489838,14.10143233109504
5.601233,1,6092.455804,True,True,0.00012230747790452356,7.782108694760502
9.016558,1,6093.723484,True,True,1.069908956384015e-05,1.6146648564201687
-6.277702,12,6104.275978,True,True,0.004804472458871889,17.18556563404368
6.985486,1,6105.578452,True,True,0.004702633515535047,5.28776724269658
6.284961,1,6106.854522,True,True,0.007152429042387505,6.554452100688671
3.839493,1,6108.040622,True,True,3.7072541260799174e-10,10.960858578919657
2.544039,1,6109.22832,True,True,0.000171203248754945,13.297626701123718
8.345835,1,6110.463358,True,True,0.0017145099193511988,2.8284797620952515
2.517506,1,6111.648113,True,True,4.810314284034564e-07,13.345364786759099
5.693159,1,6112.90418,True,True,0.004312773810846888,7.618285103596246
-0.167445,7,6117.640404,True,True,0.004326932979068701,13.870342288105281
4.131737,1,6118.783002,True,True,0.004788700550444571,10.437226580660807
6.183923,2,6121.132241,True,True,0.004733586228081923,6.355996283434845
0.878671,3,6124.828172,True,True,0.00946803227851279,14.936829599817377
-1.759911,14,6131.579989,True,True,0.0012591930942129287,8.24249926504068
-16.097517,60,6161.79639,False,True,0.018882305169762737,82.10722395546547
5.583016,1,6163.497279,True,True,2.050750114457149e-05,7.814894332972213
3.561876,1,6165.184119,True,True,0.002763339375403134,11.463653789556911
4.917785,1,6166.877543,True,True,0.004615656387499657,9.019140513444519
9.185075,1,6168.545693,True,True,7.345821225013954e-06,1.3076881325893468
2.916893,3,6172.079614,True,True,0.009387153073024259,10.235835354343271
7.012267,2,6175.008661,True,True,0.0007750250733945183,5.859721522951121
6.026199,1,6176.218907,True,True,0.004644163767408245,7.019226742860995
8.295943,2,6177.53308,True,True,0.004627482358991063,3.259093056417762
6.72219,1,6179.156448,True,True,0.0048825258730378135,5.762963175999871
3.547537,1,6180.768785,True,True,3.352344917379249e-06,11.487530621913082
6.850078,1,6181.97507,True,True,0.002281665934604037,5.529995527434829
3.2582,5,6183.358252,True,True,0.0045421553738582005,9.61174062240804
6.714933,2,6184.6397,True,True,0.0025002856090234997,5.511243041257192
7.203276,2,6185.92895,True,True,0.004311365960257644,4.246295087165374
-1.023714,12,6187.481214,True,True,0.002384386756031885,12.709888501482315
-16.746272,60,6217.505329,False,True,0.028719863222951444,17.899666065398577
5.120838,3,6221.612565,True,True,0.0072677588653268085,8.145569286374133
3.463197,1,6223.300771,True,True,0.003557833530423829,11.642183417355907
5.356858,2,6224.521833,True,True,1.4199744559142968e-05,8.087727544316525
2.259919,1,6225.720039,True,True,0.004932634246246678,13.812938241268842
0.738796,1,6226.913955,True,True,7.274302748702666e-10,16.552682093771942
0.859826,4,6230.942406,True,True,4.474249560247135e-05,16.003237391069522
6.803061,1,6232.058242,True,True,0.0008053335344130115,5.613379641180433
-10.224168,60,6271.793751,False,True,0.001424749905401916,14.063418126648383
8.929161,3,6273.122887,True,True,0.0006551548826416271,2.110811982206261
5.268217,1,6274.395205,True,True,0.009733071245368359,8.39083573674738
3.009279,7,6275.829655,True,True,0.0001807276430233814,9.67323148371561
4.353641,2,6276.966173,True,True,0.00351485429907395,9.945258070562488
3.758374,2,6278.275298,True,True,0.004274514643683033,10.835947097219615
4.072771,5,6279.573937,True,True,0.0068650012698908075,9.922266782899294
8.440503,1,6280.700565,True,True,0.004639394136785305,2.6608851225705785
-25.166383,60,6329.447434,False,True,0.0077626975380604745,28.81927463994658
-12.125465,14,6333.615963,True,True,0.007603534251582132,16.759022695777073
5.077061,13,6342.398289,True,True,0.0021195099450104,1.021652064397363
7.318151,4,6345.952714,True,True,0.0023697810585878564,3.784619918849062
5.362737,1,6347.102412,True,True,0.0005645280054422308,8.212924658460738
0.443344,23,6365.996842,True,True,0.002318053773569061,3.4889209519559152
3.925152,1,6367.652142,True,True,0.00023513219080856696,10.806509823375139
5.443364,2,6370.913324,True,True,3.151173325163315e-05,8.671408497105924
1.800178,2,6373.703479,True,True,0.004304249896567823,14.48700631720519
9.902131,1,6375.322162,True,True,7.395831936108429e-07,0.014224296939650783
2.515039,1,6376.778882,True,True,0.0024946093251310385,13.351429245630419
3.425865,1,6378.428861,True,True,0.00890033490950662,11.712957469366541
5.158694,1,6380.009976,True,True,2.1110805119885223e-06,8.580647527010596
6.660934,3,6382.397898,True,True,0.00023575493459973736,6.180669485430721
3.322103,1,6383.921421,True,True,0.00021054012159825962,11.894324233762303
3.627307,1,6385.561869,True,True,1.7220844784893163e-09,11.343631543532146
-11.093696,11,6389.84183,True,True,6.740002578926527e-07,9.970738946404893
7.631669,2,6392.652561,True,True,6.519747803049791e-05,2.9328693036099915
3.506268,3,6396.633395,True,True,0.0033882017799245004,11.514311497480213
2.331963,1,6398.269534,True,True,0.0006708336772472574,13.680413939882136
