#{"t_start": 1785277330.2368677, "env_id": "None"}
r,l,t,success,freeze_attempted,d_m,alpha_deg
0.286806,22,11.083852,True,True,0.004830769772675577,12.363286669097507
4.87652,35,15.257988,True,True,0.0047666145509704504,3.30165239536592
-0.190166,17,21.408527,True,True,0.005149151995464649,15.091208344036932
2.182034,3,22.799908,True,True,7.468560561663118e-10,13.641696150723307
-7.834156,60,35.872937,False,True,0.007266314965342175,17.88768149035015
1.411663,32,48.686185,True,True,0.008085332306694643,10.277721406820818
2.114208,9,51.974225,True,True,0.005149766907049897,10.489890179767217
3.187299,5,53.293864,True,True,0.004584466869788024,8.412442142388333
3.320509,2,54.44477,True,True,0.003935267886414417,11.178662653119732
2.285824,2,56.982708,True,True,2.8066794027781228e-09,13.640395942376966
-0.109642,14,58.650154,True,True,0.0073553596460500924,12.229350964821155
8.976126,1,59.858242,True,True,0.00021789654482634634,1.6879914924424089
-0.112602,11,61.36428,True,True,6.110199499143043e-11,16.06258013181157
-10.386658,60,68.987171,False,True,0.02259451419868406,36.2019222010948
-20.786964,60,79.581261,False,True,0.04404059586033848,23.10975491934731
-0.270968,22,83.966501,True,True,0.007247242535440393,13.59506405070316
5.496381,2,85.65498,True,True,0.004736368887865184,7.843520483326323
2.039794,16,93.205547,True,True,0.011999575810736966,10.66727230493375
-15.637797,60,121.417901,False,True,0.004790818349771594,9.002654650785361
-0.094352,14,135.020697,True,True,0.005187832879072013,17.94859957675012
1.953656,19,150.14031,True,True,0.006773784888343418,12.045021133131536
3.13612,6,153.007689,True,True,0.0005858150425903869,11.691210862705141
1.687927,9,156.075868,True,True,0.00019284183580888696,14.269474144632436
-1.791698,30,165.540232,True,True,0.0018964477226985754,16.572099642699246
1.215937,11,172.082366,True,True,0.0028773875663944837,14.471839147881395
2.535085,10,175.074761,True,True,0.00339374552593217,12.383367301884915
0.627625,32,185.516584,True,True,0.010217034484450306,12.448676999384501
-2.679303,51,193.799783,True,True,0.001486933595727078,8.255536456178724
-1.691859,4,195.023592,True,True,0.002227825780956404,17.14411924898845
2.330895,12,201.866899,True,True,0.005116414149661936,13.74601517351016
-2.604465,17,207.746274,True,True,1.3279506834440458e-10,16.444592639395168
5.464973,5,208.980154,True,True,0.00121679372731441,6.606992876799923
-0.150238,6,210.390465,True,True,0.009077002689881633,17.215560088828855
4.348738,2,211.420246,True,True,0.003997883200675546,9.915853053878564
-3.439573,35,223.560879,True,True,0.00010729315837925682,15.10471190091752
2.13588,8,227.455134,True,True,0.001148891034365507,13.318760198482348
4.155386,7,228.694552,True,True,0.003158437559656819,9.797024019426434
4.106668,32,231.932867,True,True,0.0023808936230971774,1.7008702459280838
-0.650083,14,234.523914,True,True,0.00173653214857478,16.46011462529874
4.529523,15,245.013454,True,True,0.00946932692106003,6.713182574672715
0.327165,1,246.081288,True,True,0.0005018075434010619,17.295041445714794
3.002699,1,247.1958,True,True,0.0037715717182116634,12.472824987890585
3.856668,1,248.762491,True,True,0.0005340357115448825,10.930281859480809
1.901632,1,249.866281,True,True,0.0005731087402178967,14.456365234328155
3.102254,1,250.942975,True,True,2.1302499811880204e-09,12.290722764040508
-18.733069,60,263.632316,False,True,0.008848035874028408,49.17840128716783
5.192496,3,264.836401,True,True,0.0038349205245477927,7.694153260321582
5.240248,6,266.585493,True,True,0.0003471087744766734,8.415981722870537
-0.087225,14,270.148026,True,True,0.007634006512064973,16.215620628366025
-2.160237,31,276.661954,True,True,0.0019166427629657883,15.129636945421458
2.763442,8,278.734478,True,True,0.006939919040364252,11.249649845581056
-2.260023,44,291.071425,True,True,0.007199983356315084,11.00768736677059
8.626751,1,292.246101,True,True,9.004689920755898e-06,2.3189472438606042
-15.742178,60,303.16045,False,True,0.006278368460302257,52.53804331509191
6.791875,4,305.617233,True,True,1.0102701874882005e-05,5.3205033647042255
-9.912581,36,315.847036,True,True,0.00015729391507806213,14.113853417348727
4.132865,15,320.716588,True,True,0.004473565163900218,6.624571913916392
5.938572,11,327.400002,True,True,0.0023388729357385384,5.8248883900076285
-1.811601,16,333.196207,True,True,0.004601766928940805,17.72907829992639
-1.417234,7,337.961298,True,True,0.0031570375550488226,16.413545092971003
-0.715563,12,345.364817,True,True,0.0040203644574225775,17.969743749638422
7.735011,4,347.787481,True,True,0.002249177190568544,3.4528528218322827
-31.73161,60,364.905434,False,True,0.01703327882962928,30.298537032171847
2.141995,20,369.702436,True,True,0.001744088197551008,11.32550863070025
-4.722462,18,373.853554,True,True,0.009598475762086334,11.733756760663839
5.176592,7,376.061111,True,True,0.006298742621941052,6.3471460404244775
6.041279,1,377.129207,True,True,0.004329206738638203,6.991735731477162
0.48085,6,379.398764,True,True,0.0011613497955681885,13.690461805500778
-1.839621,52,392.505636,True,True,0.011703713785688179,2.9715365012471415
6.962895,2,395.073226,True,True,0.00010175333913914819,4.50890972963789
5.836356,5,399.823401,True,True,0.0023895483436158823,7.670718945048774
1.079116,24,408.793352,True,True,0.005237343506029219,5.249935336376696
5.872503,2,409.970039,True,True,0.0023791346816737107,7.3154724225020304
4.901698,1,411.127072,True,True,0.000648935177210997,9.044951696226851
9.543407,2,412.375157,True,True,0.004673072616759396,1.3844725314342436
0.622729,11,420.112257,True,True,0.004383273840117573,12.741365340789592
6.888181,8,423.456099,True,True,0.004741103961322715,4.669069566698814
6.216178,3,425.28274,True,True,8.413192098140863e-07,7.179677996537913
1.304495,4,428.188863,True,True,0.004837688513316016,15.411670879031366
-2.745867,17,436.350113,True,True,0.001384537724115566,16.78126502641264
-22.847337,60,460.263812,False,True,0.01461522362285362,23.389171757921886
2.611247,3,461.838317,True,True,4.080763504887841e-14,12.978138910900247
-0.252329,2,463.030224,True,True,0.008180791374137027,17.379929059215513
8.05824,1,464.722015,True,True,0.002601092697942611,3.3469328874728967
4.397774,5,466.285393,True,True,0.011721953119705149,8.332278181961371
7.92033,4,469.556611,True,True,0.004783567311779807,3.0286384087050964
3.942602,5,472.542908,True,True,0.0024304953832782364,10.26842161600332
3.864148,1,473.895795,True,True,3.9540832413864635e-11,10.916382175630783
5.231959,7,477.063105,True,True,0.005094657688095199,7.045233824991189
1.540785,3,479.176701,True,True,0.0015853186550391397,14.75096444204971
5.319935,5,480.375809,True,True,0.002390349874947187,7.484152430987038
6.159628,9,484.463795,True,True,0.004673981925837094,5.611252708359052
3.383088,8,490.51668,True,True,0.0013437774480840894,11.014384056935342
7.767508,1,491.646381,True,True,0.0001489198679168295,3.871175328763948
9.299964,6,493.173829,True,True,0.002196656569117727,2.3423120717417363
6.181457,1,494.800066,True,True,0.0024953145595272667,6.737093312604143
0.492051,5,497.617762,True,True,0.00015821026522528595,16.66295978819129
8.227436,9,499.298329,True,True,0.0051138403289359225,6.233993068520399
0.950528,1,500.441412,True,True,0.004778890193513253,16.1735116982719
0.711535,5,502.588028,True,True,3.7607931302630765e-06,12.388183595771947
8.431656,7,504.996298,True,True,4.1298154411050295e-05,3.507071625562807
4.671959,2,506.171097,True,True,0.0016428663967164268,9.32949462633694
3.495601,1,507.663873,True,True,0.006575378568945963,11.585745845187573
1.191449,4,510.991354,True,True,0.0025792343909436678,14.824109052307426
-1.675149,11,516.313693,True,True,0.009070297678395997,16.98869335332053
1.297602,9,520.477833,True,True,0.004339205813978245,14.072383540796649
1.181445,10,527.118235,True,True,0.004612480774576752,14.65815118357155
5.406599,4,530.966507,True,True,0.002139468163420007,7.030770729749724
4.489824,3,532.390079,True,True,0.0006565717844186983,9.392613267108388
4.955232,7,535.167854,True,True,0.0052457585863429895,7.883407493857916
5.543787,4,536.415679,True,True,0.004658104757308856,6.05468534511704
3.18596,14,538.198215,True,True,0.004518051909691215,8.165008704825304
0.7174,12,543.974354,True,True,0.004799949925249811,12.31410777119716
-20.415543,60,557.684058,False,True,0.036792604625776604,28.167630688974093
9.585031,1,558.666319,True,True,3.059594672192266e-06,0.5873673012250878
2.513889,3,559.746047,True,True,0.009697005394895524,11.90931511193781
-3.01149,19,567.835238,True,True,0.006994199165175619,16.05699626630191
9.657369,3,570.837134,True,True,0.004492267565860162,0.8502480704816823
3.258723,1,571.866364,True,True,0.00011299827477253416,12.00857643526727
9.226255,5,573.296227,True,True,0.007108369253311295,1.0954673199690133
2.788518,7,577.780541,True,True,0.004808138478346081,12.13989406518497
9.200347,4,579.047144,True,True,0.00046927028615197444,0.8975990198004904
-12.368303,39,600.334989,True,True,0.0026483585806330433,4.027956516716759
1.804303,11,606.079232,True,True,0.0015570280254331506,12.669568378669286
3.971672,1,607.102158,True,True,0.000955227677979233,10.72313769315801
6.372082,5,609.441871,True,True,0.0022052932892553216,5.056298400201342
3.659184,3,610.656395,True,True,0.0007160826552496165,11.337930656416804
-2.949,9,611.975524,True,True,0.00960635164977831,17.36590233144817
1.43753,1,613.039623,True,True,0.00019481385439740944,15.29298458165461
5.002004,7,616.471482,True,True,7.478151638965272e-06,8.341200304477365
3.348747,9,617.909778,True,True,5.988689371488019e-06,9.094197027692406
1.680395,1,619.046278,True,True,2.2097357963171476e-05,14.854962489073172
5.364406,7,620.285434,True,True,0.011724406649745979,8.02002318250519
-33.029018,60,638.647388,False,True,0.019213668261527185,22.361582333581268
-23.882453,60,658.541407,False,True,0.028144793381535447,30.23052968253104
2.34126,3,659.720372,True,True,0.005090066422000671,12.115623445870805
6.644535,6,661.013041,True,True,0.004879920988484736,5.26622878819694
5.007321,8,662.262976,True,True,0.005239998455896679,7.422808950766928
4.019681,2,664.685061,True,True,0.004684612798484783,9.501597655478093
2.950267,3,665.879636,True,True,0.004864950885344944,10.581187003157588
6.954492,6,669.850829,True,True,0.004457376234500094,3.7394059000695026
7.0548,12,673.356833,True,True,0.002396454895882837,5.476622850966155
7.813086,1,674.541802,True,True,0.004645673691684293,3.793828128854871
-0.006959,12,680.211957,True,True,0.007174711757620104,10.291582945452289
1.851835,1,681.38826,True,True,0.001726820397421911,14.546857885512559
8.778048,1,682.56888,True,True,0.00019109750224900138,2.043321749455553
8.195216,4,685.993052,True,True,0.007257001656656818,2.235991045631279
3.539954,3,689.408043,True,True,0.004458321514250249,10.617548339197713
7.975627,3,690.579025,True,True,0.0046030933005744715,1.8990593702590197
8.662399,2,692.762079,True,True,6.093346526221547e-06,1.4910960505795914
8.764178,2,695.052115,True,True,4.622939191016584e-05,1.3949689950860693
-21.533188,40,703.700922,True,True,0.007622234739539217,2.7800986903803495
3.211383,1,704.841472,True,True,0.004886706303172039,12.09720867697273
3.556549,2,705.988633,True,True,0.004686947293713158,11.468021674239665
5.920236,5,707.127711,True,True,0.0027255684647699164,7.308777124195125
1.287476,12,709.713271,True,True,0.004690578621063047,14.357284285415878
1.878264,7,711.986454,True,True,2.8044402390625667e-10,13.749630318186258
2.450019,1,713.108087,True,True,1.8786841435390784e-05,13.467088403541617
4.680165,1,714.234657,True,True,0.003995529460412175,9.447337995824824
3.318462,14,719.695929,True,True,0.0025110992617091705,10.427577551637823
-19.996244,60,739.360447,False,True,0.020612418610975812,28.732178995081867
4.122119,6,740.64843,True,True,0.009615856913150131,7.452484152087089
4.047095,5,743.694661,True,True,0.0016696977015297002,10.171436814250296
2.247015,1,744.764787,True,True,1.1316225734248064e-11,13.833174865629795
-36.512705,60,765.208064,False,True,0.011673955717245063,22.911028027433247
2.698375,4,767.426236,True,True,0.009671562205127084,11.85664997577496
8.668023,3,769.608841,True,True,4.6682005306987635e-05,1.4030152145239445
5.198959,4,770.968837,True,True,5.195143852783357e-07,7.447557357282143
3.740186,2,773.13215,True,True,0.0027268334044315418,11.000703304460059
7.182453,6,777.67496,True,True,3.767377825986389e-05,3.486179030619184
6.383696,4,779.932907,True,True,0.00045004572296311086,4.701796626986422
0.258834,5,782.333098,True,True,0.004619996381987429,14.490234559283126
7.695531,1,783.501316,True,True,0.005415948049217288,4.006869761790873
-1.982497,9,787.456021,True,True,0.009425899268351504,10.674762664944327
6.027173,11,794.32064,True,True,0.009658024579556319,5.707990621570591
6.228898,4,795.54043,True,True,0.004420689433568474,4.004524905016597
1.847233,10,800.1158,True,True,0.009118026305379267,13.198192903906032
-11.675503,33,809.957731,True,True,0.004434793734886145,15.39913113388415
-3.842181,25,816.174258,True,True,0.0049621149492685285,6.931857707241423
7.988702,16,825.269811,True,True,0.004681363702760441,0.7794762484524246
-30.608455,60,840.234654,False,True,0.008666194959979483,36.60237251970695
-46.808781,60,868.421551,False,True,0.000768296154991065,35.011997038995965
6.265168,1,869.672487,True,True,0.0023833186016384822,6.585900121361831
2.340063,6,871.858197,True,True,0.004623899830133111,14.21140944873752
8.472086,1,872.895556,True,True,0.002302694381813626,2.601142769235378
-15.58835,41,881.44925,True,True,0.0039793194549875635,16.472908637328704
0.464987,4,882.560621,True,True,0.00023271063659474275,15.73245993196461
2.308702,2,883.648937,True,True,0.002826296377752566,13.406469069968477
2.308993,8,886.05523,True,True,0.00462304936984743,12.334626475225907
-9.462518,17,893.791714,True,True,0.001997163577101689,16.055075986918098
8.819968,1,895.184054,True,True,0.00011060344843443447,1.9699954328226983
2.530062,2,897.538765,True,True,0.004856848976618263,11.146344208327678
-17.974897,60,914.306676,False,True,0.005864684747967936,27.237793491034775
4.174748,1,915.37775,True,True,0.009641389236753777,10.362962347856223
6.587387,1,916.430601,True,True,0.00020411931812154473,6.0021324942280865
7.286338,2,917.57158,True,True,0.00013571333096278168,3.4695180835547053
2.228629,6,920.056005,True,True,8.515556960606886e-05,11.007689782290129
8.735296,1,921.273036,True,True,0.005812929728822821,2.1298386982037325
1.068993,12,923.985447,True,True,0.01021154573629808,13.954964871622595
1.188359,8,927.490048,True,True,0.004935488479887934,11.398347490965545
3.523251,7,934.275338,True,True,9.228215207701283e-07,10.613453109819195
2.119981,5,935.435378,True,True,0.0024672485941424852,13.58030362631266
-11.962299,40,940.872813,True,True,0.011830776162317362,11.430461214806812
3.686154,7,944.245407,True,True,0.000994041286772598,9.90946872247407
5.511055,2,945.400726,True,True,0.000173339403320916,7.949505073544378
8.18866,10,950.123866,True,True,0.0023829464612231915,3.4752191284994276
6.485428,3,951.263033,True,True,0.00451975369003406,5.874231657083493
6.575569,2,952.414879,True,True,0.004743849858273677,3.917147366456677
2.07263,3,956.347671,True,True,0.005374881761413158,13.685268727308948
1.712248,3,957.607036,True,True,4.958273375210709e-12,14.335242714778014
4.368361,5,959.916919,True,True,0.004851241813073746,7.850767325630292
3.544601,1,961.04212,True,True,1.9748567857050432e-05,11.492838929631455
4.730484,2,962.229558,True,True,2.815794300637578e-05,8.52421766424164
7.817813,1,963.303112,True,True,0.0006588927310049782,3.7809096609928723
5.377473,10,970.129566,True,True,0.004887780485446226,5.4914928937219045
0.508324,9,974.469157,True,True,0.004778275954944565,12.318701251983311
3.973264,3,975.670789,True,True,0.0005680306986646272,10.503701400732005
8.129122,4,978.960846,True,True,0.00035884165660906783,2.446666675184803
3.283153,7,981.376713,True,True,6.648216982061946e-05,8.675726390892098
-2.521832,10,984.823885,True,True,0.004235441570627187,16.773160556120317
-0.030087,7,990.773443,True,True,0.003137657674828477,17.890547750038035
9.352827,1,991.915888,True,True,9.555156062386605e-06,1.007020944909044
0.797478,13,999.867327,True,True,0.0030490603669914157,14.767165442729432
1.592851,12,1009.506462,True,True,0.0022341337510297585,11.588657747942927
4.58767,1,1010.67696,True,True,0.0009570137269889964,9.611813894974679
-24.738401,60,1022.775339,False,True,0.004357309676997308,24.79703974363143
-0.987931,15,1031.696282,True,True,0.004619699020870022,12.22370528595676
-4.29069,14,1034.22392,True,True,0.0005120399778313625,17.680630765996483
6.73605,1,1035.270332,True,True,2.9300899037042194e-06,5.7335350524832975
5.150917,1,1036.319238,True,True,0.0010129786586450615,8.59555876080562
1.417064,6,1038.571035,True,True,0.00019390309427357857,11.357331767102421
6.579155,8,1043.039977,True,True,0.004718921403465314,4.543278916810998
9.527513,9,1049.536305,True,True,0.0008283081465827605,1.300884882704339
3.210749,3,1052.810338,True,True,3.5597680619198213e-10,11.876710909465274
3.775166,1,1053.860183,True,True,0.00013710751601743497,11.077006953551518
8.449369,2,1056.108946,True,True,0.004757008134497507,2.4979142850556797
0.584136,1,1057.313896,True,True,0.004937262869406366,16.83405788986492
3.132979,4,1058.455137,True,True,0.005571683466743698,11.614889453489715
-4.467062,21,1062.205046,True,True,0.009787656279580781,10.595825580012514
8.287248,1,1063.266021,True,True,0.004900085694120614,2.937930231146346
7.829132,1,1064.338708,True,True,0.00476910982344145,3.7649878431213564
5.707505,5,1065.512533,True,True,0.004923971071293409,6.503616456011853
7.916385,8,1068.995912,True,True,0.0004607141784788108,2.5093479077137912
2.700936,1,1070.314914,True,True,0.0049733816598384285,13.017749487440607
-27.785395,60,1091.953404,False,True,0.01835047649016812,34.18410841866384
6.53061,2,1094.025514,True,True,0.004903655578763074,5.972674174149785
6.38876,2,1095.239956,True,True,0.0026985466828454195,5.826662789403619
9.465574,4,1096.498552,True,True,0.0003990616198076939,1.7827768322254012
6.385433,2,1097.54622,True,True,0.004776569204049832,6.070903221815464
2.799899,2,1098.590732,True,True,0.0005974172020366993,12.712264697785495
6.485035,7,1102.137295,True,True,0.002402167839282956,5.024277232954992
5.108504,2,1103.22362,True,True,0.0049848701272988665,8.545414764505555
7.921194,1,1104.280821,True,True,8.160337271993605e-05,3.593530110456911
4.666266,3,1105.508366,True,True,7.538551333632067e-05,9.205867710437907
8.794858,2,1106.614025,True,True,0.003810045081711964,1.629268286265252
5.700096,1,1107.666396,True,True,0.004804913307406082,7.607814376252512
0.868071,4,1108.749889,True,True,2.040635135695801e-09,15.703255485443613
2.513367,2,1109.87966,True,True,0.0032435523383603435,13.132253858320768
1.247507,1,1110.923541,True,True,0.004813518988067074,15.638160370528833
4.172901,13,1115.559675,True,True,0.007456006144168883,7.093083920161684
10.218718,3,1118.65054,True,True,0.00018020176640647697,3.315640977073187
8.650184,2,1119.832654,True,True,3.113113191453246e-05,1.5854879305834988
0.888484,4,1120.846494,True,True,0.000496022048069253,15.590574867068888
2.145412,3,1123.149693,True,True,3.8860658516317204e-05,13.470892463823498
0.473186,13,1127.505648,True,True,0.002886527835090158,15.401255887529741
-1.262505,7,1130.805222,True,True,0.005038269623924408,16.77195989034245
-0.13687,3,1134.138522,True,True,0.00039768545386799966,17.201272225132893
7.343505,4,1135.36711,True,True,0.00038805225888704966,3.8972430208375846
-0.62669,16,1136.869643,True,True,0.008050610659764318,15.466070141722357
6.717778,1,1138.026536,True,True,0.009228687379128176,5.775218438209086
4.600831,14,1139.685494,True,True,0.008841115766291723,7.397451111416175
3.536426,3,1141.84443,True,True,0.0028327660342879965,11.22911528888101
3.384825,3,1142.941652,True,True,0.005141460814818451,10.6470260234834
9.573128,1,1143.969919,True,True,0.006757653828875135,0.6176920931983055
7.225111,6,1147.4607,True,True,4.5404427673230896e-05,2.9988793068365407
3.61871,2,1148.486164,True,True,0.004885947186264813,11.895736982657942
3.715858,2,1149.627432,True,True,4.5173817624678976e-05,10.376515699929373
6.31548,2,1150.731923,True,True,2.2673099277698873e-06,7.084141720065967
0.223082,11,1155.241815,True,True,0.0022954483159601104,13.595318410810247
9.460847,2,1156.503857,True,True,1.2143677685601262e-05,1.6790573064633756
6.065684,1,1157.747119,True,True,0.0047116487982173955,6.94803149035711
5.350934,2,1160.14108,True,True,0.005950637237933193,7.450849555292718
6.751139,1,1161.349662,True,True,0.0003038523639688241,5.7066034779597805
6.369285,1,1162.482463,True,True,0.004388193882248844,6.399839557075056
3.068496,1,1163.500465,True,True,0.009484613637686178,12.357686125405134
7.163443,3,1165.590223,True,True,0.00478689323857903,4.557335379046234
7.456631,1,1166.715638,True,True,0.004562059603969836,4.437295192041148
8.131765,2,1167.856729,True,True,0.0035735504988081103,3.5651224941731634
7.169174,1,1168.972397,True,True,0.0030059880919613897,4.954667369725232
2.944455,3,1170.080606,True,True,0.003680549608122828,12.241654407274206
0.959952,1,1171.195753,True,True,0.009746960032116683,16.158944922889468
5.421885,1,1172.44823,True,True,2.4575245328252275e-05,8.105699009589534
3.940925,9,1180.074239,True,True,0.002490667389170434,7.2406869818083495
-10.121586,17,1189.05571,True,True,0.001242285105811449,16.90876406665942
2.183005,7,1194.27262,True,True,0.0016924005796396073,13.12199326470496
4.167332,1,1195.413899,True,True,0.002415722263910361,10.371279202043114
4.908522,1,1196.485367,True,True,0.0007862925992112701,9.03275395005522
6.655586,2,1197.799724,True,True,2.571014842458379e-05,6.056988949107924
1.735077,1,1198.966479,True,True,0.004119687027291005,14.758764526075801
6.948055,2,1200.109964,True,True,0.0046407237342712794,5.5261965461443
3.92722,7,1203.421735,True,True,0.00035160361777793105,9.76232438660261
2.544997,3,1205.733554,True,True,0.0005080821207509838,13.042986160283474
2.404091,4,1207.951159,True,True,0.00036369360211572013,12.819942367717774
8.899089,4,1210.200307,True,True,0.004191536124428305,1.421648601276224
-2.526629,16,1218.248462,True,True,0.000428341915034507,5.501764212541201
0.595043,3,1219.317505,True,True,0.0041121724659930765,15.749507836358026
-1.307592,29,1231.155282,True,True,0.0017615023014276032,4.286157003308309
8.288919,2,1232.324922,True,True,4.619455539996717e-05,3.239461698316627
4.459597,2,1233.343876,True,True,0.0006584576297703876,7.79518173398508
5.315162,1,1234.365315,True,True,0.004658847523274973,8.302241139822996
-1.705853,11,1241.620947,True,True,0.009392329108363883,16.660691285424413
0.703039,2,1243.232086,True,True,0.004869265791622863,16.336371525513453
6.499397,8,1249.398993,True,True,0.004692408004268196,5.69224588047536
8.635648,1,1250.619979,True,True,0.002323657646779366,2.3057305043835266
1.189287,3,1251.918111,True,True,0.0024153265236622253,15.62398216013624
7.876184,5,1253.152037,True,True,0.005037359560038204,1.828573446217836
-6.872327,39,1266.491073,True,True,0.011660288294204596,1.8216183287268366
1.734518,14,1272.328471,True,True,0.0034260889968442372,13.121510389472451
6.827626,2,1274.418669,True,True,0.00041560631579336434,5.979045725163158
0.5,1,1275.586697,True,True,0.0048133587213149785,16.9856573486483
3.22348,9,1280.116054,True,True,0.005638398988305664,9.954590024166693
4.320547,5,1283.708232,True,True,0.002459969981429624,7.728406019234044
5.349872,2,1284.945771,True,True,2.508532639056973e-05,8.124089000686224
-0.15248,11,1293.001385,True,True,0.002671146658859251,13.55378144354074
7.923906,3,1294.351832,True,True,0.003848405373071812,2.4417400524208968
4.968097,4,1296.537563,True,True,0.0022260434729937575,7.060229996584545
8.3707,1,1297.751828,True,True,0.004633937035164726,2.7869354067223493
6.716457,6,1301.349566,True,True,0.00016003325242612467,6.066057104396698
5.229415,1,1302.438155,True,True,0.0004396402553906104,8.453408277778378
6.098468,1,1303.595564,True,True,0.00042238605260823403,6.884927635797079
3.405212,1,1304.774355,True,True,2.8954523847990465e-10,11.74425989821148
3.028937,5,1308.186735,True,True,0.002457288170068868,10.332077554062256
4.098715,2,1310.43559,True,True,0.00042617530532354335,10.364186673471767
0.652872,1,1311.423033,True,True,3.6640579875735213e-09,16.70759193917691
1.388039,5,1315.684199,True,True,0.0046954933783626175,13.714766196742533
1.047153,4,1318.875469,True,True,0.0025866557503272294,15.204661217995438
1.863279,1,1320.010609,True,True,0.008928745459906677,14.530237158917405
2.599642,3,1322.133931,True,True,0.00025186929022188824,13.020489736201895
6.256903,4,1325.608533,True,True,0.000134016426223473,6.6815424675958255
9.0286,2,1327.715139,True,True,0.0041652558915884295,1.0532222853887898
5.884848,1,1328.777172,True,True,0.00019921822463311086,7.27029326867605
2.969641,3,1330.904524,True,True,0.001255615923837744,12.281550404101033
6.768495,1,1331.900018,True,True,0.00555494533175637,5.677459291870609
9.565504,1,1333.008811,True,True,1.8642475059461525e-05,0.6226800043393322
7.761472,3,1334.208825,True,True,0.0001484277570644797,3.5918677218271777
8.890591,3,1335.387467,True,True,0.003089188124246205,2.4885152436541085
1.771849,2,1336.544321,True,True,0.009471248066993385,14.843590052284034
-0.919486,4,1338.959131,True,True,0.004610231703747896,17.92696393561523
1.602334,5,1341.039936,True,True,0.00846053987288867,12.758330237501305
3.766915,3,1342.24346,True,True,2.6936106517709557e-05,9.036921589737515
9.297791,2,1343.708585,True,True,0.00036366844658431655,1.4254427577583253
8.65418,1,1344.842422,True,True,1.2754747790607451e-05,2.269398050529203
-0.997507,9,1350.51682,True,True,0.0020333115526922326,13.701808563135499
-2.90381,10,1356.125258,True,True,0.0003367003772016767,14.006654953365254
3.882083,1,1357.340622,True,True,0.005218306445436558,10.887821998644135
3.459597,1,1358.497815,True,True,0.009399816506872365,11.652436434001165
1.944088,3,1361.740411,True,True,3.410057999864158e-11,13.945351083546065
3.555931,4,1365.327626,True,True,5.826559373867113e-11,11.087364728971718
1.742344,5,1367.854312,True,True,0.0033313975656627526,13.980988204557288
2.081177,1,1369.198298,True,True,0.0002508927885590739,14.132397910443444
1.676153,5,1371.403004,True,True,1.6449184897472094e-05,14.07238726234112
7.524732,3,1373.670561,True,True,0.0022265020349551594,3.5924638540732783
2.551419,1,1374.803251,True,True,0.0004258993126170649,13.284486380443251
8.48579,2,1375.931686,True,True,0.0044761831291770145,2.0626116946941346
2.468827,3,1379.499618,True,True,4.69512675960182e-09,13.313970474728247
2.052289,2,1380.694328,True,True,5.3064831175009264e-11,13.883445681243105
3.457429,5,1384.11421,True,True,0.004873094214705855,11.38000573410026
-5.506058,32,1398.074399,True,True,0.0029152297733878963,14.69322486984642
1.678502,1,1399.182304,True,True,0.0002571253778871237,14.858519456003787
1.104457,2,1401.387527,True,True,0.0015325634096800128,15.64908501554965
-1.434321,16,1411.88534,True,True,0.00941404316148364,6.340645966133812
6.03095,2,1413.961504,True,True,0.006651821801163446,5.491035216149297
8.954633,2,1414.998614,True,True,3.180063295804168e-05,1.126710667549864
6.042678,2,1416.10704,True,True,0.004701246533852987,4.64641574235842
7.279244,1,1417.197938,True,True,0.0005978437956687,4.753405010229268
6.938588,2,1418.326008,True,True,5.457652242979623e-06,5.633300743728592
-35.202275,60,1434.714441,False,True,0.008181439043609604,21.622862316395008
2.835854,1,1435.944079,True,True,0.005446177159976486,12.774754704343325
-36.567864,60,1477.395221,False,True,0.019389210927305712,61.73854920291314
8.977808,1,1478.491446,True,True,0.0024084058155966993,1.6877486087478473
5.219585,2,1480.895187,True,True,0.0048103942331823605,7.7867728884381
2.865683,4,1484.43292,True,True,0.004368519644901922,10.368859125494595
4.353282,4,1486.282918,True,True,0.00010111023484800537,7.1359835704697785
-0.003556,3,1487.490018,True,True,0.00012124455611577838,17.440918207425874
5.250981,1,1488.530381,True,True,0.004891185499191615,8.418225995512651
2.306846,3,1490.872529,True,True,0.00043848399108564404,13.347783340125655
8.160013,1,1492.000952,True,True,0.004834498073460293,3.1676127544839763
-20.780103,60,1539.751929,False,True,0.007129320898229262,20.56633009232923
4.455345,2,1541.992974,True,True,0.004809557372514377,9.47252960867032
5.782215,2,1544.706724,True,True,0.00465853530348979,6.062126030711357
5.803878,6,1547.62876,True,True,0.004544259852553018,6.290790933619151
6.101013,1,1548.868189,True,True,0.006667346915182348,6.885964172579617
3.266358,1,1550.18966,True,True,1.6522880286196084e-11,11.99472340984859
6.907667,3,1551.558578,True,True,0.0023612210932715304,5.706034281352218
-27.0879,60,1585.819594,False,True,0.011888283114625399,16.27109163732594
8.453835,1,1587.034453,True,True,6.959992612561115e-06,2.6313259778456035
8.464913,5,1590.149933,True,True,0.00028171823062843934,2.9428551981606614
4.998247,6,1594.568675,True,True,0.0034723224488973133,6.051990812868223
7.19157,1,1596.208486,True,True,0.004703965889689334,4.913648301176035
8.669176,3,1600.430087,True,True,0.0005187827931605834,1.6084380008083554
0.311128,4,1604.06856,True,True,0.002618088085587421,16.79856515234252
9.843772,1,1605.326003,True,True,0.006315932438282456,0.12822534133037572
5.115573,3,1608.269409,True,True,0.0020781540329217994,8.535841448133798
4.621824,1,1609.841407,True,True,0.004245499627702515,9.552776394554739
3.677259,4,1612.786592,True,True,0.00032554783331778265,10.2540776617391
7.154917,2,1614.270705,True,True,1.97785877762216e-06,5.6399793873837085
6.098373,14,1622.738009,True,True,0.002523370916106226,5.182129129580761
9.611523,1,1624.03421,True,True,0.004593533981438438,0.5456298202423372
3.08867,1,1625.405506,True,True,0.003659404083588633,12.317711439703197
5.769721,1,1626.702703,True,True,0.0016065853889632754,7.4793787947169985
-0.985932,8,1633.618872,True,True,0.003984955257864042,17.280015598264683
-0.355246,12,1641.344722,True,True,0.0013238927224695878,17.229544464065267
1.046353,5,1646.573414,True,True,0.0006868609543019336,12.349472723562553
7.139173,6,1653.572657,True,True,0.0014457963106963992,4.695406117994295
2.75083,3,1656.553443,True,True,0.0007876050991935668,12.66050673639889
6.71832,3,1660.838248,True,True,0.004647703506591534,6.373328399050327
6.263322,6,1665.69052,True,True,1.0262666426726769e-05,4.26062987202754
7.616604,1,1666.957641,True,True,0.004944126851562605,4.141517996189084
8.444925,1,1668.212255,True,True,0.0011447304453647052,2.648814372466336
9.282966,1,1669.811435,True,True,0.002283706627309,1.13627657844258
1.018426,6,1677.008806,True,True,0.005307627228759848,15.063672116705227
0.424409,8,1685.268059,True,True,0.002553562326856153,16.009741152871154
3.683947,6,1691.54539,True,True,0.00968072664771762,8.727594631210678
7.123443,2,1694.253602,True,True,0.003227702171150971,4.896266762191976
-4.932336,11,1707.951302,True,True,0.0007008642557159422,14.84802287490919
4.132919,1,1709.512436,True,True,0.008704197516832069,10.437784729662436
0.513904,1,1711.344592,True,True,0.00031303334595137074,16.958294976311016
-0.423876,6,1718.781956,True,True,0.002085896931047257,17.505340800769748
5.736127,1,1720.104324,True,True,0.004905132572293527,7.542884499684877
8.250985,1,1721.406552,True,True,1.0198523556272012e-05,2.9977621051147203
7.347037,1,1723.155897,True,True,2.2671050439789647e-06,4.6303388749171
6.854914,1,1724.675516,True,True,0.004376385109776486,5.520276134817817
7.859974,8,1731.919793,True,True,0.004310159006774916,2.5671043324200857
2.580264,8,1740.074937,True,True,0.004590900992646622,10.92742749613043
3.453373,2,1741.450468,True,True,2.089209363558865e-06,11.3059815794396
2.915927,2,1742.988558,True,True,5.159421695332886e-05,12.529545876986637
9.604633,1,1744.185873,True,True,3.135648786384325e-05,0.5519803377730936
5.722273,2,1746.935127,True,True,0.004184938720339025,7.4339712692239255
4.488175,1,1748.426033,True,True,0.010011644930252337,9.797956959460667
2.748815,1,1750.122569,True,True,0.0011538861978703067,12.928970740431605
0.37624,1,1751.780793,True,True,0.004448559444281578,17.208563729403757
7.509364,2,1754.531781,True,True,0.009311843868844868,3.4917847416664993
9.127466,3,1756.221298,True,True,0.0020357618259872557,1.697714171420414
-18.611154,60,1816.730351,False,True,0.015149487777114837,8.852224673759816
3.698136,1,1817.959853,True,True,0.000303035727057855,11.216089031271727
2.855913,1,1819.714545,True,True,0.0016346639060779607,12.736140624607602
5.061196,3,1822.890778,True,True,0.004934350198973357,8.500498255267342
-4.478674,17,1831.823381,True,True,0.008135171846240057,15.801449478197464
3.006541,6,1835.569789,True,True,0.00031444511652222156,9.32208593443229
2.318264,2,1836.858485,True,True,0.0002301568401411793,13.336345413264082
9.886936,1,1838.117,True,True,8.870698099235942e-05,0.04181804917682085
3.077402,1,1839.399824,True,True,5.038286281233706e-11,12.335548574334531
9.381379,3,1841.790234,True,True,8.895705468887818e-05,0.6963793825525483
0.776277,2,1843.437022,True,True,0.00430398451838924,17.566096977580173
5.242404,1,1844.857517,True,True,0.009506198211402908,8.437232059314699
2.603174,6,1850.021023,True,True,0.00017814974475806322,12.211512849256263
-0.961343,3,1853.731488,True,True,0.0012356299273665744,16.009416676874146
8.657296,7,1859.20816,True,True,0.002391724778495117,1.1740474416806894
8.513215,2,1862.034327,True,True,0.004765670988435436,2.7258369661727477
4.630563,1,1863.274798,True,True,0.004647561167498267,9.537316893946624
8.165909,1,1865.048461,True,True,1.9362189607771522e-06,3.1514279450612586
5.615958,2,1866.364912,True,True,1.8043090755160036e-05,7.883317366735949
1.16535,4,1869.295069,True,True,0.003003382969020638,15.882105920146413
7.191813,1,1870.895834,True,True,0.004873682846027932,4.915668219951257
5.960634,1,1872.56806,True,True,0.0010116396403363915,7.1342697285602625
5.192339,2,1875.414055,True,True,0.004785926705393578,8.634699284058923
6.659553,1,1877.056391,True,True,3.781675304743992e-06,5.8716431677101255
6.326156,1,1878.679997,True,True,0.0018964023478498014,6.475357574987198
2.238184,2,1881.57314,True,True,3.5913512497483084e-05,11.537465904904744
3.263913,1,1882.753312,True,True,0.00025657055034941124,11.99931695506804
9.84411,1,1884.338328,True,True,2.4829951088475855e-05,0.11242767004851657
4.725753,3,1888.652941,True,True,0.0023325952249372735,8.985580403552314
3.840692,1,1889.973577,True,True,0.0005819589291467114,10.959137159521605
1.971344,2,1891.409582,True,True,0.008237429792012557,14.21817693952347
4.068153,3,1894.38768,True,True,0.004532867334774322,10.06392738506949
6.167316,3,1897.437087,True,True,0.00029708608144880626,7.171393458222717
8.184966,6,1901.813368,True,True,0.00015106812738557417,1.7455190705108805
-22.02801,38,1926.303665,True,True,0.004595542200837622,5.770345127683198
8.310602,1,1927.625324,True,True,0.00023590199101371917,2.8903470389840273
7.704782,4,1933.428575,True,True,0.0002067414653247248,3.8868044834248177
4.755668,3,1937.279688,True,True,2.2533166884394253e-05,7.97662340954317
0.280936,4,1939.845546,True,True,0.00403213147824618,16.467552415633584
1.675171,2,1941.178736,True,True,0.004078306909897132,12.88742543972123
5.48118,1,1942.86802,True,True,0.00445328634713794,8.002528275492878
1.409177,2,1945.876336,True,True,0.005627461693117654,15.124306522982657
5.44306,3,1948.369909,True,True,0.000975201426354108,7.021278720774898
3.613287,1,1949.613404,True,True,0.0041315649388156475,11.371876483581623
8.229758,1,1951.291485,True,True,0.0004577857097265119,3.0366455669868184
5.286095,1,1952.894323,True,True,0.005523583918281437,8.355378777629845
6.590765,1,1954.349572,True,True,0.002442166844080726,5.998253258677499
5.261706,1,1955.924381,True,True,6.927122024757808e-05,8.394809489910976
5.585221,4,1958.706367,True,True,0.0048331579659891995,7.635552944615273
2.548063,2,1960.020952,True,True,0.0002637352845829763,13.166898892620999
2.339421,1,1961.309315,True,True,0.006567291709297248,13.670540085201115
3.752214,4,1963.832959,True,True,0.002288120234361859,8.369182299237796
8.284488,5,1965.199874,True,True,0.00021454454588501308,2.202504594126752
5.682113,6,1967.902067,True,True,0.0003424978631623183,7.067877489256119
9.89353,1,1969.19445,True,True,0.00013136041975186225,0.029959195750760104
4.235702,4,1972.845577,True,True,0.009660949583598193,9.980410957311225
4.824195,2,1974.532555,True,True,0.0011661582367046243,9.183907366419643
4.132456,5,1978.881553,True,True,0.0010873565453196135,9.644165894302114
3.80473,1,1980.622246,True,True,1.1731584596140444e-05,11.023579718562827
5.61545,2,1981.928085,True,True,0.0003649154329901953,7.804658627126967
-1.320393,6,1989.54843,True,True,0.003914745579749651,13.65072137160304
8.626851,1,1990.829643,True,True,0.00045718769778775635,2.319329944152564
5.16971,5,1996.720273,True,True,0.002773965269392175,8.085139363167182
8.49366,2,1999.694703,True,True,0.002266598867104129,2.630873395419114
7.989591,1,2001.292693,True,True,0.004741966072036681,3.475237632645412
1.451993,3,2002.647021,True,True,0.00546416631496585,14.71992012971798
6.700133,1,2003.998392,True,True,0.004337614688116858,5.802657766128629
-0.601925,8,2006.567914,True,True,0.011523229827722883,17.433809933075086
4.709506,1,2007.794613,True,True,0.00015314068676260183,9.391324273658936
6.766204,3,2011.737102,True,True,0.0023719915826689204,4.699114825787917
0.8784,1,2013.289162,True,True,0.004749206160709174,16.303519182570163
4.782547,6,2014.800751,True,True,0.0034549200125667846,8.482043758277305
0.145787,7,2018.764834,True,True,0.002160697785919371,16.645544537047073
4.958508,8,2021.55856,True,True,0.005328847636943788,6.563070228034398
8.086619,1,2022.694172,True,True,4.367371719102807e-05,3.294697019553362
8.469092,1,2023.981383,True,True,0.00455850604807023,2.609164591911489
7.593488,1,2025.214341,True,True,0.0051880049941561476,4.190861587494146
3.987488,1,2026.409151,True,True,0.0028394755340590792,10.696010665236182
4.080714,1,2027.587023,True,True,0.00017812860760037328,10.525824689965685
1.380737,2,2028.890554,True,True,1.2425665964904686e-10,15.485610072238652
0.715656,3,2030.181469,True,True,0.0002096062684735448,16.50130422288366
4.518641,6,2031.583812,True,True,0.00010172305849745055,7.121228918721097
-1.343881,4,2032.949949,True,True,0.004786461450155554,17.35637819605403
9.090786,2,2035.093111,True,True,0.009591998877206881,1.6836326219242996
4.789623,4,2036.291196,True,True,9.814556635693835e-05,7.918401509758099
4.159138,7,2041.231023,True,True,0.0049144370163865005,7.451331520982592
7.821397,2,2042.554592,True,True,0.0015269701599011382,3.6283960680042697
4.632353,1,2043.737092,True,True,5.7014302374615994e-05,9.530456564680264
8.265542,1,2044.991769,True,True,1.617793050110502e-05,2.9714738067113675
-0.155894,16,2053.977829,True,True,0.004774265428480811,0.20531564083425577
2.729403,8,2060.643475,True,True,0.0029876045737062575,12.032677295330965
7.015061,7,2067.279057,True,True,0.00033404585172342426,5.047692693908017
7.45561,2,2069.668209,True,True,0.0029692998363902825,3.325323638848265
4.908979,4,2071.00644,True,True,0.004465574719310337,6.032917382234949
3.190405,3,2072.437518,True,True,0.0008354606238556821,11.417954931194696
8.084295,3,2073.801442,True,True,0.00013673929748043902,2.175458762675025
1.239089,5,2075.191647,True,True,0.004823648160970295,11.26260790948891
2.864033,1,2076.45961,True,True,5.8083266844442816e-05,12.720430469282801
4.512558,4,2077.804714,True,True,0.0001896514333846848,9.390240123576376
4.358316,1,2079.001732,True,True,1.0893995025670032e-07,10.024848506358657
8.751878,1,2080.264471,True,True,0.0003630324702861053,2.093337140963012
1.199773,2,2081.606543,True,True,0.0008864183894323144,15.599642840390734
2.237071,1,2082.946606,True,True,6.16637071265691e-11,13.851109299075599
-2.411287,7,2084.326707,True,True,0.0008491118697237622,15.712670939499334
7.387325,2,2085.59129,True,True,0.0047182009505063755,6.163274209969578
-4.649512,12,2087.227633,True,True,0.00025533694721313746,17.734136873651188
5.521554,3,2088.494882,True,True,0.007029521375599987,5.5072291736294945
7.924446,2,2089.734607,True,True,3.642982098813613e-06,3.402887013558542
4.828485,3,2091.138739,True,True,0.002551436266334809,8.709827718639406
-2.169289,39,2121.740581,True,True,0.0049242172644933645,6.85612990027094
3.204329,4,2124.262869,True,True,2.503770402811911e-10,11.728843998910326
0.569797,6,2127.994805,True,True,0.007417679918902672,8.585021402604402
6.691564,1,2129.276541,True,True,6.98173898736644e-05,5.81391953488899
4.162873,3,2131.869928,True,True,0.0015444788408841637,10.40195447461935
6.77541,5,2136.769474,True,True,0.009565447628580807,5.433711463336002
7.416052,1,2138.055523,True,True,0.0008740529961737678,4.506671995288864
5.396928,1,2139.474398,True,True,1.3495023637635339e-06,8.150719356655072
1.0793,12,2147.044201,True,True,0.0001759580565267086,12.424343406039581
9.178668,1,2148.29566,True,True,1.775936648888525e-06,1.3217280496655912
8.701173,3,2149.861707,True,True,4.115313598887418e-05,2.082049849380674
3.646649,2,2151.093351,True,True,0.00579229166043925,11.320285042390873
4.026437,6,2153.75473,True,True,0.0024035970190944694,7.581866155824748
3.963823,2,2156.202551,True,True,0.007153962630321432,9.561194996378978
-1.057588,2,2158.805534,True,True,0.0009096526506066653,15.450096747482721
4.100114,5,2161.73924,True,True,0.0005736298786764692,9.147443204189079
2.081179,3,2165.50259,True,True,0.004736887118048264,13.523918032118248
7.120984,4,2169.211575,True,True,0.00460421528127807,3.667977958060863
8.323496,2,2171.825892,True,True,2.8872875391060086e-05,2.949645237785799
7.735433,8,2178.263032,True,True,6.701540002261672e-05,4.299861446575199
2.117109,1,2179.466936,True,True,0.004582505682875755,14.070228516404253
6.970863,2,2181.866488,True,True,0.0024748257863816386,4.192535340099267
1.440282,4,2184.542478,True,True,0.006836077303857354,12.42065569720778
5.302082,1,2185.765327,True,True,0.007225760324560994,8.327868061382128
4.276727,5,2187.146711,True,True,0.004934153063894283,9.533740024484755
-24.648186,37,2212.49235,True,True,1.1341823809951461e-05,13.435668253330507
7.467399,2,2214.887905,True,True,0.004883814285031717,4.035200551382221
10.145031,2,2216.305163,True,True,0.0048552271566992804,0.644729125863759
4.34595,1,2217.558456,True,True,0.004817862242682072,10.05085269324237
9.697248,1,2218.824076,True,True,0.003934535681824355,0.38989508399045947
5.592037,1,2220.188109,True,True,0.0006619024973174518,7.7991965503971405
4.74974,2,2222.701952,True,True,0.002521536721558592,9.24919349711586
5.169877,4,2223.937122,True,True,0.003169978281530795,10.371816647329842
2.012567,1,2225.077236,True,True,0.00039496226187913687,14.256211843758779
1.425329,1,2226.438806,True,True,0.0001330964704382388,15.314947651354421
2.393111,1,2227.67232,True,True,6.322569585937021e-10,13.569705188381112
5.345385,2,2229.024302,True,True,0.00011939970073075073,7.261611381010363
6.335258,1,2230.241949,True,True,7.516834149469019e-05,6.457157411497239
6.210355,1,2231.55676,True,True,4.535031461135519e-06,6.682556865851753
1.415012,4,2235.198782,True,True,0.00016404415062123805,14.81076167447606
1.935898,1,2236.529532,True,True,0.005496982045163195,14.397470233375016
2.263725,3,2238.937444,True,True,0.002044647800183305,12.650713070752758
-26.06844,60,2271.758784,False,True,0.009195795454060483,17.58930265541792
2.836309,4,2275.864347,True,True,3.898187328488234e-12,12.410134801834275
6.349853,8,2283.87066,True,True,0.001648718282604825,5.518905720318857
-18.794921,60,2342.284342,False,True,0.0066604758155386825,28.108621854604305
9.888925,1,2343.463532,True,True,3.954656189923385e-06,0.03809925544524506
6.939906,1,2344.592119,True,True,0.002544812118344515,5.368096747198143
7.309749,2,2347.246063,True,True,0.0013382689300600172,4.972431352236319
6.161514,1,2348.560783,True,True,0.004872596609939637,6.775236555715039
-3.236421,15,2357.540802,True,True,0.002078611632316805,15.535326512340008
2.288252,2,2359.943987,True,True,0.003212628866791453,13.624076250817067
5.463828,1,2361.148412,True,True,0.005689557145715807,8.034846390307566
2.879865,1,2362.444413,True,True,0.004160757786249263,12.694586709102115
8.704207,2,2363.880113,True,True,0.00946062604646454,2.046630135016636
8.992001,1,2365.173852,True,True,0.00016925239465602135,1.6592443255654712
8.995335,1,2366.446278,True,True,0.004524590936463603,1.6586759747750983
2.766853,3,2367.808203,True,True,0.00201508585858267,12.611550481324958
7.141687,3,2370.38596,True,True,0.0034537256308637826,5.270622871128008
8.631673,3,2372.834845,True,True,7.90237325997015e-05,2.8803942469288226
1.986866,1,2374.077561,True,True,0.0003498120565933755,14.30252962396347
3.263844,1,2375.272749,True,True,5.547687545460079e-06,11.999262575948343
-1.475338,8,2380.559813,True,True,0.008287041902721663,12.60929739663223
-33.141284,60,2400.251174,False,True,0.001231731959438721,31.201125914154893
8.096182,2,2401.569778,True,True,3.1579497364060856e-05,3.852800169894276
7.296016,2,2404.067392,True,True,0.002399500027174304,4.168001454357068
4.190367,2,2406.812667,True,True,0.005032883095062932,10.205428665386078
8.722143,1,2407.976622,True,True,3.429051354714163e-05,2.146639806833127
5.311118,3,2411.715295,True,True,0.0055659977538525095,7.081899305685632
6.263284,1,2413.038021,True,True,0.005155977878820585,6.591830209054279
-0.282943,8,2416.878906,True,True,0.004849872371377001,15.470559417512089
2.680537,4,2419.387749,True,True,0.001088471580806506,12.316595620653171
3.500257,2,2420.762016,True,True,0.0005462141474132445,8.58135794954118
8.247037,2,2422.04854,True,True,0.0033301536032845983,2.5386553751789633
8.862171,3,2424.552456,True,True,0.0010932583201480085,1.3756968312483897
-24.881806,33,2431.537215,True,True,0.009670721062353779,16.74747004828132
7.255749,1,2432.835704,True,True,4.615788062843629e-06,4.795185167376829
-17.226342,60,2465.847561,False,True,0.030300723753500354,28.579167826841562
4.783301,4,2469.695104,True,True,0.001344507496445927,7.18135791333751
10.123412,3,2470.994911,True,True,5.232695294701058e-05,0.10839256416655402
6.36406,1,2472.113883,True,True,0.004795039785058443,6.40963758225037
6.899421,1,2473.270647,True,True,0.0027661885194947967,5.441403526257945
4.680958,2,2474.421082,True,True,0.002262450567130828,9.445308144704239
1.871205,2,2475.851551,True,True,0.004774696813866671,13.874541647964355
9.894403,1,2477.107114,True,True,1.2468284216436698e-06,0.028194500323460808
7.320841,11,2478.731809,True,True,0.002510103953922086,2.4580340016508324
-3.225039,15,2489.152936,True,True,0.004152312744552189,15.65792463347201
6.084536,2,2490.631445,True,True,0.008846483380231307,7.312322357947348
4.838246,5,2497.011538,True,True,0.003748945478277082,8.641862981966414
8.47991,3,2498.427858,True,True,3.6122428784639282e-06,2.2811221648019213
1.437208,5,2501.373671,True,True,0.0008287801001022888,12.782563636048309
4.090966,1,2502.645327,True,True,0.0024831190535360894,10.50908663184404
5.511956,10,2510.142569,True,True,0.0046887814161944,5.619206753987581
4.591594,1,2511.444101,True,True,0.004553116024967534,9.607543164591428
3.50612,1,2512.683078,True,True,0.0017499344851417825,11.563505481158408
4.764447,7,2516.68421,True,True,0.00021282039915905201,7.425381897540828
4.347644,1,2517.926453,True,True,0.009191044988994417,10.050856240514701
3.120695,1,2519.140058,True,True,0.005087282946704096,12.260880938751843
1.375161,2,2521.672144,True,True,0.003000619023770131,15.288990989877082
2.396149,1,2522.912789,True,True,0.00032966492131875644,13.56444261658797
4.992415,1,2524.275107,True,True,6.213263066373945e-06,8.880710163575975
5.414005,5,2528.159667,True,True,1.0352130545886531e-06,8.999350873750089
1.658911,1,2529.595711,True,True,0.003042076859570371,14.89547934703588
4.400404,3,2532.11405,True,True,0.00728185796399632,9.703093411229535
6.624459,3,2534.842108,True,True,0.009220498641508222,5.785922547433711
-24.748708,60,2564.768916,False,True,0.00483637222246631,27.55531424449043
8.77716,1,2566.313901,True,True,0.0005354861005266911,2.047879343763775
9.227669,1,2567.77951,True,True,0.0002409310422185687,1.2335038463230845
4.141661,2,2570.408749,True,True,0.00031133101691225695,10.268507722410648
-0.368583,7,2577.819227,True,True,0.0028804500856772167,17.926454970784214
4.517454,1,2579.199253,True,True,0.0003156204904833839,9.73798028466697
-2.058967,4,2583.058685,True,True,0.000673759672648263,17.133869266090397
1.939427,5,2588.457836,True,True,0.004266650778653272,14.222543729605464
4.161064,2,2591.041108,True,True,9.457487128378475e-07,9.886246352042969
8.532388,1,2592.30812,True,True,0.004797055595745079,2.4951259435759074
-30.158825,60,2617.819753,False,True,0.014974886038464438,10.315244095749511
10.693599,2,2619.005588,True,True,6.2760611287075024e-06,1.2454129271264358
2.792831,2,2621.648827,True,True,0.0049375047109948824,12.551800990881171
5.403618,3,2626.221859,True,True,0.004969024833212951,8.072441348840325
3.692317,7,2633.752553,True,True,7.671609829608276e-05,4.152533669508957
4.939508,1,2634.993328,True,True,0.0024727569131496024,8.97824083564762
6.441061,3,2636.411891,True,True,9.313705812035616e-05,6.102004368266096
2.982702,3,2638.855106,True,True,0.00021922294907976425,12.299670500593782
2.605181,7,2641.636969,True,True,0.0055432419171614,8.980891563105443
8.307614,3,2642.969236,True,True,0.00990154406299104,4.608402657439543
6.294418,3,2645.77891,True,True,2.0066803938635722e-06,5.86432585228342
4.649575,1,2647.164347,True,True,0.0039636928173917806,9.502499856496057
2.896964,3,2649.803318,True,True,1.3810811593743116e-09,12.630625018643636
5.624564,1,2651.297019,True,True,0.00013497912214354042,7.740013080885732
2.927017,1,2652.649225,True,True,2.6103294872847904e-11,12.60679006016783
6.438003,9,2662.896672,True,True,0.005661434448668724,5.213629015785047
5.493699,4,2667.965627,True,True,0.004634634476428326,7.745597191037847
-0.063745,15,2679.212155,True,True,0.0048865738768903155,15.71031300667898
4.963774,6,2684.267938,True,True,0.007272282096329607,7.9173098784824205
8.58179,2,2687.006633,True,True,0.008160551953218822,2.5989968384986724
3.155068,3,2690.806668,True,True,2.0762347985258355e-06,10.630903670754082
6.590408,1,2691.947419,True,True,6.104513327473662e-05,5.996532176331542
9.594262,1,2693.247973,True,True,0.000301284766833187,0.5711001564843218
3.510936,1,2694.511575,True,True,1.6548313240549728e-09,11.553551119290924
7.096577,2,2697.323887,True,True,0.004670103026841777,4.947809633387681
6.798572,3,2700.960799,True,True,9.98809206998602e-07,4.895632149117868
1.134556,3,2702.331997,True,True,0.004824003310238415,15.550687490254179
-1.450499,6,2703.890442,True,True,0.007199207721042418,17.38824367312621
9.507425,1,2705.094578,True,True,2.464136916995735e-08,0.7276200229136605
-29.103844,60,2732.300229,False,True,0.010783662218223772,21.038934471178475
2.950372,1,2733.619807,True,True,0.0005782380525443738,12.565066928308124
3.173828,1,2734.894881,True,True,0.0009119477156157227,12.162267222029753
-27.94567,60,2765.903824,False,True,0.005577683870292498,26.196631188673486
5.974541,3,2767.241393,True,True,0.0022754458295370372,5.086162948871873
2.623071,2,2768.784044,True,True,0.0042821822317786855,13.001715635534122
5.500691,1,2770.106116,True,True,0.004645871685516539,7.967482553820171
9.069495,4,2775.116531,True,True,0.00020220522572997248,1.5569427836674847
4.679692,3,2779.092856,True,True,0.0035883942790591733,9.148561696801009
7.218058,2,2781.691319,True,True,0.0014249641098943394,4.4350993608025755
-15.78965,21,2797.38556,True,True,0.006941454128845064,17.601219885676038
1.772562,4,2801.444235,True,True,7.231947753323642e-09,13.90415086219325
3.981272,5,2805.933572,True,True,0.0007779059997105355,10.007247875315713
4.891844,3,2808.447438,True,True,0.00028996403968761797,7.502634367416037
7.231533,1,2809.687776,True,True,0.0047139338898562625,4.843809997239274
5.139944,1,2811.056635,True,True,0.006567420146017384,8.619863448148486
5.821175,1,2812.638281,True,True,3.362047096606199e-05,7.385063336796121
7.7715,3,2814.235214,True,True,0.0047387856545869095,3.979668705034561
2.85862,2,2817.164145,True,True,0.0030564109123840076,12.73809236588084
9.747346,1,2818.537334,True,True,0.00013344855957145903,0.28364195944818055
1.34236,4,2821.340597,True,True,8.681002361551893e-06,13.910804366238196
7.689882,2,2824.107106,True,True,0.0017357805800593982,3.8180019890640957
4.846667,1,2825.369033,True,True,0.004905100474191098,9.147664869389907
8.292706,2,2828.032971,True,True,0.00010045117031879389,3.934404578529018
4.447152,5,2832.308918,True,True,0.01058223874198646,9.600499376599027
3.15361,3,2834.936746,True,True,0.0023115752936794715,11.319376155351446
3.72176,4,2837.607965,True,True,0.0005920404521984274,8.897751902725755
7.032251,4,2840.350189,True,True,0.0009211594016093104,3.651132495961107
9.123957,1,2841.581186,True,True,0.002350675062724775,1.4236440861919735
3.419025,2,2842.921877,True,True,0.00025334975481001564,9.409327005007158
-5.822321,15,2854.072297,True,True,0.004166168595585224,12.236897341106967
8.651035,2,2856.88693,True,True,4.422363620529973e-06,1.5370488244494116
8.963496,2,2859.787539,True,True,0.0001324282887086024,1.8783621884614423
3.379698,3,2862.695657,True,True,0.004813355904126093,11.991598236730749
6.127086,5,2867.840458,True,True,0.004703654272937268,6.505976967328218
3.201347,7,2872.205705,True,True,0.002569271329640011,11.080968148059295
4.888878,1,2873.784978,True,True,0.00024246308325519012,9.067741923306237
4.359697,1,2875.321295,True,True,0.0015256204436751486,10.023566505864009
5.588024,2,2878.243142,True,True,1.696387412876768e-07,7.309015932570483
-39.358758,60,2923.247623,False,True,0.017928694614176774,29.767043935736858
0.985542,14,2932.768509,True,True,0.010278573850163408,10.403018749244191
-2.364058,10,2946.503411,True,True,0.00015560343557130584,10.701556170101082
5.371561,1,2948.292116,True,True,0.004944929006735458,8.200715734942104
-0.592861,4,2953.796654,True,True,0.009635187623236197,16.683155839461435
7.551204,4,2956.663363,True,True,4.926399762080684e-05,3.8671030385704372
0.120377,2,2957.976294,True,True,0.008898382719759929,17.004202586160396
8.741656,1,2959.276066,True,True,6.262635308673659e-07,2.1113427392792348
-0.366167,8,2963.657331,True,True,0.006922709135229096,14.566314598530324
7.451728,1,2965.332923,True,True,2.451223483081969e-06,4.441286374775783
4.322888,4,2966.612971,True,True,0.009419298025048265,9.72587963432752
2.723581,3,2969.128367,True,True,1.824506674213966e-10,12.711977922275421
6.423491,1,2970.38648,True,True,0.006564464699315212,6.303959763713631
-4.767083,14,2974.622082,True,True,0.005081345252394364,3.365301346623859
1.149225,16,2981.330408,True,True,0.006793267162738455,7.079221170221309
8.172555,1,2982.546882,True,True,2.462607082726921e-06,3.1394229754518896
7.595055,1,2984.218899,True,True,0.0046476890317771555,4.1874773599801385
3.948093,1,2985.762214,True,True,0.004816570541358331,10.768484910704482
7.672508,1,2987.295604,True,True,1.9719396257469185e-07,4.042575739685756
8.221175,4,2992.176689,True,True,0.002086239682572562,2.362332435469823
1.800119,2,2995.155796,True,True,0.002460301831009021,14.532004250876836
8.876637,1,2996.705015,True,True,4.270139682251671e-05,1.8675210492984184
9.546458,1,2998.365651,True,True,4.607172283752157e-06,0.657081592172769
8.703344,1,2999.796781,True,True,0.0011175817376722587,2.1819661958511567
1.288058,4,3001.253869,True,True,1.1974343477822889e-05,14.973578178962972
7.139844,1,3002.560833,True,True,0.0004486185089727212,5.004950609397052
2.958118,1,3003.733036,True,True,0.00225117092776063,12.552226110679005
3.476837,2,3005.010711,True,True,1.556700977974881e-06,10.701823847081766
3.160832,2,3006.691291,True,True,0.0014173505930851933,12.061110248672392
4.498399,1,3007.888721,True,True,0.002532620610370837,9.774121537818996
2.921304,2,3009.155542,True,True,0.0059509964474873936,12.461995575076037
7.336077,3,3010.83686,True,True,0.00016341446790576683,4.361811922854458
2.067622,1,3012.126774,True,True,2.0748397375203176e-09,14.15668329566462
8.289767,1,3013.789887,True,True,4.025820153731076e-05,2.9277443970112556
4.689428,1,3016.462856,True,True,3.298530134099699e-05,9.427452828031818
6.538466,2,3018.154586,True,True,0.003449856219814094,5.931157307754004
3.686181,1,3019.768559,True,True,0.002544438604896962,11.239290873255412
1.32302,1,3021.506936,True,True,2.688522552271908e-05,15.499357628951042
4.89394,2,3023.975435,True,True,0.004786082592149383,9.051098637694047
2.61282,9,3035.508728,True,True,0.00842541856567498,7.978430368510977
6.983323,7,3045.074042,True,True,0.005024971486212276,2.787488482349809
4.036099,1,3046.551651,True,True,0.006701786913475154,10.611057403389951
5.318758,3,3051.439958,True,True,0.004739580071904614,6.870141774749266
-28.14271,60,3088.17928,False,True,0.01663776269072318,12.684936646899835
6.105083,1,3089.854726,True,True,0.00011633062614515568,6.872691531570308
-0.397872,4,3095.370984,True,True,0.009556123822517538,17.083653916436443
4.70576,1,3096.889563,True,True,0.000129817797505861,9.398064082002382
-12.882061,53,3137.170681,True,True,0.009270029165976868,5.91402228096968
5.267102,4,3138.917857,True,True,0.001750614239521258,7.72433417657682
5.324492,1,3140.107478,True,True,0.00715477062926074,8.287383953876576
0.555792,2,3142.981745,True,True,0.0008708021748450243,17.09742656261467
9.295881,1,3144.725163,True,True,7.023984244670239e-07,1.1099180777047426
6.437727,1,3146.032669,True,True,0.004692407338201853,6.276594643873398
1.838759,3,3148.489483,True,True,0.00045979083539750797,14.203338248535479
6.891205,1,3149.792274,True,True,0.0001245394707004386,5.453535352257832
9.864393,1,3151.112479,True,True,8.831754521110464e-06,0.08244905062843409
2.01151,1,3152.463147,True,True,0.005403717765130644,14.261092888596242
5.412322,1,3154.275838,True,True,0.0038668552110942746,8.126283924393332
4.112,1,3156.032267,True,True,8.925227709677408e-10,10.469242536426185
7.859851,1,3157.661367,True,True,0.004734043897746633,3.70948591421831
8.378852,3,3159.006001,True,True,0.004645474962012059,2.2868911242441965
2.355455,4,3160.31105,True,True,0.0035778657007147366,11.027389880053256
7.416661,1,3161.518215,True,True,0.00018543342889397983,4.50481430066237
3.060214,1,3162.781843,True,True,1.5745812449036167e-09,12.366550274131647
6.815093,1,3164.070763,True,True,1.0795932647982356e-05,5.590836053460046
1.941715,7,3168.309529,True,True,0.006794347480873545,9.972362180753146
2.328917,11,3175.993845,True,True,0.004916580678710552,10.23785795497158
8.30816,1,3177.537908,True,True,6.842811319904881e-06,2.894478486284877
6.866587,1,3179.123963,True,True,0.009282873073532828,5.506735791979438
7.022243,1,3180.847085,True,True,0.0046975996777239,5.221590280603645
4.822671,1,3182.090582,True,True,0.004651776567890043,9.190758898432108
6.842085,1,3183.721875,True,True,0.000943559333983207,5.543068279335396
7.858238,2,3186.691736,True,True,0.0017920603013881417,3.997774420493932
9.538918,1,3187.937856,True,True,0.0053465813495328154,0.6777516065363997
9.631095,1,3189.541651,True,True,0.002629306010064258,0.5077063900635992
6.434051,1,3191.282722,True,True,0.001522815490602806,6.280244095940507
7.922271,1,3192.912513,True,True,0.004794468476933577,3.5968469860494934
7.326146,1,3194.635903,True,True,0.004257036900908886,4.672553251276171
9.523718,1,3196.329103,True,True,0.004539606867704247,0.7041951614118777
4.467169,2,3199.315189,True,True,0.0027036475508766065,9.661402612955872
2.550878,3,3203.095588,True,True,0.00010608448955906364,12.889494773445609
9.028527,2,3206.071174,True,True,0.0019611005749239963,2.2227082270223524
-20.601486,60,3243.990405,False,True,0.015128619599583283,21.57509430673436
5.987977,1,3245.568727,True,True,0.004516671068691953,7.088088550031296
-0.007618,3,3248.504699,True,True,0.004775011958386836,17.656579132704717
6.944627,1,3250.158739,True,True,7.47793006866497e-07,5.356952037058626
1.62888,6,3255.105997,True,True,0.0049915364397545405,13.822346855953347
5.183685,3,3256.382396,True,True,4.6993128543885987e-07,8.26829008370678
2.460509,2,3257.675947,True,True,0.001959054631837165,13.300466625967927
2.630308,2,3258.9618,True,True,0.0017895439189459326,11.622549302254964
5.229632,5,3260.650376,True,True,0.0011472236773755796,8.111770409418279
-3.074647,5,3263.893276,True,True,0.004524195130400779,16.09235799834475
2.368904,3,3265.696042,True,True,0.0096754755773208,11.80282605671219
6.454147,2,3267.175627,True,True,0.004036712043316043,4.988795705342008
8.605598,3,3268.680287,True,True,0.00042010633549569715,1.4779281262259667
4.167949,1,3270.046155,True,True,0.0025926146433498717,10.370298822218125
3.057452,2,3271.578584,True,True,0.00012760859338855019,12.358713808213245
9.169978,4,3272.916123,True,True,1.2714301700612017e-06,1.8956113217742276
0.849964,2,3275.74808,True,True,0.000548539807332795,16.234677897213288
6.008353,3,3278.596432,True,True,0.004669230985735762,7.052586479360822
5.464519,2,3281.556325,True,True,9.25914814584915e-05,6.402501070700549
2.43828,2,3283.325023,True,True,0.0025291440318654136,13.3277289112352
-0.212046,2,3284.554132,True,True,4.678476840467378e-06,14.110018863292987
7.228678,1,3285.744423,True,True,0.004906652795404245,4.849153491645287
4.556263,1,3287.525441,True,True,1.5055315273640024e-05,9.667711514207568
3.138824,1,3289.149389,True,True,0.0002656878840065638,12.22494864324265
2.18981,1,3290.80629,True,True,0.005357909931536959,13.939595714287005
1.439904,2,3293.165039,True,True,2.4493337913433777e-11,15.482145866611134
8.713931,1,3294.799371,True,True,0.0012627664282413836,2.1630209224649155
5.997998,3,3297.636304,True,True,0.002422472257155037,6.980476831047424
9.22132,1,3299.28547,True,True,1.035505314429027e-05,1.2446679234309412
4.629646,1,3300.598898,True,True,0.009929566954197291,9.54275457732464
4.4984,1,3302.194742,True,True,3.8827768777949245e-10,9.772102069865753
5.165681,1,3303.50845,True,True,0.00034289497372318265,8.568337580592443
2.792919,4,3307.523546,True,True,0.0005205759812946572,13.328374202343644
2.908869,1,3309.202942,True,True,0.0037137269945206244,12.641998058211048
8.392464,1,3310.527365,True,True,0.0037055716775605757,2.7465804523854893
3.463232,1,3311.798724,True,True,0.0034978053044652825,11.64207962312229
9.408208,1,3313.171848,True,True,0.004762773101507716,0.9131547011728994
8.172045,1,3314.825432,True,True,0.001566599189553018,3.14219849644712
8.213231,2,3317.407439,True,True,4.630388626015308e-07,3.07685556943798
6.89166,1,3318.770313,True,True,5.046411974836222e-06,5.452588191555169
3.238884,3,3321.117954,True,True,0.0003960485674786877,10.882155036662901
7.612653,3,3323.660795,True,True,0.004789673055643489,3.347054901623108
2.708364,1,3324.997415,True,True,1.0311568890419842e-09,13.001149780817425
7.720679,1,3326.424289,True,True,1.4865979509627245e-05,3.9555960395897314
-28.993975,60,3376.394886,False,True,0.00455557746648739,23.424083614823978
5.930464,1,3377.708171,True,True,0.003072569525454775,7.189544975503765
4.4071,4,3380.239166,True,True,0.006347930770454225,9.459704384751253
-0.834125,5,3382.921092,True,True,0.004591090599272786,16.9262817206854
1.634626,2,3385.445068,True,True,1.3287161942958999e-05,14.81687582687943
4.978861,2,3387.980298,True,True,0.004008735363899528,8.373794688650333
-1.390467,3,3392.576184,True,True,0.0023454300878415447,17.616937166512177
4.574845,3,3395.196791,True,True,0.0014799698758670658,9.32542348693502
3.85692,3,3399.001946,True,True,6.457999066067366e-11,10.206433214880175
1.888371,1,3400.417792,True,True,0.00781306015850937,14.484417119373179
-22.006259,21,3413.874346,True,True,0.004856080394153075,15.79865989842379
4.529989,3,3416.989232,True,True,0.00449267759361098,6.247858142895778
5.449489,2,3418.463783,True,True,0.0039837210488865155,7.926280734492454
-20.682753,60,3452.288767,False,True,0.0071896919117977,24.538090830765764
3.442932,1,3453.596499,True,True,0.0060244367779782974,11.680371605777193
5.914228,1,3454.960087,True,True,0.005770782904743534,7.222246436057637
1.587922,2,3456.17596,True,True,1.1682425860026768e-11,14.62282778498235
7.581559,1,3457.410908,True,True,0.009994177180268668,4.217065334916971
-24.71114,60,3491.46754,False,True,0.00837717511040758,23.50274962165767
5.79165,2,3492.853651,True,True,0.0047527790429522454,5.847463606115358
2.153871,1,3494.558057,True,True,0.005052625865645771,14.004218394628973
-20.598525,60,3541.530732,False,True,0.021158036761460983,6.737592256372704
3.601399,1,3542.712349,True,True,0.00042613863400667307,11.390683064292602
1.426706,2,3544.021977,True,True,0.0004850651246048987,15.13891613982574
5.791674,1,3545.408909,True,True,0.009386106807090087,7.446290795977411
2.964208,3,3546.729325,True,True,0.0023380672902802197,12.176305223790324
-5.205954,10,3548.266342,True,True,0.0023836763005087866,16.15032358705391
7.972737,1,3549.503404,True,True,0.0003604170095066056,3.500762443363413
9.027301,1,3550.763226,True,True,0.004708439909322845,1.6011576800720009
0.117745,2,3552.124321,True,True,0.008701602101151364,17.564508107022785
5.258446,2,3553.314384,True,True,0.004751605148243519,8.27388000735967
4.25803,1,3554.459576,True,True,0.00490981257695355,10.209509979098002
9.498229,1,3555.774571,True,True,0.005391133919289555,0.7513123598731527
8.26114,1,3557.125189,True,True,5.516439491285233e-05,2.9794733959489865
3.875588,1,3558.451045,True,True,0.00039545602138545827,10.896044757124674
3.261684,1,3559.866678,True,True,6.084158652624929e-05,12.003198512485467
3.109529,5,3561.207134,True,True,0.0024041952249583202,12.407614713299335
0.227842,1,3562.828859,True,True,0.005259684718020812,17.47643677186883
3.05433,2,3564.458942,True,True,0.004030393489101152,12.179827054061583
9.678971,1,3566.136716,True,True,2.1564649111700113e-05,0.41761012929895575
1.893871,1,3567.388314,True,True,0.00491247497376336,14.47291449459204
8.831439,2,3570.288302,True,True,2.8579813579408635e-05,1.208105616717807
9.340666,1,3571.986849,True,True,0.004876171879511076,1.0353086266254246
7.480056,1,3573.657327,True,True,6.9097665449931005e-06,4.390135243969345
2.65472,1,3574.948766,True,True,0.0028937203623869354,13.09979291273642
2.618236,2,3576.614445,True,True,0.0002829961998422467,12.966959016568955
2.014796,1,3578.183315,True,True,0.003303570158888226,14.253957966982885
7.000154,2,3581.533202,True,True,0.004937223619035137,5.61282746515931
-10.451335,9,3590.529269,True,True,0.0019669769483872768,17.92433444512001
5.674596,1,3592.295266,True,True,0.0023030821195392606,7.651671344983781
2.568954,2,3594.92411,True,True,0.004296751401655492,13.18947466561434
5.011034,1,3596.620209,True,True,0.005061122014081433,8.85125816788568
9.72043,1,3598.133386,True,True,0.001907295633569987,0.3452984478901503
-4.342509,34,3634.487121,True,True,0.00264727373303068,12.501719481809907
8.076899,1,3636.040028,True,True,0.0023961463098778283,3.3149886158396935
1.875563,2,3638.952652,True,True,0.00018106487530515202,12.409610748621066
3.271797,1,3640.525566,True,True,3.7509807602943744e-05,11.984939547648667
4.014315,1,3641.973997,True,True,0.00483387782701576,10.649054053469124
6.046839,2,3644.851561,True,True,0.00955789611402773,6.855868520747399
5.571695,2,3646.401605,True,True,2.71322984653731e-06,7.936520571341737
8.257806,1,3647.933275,True,True,2.0260656921275433e-08,2.9854284604550183
3.18915,1,3649.425868,True,True,0.00022150661663936956,12.134143898327572
6.776462,1,3650.979643,True,True,0.0003362893437427999,5.660919591068209
7.531554,2,3654.188074,True,True,0.001395219908608178,3.0377332199930485
4.270353,4,3660.725618,True,True,0.004416574163610734,9.698195886761276
9.8114,1,3662.256822,True,True,0.0005523465385382561,0.1790093184379112
9.503009,1,3663.778368,True,True,0.00012811465041198504,0.735776751282117
3.046009,1,3665.243938,True,True,3.632474581544143e-10,12.392170030465177
2.010107,2,3668.124035,True,True,0.0029553503866713744,13.885332611818834
7.804238,1,3669.756231,True,True,0.005045173117208271,3.8102240409300365
8.539242,1,3671.28987,True,True,0.00010002609094824939,2.4771522304053497
8.144241,1,3672.584841,True,True,0.006786839935186223,3.1981768430562387
2.765158,1,3673.807218,True,True,0.00022558725539648106,12.89887220573336
3.331012,1,3675.026412,True,True,4.1096752043112694e-09,11.878101652829885
8.133373,2,3676.402124,True,True,1.5966388617364921e-06,2.999279976359901
9.586819,1,3677.693838,True,True,8.096134331454785e-07,0.5841321972032996
0.563034,2,3678.947409,True,True,0.004764756792137666,16.495418879866868
6.610662,1,3680.241909,True,True,0.00038553412254304243,5.960296810750531
5.503179,1,3681.534663,True,True,0.0003480708995405781,7.959278010275128
6.066693,1,3682.715231,True,True,0.00019086074055289304,6.942060007826684
2.595664,1,3684.039893,True,True,0.0035487948659217276,13.206699560659995
4.768333,1,3685.282737,True,True,0.00032802014583945644,9.284399992722864
-24.710399,60,3714.79047,False,True,0.006702097499794837,18.565634411254063
9.031804,7,3716.27377,True,True,2.6292643385750734e-05,0.7708551750664255
7.644824,1,3717.544258,True,True,2.8380194203087364e-05,4.092603581344961
7.300581,1,3718.806827,True,True,0.0009465390474954465,4.715253692781345
8.462152,1,3720.049061,True,True,3.593331641671784e-05,2.6163368958487347
6.234079,1,3721.251723,True,True,0.004769332828222368,6.644102669396141
0.01809,6,3722.806837,True,True,0.0019539478280776023,17.10329050068004
-3.814124,8,3724.274905,True,True,0.0045298873133144,17.304054896358334
1.938444,3,3725.657684,True,True,0.0021660943220642107,14.27252983021519
6.561731,1,3726.84397,True,True,7.628815071976901e-06,6.048249614393595
2.915096,1,3728.187639,True,True,0.00048334207858760723,12.628624395789119
4.777647,1,3729.451623,True,True,0.00508945582660866,9.272316309697434
7.858944,1,3730.658508,True,True,0.00017940926862349254,3.7060725993007324
0.606995,3,3731.926199,True,True,0.001558908322641205,16.107816373367132
1.689125,3,3734.49665,True,True,3.931118278122092e-09,15.064059181402966
3.318631,2,3736.203827,True,True,6.989011626379327e-11,11.773874093664205
2.895082,2,3739.357059,True,True,0.004526971022573788,12.713682900030275
3.412068,3,3743.464883,True,True,0.004670535950262887,11.469900025810508
7.03273,1,3744.717603,True,True,8.705400403910633e-05,5.1979681931293795
2.270582,1,3746.393454,True,True,0.004722256951222047,13.793589255852693
6.449297,11,3761.187291,True,True,0.006766227338887071,4.079510371407022
4.816868,2,3764.18789,True,True,0.004566310449517254,9.105714294339636
3.0888,1,3765.888214,True,True,5.492220636615919e-10,12.314989619716133
2.88212,1,3767.565422,True,True,6.463397490830136e-10,12.687767699020815
-24.181094,56,3828.774109,True,True,0.0025555496407512115,10.372674806999413
7.578816,1,3830.319449,True,True,0.004403642598010107,4.216543117523823
4.034923,3,3834.59238,True,True,0.00973425748427641,9.115307513512612
9.879484,1,3836.154923,True,True,0.000161606507378554,0.0553928107181178
9.629832,2,3839.476792,True,True,2.073673704607558e-05,0.3452246601862982
4.951851,1,3840.719016,True,True,8.335246878452517e-06,8.95390823737262
4.925104,1,3842.227609,True,True,0.0015531151779576945,9.003473319598747
3.51744,2,3843.47071,True,True,4.488887127148192e-05,11.434977188578724
3.153894,2,3846.080015,True,True,0.0046411875051981,11.845529578626344
8.703286,3,3847.812521,True,True,0.0003454507564912817,2.2182067861723835
-2.902091,7,3853.129743,True,True,9.142449910092085e-05,12.887621810317327
2.154439,1,3854.419696,True,True,0.00018313627601808025,14.000240815411725
4.136622,1,3856.05113,True,True,1.8832641387935695e-07,10.424821027174062
1.35452,1,3857.393291,True,True,5.0072980883358624e-05,15.442572982173187
1.36826,1,3858.642802,True,True,1.585167839695574e-05,15.417780228932912
7.211819,8,3866.937942,True,True,0.0001728670749255672,4.0886136139850064
8.599639,2,3869.380056,True,True,1.3064111271648277e-06,1.6376653454423853
0.288504,1,3871.045812,True,True,0.007462139076285458,17.36547514809095
5.071476,1,3872.655701,True,True,0.0003344375602109505,8.738325050843438
1.425683,1,3874.160766,True,True,0.00040440288253648475,15.314469490930623
7.795079,1,3875.369228,True,True,0.004959771569758248,3.8266700799961253
7.581269,1,3876.893053,True,True,8.490562202566679e-05,4.2074439179950485
8.475747,2,3879.679062,True,True,7.78847630701629e-06,2.438721789381301
9.870917,1,3881.270597,True,True,0.00042473047483557007,0.0712545658554806
9.617922,1,3882.906824,True,True,0.002471779826399523,0.5312990129983177
5.590733,1,3884.514637,True,True,2.2194309655770655e-05,7.800967579754534
2.047833,2,3887.441823,True,True,0.0008018837640571923,14.09044848869032
3.468273,1,3888.671398,True,True,0.0004020509210443529,11.630803428320462
8.492242,2,3891.276728,True,True,0.00449170646612859,2.17609570674064
1.743315,2,3894.009034,True,True,0.004551236196066158,14.582649062161632
5.694253,4,3899.067904,True,True,6.827897353653151e-05,6.217551987230995
4.252516,2,3900.256093,True,True,0.002665235216453829,10.129324987171032
3.395203,1,3901.8682,True,True,1.2857983948399987e-10,11.76231542733441
2.553562,1,3903.528627,True,True,0.005031082816772097,13.283527720350119
-6.16882,19,3921.59634,True,True,0.00023469915898884932,10.308687120973513
7.453579,2,3923.158481,True,True,0.00493295833296256,3.0051170420515443
8.253248,1,3924.75418,True,True,2.3588566415693596e-06,2.993665858315305
3.566589,4,3928.859071,True,True,0.004766795928207151,8.902633142045199
8.276816,1,3930.397554,True,True,0.0033515227807494287,2.9550335457154553
2.317445,1,3931.980841,True,True,0.0024538436821965512,13.707718842650461
6.89251,6,3939.147636,True,True,0.008402449238497632,6.19427015906204
6.413724,1,3940.404931,True,True,0.00017679492433927014,6.315612147717744
6.959109,1,3941.932412,True,True,0.004663532445896882,5.335517561546676
3.75064,1,3943.523674,True,True,4.278966950731211e-10,11.121148048329369
4.493158,1,3945.256507,True,True,5.6495072178617406e-05,9.781605279452776
7.736393,2,3947.940535,True,True,0.004828016835745009,3.8582590768272467
7.542106,1,3949.647909,True,True,0.0011652019845395612,4.2793708794675185
5.255559,3,3953.847559,True,True,0.004821887256602828,7.854397034222735
-4.181613,10,3962.781174,True,True,0.006335307622560779,14.37048888552787
4.059325,3,3967.281928,True,True,0.005441440886870591,9.63118784059757
7.95062,2,3970.255272,True,True,0.0021657075564809085,3.3957070609370237
5.876322,1,3971.667428,True,True,0.0009986640650307098,7.2864296946677705
3.671327,1,3972.885114,True,True,0.00045200763385350867,11.264560510551282
3.98777,2,3975.756503,True,True,7.35503123059345e-05,10.437055162942444
4.628961,1,3977.297116,True,True,0.00016112111789690596,9.536662123968416
4.321394,1,3978.473049,True,True,0.00012974515703942802,10.091567778066905
9.194421,1,3979.707084,True,True,0.004584950835314305,1.2990006516451318
6.978426,1,3981.074801,True,True,0.004756476875065198,5.3007402021034284
3.285812,3,3984.710322,True,True,2.2020832563390824e-06,11.463283869692978
2.478481,1,3985.943007,True,True,0.0035148958748856905,13.417987905377217
2.234102,1,3987.48421,True,True,0.0001287123382806047,13.856545366503571
3.081636,3,3990.403974,True,True,0.008656846125923956,12.010095885706065
3.04475,2,3993.301602,True,True,0.0042362302231483285,12.274671558492988
7.55322,1,3994.527495,True,True,0.01062088868492896,4.268786927339619
7.21602,1,3996.16649,True,True,4.594537374820961e-05,4.866968968684359
6.637988,1,3997.749864,True,True,0.004979493800745707,5.91542319731697
8.276469,1,3998.854263,True,True,2.9709974517662906e-05,2.9517535396757895
7.490235,4,4004.316132,True,True,0.00016105130003318292,4.687506379191215
8.110909,3,4008.46657,True,True,7.704826286090679e-05,3.7773885967153524
3.275525,1,4009.583266,True,True,1.5553366580767225e-10,11.978187992252874
5.646748,3,4013.906512,True,True,0.009444789736602914,8.117168031792383
0.511268,3,4017.477222,True,True,0.0003620227784443403,16.090973809766496
6.351267,1,4018.836074,True,True,9.682011938656667e-08,6.42805141076887
6.590323,1,4020.057195,True,True,0.004594313892059835,6.001094675330644
1.000725,1,4021.410961,True,True,0.0032196875453692313,16.082208676413572
2.098074,2,4023.961263,True,True,0.008426525859928556,13.877275003207222
6.793193,1,4025.518007,True,True,1.4519399682091406e-06,5.630365706861483
1.416716,2,4027.996064,True,True,0.007607231797159714,14.99171677838268
2.310264,1,4029.346354,True,True,2.070715491436781e-10,13.719112814141669
9.070697,1,4030.576707,True,True,0.00010464294654130214,1.51696562384755
6.046632,4,4036.112583,True,True,6.846584277269557e-05,6.135401085699785
10.256644,2,4039.03375,True,True,5.434310689185658e-06,2.3479442260139405
-31.216811,60,4081.52201,False,True,0.004339911769103206,37.23046379786041
3.089413,2,4083.997112,True,True,0.001342739469434747,12.073883067676173
4.271409,1,4085.246705,True,True,2.238055574199649e-11,10.181646276469966
8.623549,1,4086.450078,True,True,1.1016517963900047e-05,2.324734110891779
3.173346,1,4087.651158,True,True,0.0022251849459798308,12.16404040098406
4.836379,2,4089.000034,True,True,3.9729264804215514e-08,8.386174963950777
-9.727377,13,4099.016584,True,True,0.002230170818615533,13.967701151816485
5.419503,1,4100.327792,True,True,0.0007757134017610723,8.108730471091352
6.837182,3,4102.940706,True,True,0.00455421662914051,4.731316506985276
4.404323,2,4105.469667,True,True,0.008984312530038372,8.92331997871925
7.784896,1,4106.7515,True,True,0.0013663004228991475,3.8411579966281995
1.737485,1,4108.13878,True,True,1.3011947395539028e-06,14.752007226892593
0.536166,1,4109.57911,True,True,0.007893667144166656,16.921928066302545
4.259845,1,4110.776706,True,True,0.0020510049857385203,10.204110839092985
4.402542,2,4112.005541,True,True,4.286329814184853e-06,9.54112909842826
-8.117069,8,4113.44587,True,True,0.005049186655875838,17.321755640263646
5.356589,2,4114.781051,True,True,0.0001062028822457102,8.211645560621832
5.611682,3,4116.075529,True,True,0.005720745030622414,7.631085969097874
7.099093,2,4118.5609,True,True,0.0024644281825428006,5.154391513591444
1.414429,3,4121.207433,True,True,0.004836768909028313,13.962517648998531
9.058372,3,4123.625923,True,True,2.58974536162099e-05,2.00006225559383
6.377183,2,4126.641659,True,True,0.004307596435541172,4.95099901902393
6.778492,1,4128.117617,True,True,0.00953074192978874,5.665919746658508
8.200014,3,4130.711708,True,True,0.0021066721168688375,3.1457460739902126
3.431427,2,4133.54634,True,True,3.0424382584812713e-05,11.582619956623127
0.77123,6,4138.71365,True,True,0.00018526311590449766,13.558634577416582
2.509175,2,4141.391879,True,True,1.2836866292165183e-10,12.960083535633656
3.480058,1,4142.773057,True,True,6.976005190173495e-11,11.60925129715492
8.50387,1,4144.009211,True,True,2.25321049878921e-07,2.54092906309768
6.335031,1,4145.22852,True,True,0.004581182699053062,6.461834835520904
9.558006,1,4146.624937,True,True,9.690413760390058e-05,0.6363397249040129
2.159499,8,4156.875153,True,True,0.00267260366474952,12.7443776012192
6.031845,1,4158.242198,True,True,0.00039581310829081735,7.005155601525094
4.729008,3,4160.77243,True,True,0.0008020798685398859,8.32249130420411
9.120991,1,4161.957913,True,True,1.0809624687805469e-05,1.4227855244413987
3.158986,1,4163.178656,True,True,1.022713993353852e-09,12.188394791927287
-18.20876,60,4208.440847,False,True,0.030938326099371413,14.255846871914732
3.401954,2,4209.662272,True,True,0.00032687736893579483,11.618835582273556
2.763704,4,4212.493948,True,True,0.0028847967382803937,12.533478352048412
7.07687,1,4213.894196,True,True,0.001295516809984781,5.1143017631601415
5.894532,2,4216.382604,True,True,0.004543480692788208,6.526119944407985
3.130412,1,4217.648535,True,True,0.005110588426506827,12.243372626006432
6.815693,2,4220.461662,True,True,0.00942287075387948,5.1706146591237685
6.666635,1,4221.70429,True,True,0.004885561724735277,5.863633027059686
-0.760095,8,4228.901365,True,True,0.004982806032022126,16.388042494239915
4.315049,2,4230.303365,True,True,0.0041037576961788,10.207018951815602
2.969345,3,4231.595422,True,True,0.004840154875733837,10.37644792652231
0.190126,16,4243.078386,True,True,0.009758511995804887,15.282849519923852
8.405923,5,4246.966278,True,True,0.003061609461734534,2.06922915800724
3.825234,1,4248.543695,True,True,0.0011857959246808544,10.98747537896563
5.236029,1,4249.990731,True,True,0.00360919090339079,8.4441624045241
7.150059,1,4251.280186,True,True,0.004989258931659864,4.9911541945289635
-1.157917,26,4271.205482,True,True,0.0029042800518170675,7.30572624555728
7.433936,1,4272.559235,True,True,0.00015961101391010098,4.473590763476069
4.16702,1,4273.920967,True,True,0.0041693710369814395,10.373136722764484
2.311613,2,4276.741872,True,True,0.0005215431176203208,12.73617739233595
1.902877,1,4278.262272,True,True,0.008580604379505022,14.458670305585839
-25.108453,60,4318.470343,False,True,0.015886051021077735,34.176628335394184
1.597374,1,4319.884607,True,True,0.004585972330858919,15.007290897782248
3.279883,1,4321.282718,True,True,0.00025210754057130094,11.970508605389131
2.732167,6,4326.39188,True,True,0.0013910148101056227,7.844039095750966
2.594617,2,4329.116685,True,True,0.0014012056569456606,11.521541911993719
-6.724155,22,4343.300448,True,True,0.006758321471010913,17.114082769553253
9.734045,1,4344.723311,True,True,0.00013636685629614138,0.31823250128605607
3.534364,1,4345.874687,True,True,0.0015084538518486956,11.512387994314924
9.07916,1,4347.322682,True,True,0.004696855571384028,1.5074715256887439
8.002828,1,4348.610658,True,True,8.973490005330376e-07,3.445990958391327
9.361828,1,4349.931294,True,True,0.003372780495247034,0.995193132125337
8.364468,1,4351.169393,True,True,9.022236796180604e-05,2.7928656165121497
7.757518,1,4352.452965,True,True,0.0014734090760899852,3.890718623027288
-1.402999,7,4359.752879,True,True,0.005190521035385074,15.91328628573928
6.818463,2,4361.157681,True,True,0.004873547983136237,5.451641972045327
2.898063,1,4362.487785,True,True,0.0025779824846534558,12.66074843117725
5.981566,1,4364.065641,True,True,0.004705608012703823,7.099823514530937
-22.983757,60,4383.466877,False,True,0.018804503988083504,29.337687435158426
9.623107,1,4384.781168,True,True,0.0011518506393548176,0.5201450980424989
7.865727,1,4385.965857,True,True,0.004615880674532954,3.698752025399896
4.851324,13,4393.699838,True,True,6.626693401734496e-05,4.316646029035404
4.167169,2,4396.396862,True,True,0.004377490954138353,10.38576383971659
6.881397,1,4397.792562,True,True,0.0036501504409360685,5.474810522281975
2.696885,2,4400.418813,True,True,0.0007526806652478632,11.777245532153705
1.442548,5,4406.795657,True,True,0.003978965430721676,13.773382344864348
7.787451,2,4409.525489,True,True,0.00536253634680725,3.330270864157161
-1.964839,4,4412.167398,True,True,0.00016630182682934045,15.073788991394766
7.540141,3,4413.398055,True,True,0.006420085794622297,5.461359663097942
1.750538,1,4414.742104,True,True,3.6962048005628745e-11,14.728468010627843
9.28426,1,4415.983781,True,True,3.522447097712052e-05,1.1309648213695938
3.783539,1,4417.289217,True,True,0.0037071070381424313,11.06450777627481
-19.049754,60,4469.020422,False,True,0.007403597602798288,28.372259334321154
5.54193,2,4470.311392,True,True,0.0022727112431434864,8.234615052743786
-0.688807,5,4471.5857,True,True,0.0047634822227710085,16.02246559231594
5.687556,1,4472.871625,True,True,0.004702408255821862,7.630355530254701
5.917198,10,4476.765195,True,True,0.004784188235025132,7.705048215037659
7.19294,1,4478.096311,True,True,0.00013279270067707242,4.908736949612125
3.814348,1,4479.328373,True,True,0.004035790701623341,11.00916971095261
1.924189,1,4480.619837,True,True,9.39836858023799e-05,14.41539355950555
3.447975,3,4481.929396,True,True,0.0003234459083892721,11.344716187014011
-1.940879,10,4490.85264,True,True,0.0074369820577812,13.87181928919232
4.289553,1,4492.126753,True,True,0.0013691472853591853,10.149991504723419
2.404816,2,4494.65889,True,True,0.0002488016757507235,13.933475995918734
5.841241,1,4495.826757,True,True,0.007064288140875704,7.355014281102312
-3.163981,7,4500.796101,True,True,0.0005552183537637662,16.37302363274017
4.254912,1,4502.072421,True,True,0.003970055855536166,10.21445049915172
1.413318,3,4503.421954,True,True,0.0012140404679203557,14.759535134238151
3.579185,1,4504.898141,True,True,0.0003590541497402906,11.430704542666096
8.424548,1,4506.321823,True,True,0.00013892080893860778,2.684394536577602
6.58874,2,4508.903165,True,True,1.0001145519670032e-06,4.654719898119587
3.738181,1,4510.427726,True,True,0.0028959461871015234,11.145746035708695
1.577038,2,4512.889521,True,True,0.0002975447654205302,14.445189610323668
-8.940099,11,4517.091728,True,True,0.010032947550974638,16.450916847771104
7.785243,1,4518.449735,True,True,4.8739327313833056e-06,3.838979175224863
2.459,2,4521.176352,True,True,2.827114688186416e-10,13.116470573580116
9.000763,2,4522.652192,True,True,4.7066221412641815e-05,2.4150657844719787
7.013413,1,4523.747426,True,True,1.0574551474648239e-05,5.232764707134497
7.900969,1,4525.159056,True,True,0.004481577132868641,3.634975297815433
9.628919,1,4526.714002,True,True,0.00013333259545193245,0.5082302178271267
2.2384,6,4530.601517,True,True,0.0029918517050441656,12.92782824106847
-18.548615,60,4548.118792,False,True,0.03118966443312201,23.959165341945948
9.615052,1,4549.293247,True,True,0.00125220783558312,0.5279991521743376
3.302301,2,4552.004267,True,True,0.002928879361428139,11.215508941512413
4.751437,1,4553.269693,True,True,4.290624799896392e-11,9.315538223246417
7.598808,2,4555.743331,True,True,4.55492754744026e-06,3.4353037053928923
1.231331,1,4557.156973,True,True,0.004019689484854691,15.666900855533315
8.199639,1,4558.49183,True,True,3.771496962706646e-05,3.0905445691043893
8.029795,1,4559.840714,True,True,7.592514608902208e-06,3.397289611898914
7.558175,1,4561.104158,True,True,1.355048302507033e-05,4.249069719000778
6.441676,1,4562.482706,True,True,0.0038226230446531872,6.268665720086264
4.505597,1,4563.756239,True,True,0.0007882752174341238,9.759756949527466
9.709756,1,4565.095386,True,True,0.0010850372685108915,0.3634590217086157
7.373822,2,4567.532917,True,True,0.0005821979565757557,4.437170848167364
3.59108,1,4568.765873,True,True,0.00048070144146956234,11.409337234607522
-28.445531,60,4607.337193,False,True,0.0001988345985196767,17.32924017065842
5.804554,3,4608.615349,True,True,0.004690104771527771,6.5647670836963945
8.351642,4,4610.844478,True,True,0.0023177119649641243,2.4961407629958146
5.063011,2,4612.009212,True,True,0.00011090888912897081,7.5030021796241835
3.285857,1,4613.299595,True,True,1.245394731785865e-09,11.959552158614517
6.11563,2,4614.570922,True,True,0.008165529521127708,6.936576754206636
9.143617,1,4615.797244,True,True,1.493755630793854e-05,1.385084297441618
7.151978,3,4618.261046,True,True,0.00011713104176419402,5.404120940474997
1.819851,1,4619.569417,True,True,0.0006001178024193279,14.603849324387893
-2.216061,5,4623.389259,True,True,0.0004343268218075392,17.61478881658558
3.816008,1,4624.655937,True,True,5.965880602032403e-10,11.003225718904382
5.570828,1,4625.941372,True,True,9.296030401296368e-05,7.8369573586112065
-19.651831,52,4655.668358,True,True,0.001920455692605336,16.475787959721107
8.603805,2,4657.088207,True,True,0.0011731867384370386,2.6656793786478263
8.363083,1,4658.377059,True,True,0.0001666836005926129,2.7954614251927112
8.772442,1,4659.737162,True,True,0.004185601321993545,2.060868852972209
6.66024,1,4661.068505,True,True,1.7444480059507043e-05,5.870415853642194
3.800963,1,4662.350071,True,True,3.2985358433372525e-10,11.030367641201343
8.14943,1,4663.598768,True,True,0.009240469778805951,3.191315959447937
-10.361068,60,4713.467428,False,True,0.00022008940817253844,6.2594406953125405
3.376269,1,4714.808177,True,True,0.009425318506468253,11.802707183904685
2.472624,1,4716.051448,True,True,0.0023918074651134175,13.427851386608502
3.6006,2,4717.352715,True,True,2.6956151698807884e-10,11.264144894281133
0.382273,2,4719.85148,True,True,0.0002458462323986061,17.078855477272494
5.393713,1,4721.170961,True,True,0.004490154901049636,8.160376296102095
2.082938,1,4722.461721,True,True,0.0002678919323257723,14.129233798022652
8.249792,1,4723.852593,True,True,1.1888653852835338e-05,2.999919758461652
6.499276,2,4726.50341,True,True,0.008865558920244106,4.879254229660993
-25.745001,60,4780.686572,False,True,0.015306023622248605,19.666689841635215
3.146649,1,4782.090162,True,True,0.002936840928579248,12.212668658792044
8.867269,1,4783.394541,True,True,2.7075589519636768e-05,1.8844270270916186
8.702223,1,4784.772893,True,True,0.0005939653133241922,2.1833351610912857
9.785138,2,4787.451015,True,True,0.0025283799913364885,0.07014681777282251
4.572078,2,4788.69373,True,True,0.0012045843582224793,9.427359681583546
7.283148,1,4790.235785,True,True,0.00475027160707882,4.750670099008095
5.642849,1,4791.686652,True,True,2.731806368113515e-07,7.706888658625224
8.105905,1,4792.982837,True,True,0.004642926528614972,3.2651072910478693
6.04696,2,4794.280436,True,True,0.0047390551671305375,6.913724217376463
5.378165,1,4795.459646,True,True,0.0002916883363765794,8.184840674879739
6.198295,2,4796.669447,True,True,0.004612709187752218,6.200270686029681
7.883245,1,4797.791787,True,True,8.945995000056092e-07,3.6619747278932393
-10.696874,40,4813.212566,True,True,0.008332827433213098,14.973331791708377
1.385487,5,4818.161011,True,True,0.004815681892225219,13.692019307907715
6.390457,2,4819.427008,True,True,0.00016267566573730546,6.7097380149406085
-9.99412,11,4830.759988,True,True,0.011229444347474818,17.19462616380508
7.055181,15,4838.464329,True,True,0.004265264835460765,4.511049041006535
1.162928,5,4841.213917,True,True,0.0018955997793940966,15.139225963721362
3.21946,1,4842.340833,True,True,0.005089886518366031,12.082773274864588
3.964404,2,4844.940968,True,True,0.004028487826307584,10.74381743686874
-28.761516,60,4884.552639,False,True,0.018351979056240274,31.732705963485934
9.028608,2,4885.854062,True,True,0.004793132778868685,1.7853451648249254
1.74159,2,4888.466996,True,True,0.002564819555997394,14.256313907554274
6.860687,2,4889.762016,True,True,0.004768155893123553,4.525179480684728
2.051515,7,4894.966223,True,True,0.003182140977428676,13.26415043218551
6.913153,2,4897.49425,True,True,0.0013295661446189834,4.809207713182635
5.651382,1,4898.887515,True,True,4.28684125406819e-06,7.691491309078287
5.54608,1,4900.030654,True,True,1.5910387509760014e-05,7.881551604107211
1.564675,1,4901.390152,True,True,0.0002465697214614265,15.063759448253311
6.461975,2,4903.454538,True,True,0.00017527828196660464,6.832503298131762
3.5919,1,4904.686079,True,True,0.002314307229341399,11.409183743912697
3.211926,1,4905.993684,True,True,0.0016859718986988442,12.094089864914885
6.49767,3,4908.702386,True,True,0.004846091476365402,5.715406017683055
1.884042,8,4915.483275,True,True,0.0030749346398316925,13.34604139387764
6.700255,1,4916.764932,True,True,0.004605802288613597,5.802690345860688
8.800765,1,4918.164495,True,True,0.0011311717239749063,2.0059867733293486
9.241347,1,4919.616943,True,True,4.9138002804071e-06,1.208470044678714
6.173177,2,4922.238398,True,True,9.74239797776194e-09,6.610254898801744
-8.910253,11,4933.911704,True,True,1.790777140601562e-05,17.65591762755382
2.322211,1,4935.227815,True,True,0.0003935481372647218,13.697822324961782
5.839104,1,4936.524917,True,True,0.0024963143705222174,7.354963694773828
3.644476,4,4939.539862,True,True,0.004770316209271915,11.80777885213793
5.926708,1,4941.018069,True,True,0.0023167541430787007,7.196701226576958
1.81279,1,4942.305358,True,True,0.009496501818081694,14.621543515993324
4.163297,1,4943.560518,True,True,2.116387680053001e-05,10.376713948757038
5.257948,3,4946.189815,True,True,0.0009300188120980142,7.819914221423524
3.072215,1,4947.36565,True,True,0.005292286509506827,12.348436675580459
9.129752,3,4949.969311,True,True,0.00047389141851942197,2.1031175352591402
6.709547,1,4951.297202,True,True,0.004925603875239901,5.78621978054313
6.069546,2,4952.728426,True,True,2.7171381428267756e-05,6.9853658526298865
8.905237,1,4953.954895,True,True,0.005868115129662246,1.8229898871220047
0.950439,2,4956.558861,True,True,0.0005159045176156857,16.053198407967756
3.099171,1,4957.622604,True,True,0.002930260451170598,12.298290771837596
2.319504,1,4958.961253,True,True,0.00020307091699139825,13.702582038963541
6.408245,1,4960.143576,True,True,0.0056277002529818015,6.330643857008152
3.140212,1,4961.65709,True,True,0.002042809422398397,12.223675374352629
6.717986,1,4962.881581,True,True,0.00026198795454564737,5.76641482529864
9.025954,1,4964.133806,True,True,1.6903537642373734e-05,1.5976955226559542
3.649843,2,4965.476654,True,True,0.00470203752298152,11.181892016422653
3.256758,1,4966.692606,True,True,5.05635924796799e-09,12.012038953614868
3.576482,4,4971.525729,True,True,0.00444236813625039,9.834061175687953
7.407047,1,4972.819345,True,True,1.003561727458413e-05,4.5219806497302395
0.326625,5,4979.219954,True,True,0.00118354029230101,15.31374156723617
5.157177,6,4980.788086,True,True,0.0047241854470551296,5.35314240180398
0.072426,3,4983.342602,True,True,0.00015122043502440244,17.524388731726933
3.532698,4,4984.681198,True,True,0.004321944681597573,11.241878156200158
3.450809,2,4985.96408,True,True,0.0049267134219536934,11.619139676494559
4.029258,2,4988.502501,True,True,7.583786493468972e-05,11.020035425236737
-1.994396,5,4991.048217,True,True,0.0003616566857801021,17.859262468801575
8.907376,3,4992.294936,True,True,4.793622884332119e-06,1.0631476047095714
4.321914,1,4993.567914,True,True,0.002492707023796983,10.092475767087759
2.08377,1,4994.716079,True,True,0.0015927021651252257,14.128557692156825
1.466936,1,4996.038394,True,True,0.001390211706595118,15.240661868079151
0.60876,7,4997.511658,True,True,0.004218895159525513,13.63640654827153
-0.861176,6,4998.950284,True,True,0.003759904066132988,15.51754886560924
4.979837,1,5000.15927,True,True,0.0025827295705249846,8.905565578756711
8.306126,2,5001.356539,True,True,0.00014831302735818057,2.7466027559806983
8.294913,2,5002.752809,True,True,9.035708820060015e-05,3.9788432756443317
4.565672,1,5004.136931,True,True,0.0006161427537068991,9.651227774438677
3.0876,1,5005.418503,True,True,0.0016205153537153516,12.318276738725702
4.748597,2,5006.712097,True,True,0.005068368437871092,9.193760691015894
-2.178949,3,5009.068145,True,True,0.00030887271133831764,17.05491926240014
2.711251,1,5010.306681,True,True,1.804731132037723e-05,12.995956285226045
6.751082,1,5011.559375,True,True,1.4753058284709686e-05,5.706407257997441
8.282355,1,5012.829072,True,True,0.004644951332354963,2.9464839500738798
0.919239,10,5015.167078,True,True,0.0027809911966406543,14.138739179898492
4.298979,1,5016.441113,True,True,0.002043116859744242,10.133506163788365
8.366977,1,5017.692492,True,True,1.830195246641745e-06,2.788225037201822
4.303941,1,5018.986527,True,True,1.0325826797113243e-05,10.122960779445966
9.266885,1,5020.332787,True,True,0.0002457002474675179,1.1626465663798193
4.96541,4,5023.092021,True,True,0.00016174156031660558,8.636883935026141
3.040293,3,5026.668369,True,True,0.006779799882009343,12.343736675181406
4.461134,2,5029.089988,True,True,3.127805323867739e-05,9.819753487588635
2.459575,2,5031.744135,True,True,4.21412697509001e-05,12.018866604001191
2.234126,1,5032.980974,True,True,0.0005557048709882717,13.856775614907187
8.124647,2,5035.453297,True,True,0.00987501706962671,3.0969303229198326
5.678987,8,5044.106438,True,True,0.0034221975259425205,5.624319911901452
7.52282,1,5045.300235,True,True,1.491728987192088e-05,4.312918551435981
7.89852,1,5046.59942,True,True,0.00011504728401761635,3.634520196717644
0.731809,1,5047.834821,True,True,0.0035162039429212926,16.567146629854612
3.685693,3,5051.340085,True,True,0.003268916662343106,10.985735543445028
7.569457,1,5052.561818,True,True,0.0006165136268014453,4.229372822704801
4.315067,1,5053.790302,True,True,0.003540948850665993,10.105398184700778
4.761589,6,5060.04109,True,True,0.0013097406684540983,7.543453454314557
6.988211,1,5061.35854,True,True,0.0004110706820310544,5.278693143658032
7.565002,1,5062.61228,True,True,0.0024018306009527058,4.239373256932095
9.828085,1,5063.881006,True,True,0.004410588799002413,0.15411523597821736
3.262636,1,5065.290214,True,True,0.00011198045053712781,12.001516624459985
2.429053,5,5072.270365,True,True,0.005039383337712081,12.86081201146535
5.148807,1,5073.554276,True,True,9.614897123414183e-05,8.598571378582514
7.331328,1,5074.953405,True,True,0.0019711005803183146,4.660832332107768
-28.136644,60,5114.746704,False,True,0.012183957805906304,32.20207849382141
1.04938,1,5115.96947,True,True,0.008962980950549742,15.997387116055277
4.316147,2,5117.264942,True,True,0.0017716272317852824,9.973132571907374
2.263203,6,5119.518926,True,True,0.010056435611112174,15.61226080124254
3.875369,3,5122.077929,True,True,0.002424760229520838,10.391160220151736
5.851628,2,5123.423189,True,True,0.00452951564479997,6.125603255221509
8.315557,3,5126.00599,True,True,0.004748465920176673,3.0680597187280676
8.253054,1,5127.335295,True,True,8.761597637945567e-07,2.9940135125773693
4.917384,9,5133.888212,True,True,0.0024124159091288735,1.7967124241515822
7.022372,2,5135.065228,True,True,0.000934147709539428,5.074526447489734
4.467941,1,5136.353155,True,True,6.401077582220865e-05,9.827111004601795
6.528311,1,5137.642924,True,True,0.00013521395001792752,6.10871256220818
2.514985,1,5138.870105,True,True,0.00010643800586840335,13.349982950576216
5.251873,1,5140.069093,True,True,0.00312716087830115,8.41517605668442
-21.261643,60,5165.865948,False,True,0.0006792349587780298,38.217778882499815
5.249923,2,5167.092291,True,True,0.0005987928467188885,8.841072463905565
0.944667,1,5168.443279,True,True,0.0004771694339020995,16.181781333623075
9.541562,1,5169.633266,True,True,1.718673511612312e-06,0.665926300045793
0.414205,2,5170.974833,True,True,0.004303092874824635,17.115663716143587
4.770766,4,5174.642862,True,True,0.0029174920696193483,9.935942488373307
-1.464417,3,5175.905751,True,True,0.004828875956183178,16.97290798933346
5.771797,3,5177.167111,True,True,0.0023712233904889866,6.637826711937103
9.105404,1,5178.351314,True,True,1.3046722595753263e-05,1.4541313005583119
3.202929,1,5179.597084,True,True,0.0029805452701371377,12.111197152393897
3.144324,2,5180.891537,True,True,0.00019274100971394294,12.089219321135854
-0.129612,3,5184.707084,True,True,0.003614152105486531,14.860543972575947
-19.982112,60,5239.516117,False,True,0.002923353943036531,28.847042695297784
7.438366,2,5240.679186,True,True,0.008996431349432687,4.517988655979525
9.813508,1,5241.889365,True,True,0.00022428127011132545,0.17473311165068586
3.440514,1,5243.159296,True,True,0.009156869588393098,11.686699659700892
4.155676,2,5244.308835,True,True,0.004837009016462016,9.663526063850531
7.188831,1,5245.591261,True,True,0.0030168557284183037,4.919190350379619
4.33773,2,5246.891911,True,True,0.0005742144399446987,9.932209019862636
1.892257,1,5248.162366,True,True,0.0036489771777811495,14.475103659316483
7.37513,1,5249.499901,True,True,7.361700757584771e-08,4.579606831376854
2.186927,6,5253.506923,True,True,0.001771533062686034,11.449603266698553
4.322007,2,5254.90124,True,True,0.004108016213424693,9.966107373080835
2.211917,4,5256.286003,True,True,0.004387157911956807,12.930890192784002
3.139796,2,5258.776201,True,True,0.0007747161345363889,12.098229040983721
6.036777,2,5260.017322,True,True,0.004781346049105941,5.959592851674507
7.548592,1,5261.402884,True,True,2.485983278780607e-05,4.266389004147135
1.73639,1,5262.619947,True,True,0.008361131562736891,14.758686823430848
3.519006,1,5263.983964,True,True,0.0006579945371499776,11.5394767860045
7.512156,1,5265.503062,True,True,6.739167529134626e-06,4.332166239490663
9.888049,1,5266.808083,True,True,7.590531100659897e-06,0.0396883247907326
0.398345,27,5295.480462,True,True,0.009197259850794814,7.960930236970942
3.326811,1,5296.866182,True,True,0.002729026083819402,11.887599364573568
4.169885,1,5298.159022,True,True,0.009722965356505563,10.371786017584714
7.522258,1,5299.582824,True,True,0.004586198029123338,4.318840356715642
6.720318,8,5303.479866,True,True,0.00044867342569864833,6.378948035028397
4.162847,2,5306.014621,True,True,0.0019215807068740723,10.398063223945014
2.114109,2,5307.292152,True,True,0.0006263029568496364,13.817282654661218
6.438159,1,5308.562538,True,True,0.004736394082214951,6.275854139590778
5.922202,3,5312.082582,True,True,0.004013603592769937,7.207026816836094
9.221028,3,5313.436798,True,True,6.766862675140588e-06,1.49125015020658
2.536538,6,5317.451589,True,True,0.009634384933757168,12.261936623266992
3.929196,2,5319.639779,True,True,5.2015447068465455e-05,9.905961225333133
7.014423,2,5322.121921,True,True,0.004131348229957399,5.604261725505335
5.9914,3,5323.425434,True,True,0.002462759173867816,7.396530062753946
1.813257,3,5324.881175,True,True,0.002381134683104153,14.266009265136077
8.763744,1,5326.194592,True,True,3.080738784962643e-05,2.071474134016191
4.090523,1,5327.438225,True,True,0.0020546833752584353,10.509564831230367
9.003832,1,5328.841789,True,True,0.004662996215437433,1.6434943229621766
2.441882,2,5331.393356,True,True,0.0003551364720594703,13.33114519809625
4.758358,1,5332.730292,True,True,0.004658632861827467,9.306784859881306
4.44341,2,5334.024096,True,True,0.0002008600524801554,9.740483094641199
3.541084,2,5335.360987,True,True,0.00035348027422960494,11.556907697570729
9.80966,1,5336.583218,True,True,0.001084728728949578,0.18290284616400743
4.411046,1,5337.850018,True,True,9.537319231416042e-05,9.929789252323491
9.722547,1,5339.110506,True,True,0.0017155233493888846,0.3412109871442196
2.65309,5,5340.505298,True,True,0.0034906845509059224,10.893505841391196
8.98443,1,5341.781577,True,True,0.002678615432898877,1.6761224636699938
5.268313,1,5343.062041,True,True,0.00862803477018231,8.389847356663703
3.92241,2,5345.506476,True,True,4.4015703532325826e-05,10.549117171279653
4.5175,1,5346.853029,True,True,0.0006647877600212829,9.73818118650551
3.472762,1,5348.049073,True,True,0.0025716070678342418,11.624250333066616
6.16719,5,5350.921428,True,True,0.0052012231408899625,5.5315005511238775
8.618504,1,5352.25498,True,True,0.00798297119588217,2.3431393722588894
8.174464,3,5354.767801,True,True,0.00020876922913176145,3.593592320994459
-37.129746,60,5374.53051,False,True,0.020062689223953215,19.27395966514873
7.667541,1,5375.880358,True,True,0.0047865974497485085,4.0567543313572205
5.98246,1,5377.222868,True,True,0.004641313254246535,7.098153872654666
2.689585,3,5378.589924,True,True,4.4997714582217796e-10,12.801636982127244
9.064131,3,5380.052626,True,True,8.946404037997197e-05,1.8502898618448254
7.083374,1,5381.387978,True,True,0.004330125258377431,5.110881772065456
0.993885,6,5385.179688,True,True,1.2801631987108264e-08,14.936430104637541
9.706398,2,5387.697864,True,True,0.00050603673463449,0.20764472134074188
0.872388,2,5388.943271,True,True,0.009711448622029707,16.0876805038257
-29.091964,60,5415.539744,False,True,0.021421306720648164,22.98425279170286
3.788129,1,5416.774568,True,True,0.004567347606672318,11.056829834347438
0.991205,2,5418.053752,True,True,0.00017513106168549897,15.744049655696587
-0.920077,5,5419.626772,True,True,0.0028314317002067586,17.17139751295802
3.974948,1,5420.920233,True,True,0.0039825545492005975,10.719456374975415
2.431679,7,5422.434674,True,True,0.011079590997199596,12.442607286187647
4.353465,1,5423.749372,True,True,0.000295134605156927,10.03383695900422
3.045849,1,5424.96714,True,True,0.00043292175902535403,12.392762506680862
2.781973,2,5426.211639,True,True,0.0025931971639852162,12.685245852846176
6.757359,2,5427.435453,True,True,0.0001012837323932942,4.667544951470311
0.534167,6,5432.376095,True,True,2.111735715307206e-06,14.16032978617162
7.94823,3,5434.835857,True,True,0.00014613289504113343,4.164056706204893
5.511243,1,5436.081211,True,True,0.009348154778100236,7.952159585797764
0.55378,5,5441.53792,True,True,0.00014370872790690162,15.722231121774053
8.987016,1,5442.88558,True,True,2.068614113987996e-09,1.6680301355233227
3.063002,1,5444.302641,True,True,0.0010122310559451744,12.362224505853625
1.993349,3,5448.215564,True,True,0.005426611573159866,13.95527713919597
7.865575,1,5449.547374,True,True,0.0005893421216889771,3.694571442114301
8.024352,3,5450.945364,True,True,3.7823240697326633e-06,3.184397473983328
4.106685,2,5453.442165,True,True,1.6228338822991007e-05,10.074440315530323
1.630344,1,5454.695601,True,True,0.0003498149775575596,14.94541176299642
5.734078,2,5455.965642,True,True,0.0001441925058749535,7.399059197394043
2.605508,4,5458.557849,True,True,0.007626709014059027,12.57415347821964
-21.708072,60,5500.63226,False,True,0.004532036847198175,18.013504992829066
0.612161,9,5504.42467,True,True,0.004588169844984254,4.516556440803843
7.493982,1,5505.64287,True,True,3.6273117803341595e-05,4.365019937970615
3.466226,1,5506.949735,True,True,0.004873885275908929,11.637606712573898
4.309686,1,5508.229957,True,True,0.0016239951792431876,10.113866757050252
-18.947631,25,5520.725874,True,True,0.0049186113913095904,5.302387178906668
9.902424,1,5522.035582,True,True,2.6202598212444334e-05,0.013732160172356074
5.750535,11,5527.112997,True,True,0.0065707603504903105,6.259248304997442
7.814516,2,5528.350327,True,True,2.3525585077567926e-05,3.6373897094812886
7.800873,1,5529.673938,True,True,0.00469734556703514,3.8159342254398454
1.904511,2,5532.27394,True,True,0.0038896074478389046,14.102526092181105
4.667891,5,5536.137999,True,True,0.004783627460587814,7.390194465037117
0.064422,5,5538.541425,True,True,0.0021791833742216314,16.48189240444811
8.416311,1,5539.887766,True,True,0.003907571341999222,2.703745099048929
7.678056,1,5541.087446,True,True,3.378019368118282e-06,4.0321181606139325
4.980196,1,5542.3322,True,True,0.004297544771849815,8.906294457352024
1.960321,2,5544.726562,True,True,0.0017671949362106348,14.230684433611007
9.746057,1,5546.099967,True,True,0.0024584549768916636,0.2997375860676972
3.043156,1,5547.432462,True,True,1.6213504453951866e-10,12.397316372595593
2.034513,3,5550.040303,True,True,2.0823251135884333e-06,13.450910865750648
3.937646,1,5551.244779,True,True,0.000666049286665648,10.784299191755622
4.248524,4,5553.823246,True,True,2.7989580410763687e-05,9.837735138001976
3.479814,1,5555.214967,True,True,0.006062103145561256,11.61388290500683
2.5469,2,5557.920627,True,True,0.005054841713271842,13.207477843177879
1.857557,1,5559.16533,True,True,0.005559719567599917,14.538746887809518
3.271247,1,5560.586595,True,True,0.00413377289644212,11.987874887943608
4.234644,2,5561.812241,True,True,0.0018527897108963406,10.074631669891302
3.374099,2,5565.229379,True,True,2.9104241105193385e-05,10.781935231183517
5.69926,3,5567.622474,True,True,0.005189121781324406,7.53189598355651
5.341102,2,5569.945033,True,True,4.549208199114294e-07,7.976462395163341
4.296796,3,5571.352276,True,True,0.003019556861668476,9.774110817611415
5.972607,2,5573.711423,True,True,0.004861884872986489,6.909875039175716
4.926553,1,5575.085375,True,True,0.004776496025228566,9.003447424171652
3.719605,1,5576.279335,True,True,0.0017343270624233997,11.17841723955524
-0.014452,6,5580.252238,True,True,0.005214674548354029,15.645564971695867
-1.184585,24,5598.714018,True,True,0.00494569113324148,9.055220217456723
0.094863,7,5602.308947,True,True,0.005946017320883695,11.63616984791453
1.323357,1,5603.462059,True,True,0.005391868589195299,15.50172572509156
3.157675,1,5604.542239,True,True,7.524198278319183e-12,12.190759527692185
-7.18316,19,5606.235177,True,True,6.051256607159279e-05,8.104336269101477
3.126641,1,5607.433418,True,True,0.009517859199751493,12.25286706769919
4.641518,1,5608.676523,True,True,2.059261615394714e-11,9.513872920804243
-19.665701,60,5639.794422,False,True,0.036989425530804136,31.908837650358016
3.559954,4,5641.307583,True,True,0.0037619732148432145,10.896464685010715
0.322886,7,5647.26943,True,True,3.15385928719757e-05,11.307549755549193
4.368475,2,5649.599435,True,True,0.004840263863106827,9.912053640899599
8.263926,1,5650.871675,True,True,0.0012406870165385334,2.975862862457554
4.526061,1,5652.19971,True,True,3.010433916039723e-11,9.722192807324195
8.293902,1,5653.34601,True,True,7.467557494927602e-06,2.9202350611206667
6.80076,3,5657.019865,True,True,0.004764338155225453,5.474735889895036
2.581021,2,5658.21462,True,True,0.004864099384658212,12.845859747698457
5.395592,1,5659.389093,True,True,0.0008287356760575916,8.153867219263503
-4.082702,12,5663.352226,True,True,0.009217546590581849,14.277247888186938
3.840186,1,5664.671595,True,True,0.0002591603193997053,10.959806023385289
0.966879,9,5669.576399,True,True,0.007255077353575244,15.74598993635588
2.589769,2,5672.072386,True,True,0.00482691583841289,12.956162206493694
0.895612,1,5673.404846,True,True,0.0001938252678659342,16.270065061354327
0.943688,1,5674.60507,True,True,0.002285643093161951,16.184535632971883
8.982427,1,5675.869408,True,True,0.0023325383090218657,1.6793087699862512
7.241339,1,5677.02105,True,True,3.6660502076573016e-06,4.8212046850261165
6.663692,4,5678.383947,True,True,0.011162045150310971,4.613639639580654
7.243434,4,5681.131588,True,True,0.004872366297437355,5.632442405239348
1.909761,4,5685.252949,True,True,0.002385881640692765,13.314027831023672
1.561387,9,5695.047248,True,True,0.0019194840159607682,14.10654878831812
7.171735,1,5696.332893,True,True,3.6584737946833076e-05,4.946923277154459
6.574312,1,5697.657008,True,True,0.0001806943515355033,6.025712155313842
1.190863,1,5699.1407,True,True,0.003952637102323912,15.739820085948995
6.092948,1,5700.34147,True,True,0.009215294448360051,6.9026182927242825
5.078222,1,5701.664693,True,True,0.0003715499763740056,8.726184727256861
2.566985,1,5702.80573,True,True,0.0007457989065322405,13.25662410731365
8.855851,2,5705.134969,True,True,3.221484537494851e-05,2.12562524100631
7.709102,1,5706.41661,True,True,0.0001477773216569237,3.9766560962313093
4.831159,1,5707.697608,True,True,0.0031923555678508003,9.17430469402219
6.901231,2,5709.001678,True,True,0.0023317264250498023,4.342607183783141
3.385023,1,5710.331004,True,True,0.000340796681999515,11.780924728402283
5.897342,3,5712.877845,True,True,9.134198814736687e-05,5.330268534863479
2.558691,3,5716.675798,True,True,0.005224504779047068,11.669588921933165
4.666608,13,5725.863724,True,True,0.00212299693595556,8.563821198445927
9.587695,1,5727.088478,True,True,0.0006673238980875905,0.5827685917673141
3.604306,4,5728.398038,True,True,0.0014295661407643621,10.862954828178427
4.041943,1,5729.692019,True,True,0.00748001119409837,10.601042822319425
6.537172,4,5731.071359,True,True,0.004701508296409659,7.699903264515026
3.026091,1,5732.505411,True,True,0.00462326277676561,12.431188371550151
6.760893,2,5735.085635,True,True,0.0044732306129462605,6.2375924684584465
0.72348,1,5736.309765,True,True,0.000168100184248341,16.580386264542593
3.507452,1,5737.573859,True,True,1.3520420547030731e-10,11.559836772909687
1.949801,2,5738.970091,True,True,0.0006681606740276472,14.730932068485854
7.075377,1,5740.338065,True,True,0.0001799926504043826,5.121063261228623
6.7223,2,5741.646921,True,True,0.002378622675715822,5.480414262128853
7.09878,1,5743.829552,True,True,0.0004120151102224934,5.07905571114827
4.855683,1,5745.294499,True,True,0.00012101710347203407,9.127536264385352
8.016638,1,5746.655386,True,True,0.0035592317249616328,3.4251129051514786
1.402855,2,5749.349271,True,True,0.0037005514518729764,15.199246787671228
4.001855,2,5751.847915,True,True,0.0030975236039315762,10.637660743995603
3.976717,1,5753.102172,True,True,0.00018285535387184502,10.709570105872919
3.918312,3,5757.133039,True,True,0.004625376193835291,11.51450743250981
0.045727,4,5761.141628,True,True,0.005470401116162633,15.647104371841897
3.780322,1,5762.729469,True,True,5.075268566244809e-05,11.067641058926867
3.123912,2,5764.36978,True,True,0.0005188385180573581,11.990908136462954
8.630021,2,5765.830365,True,True,0.004303518936149718,2.402658447241549
9.119603,1,5767.169715,True,True,1.2043451512846201e-05,1.4284727054435598
1.359849,8,5775.934152,True,True,0.0058973011025362275,11.561383326834108
1.607692,1,5777.301414,True,True,3.740094504933733e-09,14.986046053863369
0.663948,2,5780.26575,True,True,0.0002464400872637545,16.51640997239938
4.940266,3,5784.130351,True,True,0.010872105213785435,9.953282873770094
6.335551,1,5785.609261,True,True,0.0001102821769157665,6.456663151746224
3.130122,2,5788.291555,True,True,0.003310467472450413,12.119190914911988
2.161444,1,5789.463445,True,True,0.0003278809021958749,13.987656695616666
6.336648,3,5790.757181,True,True,0.004797068965529812,5.212145034241105
0.079933,1,5792.099478,True,True,0.0005078504838024753,17.740729961113956
6.690018,3,5795.833049,True,True,0.0053654132872510965,7.5409553741510456
1.845141,1,5797.02376,True,True,1.883888546896917e-09,14.557878042864841
5.419198,2,5798.507642,True,True,0.00937378974599934,8.402568465876456
8.493745,1,5799.721886,True,True,0.004654777708375486,2.5647514245934633
8.565016,3,5800.926412,True,True,0.0011613001174695728,3.1884690618120355
5.006439,3,5802.158489,True,True,0.004912991019424418,7.457575914744938
5.412632,2,5803.280782,True,True,0.0049347810800952335,7.665637766011206
0.202334,4,5805.820318,True,True,0.00023464884343629613,14.205473496647
6.263943,3,5808.477616,True,True,0.004797041160450924,5.961792872746614
1.406883,2,5812.74216,True,True,0.00030082006435047746,15.337092498233142
4.980055,1,5814.296311,True,True,0.0015460046889176123,8.90431717865777
1.918138,4,5819.00169,True,True,0.0009724027302224552,12.528081253139515
0.807256,4,5825.404225,True,True,0.000490976217947965,12.472999275525815
4.375942,4,5830.424219,True,True,0.004940262900693638,9.787207035551283
8.824251,1,5831.685949,True,True,0.0035496629378758754,1.966533341181977
1.909927,2,5834.309195,True,True,0.004985072852168044,12.658007880512066
8.941605,1,5835.45477,True,True,0.00027678344335,1.7504416259690365
3.368978,1,5836.675697,True,True,0.002379931297245025,11.811306097801472
-11.632539,60,5881.606803,False,True,0.009014268780263623,10.927888988359356
2.386081,1,5882.820465,True,True,0.00208116542554633,13.58371812194124
2.118936,1,5884.296582,True,True,5.819510359716951e-10,14.064147031097963
1.27133,2,5887.336017,True,True,0.0005417507405494227,15.01824006929196
9.282752,1,5888.979083,True,True,4.527095686523638e-06,1.1336477967163028
3.727582,2,5892.143147,True,True,0.009759480417755356,10.134495727826513
3.208412,1,5893.730262,True,True,0.0010674740582232826,12.09999684275003
5.11603,2,5896.817801,True,True,0.004782596862855891,9.637280255721322
1.955127,2,5899.697782,True,True,0.004720768658117229,13.45559387136342
-0.274018,7,5907.862761,True,True,0.0024768753469478354,9.244746711522343
7.229762,3,5909.477932,True,True,0.004811485678339666,5.044205642055453
2.88382,1,5910.584541,True,True,0.00012879991887357182,12.68479071546395
8.463477,3,5911.848247,True,True,6.714633078455656e-06,1.818793007722249
9.879116,1,5913.036818,True,True,1.8247093372633508e-05,0.055851372237387245
6.786639,1,5914.752457,True,True,0.0004301074405061575,5.642641416896551
3.086473,5,5921.585864,True,True,0.0013600492404890014,10.008128044063563
7.963101,1,5923.203944,True,True,0.004727777517388864,3.5230530261869775
8.90729,1,5924.78626,True,True,0.0011675285632195163,1.8135836826594975
6.087447,5,5928.670147,True,True,0.009565567757649347,6.632512046124411
1.931795,2,5931.34999,True,True,0.000139912267493955,14.510405319807562
3.494883,2,5933.976385,True,True,0.0002668625778558219,11.534510583700548
7.465109,1,5935.139245,True,True,1.2442158889118538e-06,4.417121820306387
9.148716,1,5936.809225,True,True,0.004631537431801062,1.3817509832568433
4.04952,1,5938.485667,True,True,1.011708702924885e-10,10.581962078783341
4.378115,5,5939.957068,True,True,0.002028750698706211,9.73572665290999
2.727846,1,5941.569788,True,True,0.002360589460462278,12.96757764748328
6.287692,1,5943.230382,True,True,0.0031091506260549594,6.54592394061607
8.148457,1,5944.432284,True,True,8.466591822068291e-06,3.1829585022283533
7.01575,2,5946.728733,True,True,0.00033676350551405847,5.527443578455675
9.279739,1,5948.239261,True,True,6.863520665895562e-05,1.1391787169901788
7.930544,1,5949.990374,True,True,0.002321181089704868,3.5792068235695296
2.108122,1,5951.519422,True,True,0.00012366047336057236,14.083726707130115
-28.667834,60,5970.882002,False,True,0.006409056101541735,19.28055386505786
2.244409,2,5973.631515,True,True,0.002716216085802194,13.74851942915217
2.951928,2,5975.221436,True,True,2.5530158889730536e-10,12.392687223737623
2.846891,1,5976.767827,True,True,4.597339385917221e-09,12.75130739853561
3.675145,1,5978.395521,True,True,0.004003116997651627,11.260219272018833
5.816608,1,5980.020636,True,True,0.0007673735496523254,7.3939905375185715
3.716656,1,5981.721867,True,True,1.3814717922128986e-05,11.18246370974052
1.468107,4,5984.689279,True,True,0.009397136939419053,11.608708606209516
5.487125,1,5985.752908,True,True,0.009578425343703744,7.9958395910512605
9.257032,2,5987.296554,True,True,0.004662106524880769,1.4705773536368014
-12.123866,60,6027.296369,False,True,0.0301768970659245,38.68039181814239
7.923733,3,6030.149098,True,True,6.302785347966737e-05,3.413426824322869
-16.228528,60,6087.684221,False,True,0.011736903993182658,11.404760229734901
6.500975,1,6089.360439,True,True,0.004544305613111479,6.162307765084361
-6.714203,7,6097.59038,True,True,0.004515981310666646,15.999317831742596
4.25993,2,6098.795572,True,True,0.006844305875474958,9.801224538718019
7.65874,2,6101.496017,True,True,0.005176599204734404,3.9309727711885856
5.842115,2,6102.965236,True,True,0.005273771000130299,7.164957464980932
-15.449704,60,6137.659376,False,True,0.0008728242032564181,31.6070392040673
5.283855,1,6138.776525,True,True,0.008877582113009971,8.361997685723221
9.544614,1,6139.921387,True,True,1.0601986287556674e-05,0.6604232763377754
3.615352,7,6145.956935,True,True,0.004853931077360919,11.03384143294108
9.338934,1,6147.613682,True,True,0.009113656345373245,1.0434505903487081
3.280904,2,6148.713655,True,True,0.0022414930690260364,11.66333804629515
2.832225,3,6150.017557,True,True,0.0040510687049996235,12.528684067744502
4.346406,1,6151.19091,True,True,0.0006817565948325516,10.046880555934946
4.465401,1,6152.415894,True,True,0.000701460968740894,9.832207744358703
-14.810259,31,6177.53807,True,True,0.009495063156053864,16.28196286061316
5.763646,1,6179.142926,True,True,0.00470749413487715,7.493061083682872
-14.717038,60,6194.440532,False,True,0.02551043557248187,7.892331519179302
9.031073,1,6196.054428,True,True,2.223349552308955e-06,1.5875442305291831
0.393233,1,6197.663104,True,True,0.0012511143464484543,17.17632963338311
-19.620463,60,6249.115293,False,True,0.015489027165575672,32.91507552023703
6.924871,1,6250.219078,True,True,0.009446037671001831,5.401700751939218
9.105898,1,6251.787347,True,True,0.003286664733814104,1.4574455737922785
7.302226,2,6254.663293,True,True,0.0003663523070528095,4.222462283449069
-9.83954,60,6282.163949,False,True,0.004159267779338458,33.79526510696268
9.777341,1,6283.418682,True,True,0.0001521128172833103,0.2273799700980042
9.491021,4,6284.714533,True,True,0.00022854270280939053,0.27658514708114534
8.429938,1,6285.928443,True,True,0.0001117777126793864,2.674625159991053
2.039234,6,6287.217218,True,True,0.00023757616146670955,13.784021272179457
2.657395,2,6288.369277,True,True,0.0001478780433648505,12.995223804020931
7.736065,1,6289.533446,True,True,1.4414354448013394e-06,3.9277930482731676
6.400633,1,6290.671593,True,True,0.004587834344161623,6.343444250832986
2.93189,1,6292.021263,True,True,0.00033283226161227647,12.598232545896968
3.626687,2,6293.570439,True,True,0.004568834278619703,11.470598634590608
3.699884,1,6294.728909,True,True,1.0381077524863219e-05,11.212717337334407
8.244347,1,6295.870033,True,True,8.404866918842319e-06,3.009750217394008
6.421948,1,6297.454325,True,True,1.3379116776349653e-05,6.300601642194207
8.025874,1,6298.680437,True,True,0.004636819897174866,3.409610237423569
2.810166,4,6302.811202,True,True,0.0001965239469406679,12.897379639442859
-11.945862,11,6312.632005,True,True,0.004198896153947568,17.219359390881838
2.180722,1,6313.883544,True,True,0.0013823016105374737,13.953600202718746
7.289251,1,6315.588728,True,True,0.0046536604619147465,4.7395565849612
4.653911,1,6317.322022,True,True,0.004935422086496982,9.49541494788259
1.371414,1,6318.859059,True,True,0.002367910378140296,15.413444499472549
2.84077,2,6321.348165,True,True,0.004366820268811552,12.315820778859685
3.817565,1,6322.998295,True,True,0.0003292701633823914,11.000666698629239
6.739355,1,6324.239766,True,True,5.591985157704649e-06,5.7275701746504595
-4.979793,17,6332.299452,True,True,0.00572164818038383,8.47837328287218
5.114072,3,6334.876158,True,True,0.001423824127752868,7.992477519278761
7.191579,1,6336.169643,True,True,3.410673642984408e-05,4.911088876920596
6.317955,1,6337.432864,True,True,1.2251444280460527e-05,6.4883309621127205
6.67273,2,6338.613889,True,True,0.004693701754964474,5.715070831339769
9.848003,1,6339.810581,True,True,0.004688235657802345,0.11848828597199958
8.860495,2,6341.007066,True,True,3.2312447917353e-06,1.2385204792986555
8.96621,6,6343.601573,True,True,0.004712066344714936,2.0061315599389307
0.559655,1,6344.757543,True,True,0.004908756607187477,16.878172329404116
2.256297,8,6349.660641,True,True,0.0023476188698035544,14.441372724096752
6.308309,3,6350.955198,True,True,0.0024261736721979317,6.231986338849268
9.312903,1,6352.062841,True,True,1.7808155820585835e-05,1.079179710602565
3.781694,1,6353.256647,True,True,0.0012092136428928954,11.066032967061401
5.556692,1,6354.459129,True,True,3.8113371180269456e-05,7.86241872339765
6.190264,1,6355.748792,True,True,0.0004316412489821838,6.719239709404845
10.808009,2,6356.919942,True,True,0.0006118551052896933,3.2196439500118874
2.95225,2,6359.334044,True,True,0.000509568645628811,12.489086781266533
5.834612,5,6363.013374,True,True,0.00010748188396901212,8.307333909011762
4.21824,1,6364.291341,True,True,2.0219917606575932e-09,10.277570990221626
7.890015,2,6367.665682,True,True,7.361648778885649e-07,3.8928868692432355
5.186748,1,6369.25452,True,True,0.0007809335719999692,8.530701462609553
-7.141689,9,6381.233169,True,True,0.0006555038679679891,17.432294874566313
6.585588,1,6382.401891,True,True,0.00280054965166816,6.007944397409499
6.407688,1,6383.9274,True,True,0.0004906944650323796,6.326819541444668
5.69588,1,6385.567888,True,True,0.011539478781972503,7.620725349100467
-4.212196,10,6388.690617,True,True,0.00482194126791325,8.806939758236934
5.093344,1,6389.845823,True,True,0.00048533408211093917,8.698995701009478
7.201386,1,6391.421495,True,True,0.004786471931634198,4.898301645732489
5.81668,1,6392.657554,True,True,3.557860297855476e-06,7.393147224140105
2.088769,1,6394.302243,True,True,0.004626886721452077,14.121351832384903
4.966548,1,6395.428592,True,True,0.002445760896159446,8.929430700768833
6.009702,1,6396.63939,True,True,0.004961035302364532,7.049270922476979
-4.794853,16,6399.912474,True,True,0.002961348522155488,5.745351107070536
0.727025,2,6401.102454,True,True,0.005397607102319874,16.24795964449453
2.82566,2,6402.410912,True,True,0.004588027826732936,12.791927201658442
4.380423,3,6403.686845,True,True,0.004385679201252433,9.986463420141414
3.32406,2,6404.954384,True,True,0.004746445083891168,9.318870980856174
7.519633,2,6406.190958,True,True,2.294150883210347e-06,3.0117541896354685
