r,l,t,success,freeze_attempted,d_m,alpha_deg,cum_timesteps,d_mm
-9.185972,60,6.15168,False,True,0.1163227439720782,87.33030435090015,60,116.3227439720782
-10.233313,60,6.152679,False,True,0.0568984875179299,80.60805053880631,120,56.8984875179299
-7.868105,60,6.27812,False,True,0.0169191949348984,89.017118630719,180,16.9191949348984
-10.350746,60,6.379125,False,True,0.0758889534442397,89.95360353012593,240,75.88895344423969
-8.601816,60,8.598468,False,True,0.0905719716578814,85.82839917762105,300,90.5719716578814
-8.607558,60,8.598469,False,True,0.1012968080338797,77.43178143780257,360,101.29680803387971
-8.605946,60,8.723909,False,True,0.0030969071537021,81.4206941910041,420,3.0969071537021
-9.084427,60,8.830905,False,True,0.0584835447504333,84.7957693025928,480,58.483544750433296
-8.4628,60,11.826529,False,True,0.0609480773203386,89.96301979021132,540,60.9480773203386
-7.616553,60,11.82952,False,True,0.0158210195115175,79.52009316061822,600,15.8210195115175
-6.741917,60,11.951969,False,True,0.0919247156539719,89.45386236281072,660,91.9247156539719
-9.625203,60,12.059963,False,True,0.0369500712833496,85.18869718355435,720,36.9500712833496
-7.873341,60,14.359628,False,True,0.0170985662618539,84.79166955247125,780,17.0985662618539
-8.115453,60,14.363618,False,True,0.0178766533159437,89.4537789561002,840,17.876653315943702
-9.84787,60,14.488063,False,True,0.0089392069679263,76.4324875233012,900,8.9392069679263
-8.723691,60,14.58807,False,True,0.002507885234631,88.73384928046258,960,2.507885234631
-7.104296,60,17.461274,False,True,0.1431800872594439,83.72795950698091,1020,143.1800872594439
-6.143273,60,17.461334,False,False,0.0763900258734276,84.61290929436726,1080,76.39002587342759
-7.584773,60,17.588771,False,True,0.0385141889663274,77.30809042219158,1140,38.514188966327396
-6.892187,60,17.690765,False,True,0.0609022555236818,83.9030316095463,1200,60.9022555236818
-7.385147,60,19.842895,False,True,0.0153702114063643,83.78553541201113,1260,15.3702114063643
-7.105095,60,19.845884,False,True,0.0871201566402233,86.83371118207373,1320,87.1201566402233
-7.788497,60,19.972322,False,True,0.0559894991651992,72.5609930711533,1380,55.9894991651992
-7.602461,60,20.073327,False,True,0.0158838734179801,85.61507108822879,1440,15.883873417980102
-7.622277,60,22.913502,False,True,0.0023145844338986,71.11955456403612,1500,2.3145844338986
-7.693816,60,22.915499,False,True,0.0250732615510729,88.34442876839188,1560,25.0732615510729
-7.367817,60,23.04094,False,True,0.0818819022093178,68.51028138419635,1620,81.8819022093178
-7.763644,60,23.140948,False,True,0.0136062399232402,86.19400783948164,1680,13.606239923240201
-7.070554,60,25.390888,False,True,0.1055789873494662,77.69635453381332,1740,105.5789873494662
-7.249172,60,25.394895,False,True,0.0411751840760254,83.80644862959875,1800,41.175184076025396
-7.313367,60,25.518325,False,True,0.0192459965383048,89.39586798751887,1860,19.2459965383048
-8.229517,60,25.621341,False,True,0.1105406538955927,84.56814311447111,1920,110.5406538955927
-7.609132,60,28.387722,False,True,0.0362314522959358,85.79189098556141,1980,36.2314522959358
-6.041341,60,28.391709,False,False,0.1472396243132373,87.77511850962543,2040,147.2396243132373
-6.227516,60,28.516156,False,False,0.0484639017547182,83.69364978281084,2100,48.4639017547182
-7.980048,60,28.617161,False,True,0.0180441887943637,89.31823668449965,2160,18.0441887943637
-6.733957,60,30.771353,False,True,0.0704915758968587,78.60802188437519,2220,70.4915758968587
-7.627233,60,30.77335,False,True,0.0853283673096716,82.85376586487973,2280,85.32836730967159
-8.231772,60,30.89879,False,True,0.0083815768194135,89.82911810935902,2340,8.381576819413501
-6.543515,60,30.999795,False,True,0.1278869269010865,78.37040917739056,2400,127.8869269010865
-7.62272,60,33.854306,False,True,0.0184934329513062,88.96768415837914,2460,18.4934329513062
-6.770035,60,33.856303,False,False,0.0114739953691773,83.16042212748272,2520,11.4739953691773
-6.934297,60,33.983741,False,True,0.0484948597755573,74.43232808071339,2580,48.4948597755573
-6.714374,60,34.084746,False,True,0.0106113924465747,85.4978128825078,2640,10.6113924465747
-7.747055,60,36.980086,False,True,0.0146201249249959,83.80265568850345,2700,14.620124924995899
-6.088844,60,36.982083,False,False,0.053392548312432,76.03253114580694,2760,53.392548312432005
-6.297582,60,37.101537,False,False,0.0972557223170106,81.85649373732667,2820,97.2557223170106
-7.034372,60,37.207531,False,True,0.0334480745556747,76.58070807863027,2880,33.4480745556747
-7.980849,60,41.8894,False,True,0.0172016124035012,80.97918556534165,2940,17.201612403501198
-6.321137,60,41.892399,False,False,0.0533929937700311,84.85586754675906,3000,53.392993770031104
-6.616023,60,42.016837,False,True,0.1437253424921742,73.07165685786343,3060,143.7253424921742
-7.105524,60,42.117842,False,True,0.1287940514322583,85.10930267503002,3120,128.7940514322583
-6.670263,60,45.602799,False,True,0.0793664389782116,81.01630091962458,3180,79.3664389782116
-6.778442,60,45.607791,False,False,0.0100133392835171,86.76904855887462,3240,10.0133392835171
-6.713785,60,45.735231,False,False,0.0296378045062298,83.30356314320522,3300,29.637804506229802
-6.417082,60,45.834236,False,False,0.0670307735276499,75.429392476416,3360,67.0307735276499
-6.147356,60,50.436472,False,False,0.1197302464450185,72.5943487202482,3420,119.73024644501851
-7.095034,60,50.438469,False,True,0.0540534939859222,89.81362281155154,3480,54.0534939859222
-6.313323,60,50.562146,False,False,0.0874652449408431,85.47441553035227,3540,87.46524494084309
-7.34964,60,50.666937,False,False,0.0057516593661405,89.26633898386065,3600,5.7516593661405
-6.534785,60,54.149817,False,False,0.0345610135066028,85.27084835123362,3660,34.561013506602805
-6.612985,60,54.152814,False,False,0.0338861480368398,75.46278558169281,3720,33.8861480368398
-6.625383,60,54.297818,False,True,0.1198209136467921,87.1895608974586,3780,119.82091364679209
-6.760244,60,54.380256,False,True,0.0350598454559847,87.96950793907922,3840,35.0598454559847
-6.942559,60,57.727918,False,False,0.0139983010270402,82.90159173976292,3900,13.998301027040199
-6.367195,60,57.729915,False,False,0.0512309068596444,73.20928765298503,3960,51.2309068596444
-6.438099,60,57.853363,False,False,0.0808235939083082,76.66552624427136,4020,80.82359390830821
-6.332922,60,57.955363,False,False,0.0911937182020886,79.55596446525017,4080,91.1937182020886
-6.917642,60,61.950133,False,True,0.0601785335857698,79.41201677534887,4140,60.1785335857698
-6.623357,60,61.95213,False,True,0.0605065303486411,83.20887093579042,4200,60.5065303486411
-6.876736,60,62.080568,False,False,0.0227601981368312,75.93361025418334,4260,22.760198136831203
-7.035293,60,62.181573,False,False,0.0023694387061378,76.73958905392334,4320,2.3694387061378
-7.278682,60,65.674875,False,True,0.0384310960232683,73.34094782209334,4380,38.4310960232683
-6.194929,60,65.677871,False,False,0.0827368959200735,89.73828205199794,4440,82.7368959200735
-6.656808,60,65.804307,False,False,0.0434494739881291,83.10075833318263,4500,43.4494739881291
-6.107549,60,65.903317,False,False,0.1332853111768045,86.2371838779097,4560,133.2853111768045
-6.909218,60,70.454678,False,False,0.0084297066970495,83.15899357915559,4620,8.4297066970495
-6.547118,60,70.458683,False,False,0.0300242476414175,82.85014180733624,4680,30.0242476414175
-6.996227,60,70.58512,False,True,0.0593893325688592,84.088713389393,4740,59.389332568859196
-6.803944,60,70.68312,False,False,0.0098730209646657,85.05837082884452,4800,9.873020964665699
-6.655194,60,74.067342,False,True,0.083061053960091,84.09481305397344,4860,83.061053960091
-6.063937,60,74.069339,False,False,0.0927170373046908,76.33435599814061,4920,92.7170373046908
-7.20951,60,74.190585,False,False,0.0072447257686304,81.14425912196849,4980,7.2447257686304
-6.080118,60,74.29379,False,False,0.1114264985169709,78.75386656892907,5040,111.4264985169709
-6.047404,60,78.638176,False,False,0.0218823417827906,64.24010064045417,5100,21.8823417827906
-6.901753,60,78.639177,False,False,0.026979605133485,74.14050046790283,5160,26.979605133485002
-6.963403,60,78.760615,False,True,0.0327102954773583,81.00943748569804,5220,32.7102954773583
-6.824332,60,78.860621,False,False,0.0179485786591406,83.33999296925045,5280,17.9485786591406
-6.110799,60,81.834496,False,False,0.0776391340105276,85.81813687766837,5340,77.6391340105276
-6.428405,60,81.837514,False,False,0.057155049077954,85.49883110567384,5400,57.155049077954
-7.097843,60,81.964951,False,True,0.0425837264139398,68.60840197325638,5460,42.5837264139398
-6.179434,60,82.064936,False,False,0.0379162626419576,80.93825144385961,5520,37.916262641957594
-6.074791,60,86.214138,False,False,0.0657290429745167,80.84391094966789,5580,65.7290429745167
-6.271136,60,86.217166,False,False,0.0216316675387154,80.60341336102377,5640,21.631667538715398
-6.190645,60,86.344603,False,False,0.1028581259290404,77.74587833202371,5700,102.8581259290404
-7.407217,60,86.440583,False,False,0.0055077868281283,77.41298210107165,5760,5.5077868281283004
-6.261697,60,89.392685,False,False,0.0841191529281649,63.06269099479286,5820,84.1191529281649
-6.888802,60,89.400686,False,False,0.0042653775080096,86.81960096000084,5880,4.265377508009601
-7.19826,60,89.517128,False,True,0.0245154503064995,73.87905771894026,5940,24.5154503064995
-7.461163,60,89.619131,False,True,0.0198631744056997,86.29260375350579,6000,19.8631744056997
-5.986248,60,93.33917,False,False,0.0362700957600902,86.1779284506271,6060,36.2700957600902
-6.71167,60,93.341167,False,True,0.0610548529966226,85.48262998451507,6120,61.0548529966226
-6.998717,60,93.467613,False,True,0.0537558487389102,84.99902439469732,6180,53.755848738910196
-6.41467,60,93.566625,False,False,0.064608546073826,86.85937789252034,6240,64.608546073826
-6.398404,60,96.551221,False,False,0.0442771790001724,85.78288483939542,6300,44.277179000172396
-6.449887,60,96.553225,False,False,0.0084527752062506,80.90872059409116,6360,8.452775206250601
-6.698739,60,96.676662,False,False,0.0522630200796228,86.11789852465256,6420,52.263020079622805
-6.026957,60,96.782667,False,False,0.124416310080448,89.21599769171641,6480,124.416310080448
-6.379455,60,100.549811,False,False,0.0306710004738869,83.23694092574853,6540,30.6710004738869
-6.640484,60,100.553817,False,True,0.0010721067869646,85.04339522316634,6600,1.0721067869646
-6.651151,60,100.679256,False,False,0.0375733366360809,82.48794481812423,6660,37.5733366360809
-6.129426,60,100.777259,False,False,0.0646436235799981,89.04678000568579,6720,64.6436235799981
-6.457579,60,103.753341,False,False,0.0113791986241705,88.04625774177046,6780,11.3791986241705
-6.344546,60,103.757338,False,False,0.0014899768689609,76.15720536832842,6840,1.4899768689609
-7.106876,60,103.877783,False,True,0.0020392825787453,86.75027982169442,6900,2.0392825787452997
-6.07054,60,103.983783,False,False,0.0102464643257544,87.70205277428445,6960,10.246464325754399
-7.176199,60,107.634829,False,False,0.0016904218743336,79.01466096037059,7020,1.6904218743336
-6.463861,60,107.635826,False,False,0.0700258611692491,74.84922784764477,7080,70.0258611692491
-6.011353,60,107.767262,False,False,0.1319880822265141,82.67487020478207,7140,131.98808222651408
-6.216197,60,107.864269,False,False,0.0756195625191177,76.64783928610535,7200,75.6195625191177
-5.965886,60,110.857125,False,False,0.0511652650455762,67.19126050475079,7260,51.1652650455762
-5.753872,60,110.862115,False,False,0.0028667903785658,77.59872902250115,7320,2.8667903785658
-6.788015,60,110.989561,False,False,0.0361682372862208,77.79428934319827,7380,36.1682372862208
-6.211244,60,111.090565,False,False,0.0037013291250329,77.78342103828632,7440,3.7013291250329
-7.382649,60,113.861565,False,True,0.0192948317827847,89.72935300517064,7500,19.2948317827847
-6.099783,60,113.862562,False,False,0.0591364365865374,83.4342792978868,7560,59.1364365865374
-5.826829,60,113.98601,False,False,0.0522170953446479,72.92196880544677,7620,52.2170953446479
-6.438837,60,114.086011,False,False,0.0141010704099436,79.38052170053571,7680,14.1010704099436
-5.885288,60,117.74505,False,False,0.0516469292781058,75.42366461266266,7740,51.6469292781058
-6.694747,60,117.747055,False,True,0.0058648933198049,59.12667793338619,7800,5.8648933198049
-6.167456,60,117.87249,False,False,0.0602174799249084,51.84192384936234,7860,60.217479924908396
-6.685757,60,117.979494,False,False,0.0157428016357793,57.67279260342254,7920,15.742801635779301
-7.175406,60,120.931765,False,False,0.0334560386863406,69.14974392588744,7980,33.456038686340605
-5.937841,60,120.931769,False,False,0.0219539046328956,85.50491268513616,8040,21.9539046328956
-6.083854,60,121.060202,False,False,0.0177539665812705,56.04838504711597,8100,17.7539665812705
-6.695771,60,121.159216,False,False,0.0450701427023435,76.08961630327747,8160,45.0701427023435
-6.036801,60,124.987448,False,False,0.1057015013645056,76.66705861774896,8220,105.70150136450559
-6.03379,60,124.991457,False,False,0.0675648916494053,75.71192982854835,8280,67.5648916494053
-6.01949,60,125.116886,False,False,0.1339851250404453,69.77346830429667,8340,133.9851250404453
-7.266068,60,125.217891,False,False,0.0391793912939079,77.15465140342303,8400,39.1793912939079
-5.931753,60,128.097019,False,False,0.0171467142178411,65.02739772108536,8460,17.1467142178411
-5.866579,60,128.09803,False,False,0.0026571706198026,79.4264260550419,8520,2.6571706198025997
-5.976406,60,128.226458,False,False,0.0438976713705489,75.50282199722596,8580,43.897671370548906
-5.756997,60,128.333467,False,False,0.0066151046904742,82.06814606493587,8640,6.615104690474199
-7.564202,60,132.024414,False,False,0.0314529797250183,80.05929421148988,8700,31.452979725018302
-7.425169,60,132.025415,False,False,0.0124436974229148,79.27091275327737,8760,12.4436974229148
-5.902531,60,132.154851,False,False,0.048113016661242,79.53038110773281,8820,48.113016661242
-6.6043,60,132.255856,False,False,0.0220022186613236,87.78514702264997,8880,22.0022186613236
-6.997958,60,135.165979,False,False,0.0331567248012955,67.50242658982688,8940,33.1567248012955
-6.448664,60,135.169972,False,False,0.0070207025191187,75.7371407189047,9000,7.0207025191187
-6.463508,60,135.292419,False,False,0.0466709835329947,75.15690925288867,9060,46.670983532994704
-7.038831,60,135.399426,False,False,0.0108050299607153,76.88098573150731,9120,10.8050299607153
-5.792285,60,139.119531,False,False,0.0607461391652538,89.77102912243768,9180,60.7461391652538
-6.01298,60,139.119534,False,False,0.0883759327471449,83.61847945805975,9240,88.3759327471449
-5.739029,60,139.243962,False,False,0.0378561157685408,83.68281787724563,9300,37.8561157685408
-5.522603,60,139.344966,False,False,0.0051789834169633,80.24813500496201,9360,5.1789834169633
-6.764115,60,142.301364,False,False,0.011771181777907,83.73472620787427,9420,11.771181777907
-7.290405,60,142.302375,False,False,0.0244792473568196,83.76356752591407,9480,24.479247356819602
-6.163817,60,142.432807,False,False,0.0602736175796773,87.43145573474118,9540,60.2736175796773
-5.99536,60,142.531812,False,False,0.0558350391058365,75.41896417897816,9600,55.8350391058365
-6.489756,60,146.250049,False,True,0.0657132902663202,63.29751084145431,9660,65.7132902663202
-6.303356,60,146.251047,False,True,0.0330428075509366,85.82514260812074,9720,33.0428075509366
-6.004415,60,146.375489,False,False,0.0320270049087704,82.93201200652315,9780,32.027004908770394
-7.197455,60,146.478491,False,False,0.025125176511733,77.56455223210725,9840,25.125176511733
-6.04091,60,149.304631,False,False,0.0452669106292728,88.51927489621004,9900,45.2669106292728
-6.74645,60,149.310625,False,False,0.0211636325346649,83.03031326809435,9960,21.163632534664902
-5.895932,60,149.434068,False,False,0.0311072265434806,87.86298490947564,10020,31.1072265434806
-6.279296,60,149.531072,False,False,0.0095033232157568,77.93839125604774,10080,9.5033232157568
-5.580593,60,153.235956,False,False,0.0007034592676487,88.57332001909762,10140,0.7034592676487
-5.550385,60,153.236957,False,False,0.002777039175515,80.77330410679751,10200,2.777039175515
-5.80012,60,153.363393,False,False,0.0756022389773088,87.762349396488,10260,75.6022389773088
-5.989371,60,153.464398,False,False,0.0987301837853895,85.12117093838853,10320,98.7301837853895
-6.468246,60,156.336073,False,False,0.0432421453310077,89.72482469452783,10380,43.242145331007706
-6.144941,60,156.338069,False,False,0.0137999830764838,87.4318287227536,10440,13.7999830764838
-7.549377,60,156.464506,False,False,0.0462823011421846,67.14849568683098,10500,46.2823011421846
-6.208566,60,156.56651,False,False,0.0415431412510424,86.16276065203216,10560,41.5431412510424
-6.797855,60,160.240098,False,False,0.0456590913761797,81.08515443012742,10620,45.659091376179695
-5.916266,60,160.249074,False,False,0.0092029797676185,77.01155560643299,10680,9.2029797676185
-5.795752,60,160.374515,False,False,0.0328073171677994,86.90787022972418,10740,32.807317167799404
-7.265022,60,160.472527,False,False,0.0271536905884723,88.91529178280504,10800,27.1536905884723
-6.169679,60,163.310901,False,False,0.0563997644470644,82.63007830606688,10860,56.3997644470644
-6.108599,60,163.315898,False,False,0.077824992755095,83.80519906994014,10920,77.824992755095
-6.09881,60,163.434343,False,False,0.0567930316674615,71.1884621956026,10980,56.7930316674615
-5.733401,60,163.539343,False,False,0.0572908604208717,83.96232891524974,11040,57.290860420871695
-5.498242,60,167.203387,False,False,0.0343792152551132,81.22505397632456,11100,34.3792152551132
-6.972947,60,167.207393,False,True,0.0494763980763309,89.32322215322293,11160,49.476398076330895
-5.553625,60,167.335833,False,False,0.0137976966191138,88.83685511411805,11220,13.7976966191138
-7.455402,60,167.433836,False,False,0.0543871133586549,88.46580417885714,11280,54.3871133586549
-6.153145,60,170.321988,False,False,0.0642177291850867,79.88844174686703,11340,64.2177291850867
-6.085028,60,170.329981,False,False,0.0792454879953396,83.88371733243798,11400,79.2454879953396
-5.638125,60,170.454427,False,False,0.0084355175548884,88.39087222271257,11460,8.4355175548884
-5.842188,60,170.551424,False,False,0.0635323189944946,86.03919231709195,11520,63.5323189944946
-6.425455,60,173.495611,False,False,0.0160070029845015,73.11162380036187,11580,16.0070029845015
-6.005762,60,173.495612,False,False,0.0049461971849775,86.46270859981568,11640,4.9461971849775
-6.987133,60,173.620056,False,False,0.0059840805018281,73.30746675563209,11700,5.9840805018281005
-6.348068,60,173.718058,False,False,0.0497140485252827,84.0687481202938,11760,49.714048525282706
-6.38539,60,177.429589,False,False,0.0279213223220752,78.39307200236443,11820,27.921322322075202
-5.884331,60,177.429591,False,False,0.0043351863616261,84.55943672802951,11880,4.3351863616261
-6.05625,60,177.560023,False,False,0.0421046847346425,79.15789929259604,11940,42.104684734642504
-6.004297,60,177.656034,False,False,0.0859989792452596,88.28125195183144,12000,85.99897924525959
-7.412335,60,180.525854,False,False,0.0097160029279327,85.57000812706573,12060,9.716002927932701
-5.744501,60,180.529864,False,False,0.0316928715641634,84.07147235461639,12120,31.6928715641634
-7.380674,60,180.655296,False,False,0.0238883424307868,85.83058186736667,12180,23.8883424307868
-6.970093,60,180.7553,False,False,0.0662222231192828,88.28774218660554,12240,66.2222231192828
-7.122283,60,184.527066,False,False,0.0417242162461924,82.53512799934994,12300,41.7242162461924
-5.8649,60,184.527067,False,False,0.0390500357881027,79.22348519201287,12360,39.0500357881027
-6.372011,60,184.663504,False,False,0.0661830287073098,84.43851647988687,12420,66.1830287073098
-6.459201,60,184.755508,False,False,0.0145317892135584,77.34106662249425,12480,14.5317892135584
-6.360417,60,187.713182,False,False,0.0456119503261515,87.9623974014181,12540,45.6119503261515
-6.479074,60,187.715179,False,False,0.0187058851401313,80.8397163830416,12600,18.7058851401313
-5.692059,60,187.835624,False,False,0.0409264737653764,88.89867723967357,12660,40.9264737653764
-6.511733,60,187.940627,False,False,0.0252927040085311,77.53379082278713,12720,25.2927040085311
-5.8615,60,191.874032,False,False,0.0652445498424146,86.00493620281418,12780,65.2445498424146
-5.871161,60,191.876028,False,False,0.0631766251715496,88.88937480074169,12840,63.176625171549595
-7.313354,60,191.997478,False,False,0.0292642049629904,82.54219842263798,12900,29.2642049629904
-6.816784,60,192.103472,False,False,0.0127782671221959,85.45711942222556,12960,12.778267122195901
-6.066597,60,194.941235,False,False,0.0417419540676128,89.58514911371505,13020,41.7419540676128
-6.017766,60,194.941236,False,False,0.0503929047648394,89.86580498941291,13080,50.3929047648394
-7.27982,60,195.065673,False,False,0.021893543937108,86.31995339338596,13140,21.893543937108
-6.017349,60,195.166678,False,False,0.0172656513131881,81.23322719413764,13200,17.2656513131881
-7.012182,60,198.771944,False,False,0.0417545703971488,86.4836566627997,13260,41.7545703971488
-6.944105,60,198.773945,False,False,0.0259712673887107,81.19563888403299,13320,25.971267388710697
-6.585345,60,198.899384,False,False,0.0406131666820044,82.65418340522208,13380,40.6131666820044
-5.595514,60,198.99839,False,False,0.0086776165826355,81.54909250526204,13440,8.6776165826355
-5.852963,60,201.923356,False,False,0.0013089708075146,83.32362409448814,13500,1.3089708075145998
-6.433293,60,201.92735,False,False,0.0394193745462385,80.43726007960919,13560,39.4193745462385
-7.034335,60,202.046792,False,False,0.0279602937514455,80.79287528185714,13620,27.9602937514455
-5.862737,60,202.144794,False,False,0.04197878100241,88.12713478300329,13680,41.97878100241
-5.945493,60,205.947879,False,False,0.0832396872230708,78.01260750478309,13740,83.2396872230708
-6.084391,60,205.950878,False,False,0.0839158322630995,89.13483782462927,13800,83.9158322630995
-7.138084,60,206.076316,False,False,0.0517015143629986,83.60727732171111,13860,51.7015143629986
-5.913122,60,206.180326,False,False,0.0205844963911462,84.06998826083354,13920,20.5844963911462
-7.298337,60,208.989943,False,True,0.0242497036806169,88.90858472741934,13980,24.2497036806169
-7.163634,60,208.997941,False,False,0.0381156286854152,78.12665068059933,14040,38.1156286854152
-6.348351,60,209.12438,False,False,0.0487570899027105,82.04901585166382,14100,48.7570899027105
-6.038684,60,209.221382,False,False,0.0699916535391227,84.39384307322304,14160,69.99165353912271
-5.947308,60,212.946509,False,False,0.032344771503204,86.5691018266675,14220,32.344771503204
-6.19056,60,212.953506,False,False,0.004710483420913,88.73373687874512,14280,4.710483420913
-6.722967,60,213.076949,False,False,0.0430030878116204,81.54310664392784,14340,43.0030878116204
-5.828234,60,213.178953,False,False,0.0565656732823409,84.0393390161909,14400,56.565673282340896
-6.384085,60,216.073994,False,False,0.0110469556995054,86.83602014026896,14460,11.0469556995054
-6.358356,60,216.081978,False,False,0.0699091263136983,80.32619280756575,14520,69.90912631369831
-7.474289,60,216.204423,False,False,0.0507968836501231,86.09562014007129,14580,50.7968836501231
-6.578002,60,216.298433,False,False,0.0210147086920358,85.72367660047532,14640,21.0147086920358
-5.85153,60,219.999025,False,False,0.0331331097403628,81.71015478824067,14700,33.1331097403628
-6.093672,60,220.011017,False,False,0.0443694908879965,84.80707288163575,14760,44.3694908879965
-5.344712,60,220.126462,False,False,0.0220110864297174,89.97645693606499,14820,22.0110864297174
-6.166181,60,220.227467,False,False,0.0643214709911471,75.50103093565683,14880,64.3214709911471
-6.271452,60,223.09339,False,False,0.0653579098453197,89.58839401565713,14940,65.3579098453197
-6.194154,60,223.103392,False,True,0.0266628887165083,83.81150826806484,15000,26.6628887165083
-6.153243,60,223.229824,False,False,0.0006536848341392,81.0485401475609,15060,0.6536848341392
-7.013523,60,223.327833,False,False,0.0299515596127502,78.5673906026522,15120,29.951559612750202
-6.836558,60,226.124423,False,False,0.0397132975184745,86.36486735211108,15180,39.7132975184745
-5.91361,60,226.127422,False,False,0.0097743018044059,87.03201743342889,15240,9.7743018044059
-6.780469,60,226.258858,False,False,0.0003092339461645,75.23518561312352,15300,0.3092339461645
-6.8167,60,226.359863,False,False,0.0057457023211473,75.06350061910838,15360,5.7457023211472995
-7.031672,60,229.988931,False,False,0.0192145145989523,76.66542107534846,15420,19.2145145989523
-5.895359,60,229.990928,False,False,0.0412567838962155,81.8414498800273,15480,41.2567838962155
-7.619133,60,230.119371,False,False,0.054502334827895,87.10206506712804,15540,54.502334827895005
-6.387667,60,230.21438,False,False,0.0678468814814208,81.52646982244283,15600,67.84688148142081
-6.901954,60,233.126882,False,True,0.0409361809559373,79.74829875434459,15660,40.936180955937296
-7.578595,60,233.127876,False,False,0.0333748431305056,88.44449952117729,15720,33.3748431305056
-5.977803,60,233.256316,False,False,0.0892770367589663,81.91972852621791,15780,89.27703675896629
-5.956612,60,233.355324,False,False,0.1017767359263895,76.63381691984169,15840,101.7767359263895
-6.386606,60,237.041375,False,False,0.0388460756800083,72.46074106989177,15900,38.8460756800083
-6.500274,60,237.041376,False,False,0.0432957167249022,89.68191080523205,15960,43.2957167249022
-7.304652,60,237.166816,False,False,0.0241606926688187,88.76160832382023,16020,24.1606926688187
-7.487674,60,237.267821,False,False,0.0362677368975039,75.89170384958986,16080,36.2677368975039
-6.006709,60,240.18593,False,False,0.0435107300151468,87.27840082793435,16140,43.5107300151468
-7.431626,60,240.190922,False,False,0.0447085575170651,89.35764248630933,16200,44.7085575170651
-7.608818,60,240.315362,False,False,0.0228867852808411,85.38958316067685,16260,22.8867852808411
-6.484468,60,240.414372,False,False,0.0019255018818839,74.22692896561333,16320,1.9255018818839
-6.479363,60,244.516005,False,False,0.0481131106201547,87.07205688895458,16380,48.1131106201547
-6.015339,60,244.518988,False,False,0.1060472050147437,79.54889888635546,16440,106.0472050147437
-6.218004,60,244.645442,False,False,0.034024464143991,72.18023518133968,16500,34.024464143991
-6.290717,60,244.775443,False,False,0.0223606327958988,89.8234073984879,16560,22.360632795898802
-6.240997,60,248.35654,False,False,0.0508211995102656,84.71244839569445,16620,50.8211995102656
-6.053918,60,248.362505,False,False,0.0006937255733072,84.97688607222862,16680,0.6937255733072
-6.091416,60,248.484975,False,False,0.0253419363216798,78.8856895344163,16740,25.3419363216798
-6.241413,60,248.586977,False,False,0.034742150638785,82.39388525736175,16800,34.742150638785
-5.946021,60,252.64151,False,False,0.0122531306319362,78.89115322505702,16860,12.2531306319362
-6.131176,60,252.643507,False,False,0.0040830976144905,69.6977409172713,16920,4.0830976144905
-7.39138,60,252.767951,False,False,0.0096790317646036,74.982022098742,16980,9.6790317646036
-6.09967,60,252.868956,False,False,0.0472511317026511,89.75518100742666,17040,47.2511317026511
-6.798819,60,256.250925,False,False,0.0398573777198045,72.27754215605212,17100,39.857377719804504
-6.332195,60,256.251923,False,True,0.037465109948035,81.04393756620644,17160,37.465109948035
-6.606459,60,256.377364,False,False,0.0030191786630642,80.69000547402312,17220,3.0191786630641997
-7.555122,60,256.478369,False,False,0.0478699119131023,89.91048686460009,17280,47.8699119131023
-6.721836,60,261.24612,False,False,0.0089209777493174,88.84251680177532,17340,8.9209777493174
-6.699372,60,261.250115,False,False,0.0265104356159307,72.44257860300701,17400,26.5104356159307
-6.046538,60,261.377561,False,False,0.0620374674290611,86.44012566401348,17460,62.037467429061095
-6.504434,60,261.475557,False,False,0.043714409477275,76.99050163107306,17520,43.714409477275
-6.565408,60,265.008807,False,False,0.0322508371268563,89.55658389245859,17580,32.250837126856304
-6.007038,60,265.009799,False,False,0.1023606888255381,81.5131213683055,17640,102.3606888255381
-6.252931,60,265.135247,False,False,0.0169653173658587,71.9172669059014,17700,16.965317365858702
-6.120782,60,265.235253,False,False,0.064271587431338,89.19368921596656,17760,64.27158743133799
-6.830849,60,269.561004,False,False,0.0593929321701893,78.53757133040723,17820,59.392932170189304
-6.597428,60,269.564004,False,False,0.0194960869817131,77.23640397989472,17880,19.4960869817131
-5.977836,60,269.691444,False,False,0.0429845554075312,67.53792918254074,17940,42.9845554075312
-6.110448,60,269.791452,False,False,0.0256424258198945,87.63935918808042,18000,25.6424258198945
-5.818296,60,272.812358,False,False,0.0062679545316897,73.60514163459061,18060,6.2679545316897
-6.475434,60,272.815352,False,False,0.0634203269414983,80.41996964256523,18120,63.420326941498296
-6.655374,60,272.941791,False,False,0.0007074568874053,76.97358004602971,18180,0.7074568874053
-6.31251,60,273.041797,False,False,0.0580929346342469,79.28782436216822,18240,58.092934634246895
-6.5576,60,276.719545,False,False,0.0184834879294409,75.15081618768693,18300,18.483487929440898
-6.232662,60,276.721542,False,False,0.0896712717486082,85.09191272782309,18360,89.6712717486082
-7.521032,60,276.840987,False,False,0.0248111734841411,89.06486852349181,18420,24.8111734841411
-6.595814,60,276.944993,False,False,0.0100409816215919,68.75676793427307,18480,10.0409816215919
-5.980949,60,280.000384,False,False,0.0411904351157631,69.94021629306458,18540,41.1904351157631
-6.673566,60,280.001381,False,False,0.0014595400479129,77.1300653183177,18600,1.4595400479129002
-6.198965,60,280.126821,False,False,0.0663246230824117,76.2555770652418,18660,66.3246230824117
-7.149934,60,280.223819,False,False,0.0010052363083497,81.43192425912926,18720,1.0052363083497
-7.368785,60,283.93275,False,False,0.0202340356119422,76.83315810633773,18780,20.2340356119422
-6.495265,60,283.932754,False,False,0.0184750531958592,81.26318769083905,18840,18.4750531958592
-6.676628,60,284.061191,False,False,0.0315887462517406,67.78726640271172,18900,31.588746251740602
-6.326988,60,284.160195,False,False,0.0084175704288236,70.73831933323727,18960,8.4175704288236
-6.365003,60,287.087797,False,False,0.058522427914721,88.09172085915652,19020,58.522427914721
-6.126456,60,287.092794,False,False,0.0027520737763011,76.84134027444459,19080,2.7520737763011
-6.854452,60,287.210235,False,False,0.006830522367091,67.4111779482605,19140,6.8305223670910005
-6.024636,60,287.319239,False,False,0.0350541405158171,60.0249314880474,19200,35.0541405158171
-5.983103,60,290.207962,False,False,0.1063430660136433,61.5725877445738,19260,106.3430660136433
-7.357949,60,290.210955,False,False,0.0394035854721276,70.6705472313169,19320,39.403585472127595
-5.975705,60,290.336396,False,False,0.0334411274607812,71.6798804319431,19380,33.441127460781196
-6.098563,60,290.432406,False,False,0.0202609454684401,75.90068107229949,19440,20.260945468440102
-6.043354,60,294.137535,False,False,0.0441953090327565,79.2157623928797,19500,44.1953090327565
-5.814531,60,294.139532,False,False,0.0562152800650561,55.73301586938674,19560,56.2152800650561
-5.899856,60,294.264972,False,False,0.0538630849173282,74.43091942000342,19620,53.8630849173282
-5.888597,60,294.363977,False,False,0.0344849859800768,78.08196599007196,19680,34.4849859800768
-6.503601,60,297.490309,False,False,0.0281745125275338,80.04568885556269,19740,28.1745125275338
-7.01495,60,297.493306,False,False,0.0368229785029759,70.5421728574278,19800,36.8229785029759
-5.846329,60,297.62074,False,False,0.038662891478695,65.47235763502815,19860,38.662891478694995
-5.953347,60,297.721745,False,False,0.0525563890595306,82.98909550388365,19920,52.556389059530595
-6.73812,60,301.623143,False,False,0.0200394577495041,56.21094520889633,19980,20.039457749504102
-6.590577,60,301.628138,False,False,0.0040647236869269,65.10030076040943,20040,4.0647236869269
-7.56216,60,301.75058,False,False,0.0494771657679024,79.31675128565698,20100,49.4771657679024
-7.853727,60,301.851585,False,False,0.0361287645893375,61.60082080139685,20160,36.1287645893375
-6.984118,60,304.724383,False,False,0.0054131883666921,78.64807602148895,20220,5.4131883666921
-5.945355,60,304.727376,False,False,0.0977882286568961,65.04301290453911,20280,97.7882286568961
-6.798011,60,304.85182,False,False,0.0179655854575452,64.65051482630814,20340,17.9655854575452
-6.048428,60,304.949831,False,False,0.0597109247191347,72.68738503979402,20400,59.7109247191347
-6.546544,60,309.023093,False,False,0.0572447852130108,69.50439116032608,20460,57.2447852130108
-7.189099,60,309.025089,False,False,0.014292265471978,63.96335445612063,20520,14.292265471978
-7.713915,60,309.148533,False,False,0.0745838922858536,79.25908515273083,20580,74.58389228585361
-7.256838,60,309.248546,False,False,0.0566121310903172,83.53023314305076,20640,56.6121310903172
-6.365025,60,312.310887,False,False,0.0665497870011914,58.96826312410931,20700,66.54978700119139
-7.02099,60,312.317881,False,False,0.0319582455916967,65.85660325408887,20760,31.958245591696702
-6.671081,60,312.441338,False,False,0.0033229909442864,57.905952550442734,20820,3.3229909442864
-6.139165,60,312.544327,False,False,0.0382854829956452,68.21478827999704,20880,38.285482995645204
-7.203956,60,317.047519,False,False,0.0157965423634775,70.64191030825826,20940,15.796542363477498
-6.762879,60,317.049515,False,False,0.0422039606408906,70.25595230036375,21000,42.2039606408906
-5.957664,60,317.177956,False,False,0.0536033564653335,82.26549544989338,21060,53.6033564653335
-6.97972,60,317.278961,False,False,0.0328540757385686,62.92159544829992,21120,32.854075738568596
-6.362221,60,320.386904,False,False,0.0510111858845818,75.82596932818758,21180,51.0111858845818
-6.875966,60,320.390899,False,False,0.0087367382329545,66.71680980421547,21240,8.736738232954501
-7.445239,60,320.515336,False,False,0.0408789785253975,73.96300931169847,21300,40.8789785253975
-6.001895,60,320.619337,False,False,0.0312735966137782,70.01086898088829,21360,31.273596613778203
-6.715614,60,324.61129,False,False,0.0337487436209283,64.79468357906408,21420,33.7487436209283
-6.443396,60,324.612284,False,False,0.0416364866371372,69.02522215234788,21480,41.636486637137196
-6.409657,60,324.733727,False,False,0.0084194553310375,49.63218871422205,21540,8.4194553310375
-5.625728,60,324.83873,False,False,0.0123041092388069,58.8035529336958,21600,12.3041092388069
-6.152744,60,327.906899,False,False,0.0451001385495938,70.22181239610653,21660,45.1001385495938
-7.502381,60,327.906905,False,False,0.0410131987152555,55.07694632546154,21720,41.0131987152555
-6.540626,60,328.035341,False,False,0.0378025016601992,50.3306432977747,21780,37.802501660199205
-6.250328,60,328.135341,False,False,0.0542486284318119,50.25342330017545,21840,54.2486284318119
-6.289744,60,331.801981,False,False,0.0555490569872055,70.45645300577101,21900,55.549056987205496
-6.888988,60,331.80598,False,False,0.0003375883073888,54.26214601051216,21960,0.3375883073888
-6.919837,60,331.934418,False,False,0.0090292673102759,56.71641242092272,22020,9.0292673102759
-6.76972,60,332.033422,False,False,0.0170561814901404,59.0336806537277,22080,17.0561814901404
-7.576829,60,334.978774,False,False,0.0206794592352063,66.35044047953824,22140,20.6794592352063
-6.488022,60,334.981769,False,False,0.0430354756327406,67.93849471839313,22200,43.0354756327406
-7.260635,60,335.107209,False,False,0.0360260312853729,54.84332246441385,22260,36.0260312853729
-6.817254,60,335.204228,False,False,0.0048510724391111,87.98768373809028,22320,4.8510724391111
-6.287818,60,338.860395,False,False,0.0006203495521642,74.20316170754468,22380,0.6203495521642
-7.135531,60,338.86439,False,False,0.0015305136769252,70.43075892116278,22440,1.5305136769252
-6.760612,60,338.98983,False,False,0.0012249831614481,58.930385106898754,22500,1.2249831614481
-6.347206,60,339.089837,False,False,0.0298314812939648,66.66627426089266,22560,29.8314812939648
-6.248069,60,341.945293,False,False,0.0008705746343267,66.97522906215312,22620,0.8705746343267
-7.222301,60,341.94629,False,False,0.0161750457707291,62.66919940033649,22680,16.175045770729103
-6.246816,60,342.071731,False,False,0.0031144082654538,56.93011300791322,22740,3.1144082654538
-6.029376,60,342.175736,False,False,0.1021109572161743,67.19009899274471,22800,102.1109572161743
-6.313888,60,344.975286,False,False,0.0382423101688042,47.36312926523404,22860,38.2423101688042
-6.369603,60,344.977284,False,False,0.0269670122651057,84.55032285478251,22920,26.9670122651057
-6.969981,60,345.101722,False,False,0.0200149493518056,67.66195969436127,22980,20.014949351805598
-6.294341,60,345.202727,False,False,0.0692500040795606,80.85241417005399,23040,69.2500040795606
-7.693057,60,348.862424,False,False,0.0254039700680896,71.78045082010702,23100,25.403970068089603
-6.648222,60,348.863426,False,False,0.0424923170391449,70.10831701876322,23160,42.4923170391449
-5.741031,60,348.985864,False,False,0.0017154022006827,79.40369493695799,23220,1.7154022006827
-5.76182,60,349.092866,False,False,0.0307947796217332,64.27935590536336,23280,30.794779621733202
-6.092786,60,351.994863,False,False,0.0547628704813218,64.01667997196355,23340,54.7628704813218
-6.518444,60,351.997864,False,True,0.0612802875711229,63.945184922723776,23400,61.280287571122905
-6.082816,60,352.122308,False,False,0.0596836810682484,65.25751981223286,23460,59.683681068248404
-5.95859,60,352.228304,False,False,0.0925344689805984,59.66035583467596,23520,92.5344689805984
-6.716426,60,356.0364,False,False,0.0276972905421646,67.28560850477474,23580,27.697290542164602
-6.205178,60,356.041884,False,False,0.0785068454692483,66.41399923070945,23640,78.5068454692483
-5.97275,60,356.168858,False,False,0.0679959314560423,68.68924018407417,23700,67.9959314560423
-7.401953,60,356.268329,False,False,0.0170542328824722,32.70113016311038,23760,17.0542328824722
-7.254794,60,359.135813,False,False,0.0269323165967738,60.05256705459817,23820,26.9323165967738
-6.021498,60,359.139807,False,False,0.0740718417009176,71.93299592145277,23880,74.0718417009176
-5.979726,60,359.254241,False,False,0.0629095337531621,34.180896243556646,23940,62.90953375316211
-7.341712,60,359.361255,False,False,0.0241930230398034,60.04539007521105,24000,24.1930230398034
-5.984159,60,363.002841,False,False,0.0499622505008379,42.1986814880078,24060,49.9622505008379
-5.9181,60,363.008836,False,False,0.0835001641055939,69.00471436021283,24120,83.5001641055939
-6.10679,60,363.136273,False,False,0.0723299032137263,66.9676472378428,24180,72.3299032137263
-7.428272,60,363.235283,False,False,0.0487240295907593,53.18791019521274,24240,48.7240295907593
-6.207952,60,366.145094,False,False,0.0355210195911879,58.52272110371446,24300,35.5210195911879
-6.685954,60,366.146096,False,False,0.0513873849112085,69.01513224043431,24360,51.3873849112085
-6.227094,60,366.273533,False,False,0.0493252861278774,57.26483263495518,24420,49.3252861278774
-6.580485,60,366.36554,False,True,0.0663114512479357,73.61387353764432,24480,66.3114512479357
-6.383715,60,370.152388,False,False,0.0017917991733417,39.80459628159304,24540,1.7917991733417
-6.24154,60,370.154385,False,False,0.0207033749117858,63.69059583047422,24600,20.7033749117858
-6.906304,60,370.283818,False,False,0.0300156933935729,70.14863104816627,24660,30.0156933935729
-7.683187,60,370.381825,False,True,0.0667855641312442,49.98171865661509,24720,66.7855641312442
-7.010538,60,373.20856,False,False,0.0213846780904862,56.74084293677264,24780,21.3846780904862
-5.945806,60,373.212554,False,False,0.0941934307238722,54.15375659335585,24840,94.19343072387221
-6.951472,60,373.341991,False,False,0.0293302591477229,32.39692362511164,24900,29.330259147722902
-6.946679,60,373.441998,False,False,0.0051285145971159,74.72565990911427,24960,5.1285145971159
-6.048708,60,377.113559,False,False,0.042018870392095,45.63815456159564,25020,42.018870392095
-6.597681,60,377.114566,False,False,0.0298969508532684,34.41850330337301,25080,29.8969508532684
-6.27632,60,377.244,False,False,0.0125741713361981,40.47227840382227,25140,12.574171336198098
-7.447237,60,377.346002,False,False,0.0160835435397036,57.526675074525706,25200,16.0835435397036
-6.815374,60,380.289594,False,False,0.0037547978465386,46.08589633237246,25260,3.7547978465386
-6.093087,60,380.292592,False,False,0.0964252778847104,66.01279046248186,25320,96.42527788471041
-6.890355,60,380.420033,False,False,0.003344421664069,45.7386523428285,25380,3.344421664069
-7.298355,60,380.511032,False,False,0.0164362570525453,33.588518107541105,25440,16.4362570525453
-7.155748,60,384.334074,False,False,0.0241373934357737,40.25602945746533,25500,24.1373934357737
-7.32651,60,384.339076,False,False,0.012013351412196,62.6814338952881,25560,12.013351412196
-6.554919,60,384.463516,False,False,0.0318020346392615,53.319583489543874,25620,31.802034639261496
-6.82711,60,384.561513,False,False,0.0068618472672098,34.092537772502375,25680,6.8618472672098
-7.124718,60,387.476775,False,False,0.0036068058035725,61.73935666279106,25740,3.6068058035725
-6.81058,60,387.481751,False,False,0.0103514424336041,44.172790969455946,25800,10.351442433604099
-7.225511,60,387.607192,False,False,0.0049759807416019,52.55872532944959,25860,4.975980741601901
-6.268078,60,387.702195,False,False,0.0656034079276386,54.0004847577841,25920,65.6034079276386
-6.533363,60,391.385795,False,False,0.0245786439145613,49.94616156151857,25980,24.578643914561297
-7.445449,60,391.391404,False,False,0.0257931179438111,35.206001181391834,26040,25.7931179438111
-6.846831,60,391.518846,False,False,0.0011238141883819,63.116800434544366,26100,1.1238141883819
-7.304917,60,391.617849,False,False,0.0210278639329282,46.82309080465965,26160,21.027863932928202
-6.309055,60,394.524398,False,False,0.0053249117137589,19.991248112539804,26220,5.3249117137589
-6.088928,60,394.529384,False,False,0.0174833572096806,35.18274511849778,26280,17.4833572096806
-6.194734,60,394.653834,False,False,0.0583851349310098,39.038305161894456,26340,58.3851349310098
-6.077845,60,394.751837,False,False,0.0407785227017899,41.49164029606128,26400,40.7785227017899
-6.939265,60,398.408174,False,True,0.0351496734168504,43.74981852962392,26460,35.1496734168504
-6.656399,60,398.414168,False,True,0.0402991304461929,34.717550327721305,26520,40.2991304461929
-6.051512,60,398.538609,False,False,0.0974600773760068,42.14211181884467,26580,97.46007737600681
-6.370598,60,398.644609,False,False,0.020765016807841,83.70507243416381,26640,20.765016807841
-5.974681,60,401.527555,False,False,0.0945636637791202,57.587358167065,26700,94.5636637791202
-6.171197,60,401.527556,False,False,0.0797767549743777,60.11820302188036,26760,79.7767549743777
-6.214066,60,401.652995,False,False,0.0323198617649672,44.43319468676658,26820,32.3198617649672
-7.133491,60,401.759996,False,False,0.0329876521754779,42.78266780782632,26880,32.987652175477905
-6.244936,60,404.698721,False,False,0.033570264394944,29.244695867768968,26940,33.570264394944
-6.13417,60,404.701726,False,False,0.0843633442038602,47.61996566790443,27000,84.3633442038602
-6.611707,60,404.826161,False,False,0.0063009611471636,40.61047871922404,27060,6.3009611471636
-6.544737,60,404.924167,False,False,0.0457436808595741,74.4816876778509,27120,45.7436808595741
-6.957623,60,408.551228,False,False,0.0076709641863148,62.31241898414118,27180,7.6709641863148
-5.87188,60,408.558208,False,False,0.0778930731222259,47.38747889053145,27240,77.8930731222259
-6.241433,60,408.68165,False,False,0.0606183308775244,38.46941404753306,27300,60.6183308775244
-6.078219,60,408.778653,False,False,0.0562139428955946,63.03050856511986,27360,56.2139428955946
-6.381837,60,411.670321,False,False,0.0338272868157578,43.47678271051397,27420,33.8272868157578
-5.971646,60,411.67132,False,False,0.0786621264857264,49.80968420000228,27480,78.6621264857264
-6.880584,60,411.796761,False,False,0.0082453577429209,54.934896656170594,27540,8.2453577429209
-6.253512,60,411.89677,False,False,0.0313984474572876,55.96500869966356,27600,31.3984474572876
-6.302519,60,415.752567,False,False,0.0173158543691872,44.79741206721693,27660,17.3158543691872
-6.026286,60,415.756563,False,False,0.0264292449072619,62.02683340745212,27720,26.4292449072619
-6.627092,60,415.881,False,False,0.0006339396999377,40.15218849632729,27780,0.6339396999376999
-5.893342,60,415.981009,False,False,0.0440916995828833,60.1245939287674,27840,44.0916995828833
-7.19505,60,418.8085,False,False,0.0073350132597276,56.76523531870595,27900,7.3350132597276
-6.144012,60,418.819492,False,False,0.0898467938456774,85.76328805269203,27960,89.8467938456774
-7.842129,60,418.945935,False,True,0.0258772822911531,72.13618270936536,28020,25.8772822911531
-6.165621,60,419.048937,False,False,0.0932477035353725,61.31367613730953,28080,93.2477035353725
-6.336251,60,422.691211,False,False,0.0165569790145291,65.99678936402121,28140,16.556979014529098
-6.967856,60,422.696205,False,False,0.0029888364421616,54.61962529550976,28200,2.9888364421616
-6.351011,60,422.812647,False,False,0.0387205746893868,56.11542292666488,28260,38.7205746893868
-7.812284,60,422.922651,False,True,0.0166037817066555,46.651690395390645,28320,16.6037817066555
-6.681677,60,425.830727,False,False,0.0424909425068735,72.69720635174203,28380,42.4909425068735
-6.382556,60,425.83772,False,False,0.0040598279233663,49.64913068211227,28440,4.0598279233663
-6.838318,60,425.961166,False,False,0.0175800549418619,82.211300366019,28500,17.5800549418619
-5.84214,60,426.060168,False,False,0.0014675782958486,59.49884171508471,28560,1.4675782958486
-7.336024,60,429.718337,False,True,0.0002273594787259,48.10411624889175,28620,0.22735947872589998
-6.233501,60,429.721336,False,False,0.026582510826869,32.42042263445538,28680,26.582510826869
-6.316308,60,429.842775,False,False,0.0385172967515126,59.48409093595632,28740,38.5172967515126
-5.937178,60,429.949777,False,False,0.0858273561994982,44.13454950898792,28800,85.8273561994982
-6.645889,60,432.804964,False,False,0.0687475961087344,47.33889469750793,28860,68.7475961087344
-6.167005,60,432.807954,False,False,0.0525147654719961,52.84073406676596,28920,52.5147654719961
-6.309,60,432.9284,False,False,0.0377316866364209,27.58232898337917,28980,37.7316866364209
-6.777425,60,433.034399,False,False,0.0018833608259447,67.9230754144041,29040,1.8833608259447
-6.190735,60,436.647213,False,False,0.0428179553388917,58.88564846294814,29100,42.8179553388917
-6.228173,60,436.651209,False,False,0.0476131208072171,66.04169934555578,29160,47.6131208072171
-6.570278,60,436.770653,False,False,0.011588912054565,56.88562346932642,29220,11.588912054565
-6.102834,60,436.875654,False,False,0.0958230406134316,54.03414052460223,29280,95.8230406134316
-6.598864,60,439.79711,False,False,0.0356051151919356,44.5015942449867,29340,35.605115191935596
-6.229699,60,439.802105,False,False,0.0693474154523557,72.77816954586477,29400,69.3474154523557
-7.386994,60,439.930545,False,True,0.0339522550280974,42.20473325646226,29460,33.9522550280974
-6.689472,60,440.029552,False,False,0.0372611327676523,67.51508719134881,29520,37.2611327676523
-7.135695,60,443.735425,False,False,0.0005111391762368,49.63601047825348,29580,0.5111391762367999
-5.826617,60,443.741426,False,False,0.0570254510253817,58.29986730083524,29640,57.0254510253817
-6.51527,60,443.866866,False,False,0.007830701419852,44.16652921333164,29700,7.830701419852
-6.002884,60,443.96187,False,False,0.0395562705892315,63.37596641144819,29760,39.5562705892315
-7.493301,60,446.918557,False,False,0.0159757710952971,68.93478765400283,29820,15.9757710952971
-6.141762,60,446.920554,False,False,0.0706715288347425,62.85207511148152,29880,70.67152883474249
-6.171598,60,447.041999,False,False,0.050879507456941,64.02925919260976,29940,50.879507456941006
-6.259141,60,447.146999,False,False,0.0161419384540054,28.729225917584603,30000,16.141938454005402
-6.50253,60,450.806028,False,False,0.015381615598366,59.3552465617608,30060,15.381615598366
-6.654212,60,450.807016,False,False,0.0621039676526804,56.36250396587483,30120,62.103967652680396
-7.246469,60,450.933456,False,False,0.0403666806351138,52.76032247109804,30180,40.366680635113795
-6.789773,60,451.033463,False,True,0.0065135508310057,38.606508839790976,30240,6.5135508310057
-6.251353,60,453.856731,False,False,0.0284073513598692,29.5050892116866,30300,28.4073513598692
-6.206267,60,453.858728,False,False,0.0260423556347425,69.28641441864045,30360,26.042355634742503
-6.521363,60,453.983168,False,False,0.0119693266529584,55.86159360608409,30420,11.969326652958399
-6.783871,60,454.085173,False,False,0.0044210256305011,70.95047317702324,30480,4.4210256305011
-6.361515,60,456.944298,False,False,0.0697978065082678,58.71272227496844,30540,69.79780650826781
-6.10608,60,456.952266,False,False,0.0654701308870194,62.69025737955081,30600,65.47013088701941
-7.12312,60,457.074721,False,False,0.0235687921282174,65.64841869893772,30660,23.5687921282174
-6.296817,60,457.174726,False,False,0.0583370580892234,66.914682140128,30720,58.3370580892234
-6.45427,60,460.825583,False,False,0.0355472073285541,80.63934064763315,30780,35.547207328554094
-6.369015,60,460.827586,False,False,0.0491760782461823,55.19113101494174,30840,49.1760782461823
-6.491116,60,460.958018,False,False,0.0092837798256464,38.42605301871344,30900,9.283779825646398
-5.834436,60,461.060023,False,False,0.0510996626070486,34.8950576258017,30960,51.0996626070486
-6.346165,60,463.911452,False,False,0.0014120910968744,75.73020753193364,31020,1.4120910968744
-7.56445,60,463.912451,False,False,0.0292155585870752,73.72497292727569,31080,29.2155585870752
-5.928757,60,464.039886,False,False,0.0606012432042481,42.64114006500629,31140,60.6012432042481
-6.006517,60,464.140891,False,False,0.0016171152372058,71.8423105068703,31200,1.6171152372058
-7.664187,60,467.820803,False,False,0.0473016531793779,57.41557971790277,31260,47.3016531793779
-7.185444,60,467.824806,False,False,0.0235488919169342,61.35447241331843,31320,23.548891916934203
-6.137102,60,467.949243,False,False,0.0328304769688849,71.93658914463042,31380,32.8304769688849
-6.061021,60,468.047249,False,False,0.0398767679275302,67.02080018885343,31440,39.876767927530196
-5.8954,60,470.905165,False,False,0.0092389354451064,68.0043433943833,31500,9.2389354451064
-6.025316,60,470.911162,False,False,0.0482442390907299,55.87639476002462,31560,48.2442390907299
-6.234532,60,471.034614,False,False,0.0208051722772402,49.213909228616096,31620,20.8051722772402
-6.531849,60,471.138606,False,False,0.0252512327862855,40.96375459172272,31680,25.2512327862855
-5.675162,60,474.879564,False,False,0.0105491463023558,71.95368745316472,31740,10.549146302355801
-6.095692,60,474.883554,False,False,0.027469358587324,60.1226976709874,31800,27.469358587324002
-6.908867,60,475.001994,False,False,0.0138362160760904,45.241229104846575,31860,13.8362160760904
-6.087831,60,475.102999,False,False,0.0792469149845607,73.90237658665103,31920,79.2469149845607
-6.602399,60,478.047807,False,False,0.0065489110395615,62.64053525946405,31980,6.5489110395615
-5.959183,60,478.047808,False,False,0.0249554117668155,68.81860760172412,32040,24.9554117668155
-5.620896,60,478.175245,False,False,0.0340395844573114,66.2291061190772,32100,34.0395844573114
-5.975864,60,478.277246,False,False,0.0865033482894259,65.7509112503441,32160,86.50334828942589
-6.288134,60,481.89237,False,False,0.0347704683604472,77.70964641316633,32220,34.7704683604472
-6.722345,60,481.893372,False,False,0.0033522654146202,78.13885005319595,32280,3.3522654146202
-6.411616,60,482.018813,False,False,0.0502963081444835,73.65769846998423,32340,50.2963081444835
-5.666483,60,482.112816,False,False,0.0409939105401986,67.69215306377987,32400,40.993910540198605
-6.13222,60,485.647596,False,False,0.0593056324615271,83.17017896160714,32460,59.3056324615271
-6.0942,60,485.649626,False,False,0.02831368551792,73.21472451654014,32520,28.31368551792
-5.983523,60,485.793597,False,False,0.0091624833310972,64.44093274638024,32580,9.162483331097201
-6.468922,60,485.877041,False,False,0.0250722748814725,45.54363094378584,32640,25.072274881472502
-6.353454,60,490.167964,False,False,0.0510202969579817,42.96595488760085,32700,51.0202969579817
-6.954168,60,490.171965,False,False,0.0295427742391237,59.571131933398405,32760,29.542774239123702
-7.055065,60,490.294409,False,False,0.0023609177514904,47.5251012889593,32820,2.3609177514904
-5.91553,60,490.39941,False,False,0.0146366104488921,88.07590698065623,32880,14.6366104488921
-5.335931,60,493.290753,False,False,0.0033826298800317,67.26916047568321,32940,3.3826298800317
-7.454725,60,493.293744,False,False,0.0320343764308085,70.62396969165137,33000,32.0343764308085
-7.410337,60,493.416192,False,False,0.0317102408073443,81.38654060802074,33060,31.710240807344302
-6.944469,60,493.520189,False,False,0.0344375244411265,81.79156187530447,33120,34.4375244411265
-6.144322,60,497.135185,False,False,0.0325211760885947,33.15057649272988,33180,32.5211760885947
-6.369799,60,497.138176,False,False,0.0125014459604235,61.01617284857686,33240,12.5014459604235
-7.084795,60,497.263617,False,False,0.0407039611153097,68.9805872926558,33300,40.7039611153097
-6.260836,60,497.363626,False,False,0.0245241435170123,73.72223372519156,33360,24.5241435170123
-7.529499,60,500.261072,False,False,0.0220063109961257,59.80397792067342,33420,22.006310996125702
-7.518535,60,500.263078,False,False,0.0242990299312005,66.2067354254906,33480,24.299029931200497
-6.210641,60,500.391514,False,True,0.0173096818469976,49.06754313581248,33540,17.309681846997602
-6.894206,60,500.493516,False,False,0.019535918260409,56.48739409444445,33600,19.535918260408998
-7.870138,60,504.152226,False,False,0.0443163077505883,64.31798900724368,33660,44.3163077505883
-6.995278,60,504.154223,False,False,0.0379443633205523,52.04925675489793,33720,37.9443633205523
-6.543846,60,504.272671,False,False,0.0226530988315727,71.02028002972392,33780,22.6530988315727
-5.787426,60,504.380668,False,False,0.0382736804028972,77.98292528835506,33840,38.2736804028972
-6.142111,60,507.275341,False,False,0.0114607883134573,52.94957613383766,33900,11.4607883134573
-7.040551,60,507.277338,False,False,0.0056414876469568,53.68387548618611,33960,5.641487646956801
-6.040785,60,507.404781,False,False,0.0742390542943104,42.47087651289544,34020,74.23905429431039
-5.323632,60,507.503783,False,False,0.00228679565571,46.10641387166603,34080,2.28679565571
-6.186392,60,511.778609,False,False,0.0106803699671881,77.60010099394454,34140,10.680369967188101
-6.566154,60,511.781606,False,False,0.0482068983536674,71.72531455467555,34200,48.2068983536674
-6.445836,60,511.907047,False,False,0.0373054821931303,79.30304515125448,34260,37.305482193130295
-6.824591,60,512.010049,False,False,0.023501233979051,73.53131340356033,34320,23.501233979051
-7.216323,60,515.141888,False,False,0.0422181843754651,61.54775160742493,34380,42.2181843754651
-7.030298,60,515.14788,False,False,0.029048660096058,55.37832676666199,34440,29.048660096058
-7.830666,60,515.270322,False,False,0.063043990063624,48.66261819929426,34500,63.043990063624
-5.560559,60,515.374325,False,False,0.0068034311758168,54.357891323075066,34560,6.8034311758168
-5.637551,60,518.243109,False,False,0.0184856710136865,36.76513896109345,34620,18.4856710136865
-6.964318,60,518.244106,False,False,0.0444418982699667,52.64111434646304,34680,44.4418982699667
-7.151689,60,518.366548,False,False,0.0147587945991867,77.38120421226827,34740,14.7587945991867
-6.323427,60,518.466554,False,False,0.009636505108142,41.4246604619036,34800,9.636505108142
-5.736805,60,522.293686,False,False,0.0641550315575057,35.8101044633805,34860,64.1550315575057
-6.71184,60,522.293687,False,False,0.0346802585983114,70.47742765602035,34920,34.6802585983114
-6.369367,60,522.419127,False,False,0.0748414353894023,56.18809555042223,34980,74.8414353894023
-5.575237,60,522.521132,False,False,0.0459626547728319,37.95813628486614,35040,45.962654772831904
-6.349813,60,525.568956,False,False,0.0464186467216094,63.109529014979856,35100,46.4186467216094
-7.530546,60,525.570952,False,False,0.0264938787753085,48.08709235001281,35160,26.4938787753085
-5.366554,60,525.694392,False,False,0.0276150379049077,46.60548035974016,35220,27.615037904907698
-5.824619,60,525.795397,False,False,0.0228235137454081,55.2250821395348,35280,22.8235137454081
-7.662647,60,529.662907,False,False,0.0417939867406272,47.90850804525133,35340,41.7939867406272
-6.920331,60,529.663901,False,False,0.0426988317018974,46.40897388982461,35400,42.698831701897404
-7.702829,60,529.787342,False,True,0.0115983598990767,76.64439828042026,35460,11.5983598990767
-6.615623,60,529.887347,False,False,0.0112737664707655,71.3758684032191,35520,11.273766470765501
-6.210822,60,532.928607,False,False,0.0147885419780009,39.483151429347416,35580,14.7885419780009
-6.363662,60,532.933592,False,False,0.0162662214640912,58.7858978565714,35640,16.2662214640912
-5.668736,60,533.059032,False,False,0.0558404664568825,42.00388808163402,35700,55.8404664568825
-7.276674,60,533.159049,False,False,0.0488162774916773,29.136958582559537,35760,48.816277491677305
-6.212923,60,537.089525,False,False,0.0086362184984122,41.85865460738393,35820,8.6362184984122
-6.513026,60,537.095524,False,False,0.001171473297342,35.92067793267692,35880,1.171473297342
-6.171449,60,537.21596,False,False,0.0023257137161248,62.75373901618328,35940,2.3257137161248003
-7.092218,60,537.316965,False,False,0.0456501698238862,45.7045090253005,36000,45.6501698238862
-6.83519,60,540.442481,False,False,0.0287183832093548,65.7204111733696,36060,28.7183832093548
-6.124903,60,540.446479,False,False,0.0672069124547199,60.74126838435576,36120,67.2069124547199
-6.542967,60,540.57391,False,False,0.0397329352737443,37.54303083276489,36180,39.7329352737443
-6.066529,60,540.673918,False,False,0.039621693414361,55.39822048279983,36240,39.621693414361005
-6.338198,60,544.565777,False,False,0.0359221295545444,35.225314933895625,36300,35.9221295545444
-5.903839,60,544.565781,False,False,0.03159270849142,30.922217184449934,36360,31.592708491419998
-6.359559,60,544.695215,False,False,0.0672588556389673,38.72515421256292,36420,67.2588556389673
-5.776641,60,544.792222,False,False,0.0452327732916646,29.957512129261644,36480,45.2327732916646
-5.332297,60,549.223548,False,False,0.0004400328817668,43.311314412291686,36540,0.4400328817668
-6.731118,60,549.223551,False,False,0.0354343680905095,37.435601976302245,36600,35.434368090509494
-7.31587,60,549.370975,False,False,0.0348101559740586,60.598475713758525,36660,34.8101559740586
-5.614304,60,549.46199,False,False,0.0385415652036282,30.470560644803133,36720,38.541565203628195
-6.403187,60,555.008278,False,False,0.0714886291353775,44.16211507288314,36780,71.4886291353775
-7.509703,60,555.010274,False,False,0.0267205500900356,58.43359546424761,36840,26.7205500900356
-6.051519,60,555.139711,False,False,0.0160404453581072,53.14022157255454,36900,16.0404453581072
-6.098591,60,555.246713,False,False,0.0542855811647001,65.74392500107462,36960,54.2855811647001
-7.042274,60,558.438022,False,False,0.0309836789426787,54.0097522176708,37020,30.9836789426787
-6.77029,60,558.443026,False,False,0.0455852469522656,49.49366117827828,37080,45.5852469522656
-6.946477,60,558.565459,False,False,0.0114282911755941,30.39262625625613,37140,11.4282911755941
-6.223337,60,558.664466,False,False,0.0039500950783472,31.791177698656803,37200,3.9500950783472
-7.190485,60,563.018234,False,False,0.0211401919619771,32.451802671196674,37260,21.140191961977102
-6.171962,60,563.018241,False,False,0.0677335770351228,31.51655747911858,37320,67.73357703512279
-7.204041,60,563.145678,False,False,0.024471053409911,41.48452926157376,37380,24.471053409911
-6.013192,60,563.246683,False,False,0.0118612232703628,51.801626799032455,37440,11.861223270362801
-6.930451,60,567.129588,False,False,0.0350336800809536,47.14885833041984,37500,35.0336800809536
-6.839893,60,567.131584,False,False,0.0183350802331513,48.5796815523056,37560,18.3350802331513
-5.78938,60,567.258024,False,False,0.0658623109409674,36.79802559738573,37620,65.86231094096739
-7.338837,60,567.381812,False,False,0.0199019881228162,49.596662214031205,37680,19.9019881228162
-5.796913,60,573.256331,False,False,0.0645095068357032,29.84440339235549,37740,64.50950683570319
-6.228065,60,573.264326,False,False,0.0026320372793705,30.951176380671928,37800,2.6320372793705
-6.370932,60,573.379771,False,False,0.0007467212444429,32.49282886008031,37860,0.7467212444429
-6.002636,60,573.483777,False,False,0.0392045476934859,30.081474155246276,37920,39.2045476934859
-6.825308,60,578.323909,False,False,0.0277633326543292,61.23977675291514,37980,27.7633326543292
-7.222631,60,578.326914,False,False,0.0265701471613846,67.47107432031432,38040,26.5701471613846
-6.042399,60,578.49276,False,False,0.0784792254705376,54.33018217320669,38100,78.4792254705376
-5.920873,60,578.553359,False,False,0.0861115738036421,32.610781324795774,38160,86.11157380364209
-6.61236,60,583.197226,False,False,0.0131602317746609,30.35175625839798,38220,13.160231774660899
-7.535632,60,583.199223,False,False,0.0174001529733151,47.719347605856456,38280,17.4001529733151
-5.949733,60,583.324663,False,False,0.0333918269798497,31.783856075716677,38340,33.391826979849704
-6.289794,60,583.427666,False,False,0.0006234466440144,40.9294568892628,38400,0.6234466440144
-6.901032,60,587.847713,False,False,0.0271638635685738,30.34723518680339,38460,27.1638635685738
-6.527625,60,587.848714,False,False,0.0109349801505726,47.84644907595884,38520,10.9349801505726
-6.457212,60,587.97515,False,False,0.0089579583289936,31.350460478479263,38580,8.9579583289936
-5.852061,60,588.079153,False,False,0.1108737003853749,37.75351434604404,38640,110.8737003853749
-5.629464,60,591.61128,False,False,0.0501838313672117,30.902355165891464,38700,50.183831367211695
-6.307617,60,591.612278,False,False,0.0080507526598069,32.442133577752315,38760,8.0507526598069
-6.213567,60,591.739719,False,False,0.0179696562683693,32.55921888852587,38820,17.9696562683693
-6.882193,60,591.84272,False,False,0.0304803860631957,29.14137714438453,38880,30.4803860631957
-5.161029,60,596.665264,False,False,0.0004729142673643,30.244972636669573,38940,0.4729142673643
-6.614772,60,596.66826,False,False,0.0259477432863282,32.582526906431525,39000,25.9477432863282
-6.434195,60,596.7917,False,False,0.0593096072161722,47.908524229316185,39060,59.309607216172196
-6.000718,60,596.893706,False,False,0.0535474378487423,40.40946853429487,39120,53.547437848742305
-7.218622,60,600.406695,False,False,0.0143281308570481,54.94358952786048,39180,14.3281308570481
-5.90718,60,600.408692,False,False,0.0864263402513263,31.07458088356756,39240,86.4263402513263
-5.964305,60,600.534132,False,False,0.0189796703355438,33.34310172388542,39300,18.9796703355438
-6.630727,60,600.635137,False,False,0.0199047505024014,44.47586540425032,39360,19.904750502401402
-6.079377,60,605.090371,False,False,0.0454773357436676,38.47158112556939,39420,45.4773357436676
-6.424158,60,605.094367,False,False,0.0190944651526123,33.92461162010382,39480,19.094465152612297
-6.28378,60,605.223805,False,False,0.0339747889607114,48.8357145894496,39540,33.9747889607114
-6.203725,60,605.353809,False,False,0.0371993550163216,74.59561677418402,39600,37.1993550163216
-6.423834,60,609.422738,False,False,0.049144963297357,43.45324251038718,39660,49.144963297357
-5.832419,60,609.426728,False,False,0.0094723794342542,52.24435718353093,39720,9.4723794342542
-6.311054,60,609.549173,False,False,0.0388518772050662,28.439146497441428,39780,38.8518772050662
-5.215889,60,609.65118,False,False,0.0002156374225255,34.677520590880604,39840,0.2156374225255
-6.016136,60,614.344082,False,False,0.1002684059471692,51.15444695937801,39900,100.2684059471692
-7.09525,60,614.349075,False,False,0.0275296320233113,29.646555124457358,39960,27.5296320233113
-5.758899,60,614.469529,False,False,0.0459391765423785,30.01227713948826,40020,45.939176542378505
-7.783,60,614.570534,False,False,0.036587411672153,45.63875849851412,40080,36.587411672153
-6.00279,60,617.899432,False,False,0.0594408839045674,48.45001121794345,40140,59.4408839045674
-5.710822,60,617.902433,False,False,0.0177294705014172,35.62502063880579,40200,17.7294705014172
-5.822679,60,618.029871,False,False,0.0355797044898156,34.00300595317117,40260,35.579704489815605
-6.324062,60,618.127885,False,False,0.0293607393423052,30.6309449232562,40320,29.360739342305198
-5.775531,60,622.804836,False,False,0.0512285073823926,35.53310663177493,40380,51.2285073823926
-6.834652,60,622.826831,False,False,0.034343783675121,30.40894111014068,40440,34.343783675120996
-7.005733,60,622.929283,False,False,0.0261407793169182,30.0381838262029,40500,26.1407793169182
-5.739627,60,623.036285,False,False,0.0672041670627195,32.07289677973256,40560,67.2041670627195
-5.771133,60,627.826052,False,False,0.1039811923049174,32.74320809253694,40620,103.9811923049174
-5.792647,60,627.830042,False,False,0.0650738306132229,34.310036977280355,40680,65.0738306132229
-6.31316,60,627.954485,False,False,0.0440705623906219,29.94420738213043,40740,44.070562390621895
-6.306022,60,628.05549,False,True,0.0235523389028649,32.0559012051846,40800,23.5523389028649
-6.190674,60,632.561402,False,False,0.0162308560476091,28.86346934704947,40860,16.230856047609098
-5.836693,60,632.561404,False,False,0.0493280411582636,30.006488735205718,40920,49.3280411582636
-6.387775,60,632.688839,False,False,0.0099479865718685,34.121595275952544,40980,9.9479865718685
-5.525572,60,632.790844,False,False,0.0134736989700715,55.66230467907109,41040,13.4736989700715
-7.428927,60,636.336422,False,False,0.0288107399934081,31.27706771005704,41100,28.810739993408102
-5.748896,60,636.336425,False,False,0.0729909553682972,35.371191591157825,41160,72.9909553682972
-5.765453,60,636.463862,False,False,0.0390450870066616,29.747485382162637,41220,39.0450870066616
-5.871998,60,636.564867,False,False,0.0268902314393075,30.48947680933276,41280,26.890231439307502
-5.96617,60,641.299717,False,False,0.1180757519832479,68.10780304365034,41340,118.07575198324791
-6.127538,60,641.30171,False,False,0.0600473453530878,32.95106407703316,41400,60.0473453530878
-6.981275,60,641.424156,False,False,0.0211761429493292,37.26039297293689,41460,21.1761429493292
-6.441773,60,641.527159,False,False,0.0228024606839724,31.497548190524803,41520,22.8024606839724
-6.713164,60,645.078872,False,False,0.0492176912494826,30.08656900443957,41580,49.217691249482606
-6.553857,60,645.080868,False,False,0.0170075245177999,30.38786992625776,41640,17.0075245177999
-5.981987,60,645.215309,False,False,0.0282663830205578,31.65718982426021,41700,28.2663830205578
-6.102191,60,645.305311,False,False,0.0449162695722373,37.030915241769534,41760,44.916269572237304
-6.09897,60,649.605929,False,False,0.0470828015599712,32.056965045873255,41820,47.0828015599712
-5.983361,60,649.606925,False,False,0.0084215008927994,32.40483175599013,41880,8.4215008927994
-6.188199,60,649.733366,False,False,0.0691828111605547,43.62001168650991,41940,69.1828111605547
-5.919236,60,649.834371,False,False,0.0568545112846372,30.757170590023986,42000,56.8545112846372
-6.802305,60,653.275171,False,False,0.0334504319919654,31.233649168238983,42060,33.4504319919654
-7.226156,60,653.283165,False,False,0.0276689864569761,30.00781946354913,42120,27.6689864569761
-6.376956,60,653.407606,False,False,0.0064915267523698,32.934612970711456,42180,6.491526752369801
-7.149442,60,653.504609,False,False,0.0176407590474625,30.56266735047988,42240,17.640759047462502
-5.646732,60,657.345882,False,False,0.0465673873698902,29.751825640971603,42300,46.5673873698902
-6.492268,60,657.346878,False,False,0.0240898724080075,30.94610048114177,42360,24.0898724080075
-6.184557,60,657.474316,False,False,0.0096957878830415,30.060800380021764,42420,9.6957878830415
-7.13472,60,657.575321,False,False,0.032234911719351,30.12615949564717,42480,32.234911719351004
-6.039103,60,663.265175,False,False,0.0241032869053445,39.87930304672902,42540,24.1032869053445
-7.129046,60,663.272161,False,False,0.0271367659120179,31.67806343669969,42600,27.1367659120179
-6.998612,60,663.407602,False,False,0.0312083502294784,29.9166461925134,42660,31.208350229478402
-6.511231,60,663.500603,False,False,0.0319518463665639,30.04315169993464,42720,31.951846366563903
-5.669381,60,668.912222,False,False,0.0501053286631102,31.74896970715568,42780,50.1053286631102
-5.764361,60,668.929219,False,False,0.0940942564971622,41.17926781793753,42840,94.0942564971622
-6.763013,60,669.039659,False,False,0.0215972944169176,30.480452859640756,42900,21.5972944169176
-6.096679,60,669.143668,False,False,0.0627131261122323,52.79825817230873,42960,62.7131261122323
-7.527858,60,676.177174,False,True,0.0453050164083923,30.906000626705996,43020,45.305016408392305
-6.14598,60,676.178183,False,False,0.0745991950171215,35.29615229787596,43080,74.5991950171215
-5.794079,60,676.309614,False,False,0.0530674388783216,31.612422869629203,43140,53.067438878321596
-5.96906,60,676.406629,False,False,0.0252002734155047,31.066463493429755,43200,25.2002734155047
-6.222198,60,681.675718,False,False,0.0475597702258128,38.93266430072498,43260,47.5597702258128
-6.274244,60,681.676711,False,False,0.0833592551929723,57.11356281033464,43320,83.3592551929723
-6.1621,60,681.804147,False,False,0.0591813428579033,36.31945577346007,43380,59.1813428579033
-6.29913,60,681.90416,False,False,0.007599945868408,32.29568832606717,43440,7.599945868408001
-6.484026,60,688.083778,False,False,0.0444887828771078,30.851993564573444,43500,44.4887828771078
-6.320548,60,688.086774,False,False,0.0228710579376663,29.550053000786928,43560,22.8710579376663
-6.779725,60,688.211215,False,False,0.0256383298556156,29.8233711270695,43620,25.638329855615602
-6.319254,60,688.315221,False,False,0.0351921479929268,30.256261314516603,43680,35.192147992926806
-6.157838,60,692.246312,False,False,0.0258851056539594,45.56378985807516,43740,25.8851056539594
-6.200611,60,692.248309,False,False,0.0553374444982145,31.036879002519505,43800,55.337444498214495
-7.017628,60,692.391469,False,False,0.0085949417666688,34.82847214605175,43860,8.5949417666688
-6.619108,60,692.486474,False,False,0.0058057762136467,32.93265733792215,43920,5.805776213646699
-6.95141,60,697.489703,False,False,0.016795519640339,30.894812484821067,43980,16.795519640339
-6.055838,60,697.489708,False,False,0.0322875157137453,38.4102881239392,44040,32.2875157137453
-6.542329,60,697.615144,False,False,0.0233556192089612,35.28135168146836,44100,23.3556192089612
-5.885898,60,697.739146,False,False,0.0761315866743614,39.68190393149143,44160,76.1315866743614
-6.049802,60,701.522351,False,False,0.1221949571394718,61.68980945453882,44220,122.1949571394718
-6.951513,60,701.525027,False,False,0.0015251582758592,32.49470727882879,44280,1.5251582758592
-6.262649,60,701.64979,False,False,0.0339278188093889,46.34791690344251,44340,33.9278188093889
-5.901127,60,701.751793,False,False,0.0702536744751157,32.45072851299183,44400,70.2536744751157
-6.51952,60,706.693601,False,True,0.0763104855119856,49.93016863603152,44460,76.3104855119856
-6.935169,60,706.712657,False,False,0.0472634507870486,30.192355674905286,44520,47.2634507870486
-6.308086,60,706.82405,False,False,0.0043470312124559,30.24492694911767,44580,4.3470312124559
-6.390928,60,706.921058,False,False,0.0467016827375643,36.68681342827568,44640,46.701682737564305
-6.717744,60,710.539341,False,False,0.0165461262473928,49.92198374568481,44700,16.5461262473928
-7.241346,60,710.549991,False,False,0.0029946794107906,51.09797832232932,44760,2.9946794107906
-5.92619,60,710.666779,False,False,0.0648677891803106,46.11476507567271,44820,64.8677891803106
-6.19454,60,710.765786,False,False,0.0066193781149551,29.445099285856536,44880,6.6193781149551
-6.78358,60,716.182722,False,False,0.0071105219774726,44.18201569580131,44940,7.1105219774726
-7.442116,60,716.183718,False,False,0.0252520602912381,43.00070470927455,45000,25.2520602912381
-5.72502,60,716.361235,False,False,0.0419667244671991,33.26055908437576,45060,41.9667244671991
-6.472596,60,716.407169,False,False,0.0119554572166372,48.0169675263752,45120,11.9554572166372
-6.074057,60,720.540203,False,False,0.1051246300861813,45.30455865546113,45180,105.1246300861813
-5.404418,60,720.543197,False,False,0.0045419671768129,28.035699712015425,45240,4.5419671768129
-6.170405,60,720.669647,False,False,0.0765064143898966,36.22678844871917,45300,76.50641438989659
-7.526992,60,720.763073,False,False,0.0153346253166366,64.6433663287351,45360,15.3346253166366
-5.783926,60,725.87944,False,False,0.058166095529439,35.353399711796754,45420,58.166095529439
-6.632768,60,725.905388,False,False,0.0079148980259789,35.39751090066651,45480,7.9148980259789
-6.310179,60,726.006877,False,False,0.0471620306240986,41.03281575292184,45540,47.1620306240986
-6.206531,60,726.113881,False,False,0.0507059495365501,56.49774093165774,45600,50.7059495365501
-6.039091,60,729.738251,False,False,0.08914957685559,48.244138760693154,45660,89.14957685559
-7.143175,60,729.741244,False,False,0.0048862154997249,38.085191926023526,45720,4.8862154997249
-5.975943,60,729.866684,False,False,0.0677628925399049,34.20010996726966,45780,67.7628925399049
-6.922534,60,729.969688,False,False,0.0002640919211477,33.119734632142894,45840,0.26409192114769997
-5.915656,60,734.28839,False,False,0.0188272814574489,29.577949631123637,45900,18.8272814574489
-6.398153,60,734.289382,False,False,0.0053145171515817,30.596219238434504,45960,5.3145171515817
-5.773649,60,734.414822,False,False,0.0883737116018903,35.48373576572289,46020,88.37371160189029
-6.287933,60,734.516832,False,False,0.0341020976851736,32.46545501489186,46080,34.102097685173604
-5.930519,60,740.625504,False,False,0.0767318754005483,34.39915569161866,46140,76.73187540054829
-7.283014,60,740.651493,False,False,0.0108189998614595,53.36200433038728,46200,10.8189998614595
-7.204077,60,740.750945,False,False,0.0133166698496789,37.690891281563054,46260,13.3166698496789
-6.276437,60,740.85195,False,False,0.0064742947744175,32.955249448110415,46320,6.4742947744175
-5.909562,60,745.173804,False,False,0.0754572262336008,44.34451835716358,46380,75.45722623360079
-6.269145,60,745.205979,False,False,0.0448989973362229,30.179166832737632,46440,44.8989973362229
-5.891788,60,745.292272,False,False,0.059550549411876,39.14220976893776,46500,59.550549411876
-6.185205,60,745.371804,False,False,0.0474265728691906,42.3676404857736,46560,47.4265728691906
-6.028807,60,750.988524,False,False,0.0663855062262027,35.5432838378523,46620,66.38550622620271
-5.818547,60,750.990521,False,False,0.0392311354713158,30.00006473857256,46680,39.2311354713158
-6.656334,60,751.116965,False,True,0.0218458665762501,29.494710911615496,46740,21.845866576250103
-6.93837,60,751.218963,False,False,0.0063767021979657,28.988284955297505,46800,6.3767021979657
-6.606975,60,755.181257,False,False,0.0025696958151366,25.20924549494045,46860,2.5696958151366
-6.086421,60,755.185252,False,False,0.0001308418604431,31.103771347020405,46920,0.1308418604431
-6.497439,60,755.307697,False,False,0.0002694605372009,46.80123819854124,46980,0.26946053720089996
-5.95088,60,755.409699,False,False,0.0880566182882454,51.06527210697075,47040,88.0566182882454
-5.680154,60,760.171751,False,False,0.0007797357264967,29.58384246349836,47100,0.7797357264967
-5.978375,60,760.176748,False,False,0.0421443100174573,30.301842810552262,47160,42.14431001745729
-6.038718,60,760.309754,False,False,0.0252878048928791,32.04131753000781,47220,25.2878048928791
-6.384886,60,760.407948,False,False,0.0722545764287697,64.41835155251752,47280,72.2545764287697
-6.199238,60,763.836211,False,False,0.0148771948733859,29.290733435801236,47340,14.8771948733859
-6.7184,60,763.839208,False,False,0.03863870541031,58.051495312552575,47400,38.638705410309996
-6.77543,60,763.963648,False,False,0.0062813020933209,29.090736646662865,47460,6.2813020933209005
-6.663427,60,764.063651,False,False,0.0024890614873238,37.0530034734945,47520,2.4890614873238
-6.281495,60,768.182273,False,True,0.0585832923837289,38.642375094367424,47580,58.583292383728896
-6.111423,60,768.182274,False,False,0.0519976364853851,32.115743957378385,47640,51.9976364853851
-6.385,60,768.309711,False,True,0.0806351625974582,40.02126095624925,47700,80.6351625974582
-7.009835,60,768.40872,False,False,0.009767756578965,36.1783562649589,47760,9.767756578965
-6.52891,60,772.50739,False,False,0.0268783914169901,42.907233319753146,47820,26.8783914169901
-6.049325,60,772.510373,False,False,0.0123997122857378,29.091582330009537,47880,12.3997122857378
-6.058762,60,772.65738,False,False,0.0710581529700523,51.08481311816987,47940,71.0581529700523
-5.713071,60,772.736819,False,False,0.0026663430187721,29.45895003926058,48000,2.6663430187721002
-5.522681,60,777.900919,False,False,0.0022756529990076,29.72221354029459,48060,2.2756529990076
-6.271872,60,777.904924,False,False,0.0076187565536548,32.67287314733354,48120,7.6187565536548
-5.441513,60,778.025366,False,False,0.0276603048399822,34.00791689233187,48180,27.6603048399822
-6.531786,60,778.126371,False,False,0.0075844060031091,31.440674897045994,48240,7.5844060031091
-6.010708,60,781.272884,False,False,0.0374595607435643,33.21410718272789,48300,37.4595607435643
-5.893193,60,781.27488,False,False,0.0189409172695838,43.65355254752023,48360,18.9409172695838
-7.010812,60,781.403323,False,False,0.0239251010437906,29.038479546485192,48420,23.9251010437906
-6.759553,60,781.497328,False,False,0.0078701521367985,56.17352409819423,48480,7.8701521367985
-6.266592,60,785.665173,False,False,0.0269541259743125,37.62299869115768,48540,26.9541259743125
-5.938626,60,785.667166,False,False,0.0461156435952078,32.27043676139154,48600,46.1156435952078
-5.815793,60,785.793602,False,False,0.0706090551075665,41.14437089572435,48660,70.6090551075665
-5.933713,60,785.894606,False,False,0.0639112645262832,40.52135980952525,48720,63.911264526283205
-5.940276,60,789.330325,False,False,0.1131806880822706,52.95799249922195,48780,113.18068808227059
-5.856416,60,789.33033,False,False,0.0613596611063394,48.86840848447384,48840,61.359661106339395
-7.278015,60,789.458765,False,False,0.025520947587497,28.43060070408816,48900,25.520947587497
-6.173192,60,789.56776,False,True,0.0553252589419559,29.8309543111358,48960,55.325258941955894
-5.825588,60,793.470901,False,False,0.0270374092070158,42.16519490371057,49020,27.0374092070158
-6.138155,60,793.472898,False,False,0.0127169264010001,29.054224311202915,49080,12.7169264010001
-5.822357,60,793.601336,False,False,0.0411593847411367,42.256640938597386,49140,41.1593847411367
-5.981119,60,793.702341,False,False,0.0120899241154871,26.186164553270228,49200,12.089924115487099
-5.457109,60,797.057205,False,False,0.0284893671761954,33.42351271627835,49260,28.4893671761954
-6.002981,60,797.062201,False,False,0.1139217228407312,51.399499074335125,49320,113.92172284073119
-7.43259,60,797.189639,False,False,0.0282180720044379,31.608532012321785,49380,28.2180720044379
-5.911571,60,797.288646,False,False,0.046217549614026,42.29164013657075,49440,46.217549614026
-5.927235,60,801.150188,False,False,0.0326566888426653,43.5098411630633,49500,32.656688842665304
-6.04224,60,801.152185,False,False,0.0024357020679506,32.75578546076421,49560,2.4357020679506003
-6.388956,60,801.275628,False,True,0.0570990073560136,40.40785901773273,49620,57.0990073560136
-5.42174,60,801.380628,False,False,0.037737552300553,31.394287735508204,49680,37.737552300553
-6.358952,60,804.287654,False,False,0.0260878754697684,52.34959247863917,49740,26.087875469768402
-6.924066,60,804.292656,False,False,0.0165604180019008,58.24030383762824,49800,16.5604180019008
-7.218174,60,804.418093,False,False,0.0041306095922674,63.875217972243775,49860,4.1306095922674
-6.027894,60,804.517097,False,False,0.0941331485116512,49.99530039966229,49920,94.1331485116512
-7.115561,60,807.363305,False,False,0.0153136782523813,71.08637469022726,49980,15.313678252381301
-6.1793,60,807.371298,False,False,0.0085027413695202,54.38896676183815,50040,8.5027413695202
-6.15163,60,807.493736,False,False,0.0199675255015978,46.899602475933314,50100,19.9675255015978
-5.513225,60,807.598741,False,False,0.0394540846065772,45.06264626327216,50160,39.4540846065772
-5.829874,60,811.298783,False,False,0.0383717727028153,35.81046730588691,50220,38.3717727028153
-5.921721,60,811.298784,False,False,0.0340477415305028,48.18517670423726,50280,34.0477415305028
-5.746528,60,811.427217,False,False,0.0548473469312465,51.2494977549609,50340,54.8473469312465
-5.891287,60,811.526225,False,False,0.0681912622485967,52.44511257873793,50400,68.1912622485967
-5.447254,60,814.489572,False,False,0.022396833523182,37.05751414210649,50460,22.396833523182
-6.541498,60,814.491569,False,False,0.028323828341952,52.309134426623885,50520,28.323828341952
-5.523003,60,814.617009,False,False,0.0014767224749911,34.42476038966272,50580,1.4767224749911
-5.493423,60,814.71501,False,False,0.0436969505991491,46.412685536003536,50640,43.6969505991491
-5.750408,60,818.390153,False,False,0.0708407352113148,57.502414472456174,50700,70.84073521131481
-6.765378,60,818.394154,False,False,0.0444709864287311,47.54147881102572,50760,44.4709864287311
-6.378775,60,818.520591,False,False,0.026658147829056,68.51067052477879,50820,26.658147829056002
-7.107732,60,818.620599,False,False,0.0333901475412867,61.07667611861665,50880,33.3901475412867
-5.806723,60,821.680493,False,False,0.0635433045657583,57.04331800306342,50940,63.5433045657583
-6.033292,60,821.682518,False,False,0.0450695311033427,58.791428755268186,51000,45.0695311033427
-6.03678,60,821.806938,False,False,0.0530966220851783,47.82213738802231,51060,53.096622085178296
-6.320183,60,821.905937,False,False,0.0052234979530545,54.0491343996115,51120,5.223497953054499
-5.823207,60,825.527754,False,False,0.0079390646506484,58.44213413704836,51180,7.939064650648401
-5.82784,60,825.533751,False,False,0.0353800905910692,55.37292631058949,51240,35.380090591069205
-5.618462,60,825.657197,False,False,0.0140296684115373,48.74058217734651,51300,14.0296684115373
-6.693636,60,825.755186,False,False,0.0414343600683596,73.08252484407872,51360,41.4343600683596
-5.938791,60,828.67644,False,False,0.0150506478049289,66.99967590498329,51420,15.0506478049289
-7.084467,60,828.682429,False,False,0.004868175769839,70.95598315604296,51480,4.868175769839
-5.322186,60,828.80787,False,False,0.0176546528721608,46.204758558872896,51540,17.6546528721608
-5.944275,60,828.908875,False,False,0.0663248625210159,67.51181504174941,51600,66.3248625210159
-5.786222,60,832.496637,False,False,0.0558032010418667,57.33710847218788,51660,55.8032010418667
-5.992555,60,832.503641,False,False,0.0069543652483755,46.34097486490069,51720,6.954365248375501
-7.14796,60,832.629071,False,False,0.0462906114051576,46.50171674255822,51780,46.2906114051576
-5.762377,60,832.731082,False,False,0.084141952988919,33.440372978600394,51840,84.14195298891899
-5.829384,60,835.575804,False,False,0.0173552053342856,51.901437534412025,51900,17.3552053342856
-6.215459,60,835.577803,False,False,0.0378141441786932,64.17186960700212,51960,37.8141441786932
-6.068065,60,835.704251,False,False,0.0324656567158992,47.187256507643326,52020,32.46565671589919
-6.481756,60,835.804252,False,False,0.036089290193072,55.51152090429276,52080,36.089290193071996
-5.711435,60,839.372583,False,False,0.0044982926866841,73.3511678802714,52140,4.4982926866841
-6.690152,60,839.378577,False,False,0.0485064723463672,64.55557139492892,52200,48.506472346367204
-6.736106,60,839.502021,False,False,0.0098476408546872,54.00803655787425,52260,9.847640854687201
-6.547249,60,839.605023,False,False,0.0352520315194258,47.8187091776193,52320,35.2520315194258
-6.441546,60,842.471541,False,False,0.0589293649700454,56.77996595279588,52380,58.929364970045405
-6.005359,60,842.473538,False,False,0.0698804112270106,70.8228621006387,52440,69.8804112270106
-5.485081,60,842.596982,False,False,0.0397061128074046,61.00985294369311,52500,39.7061128074046
-5.494428,60,842.698983,False,False,0.0171335465426782,52.6132472114735,52560,17.1335465426782
-6.994465,60,846.463146,False,False,0.0389014746220976,35.32725787151934,52620,38.9014746220976
-6.976046,60,846.465149,False,False,0.0034206031953329,64.17214238565549,52680,3.4206031953329
-7.067085,60,846.588587,False,False,0.0298783944781226,36.63035258035087,52740,29.8783944781226
-7.028631,60,846.693591,False,False,0.0042474348515496,57.36159606315449,52800,4.247434851549601
-6.368917,60,849.632149,False,False,0.0082516997714794,59.617179200746186,52860,8.2516997714794
-5.486827,60,849.632621,False,False,0.034567393543761,52.76326453316423,52920,34.567393543761
-5.386027,60,849.757077,False,False,0.0293801542125573,53.87854502037042,52980,29.3801542125573
-7.199578,60,849.860591,False,False,0.0335218817914549,64.23455290132223,53040,33.521881791454895
-6.537361,60,853.663452,False,False,0.0012453804723738,60.72062000675344,53100,1.2453804723738
-6.325216,60,853.667452,False,False,0.019267908105585,41.6064696073353,53160,19.267908105585
-5.978708,60,853.783897,False,False,0.0688780187027112,57.76357939848904,53220,68.87801870271119
-5.820074,60,853.886899,False,False,0.0042086058334077,48.04026575103257,53280,4.208605833407701
-5.798335,60,856.725394,False,False,0.0731888128458981,64.3500784192506,53340,73.1888128458981
-6.998951,60,856.729395,False,False,0.0094614819470323,50.912995022778304,53400,9.4614819470323
-6.090925,60,856.853841,False,False,0.0358154989943087,65.9740460302819,53460,35.8154989943087
-6.538763,60,856.949841,False,False,0.007894989446255,56.90559779301618,53520,7.894989446255
-5.767059,60,859.954989,False,False,0.037052218542903,67.13420731312252,53580,37.052218542903
-7.302731,60,859.959989,False,False,0.0481327065234756,69.71190158161617,53640,48.1327065234756
-5.766854,60,860.08043,False,False,0.0536980852216202,61.610334542338805,53700,53.698085221620204
-7.545177,60,860.185433,False,False,0.016768867180178,71.47508669956976,53760,16.768867180178002
-6.559551,60,863.853347,False,False,0.0302362380030546,32.714229508676894,53820,30.236238003054602
-5.610288,60,863.856336,False,False,0.0281584176068036,40.11493863614213,53880,28.1584176068036
-7.517039,60,863.982777,False,True,0.0535907550089039,58.08950911180565,53940,53.590755008903905
-5.493581,60,864.079787,False,False,0.0081870623554195,47.21778456044712,54000,8.1870623554195
-6.054144,60,867.109306,False,False,0.0476674597493056,56.522453903797256,54060,47.6674597493056
-6.262283,60,867.115296,False,False,0.0425206199101789,61.86367098815119,54120,42.5206199101789
-5.95239,60,867.240736,False,False,0.0456291819729651,56.22897835678394,54180,45.6291819729651
-6.444844,60,867.341741,False,False,0.017011539851889,44.653567405240366,54240,17.011539851889
-5.909223,60,871.250751,False,False,0.0375805378828722,73.76969549143894,54300,37.5805378828722
-5.886021,60,871.257756,False,False,0.0697776425447406,41.62702886350638,54360,69.7776425447406
-6.877703,60,871.379191,False,False,0.0357342650474636,61.70200743413128,54420,35.734265047463595
-5.923552,60,871.481191,False,False,0.0096475022889673,36.97689740405378,54480,9.647502288967301
-6.714163,60,874.312615,False,False,0.0464259461648036,51.66573657290581,54540,46.4259461648036
-6.317539,60,874.319603,False,False,0.0314237852354041,66.70372589107919,54600,31.4237852354041
-5.717443,60,874.443045,False,False,0.0481852182034972,53.73707181890523,54660,48.1852182034972
-5.819967,60,874.542053,False,False,0.0349825161192722,46.43541525941753,54720,34.982516119272205
-6.296622,60,878.233495,False,False,0.0398032512199908,53.40529589181638,54780,39.8032512199908
-6.16687,60,878.235492,False,False,0.0553621844766337,61.568934602409975,54840,55.3621844766337
-6.105729,60,878.361932,False,False,0.0045377436264859,61.90131489584915,54900,4.5377436264859
-6.05991,60,878.461937,False,False,0.0333532045430799,64.4652159309276,54960,33.3532045430799
-6.06755,60,881.473617,False,False,0.0535916243299983,87.31012798727755,55020,53.5916243299983
-7.477484,60,881.474615,False,False,0.0219779662814006,41.30894240075006,55080,21.977966281400597
-7.079132,60,881.601053,False,False,0.0480834993795021,71.20893002827181,55140,48.0834993795021
-6.085155,60,881.700062,False,False,0.0676455921405295,55.03879430550538,55200,67.6455921405295
-6.935545,60,886.731377,False,False,0.0691547310406974,38.27904300875491,55260,69.1547310406974
-5.700238,60,886.732374,False,False,0.0025401086192646,46.866053728692734,55320,2.5401086192645996
-6.654507,60,886.856815,False,False,0.0490222312623034,67.6233110626351,55380,49.0222312623034
-5.644561,60,886.95782,False,False,0.0500699667607818,39.62229581557175,55440,50.069966760781796
-6.060776,60,890.505274,False,False,0.059572503441822,71.3019031911412,55500,59.572503441822
-6.553748,60,890.505839,False,False,0.0373499063744557,36.35561410326601,55560,37.3499063744557
-6.716129,60,890.633276,False,False,0.0448577900261143,70.11099853991514,55620,44.8577900261143
-5.857788,60,890.734281,False,False,0.0405410021250482,35.327176762571504,55680,40.5410021250482
-6.666466,60,895.182721,False,False,0.0042421415842642,82.7901950636961,55740,4.2421415842642
-6.94434,60,895.184717,False,False,0.0207757929391961,39.38947746424752,55800,20.7757929391961
-5.678524,60,895.311154,False,False,0.0326621221745164,36.3033515283369,55860,32.662122174516405
-5.987046,60,895.411163,False,False,0.0536183981648764,59.14762018123023,55920,53.6183981648764
-5.930208,60,898.501711,False,False,0.0010875642290491,72.23965271745134,55980,1.0875642290491
-5.720758,60,898.504705,False,False,0.0527918724558656,77.13398927661271,56040,52.7918724558656
-5.980472,60,898.625153,False,False,0.0338337209276979,55.14290576258008,56100,33.833720927697904
-6.020151,60,898.729154,False,False,0.0598781655430193,69.12476411558377,56160,59.8781655430193
-6.107717,60,902.513667,False,False,0.0096930459941876,56.95876269211914,56220,9.6930459941876
-6.184573,60,902.514671,False,False,0.0565704771032772,40.42717637275484,56280,56.5704771032772
-6.1595,60,902.635113,False,False,0.0641537902006988,42.770789806733525,56340,64.1537902006988
-6.781361,60,902.739112,False,True,0.0705097898817131,89.17996327517834,56400,70.50978988171309
-6.767522,60,905.730781,False,False,0.0481038659921352,85.5913660347858,56460,48.103865992135205
-5.814861,60,905.731768,False,False,0.0415441517566515,74.36855315344867,56520,41.5441517566515
-5.488992,60,905.859211,False,False,0.0241622955643882,76.8337056089977,56580,24.1622955643882
-6.450566,60,905.960216,False,False,0.0027086796669112,72.05594201105775,56640,2.7086796669112
-6.588451,60,909.921142,False,False,0.0172165195869519,64.25690560050407,56700,17.2165195869519
-5.388403,60,909.922136,False,False,0.0094616608659262,83.86576773984241,56760,9.4616608659262
-7.343194,60,910.048577,False,False,0.0185475684905657,74.97275908050767,56820,18.5475684905657
-6.151416,60,910.150578,False,False,0.0217219975399961,86.00370000622156,56880,21.7219975399961
-6.166332,60,913.261668,False,False,0.0361980803961463,70.41340300011666,56940,36.198080396146295
-6.08059,60,913.264667,False,False,0.0189126042349925,54.53908697922902,57000,18.9126042349925
-5.991457,60,913.391104,False,False,0.0251047914602337,76.92012706711542,57060,25.1047914602337
-5.634742,60,913.492108,False,False,0.0053630324531459,81.08166915311331,57120,5.3630324531459
-7.047792,60,917.628602,False,False,0.0357725955621245,57.17989489621712,57180,35.77259556212449
-6.957383,60,917.629603,False,False,0.0380895621672625,50.3777400801272,57240,38.0895621672625
-7.105786,60,917.756039,False,False,0.0474710299160626,65.8059215766145,57300,47.4710299160626
-7.221078,60,917.851042,False,False,0.0102001761732387,60.83589779087645,57360,10.200176173238699
-6.66288,60,920.768941,False,False,0.0542169908079019,57.60091266573938,57420,54.2169908079019
-6.288777,60,920.77193,False,True,0.049534714981013,69.53018662838817,57480,49.534714981013
-7.885366,60,920.899372,False,False,0.0639780624840081,61.14701812972227,57540,63.9780624840081
-6.625585,60,921.000376,False,False,0.012345338056635,75.486888547022,57600,12.345338056634999
-5.76076,60,923.984385,False,False,0.0536778585423556,65.7888328717207,57660,53.6778585423556
-7.15399,60,923.990383,False,False,0.0377375440758227,68.77615510770028,57720,37.7375440758227
-5.51751,60,924.118833,False,False,0.0079285490271754,84.6943824751231,57780,7.928549027175401
-5.951334,60,924.210838,False,False,0.0790343654486973,68.47026704093423,57840,79.0343654486973
-7.368775,60,927.94329,False,False,0.0203955694853927,66.24621627447046,57900,20.395569485392702
-5.869066,60,927.953281,False,False,0.0628055050451395,59.33556970325316,57960,62.8055050451395
-5.598986,60,928.070727,False,False,0.0024435893118992,67.05365498958928,58020,2.4435893118992
-7.095117,60,928.170728,False,False,0.0221555227902302,77.16655719856396,58080,22.1555227902302
-5.895304,60,931.203307,False,False,0.0653768066151561,79.26455455982796,58140,65.3768066151561
-6.671833,60,931.206313,False,False,0.0042674585587695,79.58410666971909,58200,4.2674585587695
-6.822748,60,931.330751,False,False,0.0102063451031806,78.73039165095868,58260,10.206345103180599
-6.029106,60,931.434755,False,False,0.0713573433714151,87.50166953818398,58320,71.3573433714151
-7.035566,60,935.306768,False,False,0.0365924569456783,57.9647445382998,58380,36.5924569456783
-5.841605,60,935.308765,False,False,0.0575712442493282,68.12560234895534,58440,57.571244249328196
-6.081199,60,935.435199,False,False,0.0569586522510455,78.24614515420244,58500,56.9586522510455
-7.490006,60,935.537204,False,False,0.0249618403108285,68.08990017522562,58560,24.9618403108285
-7.583467,60,938.512187,False,False,0.0380557678437122,76.66223133744089,58620,38.055767843712204
-5.430776,60,938.518177,False,False,0.0040389425768847,82.32670307469493,58680,4.0389425768847
-7.398848,60,938.64162,False,False,0.0411040967873176,71.51453264515773,58740,41.1040967873176
-5.893781,60,938.740629,False,False,0.0396390740463475,75.5194154462827,58800,39.639074046347496
-6.413557,60,942.611554,False,False,0.0743956396312348,86.05678426770915,58860,74.3956396312348
-6.077543,60,942.612553,False,False,0.042236723153255,73.73862891879311,58920,42.236723153255
-5.87027,60,942.737993,False,False,0.045180669188073,87.25118114045485,58980,45.180669188073004
-7.311718,60,942.838998,False,False,0.0473363069166422,81.36732183652816,59040,47.3363069166422
-7.341998,60,945.812473,False,False,0.0103548717611553,83.24013784229307,59100,10.3548717611553
-7.45077,60,945.817474,False,False,0.0117464020627546,83.6939327669847,59160,11.7464020627546
-7.677716,60,945.94091,False,False,0.0358111832332398,89.7293889374765,59220,35.8111832332398
-7.327766,60,946.040915,False,False,0.0384702422738121,73.70803588723062,59280,38.4702422738121
-5.879899,60,949.623339,False,False,0.0571331779075786,79.33324416438865,59340,57.133177907578606
-6.468591,60,949.628333,False,False,0.0555998741326757,81.00811410866906,59400,55.599874132675694
-6.580939,60,949.749781,False,False,0.0123916387909861,84.07066245062762,59460,12.3916387909861
-6.654393,60,949.847782,False,False,0.020650208914045,87.56784509033973,59520,20.650208914045
-5.857482,60,952.715739,False,False,0.0186941954818988,87.2856669245084,59580,18.6941954818988
-6.153344,60,952.716743,False,False,0.0582353555085247,71.67013237804426,59640,58.2353555085247
-6.37147,60,952.838188,False,True,0.0538628579512386,83.53368308725268,59700,53.8628579512386
-6.772869,60,952.943188,False,False,0.0215533910550171,83.45361408948102,59760,21.5533910550171
-7.334907,60,957.502824,False,False,0.044733015659961,85.60659791698788,59820,44.733015659961
-6.791486,60,957.502824,False,False,0.0624473030316501,61.18028131517295,59880,62.4473030316501
-6.339329,60,957.627266,False,True,0.0468137679168084,67.2403056884716,59940,46.8137679168084
-6.47508,60,957.727276,False,False,0.0190257748168471,86.73795733491446,60000,19.0257748168471
-6.415812,60,960.698578,False,False,0.0325883544539891,82.96007701339937,60060,32.588354453989105
-5.861375,60,960.698579,False,False,0.0596150895667606,71.65350184001838,60120,59.6150895667606
-5.827715,60,960.826015,False,False,0.0373244741630716,88.07081530136198,60180,37.3244741630716
-5.396762,60,960.926023,False,False,0.01296119051426,76.76815055562902,60240,12.96119051426
-6.176203,60,964.650309,False,False,0.0078203831658234,79.59771008396336,60300,7.8203831658234
-7.427647,60,964.654311,False,False,0.0251019148125465,85.6643643929883,60360,25.101914812546497
-6.140237,60,964.78174,False,False,0.0374641406479294,87.17057054998918,60420,37.4641406479294
-5.998552,60,964.882745,False,False,0.0747982314817296,76.13635667271578,60480,74.79823148172959
-5.94579,60,967.865082,False,False,0.0172330725852781,37.07229032756474,60540,17.233072585278098
-7.260893,60,967.868076,False,False,0.0366538141422913,71.70749306977973,60600,36.653814142291296
-6.242589,60,967.990528,False,False,0.0793274645939898,73.04034872386399,60660,79.3274645939898
-7.030438,60,968.094522,False,False,0.0166258251535329,64.46338562337462,60720,16.625825153532897
-6.957568,60,971.990448,False,False,0.0404246005251393,89.1396940237467,60780,40.4246005251393
-5.673149,60,971.992445,False,False,0.0272431333495885,80.44056172844839,60840,27.2431333495885
-6.707983,60,972.119882,False,False,0.0069098531805908,80.93768161550418,60900,6.9098531805908
-5.658987,60,972.220886,False,False,0.0383899630469742,78.02437601278724,60960,38.3899630469742
-6.687285,60,975.284823,False,False,0.0044809272541921,87.96312859264049,61020,4.4809272541921
-7.000369,60,975.29382,False,False,0.0136696866577774,72.55015131506714,61080,13.669686657777401
-6.537732,60,975.418259,False,False,0.0134523649116433,70.62828027956161,61140,13.4523649116433
-6.743945,60,975.513265,False,False,0.0310138950625973,78.12445454189042,61200,31.0138950625973
-6.091448,60,978.457066,False,False,0.0676848113095126,73.81576330758915,61260,67.6848113095126
-7.190077,60,978.464082,False,False,0.0335536969120006,62.67810913588127,61320,33.5536969120006
-6.885006,60,978.589523,False,False,0.0607346528928955,71.5005937958647,61380,60.734652892895504
-6.002494,60,978.687532,False,False,0.0026557771228352,62.88314108617083,61440,2.6557771228352003
-6.7772,60,982.542662,False,False,0.001485542560424,76.0023688079532,61500,1.485542560424
-6.92255,60,982.543645,False,False,0.0240989989367662,56.97508047477457,61560,24.0989989367662
-5.771008,60,982.669086,False,False,0.03641634192117,87.09326851694522,61620,36.41634192117
-5.89825,60,982.77409,False,False,0.0642855216623041,76.87821564667577,61680,64.28552166230409
-7.443297,60,985.784773,False,False,0.0294319484564827,83.25232623535982,61740,29.431948456482697
-6.560531,60,985.787774,False,False,0.0212782428594721,79.38996191722865,61800,21.2782428594721
-5.539744,60,985.914211,False,False,0.0204018915662221,62.82981775099276,61860,20.401891566222098
-5.83914,60,986.00922,False,False,0.0207794166397702,72.9833120267748,61920,20.7794166397702
-6.517598,60,989.827537,False,False,0.0415175884536649,79.05097312746078,61980,41.5175884536649
-5.641443,60,989.828537,False,False,0.0304526480173581,78.07320987374952,62040,30.4526480173581
-7.261333,60,989.953978,False,True,0.0019195177497472,87.70185737333944,62100,1.9195177497472
-6.970941,60,990.052991,False,False,0.0124067923307692,81.58505929560461,62160,12.4067923307692
-6.436097,60,993.111105,False,False,0.0654173131416828,88.82934317838046,62220,65.4173131416828
-5.507039,60,993.1161,False,False,0.016491788086112,85.04326244627538,62280,16.491788086112
-5.936638,60,993.241541,False,False,0.0321642441814421,73.66075805252484,62340,32.1642441814421
-6.495618,60,993.341546,False,True,0.0418009849903567,70.08241253726713,62400,41.800984990356696
-6.063743,60,997.103639,False,True,0.0122674238133239,81.09517342196925,62460,12.267423813323902
-6.012811,60,997.10763,False,False,0.1063443854434235,75.01994991727719,62520,106.3443854434235
-5.971429,60,997.235073,False,False,0.0566427578209363,84.93153147747806,62580,56.6427578209363
-6.367216,60,997.335075,False,False,0.0012672690465838,70.20839964069225,62640,1.2672690465838001
-7.120169,60,1000.390115,False,False,0.034050378867539,57.09775360048145,62700,34.050378867538996
-6.026,60,1000.394105,False,False,0.0776526449874928,78.08109876959422,62760,77.6526449874928
-6.089844,60,1000.520545,False,False,0.0420124336876828,61.72284881828253,62820,42.0124336876828
-6.107509,60,1000.621549,False,False,0.0937416630088944,86.64333982634302,62880,93.7416630088944
-7.842037,60,1004.428523,False,True,0.0157718922957908,73.12446650092627,62940,15.771892295790801
-6.784233,60,1004.428524,False,False,0.011624144829142,76.28707366713559,63000,11.624144829141999
-6.546086,60,1004.55596,False,True,0.0139726824927438,87.02415665704152,63060,13.9726824927438
-7.548672,60,1004.663961,False,False,0.0581383870510821,78.55061095263649,63120,58.1383870510821
-6.310975,60,1007.72719,False,False,0.0520168343458365,65.53985878182056,63180,52.0168343458365
-6.735135,60,1007.727194,False,True,0.0194759907905605,89.91840547886511,63240,19.475990790560502
-7.669377,60,1007.853625,False,False,0.0312578313509736,82.68376015192162,63300,31.257831350973596
-7.354153,60,1007.952631,False,False,0.0272013414709683,86.05414406532095,63360,27.2013414709683
-5.546411,60,1011.705777,False,False,0.0316495560968713,77.40253067096975,63420,31.649556096871297
-6.22564,60,1011.706063,False,False,0.019305398331605,88.37451906332049,63480,19.305398331604998
-6.142237,60,1011.831503,False,False,0.0058680824662405,75.17011800859265,63540,5.868082466240501
-5.649583,60,1011.930492,False,False,0.0459474645534631,76.57254417446784,63600,45.9474645534631
-7.4189,60,1014.914265,False,False,0.0260907268136388,86.02270524173527,63660,26.0907268136388
-7.182795,60,1014.914271,False,False,0.0207739894121754,87.26198615382822,63720,20.7739894121754
-6.154638,60,1015.043705,False,False,0.005723570476556,87.32997771335116,63780,5.7235704765560005
-6.920196,60,1015.146708,False,False,0.0061063718298837,89.67019211298535,63840,6.1063718298837
-5.438074,60,1019.055279,False,False,0.0195098449959604,86.6653375623452,63900,19.5098449959604
-5.762515,60,1019.056275,False,False,0.0227625152596079,89.10021831775039,63960,22.762515259607902
-6.57814,60,1019.180717,False,False,0.0161981572973764,84.96073377178318,64020,16.198157297376397
-5.469567,60,1019.284718,False,False,0.0124202969141157,74.97380427343865,64080,12.420296914115701
-7.296668,60,1022.256695,False,False,0.0202965915188592,86.4364322668667,64140,20.296591518859202
-7.724809,60,1022.259685,False,False,0.0435758155705876,76.83980565189886,64200,43.5758155705876
-7.525312,60,1022.384132,False,False,0.0362253958417692,85.8596206399095,64260,36.225395841769206
-5.941633,60,1022.484139,False,False,0.1073077715435609,84.94781998759505,64320,107.3077715435609
-5.799349,60,1026.317387,False,False,0.0685141236510378,81.00941002748192,64380,68.5141236510378
-5.620382,60,1026.320371,False,False,0.0161921204201133,85.54561976913351,64440,16.192120420113298
-5.012531,60,1026.44382,False,False,0.0010176402968069,84.40107019914655,64500,1.0176402968069
-6.016481,60,1026.545829,False,False,0.0395652697850957,79.58845344126138,64560,39.565269785095694
-7.162093,60,1029.885585,False,False,0.015349800808843,84.10505815479584,64620,15.349800808843
-5.77206,60,1029.88958,False,False,0.0458105255414449,81.43560283667343,64680,45.8105255414449
-5.940181,60,1030.013022,False,False,0.0535553245456926,83.19216334742633,64740,53.5553245456926
-6.255292,60,1030.115027,False,False,0.0581256170181277,82.9465014015571,64800,58.1256170181277
-7.28298,60,1034.016895,False,False,0.0482276350846751,87.5676345223103,64860,48.2276350846751
-6.640771,60,1034.026889,False,False,0.0182072671844713,86.19460970728305,64920,18.2072671844713
-5.865175,60,1034.15133,False,False,0.0654125650604064,88.04019696138465,64980,65.4125650604064
-6.097011,60,1034.256332,False,False,0.0212815582017059,88.21394509967278,65040,21.281558201705902
-7.561793,60,1037.247533,False,True,0.012292841739893,87.33112475112638,65100,12.292841739893
-6.729868,60,1037.250525,False,False,0.0549706517907789,66.28440942917972,65160,54.9706517907789
-6.934329,60,1037.377967,False,False,0.0365630024222435,87.5049033062475,65220,36.5630024222435
-5.784837,60,1037.475975,False,False,0.0358887914353472,87.68146299744299,65280,35.8887914353472
-6.50857,60,1040.428534,False,False,0.0039278647532977,74.79601901401881,65340,3.9278647532977
-5.917914,60,1040.435527,False,False,0.0665074347250927,89.78286306962632,65400,66.5074347250927
-7.056102,60,1040.560968,False,False,0.0215438829226046,78.12212889674552,65460,21.5438829226046
-7.008267,60,1040.658977,False,True,0.0026132975289205,80.63764238330232,65520,2.6132975289205
-6.055149,60,1044.503694,False,False,0.1209662845817028,84.62143615012926,65580,120.96628458170281
-6.183056,60,1044.504699,False,False,0.0264690342410334,81.48874433466649,65640,26.469034241033402
-6.380303,60,1044.633131,False,False,0.0185705077161598,88.76923289112321,65700,18.570507716159803
-6.783308,60,1044.73014,False,False,0.0626772352183451,86.55853432856316,65760,62.6772352183451
-5.673292,60,1048.052899,False,False,0.0317070779632009,88.06729190729713,65820,31.707077963200902
-6.709386,60,1048.053905,False,False,0.0337735675112263,84.67190856577139,65880,33.773567511226304
-6.979803,60,1048.178339,False,False,0.0650331299062001,87.92402108577639,65940,65.0331299062001
-6.176766,60,1048.282346,False,False,0.030495546051217,88.48210380642404,66000,30.495546051217
-5.400358,60,1051.958142,False,False,0.0007642541662646,83.91818142333034,66060,0.7642541662646
-5.659774,60,1051.962139,False,False,0.0433588258687486,77.64326420447028,66120,43.358825868748596
-6.078581,60,1052.086582,False,False,0.0694288044808065,78.9534457242791,66180,69.4288044808065
-6.735561,60,1052.19258,False,False,0.0118252931640056,69.71719928271176,66240,11.8252931640056
-6.121746,60,1055.307394,False,False,0.0458054284560114,87.21103782620706,66300,45.8054284560114
-5.699047,60,1055.312393,False,False,0.0323885366480521,81.27508103623754,66360,32.3885366480521
-6.197976,60,1055.434831,False,False,0.0302305945427574,78.18343124953222,66420,30.2305945427574
-7.00211,60,1055.537834,False,False,0.041711316914584,82.54842205850022,66480,41.711316914583996
-5.324396,60,1059.858822,False,False,0.0049758531873097,81.09465176081575,66540,4.975853187309699
-7.144264,60,1059.859826,False,True,0.0117121030291862,83.85368056475632,66600,11.712103029186201
-5.957483,60,1059.986259,False,False,0.0791919311093857,89.05266315652123,66660,79.1919311093857
-6.21859,60,1060.084275,False,False,0.0555393663185078,71.55096246828217,66720,55.5393663185078
-5.607726,60,1063.417299,False,False,0.0212580235291875,78.4967954897713,66780,21.2580235291875
-6.363884,60,1063.422289,False,False,0.0228369740546767,84.12932311228828,66840,22.8369740546767
-5.776105,60,1063.548729,False,False,0.0759877309598379,80.88086944511436,66900,75.9877309598379
-5.524026,60,1063.648735,False,False,0.0228868696928682,81.83249257235924,66960,22.886869692868203
-5.813992,60,1067.811145,False,False,0.031934992592178,84.6535721008337,67020,31.934992592178002
-5.949598,60,1067.812152,False,False,0.0451085223435258,89.44011872657788,67080,45.108522343525806
-7.679765,60,1067.942584,False,False,0.0234651988124039,81.83460926222976,67140,23.4651988124039
-5.874257,60,1068.043588,False,False,0.0848305688876836,86.78118504840147,67200,84.8305688876836
-7.131181,60,1071.067098,False,False,0.0128691354882844,79.10415727240593,67260,12.8691354882844
-7.15442,60,1071.071081,False,False,0.015837565701401,83.9161523645242,67320,15.837565701401001
-7.48027,60,1071.195523,False,True,0.0211260104776519,78.49631443580193,67380,21.126010477651903
-6.958611,60,1071.296528,False,False,0.0288191185449946,81.10682972968043,67440,28.8191185449946
-7.069697,60,1075.633047,False,False,0.0198959277678467,88.53559025425724,67500,19.8959277678467
-6.259847,60,1075.633491,False,False,0.0150775561157171,76.17307689335185,67560,15.0775561157171
-7.297936,60,1075.758931,False,False,0.035853993873494,88.37245920794942,67620,35.853993873494
-7.341262,60,1075.857937,False,False,0.0260511403075992,84.42392339612958,67680,26.0511403075992
-5.611457,60,1078.95328,False,False,0.0245449035098069,80.04437530861847,67740,24.5449035098069
-7.07442,60,1078.955276,False,False,0.0244065887664499,80.98918519715323,67800,24.4065887664499
-5.882013,60,1079.082712,False,False,0.0076309794113847,85.2128556610481,67860,7.6309794113847005
-6.62806,60,1079.183717,False,False,0.0498252971824231,81.32774385077273,67920,49.8252971824231
-5.905918,60,1083.201699,False,False,0.0277577764907108,84.2936218542077,67980,27.7577764907108
-5.79477,60,1083.203696,False,False,0.0382714224937751,88.62873272765165,68040,38.2714224937751
-5.368179,60,1083.327505,False,False,0.0044905264221059,86.32982307556398,68100,4.4905264221059
-6.396907,60,1083.47405,False,False,0.0097031640700002,87.18121072853374,68160,9.7031640700002
-6.350886,60,1086.566641,False,False,0.047444229972624,81.30080066548338,68220,47.444229972624
-5.713435,60,1086.579629,False,False,0.0047589677328231,76.77590310224402,68280,4.7589677328231
-6.053759,60,1086.701073,False,False,0.0844896550779892,87.61974572508556,68340,84.4896550779892
-6.930078,60,1086.79808,False,False,0.0247288278335611,86.06449944495371,68400,24.728827833561102
-5.910319,60,1090.718361,False,False,0.0352951873816676,86.64530046945106,68460,35.295187381667596
-5.839674,60,1090.721356,False,False,0.0535080512990025,83.24570221991786,68520,53.508051299002496
-6.725341,60,1090.84779,False,False,0.033027122723756,81.33027933973796,68580,33.027122723756
-5.532063,60,1090.950795,False,False,0.0058677032572659,84.4598092976813,68640,5.8677032572659
-7.537531,60,1094.238198,False,False,0.0134596548859698,87.63048808027223,68700,13.459654885969801
-6.727169,60,1094.242193,False,True,0.0717041067908559,88.53180881381654,68760,71.7041067908559
-6.603511,60,1094.366639,False,False,0.0559371393021455,78.43102156087082,68820,55.937139302145496
-7.425039,60,1094.463649,False,False,0.0257711615993995,83.86241465249628,68880,25.7711615993995
-5.759813,60,1097.553473,False,False,0.0582171180299648,73.652936180684,68940,58.2171180299648
-6.756627,60,1097.558468,False,False,0.0095344729925026,86.85936985747014,69000,9.5344729925026
-7.818683,60,1097.68191,False,False,0.03340634580284,78.44312608918703,69060,33.40634580284
-6.15359,60,1097.778913,False,False,0.0143663972931691,86.32439141862422,69120,14.366397293169099
-6.758124,60,1101.586508,False,False,0.0218967962400398,86.16529587292875,69180,21.8967962400398
-6.092392,60,1101.590502,False,False,0.0478258244683847,89.40726425882957,69240,47.8258244683847
-6.075509,60,1101.708946,False,False,0.0874338272126284,79.25764219632705,69300,87.4338272126284
-6.557723,60,1101.81495,False,True,0.1461181908183606,89.50262546238532,69360,146.1181908183606
-6.102722,60,1104.860254,False,False,0.0786520036947774,80.97979470658673,69420,78.6520036947774
-6.718265,60,1104.862251,False,False,0.0352447977765001,86.68943220987951,69480,35.2447977765001
-6.781228,60,1104.985697,False,True,0.022302424686335,83.41961085938111,69540,22.302424686335
-5.873103,60,1105.081702,False,False,0.0265339954994156,83.72994783446836,69600,26.5339954994156
-6.415801,60,1109.261189,False,False,0.0407716852695978,87.86397179791979,69660,40.771685269597796
-6.116603,60,1109.265176,False,False,0.0529730474755545,81.60743060791617,69720,52.9730474755545
-6.597119,60,1109.384641,False,True,0.117325089255919,89.78149573519917,69780,117.325089255919
-6.325688,60,1109.488602,False,False,0.0482535964600553,86.3318001616941,69840,48.2535964600553
-6.012246,60,1112.492814,False,False,0.0781709827524158,80.7707125337427,69900,78.1709827524158
-5.629376,60,1112.49481,False,False,0.0114220688883362,88.2226133628038,69960,11.4220688883362
-6.464451,60,1112.616251,False,False,0.0247716410489586,85.88644988403226,70020,24.771641048958603
-7.469879,60,1112.719258,False,False,0.0305006995218041,84.60565862473626,70080,30.500699521804098
-7.73154,60,1116.674376,False,True,0.0284559764271379,88.08976342069315,70140,28.455976427137898
-7.093707,60,1116.681363,False,False,0.0034791062999573,80.65148240031975,70200,3.4791062999573
-5.999195,60,1116.803809,False,False,0.0768620604977706,88.49253564298063,70260,76.8620604977706
-6.001287,60,1116.903809,False,False,0.0361352693427246,88.9630954234134,70320,36.135269342724605
-6.139335,60,1119.966238,False,False,0.1209819195700177,87.34006040005417,70380,120.98191957001771
-5.778167,60,1119.969232,False,False,0.0178697673205832,82.06993838605995,70440,17.8697673205832
-6.514775,60,1120.097673,False,True,0.1119217861430741,79.99705599962192,70500,111.9217861430741
-7.270137,60,1120.196677,False,False,0.0115503390971954,81.99045981974237,70560,11.550339097195401
-6.690956,60,1124.278987,False,False,0.0061272343213898,76.71766248450443,70620,6.1272343213898
-6.410969,60,1124.280975,False,False,0.0293797606779151,88.41761044475342,70680,29.3797606779151
-5.932231,60,1124.405417,False,False,0.0541228626347309,85.28000495742008,70740,54.1228626347309
-6.486229,60,1124.505432,False,False,0.0540782642821609,68.97656097477874,70800,54.0782642821609
-6.844972,60,1127.472749,False,True,0.0202527104078994,80.80597644693178,70860,20.2527104078994
-6.409676,60,1127.475759,False,False,0.0063239478991537,89.88274933279645,70920,6.3239478991537
-6.924402,60,1127.602189,False,True,0.0102436348431352,69.26218417098734,70980,10.243634843135201
-6.525373,60,1127.6952,False,True,0.0642888388993575,88.57165472870511,71040,64.2888388993575
-7.289559,60,1131.477036,False,False,0.02186438816702,79.07461278740557,71100,21.86438816702
-6.522379,60,1131.482029,False,False,0.0238488723994146,74.01479686049052,71160,23.8488723994146
-7.321172,60,1131.606468,False,False,0.0110965227765099,89.08274453248646,71220,11.0965227765099
-7.549344,60,1131.71147,False,False,0.0494624031718133,83.75189853629674,71280,49.4624031718133
-7.348245,60,1134.697532,False,False,0.0448603469144697,82.67604908556902,71340,44.860346914469694
-6.079222,60,1134.69853,False,False,0.060319059080134,84.31264901605175,71400,60.319059080134
-6.102623,60,1134.826967,False,False,0.0911539520135853,85.15096245308075,71460,91.1539520135853
-6.401023,60,1134.927971,False,False,0.0580502889052628,85.83725666136426,71520,58.0502889052628
-5.880391,60,1138.498544,False,False,0.0291229920947368,80.51731596571445,71580,29.122992094736798
-7.144002,60,1138.50054,False,False,0.0308296661745741,67.02276204218224,71640,30.8296661745741
-6.49946,60,1138.626982,False,False,0.0331887521131881,81.4986110220361,71700,33.1887521131881
-5.782485,60,1138.726986,False,False,0.0235470259736204,87.245146148676,71760,23.5470259736204
-6.38161,60,1141.611962,False,False,0.0208585432744344,87.00743622229975,71820,20.8585432744344
-6.182453,60,1141.623982,False,False,0.0584353342202582,80.0576488163825,71880,58.4353342202582
-6.750479,60,1141.748416,False,False,0.055875640569063,77.98532481518926,71940,55.875640569063
-6.961396,60,1141.846412,False,False,0.0088801595182807,84.57188735373643,72000,8.8801595182807
-6.190147,60,1145.533792,False,False,0.0823926487806498,84.46194538021436,72060,82.3926487806498
-7.054993,60,1145.540787,False,True,0.0563350921086646,81.82426090468448,72120,56.335092108664604
-6.117584,60,1145.669224,False,False,0.0155989390624168,78.0389955728159,72180,15.5989390624168
-7.625236,60,1145.765234,False,False,0.0278139917819356,87.08198073030596,72240,27.8139917819356
-7.226608,60,1148.737675,False,False,0.0081787966340224,85.34461907414581,72300,8.1787966340224
-6.575764,60,1148.739671,False,False,0.0193394366449468,75.72157603491866,72360,19.339436644946797
-6.517858,60,1148.865112,False,False,0.0060300982624321,79.15870710941296,72420,6.0300982624321
-6.683961,60,1148.963116,False,False,0.0310897647011447,89.59913551850507,72480,31.0897647011447
-6.00764,60,1153.037322,False,False,0.0474756306249853,75.45715262902392,72540,47.4756306249853
-6.991173,60,1153.037324,False,False,0.0396713220716948,69.6489680448073,72600,39.671322071694796
-6.585529,60,1153.162763,False,False,0.0527579579045809,83.5736268120641,72660,52.7579579045809
-6.049094,60,1153.262764,False,False,0.0551857322989629,75.52555162777743,72720,55.1857322989629
-6.091134,60,1156.218141,False,False,0.0538706362893961,72.06642010617632,72780,53.870636289396096
-6.24146,60,1156.22514,False,False,0.0651780656597598,82.65739442074725,72840,65.1780656597598
-6.502426,60,1156.349581,False,False,0.0456312745088413,74.98982038455779,72900,45.6312745088413
-6.828975,60,1156.449592,False,False,0.0181920998442407,80.41859071816796,72960,18.1920998442407
-6.088413,60,1159.317291,False,False,0.0431729910287153,78.9003268690329,73020,43.1729910287153
-6.311832,60,1159.325282,False,False,0.0581249431162358,85.76779855431161,73080,58.1249431162358
-6.083309,60,1159.449727,False,False,0.0534639935628622,83.76046189848464,73140,53.4639935628622
-6.666842,60,1159.547727,False,False,0.0182315214281427,83.6060387477255,73200,18.2315214281427
-6.821418,60,1163.222438,False,True,0.007240435208967,89.1212535793083,73260,7.240435208967
-6.906282,60,1163.225429,False,False,0.0142100521018306,76.62281083476095,73320,14.2100521018306
-5.871844,60,1163.348876,False,False,0.0707540511888,87.02261958419213,73380,70.7540511888
-6.217331,60,1163.447879,False,True,0.0358003104890463,84.5831791477407,73440,35.800310489046296
-6.415702,60,1166.383453,False,False,0.0334772966809678,84.22743854005073,73500,33.4772966809678
-6.98681,60,1166.386449,False,True,0.0171172050499981,82.82947946754268,73560,17.1172050499981
-6.612781,60,1166.511886,False,False,0.0237491393839603,85.0568415909207,73620,23.7491393839603
-6.842449,60,1166.612891,False,False,0.0188582599325409,89.88217124419018,73680,18.8582599325409
-7.803453,60,1170.235281,False,False,0.0348540172052029,81.23667730513158,73740,34.8540172052029
-5.736486,60,1170.240273,False,False,0.0583469293716415,84.07570923160527,73800,58.3469293716415
-5.67379,60,1170.364713,False,False,0.0400801364490526,88.57674129218364,73860,40.0801364490526
-6.121082,60,1170.465718,False,False,0.0548230279384066,80.38823677908907,73920,54.8230279384066
-6.474421,60,1173.385999,False,False,0.0152565520507829,87.34142216655012,73980,15.2565520507829
-7.356146,60,1173.389988,False,False,0.015625796695818,59.93241880852496,74040,15.625796695818002
-6.89695,60,1173.515428,False,False,0.0015644972328799,77.75765046617421,74100,1.5644972328799
-6.354674,60,1173.616433,False,False,0.0640374159282344,77.66636681406021,74160,64.03741592823441
-6.732023,60,1177.253853,False,False,0.0086715312610277,85.51932254319057,74220,8.671531261027699
-7.335843,60,1177.262844,False,False,0.0370383871597257,79.65334696184485,74280,37.038387159725694
-7.636327,60,1177.388284,False,False,0.0237639039176201,83.27248359927762,74340,23.7639039176201
-5.893568,60,1177.492293,False,False,0.0421047018564511,86.01432153436008,74400,42.1047018564511
-6.33455,60,1180.47946,False,False,0.0591412296395441,88.44526037148671,74460,59.1412296395441
-6.054297,60,1180.484443,False,False,0.0781656622614932,81.77755116754203,74520,78.1656622614932
-5.973182,60,1180.607887,False,False,0.0190775527023958,84.13864625268403,74580,19.0775527023958
-6.413949,60,1180.710889,False,False,0.0494955459624954,89.72409162823169,74640,49.4955459624954
-6.031644,60,1184.615646,False,False,0.157445841414286,89.93947040147643,74700,157.445841414286
-6.111259,60,1184.615647,False,False,0.0670985427774318,85.55141872068167,74760,67.0985427774318
-7.421939,60,1184.740085,False,False,0.014608397856766,89.4545316340743,74820,14.608397856766
-6.598196,60,1184.84109,False,False,0.0485064789845033,86.41110895653284,74880,48.506478984503296
-7.002013,60,1187.765422,False,False,0.0355808625109627,86.75028973963441,74940,35.5808625109627
-6.216179,60,1187.769426,False,False,0.0633446046563399,89.09741066262131,75000,63.3446046563399
-6.009489,60,1187.895859,False,False,0.009775293834609,80.61701225120436,75060,9.775293834609
-7.51512,60,1188.000858,False,False,0.0167237880680625,88.84777703225899,75120,16.7237880680625
-6.03835,60,1191.622146,False,False,0.0330876627838875,75.83715758711445,75180,33.0876627838875
-5.984059,60,1191.626152,False,False,0.0640855298156632,79.70292119590466,75240,64.08552981566321
-5.934325,60,1191.753589,False,False,0.0878601856863106,82.95822912641071,75300,87.8601856863106
-6.430323,60,1191.854594,False,False,0.0161342708063795,79.51243474599822,75360,16.1342708063795
-6.124916,60,1194.773796,False,False,0.0519115776597091,58.23389312875997,75420,51.9115776597091
-7.114516,60,1194.777786,False,False,0.0211491610221317,84.69186732689924,75480,21.1491610221317
-6.41163,60,1194.901233,False,False,0.0512131170061591,65.34592082019752,75540,51.2131170061591
-6.065889,60,1194.997233,False,False,0.1089762339621202,83.47357041825569,75600,108.97623396212019
-5.922837,60,1198.874715,False,False,0.0388268251998155,87.85320192001049,75660,38.8268251998155
-6.063178,60,1198.876711,False,False,0.0395356359721817,67.48759529809675,75720,39.5356359721817
-6.776455,60,1199.001153,False,False,0.0292487380889592,72.81951825579605,75780,29.2487380889592
-6.128428,60,1199.104157,False,False,0.0736988446771047,77.57557005185319,75840,73.6988446771047
-6.259561,60,1202.308539,False,False,0.0074975409513239,77.78922732448247,75900,7.4975409513239
-6.019504,60,1202.310536,False,True,0.0197267111784858,79.06253611310251,75960,19.7267111784858
-7.720743,60,1202.432982,False,False,0.0313643127375745,87.7170099607328,76020,31.3643127375745
-6.070366,60,1202.532982,False,False,0.0250207750721965,75.60544879918446,76080,25.0207750721965
-7.021567,60,1206.383265,False,False,0.0190560573845742,86.32936834271943,76140,19.0560573845742
-6.163821,60,1206.386261,False,False,0.0123804404722452,66.78681378065536,76200,12.380440472245201
-6.388704,60,1206.513705,False,False,0.038417772503644,75.48295845721466,76260,38.417772503643995
-5.993802,60,1206.609713,False,False,0.0080576261206921,83.95738239581057,76320,8.0576261206921
-7.442709,60,1209.671154,False,False,0.0225922634244052,89.85754177679797,76380,22.5922634244052
-6.898979,60,1209.677145,False,False,0.0182939161191938,89.0822396504043,76440,18.293916119193803
-7.39002,60,1209.800597,False,False,0.0245013273158307,74.95523422153386,76500,24.5013273158307
-6.644524,60,1209.903591,False,False,0.0518326024376899,79.0633080617302,76560,51.8326024376899
-6.665681,60,1213.06027,False,False,0.0634532653497926,66.10450514736544,76620,63.45326534979261
-7.106298,60,1213.061267,False,False,0.0224455489064428,75.44710387633185,76680,22.4455489064428
-6.160407,60,1213.185706,False,False,0.081126209742358,87.00474819619335,76740,81.126209742358
-6.81061,60,1213.289711,False,False,0.0209506379606651,85.07107458865222,76800,20.9506379606651
-5.634387,60,1217.148333,False,False,0.0182511583474992,78.9789691659278,76860,18.2511583474992
-6.13507,60,1217.148338,False,False,0.0615001001973597,80.91299148532902,76920,61.5001001973597
-8.088214,60,1217.275775,False,True,0.0249164938577534,83.99636094933183,76980,24.9164938577534
-6.420706,60,1217.374779,False,False,0.0169874796530332,74.54040999532737,77040,16.9874796530332
-6.446671,60,1220.160536,False,False,0.0246856411029936,89.34700621312875,77100,24.6856411029936
-7.198197,60,1220.16354,False,False,0.0084440341541855,74.92092606152426,77160,8.4440341541855
-7.23965,60,1220.289976,False,False,0.0200716405624577,65.90423739037983,77220,20.0716405624577
-7.164189,60,1220.383978,False,False,0.0247335137278888,79.75018088561576,77280,24.7335137278888
-5.930764,60,1223.969173,False,False,0.0169418042705517,87.79104927313186,77340,16.9418042705517
-5.840223,60,1223.972158,False,False,0.0708613081209646,76.59577748785996,77400,70.8613081209646
-6.849914,60,1224.098601,False,True,0.061555775664895,69.38099090978389,77460,61.555775664895
-7.105218,60,1224.196609,False,False,0.0094775186426764,79.16654303131357,77520,9.4775186426764
-6.249366,60,1227.046618,False,False,0.0314930661522374,84.71489015020649,77580,31.493066152237404
-6.034566,60,1227.049626,False,False,0.0606063352026436,79.80950021197903,77640,60.6063352026436
-6.164761,60,1227.175065,False,False,0.0418017594131528,69.58704436250333,77700,41.801759413152794
-7.488215,60,1227.275073,False,False,0.0307630210319413,85.96613101251805,77760,30.7630210319413
-6.079613,60,1231.045393,False,False,0.0776475181958794,79.09469196323917,77820,77.6475181958794
-5.761207,60,1231.048387,False,False,0.0020773094984847,89.75655191144895,77880,2.0773094984847
-6.238457,60,1231.17283,False,False,0.0434844939766422,84.83374266337657,77940,43.4844939766422
-6.640886,60,1231.272835,False,False,0.0407470918350403,88.16360928761158,78000,40.7470918350403
-5.185649,60,1234.044275,False,False,0.0014690926733235,83.39378230826424,78060,1.4690926733235
-5.743815,60,1234.048294,False,False,0.0005528476679321,89.6413006190338,78120,0.5528476679321
-5.945609,60,1234.173735,False,False,0.062041336126897,69.09114702307215,78180,62.041336126897
-6.174453,60,1234.273716,False,False,0.0555889758744014,79.53350418377858,78240,55.5889758744014
-6.033198,60,1237.856638,False,False,0.0894751094069833,65.93394498818776,78300,89.47510940698331
-6.55373,60,1237.864639,False,False,0.0164877664161024,89.01009730646855,78360,16.4877664161024
-5.864499,60,1237.977083,False,False,0.0700735736780426,77.05498032778411,78420,70.07357367804259
-6.68174,60,1238.08508,False,False,0.0251507753967782,78.5971676779247,78480,25.1507753967782
-6.05974,60,1240.940558,False,False,0.0392379041272204,82.62280748660132,78540,39.237904127220396
-6.643274,60,1240.943551,False,False,0.043991837076046,78.04448080529836,78600,43.991837076046004
-6.546318,60,1241.069993,False,False,0.0617781330884114,86.12523734755712,78660,61.7781330884114
-6.109663,60,1241.170998,False,False,0.075602492559289,75.95579450862789,78720,75.602492559289
-5.907488,60,1245.004361,False,False,0.0793247671449567,80.13601598527033,78780,79.32476714495671
-6.898344,60,1245.005364,False,True,0.0104475754799361,89.31919746953463,78840,10.4475754799361
-5.74924,60,1245.130804,False,False,0.0709907954049161,69.35875868558745,78900,70.9907954049161
-6.041123,60,1245.229815,False,False,0.0070389144179778,66.63577099046756,78960,7.0389144179778
-5.911994,60,1248.085265,False,False,0.0367186478626975,89.00949527292067,79020,36.718647862697495
-7.531269,60,1248.085268,False,False,0.0371417893824261,75.29393603262638,79080,37.1417893824261
-5.780395,60,1248.211704,False,False,0.0056132020191144,79.96208757558578,79140,5.613202019114399
-5.906488,60,1248.31371,False,False,0.0833843336080291,77.31850677631495,79200,83.38433360802911
-6.362241,60,1251.988122,False,False,0.0661012283606205,83.46331893323391,79260,66.10122836062051
-7.304256,60,1251.995123,False,False,0.0213808789491093,86.50576461589985,79320,21.380878949109302
-6.080816,60,1252.116565,False,False,0.0507371982257502,67.39305296103669,79380,50.7371982257502
-6.826378,60,1252.215564,False,False,0.0471919602596613,74.94790919586367,79440,47.1919602596613
-7.464394,60,1255.168854,False,False,0.0359460216510923,86.03096083344282,79500,35.9460216510923
-6.41195,60,1255.16985,False,False,0.0196136977768264,85.01020132395956,79560,19.613697776826402
-6.511391,60,1255.298291,False,False,0.0408318388486107,83.4370898005177,79620,40.8318388486107
-6.552272,60,1255.395299,False,False,0.0289590533295535,76.65908654040855,79680,28.9590533295535
-7.072622,60,1259.115088,False,False,0.0493846824308693,83.88943219090118,79740,49.3846824308693
-6.177219,60,1259.117085,False,False,0.0237334944722768,72.90171216538363,79800,23.7334944722768
-6.111813,60,1259.239526,False,False,0.1111006343327638,78.26491412795612,79860,111.1006343327638
-7.484596,60,1259.342534,False,False,0.0429843816512486,87.26768471932101,79920,42.9843816512486
-5.969177,60,1262.239888,False,False,0.04126296816175,85.65571798507042,79980,41.26296816175
-5.858437,60,1262.247883,False,False,0.0437641706634813,84.41169327296976,80040,43.7641706634813
-7.169769,60,1262.375321,False,False,0.0128737451982621,77.2660387709366,80100,12.8737451982621
-7.105926,60,1262.476326,False,False,0.0524077296878226,84.94356648300833,80160,52.407729687822595
-6.910288,60,1266.115869,False,True,0.0194510416147675,85.09005756002135,80220,19.4510416147675
-6.022163,60,1266.122535,False,False,0.0771425327959965,87.08054574376007,80280,77.1425327959965
-6.948227,60,1266.243306,False,False,0.0281830425102707,88.74412194067759,80340,28.1830425102707
-6.009748,60,1266.345309,False,False,0.0147535275777995,80.0440569100582,80400,14.7535275777995
-6.860808,60,1269.21705,False,True,0.0204998081110912,82.16750601542245,80460,20.4998081110912
-6.559403,60,1269.219054,False,False,0.050690709601533,87.76159694050092,80520,50.690709601532994
-7.342168,60,1269.350487,False,False,0.0374469651243901,89.53967468031487,80580,37.446965124390104
-5.79676,60,1269.450493,False,False,0.0101058762424224,72.42039552566318,80640,10.105876242422399
-7.180448,60,1272.376923,False,False,0.0180289953433555,72.72111010391136,80700,18.0289953433555
-6.141974,60,1272.38091,False,False,0.000885551211709,83.71875307662089,80760,0.885551211709
-6.325976,60,1272.50436,False,False,0.0274018202290722,89.83906692393211,80820,27.4018202290722
-6.045416,60,1272.606359,False,False,0.0388359992578841,83.27317561031055,80880,38.8359992578841
-6.036385,60,1276.421702,False,False,0.0418136712135689,76.9680188886366,80940,41.8136712135689
-5.848456,60,1276.428696,False,False,0.028471124900209,72.94867269073924,81000,28.471124900209002
-6.152965,60,1276.548139,False,False,0.0401787158186849,85.69454969205871,81060,40.1787158186849
-6.071227,60,1276.649144,False,False,0.0618616685320795,84.05202920762989,81120,61.8616685320795
-6.356849,60,1279.674061,False,False,0.0426394187477244,71.58922415501208,81180,42.6394187477244
-7.57976,60,1279.677054,False,False,0.0226124594369193,85.75172169245434,81240,22.612459436919302
-5.877556,60,1279.803494,False,False,0.0756449491573362,88.9837056213903,81300,75.6449491573362
-5.993272,60,1279.904499,False,False,0.0316226842808247,78.30021274974929,81360,31.622684280824704
-5.199251,60,1283.714427,False,False,0.0154313615744985,78.60562882901053,81420,15.4313615744985
-7.092727,60,1283.716424,False,False,0.0326060456523581,78.77291317655342,81480,32.6060456523581
-6.604625,60,1283.844866,False,False,0.0347512734598369,88.18602850869098,81540,34.751273459836895
-6.068162,60,1283.947865,False,False,0.0066853143875323,89.79185425659588,81600,6.6853143875323005
-6.884758,60,1286.968549,False,True,0.0432491787333043,76.06165952291494,81660,43.2491787333043
-6.021889,60,1286.970545,False,False,0.0076210627196301,84.0284450120835,81720,7.6210627196301
-5.956876,60,1287.097978,False,False,0.0065153606400552,83.30643116442226,81780,6.5153606400552
-6.05943,60,1287.19699,False,False,0.0886168222035349,84.92151954443142,81840,88.6168222035349
-7.029285,60,1291.283256,False,False,0.0174698051534545,89.92501800840895,81900,17.4698051534545
-5.733044,60,1291.284254,False,False,0.0142011992709988,87.01852456721029,81960,14.2011992709988
-7.068752,60,1291.409694,False,False,0.0426937643874028,87.80719555797927,82020,42.6937643874028
-5.512708,60,1291.509705,False,False,0.007250571487031,86.98199802620584,82080,7.250571487030999
-6.560243,60,1294.508127,False,False,0.020331739641887,82.43807079950706,82140,20.331739641887
-5.506222,60,1294.512129,False,False,0.0213784295095222,87.78332838071641,82200,21.3784295095222
-5.64747,60,1294.636571,False,False,0.0419107236010558,82.97569410242066,82260,41.9107236010558
-6.015756,60,1294.735571,False,False,0.0656227328175119,78.10820342255349,82320,65.62273281751189
-6.78991,60,1298.528681,False,False,0.030868068511562,80.23998752802895,82380,30.868068511562
-6.694915,60,1298.531676,False,False,0.0346674443686673,88.46972059363789,82440,34.6674443686673
-6.624225,60,1298.655116,False,False,0.0200216691547707,87.21943572257194,82500,20.0216691547707
-6.936207,60,1298.759126,False,False,0.001323648294365,70.5220560515092,82560,1.323648294365
-6.216122,60,1301.812318,False,False,0.0468224207197994,85.60417714746312,82620,46.822420719799396
-7.000997,60,1301.814315,False,False,0.0256721248003855,63.53088452884264,82680,25.672124800385497
-6.187867,60,1301.941757,False,False,0.0381573238470376,88.5548996474063,82740,38.1573238470376
-6.430764,60,1302.04076,False,False,0.0118027573843537,79.70947182056777,82800,11.8027573843537
-5.872522,60,1306.073687,False,False,0.0565977111004638,65.45978317052331,82860,56.5977111004638
-6.189776,60,1306.073687,False,False,0.0105365588102442,85.58262537884515,82920,10.5365588102442
-5.956238,60,1306.199127,False,False,0.0468802957589585,89.55089161061598,82980,46.8802957589585
-6.16825,60,1306.300132,False,False,0.0176870424097643,84.24843142632422,83040,17.6870424097643
-6.24052,60,1309.242271,False,False,0.0355375878356252,89.73930671280624,83100,35.5375878356252
-5.397898,60,1309.244274,False,False,0.005128848523963,57.56289199634196,83160,5.128848523963
-6.990545,60,1309.371711,False,False,0.0700130283534042,79.52437057011848,83220,70.0130283534042
-7.175019,60,1309.470721,False,False,0.0366027992545837,79.1642587299954,83280,36.6027992545837
-6.494213,60,1313.097631,False,True,0.0108068856772837,74.22926748351787,83340,10.8068856772837
-6.196299,60,1313.101626,False,False,0.0589118556491458,81.84217908725557,83400,58.9118556491458
-6.475788,60,1313.225069,False,True,0.1084389270064163,72.40647298777301,83460,108.43892700641631
-7.192987,60,1313.327073,False,False,0.0231509445496869,83.62234330442509,83520,23.1509445496869
-5.945157,60,1316.342179,False,False,0.0515529274879343,86.23054068907314,83580,51.552927487934305
-6.446693,60,1316.342185,False,False,0.0137756561339367,77.99392853110686,83640,13.7756561339367
-6.875345,60,1316.467626,False,False,0.0590897135977386,76.68509079881495,83700,59.089713597738594
-6.841825,60,1316.56863,False,False,0.0133304011649989,88.32638108112747,83760,13.3304011649989
-5.778953,60,1320.291421,False,False,0.0704895617299404,89.27720692839013,83820,70.4895617299404
-6.339181,60,1320.297417,False,False,0.029340601519849,89.59514859381986,83880,29.340601519849002
-5.763436,60,1320.420858,False,False,0.0391992091117414,82.97944780067336,83940,39.199209111741396
-6.71794,60,1320.524858,False,False,0.0395806464719912,72.90838457788983,84000,39.5806464719912
-6.28518,60,1323.363672,False,False,0.0149629138266748,89.01062814044437,84060,14.9629138266748
-6.647161,60,1323.372661,False,False,0.056609229297919,84.54288102631148,84120,56.609229297919
-7.147491,60,1323.494106,False,False,0.0344383999785269,86.73354893935299,84180,34.4383999785269
-7.563794,60,1323.598109,False,False,0.040289815354443,78.3572712462453,84240,40.289815354443
-6.706727,60,1326.519966,False,False,0.0157212720957788,62.89071014770867,84300,15.721272095778799
-5.980426,60,1326.524959,False,False,0.0017973346249657,85.81382341396284,84360,1.7973346249656998
-7.330917,60,1326.6494,False,False,0.0309597031500812,79.95983179060825,84420,30.9597031500812
-5.924229,60,1326.743411,False,False,0.0080791617687928,88.8411570814822,84480,8.0791617687928
-5.860014,60,1331.350281,False,False,0.0435795034506983,66.6306260379346,84540,43.5795034506983
-5.680983,60,1331.356965,False,False,0.0032775712782579,80.7991685448832,84600,3.2775712782579003
-6.121156,60,1331.478718,False,False,0.0379664270475281,89.6637174114529,84660,37.9664270475281
-6.493551,60,1331.577728,False,False,0.0617203375267279,83.88242432766071,84720,61.720337526727896
-6.250828,60,1335.614872,False,False,0.0052342350424881,64.63927290982402,84780,5.2342350424881
-7.233238,60,1335.616868,False,False,0.0168089448054125,70.03982596932973,84840,16.8089448054125
-7.465384,60,1335.748763,False,False,0.0322948899367349,73.10023317108998,84900,32.2948899367349
-6.20054,60,1335.850789,False,False,0.044397247770526,79.36107000922631,84960,44.397247770526
-6.942141,60,1340.504003,False,False,0.0231510533728188,83.76110884874406,85020,23.1510533728188
-6.433167,60,1340.505001,False,False,0.046052695225002,68.57329795551605,85080,46.052695225002
-6.841499,60,1340.634444,False,False,0.0329423877318655,89.45078934679329,85140,32.9423877318655
-6.347943,60,1340.729447,False,False,0.0009979830628418,72.4384891260189,85200,0.9979830628417999
-6.920805,60,1344.120651,False,False,0.0556467040835123,87.99100345332084,85260,55.6467040835123
-6.013313,60,1344.121658,False,False,0.0473036197218815,87.04784536893736,85320,47.303619721881496
-7.230051,60,1344.24509,False,False,0.0327519388856767,89.09998201824712,85380,32.7519388856767
-7.398,60,1344.344096,False,False,0.0478001029092009,83.58534518098158,85440,47.8001029092009
-7.386056,60,1348.276631,False,False,0.0326287460950376,80.40078629688153,85500,32.628746095037606
-6.153237,60,1348.278637,False,False,0.0032187434369327,88.19438388048754,85560,3.2187434369327
-5.871793,60,1348.402072,False,False,0.0364897701266486,82.75096574233262,85620,36.4897701266486
-5.671191,60,1348.505078,False,False,0.0503126434232394,80.38815610864161,85680,50.3126434232394
-6.694056,60,1351.639143,False,False,0.0301211012140582,83.4588468730602,85740,30.1211012140582
-6.74444,60,1351.639148,False,False,0.022605791929622,82.06062621278652,85800,22.605791929622
-6.752583,60,1351.765576,False,False,0.0162885868356052,80.75874994633652,85860,16.2885868356052
-7.07823,60,1351.868585,False,False,0.0357556449382259,82.39759342102802,85920,35.755644938225906
-6.678185,60,1355.784845,False,False,0.0013639809731094,86.90297476306716,85980,1.3639809731094
-6.280768,60,1355.786842,False,False,0.005383937278863,79.5219279266654,86040,5.383937278863
-7.153469,60,1355.914283,False,False,0.0136993286197715,84.16407030612673,86100,13.6993286197715
-5.944422,60,1356.020273,False,False,0.0481469828465068,89.77326378186764,86160,48.1469828465068
-6.128768,60,1359.579477,False,False,0.0409758491887062,70.07946884413111,86220,40.9758491887062
-5.872229,60,1359.58548,False,False,0.0367354382075426,81.86711424230111,86280,36.7354382075426
-6.54994,60,1359.703915,False,False,0.0108638566635336,85.77284958756921,86340,10.8638566635336
-6.02214,60,1359.807925,False,False,0.0434691536074301,79.87040984841157,86400,43.4691536074301
-6.723272,60,1363.764215,False,False,0.0645398388652636,83.9983788000537,86460,64.5398388652636
-7.214081,60,1363.765481,False,False,0.0128904393584884,89.11261793722132,86520,12.8904393584884
-6.177094,60,1363.893919,False,False,0.011558357116224,88.87053103970842,86580,11.558357116223998
-7.457604,60,1363.991924,False,False,0.0195143065898267,87.94742233814759,86640,19.5143065898267
-6.694007,60,1367.023538,False,False,0.036329184686448,83.470054797978,86700,36.329184686448
-6.967293,60,1367.025534,False,False,0.0519644528687986,88.27565531838682,86760,51.964452868798595
-6.784839,60,1367.151978,False,False,0.0321047222541536,79.31028689975372,86820,32.1047222541536
-6.006601,60,1367.254976,False,False,0.068056546970917,82.90911756394314,86880,68.056546970917
-6.191183,60,1370.991854,False,False,0.0214464979157431,84.03932158445735,86940,21.4464979157431
-5.584396,60,1370.993851,False,False,0.0317202285525649,73.28736296588727,87000,31.7202285525649
-7.183665,60,1371.120286,False,False,0.0087737572391626,67.42547555335878,87060,8.773757239162599
-6.521893,60,1371.217293,False,False,0.0495624055192574,88.4458162495601,87120,49.562405519257396
-6.566808,60,1374.123696,False,False,0.0195463383430986,89.09841144842873,87180,19.5463383430986
-5.941115,60,1374.123709,False,False,0.04410826608574,83.36522503305908,87240,44.10826608574
-5.883051,60,1374.251133,False,False,0.0427304457706211,86.21979006989324,87300,42.7304457706211
-6.187478,60,1374.34815,False,False,0.0214324380496931,88.93649633544737,87360,21.432438049693097
-6.036869,60,1378.181851,False,False,0.0168353678135695,72.0704347472287,87420,16.8353678135695
-6.594474,60,1378.186836,False,False,0.0091423105984811,70.59581674777613,87480,9.142310598481101
-6.04037,60,1378.308277,False,False,0.1080850091000632,83.50050689511944,87540,108.0850091000632
-7.611757,60,1378.411286,False,False,0.0264524683006352,76.6834314608917,87600,26.4524683006352
-7.112289,60,1381.999996,False,False,0.0478873682488885,86.90802832630607,87660,47.8873682488885
-5.827454,60,1382.002989,False,False,0.0643739827306985,71.76955889344437,87720,64.3739827306985
-5.539109,60,1382.126437,False,False,0.0032125577220644,80.23153116825246,87780,3.2125577220644
-5.321596,60,1382.226437,False,False,0.0048629858484362,84.21565477647111,87840,4.8629858484362
-7.726819,60,1385.946972,False,False,0.0332320348375455,71.11605706472999,87900,33.2320348375455
-6.277934,60,1385.946973,False,False,0.0489524835477509,68.85661507488273,87960,48.9524835477509
-6.556859,60,1386.066411,False,False,0.0085032243865651,72.3478478424731,88020,8.5032243865651
-6.782574,60,1386.17142,False,False,0.0226009800586611,87.09443465065947,88080,22.6009800586611
-5.852842,60,1389.231311,False,False,0.0518921140001388,69.5278136412385,88140,51.892114000138804
-6.224466,60,1389.231314,False,False,0.0683600161583947,83.00582966112869,88200,68.3600161583947
-6.893633,60,1389.358751,False,False,0.0277135758066063,88.27333551446148,88260,27.7135758066063
-6.770966,60,1389.457756,False,False,0.0504354497217512,85.59118998414378,88320,50.4354497217512
-6.00234,60,1392.456359,False,False,0.0344377908480237,84.94946939534748,88380,34.4377908480237
-6.725784,60,1392.464351,False,False,0.0152139803604,71.59060609461422,88440,15.2139803604
-6.310721,60,1392.582797,False,False,0.0202724964462684,86.42320571808395,88500,20.272496446268402
-5.538558,60,1392.683802,False,False,0.0093374073935835,84.37118866135634,88560,9.3374073935835
-6.195452,60,1396.559316,False,False,0.0758665016330525,85.02986161588457,88620,75.86650163305251
-7.435365,60,1396.560322,False,False,0.0342889927985275,81.1053624710189,88680,34.288992798527495
-6.741143,60,1396.687759,False,False,0.0119037654147671,80.79836700516574,88740,11.903765414767099
-6.047295,60,1396.778761,False,False,0.1084363048728904,77.33918019895282,88800,108.43630487289039
-7.244196,60,1399.74712,False,False,0.0326023446165659,81.88288611762877,88860,32.6023446165659
-6.118441,60,1399.750116,False,False,0.0144071690663421,66.6371661171276,88920,14.4071690663421
-6.487317,60,1399.872564,False,False,0.0470155149233948,89.68252084582468,88980,47.0155149233948
-6.132318,60,1399.972564,False,False,0.0365514296620161,80.93162498107571,89040,36.5514296620161
-7.581657,60,1403.756481,False,False,0.0161370626948718,70.45852423664999,89100,16.1370626948718
-5.685945,60,1403.762481,False,False,0.038416150903617,86.35779693763627,89160,38.416150903616995
-6.406604,60,1403.886924,False,False,0.0607394122749181,76.84440776940033,89220,60.7394122749181
-7.045524,60,1403.991925,False,False,0.0020263363406818,69.22907077626718,89280,2.0263363406818002
-5.985193,60,1407.093112,False,False,0.0714259272641658,75.56669462495559,89340,71.42592726416581
-6.096577,60,1407.093113,False,False,0.0630852355398775,78.77592255024786,89400,63.085235539877495
-6.111316,60,1407.220549,False,False,0.0315304821652242,72.22663756388104,89460,31.5304821652242
-5.493126,60,1407.321554,False,False,0.015330809631493,65.13971853388014,89520,15.330809631492999
-6.167208,60,1411.114601,False,False,0.0767271592581735,75.51613718248342,89580,76.7271592581735
-7.187026,60,1411.121607,False,False,0.0497925064958488,86.87930123327844,89640,49.7925064958488
-6.74575,60,1411.24605,False,False,0.0279259562510706,86.86144271328943,89700,27.925956251070602
-7.074548,60,1411.341046,False,False,0.0214411545893793,89.84322971763183,89760,21.4411545893793
-5.992193,60,1414.999424,False,False,0.1085244327876249,70.59721178301007,89820,108.5244327876249
-6.0341,60,1415.003374,False,False,0.0700446796822965,87.06773281134865,89880,70.04467968229649
-6.467206,60,1415.134266,False,False,0.0304928171758712,75.92668921029357,89940,30.492817175871203
-5.927377,60,1415.228867,False,False,0.0593940552737075,73.42621042975493,90000,59.3940552737075
-6.545044,60,1419.639866,False,False,0.0491335457559935,79.88200013720717,90060,49.133545755993495
-7.323075,60,1419.641862,False,False,0.0526844351845249,84.82826971505776,90120,52.684435184524894
-6.155893,60,1419.767303,False,False,0.0419640480080041,76.89842626945745,90180,41.9640480080041
-6.50377,60,1419.8713,False,False,0.0265086075165533,72.27542894369887,90240,26.5086075165533
-6.67164,60,1422.9566,False,False,0.0046792915094019,73.1650382614533,90300,4.6792915094019
-6.705723,60,1422.958596,False,False,0.0448558844627696,89.49626732687405,90360,44.8558844627696
-6.028902,60,1423.086031,False,False,0.0705467042628839,79.2513762437012,90420,70.54670426288389
-6.441612,60,1423.186041,False,False,0.0050294306852274,65.30410276260399,90480,5.0294306852274
-6.176798,60,1427.240228,False,False,0.0624181241638121,81.50036606259779,90540,62.4181241638121
-5.864933,60,1427.242224,False,False,0.0464153499036866,67.27216458383482,90600,46.4153499036866
-6.555614,60,1427.369663,False,True,0.0949811800967424,87.93667384708458,90660,94.9811800967424
-5.718439,60,1427.466672,False,False,0.0032842131431459,75.88979549107756,90720,3.2842131431459
-6.401924,60,1430.458731,False,False,0.0086166685596715,67.95184198631745,90780,8.6166685596715
-6.023744,60,1430.463721,False,False,0.062721704659492,89.27907882201053,90840,62.721704659492005
-5.996126,60,1430.588167,False,False,0.1256380320804102,72.79902004561704,90900,125.63803208041018
-6.136298,60,1430.690166,False,False,0.0567970942070035,82.6498322451383,90960,56.7970942070035
-6.257962,60,1434.586626,False,False,0.0488852877335699,73.96059128375687,91020,48.885287733569896
-6.006475,60,1434.590615,False,False,0.0966296649732578,74.80040478694421,91080,96.6296649732578
-6.529235,60,1434.712064,False,False,0.0696188921337138,59.52642167193834,91140,69.6188921337138
-6.386741,60,1434.816061,False,False,0.0226043905126725,56.04428181546766,91200,22.6043905126725
-6.32796,60,1437.86278,False,False,0.0253191348997769,69.40609448029053,91260,25.3191348997769
-6.065118,60,1437.866774,False,False,0.0899998187818246,71.2479662589654,91320,89.9998187818246
-6.610456,60,1437.993214,False,False,0.0186028919993722,63.12423623155457,91380,18.6028919993722
-6.076218,60,1438.099215,False,False,0.0921452621808985,61.52383917854049,91440,92.1452621808985
-6.133939,60,1441.903291,False,False,0.0119171210700972,72.29284716753986,91500,11.917121070097199
-6.239795,60,1441.90429,False,False,0.0204371659406352,76.11242655363944,91560,20.437165940635197
-6.188449,60,1442.030729,False,False,0.0645464745671448,70.48009842199949,91620,64.5464745671448
-6.185445,60,1442.130735,False,False,0.0478144773576161,85.473289558694,91680,47.8144773576161
-6.918756,60,1444.982065,False,False,0.0418315577138894,75.92067450825938,91740,41.831557713889396
-6.113845,60,1444.983063,False,False,0.0100399219345163,61.70661909531618,91800,10.0399219345163
-7.014176,60,1445.1145,False,False,0.0011943596856707,49.74333707734363,91860,1.1943596856707
-6.145574,60,1445.211508,False,False,0.00398797139943,72.10235315810115,91920,3.98797139943
-6.05384,60,1448.231148,False,False,0.1017921960824634,89.71930950824796,91980,101.7921960824634
-6.024899,60,1448.232145,False,False,0.0489030579726664,72.99168937774432,92040,48.903057972666396
-6.194675,60,1448.359582,False,False,0.055983140483788,79.32424762127478,92100,55.983140483788006
-5.851224,60,1448.456589,False,False,0.0164121783627184,74.33996040004322,92160,16.4121783627184
-7.260652,60,1452.188846,False,False,0.0288327173596006,78.94976939808896,92220,28.8327173596006
-6.14984,60,1452.190843,False,False,0.0800605941626727,86.97729094302309,92280,80.0605941626727
-6.125887,60,1452.319284,False,False,0.0462069558840052,67.8748904782082,92340,46.206955884005204
-6.224012,60,1452.419289,False,False,0.002903906313881,77.84046466980406,92400,2.903906313881
-7.093301,60,1455.385278,False,False,0.0268267780780888,51.33306992161533,92460,26.826778078088797
-6.023548,60,1455.388265,False,False,0.0572134720652276,83.58422891089306,92520,57.213472065227606
-6.532294,60,1455.514702,False,False,0.0203909012116177,69.4136874119863,92580,20.3909012116177
-6.918329,60,1455.606724,False,False,0.0121699675070854,58.25798048939568,92640,12.1699675070854
-6.081021,60,1459.311204,False,False,0.0868399879148486,77.2320179025525,92700,86.83998791484859
-6.079201,60,1459.315197,False,False,0.0828926231368421,81.11015072555725,92760,82.8926231368421
-6.185994,60,1459.438641,False,False,0.0441184291771255,83.88567322786851,92820,44.1184291771255
-6.610891,60,1459.538646,False,False,0.034169041743194,54.86979416779933,92880,34.16904174319399
-7.041775,60,1462.407614,False,False,0.0450268282597159,71.19770609037478,92940,45.0268282597159
-5.764212,60,1462.410609,False,False,0.0449387909348447,81.68486835007222,93000,44.938790934844704
-6.418042,60,1462.530051,False,False,0.0499518699596062,67.48855194777555,93060,49.951869959606206
-7.665037,60,1462.632056,False,False,0.0509189779386706,61.30522894817546,93120,50.918977938670594
-6.133085,60,1467.382925,False,False,0.0600019350692373,88.29523050341943,93180,60.001935069237305
-6.261698,60,1467.385918,False,False,0.0350063410296258,77.96641698950788,93240,35.0063410296258
-5.90181,60,1467.510362,False,False,0.0382233699267236,73.23191938159613,93300,38.2233699267236
-6.204494,60,1467.611367,False,False,0.0768512767880255,86.51446358233478,93360,76.8512767880255
-6.18835,60,1471.040044,False,False,0.04834745024286,72.60494095991334,93420,48.347450242860006
-6.405726,60,1471.046656,False,False,0.0463898697488289,86.56237937182134,93480,46.3898697488289
-6.849548,60,1471.17048,False,False,0.039081353782331,79.88230202644915,93540,39.081353782331
-6.248101,60,1471.263477,False,False,0.0334519516897959,78.87153947691465,93600,33.451951689795905
-6.726808,60,1475.934779,False,False,0.0266467115823241,86.58179386217576,93660,26.646711582324098
-6.705588,60,1475.935762,False,False,0.0197646777928703,89.30463580587305,93720,19.764677792870298
-6.075554,60,1476.064211,False,False,0.0513843920784389,58.83590000485514,93780,51.3843920784389
-6.329959,60,1476.162208,False,False,0.0231199579804778,83.86105885063063,93840,23.1199579804778
-6.787849,60,1480.097639,False,False,0.0240478477320103,80.15019999536847,93900,24.0478477320103
-5.709122,60,1480.098637,False,False,0.0221468356658683,79.11741863452069,93960,22.146835665868302
-5.970481,60,1480.230076,False,False,0.0529748234871471,75.31969789046185,94020,52.9748234871471
-6.375176,60,1480.329076,False,False,0.0086162925981904,62.594796173476965,94080,8.6162925981904
-6.448638,60,1484.854068,False,False,0.0276475414701412,82.74614982012127,94140,27.647541470141203
-6.986752,60,1484.857065,False,False,0.0198053706913537,61.58613701066765,94200,19.805370691353698
-6.11399,60,1484.982506,False,False,0.0598096037476705,84.67267809563953,94260,59.8096037476705
-6.398648,60,1485.080523,False,False,0.0360633473835324,73.72475269434553,94320,36.0633473835324
-6.740163,60,1488.339015,False,False,0.0055739651501627,81.72417009464266,94380,5.5739651501627
-6.014704,60,1488.342005,False,False,0.0328295955202514,80.44007024086878,94440,32.8295955202514
-5.875335,60,1488.467446,False,False,0.0331891174468941,61.237736392325886,94500,33.1891174468941
-5.668564,60,1488.569452,False,False,0.0045958544503256,84.66688149367968,94560,4.5958544503256
-6.243373,60,1492.782647,False,False,0.0437025257604193,68.87338089512552,94620,43.702525760419306
-6.029098,60,1492.786642,False,False,0.055590771212241,85.3772146440028,94680,55.590771212241
-5.633104,60,1492.910084,False,False,0.0118147320690181,81.92884081328197,94740,11.8147320690181
-7.019046,60,1493.011089,False,False,0.0252077953245068,66.7024143239877,94800,25.2077953245068
-7.02619,60,1496.323074,False,False,0.0301751817707279,85.46377555640049,94860,30.1751817707279
-6.395912,60,1496.32507,False,False,0.0345980071288265,80.75346668114571,94920,34.598007128826495
-6.013577,60,1496.452748,False,False,0.0841456330430811,89.27379110012917,94980,84.1456330430811
-6.752036,60,1496.554074,False,False,0.0431866895686574,80.69461139343052,95040,43.1866895686574
-6.046997,60,1500.762069,False,False,0.016516354872299,73.40398037564246,95100,16.516354872299
-6.314491,60,1500.765096,False,False,0.0389489364332108,85.29863527874113,95160,38.9489364332108
-6.554185,60,1500.892526,False,False,0.0343707546881326,82.00084777394387,95220,34.3707546881326
-7.232328,60,1500.990511,False,False,0.0341313344729075,73.95057335628637,95280,34.1313344729075
-6.864319,60,1503.945949,False,False,0.003342371013318,82.43555452599163,95340,3.342371013318
-6.731863,60,1503.946958,False,False,0.0007253264446202,81.40160674693162,95400,0.7253264446202
-5.827061,60,1504.073386,False,False,0.0199078774479035,88.89293869449152,95460,19.9078774479035
-5.8724,60,1504.17139,False,False,0.0761356670420805,72.87314065399936,95520,76.1356670420805
-6.044897,60,1507.934292,False,False,0.0818453273632793,82.49982612383852,95580,81.84532736327931
-6.111395,60,1507.936289,False,False,0.0442803032541831,66.57864995493244,95640,44.280303254183096
-6.929249,60,1508.060741,False,False,0.0282853486715936,82.75931731243125,95700,28.2853486715936
-6.681091,60,1508.163735,False,False,0.0111311056472427,86.22893484270054,95760,11.131105647242698
-6.240709,60,1511.299047,False,False,0.0693021239362901,87.94200316958957,95820,69.30212393629009
-6.657123,60,1511.303042,False,False,0.0167310587051287,87.76749922956431,95880,16.7310587051287
-5.797858,60,1511.425485,False,False,0.0449515424509995,73.99930794846846,95940,44.9515424509995
-6.454552,60,1511.529488,False,False,0.0026496675800115,68.35150454499684,96000,2.6496675800114997
-6.012155,60,1515.132288,False,False,0.0967629589051935,89.65120052989259,96060,96.7629589051935
-5.90876,60,1515.134285,False,False,0.0501828145184072,85.33233342678169,96120,50.1828145184072
-6.036105,60,1515.262722,False,False,0.0089870828838615,88.68184539733144,96180,8.9870828838615
-6.868992,60,1515.361732,False,False,0.0289255396700736,80.71610467231494,96240,28.9255396700736
-5.986158,60,1519.207743,False,False,0.043298040338872,82.21181323217453,96300,43.298040338872006
-6.634606,60,1519.208748,False,False,0.0302050722183354,88.16851942802295,96360,30.205072218335403
-7.767678,60,1519.336185,False,True,0.0059158481081439,74.60273416512335,96420,5.9158481081439
-6.581225,60,1519.43719,False,False,0.0417274111268829,77.53193195410631,96480,41.7274111268829
-6.503081,60,1522.414843,False,False,0.0237834038210586,84.93667769373705,96540,23.783403821058602
-6.202521,60,1522.415842,False,False,0.0373458443336419,74.70870222668873,96600,37.3458443336419
-6.583339,60,1522.538295,False,False,0.0093201613296892,83.7602796651132,96660,9.3201613296892
-6.648843,60,1522.641287,False,False,0.0299812090855467,83.88140157867183,96720,29.9812090855467
-5.850318,60,1526.878143,False,False,0.0360388702185428,89.7969064550511,96780,36.038870218542804
-6.037061,60,1526.882138,False,False,0.0459888819550533,53.66457669333435,96840,45.9888819550533
-6.864557,60,1527.004586,False,False,0.0206110108880888,79.90551002174277,96900,20.6110108880888
-5.997979,60,1527.107591,False,False,0.0360171596666982,89.96682200529948,96960,36.0171596666982
-6.694608,60,1531.090942,False,False,0.0060784558633234,87.12257003987997,97020,6.078455863323399
-6.230247,60,1531.091933,False,False,0.0944077001860854,83.42986092423679,97080,94.40770018608539
-5.964007,60,1531.217386,False,False,0.0749658014576197,86.91304033783828,97140,74.9658014576197
-6.168828,60,1531.321374,False,False,0.0399092046051193,83.07299160634128,97200,39.9092046051193
-6.576909,60,1536.116912,False,False,0.0578621464581812,78.86957527403904,97260,57.8621464581812
-7.016217,60,1536.120903,False,False,0.0024081523016159,74.33033896868358,97320,2.4081523016159
-8.017924,60,1536.23031,False,True,0.0167905123268922,84.30656101285423,97380,16.790512326892202
-7.11885,60,1536.336321,False,False,0.0189814139211678,88.04839710995577,97440,18.9814139211678
-6.250902,60,1539.504966,False,False,0.013240354245716,82.40681824785297,97500,13.240354245716
-6.151236,60,1539.505968,False,False,0.0828862531005142,56.47764640790824,97560,82.8862531005142
-6.39054,60,1539.633405,False,False,0.0592878788199551,77.65141518661889,97620,59.2878788199551
-6.008934,60,1539.728414,False,False,0.0326566599162705,89.01165685937211,97680,32.6566599162705
-7.615465,60,1543.55167,False,False,0.0180380511370874,64.2766498145511,97740,18.0380511370874
-6.020611,60,1543.552669,False,False,0.0754131568938979,74.0168778289793,97800,75.41315689389789
-6.545544,60,1543.680109,False,False,0.0623853275251156,79.53085598323554,97860,62.3853275251156
-6.294622,60,1543.77611,False,False,0.0565533540901689,57.87683125934296,97920,56.5533540901689
-7.573862,60,1547.021082,False,False,0.0484205396891624,81.32311026389175,97980,48.420539689162396
-6.00976,60,1547.024082,False,False,0.1018911490777463,72.74252810737387,98040,101.89114907774629
-6.978923,60,1547.149518,False,False,0.0098644917168974,85.8791020580192,98100,9.864491716897401
-6.405625,60,1547.250523,False,False,0.0292271003016188,82.06817679152671,98160,29.227100301618798
-7.320522,60,1551.057538,False,False,0.0129074799353644,71.72059957166069,98220,12.9074799353644
-6.290479,60,1551.058532,False,False,0.0113082635588394,72.48333074910755,98280,11.308263558839402
-6.838416,60,1551.186963,False,False,0.0031056643914826,85.2991796515544,98340,3.1056643914826
-6.785893,60,1551.284991,False,False,0.0543774623219971,79.4452077312834,98400,54.3774623219971
-6.513526,60,1554.20198,False,False,0.0621926966554986,87.80338487166355,98460,62.1926966554986
-6.351701,60,1554.204979,False,False,0.0513896448854677,60.57746657832226,98520,51.389644885467696
-6.467979,60,1554.33541,False,False,0.0028081617406854,72.81801347689559,98580,2.8081617406854003
-6.230598,60,1554.43442,False,False,0.0260513647332225,86.10558911383939,98640,26.0513647332225
-6.012671,60,1559.072663,False,False,0.040301755903378,49.98449863829553,98700,40.301755903378
-6.060305,60,1559.079655,False,False,0.0251091916892187,74.79769125207162,98760,25.109191689218697
-7.415517,60,1559.205096,False,False,0.0262633333299946,70.43560686146274,98820,26.2633333299946
-6.099819,60,1559.301105,False,False,0.0184316562274933,69.29961530744396,98880,18.4316562274933
-6.220851,60,1562.30536,False,False,0.0824907796701148,87.7448135742859,98940,82.49077967011479
-5.96815,60,1562.308359,False,False,0.0564339396920847,86.84557791868671,99000,56.4339396920847
-6.197227,60,1562.428798,False,False,0.0718516542507118,77.58373926253392,99060,71.8516542507118
-7.523326,60,1562.535799,False,False,0.016805527688512,89.20179899767906,99120,16.805527688512
-6.404265,60,1566.580331,False,False,0.0158175944469905,65.99386731476518,99180,15.817594446990501
-6.175284,60,1566.580333,False,False,0.0477642084153254,69.3414538340653,99240,47.7642084153254
-6.236916,60,1566.706766,False,False,0.009179224210607,79.58206781837148,99300,9.179224210607
-6.884401,60,1566.808775,False,False,0.044586758971598,74.99315743665801,99360,44.586758971598
-6.25296,60,1569.777659,False,False,0.0028154537590771,82.81791785501761,99420,2.8154537590771
-7.085909,60,1569.781667,False,False,0.0010280994481495,70.65389598517757,99480,1.0280994481494998
-6.506198,60,1569.905111,False,False,0.0133844758502566,81.6512783145606,99540,13.3844758502566
-6.181617,60,1570.009101,False,False,0.0612563000560536,80.5048527532906,99600,61.2563000560536
-6.140082,60,1573.158606,False,False,0.0624261530781187,73.04896999100319,99660,62.426153078118695
-6.015254,60,1573.160602,False,False,0.0459789201982524,54.11311253788232,99720,45.9789201982524
-6.109602,60,1573.284054,False,False,0.0560664899474884,81.68821857775129,99780,56.0664899474884
-6.579821,60,1573.387048,False,True,0.0846680355527056,81.13987973955906,99840,84.6680355527056
-6.000477,60,1577.40798,False,False,0.0315348607876832,82.93124837081687,99900,31.5348607876832
-6.861994,60,1577.410975,False,False,0.0187071675693088,52.95284797699888,99960,18.7071675693088
-7.400633,60,1577.537427,False,False,0.0105361667600534,42.28047779650001,100020,10.5361667600534
-7.0469,60,1577.632427,False,False,0.0085281617945175,77.00711267969561,100080,8.5281617945175
-7.030741,60,1580.61555,False,False,0.0432682225861589,67.11020429122824,100140,43.2682225861589
-6.397018,60,1580.620548,False,False,0.0308209888553528,80.99934513905981,100200,30.820988855352798
-6.314498,60,1580.747977,False,False,0.009743615709275,67.6155574879593,100260,9.743615709275
-6.162182,60,1580.842993,False,False,0.0883176880049019,73.88922393077095,100320,88.31768800490191
-6.347949,60,1584.492813,False,False,0.0286414497835239,84.31733610067923,100380,28.6414497835239
-7.316996,60,1584.498806,False,False,0.0218873312609256,81.66247912927432,100440,21.8873312609256
-6.934228,60,1584.62025,False,False,0.0179962135975913,84.2336054843867,100500,17.9962135975913
-5.907779,60,1584.725251,False,False,0.0056808407614866,69.16687761049688,100560,5.6808407614866
-6.063182,60,1587.537328,False,False,0.0547098160911946,78.76401250519004,100620,54.709816091194604
-6.047039,60,1587.546317,False,False,0.0287241090634485,63.52393515689794,100680,28.724109063448502
-6.394465,60,1587.669756,False,False,0.0340485291477455,88.65993057571947,100740,34.0485291477455
-6.473126,60,1587.769773,False,False,0.0202917283213108,77.59155256815583,100800,20.2917283213108
-6.91982,60,1591.472106,False,False,0.014829940388107,82.93565442170902,100860,14.829940388107
-6.021575,60,1591.481105,False,False,0.0853318247645315,79.66384694225981,100920,85.33182476453149
-6.053675,60,1591.606546,False,False,0.0765991232385077,81.48983554659736,100980,76.5991232385077
-6.741228,60,1591.706547,False,False,0.0030068132051536,72.4348890133479,101040,3.0068132051536
-6.27195,60,1594.553799,False,False,0.0287057531261671,60.162893049785936,101100,28.705753126167103
-7.440493,60,1594.555796,False,False,0.0337416647339329,60.63920455169913,101160,33.7416647339329
-6.450079,60,1594.680237,False,False,0.022483095465155,82.84249223396681,101220,22.483095465155
-6.784184,60,1594.783238,False,False,0.0120463742156663,77.64998312051596,101280,12.0463742156663
-6.19982,60,1598.436935,False,False,0.0381826734034618,68.34222781001675,101340,38.1826734034618
-6.888034,60,1598.438932,False,False,0.016008334263753,80.25828500251423,101400,16.008334263753
-6.061894,60,1598.568376,False,False,0.087955318582378,64.88348110954419,101460,87.955318582378
-6.178304,60,1598.670381,False,False,0.0566745656375002,75.31199026618388,101520,56.6745656375002
-6.449269,60,1601.481094,False,False,0.0008106222366107,86.41565164790525,101580,0.8106222366107
-5.899179,60,1601.486079,False,False,0.0073997535477351,70.27199435887799,101640,7.3997535477350995
-7.408593,60,1601.609526,False,False,0.0364740034763552,68.59637152890257,101700,36.4740034763552
-6.043329,60,1601.710531,False,False,0.0632922070245469,85.0351846389834,101760,63.2922070245469
-7.077885,60,1605.417325,False,False,0.0010079724492929,57.17064060983449,101820,1.0079724492928999
-6.058874,60,1605.420319,False,False,0.0730006455178336,73.40920823892937,101880,73.0006455178336
-6.939236,60,1605.545759,False,False,0.0075265272617877,69.42321340998578,101940,7.5265272617877
-5.993252,60,1605.645767,False,False,0.0458069528100064,78.79299075894362,102000,45.8069528100064
-6.268848,60,1608.536931,False,False,0.0766932902867216,67.15232799636024,102060,76.6932902867216
-5.964424,60,1608.542923,False,False,0.0616279875071808,62.812084699529294,102120,61.6279875071808
-6.773754,60,1608.667369,False,False,0.0078474688454153,64.91472102152606,102180,7.8474688454153
-6.022361,60,1608.771372,False,False,0.117148876858232,63.45030637055141,102240,117.148876858232
-6.638685,60,1612.479743,False,False,0.0183120074130915,54.3298622805028,102300,18.3120074130915
-6.090994,60,1612.485739,False,False,0.0213656909600967,63.2866457844087,102360,21.3656909600967
-5.757153,60,1612.61018,False,False,0.0425902282417164,74.54929636228151,102420,42.590228241716396
-6.194961,60,1612.708185,False,False,0.0383634285104524,89.71659612236233,102480,38.3634285104524
-7.198594,60,1615.578568,False,True,0.0180841331290407,73.22549816208068,102540,18.0841331290407
-6.635868,60,1615.581565,False,True,0.0253644738182134,70.85114404168033,102600,25.364473818213398
-6.374616,60,1615.709003,False,False,0.0695299378828844,58.447206403493496,102660,69.52993788288441
-6.464907,60,1615.80701,False,False,0.0419401638788132,57.49825547435061,102720,41.9401638788132
-6.085869,60,1619.512299,False,False,0.0349584971413252,69.53531044549513,102780,34.958497141325196
-6.250154,60,1619.512301,False,False,0.014368613780637,68.1439323378634,102840,14.368613780637
-6.804904,60,1619.642727,False,False,0.0188574982475315,60.375115386865225,102900,18.8574982475315
-6.463351,60,1619.738744,False,False,0.0133043189123036,69.31256384937289,102960,13.3043189123036
-6.624512,60,1622.639183,False,False,0.0445429395140696,77.87993794930605,103020,44.5429395140696
-6.810749,60,1622.643187,False,False,0.0421202387897397,75.21892190070318,103080,42.1202387897397
-7.427822,60,1622.772623,False,False,0.0401201308624434,56.87454039797915,103140,40.120130862443396
-5.746559,60,1622.871632,False,False,0.0288745317954031,54.37581202899509,103200,28.8745317954031
-6.971789,60,1626.564506,False,False,0.0158882459800828,73.31368464459702,103260,15.888245980082798
-5.895391,60,1626.565505,False,False,0.0445569917003865,74.84024338926126,103320,44.556991700386504
-6.040934,60,1626.692942,False,False,0.0712334538750371,57.74685593074671,103380,71.2334538750371
-6.943608,60,1626.796943,False,False,0.0186467172179476,57.25120073512166,103440,18.6467172179476
-5.957943,60,1629.650694,False,False,0.0625168148534145,55.35602275520591,103500,62.516814853414495
-6.062389,60,1629.652691,False,False,0.0924715194244837,51.105121312898405,103560,92.4715194244837
-5.919807,60,1629.775134,False,False,0.0403614438874577,58.389006239382674,103620,40.3614438874577
-7.363034,60,1629.876139,False,False,0.014667389723245,80.43036850533733,103680,14.667389723245
-5.945537,60,1632.739263,False,False,0.0875005554098081,69.31308885860201,103740,87.5005554098081
-7.126195,60,1632.743251,False,True,0.0664490119642082,49.547203732647134,103800,66.4490119642082
-6.0533,60,1632.870689,False,False,0.0402183185274416,73.20933947594384,103860,40.2183185274416
-7.493726,60,1632.966707,False,False,0.0392470867281366,61.6347548292109,103920,39.2470867281366
-6.361825,60,1636.874665,False,False,0.0009336564450738,44.38341282213767,103980,0.9336564450738
-6.003748,60,1636.877664,False,False,0.086306802564186,60.912778941021394,104040,86.306802564186
-7.327725,60,1637.001103,False,False,0.0257482386874563,42.53051422501338,104100,25.7482386874563
-6.694568,60,1637.099112,False,False,0.0411353915466117,39.6253625416957,104160,41.1353915466117
-6.136481,60,1641.374429,False,False,0.0427866246654922,36.40718934863542,104220,42.7866246654922
-7.382903,60,1641.378443,False,False,0.0125753591628908,73.59718497116944,104280,12.5753591628908
-7.052553,60,1641.502872,False,False,0.0448898640836718,57.12386090717911,104340,44.8898640836718
-6.070952,60,1641.605882,False,False,0.0551429855820262,82.71815271276375,104400,55.1429855820262
-6.079396,60,1646.653513,False,False,0.0352737803349271,47.66959429149016,104460,35.273780334927096
-6.093932,60,1646.658512,False,False,0.0025409153363138,83.88459062019075,104520,2.5409153363138
-7.227758,60,1646.78095,False,False,0.0190080761914045,57.89640572225642,104580,19.0080761914045
-6.116769,60,1646.895952,False,False,0.0675073302599564,82.65349208517566,104640,67.50733025995639
-6.238191,60,1650.554082,False,False,0.0661338816161529,54.4448009014282,104700,66.13388161615289
-6.104952,60,1650.558084,False,False,0.0743899110242195,53.379356283758646,104760,74.3899110242195
-5.963836,60,1650.674963,False,False,0.0533684939935836,64.08474916049151,104820,53.3684939935836
-5.929504,60,1650.775968,False,False,0.0383973621693451,54.91175994357292,104880,38.3973621693451
-5.483964,60,1654.551662,False,False,0.0047590473354045,67.89441904310698,104940,4.7590473354044995
-6.258716,60,1654.554664,False,False,0.0517864680372381,76.39409977971795,105000,51.786468037238095
-6.867339,60,1654.682098,False,False,0.0200471906780128,79.94765896486996,105060,20.0471906780128
-6.692357,60,1654.782104,False,False,0.0692422000047263,77.72114686002082,105120,69.2422000047263
-6.01983,60,1657.884422,False,False,0.0896782905985313,85.5039065612187,105180,89.6782905985313
-6.382615,60,1657.886418,False,False,0.0497164107813501,62.48941600886705,105240,49.7164107813501
-6.156067,60,1658.008865,False,False,0.0567108059649902,82.8523938411956,105300,56.7108059649902
-7.704087,60,1658.107866,False,False,0.0331190394114452,81.31535119465102,105360,33.1190394114452
-6.859284,60,1662.005269,False,False,0.0193110920338793,56.66919215696045,105420,19.3110920338793
-5.980304,60,1662.009262,False,False,0.0892920235263343,79.59271361550937,105480,89.29202352633429
-6.209611,60,1662.129705,False,False,0.0931166352006593,85.16594393684034,105540,93.1166352006593
-5.710702,60,1662.229709,False,False,0.0009972572246363,77.21094125425469,105600,0.9972572246363001
-6.438709,60,1665.361241,False,False,0.0458564072019406,53.751270038380056,105660,45.8564072019406
-6.047374,60,1665.362236,False,False,0.1076517914918317,67.23581102903402,105720,107.6517914918317
-5.923258,60,1665.487677,False,False,0.0732934690538983,72.78701960773441,105780,73.2934690538983
-5.991152,60,1665.588682,False,False,0.1224075973185338,67.0578543299523,105840,122.4075973185338
-6.252438,60,1669.49962,False,False,0.0532856448974484,66.26824020260872,105900,53.2856448974484
-6.83842,60,1669.500604,False,False,0.0343515219643898,78.61750464259369,105960,34.3515219643898
-6.208168,60,1669.634031,False,False,0.0022282595748007,78.73595011552739,106020,2.2282595748007
-7.456612,60,1669.733046,False,False,0.0307368621286196,82.63491417708424,106080,30.736862128619602
-6.869961,60,1672.659724,False,False,0.0345552903137613,80.2007830552259,106140,34.5552903137613
-5.896443,60,1672.662718,False,False,0.0637035755197426,77.7880496187394,106200,63.70357551974259
-6.099709,60,1672.787162,False,False,0.0029739104849154,54.95827179837831,106260,2.9739104849154003
-7.16193,60,1672.889163,False,False,0.0247044416672051,73.61516429210009,106320,24.7044416672051
-5.965165,60,1676.570195,False,False,0.0750517661263253,55.79336957101791,106380,75.0517661263253
-6.373486,60,1676.572191,False,False,0.0225455486308235,77.61426045121739,106440,22.5455486308235
-6.127393,60,1676.697632,False,False,0.0789549261247335,75.41407677180887,106500,78.95492612473349
-6.475843,60,1676.792647,False,False,0.0166416778391835,68.4099412539032,106560,16.6416778391835
-6.751509,60,1679.69118,False,False,0.030669493102989,67.25901966716148,106620,30.669493102988998
-5.752891,60,1679.692177,False,False,0.0230192232995701,53.03249023284111,106680,23.0192232995701
-6.431002,60,1679.819614,False,True,0.0599436344383758,87.78002845219727,106740,59.943634438375796
-6.645907,60,1679.922617,False,False,0.0012703632776436,69.4122162711579,106800,1.2703632776436
-6.314107,60,1683.63622,False,False,0.0401140140496778,55.78457394988381,106860,40.1140140496778
-6.216501,60,1683.638229,False,False,0.0607074154431559,67.59303199941559,106920,60.7074154431559
-6.242514,60,1683.765666,False,False,0.0170055805916599,61.26205258172328,106980,17.0055805916599
-6.485367,60,1683.868661,False,False,0.0451879313395147,60.50254756939658,107040,45.187931339514705
-6.156623,60,1686.988095,False,False,0.0841023912951504,79.7688288663971,107100,84.1023912951504
-5.543265,60,1686.992088,False,False,0.0264041960686832,49.25699872636168,107160,26.4041960686832
-6.685544,60,1687.118523,False,False,0.0027289935210967,72.0208483214587,107220,2.7289935210967
-5.854024,60,1687.219528,False,False,0.0863347111872709,50.604130305095744,107280,86.3347111872709
-6.202749,60,1690.288785,False,False,0.0404722172456495,57.07385920308839,107340,40.472217245649496
-6.625753,60,1690.297779,False,False,0.0057670966247921,57.70061457240655,107400,5.7670966247921
-6.188339,60,1690.41822,False,False,0.0579325578722102,49.29034692856349,107460,57.932557872210204
-6.708552,60,1690.518225,False,False,0.0530875889635541,62.36663361683177,107520,53.087588963554104
-6.148204,60,1695.109147,False,False,0.0054485261961868,35.184544261558145,107580,5.4485261961867995
-6.522776,60,1695.110147,False,False,0.0522931921676713,72.62380699175523,107640,52.2931921676713
-5.788563,60,1695.234588,False,False,0.0344005238528096,55.20277764480074,107700,34.400523852809606
-6.569126,60,1695.33759,False,False,0.0035015603742361,64.64426210125356,107760,3.5015603742361
-7.127608,60,1698.988219,False,False,0.0423692021354631,84.47954375050274,107820,42.3692021354631
-5.966254,60,1698.990216,False,False,0.0270619661899939,52.30446764596644,107880,27.0619661899939
-7.188114,60,1699.115657,False,False,0.0379390502996698,55.19751458823538,107940,37.939050299669795
-5.693721,60,1699.217661,False,False,0.052660268473224,63.43694301808932,108000,52.660268473224
-5.574073,60,1703.50981,False,False,0.0077391734770801,61.86725439085318,108060,7.7391734770801
-5.730139,60,1703.515803,False,False,0.0771836166070559,46.457741374459445,108120,77.1836166070559
-6.168278,60,1703.638247,False,False,0.0487791483971112,56.82706727015832,108180,48.7791483971112
-6.212943,60,1703.733244,False,False,0.0135888317957409,47.63925714734659,108240,13.5888317957409
-7.095677,60,1707.077741,False,False,0.0080480366097118,52.875073338580606,108300,8.048036609711799
-7.135072,60,1707.080745,False,False,0.0027327904595863,47.40403510384319,108360,2.7327904595863
-6.934058,60,1707.205178,False,False,0.0035087762514228,45.1211688394799,108420,3.5087762514228
-6.918737,60,1707.309987,False,False,0.0053585631449382,70.23694565557564,108480,5.358563144938199
-5.945653,60,1712.247155,False,False,0.0463972756464345,55.65463848762992,108540,46.3972756464345
-6.044681,60,1712.250148,False,False,0.0583242417560903,61.19430977004799,108600,58.3242417560903
-5.989776,60,1712.373594,False,False,0.0445425071777619,84.16186159676663,108660,44.5425071777619
-6.742955,60,1712.475597,False,False,0.0344411944641509,86.27018030354363,108720,34.4411944641509
-7.238149,60,1715.962614,False,False,0.0121392433872931,67.13935367297682,108780,12.1392433872931
-6.62323,60,1715.967049,False,False,0.0055451351435564,73.02007176703567,108840,5.5451351435564
-5.833026,60,1716.09105,False,False,0.0628987419738088,45.955182773961205,108900,62.898741973808804
-6.312396,60,1716.200552,False,False,0.0228847175016172,53.66411626358209,108960,22.884717501617203
-6.127492,60,1720.730253,False,False,0.0293790163479981,60.78602720974829,109020,29.3790163479981
-7.617185,60,1720.731251,False,False,0.0494111708857548,62.63424149893643,109080,49.4111708857548
-6.097987,60,1720.858688,False,False,0.0531166010479903,66.60939453270062,109140,53.1166010479903
-6.647031,60,1720.959693,False,False,0.0127442366438085,47.360250588906325,109200,12.7442366438085
-6.131526,60,1724.038546,False,False,0.0215270287524412,67.57347476014264,109260,21.5270287524412
-6.254436,60,1724.039547,False,False,0.0383936554505468,58.50511198627948,109320,38.3936554505468
-5.789252,60,1724.167979,False,False,0.056378181777232,42.59766970902503,109380,56.378181777232
-5.91608,60,1724.268983,False,False,0.0750478872614717,51.34120016254974,109440,75.0478872614717
-5.923348,60,1728.289355,False,False,0.0742070258077518,86.79415861921495,109500,74.2070258077518
-5.319278,60,1728.294356,False,False,0.0046669774527338,63.85857928067839,109560,4.6669774527338
-5.78176,60,1728.420796,False,False,0.0771668103752232,50.78537186651895,109620,77.1668103752232
-6.032984,60,1728.520802,False,False,0.0337555799831578,51.41105368903298,109680,33.7555799831578
-5.905812,60,1731.351137,False,False,0.055791175632082,50.4318099677208,109740,55.791175632082
-6.748032,60,1731.358138,False,False,0.0133098581726523,51.65087330252189,109800,13.3098581726523
-6.471715,60,1731.486575,False,False,0.0505040299091271,57.88761842372728,109860,50.5040299091271
-6.214576,60,1731.577587,False,False,0.0407324902272666,69.69118744062425,109920,40.732490227266595
-5.81385,60,1736.234413,False,False,0.0026468197350983,65.0615084792624,109980,2.6468197350983
-6.134631,60,1736.238416,False,False,0.0490430516983952,50.49362308619253,110040,49.0430516983952
-5.985703,60,1736.364868,False,False,0.0457632263083589,38.92521262636448,110100,45.763226308358895
-5.613309,60,1736.476857,False,False,0.0313013460401743,53.54565088771496,110160,31.301346040174302
-5.249803,60,1740.195766,False,False,0.0060806900146106,48.3682264271383,110220,6.0806900146105995
-6.055065,60,1740.198028,False,False,0.0659839113318048,76.94022808297173,110280,65.9839113318048
-5.636289,60,1740.325465,False,False,0.0300931518678025,75.58492469633124,110340,30.093151867802497
-5.649094,60,1740.427476,False,False,0.0141267688656016,47.10824881538934,110400,14.126768865601601
-5.665154,60,1745.391641,False,False,0.0193243280082262,55.252675424521264,110460,19.3243280082262
-5.68452,60,1745.39664,False,False,0.0488645680930968,47.54054975493332,110520,48.8645680930968
-6.587852,60,1745.520082,False,False,0.0062223922567143,60.572571580425794,110580,6.222392256714301
-6.240155,60,1745.623085,False,False,0.0028599264771075,63.2634015826823,110640,2.8599264771075
-6.0131,60,1749.598949,False,False,0.0318296107823139,68.86462067826561,110700,31.829610782313903
-5.891059,60,1749.600938,False,False,0.0478172685362036,55.874586187609296,110760,47.8172685362036
-5.901631,60,1749.725371,False,False,0.0074941903226729,55.25292716897937,110820,7.4941903226729
-6.409068,60,1749.827387,False,False,0.0267789554709812,54.597545293634646,110880,26.7789554709812
-5.821821,60,1754.333941,False,False,0.0369988684522376,48.53697270296206,110940,36.9988684522376
-5.593484,60,1754.335938,False,False,0.0180584661835162,47.27449673456493,111000,18.058466183516202
-5.824266,60,1754.463393,False,False,0.0759174047223832,53.862736819442254,111060,75.9174047223832
-6.266422,60,1754.558141,False,False,0.0198350832616318,66.87177886815464,111120,19.835083261631798
-7.659554,60,1757.990352,False,False,0.0439697642683782,44.6587368330531,111180,43.969764268378206
-6.193146,60,1757.994306,False,False,0.0498063913128708,65.54241263844652,111240,49.806391312870794
-5.646708,60,1758.116268,False,False,0.024626646922621,56.72467336579192,111300,24.626646922621
-6.442023,60,1758.218794,False,False,0.034632933700674,68.23601092369371,111360,34.632933700674
-6.9011,60,1761.569724,False,False,0.0319615659000787,60.68970788026049,111420,31.961565900078703
-5.856174,60,1761.572716,False,False,0.0375961236198962,67.13756673026492,111480,37.5961236198962
-6.381216,60,1761.696163,False,False,0.0371989311406994,80.77202629715956,111540,37.1989311406994
-7.150356,60,1761.799162,False,False,0.020380215685781,43.91005109409504,111600,20.380215685781003
-7.684855,60,1765.904293,False,False,0.0370670619233028,59.80920684725809,111660,37.0670619233028
-5.89788,60,1765.904593,False,False,0.0076721232830528,45.09918713904015,111720,7.6721232830528
-6.390735,60,1766.027182,False,False,0.0060123760905925,44.22749706077195,111780,6.0123760905925
-6.692276,60,1766.129709,False,True,0.0090920386294257,47.93761538671842,111840,9.0920386294257
-6.675446,60,1769.853465,False,False,0.0479359663076842,59.358854901090446,111900,47.935966307684204
-7.152159,60,1769.853471,False,False,0.0404078430914623,59.39296057204946,111960,40.407843091462304
-5.815233,60,1769.980908,False,False,0.0163864399898599,52.29989694824113,112020,16.386439989859902
-5.866072,60,1770.082907,False,False,0.057016613365573,40.7899940754342,112080,57.016613365573
-6.057491,60,1774.533071,False,False,0.0243406311703059,38.93371282521036,112140,24.3406311703059
-6.62524,60,1774.536062,False,False,0.0087103054235566,61.775859215740894,112200,8.7103054235566
-7.546919,60,1774.658511,False,False,0.0210301992550385,60.22432343348651,112260,21.0301992550385
-5.415724,60,1774.761513,False,False,0.001997613985993,57.74141590736933,112320,1.997613985993
-5.652394,60,1778.291956,False,False,0.0160879285701492,30.66899782127823,112380,16.0879285701492
-5.689395,60,1778.292912,False,False,0.0403173184157592,32.619611200987,112440,40.3173184157592
-6.452042,60,1778.421751,False,False,0.0146709785629345,35.17618231958465,112500,14.6709785629345
-7.273652,60,1778.520408,False,False,0.020276381184617,53.82177164606094,112560,20.276381184616998
-5.66717,60,1783.308107,False,False,0.0306783854227113,49.68567690633347,112620,30.678385422711298
-7.05745,60,1783.309107,False,False,0.0656614798719308,52.76609832465987,112680,65.6614798719308
-5.627245,60,1783.434547,False,False,0.0242696778245707,48.36032477297971,112740,24.2696778245707
-6.050491,60,1783.558547,False,True,0.0421743557440107,43.15420683240626,112800,42.1743557440107
-7.400421,60,1787.104483,False,False,0.0252732838933551,47.565614352320296,112860,25.2732838933551
-5.898185,60,1787.106475,False,False,0.0084012717513293,44.50304047317324,112920,8.401271751329299
-6.030816,60,1787.232916,False,False,0.1101981276987571,76.18131507836561,112980,110.1981276987571
-7.075529,60,1787.33292,False,True,0.0242969165173405,53.18631802190306,113040,24.2969165173405
-5.638276,60,1791.611237,False,False,0.0644297092250247,30.53068093934417,113100,64.4297092250247
-7.650212,60,1791.615249,False,False,0.0341742404202379,37.781134003351255,113160,34.1742404202379
-6.289223,60,1791.739683,False,False,0.0369571753158312,41.44347413262135,113220,36.9571753158312
-5.786961,60,1791.839687,False,False,0.0560602292153657,39.71344471488699,113280,56.0602292153657
-6.350372,60,1795.019545,False,False,0.0173637511865642,29.722192907354746,113340,17.363751186564198
-5.830054,60,1795.03154,False,False,0.1185362208478684,38.03379865294143,113400,118.53622084786839
-6.660766,60,1795.150986,False,False,0.0252112013712192,34.215174481663034,113460,25.2112013712192
-5.829782,60,1795.257985,False,False,0.0353541499692267,31.4072844833812,113520,35.3541499692267
-6.266397,60,1799.260004,False,True,0.0463230557880101,68.17072551278808,113580,46.323055788010095
-6.287432,60,1799.26299,False,False,0.0464842479214594,34.96084438678257,113640,46.4842479214594
-5.908767,60,1799.392423,False,False,0.0644844760717714,36.62050464424224,113700,64.4844760717714
-5.761046,60,1799.492433,False,False,0.0577002370121936,44.72542198023192,113760,57.700237012193604
-5.937022,60,1802.331217,False,False,0.0373003878882162,23.36222083937244,113820,37.3003878882162
-6.43201,60,1802.337226,False,False,0.0328130143430111,61.17512526068614,113880,32.8130143430111
-6.629373,60,1802.463668,False,False,0.0117165637294451,33.28629593857161,113940,11.7165637294451
-5.82167,60,1802.566668,False,False,0.0024948044613375,41.84698922425636,114000,2.4948044613375
-6.522562,60,1806.290483,False,False,0.0331573277711799,37.97379885601942,114060,33.1573277711799
-6.473921,60,1806.298477,False,False,0.0091726275402894,32.220963090074115,114120,9.1726275402894
-6.63149,60,1806.416923,False,False,0.0189314208543139,57.1789079592182,114180,18.9314208543139
-7.134278,60,1806.526929,False,False,0.0246668169923662,29.77007366856616,114240,24.6668169923662
-6.209187,60,1809.253784,False,False,0.0772198246448436,32.51189613382545,114300,77.2198246448436
-6.605069,60,1809.259768,False,False,0.0581523997950881,29.23396792066614,114360,58.1523997950881
-7.218893,60,1809.381221,False,False,0.0125265485415047,36.74100941088005,114420,12.5265485415047
-6.504217,60,1809.484226,False,False,0.0126085966181465,30.012930018046465,114480,12.608596618146501
-5.511588,60,1812.97736,False,False,0.027661365292089,31.57548977465599,114540,27.661365292089
-5.696779,60,1812.977363,False,False,0.0558616973122814,27.09427906238173,114600,55.8616973122814
-7.005248,60,1813.107782,False,False,0.0186730977187944,27.76061119368962,114660,18.6730977187944
-5.902616,60,1813.208787,False,False,0.06121903280735,39.65039156283229,114720,61.21903280735
-5.844354,60,1816.225119,False,False,0.0662634573881261,46.052718139391146,114780,66.2634573881261
-6.663838,60,1816.22512,False,True,0.0029103552425054,48.26422216512546,114840,2.9103552425054002
-6.902172,60,1816.350559,False,False,0.0132823146332513,27.633565746908427,114900,13.2823146332513
-6.185801,60,1816.452561,False,False,0.0446330037119451,28.4014755700794,114960,44.6330037119451
-6.451858,60,1819.231067,False,True,0.0009731049796697,31.371679814194856,115020,0.9731049796697
-6.036347,60,1819.234069,False,False,0.0678357783202185,26.43252746735721,115080,67.83577832021851
-5.864432,60,1819.356487,False,False,0.1049404000231267,39.46027871135083,115140,104.9404000231267
-7.07784,60,1819.458534,False,False,0.0353233925687587,30.97002040592873,115200,35.3233925687587
-7.309009,60,1822.98926,False,False,0.0399181234599582,28.867394766607827,115260,39.9181234599582
-5.953569,60,1822.990258,False,False,0.0045794557975582,55.23544736136574,115320,4.579455797558199
-5.944746,60,1823.115698,False,False,0.0493572091726723,41.37201564938743,115380,49.3572091726723
-5.955167,60,1823.222704,False,False,0.0638407027508263,60.55064965936959,115440,63.8407027508263
-6.073692,60,1825.981942,False,False,0.0588065835884016,30.979775298539167,115500,58.8065835884016
-5.962395,60,1825.98494,False,False,0.0870679866219187,35.676420176656364,115560,87.06798662191869
-6.460761,60,1826.10938,False,False,0.0001499472828982,28.582957988011355,115620,0.1499472828982
-6.045632,60,1826.212379,False,False,0.0027911479616898,28.167283424506547,115680,2.7911479616898003
-6.021782,60,1829.683623,False,False,0.0510932609787225,35.98352105385993,115740,51.0932609787225
-5.906083,60,1829.684629,False,False,0.0027789267021023,30.124801469674264,115800,2.7789267021023
-6.013554,60,1829.810068,False,False,0.0691054765064965,47.15699368341695,115860,69.1054765064965
-6.812092,60,1829.915069,False,False,0.0027090823205622,32.274977249636315,115920,2.7090823205622
-5.893054,60,1832.634232,False,False,0.0978031982317027,46.74032072950601,115980,97.80319823170271
-5.992973,60,1832.641218,False,False,0.1355455053574129,55.05101317937957,116040,135.54550535741288
-5.771686,60,1832.769669,False,False,0.0404831092439547,28.299616635920824,116100,40.4831092439547
-5.897791,60,1832.861671,False,False,0.1094707866811924,39.11814778149682,116160,109.4707866811924
-7.159633,60,1836.925523,False,False,0.0161742272855827,26.347290217410105,116220,16.1742272855827
-6.811919,60,1836.928519,False,False,0.0098454080553311,35.891256028038086,116280,9.8454080553311
-5.77412,60,1837.05196,False,False,0.0918183213846257,27.63835149812891,116340,91.8183213846257
-6.322747,60,1837.151972,False,False,0.0234869947320857,28.038844020725413,116400,23.4869947320857
-5.734585,60,1840.689792,False,False,0.058079654607031,34.67678999488992,116460,58.079654607031
-6.970751,60,1840.698786,False,False,0.031998140842615,53.63873949571446,116520,31.998140842615
-5.609578,60,1840.822228,False,False,0.0793759043251654,28.70359720240108,116580,79.37590432516541
-5.811459,60,1840.923233,False,False,0.0521918224876133,30.053282221202032,116640,52.1918224876133
-6.220175,60,1844.443195,False,False,0.0213123826368313,36.09922163452215,116700,21.312382636831302
-6.31538,60,1844.447187,False,False,0.0655277751418606,37.14007374153449,116760,65.5277751418606
-7.122992,60,1844.572628,False,False,0.0099244610968258,27.453682551837616,116820,9.9244610968258
-6.05752,60,1844.672634,False,False,0.0187541529841272,26.94110176571443,116880,18.7541529841272
-6.46372,60,1847.78675,False,False,0.0264563713547154,28.71526321916112,116940,26.456371354715397
-6.558798,60,1847.792745,False,False,0.0416922446269943,27.96329071181216,117000,41.6922446269943
-6.253767,60,1847.919182,False,False,0.036615568814607,27.13268222220468,117060,36.615568814607
-5.68968,60,1848.016189,False,False,0.0646271380736598,29.12159269127792,117120,64.62713807365981
-5.91119,60,1851.679117,False,False,0.0423288154970323,33.59118250466673,117180,42.3288154970323
-6.278352,60,1851.689132,False,False,5.672780593019011e-05,31.47984797029667,117240,0.05672780593019011
-5.831927,60,1851.811576,False,False,0.0869648745164887,38.53114514704093,117300,86.96487451648869
-5.921027,60,1851.909586,False,False,0.0970483923963665,40.94203914838641,117360,97.04839239636651
-6.038918,60,1854.917539,False,False,0.0312552485561349,44.21977087824148,117420,31.2552485561349
-6.181327,60,1854.92053,False,False,0.0057042161916176,34.052583531593385,117480,5.7042161916176
-5.732365,60,1855.050979,False,False,0.0895860937638116,30.42488857118521,117540,89.5860937638116
-7.276735,60,1855.147986,False,True,0.0102639834924394,32.09080703027239,117600,10.263983492439401
-5.881027,60,1859.083307,False,False,0.0180492350184468,32.378948288404644,117660,18.0492350184468
-5.845322,60,1859.092296,False,False,0.0779042754175658,30.27102196308969,117720,77.9042754175658
-6.009794,60,1859.218734,False,False,0.1254390466248486,73.73198630968842,117780,125.43904662484859
-6.920358,60,1859.318742,False,False,0.0250274692956585,53.16198572203348,117840,25.027469295658502
-5.832308,60,1862.734638,False,False,0.064456613852592,28.20718893602576,117900,64.45661385259201
-5.91327,60,1862.736634,False,False,0.0192952180010128,37.453477015600974,117960,19.2952180010128
-6.394821,60,1862.863072,False,False,0.0225038858711557,51.33153082177196,118020,22.503885871155703
-6.524551,60,1862.96308,False,False,0.0149038046101987,25.42112160531322,118080,14.9038046101987
-5.890782,60,1866.713412,False,False,0.0682262605876257,28.05582383819148,118140,68.22626058762569
-6.548367,60,1866.713416,False,False,0.0063878143048811,34.416219554262604,118200,6.3878143048811
-7.097859,60,1866.832855,False,False,0.0209252856984667,35.00304250782891,118260,20.9252856984667
-6.825442,60,1866.937867,False,False,0.0034613460385587,35.66016501466871,118320,3.4613460385587
-5.501943,60,1869.616088,False,False,0.0294523415302378,37.461102536038304,118380,29.452341530237803
-5.738648,60,1869.622108,False,True,0.0066691274134432,53.97417814586673,118440,6.6691274134432
-7.428337,60,1869.748548,False,False,0.0263918611962048,38.07800175091385,118500,26.3918611962048
-6.014817,60,1869.848561,False,False,0.0019820106848249,29.68448818013447,118560,1.9820106848249002
-5.900943,60,1873.375484,False,False,0.0332095157530679,27.47501860586603,118620,33.209515753067905
-5.840228,60,1873.37748,False,False,0.0387869851868318,32.144801676825644,118680,38.78698518683181
-5.733376,60,1873.502921,False,False,0.0687809354525624,28.382362046670185,118740,68.7809354525624
-6.320087,60,1873.603925,False,False,0.0048992397587434,37.97512822630839,118800,4.8992397587434
-6.090982,60,1877.254536,False,False,0.0290891437328404,32.25566141814189,118860,29.0891437328404
-5.682288,60,1877.256532,False,False,0.053130570455839,28.90854607277126,118920,53.130570455839
-5.905272,60,1877.383972,False,False,0.0263967568047332,29.86013697444579,118980,26.3967568047332
-5.795423,60,1877.482978,False,False,0.0941169784097143,32.2312810197534,119040,94.11697840971429
-6.325868,60,1880.340919,False,False,0.0473028081854848,33.54815256359669,119100,47.3028081854848
-7.17373,60,1880.344677,False,False,0.0346174124951304,29.309902159583483,119160,34.6174124951304
-6.183547,60,1880.466359,False,False,0.0436723897870858,44.52052887262436,119220,43.6723897870858
-7.699758,60,1880.568385,False,True,0.0385183676242469,27.25459408566606,119280,38.5183676242469
-6.277519,60,1884.190139,False,True,0.0412301079985569,30.8072989050892,119340,41.230107998556896
-5.966252,60,1884.203122,False,False,0.065879799054083,30.97222325777568,119400,65.87979905408301
-5.464792,60,1884.326565,False,False,0.0146832040936782,47.27568671529616,119460,14.683204093678201
-6.631366,60,1884.420584,False,False,0.0209638291638862,52.890972794327176,119520,20.9638291638862
-5.733629,60,1887.251516,False,False,0.118281736873994,29.68857399550639,119580,118.281736873994
-6.348486,60,1887.261514,False,False,0.0127366008733093,44.07961775931764,119640,12.7366008733093
-6.493478,60,1887.381956,False,False,0.0507127431227801,31.59014640814168,119700,50.712743122780104
-6.086957,60,1887.478961,False,False,0.0511206521277973,34.08854241176918,119760,51.1206521277973
-6.393022,60,1890.930623,False,False,0.0136459418633422,32.333262809055284,119820,13.6459418633422
-5.919694,60,1890.931625,False,False,0.0803249481508863,51.87968686506383,119880,80.3249481508863
-6.257031,60,1891.05806,False,False,0.0246371932188299,40.98569855128776,119940,24.6371932188299
-5.973038,60,1891.157071,False,False,0.0402655876749081,41.488969626181365,120000,40.2655876749081
-7.091179,60,1894.435219,False,False,0.0171700695351251,43.42999696355436,120060,17.1700695351251
-6.50878,60,1894.437215,False,False,0.0100144918842949,28.61365731335521,120120,10.0144918842949
-6.035364,60,1894.564345,False,False,0.0458578237688807,32.035235549930846,120180,45.8578237688807
-6.145146,60,1894.669427,False,False,0.0117779170322423,32.75449118008123,120240,11.7779170322423
-5.886133,60,1898.380276,False,False,0.0730647344021108,32.53054611888174,120300,73.0647344021108
-5.960571,60,1898.388818,False,False,0.0317736309919301,32.7852802938643,120360,31.773630991930098
-5.306755,60,1898.511709,False,False,0.0007101260284251,37.58873212011985,120420,0.7101260284251
-5.760224,60,1898.612714,False,False,0.0372825681413387,37.79808076622387,120480,37.2825681413387
-5.840884,60,1901.570975,False,False,0.0775397630868798,45.547882913671366,120540,77.5397630868798
-6.266648,60,1901.578949,False,False,0.0273031328451577,31.420034840362263,120600,27.303132845157702
-5.786592,60,1901.697414,False,False,0.0619927509469155,36.1023270478417,120660,61.9927509469155
-5.919775,60,1901.801396,False,False,0.0115631234305785,47.39594302508387,120720,11.5631234305785
-6.273094,60,1905.422273,False,False,0.0043091737010971,41.76473134604255,120780,4.3091737010971
-6.559258,60,1905.42427,False,False,0.009016050157776,41.61092098639972,120840,9.016050157776
-5.975584,60,1905.548273,False,False,0.0542218128545005,47.23231672165355,120900,54.2218128545005
-5.668173,60,1905.647711,False,False,0.0077155588396738,36.34518029291166,120960,7.7155588396738
-6.615019,60,1908.607047,False,False,0.0232425428412657,52.60465067591262,121020,23.242542841265703
-6.081818,60,1908.613046,False,False,0.0416452379602225,43.71167535946695,121080,41.6452379602225
-5.515587,60,1908.734484,False,False,0.0267317602335485,39.36282471457597,121140,26.7317602335485
-5.909495,60,1908.833493,False,False,0.0581146543494201,57.8916072638611,121200,58.1146543494201
-7.489007,60,1912.90378,False,False,0.0373103926481735,48.62547373257654,121260,37.3103926481735
-6.482033,60,1912.905777,False,False,0.0566688525150216,53.64112798571782,121320,56.6688525150216
-6.835606,60,1913.033216,False,False,0.0169912957515192,42.82381278023152,121380,16.9912957515192
-6.59365,60,1913.131234,False,False,0.0326653145325483,50.8728129318647,121440,32.6653145325483
-5.710614,60,1916.213254,False,False,0.0557348760569512,65.05813741828312,121500,55.7348760569512
-6.79021,60,1916.214261,False,False,0.0216908809966371,60.68718616167437,121560,21.690880996637098
-7.450259,60,1916.340691,False,False,0.0178841508543178,66.35566684464655,121620,17.8841508543178
-5.913456,60,1916.439707,False,False,0.0790492893209033,65.08822577177388,121680,79.0492893209033
-5.843197,60,1920.367844,False,False,0.0448644662639119,66.86343208428669,121740,44.8644662639119
-5.655336,60,1920.369845,False,False,0.0116270493374005,50.07368403955496,121800,11.6270493374005
-5.906561,60,1920.495283,False,False,0.0135143034681218,59.47842154603173,121860,13.5143034681218
-6.076218,60,1920.599288,False,False,0.0455599024185967,29.258149154160986,121920,45.5599024185967
-6.795103,60,1923.384387,False,False,0.0241475462684963,59.43600714499909,121980,24.1475462684963
-7.582238,60,1923.387386,False,False,0.0235883699030529,73.06545226717397,122040,23.5883699030529
-6.269422,60,1923.513824,False,False,0.0017734950571537,60.470258447828286,122100,1.7734950571537
-6.152238,60,1923.618826,False,False,0.0162249997622302,60.740176427754186,122160,16.2249997622302
-6.214101,60,1927.349594,False,False,0.0350776588821119,52.42195922679296,122220,35.077658882111905
-7.089988,60,1927.3566,False,False,0.0014183003607658,49.07718400103788,122280,1.4183003607658
-6.281947,60,1927.483037,False,False,0.052172045274647,56.75888061506546,122340,52.172045274647
-7.01707,60,1927.58004,False,False,0.0358223097126074,66.58078386401368,122400,35.8223097126074
-6.041828,60,1930.426256,False,False,0.1258258214917113,66.02691455267947,122460,125.82582149171128
-5.719124,60,1930.43028,False,False,0.0371499448140799,58.01194623884891,122520,37.149944814079895
-6.525319,60,1930.550685,False,False,0.0724894541323821,41.32101628752021,122580,72.4894541323821
-6.831427,60,1930.655722,False,False,0.0026268629973474,37.267358063168246,122640,2.6268629973474003
-6.747171,60,1933.832541,False,False,0.0676368815455614,45.1865102556164,122700,67.6368815455614
-6.007472,60,1933.832543,False,False,0.0612173473615612,51.446436916700165,122760,61.2173473615612
-7.366551,60,1933.955988,False,False,0.0279062191730577,61.128289757556544,122820,27.9062191730577
-5.964054,60,1934.057989,False,False,0.0381549337057929,63.76768561634681,122880,38.1549337057929
-6.903627,60,1938.26587,False,False,0.0218832268230615,54.70095520011503,122940,21.8832268230615
-7.215224,60,1938.269871,False,False,0.0151290982230178,50.51718588543534,123000,15.129098223017799
-6.101767,60,1938.389316,False,False,0.0233977215294499,45.25344184204484,123060,23.3977215294499
-7.49123,60,1938.499316,False,False,0.0369022608029439,63.34495214344072,123120,36.9022608029439
-6.268295,60,1941.762369,False,False,0.0185945568934063,51.48274584853486,123180,18.5945568934063
-6.188437,60,1941.763361,False,False,0.0352099018639397,44.28492080213571,123240,35.2099018639397
-6.71884,60,1941.890801,False,False,0.0137024090808404,59.820444790917,123300,13.7024090808404
-6.565525,60,1941.983815,False,False,0.0272441757633285,51.79525471040737,123360,27.2441757633285
-7.437839,60,1945.527402,False,False,0.0236062964381889,57.06020051108344,123420,23.6062964381889
-5.996893,60,1945.532386,False,False,0.0659085582592925,58.08590119797029,123480,65.90855825929249
-5.947978,60,1945.662823,False,False,0.0652910234729088,57.551184806565786,123540,65.2910234729088
-6.737985,60,1945.756846,False,False,0.045824097684064,51.27759089723428,123600,45.824097684064
-6.018145,60,1948.664732,False,False,0.0567473907584773,64.65079998911095,123660,56.747390758477295
-6.108674,60,1948.668725,False,False,0.0626151939809902,49.97422476325097,123720,62.615193980990206
-6.109133,60,1948.793169,False,False,0.0138660118547935,41.78983970993715,123780,13.866011854793499
-6.579405,60,1948.892175,False,False,0.010189820279075,39.978719827376295,123840,10.189820279075
-6.350959,60,1952.526684,False,False,0.047287802297787,41.528548849095486,123900,47.287802297787
-6.143683,60,1952.533665,False,False,0.017374798694482,45.33730846461908,123960,17.374798694482
-6.022918,60,1952.654123,False,False,0.042582917037288,60.14494307417578,124020,42.582917037288
-6.008997,60,1952.760108,False,False,0.0851364975592683,59.11460352756016,124080,85.1364975592683
-6.605838,60,1955.60445,False,False,0.0284780051657629,56.91251132849292,124140,28.4780051657629
-6.287758,60,1955.606447,False,False,0.0216845913541341,58.36016530433936,124200,21.6845913541341
-6.211866,60,1955.72789,False,False,0.0687715351384346,55.23177408678094,124260,68.7715351384346
-6.016143,60,1955.831884,False,False,0.0872921693278874,56.65284738732296,124320,87.29216932788741
-5.777186,60,1959.390092,False,False,0.039827021418673,64.35630752546524,124380,39.827021418673006
-5.702221,60,1959.395084,False,False,0.0539415570229639,58.70437320100063,124440,53.941557022963906
-5.818909,60,1959.519524,False,False,0.0060124164293587,52.26293434248233,124500,6.0124164293587
-5.782326,60,1959.61453,False,False,0.0179885710852579,77.79458437979473,124560,17.9885710852579
-6.116138,60,1962.439018,False,False,0.0151568596330951,33.44994104048241,124620,15.1568596330951
-6.284304,60,1962.446001,False,False,0.0500128841612594,66.24359306120871,124680,50.0128841612594
-5.755005,60,1962.563443,False,False,0.0298797709227844,61.3670688141015,124740,29.879770922784402
-5.807959,60,1962.671455,False,False,0.0710815301452728,46.93743762456307,124800,71.0815301452728
-5.233211,60,1966.359275,False,False,0.0006993693021681,62.87539100512068,124860,0.6993693021681
-6.083233,60,1966.360283,False,False,0.0233237165524056,69.84179767598991,124920,23.323716552405603
-6.452439,60,1966.486728,False,False,0.0414421772418351,49.83812301526113,124980,41.4421772418351
-5.851736,60,1966.587733,False,False,0.0126364228919261,59.41207624725951,125040,12.6364228919261
-7.022444,60,1969.482129,False,False,0.0264114784114119,71.97783993742223,125100,26.4114784114119
-6.503865,60,1969.487128,False,False,0.0228469175350373,55.42433009719306,125160,22.8469175350373
-5.779396,60,1969.610564,False,False,0.0112697048103178,75.56890624315862,125220,11.2697048103178
-6.714104,60,1969.716565,False,False,0.0180218294720809,47.96642368795526,125280,18.0218294720809
-6.650365,60,1973.324745,False,False,0.0133810644095463,61.5870107796848,125340,13.3810644095463
-6.184197,60,1973.326741,False,False,0.036112335789918,53.17466161949022,125400,36.112335789918
-7.855979,60,1973.452182,False,False,0.0468188278945368,71.02406836300503,125460,46.8188278945368
-7.073162,60,1973.553187,False,False,0.0139066357759593,66.8849868363337,125520,13.9066357759593
-6.352115,60,1977.21874,False,False,0.0386950786224589,60.35512027738328,125580,38.6950786224589
-7.798062,60,1977.222734,False,True,0.0221558795320109,61.29260115092949,125640,22.1558795320109
-7.083055,60,1977.351171,False,False,0.0309198649380057,70.69805343421253,125700,30.9198649380057
-6.000591,60,1977.451181,False,False,0.077989638819308,67.43309850408288,125760,77.989638819308
-6.240314,60,1982.17428,False,False,0.0576488079603194,55.503423004497925,125820,57.648807960319395
-6.178933,60,1982.226285,False,False,0.023334180733689,69.3455438879427,125880,23.334180733689003
-6.02189,60,1982.318727,False,False,0.0052625096259996,70.07136950349498,125940,5.262509625999599
-6.024724,60,1982.408732,False,False,0.0808687939117388,74.1538095722074,126000,80.8687939117388
-6.100641,60,1986.881032,False,False,0.0111009637628538,70.39266038928422,126060,11.1009637628538
-6.357451,60,1986.884032,False,False,0.0038535932551724,61.15544342386571,126120,3.8535932551723997
-6.072742,60,1987.004481,False,False,0.0218397522309975,65.23887855616411,126180,21.8397522309975
-5.823793,60,1987.109479,False,False,0.0563099231343242,57.16539333187065,126240,56.3099231343242
-5.750608,60,1992.402802,False,False,0.0445352302477029,62.34216105737619,126300,44.5352302477029
-6.264322,60,1992.407797,False,False,0.0372622383523033,74.59320623361157,126360,37.2622383523033
-6.617274,60,1992.530241,False,False,0.0385176799338732,56.50223857427421,126420,38.5176799338732
-6.258806,60,1992.628246,False,False,0.0416998294295641,65.38531348063526,126480,41.6998294295641
-5.973175,60,1995.553973,False,False,0.1048594224118857,72.15689086228895,126540,104.8594224118857
-7.029148,60,1995.55597,False,False,0.0188716977904856,57.1597818028618,126600,18.8716977904856
-6.747225,60,1995.685406,False,True,0.0349679641783543,60.43417695574422,126660,34.9679641783543
-6.195435,60,1995.78541,False,False,0.037944463745841,69.4559846132761,126720,37.944463745841
-5.910619,60,1998.643039,False,False,0.0787164292684744,69.79062505511293,126780,78.7164292684744
-5.87748,60,1998.644032,False,False,0.0468975059358422,60.78760597105981,126840,46.897505935842204
-6.964973,60,1998.773469,False,False,0.0122259386614027,74.29480920610901,126900,12.2259386614027
-6.104447,60,1998.868469,False,False,0.0940417425137948,85.14223913867703,126960,94.0417425137948
-7.458272,60,2002.305003,False,False,0.0395823480674516,54.32470011478423,127020,39.582348067451605
-6.561589,60,2002.311002,False,False,0.0627563878064338,75.06129036687564,127080,62.75638780643381
-6.839567,60,2002.437436,False,False,0.0427185307698084,50.65543713816494,127140,42.7185307698084
-5.689802,60,2002.539444,False,False,0.0003082799007574,51.767666806681326,127200,0.30827990075739997
-6.476303,60,2005.293682,False,False,0.015289475215513,66.04040958120055,127260,15.289475215513
-6.000871,60,2005.293687,False,False,0.0422782874355508,74.14321430056867,127320,42.2782874355508
-8.118918,60,2005.421119,False,True,0.0259312573898876,69.70210961763954,127380,25.9312573898876
-6.911981,60,2005.522124,False,False,0.0571853013512732,67.46023082182084,127440,57.185301351273196
-5.991411,60,2009.056589,False,False,0.0072538465052342,43.43170035960512,127500,7.2538465052342005
-6.424418,60,2009.063109,False,False,0.0018288274880339,46.969957024936576,127560,1.8288274880339002
-6.600977,60,2009.186035,False,False,0.0441346731204558,61.60482965643909,127620,44.134673120455794
-6.836295,60,2009.291575,False,False,0.0058729404774082,36.92027039444531,127680,5.8729404774082
-6.108761,60,2012.026256,False,False,0.0438986940768879,71.09756159252363,127740,43.8986940768879
-6.247648,60,2012.028257,False,False,0.0008435046365968,48.69074502237895,127800,0.8435046365968001
-6.099394,60,2012.155694,False,False,0.0529496930423924,39.39771489400352,127860,52.949693042392404
-6.077005,60,2012.26069,False,False,0.0065991502144324,44.02326238316685,127920,6.5991502144324
-6.53625,60,2015.741131,False,False,0.0183789016243395,34.75201962762726,127980,18.3789016243395
-5.995615,60,2015.752126,False,False,0.0483197247138992,73.94839212492386,128040,48.3197247138992
-7.02834,60,2015.877566,False,False,0.0146946617215552,64.4105646505361,128100,14.694661721555201
-6.13376,60,2015.973572,False,False,0.0413830290471182,55.50780234603968,128160,41.3830290471182
-7.370387,60,2019.322076,False,False,0.0351726745042884,61.75230641767298,128220,35.172674504288395
-5.77219,60,2019.336076,False,False,0.0156872259904155,46.84655998970677,128280,15.687225990415499
-6.39578,60,2019.446519,False,False,2.5321616871302327e-05,41.592979696520416,128340,0.025321616871302327
-6.18856,60,2019.548522,False,False,0.0097297524229551,43.30356071468654,128400,9.7297524229551
-6.765503,60,2023.866293,False,True,0.0356970580962003,63.98260515751832,128460,35.6970580962003
-7.115279,60,2023.870287,False,False,0.0043396792840924,74.29981536431022,128520,4.3396792840924
-6.519018,60,2023.989731,False,False,0.0252769990032042,52.29825334483234,128580,25.2769990032042
-6.275088,60,2024.096732,False,False,0.060395934084708,75.75333005540556,128640,60.395934084708
-7.040114,60,2027.064973,False,False,0.021355304958066,37.71895360983887,128700,21.355304958066
-7.811268,60,2027.071967,False,False,0.0538416220477604,45.59446869280468,128760,53.841622047760396
-7.076152,60,2027.197408,False,True,0.013656009335598,42.571153473817766,128820,13.656009335598
-7.086375,60,2027.299413,False,True,0.0479254843803717,68.06205419951765,128880,47.9254843803717
-6.589239,60,2031.02671,False,False,0.0420573985277024,51.67018551098886,128940,42.0573985277024
-6.026278,60,2031.030717,False,False,0.0239932245269857,48.78349376041206,129000,23.9932245269857
-6.422056,60,2031.151158,False,True,0.0496322320648147,33.05537832772181,129060,49.6322320648147
-5.942976,60,2031.257165,False,False,0.0468103819264511,35.84382998120143,129120,46.8103819264511
-6.562629,60,2034.15583,False,False,0.0515965634755213,60.41798578150758,129180,51.5965634755213
-5.899656,60,2034.166813,False,False,0.0164442535467463,33.72580586514001,129240,16.4442535467463
-7.241227,60,2034.291255,False,False,0.018425065655062,47.71339041854296,129300,18.425065655062
-7.082185,60,2034.393259,False,False,0.0473562670988038,63.15381874221264,129360,47.3562670988038
-6.087017,60,2037.931673,False,False,0.0304868077163787,52.89470036156994,129420,30.4868077163787
-6.136667,60,2037.933672,False,False,0.0082942495687012,43.94198371341671,129480,8.2942495687012
-6.682692,60,2038.059113,False,False,0.0225096905520455,53.43685917309824,129540,22.509690552045498
-6.333468,60,2038.162114,False,False,0.0049164094343836,74.93810512534763,129600,4.9164094343836
-6.085791,60,2041.071692,False,False,0.0953382616473251,57.34755101574163,129660,95.3382616473251
-7.659741,60,2041.083665,False,False,0.032805701957573,57.91858624719973,129720,32.805701957573
-7.654096,60,2041.206111,False,False,0.0349741323690561,68.37636624999189,129780,34.9741323690561
-6.495184,60,2041.310111,False,False,0.0656839360120953,41.10813597668558,129840,65.6839360120953
-5.321116,60,2044.84594,False,False,0.0067343210560773,65.77060608279545,129900,6.7343210560773
-6.773694,60,2044.849938,False,False,0.0194443004935789,48.75060514984063,129960,19.4443004935789
-6.94148,60,2044.978376,False,False,0.0259871106300162,46.743828990211696,130020,25.9871106300162
-6.13069,60,2045.077385,False,False,0.0644124108512631,64.27057744944081,130080,64.4124108512631
-5.966135,60,2047.928996,False,False,0.099173046986001,47.6681803956149,130140,99.173046986001
-7.419494,60,2047.930993,False,False,0.0147489277636207,58.2198636732515,130200,14.7489277636207
-5.909452,60,2048.056433,False,False,0.0985329595713222,37.96631656368278,130260,98.5329595713222
-6.807017,60,2048.157438,False,False,0.013034672026055,52.93435754522636,130320,13.034672026055
-5.916926,60,2051.073174,False,False,0.0985049426021568,62.67202588459753,130380,98.50494260215679
-6.216993,60,2051.073174,False,False,0.0698963831888384,51.80875664365605,130440,69.8963831888384
-5.723645,60,2051.197627,False,False,0.0238833713119735,59.868420786890326,130500,23.883371311973498
-6.05771,60,2051.297618,False,False,0.0091664611092291,68.17407413152266,130560,9.1664611092291
-7.113602,60,2054.900282,False,False,0.0473869143521921,58.91818551697461,130620,47.3869143521921
-6.143104,60,2054.907283,False,False,0.1025818406393654,61.07262422421792,130680,102.5818406393654
-5.86091,60,2055.033719,False,False,0.0686853434980478,61.76851503368388,130740,68.6853434980478
-5.954584,60,2055.132728,False,False,0.0715919145359138,65.41635091878052,130800,71.5919145359138
-6.03553,60,2058.116781,False,False,0.1192332545858027,71.25193993801349,130860,119.2332545858027
-6.766168,60,2058.11709,False,False,0.0478976003988528,71.1236597723845,130920,47.8976003988528
-6.039159,60,2058.237346,False,False,0.0532543384629158,71.72699129292354,130980,53.254338462915804
-6.144245,60,2058.339466,False,False,0.1059996772778455,71.93924915547566,131040,105.99967727784549
-6.010647,60,2062.407232,False,False,0.0823131623091327,60.53629417550943,131100,82.31316230913271
-6.921636,60,2062.415226,False,False,0.0031646281449303,61.41852041935654,131160,3.1646281449303
-6.943059,60,2062.533674,False,False,0.028426310726909,59.504791925516,131220,28.426310726909
-6.032949,60,2062.636675,False,False,0.0888455669621792,59.68998780007672,131280,88.84556696217919
-6.874597,60,2065.498238,False,False,0.0531080549604775,65.25137568042499,131340,53.108054960477496
-6.112534,60,2065.499238,False,False,0.0932587356491874,52.62824649162116,131400,93.2587356491874
-6.107785,60,2065.625675,False,False,0.0265160081220752,54.64907989888935,131460,26.516008122075203
-6.111623,60,2065.723688,False,False,0.0399006893179746,39.99009618680098,131520,39.9006893179746
-6.383811,60,2070.236761,False,False,0.0129214090998392,29.725714849061063,131580,12.921409099839199
-6.016588,60,2070.242766,False,False,0.0230762048291671,45.87537403953047,131640,23.0762048291671
-6.199321,60,2070.367208,False,False,0.005883627067539,47.83274247927087,131700,5.883627067539
-6.638179,60,2070.467214,False,True,0.010624223620371,35.91980624339145,131760,10.624223620371
-6.442793,60,2074.181499,False,False,0.0262178482376284,66.14624430530327,131820,26.217848237628402
-5.999884,60,2074.190517,False,False,0.0257110721939639,37.35850071281146,131880,25.711072193963897
-6.1098,60,2074.317954,False,False,0.0257068837172961,28.55689130867673,131940,25.7068837172961
-5.860523,60,2074.407945,False,False,0.076139384393686,35.06955821545771,132000,76.139384393686
-6.683893,60,2079.002677,False,False,0.0141925361417893,66.11083848946365,132060,14.192536141789299
-6.498878,60,2079.003247,False,False,0.0020906698464212,43.02321989234273,132120,2.0906698464212
-6.078455,60,2079.134286,False,False,0.0549741818602301,50.30409167289351,132180,54.9741818602301
-7.265495,60,2079.232944,False,False,0.0196142277729224,43.77681578797945,132240,19.6142277729224
-6.939695,60,2082.835858,False,False,0.0402414342617313,28.085023374181965,132300,40.2414342617313
-6.023673,60,2082.836859,False,False,0.0084901905684876,61.74240171025299,132360,8.4901905684876
-7.394482,60,2082.964296,False,True,0.0147843357564142,31.757485463285665,132420,14.7843357564142
-5.985889,60,2083.066287,False,False,0.0349000582699294,34.757745619034274,132480,34.9000582699294
-6.821876,60,2086.710851,False,False,0.0046520914062353,59.67763734874107,132540,4.6520914062353
-5.969317,60,2086.715847,False,False,0.0480641725983206,64.42064635287778,132600,48.064172598320596
-6.163768,60,2086.836293,False,False,0.0759482840669844,52.87317353262099,132660,75.9482840669844
-5.477326,60,2086.941297,False,False,0.023272602423688,63.00184147605515,132720,23.272602423688003
-7.07313,60,2089.901121,False,False,0.0455411703404105,66.97075083691544,132780,45.541170340410495
-6.857475,60,2089.912116,False,False,0.0215739272894252,29.41878175806165,132840,21.5739272894252
-6.593603,60,2090.02456,False,False,0.012585349959452,39.54139989828551,132900,12.585349959452
-6.153422,60,2090.14056,False,False,0.0096134742452993,42.276668487302,132960,9.613474245299301
-6.812144,60,2093.781231,False,False,0.0299248778724052,39.02211783534791,133020,29.9248778724052
-6.551647,60,2093.782234,False,False,0.0226082530548268,59.79359740053493,133080,22.6082530548268
-5.96878,60,2093.908669,False,False,0.0333535597450676,60.20349337645124,133140,33.3535597450676
-5.60279,60,2094.008686,False,False,0.033047785008269,37.980900608636695,133200,33.047785008269
-6.619002,60,2097.152138,False,False,0.0076117197389181,68.18437733175513,133260,7.6117197389181
-7.104318,60,2097.153135,False,False,0.0392745758643984,51.63846270171414,133320,39.2745758643984
-6.871967,60,2097.277579,False,False,0.042217149827229,60.53195003672261,133380,42.217149827229
-6.885253,60,2097.381577,False,False,0.0155903942484692,69.24365751294124,133440,15.5903942484692
-6.659802,60,2100.908916,False,False,0.0266329135181664,47.82342171782961,133500,26.6329135181664
-7.715805,60,2100.91491,False,False,0.0403079659693131,51.52147894405159,133560,40.3079659693131
-7.524144,60,2101.03935,False,False,0.0589092204626316,46.34694847486032,133620,58.909220462631595
-5.226967,60,2101.136359,False,False,0.0006986674714459,56.13861731667679,133680,0.6986674714459
-5.991511,60,2103.916929,False,False,0.0092853279196127,46.11045958406332,133740,9.2853279196127
-7.79062,60,2103.917926,False,True,0.0110135415730959,53.23290459360691,133800,11.013541573095901
-6.470135,60,2104.043367,False,False,0.0384897341639968,71.92332359395795,133860,38.4897341639968
-6.050294,60,2104.146369,False,False,0.0673489441382299,68.66578302295135,133920,67.3489441382299
-6.39758,60,2107.627084,False,False,0.0671666801699255,68.50135016718471,133980,67.1666801699255
-6.846804,60,2107.632079,False,False,0.0419457818926214,54.65934249489632,134040,41.945781892621405
-6.066464,60,2107.759038,False,False,0.0788644077278062,71.27767514235155,134100,78.8644077278062
-5.974319,60,2107.857528,False,False,0.0474236378725848,69.10318716787775,134160,47.4236378725848
-5.683641,60,2110.572238,False,False,0.0252749278865349,59.91676555083695,134220,25.2749278865349
-7.152058,60,2110.575228,False,True,0.0092963007236994,67.60789794564897,134280,9.2963007236994
-6.010268,60,2110.703665,False,False,0.0345307947332883,71.18457429587764,134340,34.5307947332883
-5.70708,60,2110.800687,False,False,0.0041066302372511,46.33488928382072,134400,4.1066302372511
-6.499465,60,2113.853889,False,False,0.0169511412197494,42.41163771148095,134460,16.9511412197494
-6.565388,60,2113.861891,False,False,0.0002423031290162,61.47445728425394,134520,0.2423031290162
-6.975745,60,2113.979328,False,False,0.0027384151462815,76.63633890223178,134580,2.7384151462815
-5.582286,60,2114.088336,False,False,0.0216578680112084,45.64685330374999,134640,21.6578680112084
-5.419283,60,2118.089259,False,False,0.0308770386656053,60.903247088325806,134700,30.877038665605298
-7.115176,60,2118.091255,False,False,0.0284519796718817,58.4350299975522,134760,28.4519796718817
-6.408525,60,2118.215695,False,False,0.0284815675532277,55.80560320092777,134820,28.4815675532277
-6.256042,60,2118.315713,False,False,0.0507195006571236,59.924868923412944,134880,50.7195006571236
-6.273656,60,2121.066818,False,False,0.0539571891706334,80.23909427179817,134940,53.9571891706334
-6.099794,60,2121.07481,False,False,0.0017819288777335,30.53792046352484,135000,1.7819288777334998
-5.956579,60,2121.196253,False,False,0.0273483686552912,75.76046967046415,135060,27.3483686552912
-6.020846,60,2121.301255,False,False,0.0145335444541809,55.31177276116511,135120,14.5335444541809
-6.421848,60,2125.421794,False,False,0.0122443454883455,60.30421640907971,135180,12.2443454883455
-7.459722,60,2125.42579,False,False,0.057862958850342,64.24556032311726,135240,57.862958850342
-6.107246,60,2125.55123,False,False,0.078850639900679,68.97090786505137,135300,78.850639900679
-5.902103,60,2125.652235,False,False,0.0724504069710194,62.57123010131133,135360,72.4504069710194
-7.061318,60,2128.876142,False,False,0.0356205074243413,68.36432392506839,135420,35.6205074243413
-7.429245,60,2128.877137,False,False,0.0251349074181525,52.8717933245437,135480,25.1349074181525
-7.081886,60,2129.003579,False,False,0.0250021926701267,65.2270860789862,135540,25.0021926701267
-6.382317,60,2129.106582,False,False,0.0011861411726532,47.51201040685603,135600,1.1861411726532
-6.284842,60,2132.860871,False,False,0.0349432745525896,77.06856561838556,135660,34.9432745525896
-6.714544,60,2132.862867,False,False,0.0165519523386663,50.469271735173066,135720,16.5519523386663
-6.454153,60,2132.98731,False,False,0.0405250517046201,51.6255458876088,135780,40.5250517046201
-5.888573,60,2133.087322,False,False,0.0654330048249755,67.97893299582014,135840,65.4330048249755
-7.672732,60,2136.325363,False,False,0.0344410127219906,66.18861215360478,135900,34.441012721990596
-5.651724,60,2136.325379,False,False,0.0298209873570102,51.61470681333001,135960,29.8209873570102
-6.321507,60,2136.457793,False,False,0.0627359617063711,47.28119784906283,136020,62.73596170637109
-6.126662,60,2136.553805,False,False,0.0879658118949952,57.74549418816301,136080,87.9658118949952
-6.399276,60,2141.64363,False,False,0.0623991095078107,47.28717342040083,136140,62.3991095078107
-6.503151,60,2141.650379,False,False,0.0527679123123687,61.20289319575884,136200,52.7679123123687
-7.621372,60,2141.766485,False,False,0.0495387208486003,40.316747944432585,136260,49.5387208486003
-7.010174,60,2141.884572,False,False,0.0092627276293964,60.133392845806,136320,9.2627276293964
-6.281677,60,2145.639263,False,False,0.0356179113931115,42.22800134778348,136380,35.6179113931115
-6.589926,60,2145.649289,False,False,0.0390198272719286,73.23441987351504,136440,39.0198272719286
-7.05067,60,2145.777726,False,False,0.0285589114027338,54.44397462710051,136500,28.558911402733802
-6.884242,60,2145.869726,False,False,0.0007548345830753,45.38310205025717,136560,0.7548345830752999
-7.530447,60,2150.10556,False,False,0.0235475796222594,57.71105384668304,136620,23.5475796222594
-7.004554,60,2150.109556,False,False,0.0392880753145505,48.611015639472434,136680,39.288075314550504
-6.113322,60,2150.231,False,False,0.0428043101927501,29.3667049922564,136740,42.8043101927501
-5.639194,60,2150.327003,False,False,0.0178865187031938,62.782738387192815,136800,17.8865187031938
-6.904972,60,2153.255044,False,False,0.0359946311681153,44.72841397473211,136860,35.9946311681153
-5.843391,60,2153.264053,False,False,0.0945840476080622,38.83728970044152,136920,94.5840476080622
-6.874512,60,2153.386493,False,True,0.0520945402897684,65.48467666091915,136980,52.094540289768396
-6.073992,60,2153.493495,False,False,0.0704849717768169,85.34370635451785,137040,70.48497177681689
-5.610581,60,2157.253503,False,False,0.0493383736853275,36.7880644715224,137100,49.338373685327504
-7.26867,60,2157.256038,False,False,0.017994058879505,48.0237247690316,137160,17.994058879505
-7.118241,60,2157.382953,False,False,0.0183470460854342,47.14753907810899,137220,18.3470460854342
-6.0346,60,2157.47657,False,False,0.1099275521200504,78.63431109059925,137280,109.9275521200504
-7.342173,60,2160.571526,False,False,0.0264400229524516,42.15995236936296,137340,26.4400229524516
-5.935043,60,2160.644515,False,False,0.0395205400657205,29.859911983494648,137400,39.520540065720496
-5.961613,60,2160.699953,False,False,0.04238092048256,44.27481072590322,137460,42.38092048256
-6.952153,60,2160.800957,False,False,0.0479282354587429,43.66555151231528,137520,47.9282354587429
-6.254398,60,2165.138181,False,True,0.0053260668128559,46.039277798000505,137580,5.3260668128559
-6.109341,60,2165.147177,False,False,0.0810190144250392,47.912625007639,137640,81.0190144250392
-7.267664,60,2165.270617,False,False,0.0062513751924621,34.257172286648924,137700,6.2513751924621
-7.088636,60,2165.370626,False,False,0.0080463440491001,44.14225779703598,137760,8.0463440491001
-5.808347,60,2168.365029,False,False,0.0706240699046748,36.46161663876323,137820,70.62406990467481
-6.044918,60,2168.37201,False,False,0.0165770925471806,54.42865400477896,137880,16.5770925471806
-7.041674,60,2168.487455,False,False,0.0091146613161879,34.07701565774133,137940,9.1146613161879
-6.864816,60,2168.599452,False,False,0.0454952244002494,32.296043594069765,138000,45.4952244002494
-6.437612,60,2171.426533,False,False,0.0620691282575626,70.2732409018809,138060,62.069128257562596
-5.85984,60,2171.428517,False,False,0.0262433625777294,29.349706043728386,138120,26.2433625777294
-6.20566,60,2171.554956,False,False,0.071990160812275,55.028620176373984,138180,71.990160812275
-5.916152,60,2171.654964,False,False,0.0919198017847048,32.787645015513995,138240,91.9198017847048
-5.517766,60,2175.277785,False,False,0.0253572289536689,42.83112667910199,138300,25.3572289536689
-6.436044,60,2175.280786,False,False,0.0517077178567145,33.58368041912369,138360,51.707717856714495
-5.884133,60,2175.40523,False,False,0.1103652735510277,27.997811141379472,138420,110.3652735510277
-6.926706,60,2175.508228,False,False,0.0193740757343131,39.59825249150199,138480,19.374075734313102
-5.843787,60,2178.643337,False,False,0.0498389634144933,35.019165210917336,138540,49.8389634144933
-6.177371,60,2178.645333,False,False,0.0217768136827924,46.53860359352911,138600,21.7768136827924
-5.62192,60,2178.769775,False,False,0.0001639583303986,56.06412617841361,138660,0.1639583303986
-7.129663,60,2178.871778,False,False,0.020663529769264,48.618507314558485,138720,20.663529769264
-6.772563,60,2182.541483,False,False,0.0190904777296116,31.773053762975906,138780,19.0904777296116
-6.177656,60,2182.542477,False,False,0.0010124617583061,31.535876606005186,138840,1.0124617583061
-6.802218,60,2182.667918,False,False,0.0258540763416008,51.0986718427117,138900,25.8540763416008
-5.913461,60,2182.766923,False,False,0.0813556085262499,39.8036129223302,138960,81.3556085262499
-6.653548,60,2185.571477,False,True,0.0112589480080797,46.34745881092688,139020,11.258948008079699
-6.682665,60,2185.573473,False,False,0.0620744145492405,32.979146981817244,139080,62.0744145492405
-5.75266,60,2185.698914,False,False,0.0553357373570639,34.50074201552038,139140,55.335737357063906
-6.118087,60,2185.796925,False,False,0.0677335800608838,47.63533294469568,139200,67.7335800608838
-6.027444,60,2189.633934,False,False,0.1300767888117234,76.65774197095112,139260,130.07678881172342
-6.991634,60,2189.63491,False,False,0.0062351638364268,53.15457933425245,139320,6.235163836426801
-5.946534,60,2189.762374,False,False,0.0386135036378392,28.41404621506618,139380,38.6135036378392
-6.231542,60,2189.862376,False,False,0.0544252144129568,45.24404005162364,139440,54.4252144129568
-6.481787,60,2193.011907,False,False,0.0549966968904603,32.56593043525292,139500,54.9966968904603
-6.101495,60,2193.016916,False,False,0.0436259898985546,30.884410631476086,139560,43.6259898985546
-5.972679,60,2193.140352,False,False,0.0732508510342828,64.10990018093123,139620,73.2508510342828
-7.063707,60,2193.244351,False,False,0.011273235858876,49.26732146249271,139680,11.273235858876
-6.631159,60,2197.063882,False,False,0.0106617342644739,30.196118787053138,139740,10.6617342644739
-6.935347,60,2197.064876,False,False,0.0551836828611852,44.4455546002912,139800,55.1836828611852
-6.131457,60,2197.189326,False,False,0.039392626788538,38.39975201176957,139860,39.392626788537996
-6.838456,60,2197.285325,False,False,0.0195445109863153,59.41015974736982,139920,19.544510986315302
-7.070874,60,2200.230486,False,False,0.0089652768626489,41.28745131699724,139980,8.9652768626489
-6.264815,60,2200.234493,False,False,0.0071876658252886,30.009375701814328,140040,7.1876658252886
-7.538591,60,2200.355927,False,False,0.0336088769729498,43.23351319950815,140100,33.6088769729498
-6.581305,60,2200.471933,False,False,0.0159758687793283,30.69121265982892,140160,15.9758687793283
-6.083217,60,2204.131732,False,False,0.0488667242479754,50.74259338891031,140220,48.8667242479754
-5.954138,60,2204.138725,False,False,0.0785363380128571,31.62746831740177,140280,78.5363380128571
-6.828163,60,2204.259169,False,False,0.0101513784278413,30.85737597649551,140340,10.1513784278413
-5.630854,60,2204.359162,False,False,0.0316128206619402,31.302286321999052,140400,31.612820661940198
-6.522361,60,2207.370054,False,False,0.0286013393073866,29.604872825498703,140460,28.6013393073866
-6.491231,60,2207.371053,False,False,0.0055369099113302,29.83689656843232,140520,5.5369099113302
-6.939072,60,2207.497491,False,True,0.0368383317426237,29.47437427016309,140580,36.8383317426237
-5.749541,60,2207.597498,False,False,0.052726812544192,30.10227698037424,140640,52.726812544192
-5.936464,60,2211.445453,False,False,0.038659265159379,37.2010679359235,140700,38.659265159379004
-6.056172,60,2211.447449,False,False,0.0496777888146813,42.00641432552819,140760,49.6777888146813
-5.953101,60,2211.566891,False,False,0.0918883409611593,33.296818768826355,140820,91.8883409611593
-6.273992,60,2211.673895,False,True,0.0629971649866799,42.6213474488083,140880,62.9971649866799
-6.031412,60,2214.775928,False,False,0.0920857839147566,40.66699396853526,140940,92.08578391475659
-6.178321,60,2214.784925,False,False,0.0471165236304404,30.03431206034766,141000,47.116523630440405
-6.974482,60,2214.90636,False,False,0.0129071987305148,52.32074825780037,141060,12.9071987305148
-6.458177,60,2215.01137,False,False,0.0212535371757948,62.35914539081739,141120,21.253537175794797
-6.634625,60,2219.109111,False,True,0.0676745425475734,29.5059851459824,141180,67.6745425475734
-6.618975,60,2219.111107,False,False,0.033758456147995,31.32137561459089,141240,33.758456147995
-6.971128,60,2219.239543,False,False,0.0210402098439888,33.25816890874906,141300,21.040209843988798
-6.55611,60,2219.337553,False,False,0.0099807742250499,33.998096832437966,141360,9.9807742250499
-6.2237,60,2222.987676,False,False,0.0556489929285614,34.82748480215135,141420,55.648992928561405
-5.76036,60,2222.994669,False,False,0.0597698919759077,30.097203140667105,141480,59.7698919759077
-6.387547,60,2223.114113,False,False,0.0023200199510672,40.80692046516285,141540,2.3200199510672
-6.895958,60,2223.216118,False,True,0.032284753945849,29.689773430632577,141600,32.284753945849005
-6.002109,60,2226.919703,False,False,0.1170285809373933,34.516504179149074,141660,117.0285809373933
-6.748608,60,2226.922714,False,False,0.0006647698110037,34.22011625074814,141720,0.6647698110037
-6.727842,60,2227.046144,False,False,0.0453534856770638,29.99696981836463,141780,45.3534856770638
-7.807824,60,2227.142137,False,False,0.0420510176921058,72.39504127151332,141840,42.0510176921058
-6.23609,60,2230.069119,False,False,0.0330420952696658,31.851454155551743,141900,33.0420952696658
-5.807529,60,2230.076088,False,False,0.0766682207083884,37.01311974592026,141960,76.6682207083884
-5.969117,60,2230.195539,False,False,0.0781851039204129,45.77555821019362,142020,78.1851039204129
-5.745654,60,2230.298533,False,False,0.0310867043547893,30.394329973969427,142080,31.086704354789298
-6.556756,60,2233.057558,False,False,0.0335542853232918,32.09680699640952,142140,33.5542853232918
-5.984579,60,2233.061559,False,False,0.0028806190722005,31.58837777851775,142200,2.8806190722005
-5.9569,60,2233.188998,False,False,0.0456016143026893,30.63375120810494,142260,45.601614302689306
-6.002326,60,2233.287005,False,False,0.0655466156318868,29.756727306484976,142320,65.5466156318868
-6.454415,60,2237.209163,False,False,0.0551768617494591,32.79038466797973,142380,55.1768617494591
-5.698313,60,2237.211159,False,False,0.0161961310015798,30.2651822140889,142440,16.1961310015798
-5.784043,60,2237.338599,False,False,0.0856401467427724,39.5140399988921,142500,85.6401467427724
-5.935765,60,2237.440601,False,False,0.0652816118382959,39.17295930721366,142560,65.28161183829589
-6.561584,60,2240.45399,False,False,0.0360353622924824,31.27237138444363,142620,36.035362292482404
-7.002002,60,2240.46499,False,True,0.0028825556591658,30.810033249579163,142680,2.8825556591657997
-6.389537,60,2240.589425,False,False,0.0134121045760598,29.18337158569297,142740,13.4121045760598
-6.575493,60,2240.691436,False,False,0.0455262962860522,33.34943095116635,142800,45.526296286052194
-5.905307,60,2244.230123,False,False,0.0035560773331443,32.710093536896615,142860,3.5560773331443
-6.234533,60,2244.23212,False,False,0.0338230045240028,32.07021467862808,142920,33.823004524002805
-5.693293,60,2244.354565,False,False,0.0748371770986917,31.341933021024147,142980,74.8371770986917
-5.935863,60,2244.45157,False,False,0.050443606215088,63.60734410342508,143040,50.443606215087996
-6.069359,60,2247.168606,False,False,0.0856482455736587,43.80360097088778,143100,85.6482455736587
-5.998633,60,2247.171606,False,False,0.0865373347608105,41.792309461322986,143160,86.53733476081051
-5.909972,60,2247.295045,False,False,0.113665026942413,36.92800479236285,143220,113.665026942413
-5.784105,60,2247.391055,False,False,0.0266788244549519,34.363471295267736,143280,26.6788244549519
-5.393953,60,2251.996842,False,False,0.0492410374069811,30.2828810328842,143340,49.2410374069811
-7.33493,60,2251.99786,False,False,0.0161502093785194,25.666433203278192,143400,16.1502093785194
-5.949697,60,2252.123301,False,False,0.0242168622545642,41.17548761597873,143460,24.216862254564198
-5.610732,60,2252.233129,False,False,0.0100484925855692,35.10004855815066,143520,10.0484925855692
-6.349418,60,2255.757568,False,False,0.0334427025381499,30.805950620927792,143580,33.442702538149895
-6.652892,60,2255.759571,False,False,0.0173723524095594,31.56131319384988,143640,17.3723524095594
-5.730164,60,2255.884009,False,False,0.0905279372034629,30.547083079364118,143700,90.5279372034629
-6.267543,60,2255.985014,False,False,0.0275824449121206,34.256247439092874,143760,27.5824449121206
-5.650263,60,2260.284961,False,False,0.0686583022618757,34.58470103880193,143820,68.6583022618757
-5.969236,60,2260.285961,False,False,0.0182916258200443,36.06134989524514,143880,18.2916258200443
-5.706515,60,2260.410402,False,False,0.0582726621411165,29.92030664587273,143940,58.272662141116506
-5.508868,60,2260.51041,False,False,0.0766993361655616,30.038921120972127,144000,76.6993361655616
-5.800389,60,2263.306684,False,False,0.0060659950143484,36.892832653159466,144060,6.065995014348401
-5.776057,60,2263.319675,False,False,0.0977212283425691,33.14154754773821,144120,97.7212283425691
-5.947495,60,2263.445115,False,False,0.0560773695398785,29.232036591584887,144180,56.0773695398785
-6.049911,60,2263.537124,False,False,0.0313675844203995,56.50149352730744,144240,31.367584420399496
-5.653501,60,2267.313858,False,False,0.0684359340297092,29.85917259817316,144300,68.4359340297092
-6.200376,60,2267.316852,False,False,0.0072255587674325,32.914636532845634,144360,7.2255587674325
-7.260661,60,2267.435562,False,False,0.0194210692083638,32.08575112765128,144420,19.4210692083638
-5.826209,60,2267.539568,False,False,0.059576461098534,47.25509693381707,144480,59.576461098534
-5.7587,60,2270.329758,False,False,0.0827304938625817,37.89192829454032,144540,82.7304938625817
-6.281157,60,2270.329767,False,False,0.0600890624962351,36.42834381890665,144600,60.0890624962351
-5.787151,60,2270.4612,False,False,0.0790088500490504,47.24776744499807,144660,79.0088500490504
-6.887319,60,2270.559213,False,False,0.0237095851994313,29.63405284711376,144720,23.7095851994313
-6.634523,60,2274.064465,False,False,0.0078001224718449,35.50338812913916,144780,7.800122471844899
-6.815253,60,2274.068459,False,False,0.0016782510015468,26.88965734434019,144840,1.6782510015468
-5.235504,60,2274.1939,False,False,0.0017381615640899,29.29431631765808,144900,1.7381615640899
-7.542319,60,2274.290905,False,False,0.0092041934574781,36.03750685248328,144960,9.2041934574781
-5.826018,60,2277.248621,False,False,0.0625127027509891,33.85491370525506,145020,62.51270275098909
-5.504035,60,2277.249614,False,False,0.0558907265530611,33.57680985431475,145080,55.8907265530611
-7.323241,60,2277.379051,False,False,0.0397316783832512,45.49336653497195,145140,39.7316783832512
-6.043074,60,2277.478056,False,False,0.0863553167949724,57.74969174937439,145200,86.3553167949724
-6.884579,60,2281.177094,False,False,0.0126097765630203,32.88285079787488,145260,12.6097765630203
-6.300255,60,2281.177099,False,False,0.0510833774891029,59.26515391244256,145320,51.0833774891029
-6.712427,60,2281.306532,False,False,0.0018066986654747,36.566087805713096,145380,1.8066986654747
-7.799777,60,2281.403539,False,False,0.0451032022986969,33.15104588699183,145440,45.1032022986969
-5.91488,60,2284.159494,False,False,0.0213982114131865,33.1204732833029,145500,21.398211413186498
-5.924654,60,2284.160491,False,False,0.0611964099567676,41.500469375960286,145560,61.1964099567676
-6.265002,60,2284.282942,False,False,0.0496519013526289,30.07456297272958,145620,49.6519013526289
-7.571173,60,2284.387936,False,False,0.0490591899114459,50.62295465418181,145680,49.0591899114459
-5.818607,60,2287.255398,False,False,0.0322749752156693,53.50324224514202,145740,32.2749752156693
-6.367851,60,2287.261382,False,False,0.0234318874568496,56.91790050241936,145800,23.431887456849598
-6.643009,60,2287.385821,False,False,0.0428000602699458,43.04271155736713,145860,42.8000602699458
-5.878786,60,2287.481833,False,False,0.1008047158315904,37.74344156263949,145920,100.8047158315904
-5.918555,60,2291.00619,False,False,0.0095892582481719,52.962645133259066,145980,9.5892582481719
-7.324868,60,2291.006192,False,False,0.0261090630305065,29.733331818509264,146040,26.109063030506498
-6.442366,60,2291.122636,False,False,0.039453584114283,37.40234833798707,146100,39.453584114283
-5.874405,60,2291.234634,False,False,0.0341261100678994,44.947850269106645,146160,34.126110067899404
-7.365973,60,2293.91511,False,False,0.0455754486714553,46.56682409275725,146220,45.5754486714553
-5.91258,60,2293.915114,False,False,0.0142850032348115,34.09833541707843,146280,14.2850032348115
-6.275143,60,2294.038543,False,False,0.0477507248683204,43.48605995208706,146340,47.750724868320404
-6.225088,60,2294.145545,False,False,0.0276264407957596,32.17694148246445,146400,27.6264407957596
-6.921378,60,2298.617807,False,False,0.0252403246938551,53.29031524757497,146460,25.2403246938551
-6.485679,60,2298.620804,False,False,0.0318542776722923,34.32717282894996,146520,31.854277672292298
-5.955118,60,2298.748244,False,False,0.1287353762990611,44.73920373195135,146580,128.7353762990611
-6.915133,60,2298.846249,False,False,0.0331674251599931,50.08714799618859,146640,33.1674251599931
-5.972794,60,2302.331119,False,False,0.0123737720416416,67.9736327574382,146700,12.3737720416416
-5.874483,60,2302.333115,False,False,0.0534417462972693,45.84490433769585,146760,53.4417462972693
-5.800509,60,2302.458556,False,False,0.0372998561937926,54.169239745288216,146820,37.2998561937926
-6.80969,60,2302.556558,False,False,0.0367510032945588,36.19938147629618,146880,36.7510032945588
-5.936009,60,2306.461881,False,False,0.1249034944514988,46.44839259472754,146940,124.9034944514988
-6.018207,60,2306.463883,False,False,0.0963912640260116,48.05242590008911,147000,96.3912640260116
-6.019028,60,2306.589327,False,False,0.069015400159388,30.29928053535327,147060,69.015400159388
-5.885293,60,2306.682326,False,False,0.0554507859397183,32.11079010590533,147120,55.4507859397183
-6.44273,60,2309.728072,False,False,0.0304693682666669,32.11229857547456,147180,30.4693682666669
-5.858764,60,2309.730069,False,False,0.0554006885435308,31.87161238008776,147240,55.4006885435308
-5.99609,60,2309.854508,False,False,0.0429518845366137,42.45437218193796,147300,42.9518845366137
-6.24007,60,2309.956514,False,True,0.0021581288980564,36.95862340974683,147360,2.1581288980564
-6.516349,60,2313.460709,False,True,0.0952512281926042,35.158850267457765,147420,95.2512281926042
-6.246426,60,2313.461711,False,False,0.0446210738363615,57.46633911508796,147480,44.6210738363615
-6.235574,60,2313.585158,False,False,0.0451215506116623,39.77402600789401,147540,45.1215506116623
-5.535333,60,2313.688156,False,False,0.0036806486514964,33.32814123073445,147600,3.6806486514964
-6.432188,60,2316.51012,False,False,0.0538551454316352,31.820470627950733,147660,53.8551454316352
-6.375833,60,2316.519102,False,False,0.0378707913445756,36.9447433115615,147720,37.8707913445756
-6.807165,60,2316.641546,False,False,0.062946248005164,65.86853297898624,147780,62.946248005164
-6.001745,60,2316.73955,False,False,0.0654241540984851,37.46306814171671,147840,65.42415409848509
-6.449503,60,2320.604528,False,True,0.0803328250105094,39.63500656698022,147900,80.3328250105094
-6.536632,60,2320.605523,False,False,0.0438065353194226,48.05787591897344,147960,43.8065353194226
-6.856717,60,2320.728967,False,False,0.0118727439614481,64.42707670917973,148020,11.8727439614481
-6.891394,60,2320.841682,False,True,0.0151613737019696,33.742841618871125,148080,15.1613737019696
-6.604756,60,2324.598054,False,False,0.0205942204000888,30.217219673471416,148140,20.594220400088798
-6.157367,60,2324.603038,False,False,0.0728679471956009,72.45167523602413,148200,72.8679471956009
-5.650686,60,2324.725491,False,False,0.0570782645765573,43.51811981701108,148260,57.078264576557295
-7.126082,60,2324.82749,False,False,0.0180676708491804,34.43704760700774,148320,18.067670849180402
-5.903058,60,2329.246986,False,False,0.0358744242203924,54.87353752038502,148380,35.8744242203924
-5.757771,60,2329.250983,False,False,0.0751091311246253,29.880776035322693,148440,75.1091311246253
-5.87296,60,2329.37842,False,False,0.0075709507285245,76.47597719057588,148500,7.5709507285245
-6.413362,60,2329.475428,False,False,0.0026544597732262,47.91813864302006,148560,2.6544597732262
-5.816999,60,2332.303176,False,False,0.0866755955471739,38.15491147153432,148620,86.6755955471739
-6.336774,60,2332.303183,False,False,0.0134862747133483,41.367548444524985,148680,13.4862747133483
-7.155514,60,2332.426618,False,False,0.0286580815104756,54.05373267357404,148740,28.6580815104756
-6.269833,60,2332.525623,False,False,0.0672467632927782,44.37416525183753,148800,67.24676329277821
-6.036495,60,2336.330415,False,False,0.0581184500356525,51.280545444363625,148860,58.118450035652494
-6.296241,60,2336.334409,False,False,0.0022046354872925,50.92938274846662,148920,2.2046354872925003
-5.819393,60,2336.466851,False,False,0.0720262434136256,43.60354762511354,148980,72.0262434136256
-6.05473,60,2336.559854,False,False,0.0568922337325462,40.08804187638739,149040,56.892233732546195
-6.133006,60,2339.369211,False,False,0.0559369090080165,51.31467266443644,149100,55.9369090080165
-6.506784,60,2339.374209,False,False,0.0050236924743509,36.848803313094685,149160,5.0236924743509
-6.345404,60,2339.501648,False,False,0.0195420921396337,28.200071666113708,149220,19.542092139633702
-6.755618,60,2339.601655,False,False,0.0449084737568848,45.47199908524608,149280,44.9084737568848
-6.46891,60,2343.203497,False,False,0.0108725223579942,40.22830578053763,149340,10.8725223579942
-7.004548,60,2343.213487,False,False,0.00998356143371,41.35581496400896,149400,9.983561433710001
-6.660011,60,2343.33793,False,False,0.0354329449670494,48.05185601362831,149460,35.4329449670494
-6.057428,60,2343.439933,False,False,0.0244373129502617,42.98797063217131,149520,24.4373129502617
-6.490679,60,2346.36815,False,False,0.0518417072701157,50.1727266244733,149580,51.8417072701157
-6.628015,60,2346.368151,False,True,0.0083025485388973,62.096620269076745,149640,8.3025485388973
-5.38515,60,2346.496586,False,False,0.0444283129750082,32.79627700251506,149700,44.4283129750082
-5.994446,60,2346.596591,False,False,0.0781737098133496,54.51927061933866,149760,78.1737098133496
-5.963949,60,2349.487528,False,False,0.0247321859917997,49.70117305610509,149820,24.732185991799703
-6.205059,60,2349.489531,False,False,0.068848507093545,56.645015973735525,149880,68.848507093545
-5.88904,60,2349.611972,False,False,0.0967511532768878,37.10785912667395,149940,96.75115327688779
-7.138786,60,2349.712977,False,False,0.0324264468026664,64.5239637576233,150000,32.426446802666405
-6.429494,60,2353.403197,False,False,0.0480174874471395,44.169900289710654,150060,48.017487447139494
-6.274122,60,2353.403198,False,False,0.0295173518243533,30.9256543230374,150120,29.5173518243533
-7.332,60,2353.525642,False,False,0.029494896209809,51.03332394058923,150180,29.494896209809
-6.372325,60,2353.627638,False,False,0.0593160553293006,72.51959795404416,150240,59.3160553293006
-6.530093,60,2356.722877,False,False,0.0029643196821165,29.86088815950424,150300,2.9643196821165
-6.205698,60,2356.73187,False,False,0.0066026208953646,45.21912569538557,150360,6.6026208953646
-7.642954,60,2356.854308,False,False,0.0392767243702808,35.83913525529204,150420,39.276724370280796
-5.864661,60,2356.952314,False,False,0.0842170170419802,28.87717252174173,150480,84.2170170419802
-6.541919,60,2360.753145,False,False,0.051743973366868,52.53754015194833,150540,51.743973366868
-5.740341,60,2360.759147,False,False,0.0147016066556526,49.16783085383902,150600,14.7016066556526
-7.255581,60,2360.886584,False,False,0.0262389171397739,30.82477172502768,150660,26.2389171397739
-6.160862,60,2360.985595,False,False,0.0306200141736459,57.39840411593416,150720,30.620014173645902
-5.801539,60,2364.395339,False,False,0.0029306574323978,46.27369940125946,150780,2.9306574323978
-6.148044,60,2364.397336,False,False,0.0012056288320548,35.62788482154582,150840,1.2056288320548
-5.715934,60,2364.523775,False,False,0.0381865936126264,30.166638595735385,150900,38.186593612626396
-5.867132,60,2364.621793,False,False,0.0747189520718252,48.06469824242784,150960,74.7189520718252
-6.547061,60,2368.625628,False,False,0.0020382046582332,30.39372395836109,151020,2.0382046582332003
-5.73011,60,2368.627625,False,False,0.0457943496786898,30.125937913552864,151080,45.7943496786898
-6.195796,60,2368.748061,False,False,0.0173912240787622,35.281361136924126,151140,17.3912240787622
-5.822076,60,2368.855068,False,False,0.009433146584807,37.01118375605174,151200,9.433146584807
-6.852653,60,2371.69501,False,False,0.0148746886357584,45.27327169367336,151260,14.8746886357584
-6.00125,60,2371.704038,False,False,0.071897605990366,32.341248602866536,151320,71.897605990366
-5.697176,60,2371.829479,False,False,0.0530690289268667,30.37523694282445,151380,53.0690289268667
-5.863497,60,2371.93148,False,False,0.1173509572963629,44.50774360209063,151440,117.35095729636289
-6.775735,60,2375.553928,False,False,0.0121064899188519,36.32057064108219,151500,12.106489918851901
-5.786755,60,2375.557942,False,False,0.0739209129462129,32.69127856324873,151560,73.92091294621291
-6.756013,60,2375.685372,False,False,0.0182905182273853,32.85234816426911,151620,18.2905182273853
-6.149032,60,2375.783381,False,False,0.0354726319342537,43.45516873928423,151680,35.4726319342537
-6.480373,60,2378.636655,False,True,0.0776151985385645,41.54174981846966,151740,77.6151985385645
-5.732065,60,2378.640659,False,False,0.064774415387805,29.924912722637146,151800,64.77441538780499
-7.038358,60,2378.762095,False,False,0.0147856372585272,31.686358747795182,151860,14.785637258527201
-5.438072,60,2378.866107,False,False,0.028971773389937,32.97517663021385,151920,28.971773389937
-6.162,60,2382.609113,False,False,0.0110175973731915,40.42022754037894,151980,11.017597373191501
-6.322927,60,2382.617107,False,False,0.0058762766458345,31.25586769977439,152040,5.8762766458345
-5.553794,60,2382.737559,False,False,0.0026301190710079,44.21789933903438,152100,2.6301190710078997
-5.84587,60,2382.843553,False,False,0.0879447122935684,36.49228361185153,152160,87.9447122935684
-7.127731,60,2385.767991,False,False,0.0310881977848201,29.75821319298307,152220,31.0881977848201
-6.492433,60,2385.768995,False,False,0.0402053394064283,33.34886176183837,152280,40.2053394064283
-5.798504,60,2385.890428,False,False,0.0735553308445505,34.422284863061286,152340,73.5553308445505
-6.221326,60,2385.994436,False,False,0.0338711152758644,29.404896100746168,152400,33.8711152758644
-7.370067,60,2389.770801,False,False,0.0198844516622258,51.6701806938688,152460,19.8844516622258
-5.630294,60,2389.771799,False,False,0.0205592175369018,31.837067104012565,152520,20.559217536901798
-6.430316,60,2389.896242,False,False,0.0220995808799001,30.434407453398823,152580,22.099580879900103
-6.28697,60,2389.998245,False,False,0.0014666199271706,33.76136232963528,152640,1.4666199271706
-7.171069,60,2392.802849,False,False,0.0427241787513403,32.86041953392463,152700,42.7241787513403
-5.965156,60,2392.806852,False,False,0.0621136602837721,31.93922154565719,152760,62.1136602837721
-7.134582,60,2392.934289,False,False,0.0096123924845377,38.57653731951218,152820,9.6123924845377
-5.943515,60,2393.034296,False,False,0.0814108618834435,42.22234568120379,152880,81.4108618834435
-5.349918,60,2396.791398,False,False,0.0245049082663905,50.37088083109428,152940,24.504908266390498
-6.047476,60,2396.793395,False,False,0.0010478829045547,32.75294792265521,153000,1.0478829045547
-6.234866,60,2396.917834,False,False,0.0500705008970649,38.29512809109824,153060,50.070500897064896
-7.536111,60,2397.022837,False,False,0.032114162594967,29.79653840729081,153120,32.114162594967
-5.939105,60,2399.962243,False,False,0.0007334310368617,30.65278721023855,153180,0.7334310368617
-5.842964,60,2399.969237,False,False,0.0394931842357511,29.49761335517735,153240,39.4931842357511
-6.493747,60,2400.093679,False,False,0.0217751572941814,32.908956005748614,153300,21.7751572941814
-6.446749,60,2400.186687,False,False,0.0393406378963612,31.57205102923846,153360,39.3406378963612
-5.628207,60,2403.059838,False,False,0.0292752709133326,30.328632354676344,153420,29.275270913332598
-6.371435,60,2403.060826,False,False,0.0161593552438774,33.38553888664726,153480,16.1593552438774
-7.308411,60,2403.185271,False,False,0.0437942179681754,30.04162561689051,153540,43.794217968175396
-6.46493,60,2403.283274,False,False,0.0395931928625643,30.681160514134277,153600,39.593192862564294
-5.861357,60,2406.962089,False,False,0.0550444030655291,35.69463060943689,153660,55.0444030655291
-7.169213,60,2406.966091,False,False,0.0228262077847456,31.096213154613423,153720,22.8262077847456
-5.930015,60,2407.088533,False,False,0.0343879349095841,34.2470575132818,153780,34.3879349095841
-6.535089,60,2407.188534,False,False,0.0434332427419009,30.39701040369505,153840,43.4332427419009
-6.838201,60,2410.661399,False,False,0.0102167441322177,36.38519844993218,153900,10.2167441322177
-6.027202,60,2410.664401,False,False,0.0541176385983375,30.99510225029032,153960,54.1176385983375
-5.666946,60,2410.788836,False,False,0.0471586445767995,31.535735759356594,154020,47.158644576799496
-6.465868,60,2410.886853,False,False,0.0153501737200767,33.127539244711045,154080,15.3501737200767
-6.062285,60,2415.063334,False,False,0.0539452942654039,31.04967460865245,154140,53.945294265403895
-5.813034,60,2415.065318,False,False,0.0709564426211298,30.122147387044308,154200,70.9564426211298
-5.789321,60,2415.189763,False,False,0.0221711101243121,49.979830624029816,154260,22.1711101243121
-5.889196,60,2415.290768,False,False,0.0826791927965279,37.755208474663874,154320,82.6791927965279
-5.866997,60,2418.464111,False,False,0.0035319746681331,35.626546081186106,154380,3.5319746681331
-5.952245,60,2418.468105,False,False,0.0323569988871803,39.56604811931109,154440,32.356998887180296
-5.758588,60,2418.590544,False,False,0.0730227789477531,33.65522488924296,154500,73.0227789477531
-6.165616,60,2418.688548,False,False,0.0072188110168084,33.710024259036764,154560,7.2188110168084
-6.097669,60,2422.199359,False,False,0.0093821896447126,40.63099537885019,154620,9.3821896447126
-5.840237,60,2422.203361,False,False,0.0117849773388803,33.518691845936054,154680,11.784977338880301
-7.10493,60,2422.330798,False,False,0.0400537878908585,30.259711969830843,154740,40.0537878908585
-6.019857,60,2422.428805,False,False,0.0515500560247143,50.27243308259522,154800,51.550056024714294
-5.799226,60,2425.22339,False,False,0.0619753143197835,57.12633155802846,154860,61.9753143197835
-5.779081,60,2425.231388,False,False,0.0286472485476002,34.45139670618392,154920,28.647248547600203
-6.436713,60,2425.356829,False,False,0.0373122504829148,39.849083895193424,154980,37.3122504829148
-6.078406,60,2425.455837,False,False,0.0099009174987091,42.46913574981611,155040,9.9009174987091
-6.406228,60,2428.971748,False,False,0.0177379898468649,32.48750520229497,155100,17.7379898468649
-7.189197,60,2428.972756,False,True,0.0336827578991665,30.138883863267512,155160,33.682757899166496
-7.238178,60,2429.095188,False,False,0.0244050303746005,44.08111131229602,155220,24.4050303746005
-5.503216,60,2429.196193,False,False,0.0515853479176943,44.99222757339977,155280,51.5853479176943
-6.412939,60,2431.985394,False,False,0.0130693602919736,59.843784637710485,155340,13.0693602919736
-6.772885,60,2431.996393,False,False,0.0075868017346141,33.02658800419694,155400,7.586801734614101
-5.3099,60,2432.11884,False,False,0.0407030222167226,32.60355594105787,155460,40.703022216722594
-6.60326,60,2432.213835,False,False,0.0126451749486925,63.4031449530354,155520,12.6451749486925
-6.980843,60,2435.727419,False,False,0.0447404874302667,47.23196367050954,155580,44.7404874302667
-5.480711,60,2435.731406,False,False,0.0243245418236181,40.68440242306185,155640,24.324541823618098
-5.693887,60,2435.861685,False,False,0.0721665678147853,45.21171270815673,155700,72.1665678147853
-6.236969,60,2435.96169,False,False,0.0500506660171715,32.78946007356394,155760,50.0506660171715
-6.400903,60,2438.776358,False,False,0.0611686179960647,30.617356689234068,155820,61.1686179960647
-6.152931,60,2438.782344,False,False,0.0391270053215822,51.17493484729941,155880,39.127005321582196
-5.893862,60,2438.905789,False,False,0.0648008251367877,30.1889253810396,155940,64.8008251367877
-7.210493,60,2439.0018,False,False,0.0474611832260738,43.30188181086537,156000,47.4611832260738
-6.395748,60,2442.469946,False,False,0.0146993498568962,30.16980739430448,156060,14.6993498568962
-6.063734,60,2442.476934,False,False,0.0237365849407104,36.81487509086495,156120,23.7365849407104
-6.660616,60,2442.605375,False,False,0.0233757002994748,36.968205208020585,156180,23.375700299474797
-5.78554,60,2442.70338,False,False,0.0866897841439645,40.18140549659558,156240,86.6897841439645
-5.518877,60,2445.431242,False,False,0.003135745114159,38.86687034102257,156300,3.135745114159
-6.085886,60,2445.433239,False,False,0.0280298123691271,51.088298941171296,156360,28.0298123691271
-6.351507,60,2445.55267,False,False,0.0450738089909717,30.58150199151941,156420,45.0738089909717
-5.896505,60,2445.663683,False,False,0.0043784876505324,35.18230061329573,156480,4.3784876505324
-5.947093,60,2449.382105,False,False,0.0282469302823849,34.55134562978093,156540,28.2469302823849
-6.366289,60,2449.38211,False,False,0.0100715685835619,35.435421902799,156600,10.0715685835619
-6.894853,60,2449.501552,False,False,0.0388551407535462,29.7569063523735,156660,38.8551407535462
-7.039415,60,2449.610547,False,False,0.0293924734862302,35.094663648508885,156720,29.3924734862302
-5.36595,60,2452.36239,False,False,0.0048532959265092,39.19254195640026,156780,4.8532959265092
-5.921135,60,2452.363388,False,False,0.0612745832843284,39.27597472549731,156840,61.2745832843284
-5.884803,60,2452.488827,False,False,0.0554710140325275,45.468170048158775,156900,55.4710140325275
-5.929207,60,2452.586834,False,False,0.0054267468657625,40.03970487971732,156960,5.4267468657625
-5.603295,60,2456.174131,False,False,0.0645587939355509,33.338114510265086,157020,64.55879393555091
-6.065077,60,2456.177118,False,False,0.058738967989193,40.61110399622574,157080,58.738967989193
-5.879558,60,2456.301568,False,False,0.0237805974477832,33.036996688127545,157140,23.7805974477832
-6.524443,60,2456.399569,False,False,0.0181925151783106,53.03251890326225,157200,18.192515178310597
-5.51967,60,2459.612006,False,False,0.0700249621644259,30.034861619686183,157260,70.0249621644259
-5.518113,60,2459.614002,False,False,0.0272387888421989,31.79128831188054,157320,27.2387888421989
-7.685519,60,2459.739443,False,False,0.0449952382828033,30.100257915427488,157380,44.9952382828033
-5.778093,60,2459.838446,False,False,0.0722790015769137,30.90711875120356,157440,72.2790015769137
-5.708821,60,2463.255815,False,False,0.0460539035554798,30.07325443867802,157500,46.0539035554798
-5.932977,60,2463.256815,False,False,0.0351533742826909,30.438642284336005,157560,35.1533742826909
-5.975684,60,2463.385252,False,False,0.0045578200526743,37.06070753418988,157620,4.5578200526743
-6.103384,60,2463.484257,False,False,0.0394426062279845,33.10460248514733,157680,39.4426062279845
-6.69905,60,2467.271552,False,False,0.0165382819643931,42.413196594463706,157740,16.5382819643931
-5.942196,60,2467.274551,False,False,0.0099453394814322,30.060555094402638,157800,9.945339481432201
-6.072154,60,2467.392995,False,False,0.0526234878829798,41.82111332645895,157860,52.623487882979795
-6.294506,60,2467.502993,False,False,0.0293651850169084,32.386821578310034,157920,29.3651850169084
-6.043055,60,2470.225016,False,False,0.0367037810546729,45.6111828556266,157980,36.7037810546729
-6.278158,60,2470.233006,False,False,0.0252091199369446,35.153066111584884,158040,25.2091199369446
-7.425526,60,2470.352453,False,False,0.049499335377651,30.503003496233603,158100,49.499335377651
-5.747201,60,2470.458453,False,False,0.0047225031820967,63.43186543656346,158160,4.7225031820967
-7.607766,60,2474.18625,False,True,0.0067336747228826,68.12007616440525,158220,6.733674722882601
-7.659393,60,2474.188246,False,True,0.0417426667003798,30.425133854246628,158280,41.7426667003798
-5.701524,60,2474.307691,False,False,0.0428346202582823,46.51941127366611,158340,42.8346202582823
-5.418296,60,2474.410696,False,False,0.0218477980234688,48.80551686798496,158400,21.8477980234688
-5.01908,60,2477.41176,False,False,0.0022944083445074,70.64302000192949,158460,2.2944083445074
-6.371743,60,2477.41576,False,False,0.0181379000167272,48.27505806848453,158520,18.1379000167272
-6.904687,60,2477.544195,False,False,0.0442958858714039,58.19236233561114,158580,44.295885871403904
-6.889959,60,2477.6452,False,False,0.0405378598448223,54.51680239961856,158640,40.5378598448223
-5.645483,60,2482.120692,False,True,0.0115157650820219,39.29868344706477,158700,11.5157650820219
-5.960613,60,2482.122406,False,False,0.0601172695840005,49.58658928626532,158760,60.1172695840005
-5.882639,60,2482.247256,False,False,0.0651328396635616,59.66595384853789,158820,65.13283966356161
-5.983406,60,2482.351704,False,False,0.0336395895026717,55.15851596004536,158880,33.6395895026717
-6.166172,60,2485.657315,False,False,0.0860142566117251,51.28358013974446,158940,86.0142566117251
-6.168099,60,2485.660311,False,False,0.0185729311702666,48.69596548623815,159000,18.5729311702666
-6.831513,60,2485.797746,False,False,0.0547561758062697,63.90556211282603,159060,54.7561758062697
-5.413075,60,2485.887753,False,False,0.0179878020185926,46.28257582839607,159120,17.9878020185926
-7.017859,60,2490.16359,False,False,0.0312595527429179,59.30824265703449,159180,31.259552742917897
-6.592235,60,2490.164587,False,False,0.0332362634349262,46.15672560562872,159240,33.2362634349262
-6.715857,60,2490.29402,False,False,0.0358834250462254,61.17154211655262,159300,35.883425046225405
-6.27391,60,2490.391035,False,False,0.0498188701677466,61.14629847444635,159360,49.8188701677466
-7.868905,60,2493.186997,False,False,0.0574181360280424,77.64382188999885,159420,57.418136028042404
-6.14119,60,2493.189993,False,False,0.0419775277297924,36.00118648443424,159480,41.9775277297924
-7.372949,60,2493.314435,False,False,0.0708346566531063,45.02550836848207,159540,70.83465665310631
-7.391606,60,2493.413443,False,False,0.038962991678493,80.51457416836024,159600,38.962991678493
-6.787915,60,2497.0246,False,False,0.0351398728584651,69.83195423018175,159660,35.1398728584651
-7.306484,60,2497.025596,False,False,0.0312959023885226,49.57930300033878,159720,31.295902388522602
-6.75849,60,2497.148038,False,False,0.0419203041771024,52.844415876915264,159780,41.9203041771024
-6.999838,60,2497.250045,False,False,0.0005213583836388,57.96212203814908,159840,0.5213583836387999
-6.914923,60,2500.077402,False,False,0.0062199383829492,37.13842429954909,159900,6.219938382949199
-6.365209,60,2500.082394,False,True,0.0481370620375315,45.43763758878389,159960,48.1370620375315
-5.674688,60,2500.201844,False,False,0.000717625900531,43.30180900181485,160020,0.717625900531
-5.350196,60,2500.303845,False,False,0.0046545174412711,34.584547211687806,160080,4.6545174412711
-6.110479,60,2503.873961,False,True,0.0605147593323971,48.31190928335301,160140,60.5147593323971
-5.631428,60,2503.876956,False,False,0.0828822173776013,31.415832366290687,160200,82.88221737760131
-6.334673,60,2503.997401,False,False,0.0499820097462591,56.86319471468142,160260,49.982009746259095
-6.825317,60,2504.098406,False,False,0.0081390691992728,60.335783144067655,160320,8.1390691992728
-6.036633,60,2506.951478,False,False,0.0296902736301996,34.28314721588122,160380,29.690273630199602
-6.801495,60,2506.95148,False,False,0.0155806124932447,52.367054813861024,160440,15.580612493244699
-7.019875,60,2507.080917,False,False,0.0574800871065731,56.85564223228205,160500,57.480087106573095
-7.426205,60,2507.177926,False,False,0.0534622249240132,58.79571933400196,160560,53.4622249240132
-5.815009,60,2510.852927,False,False,0.0183797376890255,63.32833580014863,160620,18.3797376890255
-5.725014,60,2510.85393,False,False,0.0646389883907423,49.19099619028469,160680,64.6389883907423
-7.24797,60,2510.97837,False,False,0.0140823841970864,35.28927160382796,160740,14.0823841970864
-5.461218,60,2511.082369,False,False,0.0336649573605696,54.20311669357488,160800,33.664957360569595
-5.742758,60,2513.8575,False,False,0.0296639766794955,75.79944721987373,160860,29.663976679495498
-6.754413,60,2513.861498,False,True,0.0521804374874931,73.11685684999831,160920,52.180437487493094
-6.90624,60,2513.983947,False,False,0.0124991817832762,56.71632488186077,160980,12.499181783276201
-5.730834,60,2514.086944,False,False,0.0833913648228896,32.19356470365447,161040,83.3913648228896
-6.800947,60,2516.865598,False,False,0.018261176129788,47.534074661329775,161100,18.261176129788
-6.022411,60,2516.865603,False,False,0.0241418415819819,50.87329638397869,161160,24.1418415819819
-6.781125,60,2516.995042,False,False,0.0468234422290495,45.559097929687226,161220,46.823442229049505
-6.718224,60,2517.094045,False,False,0.0202156616634028,45.01349687042695,161280,20.215661663402802
-5.663983,60,2520.655637,False,False,0.0504434870711931,47.193319504974944,161340,50.443487071193104
-5.572807,60,2520.661637,False,False,0.0002124023174386,58.60252117916507,161400,0.2124023174386
-6.512359,60,2520.784066,False,False,0.0520683152046537,60.4560988744489,161460,52.0683152046537
-5.895334,60,2520.879072,False,False,0.0976403450690135,55.35238259720482,161520,97.6403450690135
-6.887156,60,2523.699621,False,False,0.0270032572406212,56.8879382383435,161580,27.0032572406212
-6.306942,60,2523.699622,False,False,0.0387642276769602,43.22527554271431,161640,38.7642276769602
-7.028669,60,2523.826062,False,False,0.0381796698288189,30.82806908563968,161700,38.1796698288189
-6.350056,60,2523.928064,False,True,0.0162449151544034,47.89026674635823,161760,16.244915154403397
-6.848807,60,2527.551392,False,False,0.0356341947347545,41.0575058740828,161820,35.6341947347545
-6.100145,60,2527.55539,False,False,0.0258021156816042,54.18108197795517,161880,25.8021156816042
-6.010994,60,2527.675829,False,False,0.0879621888565455,52.43925457855056,161940,87.9621888565455
-6.215483,60,2527.784831,False,False,0.0377083540902803,57.077710921340326,162000,37.708354090280295
-7.483195,60,2530.544667,False,False,0.0262564920653528,49.410368634370016,162060,26.2564920653528
-7.20935,60,2530.552656,False,False,0.0231324437467821,58.010717105571146,162120,23.1324437467821
-6.35915,60,2530.6761,False,False,0.0289484802423514,62.96109885272092,162180,28.9484802423514
-6.232256,60,2530.772106,False,False,0.0651999491218553,63.97846963425576,162240,65.1999491218553
-5.802057,60,2534.297389,False,False,0.0705033413123461,51.42792650287313,162300,70.50334131234611
-7.238616,60,2534.301715,False,False,0.0022095825402087,65.57902729711361,162360,2.2095825402087
-5.981132,60,2534.425999,False,False,0.068885896314122,44.43536078996911,162420,68.885896314122
-6.045709,60,2534.52525,False,False,0.0586691755209522,60.78804899814949,162480,58.6691755209522
-6.661074,60,2537.693592,False,False,0.026903652084463,56.70704183423592,162540,26.903652084462998
-7.1952,60,2537.698586,False,False,0.0285613436350752,30.94773992995625,162600,28.5613436350752
-7.332738,60,2537.821029,False,False,0.0295522583894075,66.71688024807513,162660,29.552258389407502
-6.168055,60,2537.924034,False,False,0.0480147165019623,42.69963394060644,162720,48.0147165019623
-6.028896,60,2541.539643,False,False,0.0629261904137921,40.03338683283413,162780,62.926190413792106
-6.39322,60,2541.539645,False,False,0.0127032560571936,33.32198254266837,162840,12.7032560571936
-5.809871,60,2541.670077,False,False,0.0944127664630003,33.85284557896582,162900,94.4127664630003
-6.464229,60,2541.763089,False,False,0.0079527025335898,52.316092539714845,162960,7.952702533589799
-6.841225,60,2544.535141,False,False,0.0024880818498509,40.33384471380475,163020,2.4880818498509
-6.52305,60,2544.544135,False,False,0.0475884596163816,47.53773959682281,163080,47.5884596163816
-6.649149,60,2544.671569,False,False,0.0487777233697237,30.979513750889804,163140,48.777723369723695
-6.637234,60,2544.772574,False,False,0.0131979355479721,51.05700241352412,163200,13.197935547972099
-7.042974,60,2548.320975,False,False,0.0127171966910849,37.23192388560682,163260,12.717196691084899
-7.073653,60,2548.324972,False,False,0.0078097051334439,56.20802761152202,163320,7.8097051334439005
-6.0171,60,2548.451418,False,False,0.0441134205402959,30.16666606534001,163380,44.1134205402959
-5.719382,60,2548.550414,False,False,0.0442776304803456,43.19374398509143,163440,44.2776304803456
-6.494824,60,2551.359664,False,False,0.0011320619081414,62.07189899479007,163500,1.1320619081413998
-6.808681,60,2551.363658,False,False,0.0017815564359536,37.99169313201617,163560,1.7815564359536
-6.326141,60,2551.487101,False,False,0.021008218437528,33.97265246311822,163620,21.008218437527997
-5.88361,60,2551.59109,False,False,0.0592204913670918,51.80603004582467,163680,59.2204913670918
-6.897688,60,2555.116455,False,False,0.0038677757076982,38.78620183449814,163740,3.8677757076982
-7.298014,60,2555.124459,False,False,0.0209003389941072,43.21802969728107,163800,20.9003389941072
-5.886785,60,2555.251895,False,False,0.0613371862271639,48.31180050358498,163860,61.3371862271639
-5.784203,60,2555.347904,False,False,0.0456526749261408,32.17970154476264,163920,45.6526749261408
-6.344621,60,2558.161695,False,False,0.0179474288212813,75.21179591745742,163980,17.947428821281303
-5.808888,60,2558.166695,False,False,0.0054239833046842,43.34893606639925,164040,5.4239833046842
-5.943151,60,2558.284143,False,False,0.1049921663804751,44.709682970597456,164100,104.9921663804751
-5.698992,60,2558.389139,False,False,0.0063817863040266,64.64383828624285,164160,6.3817863040266
-5.929482,60,2561.913643,False,False,0.0515369294368288,49.946125559021546,164220,51.5369294368288
-6.173972,60,2561.918637,False,False,0.0366826061440326,75.09303874269226,164280,36.6826061440326
-6.440849,60,2562.043076,False,False,0.0574442994909243,49.30000240216901,164340,57.4442994909243
-6.589916,60,2562.144081,False,False,0.0345617503503531,46.29291536157468,164400,34.5617503503531
-5.948297,60,2564.924935,False,False,0.0482086681817382,58.100304434642446,164460,48.2086681817382
-5.923944,60,2564.934925,False,False,0.0452908716197854,52.19730378281075,164520,45.2908716197854
-6.14358,60,2565.060366,False,False,0.0672981923925841,38.79957372192904,164580,67.2981923925841
-6.87302,60,2565.15537,False,False,0.0137205842200017,47.57126846569888,164640,13.720584220001701
-5.192528,60,2568.884346,False,False,0.0199213841292733,49.06253638984033,164700,19.9213841292733
-5.845176,60,2568.887343,False,False,0.0753399453694929,57.60977016481993,164760,75.3399453694929
-6.068401,60,2569.012784,False,False,0.044322471359074,49.918417213600215,164820,44.322471359074
-6.382365,60,2569.114787,False,False,0.065177117290403,46.94125120831229,164880,65.177117290403
-6.10425,60,2571.942774,False,False,0.0299365494783894,34.17783753325424,164940,29.936549478389402
-6.395741,60,2571.942775,False,False,0.0649835957066818,55.74292687000153,165000,64.9835957066818
-7.265727,60,2572.071217,False,False,0.0361385381081415,56.963494980899554,165060,36.1385381081415
-6.07787,60,2572.176218,False,False,0.0470751490001733,51.39748729784564,165120,47.075149000173305
-6.031465,60,2574.932863,False,False,0.0304629383162726,58.07761541868133,165180,30.4629383162726
-7.216865,60,2574.935858,False,False,0.0062952348825385,61.95254664825159,165240,6.2952348825385
-5.694664,60,2575.062298,False,False,0.0305877538445561,42.39870803879895,165300,30.5877538445561
-6.350008,60,2575.163303,False,False,0.0253420059740621,40.28180957265528,165360,25.3420059740621
-5.859829,60,2578.667907,False,False,0.0586917401368137,36.59356253446834,165420,58.6917401368137
-5.939127,60,2578.673909,False,False,0.0275907728628515,67.5445537845872,165480,27.5907728628515
-6.494834,60,2578.800339,False,False,0.0094564711640436,33.23980620395819,165540,9.456471164043599
-5.845107,60,2578.898346,False,False,0.0383683255493402,61.290844980153175,165600,38.3683255493402
-6.656929,60,2581.658334,False,False,0.0497513973345298,41.91242441213408,165660,49.751397334529806
-6.11392,60,2581.660343,False,False,0.0540575057344629,49.3822100977131,165720,54.0575057344629
-7.112329,60,2581.785783,False,False,0.0423378575196545,40.53522711657817,165780,42.3378575196545
-5.794774,60,2581.886788,False,False,0.0699356875988839,36.89668992891682,165840,69.9356875988839
-6.076984,60,2585.344733,False,False,0.0488117384771742,53.35378723585145,165900,48.8117384771742
-6.46552,60,2585.349821,False,False,0.0018846282704921,41.871561043449695,165960,1.8846282704921
-6.390724,60,2585.474745,False,False,0.0291626470715695,30.954737823107035,166020,29.1626470715695
-6.241027,60,2585.574203,False,False,0.0169813351629766,28.26197121136225,166080,16.981335162976603
-5.969976,60,2588.368801,False,False,0.0500726084760474,54.8496749063095,166140,50.0726084760474
-5.961393,60,2588.375795,False,False,0.0367055918654242,34.08010124871372,166200,36.7055918654242
-6.104026,60,2588.498245,False,False,0.0140334191091772,36.94023885388945,166260,14.033419109177201
-5.7075,60,2588.602241,False,False,0.0253084258491542,40.21577542571185,166320,25.3084258491542
-5.792821,60,2592.139151,False,False,0.0266311318917991,58.23218847216659,166380,26.6311318917991
-5.712828,60,2592.14414,False,False,0.0021667621118393,50.58777115607558,166440,2.1667621118393
-6.811126,60,2592.269589,False,False,0.0197529541038581,46.37272674992932,166500,19.752954103858098
-5.94023,60,2592.372582,False,False,0.0217708198212402,49.70698696353328,166560,21.770819821240202
-6.257267,60,2595.132742,False,False,0.0282849525877126,31.69465962314632,166620,28.2849525877126
-5.98208,60,2595.133744,False,False,0.0689484282682394,62.22457100981942,166680,68.9484282682394
-7.250842,60,2595.262171,False,False,0.0410823393381912,58.83843056268318,166740,41.0823393381912
-6.638548,60,2595.360189,False,False,0.0048355867259087,39.59333086307873,166800,4.8355867259086995
-5.596348,60,2599.313926,False,False,0.0253322157849395,59.53027092930557,166860,25.3322157849395
-5.381686,60,2599.321779,False,False,0.02031581226282,73.90525065995323,166920,20.31581226282
-6.173188,60,2599.440366,False,False,0.0419432527090467,44.55059556323436,166980,41.943252709046696
-5.571851,60,2599.543187,False,False,0.0184752203815549,52.55288564732778,167040,18.475220381554898
-5.602049,60,2603.237438,False,False,0.0737653995204395,31.108466008019604,167100,73.7653995204395
-7.028854,60,2603.237438,False,False,0.0093914329194502,48.91756008074051,167160,9.3914329194502
-6.982733,60,2603.358269,False,False,0.0187341857759091,59.29768992650281,167220,18.7341857759091
-5.822657,60,2603.459807,False,False,0.038858255791391,59.9140608701525,167280,38.858255791391
-6.236611,60,2607.728117,False,False,0.0535672743852039,59.958709517343145,167340,53.5672743852039
-6.466919,60,2607.72912,False,False,0.0292745809897656,62.061433635131095,167400,29.2745809897656
-6.880039,60,2607.853562,False,False,0.0421722723501331,34.92710376693165,167460,42.1722723501331
-7.089566,60,2607.955565,False,False,0.0453470089821515,66.0425895065092,167520,45.3470089821515
-6.072146,60,2611.17811,False,False,0.078199007463298,63.67868199026368,167580,78.199007463298
-6.292585,60,2611.181112,False,True,0.0058259008211499,66.15026641843978,167640,5.8259008211499
-6.246113,60,2611.300877,False,False,0.0716271542461954,73.87876696384129,167700,71.6271542461954
-5.70683,60,2611.404534,False,False,0.0428935163529228,32.7368717135327,167760,42.8935163529228
-6.018581,60,2615.487733,False,False,0.0768880042280815,68.11649025956815,167820,76.8880042280815
-6.537253,60,2615.492726,False,False,0.0132569596961476,42.4113259614683,167880,13.2569596961476
-5.81949,60,2615.618167,False,False,0.0299424850750016,72.63057328291363,167940,29.9424850750016
-7.616261,60,2615.716175,False,False,0.027041059765655,57.94200932318193,168000,27.041059765655
-5.469002,60,2618.918022,False,False,0.0192332322816622,27.196609158953184,168060,19.2332322816622
-7.016773,60,2618.919019,False,False,0.0165213941058945,75.06145334514154,168120,16.5213941058945
-6.984491,60,2619.04446,False,False,0.0051839511990906,39.46391597013385,168180,5.1839511990905995
-6.261303,60,2619.145465,False,False,0.0167980636414307,55.3225556944176,168240,16.798063641430698
-6.278017,60,2623.226034,False,False,0.0401098029095333,62.34808289039012,168300,40.1098029095333
-6.197167,60,2623.231036,False,False,0.0592223683652237,48.0066424841522,168360,59.2223683652237
-6.342992,60,2623.359471,False,False,0.0167408632370847,39.73517677558483,168420,16.7408632370847
-7.060669,60,2623.453474,False,False,0.0252297099511144,50.25520215438475,168480,25.229709951114398
-6.022359,60,2626.352451,False,False,0.0410448707613838,34.7263577031465,168540,41.0448707613838
-6.252077,60,2626.356444,False,False,0.0131293482605365,58.01020193219993,168600,13.1293482605365
-6.668485,60,2626.481884,False,False,0.0150526615876929,37.6253444546504,168660,15.0526615876929
-6.09259,60,2626.579894,False,False,0.0058948401961908,35.28730539780414,168720,5.8948401961908
-7.309969,60,2629.996159,False,False,0.0382236036111912,72.30584867630205,168780,38.223603611191194
-6.531086,60,2629.998155,False,False,0.0159972098638162,45.5069045367764,168840,15.9972098638162
-6.328203,60,2630.12459,False,False,0.0247608183032035,27.50053465920932,168900,24.7608183032035
-5.912817,60,2630.224601,False,False,0.0645272787005783,61.88412801742459,168960,64.5272787005783
-7.23787,60,2634.090802,False,False,0.0199103599971264,44.487606346049176,169020,19.910359997126402
-6.910345,60,2634.091803,False,False,0.0030833865728191,31.407082507632424,169080,3.0833865728191
-5.728053,60,2634.219238,False,False,0.0357006489015174,30.408754542554057,169140,35.7006489015174
-6.143994,60,2634.317247,False,False,0.0034071502349094,49.26396664433987,169200,3.4071502349094
-5.795049,60,2637.129539,False,False,0.0690831929861725,28.682585009843237,169260,69.0831929861725
-6.172556,60,2637.136531,False,False,0.0724983036361969,40.296685296613305,169320,72.4983036361969
-5.943063,60,2637.260976,False,False,0.024028112207935,31.958694761243592,169380,24.028112207935
-6.527529,60,2637.362977,False,False,0.0401679552097091,29.383529763134824,169440,40.1679552097091
-5.827782,60,2641.189802,False,False,0.0189074589671366,31.63038174473645,169500,18.9074589671366
-6.301658,60,2641.192805,False,False,0.0429634443209842,30.639234859714986,169560,42.9634443209842
-5.822417,60,2641.319237,False,False,0.0182602828149434,50.5109109081213,169620,18.2602828149434
-5.650227,60,2641.414227,False,False,0.0376721136848362,50.0814625047178,169680,37.672113684836205
-7.104013,60,2644.11891,False,False,0.0131037506544359,46.3303365487382,169740,13.1037506544359
-5.750034,60,2644.125907,False,False,0.0395343658437334,55.09200044146115,169800,39.5343658437334
-5.937449,60,2644.246347,False,False,0.0493845323389823,44.64934376146088,169860,49.384532338982304
-5.676621,60,2644.343355,False,False,0.022402969205314,50.24143534904979,169920,22.402969205314
-5.965061,60,2648.256985,False,False,0.0402356266042414,59.17852998899177,169980,40.235626604241396
-5.809669,60,2648.263615,False,False,0.0543902656854996,34.52657864712452,170040,54.3902656854996
-5.841226,60,2648.390026,False,False,0.0325949194049368,43.63116685203688,170100,32.594919404936796
-6.314939,60,2648.49103,False,False,0.002043307717719,53.93062741064906,170160,2.0433077177189998
-7.183963,60,2655.722843,False,False,0.0160567632032374,30.816664864714635,170220,16.056763203237402
-6.866131,60,2655.73684,False,False,0.0479865567697759,55.83552157810216,170280,47.9865567697759
-6.208741,60,2655.851274,False,False,0.0139062897382313,40.04964613320878,170340,13.9062897382313
-6.265678,60,2655.955282,False,False,0.0453446158208118,36.22677826865568,170400,45.344615820811796
-6.172617,60,2663.895746,False,False,0.0387666886196775,38.09468682549023,170460,38.766688619677495
-6.496658,60,2663.902968,False,False,0.0487778552972181,52.26286034746888,170520,48.777855297218096
-6.094231,60,2664.030401,False,False,0.0026692206488779,35.640071858972114,170580,2.6692206488779
-6.728794,60,2664.130409,False,False,0.0193638314328807,52.171035802720496,170640,19.3638314328807
-5.707706,60,2670.720935,False,False,0.0041007112103701,50.52706720894078,170700,4.1007112103701
-7.799686,60,2670.729393,False,False,0.0391151635577902,29.93125777233917,170760,39.1151635577902
-7.286103,60,2670.851365,False,False,0.0246634173611521,49.00580099791574,170820,24.663417361152103
-7.104399,60,2670.95237,False,False,0.0058290297695946,56.79703312236321,170880,5.8290297695946
-6.61504,60,2677.650171,False,False,0.0249248289028153,28.822135187817487,170940,24.9248289028153
-6.51391,60,2677.651167,False,False,0.0119697402756326,66.15192767545607,171000,11.9697402756326
-5.838721,60,2677.778605,False,False,0.0986771764065819,32.064374376079925,171060,98.67717640658189
-6.918873,60,2677.878613,False,False,0.0056223221368709,27.72910002636269,171120,5.6223221368709
-6.175548,60,2681.262597,False,False,0.0243433020542896,28.832875449619443,171180,24.3433020542896
-5.747247,60,2681.266605,False,False,0.0702166703481739,41.84445206247566,171240,70.2166703481739
-5.788897,60,2681.389037,False,False,0.0120321410359993,35.59244415477611,171300,12.0321410359993
-5.91257,60,2681.489043,False,False,0.0284118143679588,32.49992026041964,171360,28.4118143679588
-5.825219,60,2685.266296,False,False,0.0138813247372835,38.09548920048968,171420,13.881324737283501
-5.719974,60,2685.267282,False,False,0.0567539319815829,28.08274135568425,171480,56.7539319815829
-5.834969,60,2685.391737,False,False,0.0955851342102454,31.82108162394745,171540,95.5851342102454
-6.145301,60,2685.49173,False,False,0.0407041516760394,44.79281799806481,171600,40.7041516760394
-5.479485,60,2688.661308,False,False,0.0493873498872217,30.601826769225934,171660,49.3873498872217
-5.742883,60,2688.662292,False,False,0.0129550062227884,36.673775264793925,171720,12.9550062227884
-6.081888,60,2688.78973,False,False,0.0110293140679795,39.23996649337639,171780,11.0293140679795
-6.456166,60,2688.887745,False,False,0.0063736038846006,39.59112957642851,171840,6.3736038846006
-5.658657,60,2692.654575,False,False,0.0515914187601516,29.88631929775785,171900,51.591418760151605
-5.623454,60,2692.657577,False,False,0.0104760040858048,51.05403734122726,171960,10.4760040858048
-6.002483,60,2692.78601,False,False,0.0055274362791556,45.37656867531948,172020,5.5274362791556
-6.050505,60,2692.880019,False,False,0.0162366430493455,29.272845363691,172080,16.2366430493455
-7.402198,60,2695.826916,False,False,0.0341610141993613,33.976806351485656,172140,34.161014199361304
-6.126329,60,2695.828912,False,False,0.0398785701969214,64.80530841749146,172200,39.878570196921395
-5.626292,60,2695.958351,False,False,0.0442838003658771,40.44474049373213,172260,44.2838003658771
-5.590067,60,2696.055358,False,False,0.0410377184688664,41.76089778970799,172320,41.037718468866395
-5.777269,60,2699.75942,False,False,0.0319489338561419,40.58127681652613,172380,31.9489338561419
-7.084419,60,2699.765415,False,False,0.031737938320271,56.887144064460266,172440,31.737938320271
-5.688773,60,2699.890855,False,False,0.0150640847619334,50.55048577331776,172500,15.064084761933401
-5.926396,60,2699.980864,False,False,0.0600701156118745,38.790902644968384,172560,60.070115611874506
-6.084588,60,2702.928385,False,False,0.0279306939182494,35.95322094183161,172620,27.9306939182494
-7.03777,60,2702.931388,False,False,0.0113825476535198,63.233465813715256,172680,11.3825476535198
-6.652765,60,2703.053826,False,False,0.0350740050119526,55.27252563879394,172740,35.0740050119526
-6.949334,60,2703.150833,False,False,0.0346397517392123,53.94882007439724,172800,34.6397517392123
-6.003963,60,2706.144457,False,False,0.0657918160542722,31.773165047150066,172860,65.7918160542722
-6.630993,60,2706.154453,False,False,0.0123577022745469,40.468544118182855,172920,12.3577022745469
-7.482502,60,2706.274893,False,False,0.0241902718658769,43.36206190962714,172980,24.190271865876902
-5.671993,60,2706.372896,False,False,0.052191877151453,44.38144957330307,173040,52.191877151453
-5.507084,60,2710.029322,False,False,0.0417605537199731,34.614625801287346,173100,41.7605537199731
-6.384677,60,2710.030318,False,False,0.0178137336016521,39.758961098418695,173160,17.8137336016521
-7.396066,60,2710.154759,False,False,0.0366820847812963,48.40752973600817,173220,36.682084781296304
-5.841751,60,2710.248765,False,False,0.011437404831792,20.065940870142512,173280,11.437404831792
-5.754961,60,2713.158981,False,False,0.0743030966718626,46.281601242186106,173340,74.3030966718626
-6.250455,60,2713.162973,False,False,0.0040702963120218,46.61146047219736,173400,4.0702963120218
-7.058486,60,2713.281427,False,False,0.0029055975830296,63.92511091284415,173460,2.9055975830296
-6.021497,60,2713.383418,False,False,0.0103007562665335,56.11260177675397,173520,10.300756266533499
-6.606357,60,2717.402774,False,False,0.0195279234376052,61.337408853443485,173580,19.5279234376052
-6.181684,60,2717.407764,False,False,0.0059262906005434,47.71265138244446,173640,5.9262906005434
-5.783042,60,2717.531209,False,False,0.030424615390295,30.12455394578393,173700,30.424615390295
-5.637209,60,2717.63421,False,False,0.0809809298906841,30.8080618093598,173760,80.98092989068411
-6.834036,60,2721.858912,False,False,0.006587603247871,30.666394524825577,173820,6.587603247871
-6.096148,60,2721.860909,False,False,0.059789109215495,40.34951314794067,173880,59.789109215494996
-6.030262,60,2721.974351,False,False,0.0592880786625337,50.22457849590825,173940,59.2880786625337
-6.654311,60,2722.071366,False,False,0.0314649828113005,56.48640768861451,174000,31.4649828113005
-5.899536,60,2726.922488,False,False,0.0495937187484032,38.68591783160864,174060,49.593718748403205
-7.470382,60,2726.929116,False,False,0.0544565263064381,50.93999978193381,174120,54.4565263064381
-5.729237,60,2727.050935,False,False,0.0055572494332007,26.038472869365748,174180,5.557249433200701
-5.841157,60,2727.153917,False,False,0.0710514373747664,49.4095458518436,174240,71.0514373747664
-7.097408,60,2730.619823,False,False,0.0035305465816887,34.888744136032884,174300,3.5305465816887
-6.636459,60,2730.622821,False,False,0.0016224273022928,38.76700441040408,174360,1.6224273022928
-7.273678,60,2730.745262,False,False,0.0481595139738457,40.28692610700886,174420,48.1595139738457
-6.403766,60,2730.851263,False,False,0.0327553286762449,51.92830783004677,174480,32.7553286762449
-6.449548,60,2734.486619,False,False,0.0323449700040926,36.8869397836731,174540,32.3449700040926
-5.95438,60,2734.491608,False,False,0.1029762488020275,36.59082128386996,174600,102.97624880202751
-5.643595,60,2734.612054,False,False,0.027232285303835,32.995196353645326,174660,27.232285303835
-5.920952,60,2734.710054,False,False,0.0558616254821419,38.51829194712434,174720,55.8616254821419
-5.614518,60,2737.697723,False,False,0.0436480045633016,29.37226275207034,174780,43.6480045633016
-5.636639,60,2737.703717,False,False,0.0609959554003567,30.676017661601183,174840,60.9959554003567
-5.862049,60,2737.822165,False,False,0.0649853084057196,48.324472983779856,174900,64.9853084057196
-5.830237,60,2737.93116,False,False,0.0738551894808189,31.70017611314342,174960,73.8551894808189
-7.046505,60,2742.047539,False,False,0.0192046874329857,30.78925378676917,175020,19.2046874329857
-6.555972,60,2742.049535,False,False,6.999014461069562e-05,33.05721062393567,175080,0.06999014461069562
-5.820453,60,2742.176978,False,False,0.0208767277450391,37.94790011119648,175140,20.8767277450391
-6.040843,60,2742.277983,False,False,0.0647282262576302,35.757841193920974,175200,64.7282262576302
-5.960831,60,2745.276589,False,False,0.0499171909523556,50.46304257707204,175260,49.9171909523556
-6.827175,60,2745.27759,False,False,0.0112718912959497,26.067668569101077,175320,11.2718912959497
-5.786042,60,2745.40203,False,False,0.0354633969748036,30.15668453383705,175380,35.4633969748036
-6.451064,60,2745.500037,False,False,0.0030454860091066,31.842160593498832,175440,3.0454860091066
-6.919305,60,2749.573973,False,False,0.0307557051676851,28.37571460147436,175500,30.7557051676851
-6.393927,60,2749.575974,False,False,0.0373972615192554,29.99647314507836,175560,37.397261519255395
-6.106473,60,2749.702409,False,False,0.0309164166050504,30.08074818425964,175620,30.9164166050504
-5.923792,60,2749.805411,False,False,0.0609828193508652,29.703169340787,175680,60.9828193508652
-5.665221,60,2753.337239,False,False,0.0392329468205912,32.11055821864887,175740,39.232946820591195
-4.905505,60,2753.340228,False,False,0.0011015632921042,22.996084715140142,175800,1.1015632921042
-5.701164,60,2753.465669,False,False,0.0540531919076037,34.64872111686197,175860,54.053191907603704
-6.017979,60,2753.564669,False,False,0.0889441318894966,40.45464125476095,175920,88.9441318894966
-5.924122,60,2757.810811,False,False,0.0479693561208001,29.704175381937365,175980,47.9693561208001
-6.706072,60,2757.816811,False,False,0.0163278144072831,46.59204188582748,176040,16.3278144072831
-5.809818,60,2757.942251,False,False,0.0982173067010044,36.734828949121216,176100,98.2173067010044
-5.962019,60,2758.038253,False,False,0.0134917494288746,28.574298068448783,176160,13.4917494288746
-5.630924,60,2761.001588,False,False,0.0294206047860365,28.428985078624223,176220,29.4206047860365
-5.739799,60,2761.005581,False,False,0.020798017032986,25.82163568255761,176280,20.798017032986003
-5.841189,60,2761.127012,False,False,0.0401650548230604,48.53010585164911,176340,40.1650548230604
-7.045712,60,2761.23003,False,False,0.0064073415527706,48.74958312497015,176400,6.4073415527706
-7.002291,60,2764.09398,False,False,0.03535024750602,29.776546679864147,176460,35.35024750602
-5.814745,60,2764.09398,False,False,0.0466671049759071,27.30378246302103,176520,46.6671049759071
-5.997596,60,2764.222416,False,False,0.0640449636356262,63.59339604151416,176580,64.0449636356262
-7.073715,60,2764.320426,False,False,0.026961767677706,29.959317169723064,176640,26.961767677706
-5.962268,60,2768.123324,False,False,0.0409255066786897,26.814456804555185,176700,40.9255066786897
-5.866118,60,2768.124321,False,False,0.0642510222614778,29.70290912378846,176760,64.2510222614778
-5.913648,60,2768.259778,False,False,0.0312851741436179,50.845110600048336,176820,31.2851741436179
-6.748117,60,2768.358766,False,False,0.0042620646797133,20.76276347197458,176880,4.2620646797132995
-5.792282,60,2771.254479,False,False,0.0649918609624435,32.18153400951991,176940,64.9918609624435
-5.687407,60,2771.25648,False,False,0.0002277102374348,30.452919713741046,177000,0.2277102374348
-5.911327,60,2771.378925,False,False,0.0617585347516345,29.81692694583675,177060,61.7585347516345
-5.726847,60,2771.476928,False,False,0.0039069500416005,24.69969431668905,177120,3.9069500416005
-6.404039,60,2775.067667,False,False,0.0099117556565808,28.5255632083586,177180,9.9117556565808
-6.573015,60,2775.076659,False,False,0.0714564235056403,36.161171662057,177240,71.4564235056403
-6.609036,60,2775.195104,False,False,0.0097363048696633,43.8349024804381,177300,9.736304869663298
-5.88588,60,2775.302106,False,False,0.0182324079654294,30.09744367423584,177360,18.2324079654294
-6.809793,60,2778.211413,False,False,0.0038895880323128,24.93697206087775,177420,3.8895880323128
-5.720181,60,2778.221397,False,False,0.0657581617009776,31.58877148630353,177480,65.75816170097761
-7.12198,60,2778.343843,False,False,0.015370296503101,28.01091542634322,177540,15.370296503101
-6.215019,60,2778.446845,False,False,0.0086774701195136,21.186458641728724,177600,8.6774701195136
-7.008677,60,2781.972504,False,False,0.0223581221761731,26.25566946308456,177660,22.3581221761731
-5.691139,60,2781.975499,False,False,0.1024111993306063,28.116103864457717,177720,102.4111993306063
-5.873774,60,2782.099941,False,False,0.0494118812950013,34.52616953756897,177780,49.4118812950013
-5.790469,60,2782.202946,False,False,0.0614649248516088,33.55657987231211,177840,61.4649248516088
-5.741792,60,2784.857583,False,False,0.0424906479341193,33.44561506467199,177900,42.4906479341193
-5.968535,60,2784.857586,False,False,0.0364794963728136,37.30108059602638,177960,36.4794963728136
-5.693342,60,2784.984024,False,False,0.073678382567726,26.495608702636083,178020,73.678382567726
-5.30051,60,2785.087026,False,False,0.0207556228515833,28.19998713257017,178080,20.755622851583297
-5.954731,60,2789.198725,False,False,0.0515758539213233,29.606348182054163,178140,51.5758539213233
-5.732273,60,2789.198727,False,False,0.0501842672158309,35.621810873346554,178200,50.1842672158309
-6.913648,60,2789.320173,False,False,0.0338816077178808,36.72496413074104,178260,33.8816077178808
-5.595932,60,2789.419178,False,False,0.0600846296731538,25.910309148046277,178320,60.0846296731538
-5.568491,60,2792.53026,False,False,0.0553844607640886,28.804157842365928,178380,55.3844607640886
-5.8636,60,2792.536252,False,False,0.0606880152418523,25.747932532488985,178440,60.6880152418523
-5.290571,60,2792.662692,False,False,0.0436083816001199,26.0873084295236,178500,43.6083816001199
-5.774437,60,2792.763697,False,False,0.0341978193658839,29.26730704328616,178560,34.197819365883895
-6.008563,60,2796.591621,False,False,0.0017394506513691,26.249208273583864,178620,1.7394506513691
-5.702093,60,2796.593618,False,False,0.0515008444745892,45.01418188855301,178680,51.5008444745892
-6.494717,60,2796.716539,False,False,0.014456902434874,31.673677265710285,178740,14.456902434874001
-7.005326,60,2796.821091,False,False,0.0268941702759093,27.052548414282526,178800,26.8941702759093
-5.851485,60,2799.947106,False,False,0.0253119296643633,25.28343899831806,178860,25.3119296643633
-5.970099,60,2799.9501,False,False,0.0838076441070047,40.46713768482893,178920,83.80764410700469
-6.327415,60,2800.07654,False,False,0.0123664348750548,24.31108854995536,178980,12.3664348750548
-5.734855,60,2800.175548,False,False,0.0554741649818537,26.906043796640947,179040,55.474164981853704
-6.813137,60,2805.46934,False,False,0.0211058446737434,42.59024485765182,179100,21.1058446737434
-5.844751,60,2805.472334,False,False,0.0332677752423707,30.67379683757999,179160,33.267775242370696
-6.196764,60,2805.589775,False,False,0.0706253679225842,37.39131898082423,179220,70.6253679225842
-6.608236,60,2805.697782,False,False,0.0572107069762682,34.3272231266085,179280,57.2107069762682
-6.028234,60,2810.741159,False,False,0.0580013218710512,26.969631934416267,179340,58.001321871051196
-5.936636,60,2810.752151,False,False,0.0116921210141992,32.55520528229374,179400,11.6921210141992
-6.088022,60,2810.869593,False,False,0.0361151070152326,28.6960657163355,179460,36.1151070152326
-5.86104,60,2810.972597,False,False,0.0570829554308916,28.56223151967766,179520,57.082955430891595
-5.659954,60,2816.546707,False,False,0.0849096307454261,27.22042614598162,179580,84.9096307454261
-6.221727,60,2816.546715,False,False,0.0005015636359849,50.52886384388788,179640,0.5015636359849
-6.868592,60,2816.672148,False,False,0.0229996462455026,25.938306776060376,179700,22.9996462455026
-5.580552,60,2816.773153,False,False,0.0404851525034541,40.13794586219013,179760,40.4851525034541
-7.50303,60,2820.086862,False,False,0.0395002798915212,35.83275392209454,179820,39.5002798915212
-6.355213,60,2820.088861,False,False,0.0208140153843574,27.223439151551904,179880,20.814015384357397
-6.644219,60,2820.216298,False,False,0.0435171271411143,30.24062267833849,179940,43.5171271411143
-6.035419,60,2820.320302,False,False,0.0211232242196673,30.53623343497875,180000,21.1232242196673
-5.891665,60,2824.589905,False,False,0.0054027562725806,33.3422657162754,180060,5.4027562725806
-7.088903,60,2824.590898,False,False,0.026403581817978,34.07341505701279,180120,26.403581817978
-5.582558,60,2824.71435,False,False,0.0027477461154882,36.20613420504336,180180,2.7477461154881997
-5.700871,60,2824.818347,False,False,0.1063892734466161,32.13838288764314,180240,106.3892734466161
-5.98776,60,2828.188062,False,False,0.07622291917576,31.377170574541573,180300,76.22291917576
-5.964481,60,2828.189065,False,False,0.0510815915487947,32.14763523911398,180360,51.0815915487947
-6.237157,60,2828.313503,False,False,0.0128830213014136,60.65200961225649,180420,12.883021301413601
-6.553408,60,2828.416508,False,False,0.016313803264766,42.53128241287639,180480,16.313803264765998
-5.698605,60,2831.918291,False,False,0.0215054878305759,29.88936387818054,180540,21.5054878305759
-5.891128,60,2831.925283,False,False,0.083523231651235,31.46205431501713,180600,83.523231651235
-6.546734,60,2832.041726,False,True,0.0056797238731612,34.264753911023625,180660,5.679723873161199
-5.800852,60,2832.141737,False,False,0.0249063673596853,29.4400265326149,180720,24.9063673596853
-7.084638,60,2836.614907,False,False,0.0343655663851203,41.46869908577616,180780,34.365566385120296
-6.866859,60,2836.622904,False,False,0.0591397294892312,28.063464580128887,180840,59.1397294892312
-7.107357,60,2836.743341,False,False,0.034772213373584,55.57721563610134,180900,34.772213373584
-6.646696,60,2836.844346,False,False,0.029856022174318,49.36964165227995,180960,29.856022174318
-5.39053,60,2840.385011,False,False,0.0465895386166645,25.093119654386168,181020,46.5895386166645
-5.750743,60,2840.387558,False,False,0.0170026625322385,33.67877119162982,181080,17.002662532238503
-6.934248,60,2840.512453,False,False,0.0302108237190689,28.176235274085144,181140,30.210823719068898
-6.425612,60,2840.607453,False,False,0.0157106152771377,40.3308114308234,181200,15.710615277137698
-5.706831,60,2845.144414,False,False,0.0071391292771329,30.145246895226308,181260,7.1391292771329
-6.855098,60,2845.149408,False,False,0.0122578491032555,30.390138838732515,181320,12.2578491032555
-6.427264,60,2845.267845,False,False,0.0235151221773682,33.16792127149134,181380,23.515122177368198
-6.224011,60,2845.364852,False,False,0.0264000300488716,43.200937814212544,181440,26.4000300488716
-6.198809,60,2848.781703,False,False,0.0395366765781233,50.43227305737297,181500,39.5366765781233
-5.528266,60,2848.783697,False,False,0.0352140268402861,37.79313671530865,181560,35.2140268402861
-6.231614,60,2848.91214,False,False,0.0592914675192603,40.00949096502575,181620,59.2914675192603
-5.76676,60,2849.008149,False,False,0.0048421667588795,37.83560479101242,181680,4.8421667588795
-5.920688,60,2853.320883,False,False,0.0391021099959056,31.080517240374487,181740,39.1021099959056
-5.594777,60,2853.341885,False,False,0.0381798975106154,38.001908185238086,181800,38.179897510615405
-6.193567,60,2853.445322,False,False,0.0232616016811217,42.08440363863336,181860,23.2616016811217
-5.780316,60,2853.545338,False,False,0.0057050264099152,35.677860846588665,181920,5.7050264099152
-6.292441,60,2857.301247,False,False,5.414813532731745e-05,26.35404267716349,181980,0.05414813532731745
-5.726498,60,2857.303243,False,False,0.0272171398411429,25.91494398135356,182040,27.2171398411429
-5.656134,60,2857.430684,False,False,0.0003218020489493,45.65693554252169,182100,0.32180204894930003
-6.070103,60,2857.528703,False,False,0.0457898059439268,42.13280223428076,182160,45.7898059439268
-6.523775,60,2861.791608,False,False,0.0345734451066944,40.74051027699738,182220,34.5734451066944
-7.574694,60,2861.796605,False,False,0.0278298224996027,42.52879738883394,182280,27.8298224996027
-5.845118,60,2861.921035,False,False,0.0260756845455924,35.97965426481833,182340,26.0756845455924
-5.615729,60,2862.021044,False,False,0.0419374640331169,33.46887208712224,182400,41.937464033116896
-6.595994,60,2865.490864,False,False,0.0146870538764406,36.13618267581957,182460,14.687053876440599
-6.020346,60,2865.491866,False,False,0.0551218946713372,50.87727079908302,182520,55.1218946713372
-6.192788,60,2865.618301,False,False,0.0187384834307331,28.51032478616664,182580,18.738483430733098
-6.551872,60,2865.721306,False,False,0.0066761124280417,38.94300658572111,182640,6.6761124280417
-5.542087,60,2870.388741,False,False,0.0094811293857641,43.34870891189888,182700,9.4811293857641
-6.625455,60,2870.390738,False,False,0.0048214369481131,35.44458702779612,182760,4.8214369481131
-6.912883,60,2870.512184,False,False,0.020664906175629,36.2162616861367,182820,20.664906175629
-5.701227,60,2870.617183,False,False,0.001099072271973,55.23410781318602,182880,1.0990722719730002
-6.196537,60,2874.033886,False,False,0.0096603950936488,40.18742897534551,182940,9.660395093648798
-6.300866,60,2874.037877,False,False,0.0508644077180418,34.330114040440925,183000,50.8644077180418
-6.171009,60,2874.163317,False,False,0.0494167399724232,39.08293046771041,183060,49.4167399724232
-5.824024,60,2874.265322,False,False,0.0012203458017507,51.64574135372185,183120,1.2203458017507
-5.977953,60,2878.45968,False,False,0.0728240604564916,41.15441817583157,183180,72.82406045649161
-5.267126,60,2878.461676,False,False,0.0115073161555549,31.154124594754837,183240,11.5073161555549
-6.771287,60,2878.58612,False,False,0.0179511368394884,50.37719446993276,183300,17.9511368394884
-6.844048,60,2878.683122,False,False,0.0056750056876204,30.171127958631757,183360,5.6750056876204
-6.24505,60,2881.942067,False,False,0.0178091606298695,34.81978234645329,183420,17.809160629869503
-5.83242,60,2881.945059,False,False,0.0535397163728182,27.82690552701954,183480,53.5397163728182
-5.781482,60,2882.0705,False,False,0.0749782670557174,47.510569522874654,183540,74.97826705571741
-5.807059,60,2882.170509,False,False,0.0372144515757519,40.30369077876584,183600,37.2144515757519
-6.374428,60,2886.175628,False,False,0.023851405420036,34.40460604319387,183660,23.851405420036002
-5.885349,60,2886.183626,False,False,0.0226221051323087,44.221169535773626,183720,22.6221051323087
-6.013478,60,2886.308064,False,False,0.0816199531667473,36.40044736980544,183780,81.61995316674731
-6.71492,60,2886.398067,False,False,0.0413311954952972,40.20857652471524,183840,41.3311954952972
-5.59922,60,2889.705069,False,False,0.0397718793404906,33.33936128462996,183900,39.7718793404906
-6.642299,60,2889.712056,False,False,0.008470874479423,58.53669053562557,183960,8.470874479423
-6.421535,60,2889.839502,False,False,0.0545371401446002,33.40928118351506,184020,54.5371401446002
-5.821227,60,2889.937502,False,False,0.0967614703750854,51.68841412069582,184080,96.7614703750854
-7.196628,60,2893.245085,False,False,0.0330755366631444,53.17812490918898,184140,33.075536663144405
-6.052244,60,2893.247082,False,False,0.0391876170581677,60.40561913450404,184200,39.1876170581677
-6.135872,60,2893.368522,False,False,0.0325577462835568,61.73302597017803,184260,32.5577462835568
-6.66013,60,2893.469527,False,False,0.0112384112159444,55.56851824225799,184320,11.2384112159444
-6.16146,60,2897.83926,False,False,0.0029076138295696,40.62163594900932,184380,2.9076138295696
-6.375793,60,2897.843906,False,False,0.0283124973125175,52.10398935321323,184440,28.3124973125175
-5.622254,60,2897.974918,False,False,0.0069860557122393,42.88417902834431,184500,6.9860557122393
-6.571756,60,2898.073375,False,False,0.0296945529525627,37.24981041321604,184560,29.694552952562702
-6.140313,60,2901.506712,False,False,0.0353349600185628,41.80159885405661,184620,35.3349600185628
-5.831125,60,2901.508551,False,False,0.0426677701112801,49.991674955269424,184680,42.6677701112801
-5.994519,60,2901.632153,False,False,0.0654247160202362,45.33368611465381,184740,65.42471602023619
-6.400366,60,2901.733158,False,False,0.0434540191399427,54.92658963127936,184800,43.4540191399427
-6.454737,60,2906.163244,False,True,0.0444629820783521,39.657122386494855,184860,44.4629820783521
-6.564579,60,2906.168235,False,False,0.0201490238069921,56.037974723780046,184920,20.1490238069921
-6.312012,60,2906.292675,False,False,0.0376186148133712,37.5724962004381,184980,37.618614813371195
-5.832667,60,2906.391686,False,False,0.0645398060917208,38.81119794405013,185040,64.5398060917208
-5.629368,60,2909.656285,False,False,0.0470511503772295,52.30417408057905,185100,47.0511503772295
-6.936509,60,2909.657281,False,False,0.0206223895720352,32.16472881207187,185160,20.6223895720352
-6.44643,60,2909.783716,False,False,0.0155998404115753,38.369141217656754,185220,15.5998404115753
-7.028067,60,2909.880724,False,False,0.002301363240956,43.63070791131378,185280,2.301363240956
-5.905092,60,2913.989348,False,False,0.0228693444433306,54.5292934375795,185340,22.8693444433306
-6.403553,60,2913.992347,False,False,0.0314256327435344,42.43032276528805,185400,31.425632743534404
-7.068127,60,2914.119781,False,True,0.019553343099948,56.569923847742,185460,19.553343099948
-5.880357,60,2914.218793,False,False,0.0043378861013681,48.8011759434468,185520,4.3378861013681
-5.736453,60,2917.588163,False,False,0.069542685474459,55.27309487356087,185580,69.542685474459
-7.199246,60,2917.588164,False,False,0.0150787394921971,28.57983689627282,185640,15.0787394921971
-5.717224,60,2917.713605,False,False,0.0201532276226852,49.29605980145076,185700,20.1532276226852
-6.226798,60,2917.811604,False,False,0.0360835713905101,35.25249055634371,185760,36.0835713905101
-6.744097,60,2921.868457,False,False,0.0116502233068463,39.88235999683248,185820,11.6502233068463
-5.521765,60,2921.86847,False,False,0.0076252677353845,41.38713579821131,185880,7.6252677353845
-5.711794,60,2921.998911,False,False,0.0416276568247334,52.42052659036992,185940,41.6276568247334
-6.608092,60,2922.101911,False,False,0.0013162279258492,44.774322338534425,186000,1.3162279258492
-7.066384,60,2925.542027,False,False,0.032756224264284,24.3494745081187,186060,32.756224264284
-5.705492,60,2925.548021,False,False,0.0016261164201022,47.452717902768896,186120,1.6261164201021998
-5.939694,60,2925.681458,False,False,0.015253873808155,58.70641913698615,186180,15.253873808155001
-5.896443,60,2925.773465,False,False,0.0977548437520452,41.7676187954379,186240,97.7548437520452
-5.949519,60,2930.14554,False,False,0.0374283617768518,39.02064997916698,186300,37.4283617768518
-6.180139,60,2930.146545,False,False,0.0424278708035704,48.10215639876801,186360,42.4278708035704
-6.086949,60,2930.276978,False,False,0.0019954979891227,40.86918716685544,186420,1.9954979891227
-7.226882,60,2930.375986,False,False,0.0349864400593589,72.2291750832942,186480,34.9864400593589
-5.760936,60,2933.620894,False,False,0.0583817076284521,18.92270557812843,186540,58.3817076284521
-6.69359,60,2933.622898,False,False,0.0270692791025689,45.30847404103842,186600,27.0692791025689
-6.069093,60,2933.749338,False,False,0.0546045148028796,52.861817857923626,186660,54.604514802879606
-6.076067,60,2933.848347,False,False,0.0449155883718936,55.65242880332646,186720,44.9155883718936
-6.947552,60,2937.86687,False,False,0.0083205089870263,38.9444825396218,186780,8.3205089870263
-5.953287,60,2937.869861,False,False,0.0057295583226032,41.06060893334793,186840,5.7295583226032
-5.365694,60,2937.992298,False,False,0.0049494731469353,40.57790985209026,186900,4.9494731469353
-6.848285,60,2938.094308,False,True,0.063513736701656,68.62208747739024,186960,63.513736701656
-6.116325,60,2941.184201,False,False,0.01093454811028,48.95404623891579,187020,10.93454811028
-5.925636,60,2941.187198,False,False,0.0115427116608696,42.98535422285394,187080,11.5427116608696
-5.810562,60,2941.309643,False,False,0.1017855421486391,40.826248578671525,187140,101.7855421486391
-5.829739,60,2941.411647,False,False,0.0381496397351026,36.20321689640537,187200,38.1496397351026
-7.30338,60,2945.484995,False,False,0.0559524965499094,41.790382607594616,187260,55.9524965499094
-5.549899,60,2945.487999,False,False,0.0063414895096308,29.88460928516874,187320,6.3414895096308
-7.036566,60,2945.614434,False,False,0.0133621640876256,30.59656804673879,187380,13.362164087625601
-6.221277,60,2945.712439,False,False,0.0014411384238685,31.02518721726928,187440,1.4411384238684999
-7.592224,60,2948.936536,False,False,0.0446981644457465,59.87390273917693,187500,44.6981644457465
-6.054066,60,2948.940537,False,False,0.0011930110576414,42.48001906156521,187560,1.1930110576414
-6.463264,60,2949.067975,False,True,0.0443027659218427,49.59159464898273,187620,44.3027659218427
-6.01409,60,2949.168979,False,False,0.0307658845718895,38.55968450920244,187680,30.7658845718895
-6.391716,60,2954.523491,False,True,0.0709931993893547,52.44089867969229,187740,70.9931993893547
-5.643278,60,2954.525487,False,False,0.0972785120786808,21.43014798860257,187800,97.27851207868079
-6.949318,60,2954.649928,False,True,0.0393815247474377,57.83293838976361,187860,39.3815247474377
-6.06162,60,2954.750933,False,False,0.0087193104792729,51.161072140321714,187920,8.7193104792729
-7.729228,60,2957.881286,False,False,0.0684340095814439,72.85907440709732,187980,68.4340095814439
-5.965675,60,2957.882288,False,False,0.0441894505543101,37.53043735219836,188040,44.189450554310106
-6.208702,60,2958.008723,False,False,0.0208916499575072,43.06662430555551,188100,20.8916499575072
-6.128025,60,2958.10473,False,False,0.0543688964189141,57.90797515522304,188160,54.3688964189141
-5.807578,60,2961.153587,False,False,0.0426698602983017,72.5675655416814,188220,42.6698602983017
-5.924441,60,2961.157589,False,False,0.0686723345027241,54.25261144077212,188280,68.6723345027241
-5.915314,60,2961.278026,False,False,0.0487740361243798,65.96883981758582,188340,48.7740361243798
-7.407737,60,2961.38203,False,False,0.0192048409428763,51.15610634837565,188400,19.2048409428763
-5.953815,60,2965.198412,False,False,0.0432934257731834,55.16383861257316,188460,43.2934257731834
-5.991245,60,2965.201416,False,False,0.0627633134384353,72.19425018021128,188520,62.763313438435304
-6.136958,60,2965.326856,False,False,0.0382828504180389,40.81013761668746,188580,38.282850418038905
-5.620304,60,2965.423858,False,False,0.0082739632649693,45.79977099872643,188640,8.2739632649693
-5.355576,60,2968.444911,False,False,0.006807548556041,62.72140430236252,188700,6.807548556041
-6.89399,60,2968.444912,False,False,0.0194820070947394,56.27081735127387,188760,19.482007094739398
-7.008316,60,2968.568355,False,False,0.026346133047523,60.11019697009528,188820,26.346133047523
-6.279842,60,2968.668352,False,False,0.04959989594782,66.71450838075,188880,49.59989594782
-5.954123,60,2972.450884,False,False,0.0646881700767125,63.0919559389952,188940,64.6881700767125
-6.67467,60,2972.460888,False,False,0.0202022338559881,55.44345947571213,189000,20.2022338559881
-5.226848,60,2972.585326,False,False,0.0002828968493234,54.02615939277848,189060,0.2828968493234
-6.053422,60,2972.689333,False,False,0.0513186969975905,53.24015011361401,189120,51.3186969975905
-5.749931,60,2975.427233,False,False,0.0519583447291014,70.97856901555778,189180,51.9583447291014
-6.092734,60,2975.43123,False,False,0.0545661894218589,64.83838379585525,189240,54.5661894218589
-7.226852,60,2975.549682,False,False,0.0232294883383365,30.0168740750377,189300,23.229488338336502
-6.105873,60,2975.654683,False,False,0.0416502681890217,75.76091389387628,189360,41.650268189021695
-5.774328,60,2979.27398,False,False,0.0295622320362869,62.75762672708719,189420,29.5622320362869
-7.661904,60,2979.274982,False,False,0.0268383626030637,63.20351713209386,189480,26.8383626030637
-6.730251,60,2979.400419,False,False,0.0014552135519917,47.41673619068896,189540,1.4552135519917
-6.471032,60,2979.50542,False,False,0.0035178831918985,44.40562394485963,189600,3.5178831918985
-6.85688,60,2982.223334,False,False,0.0292948523103643,89.26296836301151,189660,29.2948523103643
-6.015581,60,2982.227325,False,False,0.0744934641144144,76.66726500796422,189720,74.49346411441441
-5.767109,60,2982.35377,False,False,0.0286855775546334,54.92617161214258,189780,28.685577554633397
-7.879322,60,2982.45377,False,False,0.038935778831123,62.75843540512685,189840,38.935778831123
-7.653714,60,2986.20324,False,False,0.0384058219090076,62.17196935743005,189900,38.4058219090076
-6.178768,60,2986.20424,False,False,0.0121082345289266,87.68405781591771,189960,12.1082345289266
-7.582684,60,2986.32868,False,False,0.0307878530880736,47.645396947076826,190020,30.7878530880736
-5.775041,60,2986.429685,False,False,0.0206443152147879,65.90159399242701,190080,20.6443152147879
-7.074284,60,2989.67963,False,True,0.0407527956232551,57.98273582655009,190140,40.7527956232551
-5.63343,60,2989.68264,False,False,0.0251214196337394,72.69436355552132,190200,25.1214196337394
-5.247048,60,2989.810081,False,False,8.387915847243833e-05,41.75626301506669,190260,0.08387915847243832
-6.862308,60,2989.911086,False,False,0.0262329834222564,61.64161778189179,190320,26.232983422256403
-6.036649,60,2995.298414,False,False,0.0644875477036547,58.77991148287026,190380,64.4875477036547
-7.075997,60,2995.30041,False,False,0.0103779405130909,42.90496353204001,190440,10.3779405130909
-7.038998,60,2995.425851,False,False,0.0223230024240332,49.997990194056094,190500,22.3230024240332
-6.742094,60,2995.529857,False,False,0.0235380595008069,71.46400361240612,190560,23.5380595008069
-6.000811,60,2999.414471,False,False,0.0370522115013306,74.21426238367795,190620,37.052211501330596
-6.090905,60,2999.419471,False,False,0.0043050026123268,79.87349426210258,190680,4.3050026123268
-5.838931,60,2999.545905,False,False,0.0447660728096452,68.15448119523569,190740,44.7660728096452
-5.885529,60,2999.658911,False,False,0.0276262803713917,55.65074475729431,190800,27.6262803713917
-6.197265,60,3004.034145,False,False,0.0354926279280267,82.64137130404606,190860,35.4926279280267
-6.71789,60,3004.037144,False,False,0.0141528495021859,73.52234872098727,190920,14.152849502185902
-5.81986,60,3004.168587,False,False,0.076390655395237,70.55934685011921,190980,76.390655395237
-5.964839,60,3004.264586,False,False,0.0404209495083191,85.95899668737155,191040,40.4209495083191
-5.753796,60,3007.497153,False,False,0.0313677983557701,60.52404862093632,191100,31.367798355770102
-6.214262,60,3007.49915,False,False,0.0187265702511716,82.74267548806351,191160,18.726570251171598
-6.895,60,3007.625588,False,False,0.0027010337703445,73.24932901934591,191220,2.7010337703445
-6.352284,60,3007.725595,False,False,0.0619461252069212,89.22937207932155,191280,61.9461252069212
-7.322275,60,3011.858253,False,False,0.0126539497085438,79.2303914749233,191340,12.653949708543799
-6.801688,60,3011.864246,False,False,0.0017432022799429,67.28190806437402,191400,1.7432022799429
-7.436905,60,3011.989687,False,True,0.0072374748076491,63.60275562179553,191460,7.2374748076491
-7.170568,60,3012.092696,False,True,0.020677750465712,64.49147417228339,191520,20.677750465712
-6.102603,60,3015.392588,False,False,0.0674857453588716,83.77540535035162,191580,67.4857453588716
-7.190308,60,3015.39558,False,False,0.0255342915859184,79.8705912898043,191640,25.5342915859184
-6.013079,60,3015.523021,False,False,0.0615099822907455,83.86485885576647,191700,61.509982290745505
-6.307525,60,3015.62103,False,False,0.0127464363360567,65.15030464858161,191760,12.7464363360567
-6.204566,60,3019.028682,False,False,0.0470927199466988,60.405953278575176,191820,47.0927199466988
-5.876591,60,3019.032668,False,False,0.064602864836034,79.3220573669283,191880,64.602864836034
-6.407321,60,3019.156119,False,False,0.0513194775530137,87.01599058178277,191940,51.3194775530137
-5.88676,60,3019.258121,False,False,0.0693638584665698,61.67450111966296,192000,69.3638584665698
-6.523974,60,3023.704345,False,True,0.0615203024975128,74.23074820393518,192060,61.5203024975128
-6.191387,60,3023.706341,False,False,0.0351254830174805,78.36532844500626,192120,35.125483017480505
-5.503803,60,3023.831782,False,False,0.007904781674015,64.1024147947047,192180,7.904781674015
-5.923045,60,3023.933787,False,False,0.0564114240899246,78.62440911857396,192240,56.411424089924594
-5.585168,60,3027.508635,False,False,0.0223167519543269,79.19536542235139,192300,22.3167519543269
-6.300249,60,3027.510631,False,False,0.0276519768055922,52.41059269808417,192360,27.6519768055922
-6.423936,60,3027.637064,False,True,0.0192552859573104,65.95695801934737,192420,19.255285957310402
-7.309718,60,3027.737077,False,False,0.0285207360818134,59.66513743105209,192480,28.5207360818134
-7.829284,60,3031.772942,False,True,0.0496916362318401,86.80703239107517,192540,49.6916362318401
-6.29063,60,3031.776937,False,True,0.0610934972775404,77.46472004291165,192600,61.09349727754039
-7.517318,60,3031.900379,False,False,0.0349008026586145,64.76845469230015,192660,34.900802658614495
-6.229779,60,3032.002387,False,False,0.0066672869558492,74.84184080059384,192720,6.6672869558492
-6.392645,60,3036.137026,False,False,0.0580962719213164,80.11786266778347,192780,58.0962719213164
-6.170762,60,3036.139022,False,False,0.045976456090983,79.63215320911557,192840,45.976456090983
-6.243025,60,3036.264463,False,False,0.0290016462309962,87.63512222641359,192900,29.0016462309962
-6.111769,60,3036.362467,False,True,0.0036547886776237,83.96213280825553,192960,3.6547886776237
-6.265474,60,3041.121969,False,True,0.0128195282567476,85.3664630171144,193020,12.819528256747601
-6.383531,60,3041.124965,False,False,0.0806442511218574,88.47346309745012,193080,80.6442511218574
-5.482334,60,3041.251409,False,False,0.0104372049654492,77.97633604375383,193140,10.4372049654492
-5.927209,60,3041.35641,False,False,0.0441305332441752,85.04696000629127,193200,44.1305332441752
-5.415907,60,3044.585972,False,False,0.0043389582094561,78.80661050516368,193260,4.3389582094561
-5.980049,60,3044.591963,False,False,0.0718818902704186,87.63375564353767,193320,71.8818902704186
-6.088749,60,3044.714403,False,False,0.0652357026698122,82.14729654995384,193380,65.2357026698122
-6.03944,60,3044.816423,False,False,0.0568721410065002,81.99688995217474,193440,56.8721410065002
-6.892113,60,3049.071863,False,False,0.0041579687859319,79.29934996159349,193500,4.1579687859319
-6.264229,60,3049.078857,False,False,0.0093753076678759,77.89649465371657,193560,9.3753076678759
-7.533827,60,3049.204298,False,False,0.0230105061478681,77.28835673419276,193620,23.0105061478681
-5.768691,60,3049.302305,False,False,0.0287867638615266,85.8668709471868,193680,28.7867638615266
-5.980252,60,3052.559448,False,False,0.0630893266604871,81.85329645828043,193740,63.089326660487096
-6.122998,60,3052.560448,False,False,0.0051029827723131,81.76197538426898,193800,5.1029827723131
-7.315189,60,3052.687876,False,False,0.0358623257882561,85.48438385356737,193860,35.8623257882561
-7.975414,60,3052.78789,False,False,0.0424074232367665,70.84218435228746,193920,42.407423236766505
-6.477714,60,3056.915519,False,False,0.013607636864894,85.21440868767165,193980,13.607636864894
-5.94564,60,3056.920508,False,False,0.0770754919763862,74.29103236647411,194040,77.0754919763862
-6.233558,60,3057.044952,False,False,0.0408626413298737,87.36179113034576,194100,40.8626413298737
-6.495122,60,3057.142956,False,False,0.0117701327878402,62.51036992424404,194160,11.7701327878402
-6.39469,60,3060.263385,False,False,0.0306143174320205,81.7722781415493,194220,30.614317432020503
-6.443054,60,3060.266385,False,False,0.0219682637274772,66.82086010423727,194280,21.968263727477197
-6.632848,60,3060.385836,False,True,0.0428271039976193,78.40539190408714,194340,42.8271039976193
-5.835985,60,3060.493827,False,False,0.0479256119004946,81.32280749023639,194400,47.9256119004946
-6.395674,60,3064.491338,False,False,0.0616072441672079,73.81987716591007,194460,61.6072441672079
-6.246493,60,3064.494331,False,False,0.0081278138196435,84.21437489882965,194520,8.1278138196435
-6.029997,60,3064.61478,False,False,0.0261444021484408,84.44705060690792,194580,26.144402148440797
-6.368398,60,3064.713783,False,False,0.0688587235707169,84.87433337788147,194640,68.8587235707169
-5.840753,60,3067.959847,False,False,0.0534659397308626,83.9547014042555,194700,53.465939730862594
-6.484376,60,3067.963843,False,False,0.0074047345064879,70.24420431435017,194760,7.4047345064879
-7.283025,60,3068.088282,False,False,0.024684673926045,65.96318101627976,194820,24.684673926044997
-5.749488,60,3068.190288,False,False,0.0469731526512026,68.26162569179104,194880,46.973152651202604
-6.277628,60,3072.386789,False,False,0.0362953546623556,83.68539012968472,194940,36.2953546623556
-6.408512,60,3072.394776,False,False,0.0097324769192613,78.6656023222895,195000,9.7324769192613
-5.971597,60,3072.516219,False,False,0.0160289302510849,74.28608894829095,195060,16.0289302510849
-7.631798,60,3072.614215,False,False,0.0165678338768295,82.1263963221476,195120,16.5678338768295
-7.285167,60,3075.913139,False,True,0.024182176483062,75.03001493767471,195180,24.182176483062
-6.192349,60,3075.915136,False,False,0.0572644142281291,77.8156987412407,195240,57.2644142281291
-6.596632,60,3076.041576,False,False,0.0612820410439832,72.995112896891,195300,61.2820410439832
-5.677784,60,3076.154592,False,False,0.0367629138459729,87.93299536430102,195360,36.762913845972896
-6.56464,60,3080.401088,False,False,0.0128648619198465,66.07527204181535,195420,12.864861919846499
-5.863432,60,3080.404078,False,False,0.0227078343925602,89.49049003381104,195480,22.707834392560198
-6.286441,60,3080.532511,False,False,0.0032912871518201,78.94482247805244,195540,3.2912871518200997
-7.634861,60,3080.634517,False,False,0.0464794929293958,86.40083459805392,195600,46.4794929293958
-7.193382,60,3083.52215,False,False,0.0532131676074396,86.70614927023541,195660,53.213167607439594
-7.183565,60,3083.525151,False,False,0.0369842897981837,86.05876519412122,195720,36.9842897981837
-6.534795,60,3083.64759,False,False,0.0447174058645591,88.61806649303306,195780,44.7174058645591
-6.060383,60,3083.743594,False,False,0.0655528866565603,82.70156992160594,195840,65.5528866565603
-6.919503,60,3086.434233,False,False,0.0174465152855829,88.54100158341231,195900,17.4465152855829
-6.964723,60,3086.439228,False,False,0.0041911609355663,81.31210596105257,195960,4.1911609355663
-6.937462,60,3086.558673,False,False,0.0300394354634024,89.39312569249871,196020,30.0394354634024
-7.792841,60,3086.654677,False,False,0.0350400427705278,82.48575856738852,196080,35.040042770527805
-5.957716,60,3090.225709,False,False,0.0833223042332031,88.06052948337619,196140,83.3223042332031
-7.052724,60,3090.234699,False,False,0.0267585190994729,68.98086274421914,196200,26.7585190994729
-6.195803,60,3090.36014,False,False,0.0622508449273866,86.01370725942023,196260,62.250844927386595
-6.143579,60,3090.461144,False,False,0.0517756300632367,88.58426135383209,196320,51.7756300632367
-6.048872,60,3093.187432,False,False,0.0482897777618031,85.38006046855341,196380,48.2897777618031
-6.164911,60,3093.189434,False,True,0.0269988551762444,76.38101094826858,196440,26.9988551762444
-6.853178,60,3093.305874,False,True,0.0129994758378225,86.63063538325618,196500,12.9994758378225
-5.152936,60,3093.412877,False,False,0.0066859661783732,82.67879296246397,196560,6.685966178373199
-6.040814,60,3097.124446,False,False,0.029648831189855,83.93357198622395,196620,29.648831189855
-6.213609,60,3097.127442,False,False,0.0383904988334446,83.23930435531402,196680,38.3904988334446
-5.772905,60,3097.252882,False,False,0.0158452585300065,83.28957099083796,196740,15.845258530006502
-5.997098,60,3097.352888,False,False,0.0089653341320285,80.48897921590128,196800,8.965334132028499
-6.20902,60,3100.51483,False,False,0.0152757314170479,79.0760715328253,196860,15.2757314170479
-5.974561,60,3100.517822,False,False,0.0767331657607492,80.93474884807195,196920,76.7331657607492
-6.235702,60,3100.64426,False,False,0.060208753903967,86.31246576755599,196980,60.208753903967
-5.412534,60,3100.743268,False,False,0.0055648629596023,67.36910682717989,197040,5.5648629596023
-7.110653,60,3104.672848,False,False,0.023680126039071,86.6875417147453,197100,23.680126039071
-6.923902,60,3104.674853,False,False,0.0427779466628576,86.18072616768683,197160,42.7779466628576
-6.001448,60,3104.799291,False,False,0.078345152401388,83.73060014343436,197220,78.34515240138799
-7.044551,60,3104.896298,False,False,0.0257159183173638,84.72031054238384,197280,25.715918317363798
-6.524585,60,3107.979267,False,False,0.0199323808398757,78.0349620410157,197340,19.932380839875698
-6.282708,60,3107.980261,False,False,0.0598997328047187,86.61002757876611,197400,59.899732804718695
-5.84866,60,3108.103696,False,False,0.0426353110301947,87.888638021289,197460,42.6353110301947
-6.200284,60,3108.206706,False,False,0.0061226079503475,75.43073297082128,197520,6.1226079503475
-6.430148,60,3111.911746,False,False,0.0406634671136503,76.21620525555835,197580,40.6634671136503
-5.648693,60,3111.914705,False,False,0.0277923703833037,78.77712708181623,197640,27.7923703833037
-6.401861,60,3112.040145,False,False,0.0150316884131894,88.13650686325794,197700,15.0316884131894
-5.969799,60,3112.14115,False,False,0.0586998746688295,84.84570359712853,197760,58.699874668829494
-6.723747,60,3114.864258,False,False,0.0143101094169675,89.55087020113045,197820,14.3101094169675
-5.949515,60,3114.876255,False,False,0.028162220061483,88.85034077101558,197880,28.162220061483
-6.695683,60,3114.999698,False,True,0.0002411366688174,76.91054613667023,197940,0.2411366688174
-6.007522,60,3115.093702,False,False,0.0067031874800516,80.09045447270631,198000,6.7031874800516
-6.085261,60,3118.634423,False,False,0.0068057074745875,72.41544494029085,198060,6.8057074745875
-6.165423,60,3118.637414,False,False,0.0101584521141353,80.84156959645483,198120,10.1584521141353
-5.896129,60,3118.76186,False,False,0.0209162981731883,84.34981860916412,198180,20.9162981731883
-5.926734,60,3118.870857,False,False,0.0495703449138629,88.95670134745319,198240,49.5703449138629
-5.816555,60,3121.853036,False,False,0.0189047452048611,81.78266766204553,198300,18.9047452048611
-6.550056,60,3121.861032,False,False,0.0511089572164928,85.37537375866994,198360,51.1089572164928
-7.119083,60,3121.986473,False,False,0.0065195623306691,81.23206174036434,198420,6.519562330669101
-6.449122,60,3122.079483,False,False,0.0591516461017,82.95145409431127,198480,59.151646101699995
-6.142155,60,3125.656308,False,False,0.0135248342487913,87.15912859210783,198540,13.524834248791299
-7.541387,60,3125.660311,False,False,0.0329722012024013,78.74109670980066,198600,32.972201202401294
-6.407756,60,3125.781752,False,False,0.0559275108830653,84.82376072057329,198660,55.9275108830653
-5.962211,60,3125.88375,False,False,0.0008847465751059,89.4606255080948,198720,0.8847465751059
-6.097594,60,3128.939609,False,False,0.0973864770823123,84.61876230150745,198780,97.3864770823123
-6.967758,60,3128.943604,False,False,0.0326248391998263,77.95932576084122,198840,32.6248391998263
-6.017669,60,3129.072057,False,False,0.0250940531241124,56.56503270183477,198900,25.0940531241124
-6.371805,60,3129.173062,False,False,0.000112476124032,72.01532434312654,198960,0.112476124032
-6.884421,60,3132.787129,False,False,0.0269442004634331,86.34744834915952,199020,26.9442004634331
-7.334364,60,3132.796305,False,False,0.0084853280228311,83.1951899648116,199080,8.4853280228311
-7.607135,60,3132.914566,False,False,0.0432788860535792,80.55548051860212,199140,43.2788860535792
-5.744753,60,3133.020962,False,False,0.0050353457372592,85.6678241405141,199200,5.0353457372592
-6.031847,60,3136.454057,False,False,0.027827612140361,61.605794483265406,199260,27.827612140360998
-6.755754,60,3136.461055,False,False,0.025204525761536,87.44372573748993,199320,25.204525761536
-7.239466,60,3136.582489,False,False,0.0206579358370366,78.91897902957184,199380,20.6579358370366
-6.159183,60,3136.6875,False,False,0.0317309928747552,83.95516117481652,199440,31.7309928747552
-6.032453,60,3139.616893,False,False,0.0504010902850995,88.21703595316987,199500,50.4010902850995
-6.149882,60,3139.618889,False,False,0.0351045265881635,65.50503751143987,199560,35.1045265881635
-5.56593,60,3139.747336,False,False,0.0005519524599727,82.633059696105,199620,0.5519524599727
-6.73381,60,3139.838319,False,False,0.0445061067862427,88.23184155979003,199680,44.5061067862427
-6.21348,60,3143.600537,False,False,0.0516434719982192,81.1717974986806,199740,51.6434719982192
-6.061476,60,3143.604536,False,False,0.0621994656949974,83.10337424008486,199800,62.1994656949974
-6.381315,60,3143.723982,False,False,0.0123887724602225,76.26956957977916,199860,12.3887724602225
-6.323421,60,3143.823991,False,False,0.032491234407547,76.65399403834296,199920,32.491234407547
-7.680496,60,3146.566917,False,False,0.0345933350650259,75.21865116602483,199980,34.5933350650259
-6.732193,60,3146.571911,False,False,0.0262475944575886,82.97426509388671,200040,26.2475944575886
-6.583377,60,3146.697351,False,False,0.012528135310652,72.04073040390318,200100,12.528135310652
-7.042076,60,3146.79636,False,False,0.0345084345863967,88.04029931892623,200160,34.5084345863967
