r,l,t,success,freeze_attempted,d_m,alpha_deg,cum_timesteps,d_mm
0.715669,60,5.950208,False,True,0.0568984875179299,80.60805053880631,60,56.8984875179299
-7.286464,60,6.338081,False,True,0.0758889534442397,89.95360353012593,120,75.88895344423969
1.856973,60,6.364373,False,True,0.0169191949348984,89.017118630719,180,16.9191949348984
-10.385299,60,7.079989,False,True,0.1163227439720782,87.33030435090015,240,116.3227439720782
-9.836648,60,11.557018,False,True,0.1012968080338797,77.43178143780257,300,101.29680803387971
-1.374587,60,11.962595,False,True,0.0584835447504333,84.7957693025928,360,58.483544750433296
18.040703,60,11.979193,False,True,0.0030969071537021,81.4206941910041,420,3.0969071537021
-8.9331,60,12.700964,False,True,0.0905719716578814,85.82839917762105,480,90.5719716578814
5.921316,60,16.373221,False,True,0.0195553985436288,82.60164579038516,540,19.5553985436288
10.773209,60,16.770171,False,True,0.0359993585672308,88.3148548291058,600,35.9993585672308
-6.770118,60,16.797056,False,True,0.0940362415538509,79.44414512893682,660,94.0362415538509
-2.144031,60,17.51772,False,True,0.0529754222996054,77.7803406447166,720,52.9754222996054
10.753541,60,20.096611,False,True,0.0164320721666539,87.8655819662552,780,16.432072166653903
34.743676,60,20.488456,False,True,0.0002646992450966,82.68862512517168,840,0.2646992450966
42.696398,60,20.520447,False,True,0.005554238534764,75.15997369492207,900,5.554238534764
8.028201,60,21.226914,False,True,0.0157868396654087,84.1935951647462,960,15.786839665408701
-7.925791,60,24.147874,False,True,0.1433875382497158,83.61417763579317,1020,143.38753824971582
-4.254577,60,24.546828,False,True,0.0675694240167105,79.6499398227915,1080,67.5694240167105
0.536826,60,24.57471,False,True,0.0411408772294572,74.53002334089346,1140,41.1408772294572
-6.680417,60,25.2837,False,True,0.0773016702020546,81.31065574146903,1200,77.3016702020546
-9.447485,60,27.1734,False,True,0.0870688917326466,83.8349098399794,1260,87.0688917326466
10.552019,60,27.568824,False,True,0.0111547839833352,76.52171183443694,1320,11.1547839833352
-5.255851,60,27.603687,False,True,0.0577877034525037,73.66713535764252,1380,57.7877034525037
12.642215,60,28.307094,False,True,0.0163821570589148,78.8289846780704,1440,16.382157058914803
14.911372,60,31.044694,False,True,0.0304524079120202,87.41065269969646,1500,30.4524079120202
58.244019,60,31.445873,False,True,0.0045476925728317,77.41132252287419,1560,4.5476925728317
-6.501031,60,31.473756,False,True,0.0797126658514859,71.49696640687948,1620,79.7126658514859
47.481892,60,32.177562,False,True,0.001787241204873,68.29353365492491,1680,1.787241204873
-1.443125,60,34.148742,False,True,0.052371681076836,87.18270485722554,1740,52.371681076836
-11.582013,60,34.546699,False,True,0.1065519711948105,86.05773111283408,1800,106.55197119481049
21.95284,60,34.574581,False,True,0.019622844144908,85.2011453229057,1860,19.622844144908
-12.162873,60,35.277289,False,True,0.1281526360997411,73.9276511746489,1920,128.1526360997411
-15.582391,60,38.056881,False,True,0.1576582492627756,85.08589522280046,1980,157.6582492627756
97.361343,60,38.455837,False,True,0.0016005353196748,77.52193006075296,2040,1.6005353196748
-4.672666,60,38.480095,False,True,0.0646978122291151,89.38332541255238,2100,64.6978122291151
7.858302,60,39.184016,False,True,0.0396541683308375,73.42208375279957,2160,39.6541683308375
-11.599024,60,41.043334,False,True,0.0878066185350665,64.9108292920363,2220,87.80661853506649
-10.590519,60,41.439297,False,True,0.1369865732712672,78.20488165158282,2280,136.9865732712672
36.584463,60,41.466177,False,True,2.405456370528289e-05,72.53732289573917,2340,0.02405456370528289
-7.579801,60,42.171648,False,True,0.0754281922326988,84.7083182944634,2400,75.42819223269879
53.761404,60,44.964994,False,True,0.0158852633596899,82.4221565495377,2460,15.8852633596899
8.731484,60,45.364944,False,True,0.0215575509795465,69.58930139580313,2520,21.5575509795465
2.487085,60,45.396733,False,True,0.0482358355331944,89.91964422366624,2580,48.235835533194404
42.064145,60,46.097301,False,True,0.024006085111465,72.72853322428361,2640,24.006085111465
-6.742042,60,48.040266,False,True,0.0609362185872286,67.17915819120888,2700,60.9362185872286
24.489112,60,48.438978,False,True,0.0343270165174501,76.77143331321632,2760,34.3270165174501
-9.298468,60,48.467438,False,True,0.0993504532354925,70.37912280239821,2820,99.35045323549251
32.52056,60,49.172572,False,True,0.0015395922793878,68.80783415806444,2880,1.5395922793878
-2.879165,60,52.271756,False,True,0.0516703599993745,82.03600763758634,2940,51.6703599993745
-16.047623,60,52.670717,False,True,0.1210187566056037,87.34059276714682,3000,121.0187566056037
-17.687547,60,52.698599,False,True,0.1361330701858462,66.0718117947371,3060,136.1330701858462
65.438418,60,53.407058,False,True,0.0140711040466578,85.30664099545008,3120,14.0711040466578
43.132101,60,55.422419,False,True,0.0026493448890109,88.8747398723262,3180,2.6493448890109
0.560478,60,55.819381,False,True,0.056222660889239,82.76764640286281,3240,56.222660889239
24.645078,60,55.847263,False,True,0.0297149603122518,54.56014256265728,3300,29.7149603122518
-10.951046,60,56.555728,False,True,0.0874673495007675,89.32048555966091,3360,87.4673495007675
5.46233,60,59.346246,False,True,0.0626439212762265,70.26238497189989,3420,62.64392127622651
130.568308,60,59.738629,False,True,0.0034302355794508,85.50615397332251,3480,3.4302355794508
-12.485667,60,59.772085,False,True,0.1010208656565278,77.71642361884513,3540,101.0208656565278
-10.366646,60,60.478552,False,True,0.1024345925561907,88.7937037775719,3600,102.4345925561907
29.057672,60,62.390445,False,True,0.0267585143499034,76.04515261465967,3660,26.758514349903397
7.323324,60,62.79617,False,True,0.0446504126539414,66.88647249762371,3720,44.6504126539414
-15.032578,60,62.824052,False,True,0.1204994865867285,84.82355893227711,3780,120.49948658672851
18.351021,60,63.531574,False,True,0.0349576333387817,80.20555696997803,3840,34.9576333387817
-2.262041,60,65.385341,False,True,0.0662182417308156,71.97720491851213,3900,66.2182417308156
-8.254566,60,65.785873,False,True,0.0770531989894258,89.87978570632022,3960,77.0531989894258
-7.041818,60,65.811181,False,True,0.0727674128206139,85.97620759661945,4020,72.7674128206139
76.271674,60,66.520222,False,True,0.0079548565358929,68.21463695681416,4080,7.954856535892899
-7.65074,60,69.28473,False,True,0.0648697717356438,83.68944261168558,4140,64.86977173564381
96.300477,60,69.678843,False,True,0.0052503342774755,78.41769325784989,4200,5.2503342774755
51.746828,60,69.705727,False,True,0.0194462398702121,86.94509458052529,4260,19.4462398702121
6.433341,60,70.415744,False,True,0.0488752252160057,84.31005321520692,4320,48.8752252160057
-12.364787,60,72.272881,False,True,0.0889252279661498,74.58384269082646,4380,88.92522796614979
-12.250514,60,72.6663,False,True,0.1364498169216567,83.6751548506181,4440,136.4498169216567
11.524939,60,72.69872,False,True,0.0485215859243514,86.06024366614736,4500,48.5215859243514
50.419937,60,73.401645,False,True,0.0185405846020224,76.90197195382704,4560,18.5405846020224
68.242397,60,76.2632,False,True,0.022545802177707,89.93538636122102,4620,22.545802177707
65.951758,60,76.669229,False,True,0.0082662988626118,89.90059917935989,4680,8.2662988626118
6.665753,60,76.688039,False,True,0.0590159320547699,82.04631782787416,4740,59.0159320547699
18.654375,60,77.397029,False,True,0.0372621860825266,83.49417850091761,4800,37.2621860825266
-23.531583,60,79.461041,False,True,0.1091351186426936,89.64867247261427,4860,109.1351186426936
-19.47092,60,79.857003,False,True,0.1316465760887445,79.76732479421025,4920,131.6465760887445
128.715537,60,79.882335,False,True,0.0136823944720609,73.86718683577486,4980,13.6823944720609
-17.643704,60,80.587804,False,True,0.0992306227475558,74.74946896830319,5040,99.2306227475558
40.643577,60,83.481812,False,True,0.0262493561157845,79.97143061492511,5100,26.2493561157845
98.255776,60,83.887483,False,True,0.0018622332306014,69.74704750546259,5160,1.8622332306014
12.592973,60,83.91422,False,True,0.0519275707434282,84.48350661304083,5220,51.9275707434282
11.986886,60,84.616112,False,True,0.050153101047114,85.25994331177314,5280,50.153101047114
-20.860501,60,86.496899,False,True,0.101988546508478,85.4968075817448,5340,101.988546508478
0.2654,60,86.894856,False,True,0.0475945513191938,80.80348264316412,5400,47.594551319193805
25.345404,60,86.924285,False,True,0.0336127596818838,79.41795237747098,5460,33.6127596818838
2.401947,60,87.62617,False,True,0.0564720868130687,81.72095445118431,5520,56.4720868130687
-15.533649,60,90.459932,False,True,0.0941309496574282,85.93400043788245,5580,94.1309496574282
68.301209,60,90.855894,False,True,0.02080745962832,86.11476091043,5640,20.80745962832
-18.653091,60,90.877858,False,True,0.1045088256401578,86.15550785987624,5700,104.5088256401578
5.447111,60,91.589178,False,True,0.0518207434115299,77.83039748713513,5760,51.820743411529904
-8.035007,60,93.526122,False,True,0.0663131203933664,70.01009771368935,5820,66.3131203933664
28.753844,60,93.926132,False,True,0.0468276457973742,59.5133272532896,5880,46.8276457973742
70.018918,60,93.948423,False,True,0.0184523053472466,80.61390132172919,5940,18.4523053472466
127.279023,60,94.65589,False,True,0.0053574311532046,87.75367998960176,6000,5.3574311532046
-11.99974,60,97.338956,False,True,0.0867256536591002,86.60068942931788,6060,86.7256536591002
-10.531208,60,97.73289,False,True,0.0832413804459363,82.81602420833664,6120,83.2413804459363
12.87324,60,97.754529,False,True,0.0454539550502798,87.88879109116651,6180,45.453955050279795
-6.658356,60,98.460996,False,True,0.0707014610628141,76.25061026626364,6240,70.70146106281409
6.395005,60,100.309589,False,True,0.0539377902333261,79.75396298983857,6300,53.9377902333261
-27.456239,60,100.71369,False,True,0.1460943659020118,77.05135897545941,6360,146.09436590201182
7.127522,60,100.738572,False,True,0.0445687721637247,70.82612963360995,6420,44.5687721637247
56.355535,60,101.441895,False,True,0.0254457557671892,71.70142949109798,6480,25.4457557671892
26.273079,60,104.205837,False,True,0.0415183028094254,88.87234927462673,6540,41.5183028094254
-10.592428,60,104.601775,False,True,0.0792171431553048,84.83439859953455,6600,79.2171431553048
15.874436,60,104.633679,False,True,0.0302013949374328,88.86946810209878,6660,30.201394937432802
54.60637,60,105.342144,False,True,0.030173417628285,86.15657038146244,6720,30.173417628285
26.593338,60,107.291687,False,True,0.0359517068397696,84.39269390214628,6780,35.9517068397696
13.089864,60,107.700128,False,True,0.0544118525151931,84.81758509370586,6840,54.4118525151931
76.915069,60,107.727015,False,True,0.0216670884595973,83.80987597859577,6900,21.6670884595973
80.820311,60,108.42599,False,True,0.0127002333130674,87.43136925367008,6960,12.7002333130674
6.37238,60,111.288578,False,True,0.0423296776729559,87.12878783449422,7020,42.3296776729559
-7.853897,60,111.681951,False,True,0.0713151939240617,74.92253548543819,7080,71.3151939240617
-20.306011,60,111.709833,False,True,0.1624769908738522,72.7072458965202,7140,162.4769908738522
80.094479,60,112.4163,False,True,6.532019056681299e-05,89.7487798483624,7200,0.06532019056681299
3.777173,60,115.189294,False,True,0.0538040796180501,84.47832527779063,7260,53.8040796180501
47.011942,60,115.575653,False,True,0.0263665756212682,65.14910894367739,7320,26.3665756212682
28.318522,60,115.60456,False,True,0.0460832369951479,73.49605673648745,7380,46.0832369951479
-11.521402,60,116.311027,False,True,0.0751933243542988,81.7726621096872,7440,75.19332435429881
30.712036,60,119.376698,False,True,0.0172775459972351,83.85019034207937,7500,17.277545997235098
92.48925,60,119.78026,False,True,0.0136178718884545,86.92713063894915,7560,13.617871888454498
-17.862972,60,119.806117,False,True,0.1049114184642927,75.98840408604525,7620,104.9114184642927
-10.591465,60,120.506013,False,True,0.087622337363358,88.24279265445165,7680,87.622337363358
-13.418638,60,123.582117,False,True,0.0795155688992147,86.61725159256771,7740,79.5155688992147
48.162494,60,123.973544,False,True,0.0289337423584145,87.73166806114408,7800,28.933742358414502
-9.582309,60,124.006925,False,True,0.0750395413456907,86.05486660733787,7860,75.0395413456907
38.367621,60,124.710248,False,True,0.0328267863462776,86.88791945793825,7920,32.8267863462776
-5.524878,60,127.937233,False,True,0.0689947135990749,84.68805930604988,7980,68.9947135990749
41.453244,60,128.308377,False,True,0.028250726127164,85.36408434364186,8040,28.250726127163997
29.58756,60,128.336259,False,True,0.0442596387048748,79.08696776029294,8100,44.2596387048748
133.794027,60,129.040731,False,True,0.0130027200067257,85.06310946849506,8160,13.002720006725701
-23.336642,60,133.351906,False,True,0.1329905238743426,80.40084595391475,8220,132.99052387434259
77.519999,60,133.754405,False,True,0.0276699776960078,87.57896441089845,8280,27.6699776960078
-19.081793,60,133.774727,False,True,0.1455756515124493,76.07626881174532,8340,145.5756515124493
-20.94023,60,134.484212,False,True,0.0952035657122164,70.8626495189349,8400,95.2035657122164
40.98763,60,137.736334,False,True,0.0402122862286182,84.43834473121392,8460,40.212286228618204
14.971149,60,138.132762,False,True,0.0429005631493992,80.85896070652058,8520,42.9005631493992
-15.042644,60,138.160645,False,True,0.0845946297153878,88.49552610257068,8580,84.5946297153878
46.20289,60,138.86864,False,True,0.0316072092798908,88.46019379412878,8640,31.607209279890803
223.054835,60,142.606952,False,True,0.0009115905871693,83.76125261461948,8700,0.9115905871693001
26.882011,60,143.00084,False,True,0.0430552003005114,76.71697807179865,8760,43.0552003005114
-17.595804,60,143.034353,False,True,0.0843216637748189,88.60976390486296,8820,84.3216637748189
131.644213,60,143.744824,False,True,0.0084549439835215,83.90238633583216,8880,8.454943983521499
56.214304,60,148.106781,False,True,0.0345281673679293,83.12274386831952,8940,34.5281673679293
142.154223,60,148.506047,False,True,0.0084257292594371,85.3362537357022,9000,8.4257292594371
21.699825,60,148.537567,False,True,0.0423249368610336,89.82574138135621,9060,42.3249368610336
32.927227,60,149.241421,False,True,0.0310511979269377,79.51927388958009,9120,31.0511979269377
-22.645091,60,154.024236,False,True,0.1246467355803385,85.13496770193862,9180,124.6467355803385
-5.573784,60,154.421197,False,True,0.0692223006096003,77.51498453248047,9240,69.2223006096003
-20.926416,60,154.449079,False,True,0.0922666360929322,68.56588697634396,9300,92.2666360929322
-17.404835,60,155.156542,False,True,0.1184960611811758,86.62217898919603,9360,118.49606118117579
108.6723,60,157.583877,False,True,0.0244061279087566,89.39448462462047,9420,24.406127908756602
-16.328775,60,157.975222,False,True,0.0835167424295233,87.00572189428402,9480,83.51674242952329
-14.164156,60,158.00821,False,True,0.0813904056964489,77.17282851261666,9540,81.3904056964489
77.853599,60,158.720997,False,True,0.0086693271634246,83.32758965416883,9600,8.6693271634246
-14.315386,60,162.542544,False,True,0.0757813727654267,80.04399557484125,9660,75.7813727654267
117.820382,60,162.964113,False,True,0.0230413313032841,86.97717462563108,9720,23.0413313032841
-4.090123,60,162.984993,False,True,0.0643074488228009,84.95121523483361,9780,64.3074488228009
-18.226933,60,163.70048,False,True,0.1051898516535307,89.14094452235946,9840,105.18985165353071
65.327119,60,166.326277,False,True,0.0248574419387534,88.05544431485505,9900,24.8574419387534
24.026713,60,166.724233,False,True,0.0431776715204674,72.69165386372212,9960,43.1776715204674
-0.21095,60,166.754118,False,True,0.064390112484101,85.47171793850718,10020,64.390112484101
-10.03008,60,167.459586,False,True,0.0719522018928164,81.73925808550007,10080,71.9522018928164
7.810467,60,171.128777,False,True,0.0470143268813498,81.37669984030354,10140,47.0143268813498
-30.767415,60,171.526734,False,True,0.1247853965187062,89.3334452964459,10200,124.7853965187062
-17.200667,60,171.558696,False,True,0.1417659727449377,88.11550559442169,10260,141.7659727449377
8.485127,60,172.263145,False,True,0.0618396239062071,85.0757994358349,10320,61.8396239062071
19.325251,60,175.180959,False,True,0.0424540420163509,84.16708509168124,10380,42.4540420163509
0.732921,60,175.578331,False,True,0.0644625400229453,89.30486559942278,10440,64.46254002294529
164.049353,60,175.604704,False,True,0.0242270662791799,82.02276987643064,10500,24.2270662791799
33.628293,60,176.313266,False,True,0.0439184757097783,88.09741620227204,10560,43.9184757097783
9.595578,60,180.841248,False,True,0.0551150075250921,87.54425871621427,10620,55.1150075250921
155.533445,60,181.231566,False,True,0.0204515126352506,80.90524857713822,10680,20.4515126352506
-14.707984,60,181.263551,False,True,0.0870375575908998,86.08487236131866,10740,87.03755759089981
98.212238,60,181.977101,False,True,0.0211961729519849,73.02706566412182,10800,21.1961729519849
-17.85089,60,186.094372,False,True,0.1099758279758088,85.34571558248197,10860,109.9758279758088
-25.111726,60,186.494155,False,True,0.1237896220346182,75.34286630108991,10920,123.7896220346182
-12.143923,60,186.523059,False,True,0.0833520470457146,72.9192359552006,10980,83.3520470457146
-8.948828,60,187.229526,False,True,0.068506868525883,83.8631214118382,11040,68.50686852588301
-25.378976,60,190.980393,False,True,0.117041508715087,81.5384860282965,11100,117.041508715087
117.493721,60,191.37219,False,True,0.0097390791387304,87.203935628626,11160,9.7390791387304
-8.674557,60,191.402077,False,True,0.0793132936642923,89.27290691432748,11220,79.31329366429229
12.412247,60,192.107545,False,True,0.0499615479892106,84.5370499265873,11280,49.9615479892106
-22.700798,60,194.551137,False,True,0.0899332222041286,89.3103949185895,11340,89.9332222041286
-29.924983,60,194.946099,False,True,0.1214161458019357,89.75741465989682,11400,121.4161458019357
-2.11439,60,194.976976,False,True,0.0634749143182509,83.02663235386063,11460,63.4749143182509
12.150449,60,195.681445,False,True,0.0433642911401163,82.5815244273658,11520,43.3642911401163
28.515392,60,198.074109,False,True,0.0475302184230877,88.11169871999024,11580,47.5302184230877
17.081035,60,198.467971,False,True,0.0452286156851389,88.76748978964072,11640,45.2286156851389
123.71301,60,198.497219,False,True,0.0164406519060926,79.37183375656225,11700,16.4406519060926
13.243873,60,199.208443,False,True,0.0525846593001521,82.63081907854902,11760,52.584659300152104
50.891428,60,202.611091,False,True,0.0221149788076645,89.91076448682529,11820,22.114978807664503
-28.191958,60,203.009048,False,True,0.120005151253012,77.33731326520059,11880,120.005151253012
-0.497244,60,203.035902,False,True,0.0578357688005725,82.77937718753776,11940,57.8357688005725
32.891114,60,203.740372,False,True,0.0407640732566846,84.66829372195028,12000,40.764073256684604
147.040815,60,206.156369,False,True,0.0034362759404377,89.77045941720905,12060,3.4362759404377
46.001601,60,206.556327,False,True,0.0416041121144031,85.5035455437951,12120,41.604112114403094
184.837807,60,206.588738,False,True,0.0019706771128705,89.41958676377759,12180,1.9706771128704998
-15.88372,60,207.291687,False,True,0.0869797225519923,79.98939820636194,12240,86.9797225519923
-14.807334,60,210.687014,False,True,0.0822807670700868,77.81472550262733,12300,82.2807670700868
71.045865,60,211.08343,False,True,0.0304262921397557,85.35678813883945,12360,30.426292139755702
-4.179686,60,211.117431,False,True,0.0678246847471006,86.9214527614763,12420,67.8246847471006
91.280861,60,211.825892,False,True,0.0152184076994985,81.87291265010043,12480,15.218407699498501
34.098798,60,214.17406,False,True,0.0399790852229078,82.66935691775778,12540,39.9790852229078
59.757816,60,214.574532,False,True,0.0386060048776479,88.67665183175484,12600,38.6060048776479
-25.670027,60,214.603431,False,True,0.0958661683079518,89.73046977971096,12660,95.86616830795181
12.875693,60,215.307364,False,True,0.0615086510234512,75.32649348664451,12720,61.50865102345119
-29.291291,60,218.984704,False,True,0.1107876582220327,84.61779663588732,12780,110.78765822203269
128.814428,60,219.383344,False,True,0.0155138460384071,79.28129191366654,12840,15.5138460384071
254.171886,60,219.415916,False,True,0.00850356986596,89.08015597213759,12900,8.503569865960001
-36.5946,60,220.117694,False,True,0.1150736683955425,75.540219281254,12960,115.07366839554251
-18.205543,60,222.570139,False,True,0.093548004434911,83.87759030358802,13020,93.548004434911
23.095189,60,222.971339,False,True,0.0504841903716732,86.27916423018902,13080,50.4841903716732
123.085251,60,223.003248,False,True,0.0195085120225325,81.98362565451944,13140,19.5085120225325
-5.481453,60,223.706699,False,True,0.062083213837683,85.24721755517942,13200,62.083213837683
84.122508,60,226.905288,False,True,0.0234740178908983,88.91333308506753,13260,23.4740178908983
5.138256,60,227.309805,False,True,0.0604734757634435,80.55610817476928,13320,60.4734757634435
15.154466,60,227.339422,False,True,0.0523202593242494,85.19876131514192,13380,52.3202593242494
72.784727,60,228.040147,False,True,0.0275282138106722,79.48257706437741,13440,27.5282138106722
35.06139,60,230.377976,False,True,0.040070982516424,86.81949726924624,13500,40.070982516423996
-15.81091,60,230.78003,False,True,0.0965940415826595,80.90965634701858,13560,96.5940415826595
132.740889,60,230.805894,False,True,0.0147743201889426,87.3120017291415,13620,14.7743201889426
19.554825,60,231.51338,False,True,0.0439273434393599,81.06209097074878,13680,43.9273434393599
-19.585228,60,234.814943,False,True,0.1252543233574114,77.70035861715066,13740,125.25432335741141
0.862255,60,235.213419,False,True,0.0678025170978404,86.88121393705246,13800,67.8025170978404
150.978004,60,235.241867,False,True,0.015711661487624,86.35980703497555,13860,15.711661487624
-21.542912,60,235.948334,False,True,0.1044679730759916,86.74203598781075,13920,104.4679730759916
128.077061,60,238.337501,False,True,0.0161952471796047,84.5044991086974,13980,16.1952471796047
-21.683432,60,238.738563,False,True,0.1058137465113397,87.87050148790705,14040,105.8137465113397
10.998857,60,238.762084,False,True,0.0517618466541071,86.81555500677527,14100,51.7618466541071
111.72435,60,239.47493,False,True,0.0208253818044278,88.01935295631374,14160,20.8253818044278
56.629427,60,242.77486,False,True,0.033233690519933,84.42099687505046,14220,33.233690519933006
-34.343476,60,243.173815,False,True,0.1134763787176535,81.59068505015154,14280,113.47637871765349
68.036124,60,243.199703,False,True,0.0282620789445645,84.06243243178851,14340,28.2620789445645
-10.802168,60,243.90617,False,True,0.0768025922444182,89.91191009146115,14400,76.8025922444182
-2.563405,60,246.235246,False,True,0.071501564384608,88.65399010953719,14460,71.501564384608
51.828405,60,246.636292,False,True,0.0390101993585515,86.36601070539163,14520,39.0101993585515
97.899797,60,246.664175,False,True,0.0300584063468125,89.21827340984541,14580,30.0584063468125
54.276339,60,247.369617,False,True,0.0261502158459506,89.2490082501386,14640,26.150215845950598
-5.582872,60,250.604053,False,True,0.07150150671192,84.87115158508644,14700,71.50150671192
-10.602875,60,250.998978,False,True,0.0759722428729494,87.45929549256053,14760,75.97224287294941
-30.463492,60,251.029892,False,True,0.1052085684166018,77.43779751675595,14820,105.20856841660179
-11.414612,60,251.736359,False,True,0.0751976439165729,86.36489975302052,14880,75.1976439165729
-10.888125,60,254.11462,False,True,0.0733323319504466,77.52099019572582,14940,73.3323319504466
178.752636,60,254.512577,False,True,0.0114370171540712,84.22849309957597,15000,11.4370171540712
62.421047,60,254.543453,False,True,0.0236553293729491,85.00805830241778,15060,23.6553293729491
-8.871439,60,255.247926,False,True,0.0746990448159629,89.89281369717067,15120,74.6990448159629
79.889772,60,257.650759,False,True,0.0276483411389789,86.31897210113313,15180,27.6483411389789
150.448178,60,258.050736,False,True,0.0101249783451178,81.39326098194756,15240,10.1249783451178
196.247979,60,258.078619,False,True,0.0065345612039303,85.89697330229633,15300,6.5345612039303
16.529134,60,258.783065,False,True,0.048818135692813,80.66378993097815,15360,48.818135692813
-15.594649,60,262.141472,False,True,0.0833586081178399,85.76785416727554,15420,83.3586081178399
2.07491,60,262.537915,False,True,0.0607780186731695,87.12019140816861,15480,60.778018673169505
147.412379,60,262.567312,False,True,0.0068107873951284,72.59290751969878,15540,6.8107873951284
146.670302,60,263.2748,False,True,0.0102624788073828,89.9869224779425,15600,10.2624788073828
126.170637,60,266.319796,False,True,0.0102376170551875,78.82377372969827,15660,10.2376170551875
-29.919782,60,266.717753,False,True,0.1486176514015575,84.85010318291782,15720,148.6176514015575
-30.717415,60,266.748771,False,True,0.1180304020641012,81.08967651138583,15780,118.0304020641012
20.669685,60,267.452102,False,True,0.0458441855126328,87.16223959669959,15840,45.8441855126328
17.07894,60,271.304908,False,True,0.0517260734750822,79.78587553460642,15900,51.7260734750822
159.753598,60,271.704861,False,True,0.0044149213731014,87.04124628041052,15960,4.4149213731014
216.385357,60,271.734263,False,True,0.0041537295505107,76.57875459557037,16020,4.1537295505106995
34.372235,60,272.44073,False,True,0.0361317609391456,77.63037849147892,16080,36.1317609391456
127.030803,60,274.872288,False,True,0.0230539149140477,85.33430929259893,16140,23.0539149140477
89.53695,60,275.272271,False,True,0.0264214249591075,80.23140489084058,16200,26.4214249591075
245.138478,60,275.302696,False,True,0.0014601380668442,87.48342830305623,16260,1.4601380668442
-13.691862,60,276.008142,False,True,0.0820057929310376,88.28384265850399,16320,82.0057929310376
-34.093769,60,279.370301,False,True,0.1305601206062222,83.39983347732091,16380,130.5601206062222
14.60666,60,279.775409,False,True,0.0435649763935823,85.09029351473649,16440,43.5649763935823
25.019322,60,279.797647,False,True,0.0548521287705405,81.51954671989093,16500,54.8521287705405
23.071737,60,280.510761,False,True,0.0439084494709147,85.93942430007101,16560,43.9084494709147
46.784149,60,282.860419,False,True,0.0306783475101219,80.12347985680137,16620,30.678347510121903
14.487159,60,283.258376,False,True,0.0420031783344676,87.65286059597682,16680,42.0031783344676
10.674381,60,283.284734,False,True,0.0526283223881598,83.27074621622207,16740,52.6283223881598
-2.859466,60,283.992725,False,True,0.0654960151153593,85.43355823323539,16800,65.4960151153593
76.746856,60,287.873209,False,True,0.0270211392503781,88.41795547825987,16860,27.0211392503781
-2.636918,60,288.273158,False,True,0.057649587640912,86.69434834712563,16920,57.649587640911996
230.351123,60,288.300042,False,True,0.0014526387822777,86.56304343744137,16980,1.4526387822777
16.990235,60,289.002461,False,True,0.045101895688513,85.60387685793754,17040,45.101895688513
-13.779737,60,292.358939,False,True,0.0946169741361604,88.75004205853861,17100,94.6169741361604
141.129247,60,292.774458,False,True,0.0165774720301306,86.37284582663239,17160,16.5774720301306
139.441632,60,292.784778,False,True,0.0055898347007674,81.60649596065826,17220,5.5898347007674
96.974025,60,293.523462,False,True,0.0197429047237752,79.61252514870354,17280,19.7429047237752
73.670636,60,297.279573,False,True,0.0272467292282622,85.38073227299233,17340,27.2467292282622
29.775087,60,297.680664,False,True,0.0468797408514455,87.67665986703273,17400,46.8797408514455
-21.444104,60,297.70653,False,True,0.0977801313299385,84.20485390547073,17460,97.7801313299385
134.857941,60,298.409346,False,True,0.014701878663127,80.53435585478918,17520,14.701878663127
40.204729,60,300.731556,False,True,0.0269229741564199,87.7258123402445,17580,26.9229741564199
-16.477492,60,301.132028,False,True,0.0836527273057082,83.5849186469577,17640,83.65272730570821
6.446137,60,301.155379,False,True,0.0547980423756428,81.6110729360422,17700,54.7980423756428
-13.178507,60,301.862868,False,True,0.1316532483892983,87.33876192075867,17760,131.65324838929828
70.160168,60,304.724936,False,True,0.0287416558284488,84.31859483969188,17820,28.7416558284488
10.384365,60,305.121883,False,True,0.0454339820199686,70.52163295141544,17880,45.4339820199686
-12.748525,60,305.149765,False,True,0.0780482177633128,84.67850543124163,17940,78.0482177633128
73.143369,60,305.856232,False,True,0.0371013406852192,87.40215805653632,18000,37.1013406852192
18.366819,60,307.911684,False,True,0.04945030463015,85.23626976545376,18060,49.45030463015
-0.891067,60,308.313186,False,True,0.0635870470118432,82.46739621166687,18120,63.587047011843204
143.984791,60,308.339061,False,True,0.0191436058123047,89.39240076180681,18180,19.1436058123047
16.110688,60,309.039947,False,True,0.0483707269687914,80.69560453434002,18240,48.370726968791395
-21.899479,60,311.858959,False,True,0.0951291746284087,79.68025316044961,18300,95.12917462840869
120.72678,60,312.255914,False,True,0.0183975637220891,68.69145535962902,18360,18.3975637220891
215.352843,60,312.286795,False,True,0.004944654259325,86.79276959599773,18420,4.9446542593250005
49.809487,60,312.992263,False,True,0.0310146210766487,75.08427487694568,18480,31.0146210766487
133.688066,60,314.997169,False,True,0.0028691419555791,84.46060155341767,18540,2.8691419555791002
221.667288,60,315.39413,False,True,0.00921045473824,84.50686235969505,18600,9.210454738240001
-11.901962,60,315.422012,False,True,0.0728385771628758,87.5637272996164,18660,72.8385771628758
-6.537157,60,316.127479,False,True,0.0663639268556148,84.71002979907222,18720,66.3639268556148
247.683131,60,319.283203,False,True,0.0016478031370868,86.00907040146252,18780,1.6478031370868
74.473151,60,319.68116,False,True,0.028575158674334,86.16069153432923,18840,28.575158674334002
81.453415,60,319.71057,False,True,0.029755544694419,84.79804580565902,18900,29.755544694419
57.2216,60,320.419074,False,True,0.0305043011456641,84.12133064628894,18960,30.5043011456641
86.130852,60,322.54018,False,True,0.0305566247725242,88.04457680965412,19020,30.5566247725242
-1.668648,60,322.944182,False,True,0.0679200124194185,79.1437488604171,19080,67.9200124194185
177.891269,60,322.967531,False,True,0.0139613802139244,81.82980687717095,19140,13.9613802139244
6.019511,60,323.673998,False,True,0.0582859956664637,88.75007828887315,19200,58.2859956664637
203.484384,60,325.630635,False,True,0.0085054033603259,82.38964168152869,19260,8.5054033603259
21.242348,60,326.031963,False,True,0.0431131926114943,84.69496773393679,19320,43.1131926114943
3.173625,60,326.053398,False,True,0.0596071150034861,85.15315917869829,19380,59.6071150034861
-34.948582,60,326.764489,False,True,0.1427489809752584,86.48862228851245,19440,142.7489809752584
-21.000797,60,329.651875,False,True,0.098238013379718,71.16715780930672,19500,98.23801337971801
-16.216182,60,330.057835,False,True,0.0813990098214053,75.79100393274875,19560,81.3990098214053
-12.790597,60,330.079714,False,True,0.0853120824422857,81.1016362998138,19620,85.3120824422857
-6.217729,60,330.789162,False,True,0.0619088248178092,81.97399388842562,19680,61.9088248178092
131.346567,60,332.805437,False,True,0.0185102543728278,83.40874980728414,19740,18.5102543728278
-25.956311,60,333.200873,False,True,0.0950601251607699,89.39018437414303,19800,95.0601251607699
-15.309832,60,333.227082,False,True,0.0898939691778085,79.40201785656886,19860,89.8939691778085
65.587471,60,333.934194,False,True,0.0380198638685084,83.932222800049,19920,38.019863868508395
142.439492,60,336.86107,False,True,0.0122936671111266,81.24998601915277,19980,12.2936671111266
290.072883,60,337.262627,False,True,0.0029118541989957,89.93400402804897,20040,2.9118541989957
182.127426,60,337.282161,False,True,0.0069299337909245,87.7677791239419,20100,6.929933790924499
111.975086,60,337.994955,False,True,0.0271045686081049,82.33160806942307,20160,27.1045686081049
-21.583054,60,340.007041,False,True,0.1436998443606483,78.44826181527571,20220,143.6998443606483
-16.750915,60,340.400006,False,True,0.0901029601604135,79.90323466510763,20280,90.1029601604135
121.281473,60,340.429874,False,True,0.0212338650297842,87.84849214812868,20340,21.2338650297842
99.026895,60,341.131353,False,True,0.0204334682454088,82.76545606607557,20400,20.4334682454088
191.674008,60,344.127616,False,True,0.002414424962761,88.8160468265533,20460,2.4144249627609997
166.158786,60,344.525573,False,True,0.0073487358404369,88.63480444401439,20520,7.3487358404369
149.306861,60,344.546349,False,True,0.0129181103899014,79.28461953225936,20580,12.918110389901399
21.631593,60,345.251813,False,True,0.0487676644959099,89.39236796438622,20640,48.7676644959099
166.320661,60,347.400509,False,True,0.0105548347511771,86.74848952126958,20700,10.5548347511771
1.916572,60,347.798466,False,True,0.0513157729068885,85.47138601675128,20760,51.3157729068885
136.587668,60,347.825287,False,True,0.0274898194806785,88.39676572783169,20820,27.4898194806785
-8.791956,60,348.533363,False,True,0.0690000368217726,77.36196448706845,20880,69.0000368217726
52.339424,60,351.725022,False,True,0.0392456033063548,89.96820553394107,20940,39.2456033063548
48.21693,60,352.121455,False,True,0.0377399454755404,80.32089723209842,21000,37.7399454755404
-28.129235,60,352.147789,False,True,0.0941522068902455,80.46504496213022,21060,94.15220689024551
70.959917,60,352.852706,False,True,0.0141847217136601,89.98921344484111,21120,14.184721713660101
134.082433,60,355.840286,False,True,0.0200952053625702,89.7600068885317,21180,20.0952053625702
3.411557,60,356.230052,False,True,0.054142679029268,89.9652271904724,21240,54.142679029267995
118.839365,60,356.265606,False,True,0.0178591960024418,83.06744474613505,21300,17.859196002441802
10.61363,60,356.964401,False,True,0.0566823781999001,80.06255949946933,21360,56.6823781999001
4.884558,60,360.092476,False,True,0.0496875252576056,87.53551258290807,21420,49.6875252576056
-1.061127,60,360.49145,False,True,0.0626466389087355,87.18534635004768,21480,62.6466389087355
93.960107,60,360.514789,False,True,0.0303149730925121,75.9441438733017,21540,30.3149730925121
74.800373,60,361.2268,False,True,0.0326691936096161,86.577636785882,21600,32.6691936096161
173.700624,60,363.827897,False,True,0.0148596300253734,86.84119275854708,21660,14.8596300253734
6.401188,60,364.223673,False,True,0.059776801234949,79.64502856305108,21720,59.776801234949005
47.306974,60,364.251555,False,True,0.0491521872688375,86.31151944988251,21780,49.1521872688375
-1.913926,60,364.958022,False,True,0.0567088628044836,79.25524010389384,21840,56.708862804483594
270.747099,60,368.295472,False,True,0.0046060760010328,83.86767184230152,21900,4.6060760010328
152.953074,60,368.697497,False,True,0.0221586667080065,84.21321813329469,21960,22.1586667080065
217.093906,60,368.717317,False,True,0.0112045612224158,85.85753221114413,22020,11.2045612224158
1.995193,60,369.424788,False,True,0.0663915628110185,89.50428558535467,22080,66.3915628110185
4.186178,60,371.761738,False,True,0.0589603293289227,84.81314844296358,22140,58.9603293289227
126.347764,60,372.160691,False,True,0.0180699008187983,89.10947156656044,22200,18.0699008187983
127.534329,60,372.190034,False,True,0.0151526968054322,82.4409859591693,22260,15.1526968054322
227.240721,60,372.896501,False,True,0.0098177574007559,81.54769659258805,22320,9.8177574007559
149.420771,60,376.415166,False,True,0.0008838178814222,79.6197618840765,22380,0.8838178814222001
21.620152,60,376.823228,False,True,0.0604530192467612,88.3395497939187,22440,60.4530192467612
182.022388,60,376.844553,False,True,0.0161614566719321,85.69369382150896,22500,16.1614566719321
106.242017,60,377.546465,False,True,0.0124602178555819,84.36805611022908,22560,12.460217855581899
199.063474,60,380.038849,False,True,0.0078525085173143,89.6663053978857,22620,7.8525085173143
-21.031561,60,380.436806,False,True,0.1168205398226552,80.79572993257588,22680,116.82053982265519
93.515263,60,380.464689,False,True,0.0210675447730902,88.16939373396627,22740,21.0675447730902
71.588702,60,381.171155,False,True,0.0272976930314326,81.12429611180329,22800,27.2976930314326
14.226745,60,383.455985,False,True,0.0508171104137724,82.57145866120754,22860,50.8171104137724
-10.942757,60,383.856508,False,True,0.0909891113889513,76.84260546492882,22920,90.9891113889513
52.010402,60,383.885388,False,True,0.0126054144989008,86.31005154190112,22980,12.6054144989008
32.016766,60,384.592857,False,True,0.0386161667443742,86.95867418430385,23040,38.616166744374205
317.712768,60,387.483277,False,True,0.0030025490665045,83.63653068827111,23100,3.0025490665045
-13.209913,60,387.881234,False,True,0.0802788008357761,78.57239424607386,23160,80.2788008357761
27.497735,60,387.910188,False,True,0.0424503544324214,81.36451950888508,23220,42.4503544324214
71.942876,60,388.615583,False,True,0.0306735199743862,85.89127167071443,23280,30.6735199743862
-10.541391,60,390.505392,False,True,0.0814197203049854,87.98597257346385,23340,81.4197203049854
-18.174914,60,390.902359,False,True,0.1358564127522581,87.93638089581212,23400,135.8564127522581
-9.007032,60,390.931231,False,True,0.0807295251844138,79.08122545753976,23460,80.7295251844138
-16.073001,60,391.634707,False,True,0.0950049685163278,85.82660067791498,23520,95.00496851632779
-14.672134,60,394.402209,False,True,0.0811985893173059,87.46128359411622,23580,81.1985893173059
228.890649,60,394.79918,False,True,0.0003241751603473,88.34652281575441,23640,0.3241751603473
-20.44866,60,394.826067,False,True,0.0979465020561277,77.87039377486279,23700,97.9465020561277
130.487259,60,395.534515,False,True,0.0161554737945258,83.95158228385063,23760,16.1554737945258
-23.999687,60,397.378519,False,True,0.105304811640582,76.10830471132216,23820,105.304811640582
147.035735,60,397.767149,False,True,0.0089785935520776,85.37720239291306,23880,8.978593552077601
-14.708975,60,397.795711,False,True,0.0759715721879433,66.40362663847937,23940,75.9715721879433
173.041973,60,398.498504,False,True,0.0107747424629523,77.76990544489576,24000,10.7747424629523
-7.713396,60,401.267043,False,True,0.0629901191401979,82.47660862963805,24060,62.990119140197905
164.320561,60,401.665,False,True,0.0172615745564058,79.27422087436229,24120,17.2615745564058
-15.266911,60,401.687806,False,True,0.0887982302533976,88.5770427492161,24180,88.7982302533976
-27.927637,60,402.392752,False,True,0.1287821855499464,81.83461119784846,24240,128.78218554994638
6.27799,60,404.291682,False,True,0.0675630788946446,65.10608146343708,24300,67.56307889464459
-23.487166,60,404.691631,False,True,0.0979699935508765,84.58306957670136,24360,97.96999355087651
-2.097464,60,404.716474,False,True,0.0667503152076178,87.88316418209239,24420,66.7503152076178
11.594397,60,405.423989,False,True,0.0519483000125355,85.30190080881881,24480,51.948300012535505
41.542045,60,408.109719,False,True,0.0456974162053304,87.82317749001302,24540,45.697416205330406
88.923111,60,408.514225,False,True,0.02252372978881,80.00807304132147,24600,22.523729788809998
55.441719,60,408.53656,False,True,0.0234660548785752,81.4274845473555,24660,23.4660548785752
140.324416,60,409.238485,False,True,0.0195245723833832,88.01140106478287,24720,19.5245723833832
-34.327546,60,411.170854,False,True,0.1271616640538021,83.15072395501976,24780,127.16166405380211
156.691948,60,411.567783,False,True,0.0034384020722235,81.04951493409686,24840,3.4384020722235
153.555002,60,411.598235,False,True,0.0054430404366043,85.26294016944557,24900,5.4430404366043
128.557481,60,412.30316,False,True,0.0164449354827224,88.4093561131254,24960,16.4449354827224
-8.438656,60,415.003609,False,True,0.0732532072172275,83.989741907678,25020,73.2532072172275
241.411688,60,415.409041,False,True,0.0064035522015664,85.0586809640451,25080,6.4035522015663995
67.792007,60,415.434905,False,True,0.0313593412234132,89.80916626929765,25140,31.359341223413196
91.17629,60,416.14539,False,True,0.0275813801531574,88.17261209849978,25200,27.5813801531574
-20.015349,60,418.01015,False,True,0.1201663372918545,78.59896107734967,25260,120.1663372918545
207.060311,60,418.40907,False,True,0.007534908758898,82.06821890426421,25320,7.534908758898
238.412468,60,418.447126,False,True,0.0027146232385871,87.63837299507792,25380,2.7146232385871
112.43957,60,419.150354,False,True,0.0189742827331772,86.54163377166242,25440,18.9742827331772
208.923735,60,421.903347,False,True,0.0146057950595802,86.89920438490175,25500,14.605795059580199
244.079154,60,422.293763,False,True,0.003907310936118,83.62032225073376,25560,3.907310936118
82.607021,60,422.330227,False,True,0.0305368145501494,87.14530219267753,25620,30.5368145501494
176.537712,60,423.026089,False,True,0.0023362699793112,81.34630057533711,25680,2.3362699793112
83.393989,60,424.829112,False,True,0.0203556512769729,87.90533867686229,25740,20.3556512769729
-6.091041,60,425.234603,False,True,0.0716681341187241,88.02754033704956,25800,71.6681341187241
209.986629,60,425.263485,False,True,0.0036418838150243,87.4496967191218,25860,3.6418838150243
186.90468,60,425.962419,False,True,0.0026200072793645,83.37578740531278,25920,2.6200072793645
306.9984,60,428.767234,False,True,0.0005286877249769,86.7911987512009,25980,0.5286877249769001
290.4456,60,429.159096,False,True,0.0045678142068265,87.50364022855103,26040,4.5678142068265
167.026806,60,429.190532,False,True,0.0159879175069575,82.68168339998657,26100,15.987917506957501
103.235058,60,429.893445,False,True,0.0248310528380084,87.62951815879191,26160,24.8310528380084
60.941324,60,431.723396,False,True,0.0382915621198849,88.23209863058264,26220,38.2915621198849
8.108714,60,432.12855,False,True,0.0587759559201737,89.80957352025737,26280,58.7759559201737
-5.79066,60,432.15861,False,True,0.0788383845083636,89.82510517545353,26340,78.8383845083636
269.687202,60,432.85728,False,True,0.0082739285861106,69.43427992829797,26400,8.273928586110602
23.592439,60,435.616942,False,True,0.052769331981687,88.02878269843887,26460,52.769331981686996
30.566268,60,436.014899,False,True,0.0296140556276856,73.0598027891092,26520,29.6140556276856
-27.356499,60,436.045362,False,True,0.0992242287598546,79.60497969034913,26580,99.2242287598546
30.256974,60,436.752852,False,True,0.0559982067354661,65.18184160741286,26640,55.9982067354661
-29.409489,60,438.800368,False,True,0.1181835379320485,85.5504575825709,26700,118.1835379320485
126.879752,60,439.192619,False,True,0.0123693594741272,88.46419233765144,26760,12.369359474127199
49.3398,60,439.223207,False,True,0.043221102303336,88.96854949317583,26820,43.221102303336
-18.143242,60,439.923431,False,True,0.0863016603212216,81.76396593727905,26880,86.30166032122159
78.943405,60,441.782455,False,True,0.0269040853160095,86.2142508256323,26940,26.9040853160095
38.075166,60,442.178456,False,True,0.0454062424777199,88.31271428690305,27000,45.4062424777199
147.980205,60,442.209465,False,True,0.0106942679058065,86.77609460058578,27060,10.6942679058065
-16.301667,60,442.915931,False,True,0.083721205396363,82.35485152263406,27120,83.721205396363
-38.044443,60,445.678719,False,True,0.1118186844586764,83.84974673318143,27180,111.8186844586764
-11.56192,60,446.080681,False,True,0.0695916509884325,85.0439149200375,27240,69.59165098843249
5.626626,60,446.098751,False,True,0.0614894398635767,89.24204349156459,27300,61.489439863576706
220.491187,60,446.805218,False,True,0.0103160385528037,86.67470958236423,27360,10.3160385528037
-25.383129,60,448.716909,False,True,0.0984562843584999,81.39915941375793,27420,98.4562843584999
31.118626,60,449.118373,False,True,0.0406517584904898,89.64627494127033,27480,40.6517584904898
220.507712,60,449.142748,False,True,0.0115627801153054,85.47413455708198,27540,11.5627801153054
50.13274,60,449.853744,False,True,0.0428291431162882,84.56947319661644,27600,42.8291431162882
104.030795,60,452.634269,False,True,0.0256421830330389,89.03767990082792,27660,25.6421830330389
-13.980493,60,453.033222,False,True,0.076534904456601,87.63934757443273,27720,76.534904456601
139.770095,60,453.056109,False,True,0.0203989222334977,82.82693401934831,27780,20.3989222334977
18.69878,60,453.762576,False,True,0.0548864514815121,79.07537107889432,27840,54.8864514815121
-18.119859,60,455.608896,False,True,0.1048126838078026,84.3717782537501,27900,104.8126838078026
-16.97632,60,456.00533,False,True,0.0831145761610415,87.70168422863983,27960,83.1145761610415
156.521281,60,456.033212,False,True,0.0138709747997939,81.66415668424202,28020,13.8709747997939
250.389898,60,456.738677,False,True,0.0038963703972601,89.20013447300738,28080,3.8963703972601
340.029202,60,459.50234,False,True,0.0015677108017683,86.09830450272236,28140,1.5677108017683
212.526746,60,459.905256,False,True,0.0167335614030792,83.88930429709399,28200,16.7335614030792
26.621024,60,459.929202,False,True,0.0401324999480488,86.02084150254929,28260,40.1324999480488
71.95134,60,460.633076,False,True,0.0290558822829307,86.22033491928376,28320,29.0558822829307
157.528402,60,462.470662,False,True,0.017075161111001,82.00540916304315,28380,17.075161111000998
61.673262,60,462.865634,False,True,0.0517206385326767,80.58296777983831,28440,51.7206385326767
118.881882,60,462.893516,False,True,0.0211129857612369,82.6638872165681,28500,21.1129857612369
70.085309,60,463.604094,False,True,0.0384056446606338,89.12653327041217,28560,38.4056446606338
55.755982,60,466.320315,False,True,0.0426348763128368,78.24732313971197,28620,42.6348763128368
-29.026044,60,466.71354,False,True,0.0976896953531441,83.41044189531405,28680,97.6896953531441
33.024291,60,466.743605,False,True,0.0453571170390762,87.28866209605728,28740,45.3571170390762
229.320253,60,467.450072,False,True,0.0021845058160095,86.18908485879786,28800,2.1845058160095
0.200669,60,469.461929,False,True,0.0594427788786973,88.28481239700756,28860,59.4427788786973
164.209687,60,469.862405,False,True,0.0122622007417106,88.08639486318029,28920,12.2622007417106
80.84994,60,469.888709,False,True,0.0350683615056613,77.57570884920707,28980,35.068361505661294
34.051872,60,470.595176,False,True,0.0514880120733598,81.17780617625881,29040,51.4880120733598
15.916297,60,473.495044,False,True,0.053615172144175,87.33328473521394,29100,53.615172144175
-17.634243,60,473.891971,False,True,0.1045163211639806,75.80885817621622,29160,104.5163211639806
130.837829,60,473.920884,False,True,0.0258342484584798,87.29763744963947,29220,25.8342484584798
15.550307,60,474.629896,False,True,0.0502972274118194,88.94743717548997,29280,50.2972274118194
-14.273985,60,476.842386,False,True,0.0768916824534567,84.82350792528482,29340,76.89168245345671
53.603185,60,477.241323,False,True,0.0338695501919116,84.604715361743,29400,33.8695501919116
114.252861,60,477.269205,False,True,0.0237810012265071,88.74883177621746,29460,23.7810012265071
63.062819,60,477.9772,False,True,0.0188118180455257,87.32793933719803,29520,18.811818045525698
-28.27565,60,480.737853,False,True,0.1047795184373156,89.50106085036732,29580,104.7795184373156
-9.349247,60,481.13581,False,True,0.0721001156495243,89.41230796763791,29640,72.1001156495243
187.990114,60,481.164689,False,True,0.0054513762246041,86.22861191496858,29700,5.4513762246041
295.935207,60,481.872155,False,True,0.0099475230967192,79.06218213669122,29760,9.9475230967192
-23.810782,60,483.734136,False,True,0.085610626096175,82.49173406949132,29820,85.610626096175
101.583657,60,484.133636,False,True,0.0290462178718354,88.63502881133932,29880,29.046217871835402
-1.615902,60,484.157972,False,True,0.0550049594493646,88.13802811625084,29940,55.0049594493646
294.326271,60,484.86544,False,True,0.0021844111886681,84.53700773782307,30000,2.1844111886681
160.316362,60,487.742405,False,True,0.0141860794342071,87.70599546906892,30060,14.1860794342071
211.035121,60,488.140362,False,True,0.0159135220238286,88.0855841424732,30120,15.913522023828602
215.430588,60,488.174803,False,True,0.0107789629122355,78.95572846715471,30180,10.7789629122355
36.668969,60,488.877246,False,True,0.042956669358944,86.26520278784199,30240,42.956669358944005
51.933562,60,490.696966,False,True,0.0435467195569419,86.65701894370169,30300,43.5467195569419
225.031373,60,491.101504,False,True,0.0054044675078978,86.56265637260196,30360,5.4044675078978
148.914661,60,491.124832,False,True,0.021391599309373,87.07789384003156,30420,21.391599309373
49.283605,60,491.835853,False,True,0.0406263595867819,85.54160940892947,30480,40.6263595867819
-17.596114,60,493.692214,False,True,0.0840587989985949,86.89190440391558,30540,84.05879899859491
-3.777419,60,494.090171,False,True,0.0730667321391137,82.4403240360421,30600,73.0667321391137
170.002741,60,494.11857,False,True,0.0102627163879853,89.56032441213324,30660,10.2627163879853
-0.842652,60,494.82452,False,True,0.0675602307467795,84.42722912322454,30720,67.5602307467795
30.42349,60,497.6726,False,True,0.0469240708158732,89.34068013622304,30780,46.9240708158732
-27.309703,60,498.069557,False,True,0.0893607924976849,89.26912139835669,30840,89.3607924976849
188.826616,60,498.099955,False,True,0.0147460402304576,85.16107625194097,30900,14.746040230457599
19.093554,60,498.806422,False,True,0.0479876073945202,75.16039463363803,30960,47.987607394520204
338.021587,60,500.775785,False,True,0.0052761081377247,86.78241586592104,31020,5.276108137724701
104.872862,60,501.175268,False,True,0.028668069720601,81.80208703282183,31080,28.668069720601
-21.425878,60,501.199104,False,True,0.0827028790582353,87.48172939901255,31140,82.7028790582353
165.374187,60,501.905571,False,True,0.0305135828650498,71.63525225089381,31200,30.5135828650498
284.739989,60,504.624228,False,True,0.0074545534612214,89.09859846368225,31260,7.4545534612213995
7.808882,60,505.020171,False,True,0.0560234796022383,82.69230020707752,31320,56.023479602238304
-3.365187,60,505.042623,False,True,0.0726981348757658,84.61360727584115,31380,72.6981348757658
192.881033,60,505.74909,False,True,0.0082366789817653,85.60683609341251,31440,8.2366789817653
-8.255629,60,507.546866,False,True,0.0655082521714559,83.98851905942354,31500,65.5082521714559
100.946177,60,507.944212,False,True,0.0327241245237832,86.46802464410334,31560,32.724124523783196
47.475978,60,507.970725,False,True,0.0452088752723744,85.87183116114022,31620,45.20887527237441
54.441125,60,508.679172,False,True,0.042505633134833,80.5333140280159,31680,42.505633134833
23.512348,60,511.441851,False,True,0.0506591356243105,86.77814954612965,31740,50.6591356243105
-28.225203,60,511.845914,False,True,0.0973393830485605,81.47224226469956,31800,97.3393830485605
230.056219,60,511.86769,False,True,0.0101690798805394,86.26500323308915,31860,10.1690798805394
27.022174,60,512.581301,False,True,0.0433303520030674,85.25515265715285,31920,43.330352003067404
205.441163,60,514.409003,False,True,0.0146915450448454,85.2721677460494,31980,14.6915450448454
-22.363216,60,514.80696,False,True,0.1187752640777626,79.29023841044351,32040,118.7752640777626
-21.788333,60,514.834843,False,True,0.0907268372786016,84.75327394665861,32100,90.72683727860161
10.915618,60,515.54283,False,True,0.0583599822474364,87.58022657918129,32160,58.3599822474364
26.982493,60,518.273793,False,True,0.0460910688585009,88.45630487666594,32220,46.091068858500904
-18.910354,60,518.665409,False,True,0.0792835633462688,85.17471378765359,32280,79.2835633462688
20.230653,60,518.700143,False,True,0.054922268147422,87.24999323051037,32340,54.922268147422
213.124338,60,519.399758,False,True,0.0085015619350144,89.18043277025987,32400,8.5015619350144
-16.325595,60,521.23989,False,True,0.0687213975672626,87.38020677769737,32460,68.7213975672626
80.818539,60,521.640363,False,True,0.0225678968523936,89.54100845837016,32520,22.567896852393602
43.197244,60,521.666749,False,True,0.0396518315980495,83.58871878732646,32580,39.6518315980495
18.431232,60,522.374712,False,True,0.0455189331895965,82.64237550008303,32640,45.5189331895965
19.723688,60,525.113028,False,True,0.0507548635525225,80.88035917255033,32700,50.754863552522494
36.892322,60,525.510984,False,True,0.041483586055912,85.32636811669981,32760,41.483586055912
315.736081,60,525.538265,False,True,0.0027333188546771,86.40461435275752,32820,2.7333188546771003
96.160217,60,526.244732,False,True,0.0230069868085686,87.48629699243547,32880,23.006986808568602
270.860796,60,528.114493,False,True,0.0104304432907797,88.18344734515291,32940,10.4304432907797
74.254449,60,528.513472,False,True,0.0274399370092387,78.87348745401648,33000,27.4399370092387
204.268655,60,528.540332,False,True,0.0132956050445197,78.16347485881074,33060,13.2956050445197
-5.942907,60,529.246799,False,True,0.0648549711188455,85.3101444289196,33120,64.8549711188455
95.215166,60,532.161621,False,True,0.0316591674540818,83.8943864731828,33180,31.659167454081803
49.739994,60,532.55625,False,True,0.0370462085774216,89.77576459637817,33240,37.0462085774216
139.908905,60,532.583127,False,True,0.0167561974677849,88.54147489701299,33300,16.7561974677849
65.689707,60,533.295261,False,True,0.0386162422677789,86.25185736074299,33360,38.6162422677789
350.425154,60,535.12794,False,True,0.0019648272078346,73.8175263821134,33420,1.9648272078345999
177.136111,60,535.524904,False,True,0.0148890016503242,80.33926686522113,33480,14.8890016503242
22.338422,60,535.550784,False,True,0.0503489512175877,85.53989765595678,33540,50.348951217587704
201.104177,60,536.256253,False,True,0.0028471216172364,75.49690177877763,33600,2.8471216172364002
87.365045,60,538.999358,False,True,0.0272848468326155,80.25075456247197,33660,27.2848468326155
-16.90897,60,539.406517,False,True,0.087120782737374,79.95002047298081,33720,87.120782737374
53.099569,60,539.423743,False,True,0.0282216023070654,89.93720451975081,33780,28.2216023070654
319.503989,60,540.133708,False,True,0.0013367454882841,77.90109914562244,33840,1.3367454882841001
183.179109,60,541.897022,False,True,0.0169529039893846,86.70375212907997,33900,16.952903989384602
4.023045,60,542.293964,False,True,0.0538073060025177,86.0003928465782,33960,53.8073060025177
-20.175621,60,542.322862,False,True,0.0847368861160638,87.6085816347626,34020,84.7368861160638
65.941029,60,543.029329,False,True,0.0254203906714459,81.40878707400121,34080,25.4203906714459
31.877506,60,545.802086,False,True,0.0418652729358699,83.46826512602286,34140,41.865272935869896
115.30662,60,546.205124,False,True,0.0230297665116573,86.03102855083631,34200,23.0297665116573
55.940356,60,546.227925,False,True,0.0420391567913224,87.91018772385077,34260,42.0391567913224
45.576675,60,546.932389,False,True,0.0415147238916029,73.42852382410197,34320,41.5147238916029
41.766528,60,548.83017,False,True,0.0071986545301335,83.70604489219191,34380,7.1986545301335
15.342548,60,549.233358,False,True,0.0528317947592988,85.65027946851086,34440,52.8317947592988
224.482448,60,549.249899,False,True,0.0005854994035751,87.39125079650006,34500,0.5854994035751
87.919473,60,549.961481,False,True,0.0191516195446447,72.9197714374154,34560,19.1516195446447
1.695541,60,551.786529,False,True,0.0496839077319072,89.15010870083303,34620,49.6839077319072
73.715436,60,552.192038,False,True,0.0287622716559086,82.69596318938271,34680,28.762271655908602
161.159742,60,552.214907,False,True,0.013401620529979,89.22064062866897,34740,13.401620529978999
69.884264,60,552.920352,False,True,0.0265338723797127,85.9005199619553,34800,26.533872379712697
20.767387,60,555.763519,False,True,0.0458764776679267,82.91475597931606,34860,45.8764776679267
-29.360686,60,556.166662,False,True,0.0980865625191229,85.39884921207315,34920,98.0865625191229
-1.875866,60,556.196544,False,True,0.0662595241546876,81.7501003987017,34980,66.2595241546876
-37.537596,60,556.895825,False,True,0.1119560245892842,87.04300681520438,35040,111.95602458928421
258.38539,60,558.776983,False,True,0.0025821829867877,88.22303013639258,35100,2.5821829867877
6.928215,60,559.180472,False,True,0.0652608838630699,88.5277987176133,35160,65.26088386306989
-30.407254,60,559.203809,False,True,0.115386026421339,85.04832023865954,35220,115.386026421339
19.489314,60,559.914822,False,True,0.051642028476461,88.79419755518315,35280,51.642028476461
72.302397,60,562.780761,False,True,0.0305905809257533,83.4284707456266,35340,30.5905809257533
72.781203,60,563.181334,False,True,0.0350590955071818,84.33461837368303,35400,35.0590955071818
182.187204,60,563.2066,False,True,0.0034834343376803,88.26590885855418,35460,3.4834343376803
200.099858,60,563.913067,False,True,0.0145737119012547,87.38897853656314,35520,14.5737119012547
87.086787,60,565.764234,False,True,0.0298044866529226,78.35735438457847,35580,29.8044866529226
136.169387,60,566.162191,False,True,0.0136638028571467,88.4359441050466,35640,13.6638028571467
-35.30511,60,566.185071,False,True,0.1162740524255888,84.1441559949363,35700,116.2740524255888
108.806363,60,566.893524,False,True,0.0283583826063273,88.71002011217708,35760,28.3583826063273
95.840644,60,569.606087,False,True,0.0260731419203188,85.48083133502142,35820,26.0731419203188
109.682355,60,569.998322,False,True,0.0236280912500176,84.92453355376348,35880,23.6280912500176
73.586795,60,570.030916,False,True,0.0391427774518986,87.60210538178077,35940,39.142777451898596
67.01651,60,570.733694,False,True,0.0262668997925696,86.63077962200306,36000,26.2668997925696
-16.088657,60,572.557855,False,True,0.0858620670351114,75.65499564158306,36060,85.8620670351114
3.122546,60,572.952793,False,True,0.0596252148260288,88.25854982533833,36120,59.625214826028795
49.17133,60,572.982702,False,True,0.0336759183772501,88.17474056327572,36180,33.6759183772501
88.326845,60,573.687142,False,True,0.0242017182524904,88.98278440860365,36240,24.2017182524904
49.848842,60,576.478182,False,True,0.0402399508799984,79.75138999874244,36300,40.239950879998396
-14.659246,60,576.882281,False,True,0.0778849111172773,80.37379583687576,36360,77.8849111172773
6.540305,60,576.908583,False,True,0.0594134847295205,89.32950964521154,36420,59.413484729520505
8.973501,60,577.61152,False,True,0.0540188870550882,75.93020607799737,36480,54.0188870550882
104.841073,60,579.503176,False,True,0.0174290676232995,81.76418193143324,36540,17.4290676232995
-15.265283,60,579.903165,False,True,0.0746734091818035,86.29437341945447,36600,74.67340918180349
230.521211,60,579.923619,False,True,0.0030843103886957,83.76642123450239,36660,3.0843103886957
68.951732,60,580.628101,False,True,0.032779164332747,83.13995573003616,36720,32.779164332747
161.174585,60,583.509915,False,True,0.015868396075869,86.83795848604088,36780,15.868396075868999
-10.721137,60,583.907872,False,True,0.0797112729701124,88.05857528342587,36840,79.7112729701124
31.938653,60,583.930439,False,True,0.0341007116121759,85.66080649934534,36900,34.1007116121759
12.663144,60,584.639234,False,True,0.0562305220914835,88.20247255505501,36960,56.2305220914835
56.096808,60,586.840714,False,True,0.0333964546956832,83.23359240180334,37020,33.3964546956832
160.603989,60,587.242662,False,True,0.0055639764055455,82.64004463800103,37080,5.5639764055455
222.89119,60,587.263553,False,True,0.0024263219286677,88.86754903478447,37140,2.4263219286677
158.765444,60,587.968996,False,True,0.0108681825106178,75.45031881917527,37200,10.8681825106178
209.928118,60,590.880205,False,True,0.0142903402392014,78.69129438102559,37260,14.2903402392014
56.22558,60,591.274114,False,True,0.0247128608286527,86.62214773988477,37320,24.7128608286527
113.83403,60,591.301235,False,True,0.0203535788087935,82.7705666834049,37380,20.3535788087935
7.310699,60,592.012511,False,True,0.0578885311968907,89.36184955147222,37440,57.888531196890696
187.160517,60,593.928984,False,True,0.0196612174124342,79.96697509333426,37500,19.6612174124342
174.292635,60,594.319736,False,True,0.0092332700030841,76.53658710090431,37560,9.233270003084101
-25.091315,60,594.346076,False,True,0.0966411276724783,70.8684413384748,37620,96.6411276724783
92.635002,60,595.05508,False,True,0.0253438914138246,87.49977566355584,37680,25.3438914138246
163.40003,60,598.168826,False,True,0.0090026121134754,87.09525095657048,37740,9.002612113475399
21.533238,60,598.569772,False,True,0.0534883578419538,84.69415555583552,37800,53.4883578419538
182.395408,60,598.594665,False,True,0.019748573928087,81.14754402000705,37860,19.748573928087
-18.942143,60,599.294927,False,True,0.0824529114037598,86.07127003319086,37920,82.4529114037598
119.967557,60,601.139423,False,True,0.0227876678431264,87.0396733715504,37980,22.7876678431264
-21.744284,60,601.545924,False,True,0.0894871789536727,72.63506428739406,38040,89.4871789536727
-29.089235,60,601.56326,False,True,0.096102527383891,85.95167201293211,38100,96.102527383891
166.639637,60,602.276777,False,True,0.0125577219216009,83.9054028035415,38160,12.557721921600901
274.616568,60,604.093823,False,True,0.0045069584212488,86.77412881549516,38220,4.5069584212488
182.019778,60,604.49288,False,True,0.0093933042372182,87.29240189004567,38280,9.3933042372182
18.765825,60,604.51915,False,True,0.0502806294057497,88.73985422859329,38340,50.2806294057497
193.196525,60,605.224621,False,True,0.0085310871978826,84.51375289221282,38400,8.5310871978826
212.638604,60,608.037287,False,True,0.0060977403156695,80.053499828683,38460,6.0977403156695
-32.745301,60,608.43171,False,True,0.1295920499588104,89.04822433076869,38520,129.5920499588104
124.244926,60,608.458601,False,True,0.01419873922845,87.55679527059219,38580,14.19873922845
206.869609,60,609.169593,False,True,0.0173587270739904,87.05467445943783,38640,17.3587270739904
189.832009,60,611.032736,False,True,0.0103967677546076,83.85039601593857,38700,10.3967677546076
149.647883,60,611.431696,False,True,0.0185165681284995,85.66722369230152,38760,18.5165681284995
80.623096,60,611.460571,False,True,0.031591036980316,89.14874016030791,38820,31.591036980315998
-28.077256,60,612.164011,False,True,0.0868692103175638,89.84465267563786,38880,86.8692103175638
97.459726,60,615.018448,False,True,0.0237936633549587,78.11574320345989,38940,23.7936633549587
-9.620335,60,615.410606,False,True,0.0747204242779176,84.90032990966245,39000,74.7204242779176
16.6504,60,615.438488,False,True,0.0524982945502247,88.65760238645753,39060,52.4982945502247
24.380535,60,616.148659,False,True,0.0449098416413584,85.79203513245702,39120,44.909841641358405
-27.425583,60,617.935412,False,True,0.0985761510204039,79.07902157059719,39180,98.5761510204039
136.597796,60,618.339913,False,True,0.0188368916272429,85.29421404678968,39240,18.836891627242903
64.727235,60,618.364777,False,True,0.0425098662479234,87.03096343789828,39300,42.5098662479234
211.674271,60,619.06971,False,True,0.0118183134181596,85.59066536712743,39360,11.8183134181596
130.831682,60,621.840863,False,True,0.0234411335684431,86.80788179956458,39420,23.4411335684431
5.010246,60,622.239817,False,True,0.0559882930121695,88.92707334554689,39480,55.9882930121695
51.505143,60,622.266702,False,True,0.0436533836380722,80.32384347533038,39540,43.65338363807221
11.750451,60,622.973169,False,True,0.0527373191396205,86.26037228736575,39600,52.7373191396205
48.564897,60,624.758414,False,True,0.0374363597166159,87.56811315363905,39660,37.436359716615904
27.017795,60,625.156371,False,True,0.0358667997256736,72.21012239922631,39720,35.8667997256736
57.55286,60,625.189251,False,True,0.041709416785415,83.76074595498217,39780,41.709416785415
22.007484,60,625.889725,False,True,0.0504003486613269,88.54344381623862,39840,50.4003486613269
227.992101,60,628.631131,False,True,0.0033675642306697,81.214091517164,39900,3.3675642306697
281.100651,60,629.031634,False,True,0.0166331634037812,84.53976060081858,39960,16.6331634037812
-12.970033,60,629.062037,False,True,0.0727388814278697,88.53027883215405,40020,72.7388814278697
-25.754987,60,629.770555,False,True,0.1153558324694556,72.59568083957318,40080,115.3558324694556
-17.836028,60,631.539196,False,True,0.0783514324771516,89.11157243306761,40140,78.35143247715159
76.2889,60,631.930236,False,True,0.0330637008005058,87.22487685789616,40200,33.0637008005058
12.772584,60,631.966037,False,True,0.0526767352373678,88.91705465850673,40260,52.6767352373678
25.357457,60,632.667616,False,True,0.0437035325836167,89.57009677160339,40320,43.7035325836167
133.790692,60,635.490832,False,True,0.0215630167493573,88.36723303501277,40380,21.5630167493573
-33.243741,60,635.894831,False,True,0.097149507640059,89.19853516429778,40440,97.149507640059
153.249333,60,635.916671,False,True,0.0150408702911744,85.16920084143459,40500,15.0408702911744
-21.215022,60,636.622118,False,True,0.0860933118110487,83.13656592341886,40560,86.09331181104871
-24.621915,60,638.630725,False,True,0.0812972240633633,78.40556007405561,40620,81.2972240633633
39.131296,60,639.023133,False,True,0.0443155951862089,86.195902151154,40680,44.3155951862089
55.999169,60,639.054561,False,True,0.0450089508695639,84.87864511388254,40740,45.0089508695639
-42.880685,60,639.759005,False,True,0.1379828832144058,88.58851140301046,40800,137.9828832144058
-10.481811,60,642.446041,False,True,0.072406396708307,88.7603310879424,40860,72.406396708307
19.760032,60,642.839894,False,True,0.0424615583884754,89.43091707706883,40920,42.4615583884754
130.665094,60,642.866777,False,True,0.0241012372326864,86.78050523353532,40980,24.101237232686398
144.265157,60,643.573244,False,True,0.0234359327685026,86.2774438626609,41040,23.435932768502603
308.738494,60,645.433354,False,True,0.0007938422126607,82.20771060395192,41100,0.7938422126607
28.101447,60,645.832328,False,True,0.0493983582692149,85.86428767079302,41160,49.398358269214896
-3.825788,60,645.859193,False,True,0.0729658787160896,89.43183668860539,41220,72.9658787160896
-32.33896,60,646.560128,False,True,0.0981609675741806,86.98826874985407,41280,98.16096757418059
-44.746937,60,649.316496,False,True,0.1521285745340286,84.6865661248381,41340,152.1285745340286
116.127365,60,649.712426,False,True,0.0300809326912446,84.61135627887494,41400,30.080932691244602
177.013395,60,649.734828,False,True,0.0169777654490746,89.17975368322308,41460,16.9777654490746
-10.487174,60,650.451514,False,True,0.0714149000717519,78.9979090794573,41520,71.4149000717519
128.679255,60,652.40004,False,True,0.0199927042890851,84.68902391608748,41580,19.9927042890851
21.883185,60,652.790957,False,True,0.0519609504813193,89.7148385662376,41640,51.9609504813193
35.683721,60,652.82536,False,True,0.0500544469327826,84.19883180061564,41700,50.0544469327826
63.897427,60,653.529639,False,True,0.0313584960167105,69.85250156074454,41760,31.3584960167105
103.354944,60,656.340771,False,True,0.0153065951138057,83.03880903411175,41820,15.3065951138057
2.197538,60,656.744318,False,True,0.061707438796401,81.08194162287379,41880,61.707438796401
-6.74586,60,656.77631,False,True,0.0685856350327676,84.19525874741252,41940,68.5856350327676
15.550929,60,657.481657,False,True,0.0499492987991742,86.77582400742443,42000,49.9492987991742
229.895464,60,659.565963,False,True,0.0091431278514087,84.62577603759765,42060,9.1431278514087
269.191373,60,659.957823,False,True,0.0049524941147658,78.89478051891811,42120,4.9524941147658
140.105374,60,659.98826,False,True,0.0216617718558739,76.40563310925273,42180,21.661771855873898
140.276713,60,660.696254,False,True,0.0284804030370594,83.63272888606642,42240,28.4804030370594
165.73881,60,662.50109,False,True,0.0153393019334652,89.05417730766499,42300,15.339301933465201
241.723264,60,662.892948,False,True,0.0047826476395968,83.06526537609264,42360,4.7826476395968
121.178628,60,662.925907,False,True,0.0291503192929546,85.75596550525636,42420,29.1503192929546
-17.638011,60,663.62782,False,True,0.0719379564277582,86.99939241492679,42480,71.9379564277582
180.138905,60,666.375337,False,True,0.0187656301598095,84.21606042333683,42540,18.7656301598095
135.250188,60,666.776823,False,True,0.0191524641294465,85.95635563755926,42600,19.1524641294465
192.924731,60,666.797047,False,True,0.0247507360071087,87.51117575354039,42660,24.750736007108703
37.278283,60,667.507643,False,True,0.041083657511699,84.65553856555597,42720,41.083657511698995
-40.813342,60,669.461771,False,True,0.1369096669589882,86.33243239638338,42780,136.9096669589882
-11.917237,60,669.859728,False,True,0.0736767993439429,71.97776849423957,42840,73.6767993439429
218.087411,60,669.884495,False,True,0.0124509599377578,83.00185777522027,42900,12.4509599377578
-19.237107,60,670.594077,False,True,0.0807793698755853,89.42602045217399,42960,80.7793698755853
-7.386984,60,673.31868,False,True,0.0693893246721397,82.27967195155667,43020,69.3893246721397
51.295056,60,673.713127,False,True,0.0371358191653543,77.84457946474818,43080,37.1358191653543
-14.467976,60,673.741009,False,True,0.0752091797457497,88.61442287399318,43140,75.2091797457497
100.444992,60,674.451565,False,True,0.0346310706521224,85.01699335718799,43200,34.631070652122396
-10.212784,60,676.211844,False,True,0.0709935764522778,84.03599152271636,43260,70.99357645227781
133.799271,60,676.621914,False,True,0.0195200031723015,89.55949223053487,43320,19.5200031723015
5.140047,60,676.64164,False,True,0.0601593929496977,85.73231806752086,43380,60.159392949697704
30.11902,60,677.34966,False,True,0.0468403622107584,87.03093742398515,43440,46.8403622107584
95.022239,60,680.0812,False,True,0.0238881588419547,73.68360382259156,43500,23.8881588419547
50.822525,60,680.480155,False,True,0.0399358271531169,82.27669824700132,43560,39.935827153116904
138.243859,60,680.50704,False,True,0.0158113734891323,77.69338150514965,43620,15.8113734891323
55.867157,60,681.214504,False,True,0.039142465966521,88.20283824017558,43680,39.142465966521
16.903117,60,683.179524,False,True,0.052401151976089,87.32297221619375,43740,52.401151976089004
176.48978,60,683.582053,False,True,0.0038099420043177,84.76708907340333,43800,3.8099420043177
196.676621,60,683.609936,False,True,0.0031376243282487,87.58860042835131,43860,3.1376243282487
56.057238,60,684.316402,False,True,0.0156796715985026,89.30150824127975,43920,15.679671598502601
146.031236,60,687.143347,False,True,0.0167862118508373,81.21341228496465,43980,16.786211850837297
-23.255239,60,687.541304,False,True,0.0847223607992828,74.95595251449474,44040,84.7223607992828
84.737626,60,687.564125,False,True,0.0243580736658344,77.85071400235515,44100,24.3580736658344
19.957197,60,688.26829,False,True,0.0484670888611018,83.42408985217465,44160,48.4670888611018
-29.785387,60,690.457878,False,True,0.1252565888813958,77.61559600825287,44220,125.25658888139579
-14.846945,60,690.846142,False,True,0.0890830824023539,87.11840829946632,44280,89.0830824023539
25.576304,60,690.879717,False,True,0.0480286508103974,86.78530956168211,44340,48.0286508103974
294.405046,60,691.585161,False,True,0.0081053588298271,89.79797486587526,44400,8.1053588298271
-19.383047,60,694.453787,False,True,0.0724908390054938,80.63776466454924,44460,72.4908390054938
33.717757,60,694.852754,False,True,0.0437067787961856,89.40868815646571,44520,43.706778796185596
238.520655,60,694.879626,False,True,0.0107735257939118,83.74675884627477,44580,10.7735257939118
128.238703,60,695.58354,False,True,0.017353088588707,84.37657428819591,44640,17.353088588707
165.706609,60,697.464741,False,True,0.0235334357105573,88.81928759079189,44700,23.5334357105573
153.223539,60,697.858145,False,True,0.0179257668203791,86.22604227178705,44760,17.9257668203791
-16.047378,60,697.888041,False,True,0.0724604526537175,83.00706991459784,44820,72.46045265371751
270.60461,60,698.598427,False,True,0.00198666515581,87.76818419344819,44880,1.9866651558100001
171.391733,60,701.288324,False,True,0.0201955292933566,81.94124179784473,44940,20.1955292933566
125.248084,60,701.680222,False,True,0.0140886881429567,85.25882980108214,45000,14.0886881429567
2.324405,60,701.710615,False,True,0.0543042138377912,86.70747897117653,45060,54.3042138377912
221.854282,60,702.418095,False,True,0.0128937709129005,85.163137974327,45120,12.8937709129005
55.656464,60,704.239524,False,True,0.0437826280461875,78.6740690436545,45180,43.782628046187504
328.581511,60,704.633927,False,True,0.008616972917911,89.57992686004336,45240,8.616972917911
-6.406165,60,704.660805,False,True,0.0679129177710224,86.32921790831068,45300,67.9129177710224
-31.953702,60,705.37183,False,True,0.1018004516759738,76.50660772379437,45360,101.8004516759738
227.461415,60,708.022751,False,True,0.0072603488387862,82.0331896876097,45420,7.2603488387862
4.958944,60,708.413845,False,True,0.0579402069806355,87.80183732440472,45480,57.940206980635494
27.305594,60,708.441727,False,True,0.0452416990644891,86.39648221230536,45540,45.2416990644891
-22.45679,60,709.14932,False,True,0.0793476543138797,89.80583210437295,45600,79.3476543138797
302.962203,60,711.083983,False,True,0.0011076486254157,85.20049071797386,45660,1.1076486254157
257.79205,60,711.477919,False,True,0.0076585906526003,88.500159712454,45720,7.6585906526003
-9.18339,60,711.50784,False,True,0.0710458443612076,85.53847275909717,45780,71.0458443612076
-32.135151,60,712.212268,False,True,0.1036746875215905,86.86841861039129,45840,103.6746875215905
234.144233,60,714.208659,False,True,0.0098281851557512,82.7480674111151,45900,9.8281851557512
68.03217,60,714.60761,False,True,0.0427248033534907,89.83098151632885,45960,42.7248033534907
-35.586471,60,714.634498,False,True,0.0986587393158685,76.91727824959193,46020,98.65873931586849
130.557912,60,715.343495,False,True,0.0184693857525284,89.8965750501137,46080,18.4693857525284
-27.062576,60,717.986893,False,True,0.0876313225183478,88.78532306374693,46140,87.6313225183478
127.369548,60,718.380345,False,True,0.0008114341843572,73.5020411152135,46200,0.8114341843571999
291.364761,60,718.397485,False,True,0.0060474215339116,87.84833035640767,46260,6.047421533911599
217.121119,60,719.106949,False,True,0.0012201559765422,86.92901761508465,46320,1.2201559765422
41.257574,60,721.223598,False,True,0.044826183026406,84.89355911815115,46380,44.826183026406
9.974003,60,721.615465,False,True,0.0517511808648834,82.53177382426404,46440,51.7511808648834
-19.718663,60,721.660447,False,True,0.0841063510262849,78.56214920143286,46500,84.1063510262849
-26.974211,60,722.34781,False,True,0.0970982725351764,87.07340641131594,46560,97.0982725351764
16.513721,60,726.166364,False,True,0.0409219314542175,85.45276899301324,46620,40.9219314542175
249.600374,60,726.560186,False,True,0.0015260941389028,78.06851445575397,46680,1.5260941389028
58.439288,60,726.590158,False,True,0.0305311445461397,81.9856876848729,46740,30.5311445461397
-7.975531,60,727.29301,False,True,0.0665839008731117,78.24910506334392,46800,66.5839008731117
217.912392,60,729.329031,False,True,0.0088232617925469,87.6565478569365,46860,8.8232617925469
-25.828712,60,729.723964,False,True,0.085304235059354,84.95723255802868,46920,85.304235059354
220.396593,60,729.750823,False,True,0.00423314694637,88.99565664849456,46980,4.23314694637
118.630857,60,730.468888,False,True,0.0162425681336135,81.24349941035842,47040,16.242568133613503
23.568018,60,733.264473,False,True,0.0440748050986767,89.16341931915079,47100,44.0748050986767
-2.237512,60,733.66243,False,True,0.0633375961266363,79.58823616743769,47160,63.33759612663629
52.275076,60,733.697899,False,True,0.0417140655002948,85.74404727730901,47220,41.7140655002948
110.46663,60,734.401335,False,True,0.0238964364899169,83.71555332722073,47280,23.896436489916898
108.572699,60,736.739148,False,True,0.0157067384689393,84.49265714945297,47340,15.706738468939298
222.302105,60,737.137105,False,True,0.0028877864173193,84.01971665108067,47400,2.8877864173193
238.501477,60,737.156409,False,True,0.0125142179314561,73.39213164884936,47460,12.5142179314561
148.461514,60,737.858881,False,True,0.0184674438221912,89.19124149859702,47520,18.4674438221912
10.568106,60,741.170047,False,True,0.0534250302544517,87.67998144496113,47580,53.4250302544517
263.232805,60,741.568003,False,True,0.0002242032263183,76.92248182818534,47640,0.2242032263183
-20.507654,60,741.602768,False,True,0.0873127395598381,69.32134254925951,47700,87.3127395598381
-23.017038,60,742.309235,False,True,0.0761143882550668,85.3276084372942,47760,76.1143882550668
98.147433,60,744.568522,False,True,0.0322175926229831,86.79419151576141,47820,32.2175926229831
103.219816,60,744.966479,False,True,0.0089630177298832,84.68073317081777,47880,8.9630177298832
-27.812342,60,745.003016,False,True,0.0913593103399592,84.34854698469164,47940,91.3593103399592
61.157147,60,745.710521,False,True,0.0272232074637716,87.62917064532851,48000,27.2232074637716
59.521104,60,748.856485,False,True,0.0230033884042913,88.25257722701325,48060,23.0033884042913
124.651975,60,749.255471,False,True,0.0139538782090504,83.6938458815351,48120,13.9538782090504
-8.608014,60,749.285346,False,True,0.0578166930280265,87.50919012536798,48180,57.8166930280265
73.578976,60,749.994331,False,True,0.0316848175625387,88.92819651392387,48240,31.6848175625387
36.209786,60,752.319157,False,True,0.035015975304212,78.63907705691234,48300,35.015975304212
262.3258,60,752.7222,False,True,0.0061755555654199,85.41998677576429,48360,6.1755555654199
185.875738,60,752.743999,False,True,0.010878526678435,89.57396666939319,48420,10.878526678435
31.424391,60,753.456549,False,True,0.0331311478468277,88.57602672761703,48480,33.131147846827695
83.059439,60,756.732409,False,True,0.0359735352927805,89.37633177956079,48540,35.973535292780504
-21.294759,60,757.130365,False,True,0.0797484644236544,89.00785049894917,48600,79.7484644236544
-24.848146,60,757.158248,False,True,0.0871418109545301,72.7532514335843,48660,87.1418109545301
1.16709,60,757.863717,False,True,0.0588176747122037,85.8474562572339,48720,58.8176747122037
-24.628669,60,760.163671,False,True,0.0879359422061562,83.14962580560551,48780,87.93594220615621
-26.710046,60,760.563675,False,True,0.0906672893848391,86.42379508290512,48840,90.66728938483911
216.672871,60,760.590562,False,True,0.0148788911090975,80.98496723158009,48900,14.8788911090975
-38.001358,60,761.299129,False,True,0.1289228039308606,75.64338556725913,48960,128.92280393086062
55.977915,60,764.5282,False,True,0.0302439176524326,89.44560347742107,49020,30.2439176524326
100.446996,60,764.924614,False,True,0.0336399610691416,81.64438149340339,49080,33.6399610691416
-8.683848,60,764.949441,False,True,0.0675858601324188,87.9324745581917,49140,67.5858601324188
8.576932,60,765.658963,False,True,0.0550540263255044,89.01162371314352,49200,55.0540263255044
-30.060709,60,767.805545,False,True,0.1317325047938202,66.49227998538372,49260,131.7325047938202
-1.691029,60,768.203502,False,True,0.0623773020760895,84.59978648008786,49320,62.3773020760895
328.188089,60,768.231384,False,True,0.0020047407047947,79.20135618027035,49380,2.0047407047947
-9.70013,60,768.937851,False,True,0.0473075986485971,84.43725999097856,49440,47.3075986485971
84.10979,60,772.06586,False,True,0.0221228042416756,88.32426816239213,49500,22.1228042416756
-18.922333,60,772.468936,False,True,0.069449294827273,83.77182701852439,49560,69.449294827273
-3.732369,60,772.496819,False,True,0.0570990073560136,78.83361677801554,49620,57.0990073560136
11.179187,60,773.203286,False,True,0.0529518942289889,81.52044629800734,49680,52.9518942289889
49.681228,60,775.317868,False,True,0.0388946624672176,86.43305716829123,49740,38.8946624672176
-36.556912,60,775.713834,False,True,0.1016638920843187,82.3143249581993,49800,101.66389208431869
287.796726,60,775.742707,False,True,0.0038347483203011,80.4820337999347,49860,3.8347483203011
149.488234,60,776.450686,False,True,0.0069109410896912,77.60213785558906,49920,6.9109410896912005
127.926901,60,778.684926,False,True,0.0143332066236823,73.8447251385181,49980,14.3332066236823
-30.59592,60,779.096457,False,True,0.0961070370874493,71.1152103035547,50040,96.1070370874493
49.45187,60,779.104177,False,True,0.0314259992500255,79.81511319094581,50100,31.4259992500255
254.793911,60,779.817232,False,True,0.0052201840344447,88.12971836996813,50160,5.2201840344447
-0.78973,60,782.82777,False,True,0.0584729640142337,83.25457809052973,50220,58.4729640142337
-31.133492,60,783.230273,False,True,0.0978777192186367,83.36440158480569,50280,97.8777192186367
-24.532975,60,783.254611,False,True,0.0996747451906982,87.24109725674928,50340,99.6747451906982
6.722176,60,783.960076,False,True,0.0580692314951853,78.94611246000177,50400,58.0692314951853
55.925119,60,786.472022,False,True,0.0363000482601511,85.74401483927953,50460,36.300048260151094
-30.386266,60,786.868449,False,True,0.1013234013027367,82.22760316443396,50520,101.3234013027367
30.417574,60,786.901575,False,True,0.0317047038260034,84.47677400610392,50580,31.7047038260034
-14.522818,60,787.608042,False,True,0.0782202143355533,83.49031995160335,50640,78.22021433555331
33.953896,60,792.280424,False,True,0.0352775320467053,79.91023628262585,50700,35.277532046705296
72.279183,60,792.674344,False,True,0.0332354017682449,79.2646829557216,50760,33.235401768244905
36.136716,60,792.706263,False,True,0.0341342641956823,69.75910652320073,50820,34.1342641956823
-26.285021,60,793.415714,False,True,0.1294787511697522,74.27272054245844,50880,129.4787511697522
-28.109641,60,798.88863,False,True,0.1076205253323498,85.03903762527091,50940,107.6205253323498
60.892372,60,799.272266,False,True,0.0307021316786947,89.95811872053223,51000,30.702131678694702
-7.260099,60,799.307778,False,True,0.0682334458636425,77.29445639731046,51060,68.2334458636425
2.372286,60,800.007608,False,True,0.0538626991147908,86.93636892361651,51120,53.8626991147908
-0.785234,60,805.704292,False,True,0.0528181427906948,89.74027635126897,51180,52.8181427906948
30.712875,60,806.099697,False,True,0.0354048433506591,84.90295866843464,51240,35.4048433506591
28.651075,60,806.127579,False,True,0.038659672369566,80.85874615014866,51300,38.659672369566
44.794501,60,806.838594,False,True,0.0277099843485704,78.45417990608054,51360,27.7099843485704
18.195678,60,809.247902,False,True,0.0449418440590064,89.65210912249933,51420,44.9418440590064
-20.94894,60,809.647058,False,True,0.0912095784076749,88.21839651626647,51480,91.2095784076749
-8.011835,60,809.673741,False,True,0.068662161944751,89.0594686933502,51540,68.662161944751
129.200591,60,810.384434,False,True,0.0185456088845456,88.83960889190016,51600,18.5456088845456
-21.582125,60,813.555484,False,True,0.0922224915069016,82.06226571751105,51660,92.22249150690159
-17.439755,60,813.951022,False,True,0.0924683410981936,68.99001332976306,51720,92.4683410981936
157.34925,60,813.979896,False,True,0.0197943713025105,89.3846220766411,51780,19.794371302510502
58.539178,60,814.688789,False,True,0.0300356831450228,85.50640402482715,51840,30.0356831450228
21.636597,60,817.063767,False,True,0.0348304139672921,71.68371486320136,51900,34.830413967292095
49.796694,60,817.462706,False,True,0.0362805488406462,78.30644996131664,51960,36.280548840646205
22.367699,60,817.492584,False,True,0.0436277716590992,89.2246303938161,52020,43.6277716590992
4.631215,60,818.199051,False,True,0.0617464087749954,70.39793111791028,52080,61.746408774995395
30.783872,60,821.474487,False,True,0.0465551183901395,82.29584378361412,52140,46.5551183901395
76.469581,60,821.870449,False,True,0.0121704737067064,84.70331250120498,52200,12.1704737067064
168.576984,60,821.898331,False,True,0.010160502801403,85.38264072629656,52260,10.160502801403
19.155175,60,822.606793,False,True,0.040646583051368,76.59167702781424,52320,40.646583051368
-16.350892,60,824.916308,False,True,0.0890326721522796,59.43809180228876,52380,89.0326721522796
-7.446094,60,825.31528,False,True,0.0668023031615186,83.48652579111376,52440,66.8023031615186
-30.28241,60,825.344179,False,True,0.1082544083603365,76.01040663333974,52500,108.2544083603365
0.828151,60,826.050646,False,True,0.0645964364662438,89.25961862844512,52560,64.5964364662438
77.854735,60,829.335403,False,True,0.0387298777212097,73.9971117957774,52620,38.7298777212097
241.819363,60,829.736924,False,True,0.0043257475206731,84.49581334167034,52680,4.3257475206731
200.268045,60,829.762779,False,True,0.0068132271344634,73.5194242688554,52740,6.8132271344634
219.472335,60,830.471273,False,True,0.0038844933358231,88.65821019308567,52800,3.8844933358231
-21.395929,60,832.874334,False,True,0.0935525672436989,79.28304351922881,52860,93.5525672436989
147.535996,60,833.270302,False,True,0.0186513275296801,88.41688828723493,52920,18.6513275296801
-21.173237,60,833.304701,False,True,0.0993905362610485,77.48232855872529,52980,99.39053626104851
64.33812,60,834.00664,False,True,0.0361490363586455,79.71060651928472,53040,36.149036358645496
186.455175,60,837.342522,False,True,0.0116869626917836,81.3837726618612,53100,11.686962691783599
75.158698,60,837.738958,False,True,0.0229881164975024,89.91987922479866,53160,22.9881164975024
-16.374323,60,837.76684,False,True,0.0716928029572913,86.98863578505164,53220,71.6928029572913
109.325886,60,838.473307,False,True,0.0293969755337148,78.16560435442932,53280,29.3969755337148
-45.188118,60,840.820257,False,True,0.1303908017653686,87.5425560881503,53340,130.3908017653686
261.941351,60,841.216186,False,True,0.0050914403719472,84.78952715957094,53400,5.0914403719472
3.532784,60,841.2451,False,True,0.0589135285263056,85.20588462611005,53460,58.913528526305605
178.387594,60,841.952564,False,True,0.0095380791263139,83.53201989103162,53520,9.5380791263139
-10.506805,60,844.294702,False,True,0.0630239826860493,84.13632657951408,53580,63.02398268604931
176.411971,60,844.690132,False,True,0.0130600246560211,85.40379545234107,53640,13.0600246560211
-29.464398,60,844.721564,False,True,0.1020531791435892,81.47241900357756,53700,102.0531791435892
270.109007,60,845.43057,False,True,0.0107362005819987,84.57364019097118,53760,10.7362005819987
-6.454816,60,848.681224,False,True,0.0507329789346216,74.45855330412432,53820,50.7329789346216
15.061254,60,849.081183,False,True,0.0482759060643813,86.19425371514559,53880,48.275906064381296
27.195225,60,849.111064,False,True,0.0496451168876713,88.50166921961645,53940,49.6451168876713
86.985696,60,849.815533,False,True,0.0239510365207659,86.30766624128087,54000,23.9510365207659
11.154323,60,852.090301,False,True,0.0557779726920815,84.0582635193118,54060,55.7779726920815
131.149868,60,852.486235,False,True,0.0273583307981861,85.43008951177268,54120,27.3583307981861
4.688592,60,852.521683,False,True,0.0522482445152508,79.14388216284445,54180,52.248244515250796
15.526979,60,853.221611,False,True,0.0525473349930234,75.37402827593907,54240,52.5473349930234
-20.832207,60,856.451358,False,True,0.0881418332509295,85.84013990096219,54300,88.14183325092951
75.966435,60,856.850962,False,True,0.0183805307155618,89.43136518506812,54360,18.3805307155618
84.588585,60,856.88037,False,True,0.0293178409774652,77.44706358781683,54420,29.3178409774652
-2.682499,60,857.589858,False,True,0.0619592288730695,77.0335297701884,54480,61.9592288730695
75.977094,60,859.882612,False,True,0.0212191787181129,83.35030773173871,54540,21.2191787181129
-4.040874,60,860.281566,False,True,0.0630130176364348,88.11951467075477,54600,63.013017636434796
-14.28223,60,860.306451,False,True,0.0917320783751339,63.89428585279543,54660,91.73207837513391
36.183767,60,861.009922,False,True,0.0465243460073769,84.43668073867191,54720,46.5243460073769
-1.723594,60,864.304198,False,True,0.0623335422355253,87.31997913613031,54780,62.3335422355253
5.514685,60,864.702155,False,True,0.0557337415007288,85.93561886076778,54840,55.733741500728804
87.356835,60,864.733424,False,True,0.0169562450781149,84.94535228442751,54900,16.9562450781149
15.855809,60,865.440881,False,True,0.0395217493656865,85.06428537520468,54960,39.521749365686496
6.038575,60,867.702785,False,True,0.0519633080101085,86.39724823865049,55020,51.9633080101085
-13.297859,60,868.102287,False,True,0.0768623704172251,82.08874120294938,55080,76.8623704172251
126.792354,60,868.128624,False,True,0.0171361095915419,68.26323469907624,55140,17.1361095915419
225.257382,60,868.835091,False,True,0.0130369078115586,75.99740142157042,55200,13.036907811558601
35.379188,60,872.036038,False,True,0.0203135838584855,87.34797652473536,55260,20.3135838584855
-19.911065,60,872.43807,False,True,0.0803617541599684,78.61994203991388,55320,80.3617541599684
27.501799,60,872.464427,False,True,0.0475611622132237,86.0190298984373,55380,47.5611622132237
16.558496,60,873.169881,False,True,0.0598782802395327,76.26428780986976,55440,59.8782802395327
-9.325062,60,875.474497,False,True,0.0768622135310569,80.0978692618611,55500,76.86221353105691
-5.840559,60,875.873451,False,True,0.0598699960837587,75.1244318510815,55560,59.8699960837587
37.271663,60,875.900336,False,True,0.0445717904909789,86.65678351522212,55620,44.571790490978906
29.284981,60,876.606803,False,True,0.0367522370432909,79.2745584834372,55680,36.7522370432909
107.180649,60,879.923864,False,True,8.65619065730655e-05,86.63134383373301,55740,0.0865619065730655
-9.3761,60,880.319783,False,True,0.0631967021607182,68.98904675003756,55800,63.196702160718196
-0.162922,60,880.350698,False,True,0.0547722752883112,84.47288059965867,55860,54.7722752883112
192.012918,60,881.05617,False,True,0.0011454188566036,86.36386060777636,55920,1.1454188566035999
-34.561619,60,883.353765,False,True,0.1060547215353936,80.91111398045182,55980,106.0547215353936
-17.108852,60,883.751722,False,True,0.0777631282130854,72.675349293561,56040,77.7631282130854
12.252548,60,883.779604,False,True,0.0367669045613339,78.36689918475813,56100,36.7669045613339
77.899349,60,884.485508,False,True,0.0019346289516432,76.74388211638741,56160,1.9346289516432
7.489108,60,887.771925,False,True,0.0595200065198259,89.51115995525706,56220,59.5200065198259
-3.57239,60,888.16888,False,True,0.062677091866378,84.2075880766946,56280,62.677091866378
-5.904311,60,888.199765,False,True,0.0685624941693686,88.82406342194797,56340,68.5624941693686
68.774536,60,888.906232,False,True,0.0010866537319548,84.69339146032816,56400,1.0866537319548
-8.946916,60,891.273546,False,True,0.0638147199584242,67.98494279814894,56460,63.81471995842419
89.53621,60,891.673483,False,True,0.0118496894036461,83.38331709282417,56520,11.8496894036461
-16.151718,60,891.700832,False,True,0.0791787407082786,88.74021425998144,56580,79.1787407082786
33.782222,60,892.408851,False,True,0.0512855285724571,77.47594618945205,56640,51.285528572457096
124.739871,60,895.649565,False,True,0.0026907974697262,88.5426871078965,56700,2.6907974697262
34.869065,60,896.053071,False,True,0.0374028059282565,75.1592690474983,56760,37.4028059282565
106.176683,60,896.081976,False,True,0.0184048141782389,89.10943096123341,56820,18.4048141782389
67.39768,60,896.784891,False,True,2.1230883320469407e-05,83.56186960351089,56880,0.021230883320469407
50.605394,60,899.282763,False,True,0.0329224407641944,75.55687436126621,56940,32.9224407641944
22.308609,60,899.68072,False,True,0.0470341027107062,86.65341012301862,57000,47.0341027107062
13.580448,60,899.707093,False,True,0.0369870554080043,84.41721376049102,57060,36.9870554080043
12.47365,60,900.414555,False,True,0.0445796792549438,87.87296315665552,57120,44.5796792549438
53.966473,60,903.814355,False,True,0.03744652699,81.40414005835717,57180,37.44652699
123.899911,60,904.212312,False,True,0.0056900202228341,88.04841836047274,57240,5.6900202228341
95.906168,60,904.245191,False,True,0.0420548975603813,78.82284628603401,57300,42.0548975603813
55.592701,60,904.944633,False,True,0.0358657007587362,83.98393607376303,57360,35.865700758736196
-25.416009,60,907.372357,False,True,0.0890846512583028,84.29225098865209,57420,89.0846512583028
35.834402,60,907.771328,False,True,0.0148252476644396,87.32827418665833,57480,14.825247664439601
135.406822,60,907.798196,False,True,0.028085500738976,89.53585983568595,57540,28.085500738976002
54.589261,60,908.50723,False,True,0.0454787084400312,75.92199360124734,57600,45.4787084400312
101.758702,60,910.798451,False,True,0.0376575998087387,84.97283244216746,57660,37.6575998087387
-20.898143,60,911.199095,False,True,0.0810871618683179,88.59102994187502,57720,81.08716186831789
18.697199,60,911.226459,False,True,0.0087892711003412,76.2983752538139,57780,8.7892711003412
-23.111309,60,911.931875,False,True,0.0917777898100883,86.71299350849247,57840,91.7777898100883
-25.377005,60,915.169341,False,True,0.0878420280589394,83.65040952751865,57900,87.84202805893939
159.452922,60,915.572482,False,True,0.0015242464963882,85.42651351876046,57960,1.5242464963882
98.214362,60,915.600364,False,True,0.0024595243006354,87.70289548712934,58020,2.4595243006354
130.74766,60,916.309402,False,True,0.0204218832870616,88.12572644779246,58080,20.421883287061597
-21.397191,60,918.622562,False,True,0.0832025446998885,84.54470314496156,58140,83.20254469988849
-8.007109,60,919.019492,False,True,0.0610123192733293,76.1236286891403,58200,61.0123192733293
217.734028,60,919.049919,False,True,0.017246918448588,88.27046627322532,58260,17.246918448588
211.458183,60,919.758402,False,True,0.0139963511670575,88.74492088439713,58320,13.996351167057501
-26.520837,60,923.071411,False,True,0.0780291449263428,86.73415908441912,58380,78.02914492634281
183.957472,60,923.469368,False,True,0.0202028584716096,88.84274278206726,58440,20.2028584716096
20.213105,60,923.497251,False,True,0.0263018635109116,80.8479319084467,58500,26.3018635109116
121.046846,60,924.204718,False,True,0.0282186683618777,83.74868989148106,58560,28.2186683618777
68.185056,60,926.477529,False,True,0.0217470211086426,84.1902071476624,58620,21.7470211086426
-10.970676,60,926.874485,False,True,0.071881738349098,86.99810754107484,58680,71.881738349098
122.709133,60,926.903368,False,True,0.0280723390969647,86.75190409077163,58740,28.072339096964697
317.512271,60,927.612372,False,True,0.0006933603646146,89.9080243406354,58800,0.6933603646145999
13.936667,60,930.870494,False,True,0.0422342583061441,73.27969699964316,58860,42.2342583061441
71.452726,60,931.269445,False,True,0.0379021393194835,83.6150916771839,58920,37.902139319483496
94.88012,60,931.296333,False,True,0.0071294803128926,86.71340570824785,58980,7.129480312892601
17.602725,60,932.00635,False,True,0.0436283026710707,87.32286950466865,59040,43.6283026710707
248.563599,60,934.396359,False,True,0.0155841514837841,88.96907761327876,59100,15.584151483784101
75.300574,60,934.801952,False,True,0.0360460794878741,81.05670218402021,59160,36.046079487874096
184.307606,60,934.823261,False,True,0.0141395908583569,84.79488186860762,59220,14.1395908583569
260.517665,60,935.53431,False,True,0.0101532299746215,89.52429439204529,59280,10.1532299746215
56.530673,60,938.739358,False,True,0.0438628796286623,88.56600268809764,59340,43.862879628662306
156.708739,60,939.133133,False,True,0.0185726818033049,84.11979209650717,59400,18.5726818033049
141.51498,60,939.166202,False,True,0.014143709683781,87.84962266493315,59460,14.143709683781
-39.388972,60,939.871664,False,True,0.1111978924184024,87.25168731186348,59520,111.1978924184024
92.156572,60,942.119363,False,True,0.0192178930297531,85.10584983013447,59580,19.2178930297531
173.054905,60,942.51732,False,True,0.0179462080514482,86.78331991322938,59640,17.946208051448203
-28.932907,60,942.544181,False,True,0.0922512912203559,88.04114504363955,59700,92.2512912203559
8.994334,60,943.255199,False,True,0.0551523054517305,88.98026559831379,59760,55.1523054517305
5.700197,60,946.488821,False,True,0.0668484515603459,83.53342963545933,59820,66.8484515603459
58.525815,60,946.889436,False,True,0.0250599844958624,89.5940066566767,59880,25.059984495862402
-16.596596,60,946.919652,False,True,0.0706766472525813,87.38212313883166,59940,70.6766472525813
54.774462,60,947.626119,False,True,0.0503979752512507,84.37999748869119,60000,50.3979752512507
-8.853657,60,949.931206,False,True,0.0652079655946179,88.99620318582649,60060,65.2079655946179
46.950848,60,950.329162,False,True,0.0131196562991587,83.48593289222168,60120,13.1196562991587
-23.194394,60,950.359038,False,True,0.0737551814543351,81.52790013649656,60180,73.7551814543351
52.069023,60,951.063512,False,True,0.0361599033858072,83.87992615215418,60240,36.1599033858072
65.421804,60,954.35029,False,True,0.033680544019285,86.55547859044903,60300,33.680544019284994
-28.353759,60,954.751786,False,True,0.086498013774248,88.1616707571088,60360,86.498013774248
19.897059,60,954.778129,False,True,0.0497953730407712,82.24545536973912,60420,49.7953730407712
199.576596,60,955.484596,False,True,0.0071416554838918,88.8615549836224,60480,7.1416554838918005
165.009295,60,957.754885,False,True,0.0462514962558758,87.19182461427803,60540,46.2514962558758
278.293266,60,958.152842,False,True,0.0019193181321524,85.27760323321893,60600,1.9193181321524
-8.719823,60,958.183725,False,True,0.0618432635993054,85.970546538295,60660,61.8432635993054
81.638374,60,958.892737,False,True,0.017306331286503,72.71225892208723,60720,17.306331286503
25.881635,60,963.315418,False,True,0.0408249055371302,81.5677766322122,60780,40.824905537130206
-7.209155,60,963.722671,False,True,0.0285441121049555,88.11263690492568,60840,28.5441121049555
140.408954,60,963.756894,False,True,0.0054512829473528,81.5879395244871,60900,5.451282947352801
-4.614763,60,964.46034,False,True,0.0623247017188885,81.9473629621529,60960,62.3247017188885
285.450303,60,967.259204,False,True,0.0038039232068761,88.96829210243709,61020,3.8039232068761
120.419659,60,967.651104,False,True,0.0307971203520516,84.44830721094543,61080,30.7971203520516
103.200459,60,967.685043,False,True,0.0107809802383495,85.17640303406979,61140,10.780980238349501
154.075246,60,968.386578,False,True,0.0046261876000676,86.67764194835586,61200,4.6261876000676
234.068988,60,971.323054,False,True,0.0026190580576698,85.12092992392719,61260,2.6190580576698
125.54155,60,971.722018,False,True,0.0135533307079897,83.80288547643866,61320,13.5533307079897
72.552678,60,971.750897,False,True,0.0498844456870816,87.1400402213489,61380,49.8844456870816
-17.322479,60,972.458887,False,True,0.0781678086147711,84.67954450947953,61440,78.1678086147711
199.331581,60,976.1158,False,True,0.0112997516049387,81.82703977583576,61500,11.2997516049387
-29.048666,60,976.517781,False,True,0.0944158219058572,88.79991882647897,61560,94.4158219058572
-17.415867,60,976.545664,False,True,0.0769667952817497,85.54973872772993,61620,76.9667952817497
274.580054,60,977.246564,False,True,0.0104443120746391,86.99379283432225,61680,10.4443120746391
330.571834,60,979.764503,False,True,0.0066891067707145,89.36196985590655,61740,6.6891067707145
48.523961,60,980.154812,False,True,0.0208298416192928,81.14539080121459,61800,20.8298416192928
5.839094,60,980.187797,False,True,0.0368075866709445,89.30149865219757,61860,36.807586670944495
62.061527,60,980.895813,False,True,0.0224098885013961,85.19342271440185,61920,22.4098885013961
-17.866712,60,984.233346,False,True,0.0756099293219371,85.10219136625146,61980,75.60992932193709
261.517302,60,984.632297,False,True,0.011745694650084,83.60846912200886,62040,11.745694650084
246.804439,60,984.666234,False,True,0.0020941803181338,87.20977600186887,62100,2.0941803181338
42.827992,60,985.372701,False,True,0.0364057939917558,84.37757158278211,62160,36.4057939917558
2.516184,60,987.736475,False,True,0.055816150691612,86.87416923039034,62220,55.816150691612
-24.786027,60,988.13643,False,True,0.0871946744082403,85.11859882577494,62280,87.1946744082403
9.371741,60,988.165319,False,True,0.0455485427213362,80.91824413555206,62340,45.548542721336204
23.539878,60,988.870779,False,True,0.0442848375706524,87.47418400710383,62400,44.2848375706524
-39.43851,60,992.257305,False,True,0.1204714593329285,89.54476012018812,62460,120.47145933292849
173.417799,60,992.662955,False,True,0.0011249564870683,78.27997103550119,62520,1.1249564870683
-20.790742,60,992.687287,False,True,0.0709166014721832,88.2737027689953,62580,70.9166014721832
21.328705,60,993.399819,False,True,0.0508713143912892,89.39560776648082,62640,50.871314391289204
-29.384382,60,995.776676,False,True,0.0933894249393589,89.53895696968583,62700,93.38942493935889
-18.98946,60,996.174633,False,True,0.0870736288991597,81.18471615010874,62760,87.0736288991597
1.722649,60,996.208455,False,True,0.0569093499707465,74.77219809357638,62820,56.909349970746504
48.749142,60,996.912498,False,True,0.0319446732965751,72.25261483480888,62880,31.944673296575097
183.045015,60,1000.206018,False,True,0.0165362008796212,89.69460487828046,62940,16.536200879621198
224.351566,60,1000.607059,False,True,0.0237383716146831,87.57386701678907,63000,23.7383716146831
11.337578,60,1000.633947,False,True,0.0472810005337994,88.19399932521675,63060,47.2810005337994
311.067645,60,1001.339409,False,True,0.0068178733489462,84.32944931949582,63120,6.8178733489462005
48.407512,60,1003.786148,False,True,0.0450850258728213,79.2360926671376,63180,45.085025872821305
181.421065,60,1004.18611,False,True,0.0180571388382999,79.42296739076359,63240,18.0571388382999
186.945815,60,1004.212993,False,True,0.0182345009421636,78.79745033416906,63300,18.234500942163603
16.668382,60,1004.91946,False,True,0.0520629428012316,78.78714312737308,63360,52.0629428012316
76.290715,60,1008.243829,False,True,0.0299012322309229,82.60199584938988,63420,29.901232230922897
-29.825548,60,1008.642775,False,True,0.0898460703343641,89.01306078140944,63480,89.8460703343641
138.923987,60,1008.671657,False,True,0.0174843042102621,88.14292546389962,63540,17.4843042102621
-16.292633,60,1009.377124,False,True,0.0713657962441579,88.62276040074045,63600,71.36579624415789
166.63862,60,1012.007828,False,True,0.0260346246229301,80.60574962310429,63660,26.0346246229301
233.571493,60,1012.407784,False,True,0.0047580044054864,89.72702791103822,63720,4.758004405486401
131.918001,60,1012.441952,False,True,0.0057329365020134,82.16521795983861,63780,5.732936502013399
104.450789,60,1013.145854,False,True,0.020560963333937,77.36600919510568,63840,20.560963333937
1.01281,60,1016.39498,False,True,0.0598859215660246,88.2162890410642,63900,59.8859215660246
18.505716,60,1016.79619,False,True,0.0396044526880866,88.77318290139607,63960,39.6044526880866
126.448621,60,1016.827011,False,True,0.015089111242847,86.09559493764426,64020,15.089111242847
-21.527888,60,1017.53178,False,True,0.0812552915552784,80.98204506906453,64080,81.2552915552784
268.770418,60,1019.8606,False,True,0.0036730535643424,79.20685712591286,64140,3.6730535643424
-35.9563,60,1020.261579,False,True,0.1409933956146778,75.94975292780705,64200,140.9933956146778
361.850504,60,1020.290567,False,True,0.003103108787264,81.29281873804386,64260,3.103108787264
279.445126,60,1020.998567,False,True,0.0033599257853126,76.55335087342706,64320,3.3599257853126
-11.552955,60,1024.233725,False,True,0.0740606521902733,89.56267316241183,64380,74.0606521902733
5.257806,60,1024.631681,False,True,0.0552403917404484,68.34325853035418,64440,55.240391740448395
-10.989447,60,1024.658352,False,True,0.068785466786901,89.04267595136105,64500,68.78546678690101
-31.105195,60,1025.366031,False,True,0.1033099650624146,79.78953576856269,64560,103.3099650624146
-15.900887,60,1027.654629,False,True,0.0761611590218554,86.25578770548323,64620,76.1611590218554
-10.417428,60,1028.051075,False,True,0.077924547525528,78.84569815778015,64680,77.92454752552801
-21.365711,60,1028.078957,False,True,0.0771432932177465,80.11117706212265,64740,77.1432932177465
227.53212,60,1028.787942,False,True,0.0097154957698482,86.42448212908025,64800,9.7154957698482
115.892947,60,1032.037861,False,True,0.0076385988780206,88.51539411409038,64860,7.638598878020599
34.674405,60,1032.439835,False,True,0.0477419308206833,84.8619158604189,64920,47.7419308206833
-7.750264,60,1032.470909,False,True,0.0568616098976447,87.33889472056883,64980,56.861609897644705
149.926645,60,1033.173187,False,True,0.023322986438987,83.75929891991841,65040,23.322986438987
36.499668,60,1035.460329,False,True,0.0491252162642769,86.68904818979206,65100,49.1252162642769
-28.090898,60,1035.859829,False,True,0.0905105197385658,88.00534038951545,65160,90.5105197385658
105.489418,60,1035.893163,False,True,0.0266440263782459,89.49807068460231,65220,26.6440263782459
183.978014,60,1036.597725,False,True,0.0098639162167888,83.2193273268532,65280,9.8639162167888
-27.938111,60,1038.917966,False,True,0.0896699072434778,87.53106634820071,65340,89.6699072434778
163.139456,60,1039.322778,False,True,0.0221192422748731,81.03551710181567,65400,22.119242274873102
187.765703,60,1039.355186,False,True,0.0145694766381824,80.75188615115133,65460,14.569476638182401
147.029822,60,1040.057127,False,True,0.0097981999158868,84.10309672622712,65520,9.7981999158868
-37.985981,60,1043.351735,False,True,0.1250631056188117,80.79492832636669,65580,125.0631056188117
47.659132,60,1043.747687,False,True,0.046258303015376,84.33895203289863,65640,46.258303015376
54.683073,60,1043.777574,False,True,0.0271827987472024,85.47032090665945,65700,27.1827987472024
23.356022,60,1044.485038,False,True,0.0407873050585692,89.9223231873543,65760,40.7873050585692
-7.469124,60,1046.764504,False,True,0.0609984219561826,77.1452088672719,65820,60.998421956182604
51.823103,60,1047.170644,False,True,0.0332140818689008,86.96333232420879,65880,33.2140818689008
82.541159,60,1047.192891,False,True,0.0371994276730399,81.01621678642731,65940,37.1994276730399
81.214743,60,1047.905992,False,True,0.0325107637484759,89.37364647531517,66000,32.510763748475895
-18.885237,60,1051.159459,False,True,0.071572222894517,87.01991860549478,66060,71.57222289451701
157.857392,60,1051.557416,False,True,0.0005396740910465,89.14425701149655,66120,0.5396740910465
-14.096314,60,1051.583063,False,True,0.0671951054950524,78.70769695193957,66180,67.1951054950524
25.169512,60,1052.291765,False,True,0.0511085183725027,80.39759980474889,66240,51.1085183725027
-16.632145,60,1054.604105,False,True,0.0747490235790932,73.96137378134581,66300,74.7490235790932
97.601092,60,1055.003063,False,True,0.0261768811656739,81.52978012486591,66360,26.1768811656739
27.917383,60,1055.031942,False,True,0.0509870454096059,86.46621964000705,66420,50.9870454096059
-0.203366,60,1055.737412,False,True,0.0571730475071028,89.79816659839872,66480,57.1730475071028
134.946529,60,1059.009208,False,True,0.0017180665445885,82.21625678599213,66540,1.7180665445885
0.670532,60,1059.404143,False,True,0.0601786006521573,85.36283487511247,66600,60.1786006521573
-12.261657,60,1059.436053,False,True,0.097618596031235,86.44778104119985,66660,97.618596031235
10.935082,60,1060.144032,False,True,0.0491422421988538,81.99969263121353,66720,49.1422421988538
72.571169,60,1062.563155,False,True,0.0203012963104535,89.2737273102922,66780,20.3012963104535
-13.924953,60,1062.961686,False,True,0.0736734564475355,89.20168095613805,66840,73.6734564475355
-32.389949,60,1062.986922,False,True,0.1365491352807769,85.14000588332118,66900,136.54913528077688
12.340732,60,1063.692265,False,True,0.040769428389517,79.79307322458173,66960,40.769428389516996
-2.393294,60,1066.958076,False,True,0.0613396706515856,87.67590384666238,67020,61.3396706515856
-32.553785,60,1067.358546,False,True,0.1313060081756184,78.74981701987869,67080,131.30600817561842
257.139513,60,1067.388453,False,True,0.0074418623099041,72.09443306622158,67140,7.4418623099041
-0.276462,60,1068.092896,False,True,0.0582821306633911,82.00183779662184,67200,58.2821306633911
245.99431,60,1070.399827,False,True,0.007729908703271,77.00015461715455,67260,7.7299087032710005
105.95972,60,1070.797784,False,True,0.0171914225986775,77.40400936212217,67320,17.1914225986775
137.764309,60,1070.828084,False,True,0.0089379223994113,84.9141988431241,67380,8.9379223994113
156.728643,60,1071.537804,False,True,0.0126524607618599,88.20552612692657,67440,12.652460761859901
117.903596,60,1074.798583,False,True,0.0103719500029329,82.15124298570635,67500,10.3719500029329
226.235505,60,1075.19654,False,True,0.0085888523881208,77.20841166407625,67560,8.5888523881208
125.363667,60,1075.221923,False,True,0.0215157643749559,77.55767032970006,67620,21.5157643749559
164.198944,60,1075.929385,False,True,0.0096521760558237,87.1995809944166,67680,9.6521760558237
153.207454,60,1078.419546,False,True,0.0159930505146585,68.13765812971177,67740,15.993050514658501
28.479326,60,1078.818018,False,True,0.04455692033227,88.76543783056857,67800,44.55692033227
25.453227,60,1078.8459,False,True,0.0323278452585786,85.94790433428929,67860,32.3278452585786
-2.336334,60,1079.549011,False,True,0.0562409273393666,83.58032059732652,67920,56.2409273393666
-12.409907,60,1082.708849,False,True,0.0714668007170152,82.74279250708129,67980,71.46680071701519
112.023634,60,1083.10321,False,True,0.0129603808661814,83.245609406446,68040,12.9603808661814
15.564948,60,1083.136685,False,True,0.0360263106227929,74.73937576568629,68100,36.0263106227929
10.274082,60,1083.838593,False,True,0.0503022314163319,86.15721382853573,68160,50.3022314163319
57.593222,60,1086.156332,False,True,0.0230472498640383,74.7646093780639,68220,23.047249864038303
75.53628,60,1086.552279,False,True,0.0246332126350162,88.761802635356,68280,24.6332126350162
-22.538237,60,1086.579163,False,True,0.0975682361817976,83.49843804553859,68340,97.56823618179759
21.445877,60,1087.286629,False,True,0.047491044884672,79.39653107494415,68400,47.491044884672
-29.50761,60,1090.478453,False,True,0.0968971068728907,84.55938814196716,68460,96.8971068728907
46.834735,60,1090.87641,False,True,0.0177154699096567,79.73887820795946,68520,17.7154699096567
27.023945,60,1090.90229,False,True,0.0352296284959225,82.5350755367164,68580,35.229628495922505
5.204721,60,1091.608757,False,True,0.0470853764569773,83.14657241306494,68640,47.0853764569773
-13.084718,60,1093.930188,False,True,0.075479287379394,87.67425249095872,68700,75.479287379394
205.249906,60,1094.328145,False,True,0.0037159103138816,83.60112105140604,68760,3.7159103138816003
20.847278,60,1094.355025,False,True,0.0442387440672163,86.45115025358392,68820,44.238744067216295
318.706082,60,1095.064093,False,True,0.006067846243591,89.23395937198505,68880,6.067846243591
183.189893,60,1097.373721,False,True,0.0018695807224694,88.76007957601881,68940,1.8695807224694
52.693389,60,1097.770685,False,True,0.0287957720499184,87.84496790601831,69000,28.7957720499184
144.414651,60,1097.793566,False,True,0.0286490725447736,81.42080648201961,69060,28.6490725447736
-33.628656,60,1098.503018,False,True,0.1049850525180244,89.52512021188494,69120,104.9850525180244
-4.787953,60,1101.743219,False,True,0.0580726821686613,88.76534504249045,69180,58.0726821686613
-41.695728,60,1102.144199,False,True,0.1507257441066219,79.95873442565426,69240,150.7257441066219
-29.874686,60,1102.172081,False,True,0.1083192023004254,83.90278200872743,69300,108.3192023004254
96.827956,60,1102.882637,False,True,0.0208069057415415,83.27018997742775,69360,20.8069057415415
119.746474,60,1105.3793,False,True,0.0099237755361446,79.53648644033858,69420,9.9237755361446
10.469374,60,1105.778825,False,True,0.0337485921688053,80.9322425165535,69480,33.748592168805295
80.510275,60,1105.808727,False,True,0.0281754086524574,81.65287365868062,69540,28.1754086524574
-25.422805,60,1106.515193,False,True,0.0949554148809792,85.96261191391787,69600,94.95541488097919
36.071801,60,1109.728681,False,True,0.0403566146389773,66.47382320675894,69660,40.3566146389773
14.00983,60,1110.130638,False,True,0.0569961017546477,85.31528158676875,69720,56.9961017546477
-27.408498,60,1110.160964,False,True,0.1078931315030482,81.368060386291,69780,107.89313150304821
5.510758,60,1110.86844,False,True,0.0445264739102955,87.82208302100662,69840,44.5264739102955
9.38273,60,1113.215721,False,True,0.0549663332955734,84.47369296555357,69900,54.9663332955734
276.021474,60,1113.609584,False,True,0.0058725001579689,89.26121185300859,69960,5.8725001579689
80.815512,60,1113.640021,False,True,0.0303752672243239,87.34929294074767,70020,30.3752672243239
-24.907926,60,1114.348027,False,True,0.0980488541505753,89.79859832990921,70080,98.0488541505753
169.701675,60,1117.602769,False,True,0.0145710202554818,81.87097993905861,70140,14.5710202554818
7.223545,60,1118.000726,False,True,0.0493570016774331,80.90081923520232,70200,49.357001677433104
-21.536904,60,1118.028608,False,True,0.0930336310407784,87.69174907358259,70260,93.0336310407784
100.690194,60,1118.739092,False,True,0.0224858867689788,83.23530784212981,70320,22.4858867689788
2.014914,60,1121.024394,False,True,0.058305022898651,75.94890096675354,70380,58.305022898650996
183.431077,60,1121.424347,False,True,0.0026937013795486,88.99254209344666,70440,2.6937013795486
-31.765454,60,1121.450233,False,True,0.1162769359627164,75.14102661078857,70500,116.27693596271641
-31.005164,60,1122.15969,False,True,0.1161234878038519,88.12331401333618,70560,116.1234878038519
220.569314,60,1125.40258,False,True,0.0017270154600252,89.97610873360091,70620,1.7270154600252
18.096149,60,1125.800537,False,True,0.0537799836042182,68.60443952497936,70680,53.7799836042182
1.80362,60,1125.829418,False,True,0.0530799053036825,83.35888735800438,70740,53.0799053036825
28.340487,60,1126.534887,False,True,0.0367843456492712,80.06066805905,70800,36.7843456492712
102.464175,60,1128.858109,False,True,0.0181132891605471,88.24084894620326,70860,18.1132891605471
-10.870918,60,1129.25705,False,True,0.0755046051108679,83.25859035882516,70920,75.5046051108679
102.194994,60,1129.286484,False,True,0.0102436348431352,73.71951951475198,70980,10.243634843135201
193.178666,60,1129.991918,False,True,0.0045252726225768,86.13662827544776,71040,4.5252726225768
60.913396,60,1133.244141,False,True,0.0235026707417936,70.09030351033353,71100,23.502670741793597
67.757589,60,1133.642098,False,True,0.0406413994788516,87.93273266228935,71160,40.641399478851596
237.204671,60,1133.672975,False,True,0.0046504951091955,87.49766821380493,71220,4.6504951091955
153.270972,60,1134.378445,False,True,0.0048961790148503,82.54536345580742,71280,4.896179014850301
-5.267036,60,1136.731814,False,True,0.0589744993326293,88.81408076379945,71340,58.9744993326293
-1.33529,60,1137.131777,False,True,0.0622919122593148,79.32941240317612,71400,62.2919122593148
-27.609608,60,1137.152046,False,True,0.1001951032533448,83.72382475276974,71460,100.1951032533448
45.48044,60,1137.862931,False,True,0.0448320842232126,85.6701382167282,71520,44.832084223212604
115.674415,60,1141.104107,False,True,0.014479366103873,86.06407823865545,71580,14.479366103873
6.436646,60,1141.503084,False,True,0.0510759920754107,85.33127596573962,71640,51.075992075410696
57.068231,60,1141.541528,False,True,0.0351020881062356,78.57335900576697,71700,35.1020881062356
13.822247,60,1142.247994,False,True,0.0462590276505552,86.68081143948434,71760,46.259027650555204
-3.946758,60,1144.576159,False,True,0.0661779773558736,89.26028992423922,71820,66.1779773558736
176.423814,60,1144.977663,False,True,0.0069229153222749,88.94635246988884,71880,6.922915322274901
9.590085,60,1145.003542,False,True,0.055875640569063,77.55211188745514,71940,55.875640569063
68.112882,60,1145.70746,False,True,0.0213215374977531,82.146202843034,72000,21.321537497753102
18.637273,60,1148.913103,False,True,0.0538742824098052,86.10699906836588,72060,53.8742824098052
243.180848,60,1149.307445,False,True,0.0064675425374307,82.06504381198994,72120,6.467542537430701
69.335381,60,1149.337922,False,True,0.0203727877857682,81.7192226538588,72180,20.3727877857682
-17.377128,60,1150.046408,False,True,0.0798785900551672,85.37961668682082,72240,79.87859005516721
77.905855,60,1152.37082,False,True,0.0291059275607369,81.63785602661338,72300,29.1059275607369
63.677406,60,1152.769793,False,True,0.0371952576827807,85.57913347523154,72360,37.1952576827807
160.044796,60,1152.796659,False,True,0.0173267365766078,85.74303877318899,72420,17.3267365766078
240.205261,60,1153.504142,False,True,0.0087768925403382,82.96439167365907,72480,8.7768925403382
-3.273946,60,1156.757807,False,True,0.0481867906004157,84.87854386351093,72540,48.186790600415705
2.793454,60,1157.154775,False,True,0.0532331051089442,81.24830536323104,72600,53.233105108944194
12.207745,60,1157.1801,False,True,0.0549541692359953,74.84500000161488,72660,54.954169235995295
53.201961,60,1157.889124,False,True,0.0402147203139171,84.01728141106484,72720,40.214720313917105
-6.194668,60,1160.309464,False,True,0.0682565366584206,85.85729237731766,72780,68.2565366584206
287.600341,60,1160.710436,False,True,0.003078388718163,88.94937506695116,72840,3.078388718163
45.042344,60,1160.740308,False,True,0.047146154449437,80.81120655340447,72900,47.146154449437
2.910505,60,1161.445751,False,True,0.0586336861390215,85.57245876236415,72960,58.6336861390215
13.273339,60,1164.254552,False,True,0.0514070302925727,86.2279796374037,73020,51.4070302925727
120.34579,60,1164.652509,False,True,0.0242844051513283,64.78458543595816,73080,24.2844051513283
-3.841773,60,1164.684992,False,True,0.052751109790768,84.33314084834157,73140,52.751109790768
0.905222,60,1165.394482,False,True,0.0544103473568072,86.53407826038026,73200,54.4103473568072
152.74679,60,1168.782938,False,True,0.0095554175169867,80.61975619858741,73260,9.5554175169867
4.926623,60,1169.180895,False,True,0.0441132338958874,79.31946276980635,73320,44.1132338958874
-31.171813,60,1169.212326,False,True,0.1037319111729535,73.44393783816342,73380,103.73191117295349
104.91742,60,1169.916269,False,True,0.0183775468489211,87.93356222405859,73440,18.377546848921103
27.284216,60,1171.866991,False,True,0.0324300195503093,89.31344487186219,73500,32.430019550309304
199.354502,60,1172.267941,False,True,0.0106628153322561,88.05440035536824,73560,10.6628153322561
88.711744,60,1172.29283,False,True,0.0236945039179105,88.47685998747025,73620,23.6945039179105
87.856855,60,1173.000302,False,True,0.0155427962460728,65.83926991689887,73680,15.5427962460728
-18.595125,60,1177.010417,False,True,0.0919847761031548,74.80116179379951,73740,91.9847761031548
-7.933259,60,1177.40311,False,True,0.0641062560313127,84.23726082335146,73800,64.1062560313127
-24.667453,60,1177.433829,False,True,0.0865572499109322,87.89767534025057,73860,86.5572499109322
176.198728,60,1178.141315,False,True,0.0157417231029884,84.26462745550653,73920,15.741723102988402
161.078066,60,1181.89991,False,True,4.312500648148351e-05,85.91938997782506,73980,0.04312500648148351
1.646312,60,1182.267596,False,True,0.0616662816386595,74.2144390393091,74040,61.6662816386595
211.458842,60,1182.300009,False,True,0.0039495468941443,85.70437530647375,74100,3.9495468941443
165.212523,60,1183.025691,False,True,0.0039885466836888,86.992039700172,74160,3.9885466836888
153.936521,60,1188.9691,False,True,0.0248208690556068,74.58228602723489,74220,24.8208690556068
0.488724,60,1189.374624,False,True,0.0435613645267651,87.5187168685353,74280,43.561364526765104
199.922545,60,1189.392917,False,True,0.0116378916522786,89.48678870721302,74340,11.6378916522786
161.823491,60,1190.096188,False,True,0.0141208197747157,88.32176939681062,74400,14.120819774715699
-19.459635,60,1192.460983,False,True,0.0885537733748284,78.43841927141209,74460,88.55377337482841
20.632277,60,1192.863535,False,True,0.0487140933697961,89.53871759099172,74520,48.7140933697961
16.190821,60,1192.886822,False,True,0.0251035639878973,88.32806298059971,74580,25.1035639878973
7.381804,60,1193.586716,False,True,0.0573831425096173,89.89267743873121,74640,57.3831425096173
-31.005896,60,1197.845273,False,True,0.1650180432081818,89.91134168447572,74700,165.0180432081818
21.232702,60,1198.242098,False,True,0.0509559883610552,89.8232429670028,74760,50.9559883610552
234.350409,60,1198.272988,False,True,0.0145686956882135,89.32559983679958,74820,14.5686956882135
-20.163855,60,1198.977579,False,True,0.0740880214243478,89.32859503628234,74880,74.0880214243478
93.882551,60,1201.821071,False,True,0.0373054065264918,89.35427500558598,74940,37.3054065264918
209.662311,60,1202.225565,False,True,0.0084392483448063,88.96053423255789,75000,8.4392483448063
75.140313,60,1202.252447,False,True,0.0205264452725034,82.02701466721282,75060,20.5264452725034
-6.017125,60,1202.957917,False,True,0.0665056306979691,81.25919751320187,75120,66.5056306979691
15.65515,60,1208.117542,False,True,0.0344806132296482,85.59272398301096,75180,34.480613229648206
112.441235,60,1208.50441,False,True,0.0227475537463887,87.9405906802652,75240,22.7475537463887
-40.641948,60,1208.543381,False,True,0.114953239407423,88.38002757609354,75300,114.953239407423
-15.726366,60,1209.239763,False,True,0.0686176888770924,88.65793783359018,75360,68.61768887709239
101.082148,60,1211.691863,False,True,0.0213601359397266,83.7899367627645,75420,21.3601359397266
-18.667246,60,1212.080822,False,True,0.1131384564548713,88.06875006067484,75480,113.1384564548713
12.35848,60,1212.113705,False,True,0.0571350469710558,84.37136823004354,75540,57.1350469710558
-3.062954,60,1212.821173,False,True,0.0639624787935619,88.03623528264737,75600,63.9624787935619
-4.308706,60,1215.826285,False,True,0.0653032828702891,79.30780015820702,75660,65.3032828702891
-16.661061,60,1216.22977,False,True,0.0754828555173041,88.30256409555744,75720,75.4828555173041
85.695681,60,1216.252124,False,True,0.0165331722848695,88.21515638332451,75780,16.533172284869497
-3.879727,60,1216.965119,False,True,0.0617709921581321,86.0573107253221,75840,61.7709921581321
-3.19489,60,1219.242937,False,True,0.0578303199959949,76.19252704470297,75900,57.830319995994905
26.475936,60,1219.635354,False,True,0.0296035354672062,86.23188672923001,75960,29.6035354672062
269.801285,60,1219.663236,False,True,0.0091035896822942,83.06163909471638,76020,9.103589682294201
126.366407,60,1220.373248,False,True,0.0154109820364822,87.46664628534636,76080,15.4109820364822
58.886662,60,1223.686137,False,True,0.0221588820530599,79.59285746602632,76140,22.1588820530599
71.421597,60,1224.079,False,True,0.0241889584179415,86.13489942512476,76200,24.1889584179415
54.260952,60,1224.105882,False,True,0.0415270107043883,76.7948359866221,76260,41.5270107043883
192.714281,60,1224.81744,False,True,0.0173547630730426,87.67984660989411,76320,17.354763073042598
242.777113,60,1227.512234,False,True,0.0047197672142517,88.06687840232824,76380,4.7197672142517
27.746639,60,1227.914252,False,True,0.0489738454749823,87.37825912930205,76440,48.9738454749823
179.30125,60,1227.942134,False,True,0.0244856706588987,80.75104458623366,76500,24.4856706588987
264.034045,60,1228.64454,False,True,0.0063069018159018,87.10127998175565,76560,6.3069018159018
121.824981,60,1232.319116,False,True,0.0203092903768941,89.42113136607098,76620,20.3092903768941
93.889358,60,1232.718662,False,True,0.0204281012081641,88.29006688007068,76680,20.4281012081641
-22.078051,60,1232.749612,False,True,0.0808569664892845,85.0288280520523,76740,80.8569664892845
3.059257,60,1233.484139,False,True,0.0633869291110657,80.60504517220892,76800,63.386929111065704
14.655177,60,1239.328369,False,True,0.0436202375448722,86.84744190555561,76860,43.620237544872204
226.073025,60,1239.752672,False,True,0.0098760595995974,83.94979526553365,76920,9.8760595995974
175.619052,60,1239.755746,False,True,0.0046272233772177,88.80173844149665,76980,4.6272233772177005
-9.450547,60,1240.458564,False,True,0.0690773247202916,87.8446074837609,77040,69.0773247202916
90.378768,60,1244.373599,False,True,0.0247980496287012,88.35871587199843,77100,24.7980496287012
178.72902,60,1244.770558,False,True,0.0161740563444421,85.16215610412189,77160,16.1740563444421
179.404164,60,1244.809511,False,True,0.0090094271358813,85.25309888919344,77220,9.0094271358813
290.704486,60,1245.521554,False,True,0.0005302985875247,89.74849426507313,77280,0.5302985875247
-36.105752,60,1249.901756,False,True,0.1182004046292462,86.77641089233006,77340,118.20040462924621
193.45951,60,1250.302237,False,True,0.0190907304744674,81.7598360401368,77400,19.0907304744674
3.979557,60,1250.327595,False,True,0.0615098507387704,84.28556708416775,77460,61.509850738770396
29.097266,60,1251.035061,False,True,0.0298799041664249,83.07349747918377,77520,29.8799041664249
50.044861,60,1255.36442,False,True,0.0324756245056922,76.06364310605834,77580,32.475624505692195
167.279445,60,1255.757135,False,True,0.0224941398019315,80.93425257805852,77640,22.4941398019315
5.016797,60,1255.78761,False,True,0.052445583175157,89.80004227139796,77700,52.445583175157
-14.921873,60,1256.508842,False,True,0.0765708611204932,80.01961444668419,77760,76.5708611204932
31.969458,60,1261.644471,False,True,0.0297025252444623,89.75425592486853,77820,29.7025252444623
54.928133,60,1262.040885,False,True,0.0395962857935304,89.71354145784183,77880,39.596285793530406
21.344468,60,1262.08115,False,True,0.0465988253835001,86.41682307774917,77940,46.598825383500106
-26.391219,60,1262.779867,False,True,0.0981816342232771,77.39248889414962,78000,98.1816342232771
96.4652,60,1266.561858,False,True,0.016587206859529,88.10279626153276,78060,16.587206859529
-8.761431,60,1266.962382,False,True,0.0703028736810682,81.50929638231634,78120,70.3028736810682
-26.238794,60,1266.986699,False,True,0.0944656369964155,80.23764987008471,78180,94.4656369964155
19.275957,60,1267.694164,False,True,0.0342258712888078,80.19093257833475,78240,34.2258712888078
-24.705397,60,1270.910857,False,True,0.0793974820565736,89.27096428507697,78300,79.3974820565736
94.004532,60,1271.310814,False,True,0.0271884074452232,87.40336348947396,78360,27.1884074452232
-28.453335,60,1271.340204,False,True,0.0966369058073572,86.87728731773682,78420,96.63690580735721
86.392146,60,1272.045163,False,True,0.0225301135794609,84.81147344167918,78480,22.5301135794609
47.279146,60,1274.288908,False,True,0.0446459572241479,83.62741774812243,78540,44.6459572241479
-20.398654,60,1274.686865,False,True,0.0886607968380632,86.89739014078324,78600,88.6607968380632
7.713544,60,1274.713747,False,True,0.0603318059684485,88.49718134940616,78660,60.3318059684485
13.188497,60,1275.423212,False,True,0.0364561406647467,89.12847320925721,78720,36.4561406647467
191.619709,60,1279.060478,False,True,0.0152842363768972,86.9612580274162,78780,15.284236376897201
114.022386,60,1279.457436,False,True,0.0023301428545715,79.95951641843969,78840,2.3301428545714997
-25.571029,60,1279.486318,False,True,0.1266942993506659,82.97511872508404,78900,126.6942993506659
-27.041361,60,1280.191785,False,True,0.1140579451744101,89.03708290089827,78960,114.05794517441011
6.594054,60,1282.892676,False,True,0.0464832472896661,86.12543140206688,79020,46.4832472896661
-35.43316,60,1283.289636,False,True,0.1243409773514925,79.60055858624493,79080,124.3409773514925
56.213456,60,1283.322091,False,True,0.0357771390997372,89.80096456638415,79140,35.7771390997372
310.212453,60,1284.028558,False,True,0.0015539913228624,86.57181500299532,79200,1.5539913228624
204.419388,60,1287.066128,False,True,0.0140888954059022,87.11049845087824,79260,14.0888954059022
24.530905,60,1287.466072,False,True,0.0451641027980826,87.97612170393269,79320,45.164102798082595
-6.738268,60,1287.491967,False,True,0.0623376512149716,72.236991945324,79380,62.337651214971594
-3.94056,60,1288.200421,False,True,0.0676148584958867,83.31642828262639,79440,67.61485849588671
147.174462,60,1289.877173,False,True,0.0213737632974058,82.64680845744903,79500,21.373763297405798
83.248399,60,1290.276125,False,True,0.0306247008197434,78.41578782565904,79560,30.6247008197434
28.678753,60,1290.304007,False,True,0.0447345119241761,86.90923018628258,79620,44.734511924176104
76.672692,60,1291.013032,False,True,0.0248676064564524,87.01887908354021,79680,24.8676064564524
27.537408,60,1294.286449,False,True,0.0418986787448638,81.53834443045322,79740,41.898678744863794
291.169166,60,1294.684406,False,True,0.0035618223893232,88.39400199870622,79800,3.5618223893232
-30.951552,60,1294.711297,False,True,0.1173502206615089,73.67647551421051,79860,117.3502206615089
59.179383,60,1295.421738,False,True,0.0398850327000575,86.89621256950184,79920,39.8850327000575
-8.953443,60,1297.856308,False,True,0.0650738898336629,85.49191631108813,79980,65.0738898336629
84.073422,60,1298.258803,False,True,0.0444745687188074,89.98956665969789,80040,44.474568718807404
208.729247,60,1298.286685,False,True,0.0094310515159101,83.69418321014906,80100,9.4310515159101
-6.397941,60,1298.989616,False,True,0.06750907804933,87.80852040704151,80160,67.50907804933
-30.66769,60,1302.15652,False,True,0.1019701767810232,88.06649193180819,80220,101.9701767810232
45.950595,60,1302.554477,False,True,0.0380597133002286,89.12492480961693,80280,38.0597133002286
97.066542,60,1302.586679,False,True,0.0200589056039424,88.33747638888974,80340,20.058905603942403
81.867628,60,1303.288826,False,True,0.0222007335197704,87.2930693309248,80400,22.200733519770402
51.143582,60,1305.433131,False,True,0.028528995819763,89.83995165488828,80460,28.528995819762997
39.592445,60,1305.832136,False,True,0.0317386295476447,87.4769569558844,80520,31.7386295476447
190.795972,60,1305.858455,False,True,0.0151635215827816,84.77807801072007,80580,15.1635215827816
28.498333,60,1306.568033,False,True,0.048980320303024,86.84599400375092,80640,48.980320303024
66.279531,60,1308.72737,False,True,0.0125963947632873,86.36399090113402,80700,12.5963947632873
4.266192,60,1309.126328,False,True,0.0523581677039319,88.06666052054653,80760,52.358167703931905
50.2525,60,1309.155242,False,True,0.0274480622414548,89.76012415877359,80820,27.4480622414548
151.356179,60,1309.862732,False,True,0.0133826845868626,81.39597097130522,80880,13.3826845868626
-5.503599,60,1312.891842,False,True,0.0614384761262519,86.88010121296105,80940,61.4384761262519
-13.398558,60,1313.289799,False,True,0.0841777615607684,84.96904084566513,81000,84.17776156076839
-1.465504,60,1313.321866,False,True,0.0620234396689733,89.74870325438037,81060,62.0234396689733
-8.76364,60,1314.029372,False,True,0.0701687122726444,84.69819744472359,81120,70.1687122726444
233.953385,60,1316.195917,False,True,0.0116635330747764,84.73183098238589,81180,11.663533074776401
-2.619374,60,1316.592849,False,True,0.0627603931192273,84.34174635516256,81240,62.76039311922731
-18.690195,60,1316.624273,False,True,0.0984237263360274,82.807445089982,81300,98.4237263360274
12.041033,60,1317.332257,False,True,0.0483130695319473,83.85940193575776,81360,48.3130695319473
113.790631,60,1320.400306,False,True,0.0204332916199005,84.67684516266964,81420,20.4332916199005
58.096935,60,1320.795267,False,True,0.0265772411389618,85.02846861332935,81480,26.5772411389618
87.738526,60,1320.826145,False,True,0.0304461311373066,84.09851753109362,81540,30.4461311373066
-16.647264,60,1321.532612,False,True,0.0833362956371035,82.57768895503277,81600,83.3362956371035
53.206701,60,1323.644968,False,True,0.024817594240103,88.92973797388522,81660,24.817594240103
-29.507845,60,1324.043486,False,True,0.0991007917676121,74.96295085292681,81720,99.10079176761211
49.001956,60,1324.074461,False,True,0.0275431700215793,85.27864653634941,81780,27.5431700215793
42.054912,60,1324.777835,False,True,0.0465122104609327,85.74625057311634,81840,46.5122104609327
3.293063,60,1327.909227,False,True,0.0584222152609047,84.81200790718096,81900,58.4222152609047
5.441239,60,1328.305615,False,True,0.0469121496209282,87.77561973747025,81960,46.9121496209282
103.560206,60,1328.335066,False,True,0.0292401653444346,81.88409649904249,82020,29.2401653444346
168.267671,60,1329.040511,False,True,0.0143410017947934,82.63682302113186,82080,14.3410017947934
-14.034579,60,1331.28908,False,True,0.0619770195619959,80.40952733037895,82140,61.9770195619959
-19.453383,60,1331.69109,False,True,0.0872165241552552,88.63463405931932,82200,87.2165241552552
-26.501177,60,1331.71746,False,True,0.0784692575496091,83.62050956750367,82260,78.4692575496091
71.896651,60,1332.423927,False,True,0.0140607809719743,88.5864113407583,82320,14.0607809719743
36.833784,60,1336.827976,False,True,0.0330678923703492,82.82113160194896,82380,33.0678923703492
175.223405,60,1337.228281,False,True,0.002123353699021,80.8584913003869,82440,2.123353699021
132.969605,60,1337.248006,False,True,0.0048858776831248,87.10956053626161,82500,4.8858776831248
76.490381,60,1337.955474,False,True,0.026700889211727,74.09454991468354,82560,26.700889211727
167.028818,60,1341.909461,False,True,0.0018361953988394,77.71648279468542,82620,1.8361953988394
98.914367,60,1342.303861,False,True,0.0199933474213003,84.88360433644783,82680,19.9933474213003
6.931634,60,1342.338814,False,True,0.0563800610401478,88.96862338546823,82740,56.380061040147794
9.977167,60,1343.040751,False,True,0.056301871151147,75.40178795177896,82800,56.301871151147004
69.853079,60,1346.171091,False,True,0.0274512203200951,87.28052606487746,82860,27.4512203200951
40.148751,60,1346.572856,False,True,0.0294313117028271,89.35990003277469,82920,29.4313117028271
-13.700434,60,1346.599705,False,True,0.0727263794036347,85.7463612499681,82980,72.72637940363471
-17.762396,60,1347.307205,False,True,0.0843599415278598,85.19550126452036,83040,84.3599415278598
26.086684,60,1349.57979,False,True,0.0355544544157517,84.32462907464713,83100,35.55445441575171
183.481711,60,1349.981743,False,True,0.0153856563143726,88.60724986267107,83160,15.3856563143726
14.785192,60,1350.003632,False,True,0.0518789244473596,86.2459615222168,83220,51.8789244473596
0.560108,60,1350.712096,False,True,0.0524612970123871,73.95145437143618,83280,52.4612970123871
-3.569318,60,1353.934235,False,True,0.0589801316941663,89.95234267016664,83340,58.980131694166296
87.611969,60,1354.333188,False,True,0.0232397459143961,82.02789885622528,83400,23.2397459143961
-28.673361,60,1354.362069,False,True,0.1239292336411444,75.4327347111747,83460,123.9292336411444
46.484085,60,1355.071051,False,True,0.0389951452257377,73.38521278377158,83520,38.9951452257377
104.771793,60,1357.346849,False,True,0.0136810013699422,84.42112578063302,83580,13.6810013699422
190.271114,60,1357.745835,False,True,0.0002534614949583,82.18084630200781,83640,0.2534614949583
38.360006,60,1357.772688,False,True,0.0470485862246418,78.7279127116529,83700,47.0485862246418
-13.368179,60,1358.479155,False,True,0.0768410954493559,82.48384067480247,83760,76.8410954493559
35.020008,60,1361.634284,False,True,0.0403921190119244,88.29214263337295,83820,40.3921190119244
26.006106,60,1362.027216,False,True,0.0214978807671327,83.75130852137701,83880,21.497880767132703
-3.430519,60,1362.05407,False,True,0.0615799457075725,77.35466577086679,83940,61.5799457075725
-20.247533,60,1362.76559,False,True,0.105820755389283,85.36099548166332,84000,105.820755389283
20.309144,60,1365.090847,False,True,0.0562224851108711,87.84794910881716,84060,56.2224851108711
242.536544,60,1365.490905,False,True,0.0045108010679036,89.8110686347417,84120,4.5108010679036
149.930677,60,1365.513662,False,True,0.0086974116507638,89.51641970431986,84180,8.6974116507638
65.070803,60,1366.2185,False,True,0.0300521437063793,86.10540972359979,84240,30.052143706379297
75.975767,60,1368.403449,False,True,0.0276321173606945,80.73804574162378,84300,27.6321173606945
67.603724,60,1368.799878,False,True,0.0376570655125795,76.84620809514605,84360,37.6570655125795
229.334493,60,1368.82433,False,True,0.0137846795974115,79.24574592403563,84420,13.7846795974115
246.655115,60,1369.53184,False,True,0.0045071223044882,86.62373004418512,84480,4.5071223044882
32.479196,60,1372.780545,False,True,0.050573366593719,87.40724981313143,84540,50.573366593719
4.265128,60,1373.175872,False,True,0.0570704000074423,89.77925607375337,84600,57.070400007442295
18.0599,60,1373.203755,False,True,0.0379664270475281,89.77442361074424,84660,37.9664270475281
-22.23703,60,1373.91488,False,True,0.0938063142012543,71.80432528580873,84720,93.80631420125431
124.316106,60,1376.163155,False,True,0.0149368496251737,82.46009159625528,84780,14.9368496251737
-1.041863,60,1376.563661,False,True,0.0592506699060848,84.57524731827726,84840,59.2506699060848
158.560676,60,1376.593576,False,True,0.0218852665424572,83.54713131475093,84900,21.885266542457202
115.423837,60,1377.295461,False,True,0.0312406924489352,79.27419352381943,84960,31.2406924489352
18.565609,60,1380.443371,False,True,0.0451641867244958,74.98080667460819,85020,45.1641867244958
111.179305,60,1380.838328,False,True,0.009317909615153,89.22466881371106,85080,9.317909615153
72.327418,60,1380.86921,False,True,0.0195111558016856,83.63456628859964,85140,19.5111558016856
174.344308,60,1381.579674,False,True,0.0022753805960305,87.35898584657954,85200,2.2753805960305002
47.945222,60,1383.816759,False,True,0.037353380874176,84.99294232821788,85260,37.353380874176004
109.824229,60,1384.21707,False,True,0.0302551805847509,86.04743574728147,85320,30.2551805847509
48.212377,60,1384.247435,False,True,0.0294987959756578,89.94562958284656,85380,29.4987959756578
-23.758955,60,1384.950218,False,True,0.0845686725957927,86.99986683716426,85440,84.5686725957927
169.448036,60,1388.107771,False,True,0.0284536800532268,86.9955485702537,85500,28.4536800532268
-32.439746,60,1388.505728,False,True,0.1258526915901703,87.1483867895942,85560,125.8526915901703
-10.203185,60,1388.535727,False,True,0.0712173874110343,63.58711506700231,85620,71.2173874110343
151.08878,60,1389.240077,False,True,0.0042560183881566,87.46377721320793,85680,4.2560183881566
89.996138,60,1391.447193,False,True,0.0212264141063536,84.40014153745852,85740,21.226414106353598
124.604143,60,1391.847675,False,True,0.0126606777349541,84.06422344936482,85800,12.660677734954099
164.040046,60,1391.874548,False,True,0.0070587243881168,79.16221910746923,85860,7.0587243881168
69.66763,60,1392.582024,False,True,0.0359216021656193,87.4682114347669,85920,35.9216021656193
102.383945,60,1395.803968,False,True,0.0053650026442386,85.0294501846619,85980,5.3650026442386
-10.217053,60,1396.202924,False,True,0.0659963830521869,72.0534930467111,86040,65.9963830521869
186.261687,60,1396.230807,False,True,0.0022355362980817,77.73281730088037,86100,2.2355362980817
204.843515,60,1396.936274,False,True,0.0017898656405123,83.39303137530379,86160,1.7898656405123
-6.96314,60,1399.028579,False,True,0.0765233226158146,85.65611725019627,86220,76.52332261581459
-7.861,60,1399.420975,False,True,0.0685982234327319,89.75051962204512,86280,68.5982234327319
32.386942,60,1399.461401,False,True,0.0335934743546839,78.11560898397833,86340,33.5934743546839
-5.354444,60,1400.159832,False,True,0.0550488118091015,87.63279360125593,86400,55.048811809101494
18.256299,60,1403.267915,False,True,0.0633217687873147,87.06713453711407,86460,63.3217687873147
211.126,60,1403.664357,False,True,0.001626488858833,86.9943662871356,86520,1.626488858833
54.833053,60,1403.693754,False,True,0.0181280413192761,88.05305782027193,86580,18.1280413192761
201.72994,60,1404.397697,False,True,0.0086595117888552,83.27343901472113,86640,8.6595117888552
49.542305,60,1406.702554,False,True,0.045083903340121,82.56361119731517,86700,45.083903340121005
-19.48723,60,1407.10158,False,True,0.0866052046616527,89.9080510861423,86760,86.60520466165269
60.452284,60,1407.129462,False,True,0.0311743763495226,82.12624459020805,86820,31.1743763495226
46.00229,60,1407.836927,False,True,0.0361527626786338,82.86338987278648,86880,36.1527626786338
-13.357542,60,1410.847143,False,True,0.0667974099597285,77.0503066482675,86940,66.7974099597285
16.724583,60,1411.2451,False,True,0.0507919328631906,88.12683034256652,87000,50.7919328631906
225.913115,60,1411.278593,False,True,0.0050972004880336,83.69997649287964,87060,5.0972004880336
37.876664,60,1411.983997,False,True,0.028252486307583,71.38944050715455,87120,28.252486307583002
-8.248889,60,1414.086691,False,True,0.0693167126973908,89.90014003483842,87180,69.3167126973908
19.868343,60,1414.484648,False,True,0.0565595902513622,85.7120763382526,87240,56.5595902513622
-3.628272,60,1414.515523,False,True,0.0693204398757546,86.82267632041747,87300,69.3204398757546
87.823189,60,1415.219991,False,True,0.0226725654134005,84.99880390307169,87360,22.6725654134005
136.241543,60,1418.142424,False,True,0.0097668906813798,78.9359378736848,87420,9.7668906813798
259.741173,60,1418.540381,False,True,0.0088525177595156,88.15789126365566,87480,8.852517759515601
-30.805883,60,1418.569263,False,True,0.1195311322527137,89.62711096666969,87540,119.53113225271369
27.012961,60,1419.276268,False,True,0.0455933493451131,72.75050005562142,87600,45.593349345113104
-15.536734,60,1421.383499,False,True,0.082544548785099,80.59090156377147,87660,82.544548785099
-13.916341,60,1421.782469,False,True,0.0838246310903803,86.48840276763431,87720,83.8246310903803
27.174112,60,1421.813347,False,True,0.0479119614446716,77.59937296758234,87780,47.911961444671604
98.060235,60,1422.520823,False,True,0.0266839971594111,83.34866680147614,87840,26.6839971594111
19.327612,60,1425.621586,False,True,0.0454364137028524,68.74393271437569,87900,45.436413702852406
126.520474,60,1426.016525,False,True,0.022233840525833,83.73846034459773,87960,22.233840525833
68.81374,60,1426.047426,False,True,0.0257422095364617,81.8948641397371,88020,25.7422095364617
160.448412,60,1426.750874,False,True,0.0037431861885458,75.24418917029475,88080,3.7431861885458
-26.87086,60,1429.074488,False,True,0.101567076339841,78.86157149831627,88140,101.567076339841
55.852262,60,1429.480002,False,True,0.0282950786899412,77.92084437068873,88200,28.2950786899412
72.203674,60,1429.502328,False,True,0.0271505866794,81.8458024216013,88260,27.1505866794
-11.174632,60,1430.214351,False,True,0.0711792523910315,83.76114486506906,88320,71.1792523910315
244.182725,60,1432.430275,False,True,0.006239892680071,77.69225614855137,88380,6.239892680071
0.03864,60,1432.829222,False,True,0.063036383689749,82.81451685059491,88440,63.036383689748995
44.72554,60,1432.859103,False,True,0.0280523481170184,85.84609268623136,88500,28.0523481170184
5.113778,60,1433.562582,False,True,0.0548307364158527,87.59595186326112,88560,54.8307364158527
-12.96454,60,1436.604236,False,True,0.0759311016487404,74.70294848889885,88620,75.9311016487404
-21.931354,60,1437.002192,False,True,0.120069351639262,78.17902285859437,88680,120.069351639262
163.649604,60,1437.028079,False,True,0.0213444964500082,82.582384487839,88740,21.344496450008197
78.050748,60,1437.734546,False,True,0.0342889927985275,73.45824696620556,88800,34.288992798527495
48.303628,60,1440.049417,False,True,0.0284648309840355,79.95077604622513,88860,28.464830984035498
17.57161,60,1440.442836,False,True,0.0411960817198688,84.0798478135894,88920,41.1960817198688
34.443843,60,1440.475256,False,True,0.0481320264983795,89.07111980624552,88980,48.132026498379496
232.476055,60,1441.177185,False,True,0.0101275807179187,88.05966577086839,89040,10.1275807179187
-25.249308,60,1444.278668,False,True,0.0804323270141339,87.04881236995828,89100,80.4323270141339
135.57472,60,1444.673067,False,True,0.0060548312719863,89.73090489061272,89160,6.0548312719863
5.030908,60,1444.696958,False,True,0.0536325514604997,89.90655134143782,89220,53.6325514604997
195.439546,60,1445.40641,False,True,0.0129646251341008,80.81719287379167,89280,12.9646251341008
-22.114403,60,1447.3675,False,True,0.08336725265084,78.49118448745581,89340,83.36725265084
-6.549675,60,1447.763455,False,True,0.0700793268794957,86.35686409672658,89400,70.0793268794957
25.446815,60,1447.797421,False,True,0.0448737779297268,79.42401043311337,89460,44.8737779297268
-26.415479,60,1448.502367,False,True,0.0984693146266874,82.94148738679635,89520,98.46931462668739
-10.087639,60,1451.538068,False,True,0.0733806481223711,74.8231316556046,89580,73.3806481223711
187.429873,60,1451.946079,False,True,0.0154258620594206,88.70540840687129,89640,15.4258620594206
78.252928,60,1451.963907,False,True,0.0309222007126289,87.34015116045391,89700,30.9222007126289
85.150275,60,1452.675418,False,True,0.0332876519052005,85.98820362372877,89760,33.2876519052005
-31.394274,60,1454.452302,False,True,0.0988892400993081,84.29014176165762,89820,98.88924009930811
-19.672226,60,1454.856437,False,True,0.079164245151233,88.85232582646292,89880,79.164245151233
36.204436,60,1454.884319,False,True,0.0396130990421979,77.31110352345357,89940,39.613099042197895
-29.983884,60,1455.584608,False,True,0.1255520603978581,77.70821170745455,90000,125.5520603978581
187.994051,60,1458.139062,False,True,0.0215504056176009,84.95053041490829,90060,21.550405617600898
65.079758,60,1458.533498,False,True,0.0368381932957843,86.65601374901969,90120,36.8381932957843
-2.152783,60,1458.561381,False,True,0.0628526387918931,80.02386309569923,90180,62.85263879189309
60.539644,60,1459.271369,False,True,0.0355238624767836,88.46849350543191,90240,35.5238624767836
59.863705,60,1460.908926,False,True,0.0293681520475491,84.17891945518024,90300,29.368152047549103
153.403882,60,1461.300747,False,True,0.0275305614332309,83.91705611854938,90360,27.5305614332309
-26.233294,60,1461.330153,False,True,0.097652868523145,85.35198746459822,90420,97.652868523145
204.560688,60,1462.038212,False,True,0.0071320230901724,84.16487225107522,90480,7.1320230901724
-21.15415,60,1464.701634,False,True,0.0821503087385872,89.24009317255265,90540,82.1503087385872
48.890228,60,1465.093034,False,True,0.0387644689792112,85.20855909433709,90600,38.7644689792112
-29.579567,60,1465.122468,False,True,0.1062606351592579,84.85862347774629,90660,106.2606351592579
-12.072818,60,1465.822817,False,True,0.07453663410926,76.88317822825435,90720,74.53663410925999
-24.143602,60,1467.437171,False,True,0.0913922059747197,77.26221789074043,90780,91.3922059747197
-7.697876,60,1467.841648,False,True,0.0705934899184675,84.61066370571714,90840,70.59348991846751
-50.199157,60,1467.862009,False,True,0.1515333479772972,86.38774890883556,90900,151.5333479772972
99.988838,60,1468.570481,False,True,0.0176751238311305,88.45011263662367,90960,17.6751238311305
-34.893041,60,1471.095999,False,True,0.1220815651691868,89.43499407148148,91020,122.0815651691868
80.150442,60,1471.488937,False,True,0.0256663727054632,89.27628888226872,91080,25.6663727054632
12.262216,60,1471.515301,False,True,0.0582201232776493,81.96023647691638,91140,58.2201232776493
14.20721,60,1472.227308,False,True,0.0433984503975446,86.2380918061523,91200,43.3984503975446
-27.350703,60,1473.986588,False,True,0.1062063925005772,83.56555756327877,91260,106.2063925005772
-26.879299,60,1474.388563,False,True,0.104567951234256,81.26558820267513,91320,104.567951234256
110.963088,60,1474.408905,False,True,0.0256378476475047,89.73679302633676,91380,25.6378476475047
59.16849,60,1475.115372,False,True,0.0275989458905386,82.61863366768183,91440,27.5989458905386
55.798727,60,1478.023177,False,True,0.0418841579969351,89.09107582100343,91500,41.8841579969351
0.395572,60,1478.418087,False,True,0.060623810957975,86.60743560613767,91560,60.623810957974996
-10.839314,60,1478.446986,False,True,0.0689854650190208,83.10581220951238,91620,68.9854650190208
56.638203,60,1479.157512,False,True,0.0400429594369813,88.80733368474448,91680,40.0429594369813
43.671665,60,1481.01315,False,True,0.0321614035613161,88.86438889713371,91740,32.1614035613161
95.782896,60,1481.413121,False,True,0.02106058866644,88.70628599226409,91800,21.060588666439997
252.446595,60,1481.433457,False,True,0.0031592105021505,84.81242376598406,91860,3.1592105021505
77.510246,60,1482.141926,False,True,0.0300768442634765,84.75315782705971,91920,30.0768442634765
-27.992757,60,1484.28959,False,True,0.1208881197091891,80.10515273219333,91980,120.8881197091891
15.922163,60,1484.695113,False,True,0.055937134595582,82.9392640799818,92040,55.937134595582
-5.223273,60,1484.722996,False,True,0.0665025200532703,88.0322418850179,92100,66.5025200532703
-10.259896,60,1485.423419,False,True,0.0708222033538732,84.24126967371427,92160,70.82220335387319
-21.30544,60,1489.07227,False,True,0.0921367369224797,83.65851997886257,92220,92.1367369224797
112.41059,60,1489.465143,False,True,0.0175781496034633,87.3783945176057,92280,17.578149603463302
-0.623784,60,1489.501116,False,True,0.0649851372919165,82.55337296695475,92340,64.9851372919165
117.242324,60,1490.204576,False,True,0.0227098249282523,84.88605417261424,92400,22.709824928252303
-17.077825,60,1492.635946,False,True,0.0753213735013323,86.60004106047303,92460,75.3213735013323
130.224426,60,1493.0319,False,True,0.0100581742017263,74.79756127531543,92520,10.0581742017263
86.968042,60,1493.061785,False,True,0.035073699116484,84.13029466304708,92580,35.073699116484
203.58051,60,1493.771245,False,True,0.0138572616856787,89.29338610091584,92640,13.8572616856787
-24.999265,60,1497.042921,False,True,0.0903680870341393,85.41767363648748,92700,90.36808703413931
49.083119,60,1497.445415,False,True,0.0306985008738386,81.02900202017624,92760,30.698500873838597
0.927837,60,1497.472294,False,True,0.0602262420591679,88.3967110628513,92820,60.2262420591679
-29.096816,60,1498.179764,False,True,0.0977044522046122,79.7141156977734,92880,97.7044522046122
86.766654,60,1499.954243,False,True,0.0298601029719004,84.05362618440219,92940,29.8601029719004
196.680984,60,1500.356441,False,True,0.0177505822519087,86.64018117416674,93000,17.7505822519087
26.935215,60,1500.383326,False,True,0.0364236804025457,84.19748651477673,93060,36.4236804025457
-29.202062,60,1501.08556,False,True,0.0962990835262488,85.87840937209168,93120,96.29908352624881
29.154958,60,1503.960638,False,True,0.0387590808423249,89.07913829641073,93180,38.7590808423249
-17.29012,60,1504.359589,False,True,0.0817054106974494,86.12892773132569,93240,81.7054106974494
-12.668493,60,1504.38348,False,True,0.078141477611999,86.01895748330344,93300,78.141477611999
-10.597159,60,1505.088949,False,True,0.0715947222474486,81.33946269257076,93360,71.5947222474486
1.395585,60,1506.782144,False,True,0.0578267980552935,87.90111767543578,93420,57.826798055293494
37.033666,60,1507.181101,False,True,0.0437286230440304,89.25657844087435,93480,43.7286230440304
128.705573,60,1507.203578,False,True,0.0126241093328757,68.85226251582269,93540,12.624109332875701
10.626872,60,1507.91545,False,True,0.0643386954729077,88.78846703607458,93600,64.3386954729077
95.895747,60,1510.548321,False,True,0.0138832534062804,79.66165734629585,93660,13.8832534062804
40.944231,60,1510.94728,False,True,0.0341487798559136,76.72871584520415,93720,34.1487798559136
-12.88249,60,1510.967904,False,True,0.0792700772287067,74.94429341287078,93780,79.2700772287067
106.35811,60,1511.674371,False,True,0.0196448345715283,89.79067945443586,93840,19.6448345715283
3.906917,60,1513.378147,False,True,0.0470455873350632,87.56736899271665,93900,47.045587335063196
83.563302,60,1513.771099,False,True,0.0314009851370716,86.49244380657517,93960,31.400985137071604
-11.472589,60,1513.797988,False,True,0.0731615809156779,86.4164483080768,94020,73.1615809156779
100.635018,60,1514.509452,False,True,0.0279775817665707,83.43597507353618,94080,27.9775817665707
106.973992,60,1517.142213,False,True,0.0254893743549708,87.36940672721593,94140,25.489374354970803
51.284639,60,1517.543162,False,True,0.0354454015112515,82.73662492576489,94200,35.445401511251504
-10.36852,60,1517.570045,False,True,0.0698798039418823,57.733398708689485,94260,69.8798039418823
32.192459,60,1518.271981,False,True,0.0441457387598424,89.13440382331399,94320,44.1457387598424
20.562733,60,1520.535899,False,True,0.0433860114306424,75.51914605179336,94380,43.3860114306424
88.205646,60,1520.939367,False,True,0.0081748891066636,85.46248677568462,94440,8.1748891066636
5.454532,60,1520.96935,False,True,0.0534022308920852,87.96292890202308,94500,53.4022308920852
180.126565,60,1521.676811,False,True,0.0140553259977274,83.98270662104035,94560,14.0553259977274
-16.776586,60,1524.688559,False,True,0.0753538788114369,80.64263117187728,94620,75.3538788114369
110.488744,60,1525.092851,False,True,0.0187007299033981,87.85402718961774,94680,18.7007299033981
10.797097,60,1525.114398,False,True,0.0517908701870049,83.23214948712068,94740,51.7908701870049
7.345494,60,1525.826212,False,True,0.0585447075625685,89.72149397442742,94800,58.5447075625685
53.411754,60,1529.051589,False,True,0.0275617979526995,68.06568754745287,94860,27.5617979526995
43.836315,60,1529.454384,False,True,0.0311226419402218,89.61225176221666,94920,31.1226419402218
-34.337513,60,1529.480231,False,True,0.1287225417672303,89.39279286724634,94980,128.7225417672303
87.819956,60,1530.187698,False,True,0.02468669398299,85.24644963215879,95040,24.68669398299
4.63842,60,1533.185525,False,True,0.0622906678730499,70.52409422638964,95100,62.2906678730499
141.743313,60,1533.585764,False,True,0.0128550178312704,85.84179614238349,95160,12.8550178312704
50.641728,60,1533.619704,False,True,0.0403270120932923,71.69906342566937,95220,40.327012093292296
31.600533,60,1534.326171,False,True,0.0379491438602297,80.79225494654696,95280,37.9491438602297
158.322745,60,1536.389835,False,True,0.0091418217145538,87.92583830753505,95340,9.1418217145538
-34.03423,60,1536.785801,False,True,0.1112173211444346,80.95789894302607,95400,111.21732114443459
8.838531,60,1536.819225,False,True,0.0527530528813603,84.00808149958748,95460,52.7530528813603
210.233524,60,1537.525692,False,True,0.0082081800692504,74.61594418994062,95520,8.2081800692504
-5.339599,60,1540.536407,False,True,0.0714859872325576,84.11219949688683,95580,71.4859872325576
118.19404,60,1540.938087,False,True,0.0242233673503085,82.50945914249377,95640,24.2233673503085
99.616612,60,1540.963273,False,True,0.0182589321425572,76.6008812468022,95700,18.2589321425572
-26.903194,60,1541.674431,False,True,0.1080124424756642,86.64324166751977,95760,108.0124424756642
107.733115,60,1543.816187,False,True,0.0307522156943718,82.59722112722226,95820,30.7522156943718
153.073107,60,1544.213627,False,True,0.0180527905944603,89.91925437180785,95880,18.052790594460298
-20.69788,60,1544.24405,False,True,0.0799485190992778,80.63477436397697,95940,79.9485190992778
-12.384892,60,1544.950517,False,True,0.0717615967321279,84.19392159224866,96000,71.7615967321279
-24.656515,60,1547.050693,False,True,0.0925965621980873,80.43480045540281,96060,92.5965621980873
98.5928,60,1547.444098,False,True,0.0190744804897321,78.33547487884765,96120,19.0744804897321
57.276174,60,1547.475497,False,True,0.0336893992260546,72.17760395776295,96180,33.6893992260546
-24.817492,60,1548.177451,False,True,0.0940073344993956,81.15691330263554,96240,94.00733449939561
45.700759,60,1551.213409,False,True,0.0399479831632984,83.4962255133673,96300,39.9479831632984
28.875859,60,1551.611366,False,True,0.0494868003244466,83.17873074358779,96360,49.4868003244466
245.686206,60,1551.638261,False,True,0.0009045822173846,78.55172072466662,96420,0.9045822173846
-13.050357,60,1552.345715,False,True,0.0743133563577885,88.56615893834972,96480,74.3133563577885
15.368638,60,1554.499393,False,True,0.0462570337789075,63.11204866281392,96540,46.2570337789075
48.993272,60,1554.89735,False,True,0.03149552168723,81.47796336358005,96600,31.49552168723
139.532445,60,1554.92728,False,True,0.0147705871415359,80.14344816719135,96660,14.770587141535898
70.220701,60,1555.633747,False,True,0.031074406377572,84.4603513706357,96720,31.074406377572
12.397955,60,1558.626152,False,True,0.0471245378202596,70.39644578072287,96780,47.1245378202596
-1.041983,60,1559.025648,False,True,0.0576265718161359,70.76788570630808,96840,57.6265718161359
94.467756,60,1559.057074,False,True,0.0204937115455562,84.75600612535163,96900,20.4937115455562
-11.822842,60,1559.762536,False,True,0.0764417726638301,79.42507607169387,96960,76.4417726638301
158.591849,60,1561.909275,False,True,0.0132750376706132,82.29279638225344,97020,13.2750376706132
5.369612,60,1562.300608,False,True,0.0617617363926665,81.3017409843579,97080,61.7617363926665
-25.06255,60,1562.32849,False,True,0.101965091405452,82.20874289779391,97140,101.965091405452
-17.112533,60,1563.043555,False,True,0.0815972220130347,82.2249179585103,97200,81.5972220130347
243.938527,60,1566.023275,False,True,0.0072866314406136,87.90883644121394,97260,7.286631440613601
167.247512,60,1566.41719,False,True,0.0143643814798672,84.88833768997412,97320,14.3643814798672
201.527617,60,1566.448096,False,True,0.0062255664190507,88.56109752794971,97380,6.2255664190507
22.806309,60,1567.159583,False,True,0.0593724431607945,74.98921667899509,97440,59.3724431607945
152.259995,60,1569.256792,False,True,0.0031897963952132,89.48337751734239,97500,3.1897963952132
19.913801,60,1569.64616,False,True,0.0440881896104956,87.10678245118187,97560,44.0881896104956
1.385533,60,1569.674042,False,True,0.0599444868418934,88.60027903722795,97620,59.9444868418934
-21.640338,60,1570.390098,False,True,0.0862232757372398,88.72549654490534,97680,86.2232757372398
-26.913963,60,1573.363659,False,True,0.0971568320618869,82.29952325337271,97740,97.1568320618869
1.295508,60,1573.761616,False,True,0.0654380172916366,88.94484449596746,97800,65.4380172916366
13.877948,60,1573.792043,False,True,0.056757951507523,86.49736690152625,97860,56.757951507522996
247.308447,60,1574.492966,False,True,0.0071180988446053,88.47654957793527,97920,7.1180988446053
207.883736,60,1576.631717,False,True,0.0154372232800545,89.05989818269487,97980,15.4372232800545
73.381154,60,1577.03073,False,True,0.0321148724524502,84.18142367952407,98040,32.1148724524502
183.738487,60,1577.060607,False,True,0.0135282810649999,86.22716393410082,98100,13.528281064999899
-33.435267,60,1577.769067,False,True,0.1253677030823196,87.78457988501866,98160,125.3677030823196
278.971058,60,1580.768977,False,True,0.0036412820768901,83.83062692045225,98220,3.6412820768901004
32.447824,60,1581.172463,False,True,0.0462761501569554,86.71517636486554,98280,46.2761501569554
233.129803,60,1581.19935,False,True,0.0079944110086448,82.01963985273285,98340,7.9944110086448
106.74634,60,1581.909334,False,True,0.0186052940878365,87.12330345803322,98400,18.6052940878365
12.937115,60,1584.012657,False,True,0.0636554180760556,82.93542390200557,98460,63.6554180760556
48.734974,60,1584.40861,False,True,0.0317571353135632,82.83906831450768,98520,31.757135313563204
149.723437,60,1584.438497,False,True,0.0141616746050381,75.48221130017245,98580,14.161674605038101
17.461672,60,1585.147942,False,True,0.053726835776839,83.19206381619135,98640,53.726835776839
34.046213,60,1588.075535,False,True,0.0378036355616642,82.78079026295387,98700,37.8036355616642
36.252995,60,1588.470432,False,True,0.0477939374328887,77.64447199701684,98760,47.7939374328887
201.542955,60,1588.50338,False,True,0.0162418538748258,82.36846229893037,98820,16.2418538748258
5.468157,60,1589.209847,False,True,0.0549068120721375,86.779080508141,98880,54.9068120721375
-24.64719,60,1591.279411,False,True,0.0915445153252303,78.2994947475231,98940,91.5445153252303
269.329508,60,1591.675375,False,True,0.0044648044718619,82.13712768921413,99000,4.464804471861901
-15.155693,60,1591.702276,False,True,0.0766076979917366,89.534313813496,99060,76.6076979917366
-22.344833,60,1592.406729,False,True,0.0830074721451625,88.39228898342037,99120,83.00747214516251
106.58689,60,1595.439971,False,True,0.0249008209885436,88.67137225838577,99180,24.900820988543597
52.841881,60,1595.837303,False,True,0.0461037571430751,81.01038276729477,99240,46.1037571430751
162.163689,60,1595.871137,False,True,0.0174406035596969,84.61830343913896,99300,17.4406035596969
7.987787,60,1596.577604,False,True,0.0499668198008191,84.69995581742795,99360,49.9668198008191
86.971668,60,1598.713873,False,True,0.0276952465752976,82.13260442229617,99420,27.695246575297602
-15.665459,60,1599.114341,False,True,0.0838588857373491,73.9334121014751,99480,83.85888573734911
111.255394,60,1599.140772,False,True,0.0167152753443896,83.80520528195204,99540,16.7152753443896
231.809604,60,1599.84869,False,True,0.0053905998456141,88.71185409324667,99600,5.3905998456140996
-10.336791,60,1601.984221,False,True,0.0732955724723186,87.34545807118675,99660,73.29557247231861
-20.984341,60,1602.382178,False,True,0.087394079016518,80.68225017417397,99720,87.39407901651799
-11.924208,60,1602.41006,False,True,0.0730258538957931,77.52171532990354,99780,73.02585389579309
-7.744891,60,1603.116527,False,True,0.0670822590357883,85.91898488694507,99840,67.0822590357883
109.760196,60,1606.111429,False,True,0.0180955456481182,89.93107952479913,99900,18.0955456481182
245.526095,60,1606.512969,False,True,0.0035742411828632,81.9003905082825,99960,3.5742411828632
291.951256,60,1606.544132,False,True,0.0048580938205044,86.20421460166338,100020,4.8580938205044
5.98957,60,1607.253042,False,True,0.053758939007297,72.93059503919329,100080,53.758939007297
49.650948,60,1609.381461,False,True,0.0398343631543612,87.44492842605756,100140,39.8343631543612
-25.258779,60,1609.780414,False,True,0.0941555236001603,82.53905496785536,100200,94.15552360016031
103.748113,60,1609.815374,False,True,0.0109472377012465,87.06457454851126,100260,10.9472377012465
167.918587,60,1610.52084,False,True,0.0132249606154353,88.4069038884647,100320,13.2249606154353
242.48222,60,1613.56286,False,True,0.0105301499355431,88.86144848271542,100380,10.5301499355431
39.821966,60,1613.961809,False,True,0.0420102575047615,83.26708757889583,100440,42.0102575047615
167.597547,60,1613.989691,False,True,0.0104147881768604,87.68399783603154,100500,10.414788176860402
50.296008,60,1614.697157,False,True,0.0365559772301444,87.0886977189392,100560,36.5559772301444
18.344313,60,1616.78089,False,True,0.0475695856259252,82.83498081045119,100620,47.5695856259252
91.241495,60,1617.178847,False,True,0.0286046626259482,86.44343171412083,100680,28.604662625948198
36.9292,60,1617.20673,False,True,0.046063149801736,84.2477236119591,100740,46.063149801736
-22.174268,60,1617.915197,False,True,0.0834109877050976,88.14485775371982,100800,83.4109877050976
-31.699257,60,1621.024758,False,True,0.1093823451240987,85.46763093178699,100860,109.38234512409869
267.170277,60,1621.42526,False,True,0.0092865897376428,86.7186980603993,100920,9.286589737642801
-29.126471,60,1621.454197,False,True,0.0967574782140488,85.76243088261654,100980,96.7574782140488
193.370324,60,1622.160664,False,True,0.0117870243553299,87.50443101899745,101040,11.7870243553299
344.320632,60,1624.323435,False,True,0.000955553274231,87.96087786813881,101100,0.955553274231
217.913324,60,1624.721392,False,True,0.015098630520259,86.3502838704283,101160,15.098630520259
76.430495,60,1624.757543,False,True,0.0345056290268381,85.92033018344878,101220,34.5056290268381
42.168607,60,1625.46401,False,True,0.0440749769654592,85.59315125599642,101280,44.0749769654592
224.522084,60,1628.501371,False,True,0.0070841861296457,89.041839019755,101340,7.084186129645699
-4.140688,60,1628.904593,False,True,0.0635134933905204,79.23305741081775,101400,63.513493390520395
-33.689405,60,1628.926116,False,True,0.1043612655704789,85.49006723548555,101460,104.36126557047889
24.260708,60,1629.638942,False,True,0.0520401012152012,85.11775067754049,101520,52.040101215201204
81.760413,60,1631.70877,False,True,0.0289799752329913,79.78560354625361,101580,28.9799752329913
-22.069391,60,1632.108264,False,True,0.0906392206188761,87.5267512349599,101640,90.6392206188761
308.118744,60,1632.136147,False,True,0.0074719465851307,88.32541047613675,101700,7.4719465851307
204.35038,60,1632.840071,False,True,0.0159727455391093,81.80108725667941,101760,15.9727455391093
-30.090627,60,1635.759166,False,True,0.0942950947578257,86.53730858292352,101820,94.2950947578257
-13.875719,60,1636.156102,False,True,0.0746545141672181,85.8671723675233,101880,74.65451416721811
298.201138,60,1636.200663,False,True,0.0027792212862529,80.7538291975322,101940,2.7792212862528998
431.136625,60,1636.902533,False,True,0.0010418749698556,87.62765210408013,102000,1.0418749698556
-26.249596,60,1638.975084,False,True,0.0826077804935658,77.22834613823596,102060,82.6077804935658
-48.780809,60,1639.373041,False,True,0.134768201702367,83.42849992121327,102120,134.768201702367
201.498418,60,1639.405483,False,True,0.0202951213277658,87.05924428571565,102180,20.2951213277658
-31.90637,60,1640.110931,False,True,0.0953627524043747,74.45405379285202,102240,95.36275240437469
55.727819,60,1643.1246,False,True,0.0365103791520373,89.03984018519543,102300,36.5103791520373
17.74279,60,1643.52,False,True,0.060355836704236,82.8030285894913,102360,60.355836704236
-32.194402,60,1643.551434,False,True,0.0914411565525269,89.5899266615876,102420,91.44115655252689
141.262635,60,1644.257901,False,True,0.0202163333549243,89.76988995258797,102480,20.216333354924302
31.973486,60,1646.378522,False,True,0.0495573971132808,86.97116971162697,102540,49.5573971132808
55.054573,60,1646.771931,False,True,0.0450560245098538,88.4668534748118,102600,45.0560245098538
3.233696,60,1646.799813,False,True,0.065142785682154,88.48437763964458,102660,65.142785682154
174.038566,60,1647.511822,False,True,0.0201426850561885,89.85225274174688,102720,20.142685056188498
22.527079,60,1650.531983,False,True,0.0525020069792549,85.84080966600978,102780,52.5020069792549
195.412259,60,1650.928427,False,True,0.0172803847552901,79.80959913570462,102840,17.2803847552901
215.374309,60,1650.96557,False,True,0.0147076841093952,89.88216927086793,102900,14.707684109395199
72.560937,60,1651.671023,False,True,0.0359488305937658,86.04618789135255,102960,35.9488305937658
99.840433,60,1653.815412,False,True,0.0360672401234163,88.90607756356084,103020,36.0672401234163
-2.614784,60,1654.215582,False,True,0.0666763783178382,86.7536973069452,103080,66.6763783178382
327.703136,60,1654.244523,False,True,0.002182605228647,79.96772251173111,103140,2.182605228647
70.531643,60,1654.95099,False,True,0.0410753368648829,87.31190862559991,103200,41.0753368648829
219.591042,60,1657.897584,False,True,0.0165203394123333,87.26400309985196,103260,16.5203394123333
192.596291,60,1658.295541,False,True,0.0202815964237886,88.7047128556366,103320,20.2815964237886
-29.076211,60,1658.319855,False,True,0.089173639922391,89.9166620067915,103380,89.17363992239099
-30.740117,60,1659.02989,False,True,0.0993956189054878,89.80310896500812,103440,99.3956189054878
-32.544208,60,1661.162969,False,True,0.1059608374666582,83.98563730779688,103500,105.9608374666582
375.058446,60,1661.560926,False,True,0.0039450935129934,88.81942402888902,103560,3.9450935129933997
-5.469294,60,1661.588808,False,True,0.0644618777520922,85.0885713793199,103620,64.46187775209219
-32.339669,60,1662.295275,False,True,0.092721536781811,81.91465248383223,103680,92.721536781811
24.79466,60,1664.411283,False,True,0.0544404352056942,86.96580362494598,103740,54.4404352056942
245.784813,60,1664.809239,False,True,0.0131541499133121,81.57337868051937,103800,13.1541499133121
1.274191,60,1664.839201,False,True,0.0617918544787396,77.01532519920295,103860,61.791854478739594
-40.850855,60,1665.545668,False,True,0.1150916030395359,80.57262210263255,103920,115.0916030395359
193.714273,60,1668.51666,False,True,0.0177819066701957,88.8139986218518,103980,17.781906670195703
130.987842,60,1668.914617,False,True,0.0319028004671514,86.84333576864607,104040,31.9028004671514
288.990487,60,1668.947662,False,True,0.0071250141929119,86.23750140744912,104100,7.1250141929119
-31.18842,60,1669.656116,False,True,0.0940840999312748,78.9381220093929,104160,94.08409993127479
31.155445,60,1671.795459,False,True,0.0497154084343921,80.70289313396361,104220,49.7154084343921
-16.990278,60,1672.19493,False,True,0.0772020087662404,87.35128077185222,104280,77.2020087662404
134.099039,60,1672.222298,False,True,0.028326544945775,89.60194409068832,104340,28.326544945774998
344.423647,60,1672.927765,False,True,0.003892766661637,84.8807282218535,104400,3.8927666616370002
183.048291,60,1675.828968,False,True,0.0194560775121531,89.04172862194002,104460,19.4560775121531
-23.270641,60,1676.229926,False,True,0.0837053392489368,77.75760730186079,104520,83.70533924893681
297.539613,60,1676.262803,False,True,0.005156661780184,78.87161877829283,104580,5.156661780184
24.868972,60,1676.966277,False,True,0.050403623568852,87.02377493258159,104640,50.403623568852005
-23.057573,60,1679.148341,False,True,0.0833465448277259,85.1557494242163,104700,83.3465448277259
-7.751819,60,1679.550294,False,True,0.0676539615020212,74.89763707073855,104760,67.6539615020212
-16.851458,60,1679.579175,False,True,0.0751994250706334,88.55344550516095,104820,75.1994250706334
-9.494574,60,1680.282649,False,True,0.0720945874592111,88.62799417013724,104880,72.0945874592111
14.258979,60,1683.260334,False,True,0.0570152712440352,87.70391184586563,104940,57.0152712440352
37.252914,60,1683.660281,False,True,0.049112060706451,87.0420203019111,105000,49.112060706451004
162.773941,60,1683.686173,False,True,0.0216497341712898,87.39588064717691,105060,21.649734171289797
25.66595,60,1684.39463,False,True,0.0412057226161902,79.00321624311455,105120,41.2057226161902
52.148421,60,1686.484604,False,True,0.0409763675716973,84.04143605911996,105180,40.9763675716973
294.098081,60,1686.882561,False,True,0.0099233742373909,77.91833261232664,105240,9.9233742373909
-1.691176,60,1686.909443,False,True,0.0597592596959181,72.60185962386522,105300,59.759259695918104
-37.352387,60,1687.61591,False,True,0.1138245676803391,84.8802675425025,105360,113.8245676803391
-40.243357,60,1690.549193,False,True,0.1111142591618799,84.0445818074665,105420,111.1142591618799
94.576884,60,1690.94616,False,True,0.0210163702911217,75.92406078583348,105480,21.0163702911217
-33.002003,60,1690.976036,False,True,0.1050818995794391,70.03345283588163,105540,105.0818995794391
192.587466,60,1691.686077,False,True,0.015240195280508,88.78623303387683,105600,15.240195280508
-32.950081,60,1693.792634,False,True,0.1106464858443316,71.7804566889633,105660,110.6464858443316
-45.020477,60,1694.192652,False,True,0.147769918009485,69.19950013146467,105720,147.769918009485
-34.714675,60,1694.223082,False,True,0.1144098288106125,87.98235581922366,105780,114.4098288106125
78.971612,60,1694.929549,False,True,0.028696438162391,89.74215485415881,105840,28.696438162391
105.255353,60,1697.856403,False,True,0.030437647788905,85.85785174105536,105900,30.437647788905
164.122631,60,1698.25436,False,True,0.0287459499127671,76.56487626234544,105960,28.745949912767102
117.909377,60,1698.278251,False,True,0.0231123007454557,85.00584081276057,106020,23.1123007454557
2.786934,60,1698.986711,False,True,0.0652746207440519,85.07476035944273,106080,65.2746207440519
-33.092728,60,1701.109672,False,True,0.0878289719767842,74.86015640972501,106140,87.8289719767842
147.778369,60,1701.50863,False,True,0.0128562520449315,88.82836152416495,106200,12.8562520449315
167.757675,60,1701.537513,False,True,0.021579305313632,86.7125966294738,106260,21.579305313632
181.124816,60,1702.240983,False,True,0.0231057819571738,85.44540336689445,106320,23.1057819571738
95.305691,60,1705.264881,False,True,0.0307412201687777,86.09998091032952,106380,30.7412201687777
148.227303,60,1705.661842,False,True,0.0176079653523879,84.5913423363532,106440,17.6079653523879
-29.30946,60,1705.696461,False,True,0.0897760715544815,88.362220093108,106500,89.7760715544815
-32.282629,60,1706.397187,False,True,0.092640914487686,85.29553756769769,106560,92.64091448768599
103.556255,60,1708.505699,False,True,0.0283091874526949,83.38722658534098,106620,28.3091874526949
229.355137,60,1708.909651,False,True,0.0162516603915341,89.63609245467022,106680,16.251660391534102
-34.589185,60,1708.934543,False,True,0.1026120227231258,73.98732701913289,106740,102.6120227231258
-1.616639,60,1709.644998,False,True,0.0648737283783414,89.85119079523115,106800,64.87372837834141
40.167198,60,1712.697139,False,True,0.0481876238336297,87.79876584793838,106860,48.1876238336297
29.115649,60,1713.098097,False,True,0.0487792110409785,86.45499072653917,106920,48.7792110409785
100.349418,60,1713.129973,False,True,0.0285570189877996,84.99231144638073,106980,28.557018987799598
-8.67126,60,1713.835445,False,True,0.0744522878856458,76.58367974702026,107040,74.4522878856458
-19.453097,60,1716.000344,False,True,0.0763452261865005,86.98760907876883,107100,76.3452261865005
-43.050453,60,1716.397302,False,True,0.1210995206420326,88.86939373837657,107160,121.0995206420326
174.184824,60,1716.423183,False,True,0.0124516521776592,88.59006055211091,107220,12.4516521776592
-20.768042,60,1717.135166,False,True,0.083627339896649,81.09182804571795,107280,83.627339896649
185.518227,60,1719.22199,False,True,0.0174152474860861,87.36156205226912,107340,17.415247486086102
45.254183,60,1719.621946,False,True,0.0500561013530687,83.22098436619416,107400,50.0561013530687
0.716802,60,1719.65083,False,True,0.0648534881139629,80.74055097470651,107460,64.8534881139629
20.986122,60,1720.360284,False,True,0.0478095864013414,79.75951785184411,107520,47.8095864013414
185.335355,60,1723.281108,False,True,0.013613004772428,87.25667072129461,107580,13.613004772427999
228.683675,60,1723.681608,False,True,0.0090299525600042,89.46858032634283,107640,9.0299525600042
-13.386951,60,1723.70949,False,True,0.0718346008869652,89.03259750056982,107700,71.83460088696519
39.196311,60,1724.415957,False,True,0.0480631984729919,85.25921644757662,107760,48.0631984729919
16.93138,60,1726.723514,False,True,0.0569774308745025,88.58801366471191,107820,56.9774308745025
-34.363008,60,1727.121471,False,True,0.0996891298379474,87.020464317543,107880,99.68912983794739
169.562586,60,1727.148356,False,True,0.0211341475516451,83.73456206859136,107940,21.1341475516451
158.414625,60,1727.854823,False,True,0.0204889180346581,89.90466882788795,108000,20.488918034658102
-40.637833,60,1730.950916,False,True,0.1403950953674964,79.10459777041194,108060,140.3950953674964
117.043094,60,1731.346855,False,True,0.018335345228041,83.75177406108695,108120,18.335345228041
6.193737,60,1731.371862,False,True,0.0604049566287626,83.44339298335775,108180,60.4049566287626
34.867719,60,1732.079686,False,True,0.0402157181278211,81.34703094747152,108240,40.2157181278211
332.539157,60,1733.889315,False,True,0.0001498196798411,83.70210008914816,108300,0.1498196798411
263.356136,60,1734.284741,False,True,0.0094422973853721,87.45582466772231,108360,9.442297385372099
354.023776,60,1734.308636,False,True,0.0028913949049856,88.982303309169,108420,2.8913949049856003
307.88186,60,1735.016096,False,True,0.0016285159266776,87.4490688771469,108480,1.6285159266776
-20.602429,60,1738.206587,False,True,0.0800368809408427,86.53165304761092,108540,80.0368809408427
74.287638,60,1738.607528,False,True,0.0313771850463761,74.70399320016828,108600,31.3771850463761
-15.121668,60,1738.62972,False,True,0.0774939512725689,86.26254483732018,108660,77.4939512725689
-6.98925,60,1739.342878,False,True,0.0651238326619595,85.2310360817661,108720,65.1238326619595
189.550624,60,1745.461,False,True,0.0074943666598631,82.14984241545758,108780,7.4943666598631
39.723214,60,1745.848574,False,True,0.0476534811278801,82.55996518062285,108840,47.6534811278801
-29.806706,60,1745.885841,False,True,0.0955861924480187,88.8158530611929,108900,95.5861924480187
200.290678,60,1746.581923,False,True,0.0042739508539691,89.1611456232088,108960,4.2739508539691
104.878923,60,1751.428406,False,True,0.0414695672774667,83.64131329651158,109020,41.4695672774667
191.424608,60,1751.827368,False,True,0.0044761821804196,86.91838895501499,109080,4.4761821804196
2.448303,60,1751.85626,False,True,0.05908240602066,84.01826137688282,109140,59.082406020659995
13.935083,60,1752.560713,False,True,0.0508028917779962,87.79149864838394,109200,50.8028917779962
34.665136,60,1755.213182,False,True,0.044094526168183,89.50864471833043,109260,44.094526168182995
-30.806673,60,1755.609145,False,True,0.1081266277095166,76.52690016584255,109320,108.1266277095166
-34.411086,60,1755.638023,False,True,0.1003488255932973,86.82359168577234,109380,100.3488255932973
38.93048,60,1756.346487,False,True,0.0463848122026204,88.36539830095906,109440,46.384812202620395
4.685876,60,1760.52385,False,True,0.0545713673775791,83.09393476074497,109500,54.5713673775791
3.294387,60,1760.924069,False,True,0.0563839350462545,89.04862285662426,109560,56.3839350462545
-34.675851,60,1760.950728,False,True,0.1347128732068353,88.68093583646774,109620,134.7128732068353
-36.661158,60,1761.656156,False,True,0.1245217857542537,88.56579129559869,109680,124.5217857542537
125.718899,60,1764.249812,False,True,0.0071083903888673,87.65659364586725,109740,7.1083903888673
16.096418,60,1764.647769,False,True,0.053594985784866,89.87630635880419,109800,53.594985784866005
36.835987,60,1764.67625,False,True,0.0452714862873455,85.97192343206427,109860,45.2714862873455
-17.485133,60,1765.385628,False,True,0.0835806044018001,79.5814130764041,109920,83.5806044018001
0.703853,60,1768.537851,False,True,0.0559857605357757,79.70878867199929,109980,55.9857605357757
-17.878945,60,1768.933777,False,True,0.0755267106275522,82.29745367146491,110040,75.5267106275522
6.105412,60,1768.964772,False,True,0.0554029457425418,78.74304656670681,110100,55.4029457425418
50.817538,60,1769.668126,False,True,0.0330283791810284,84.46115704521542,110160,33.0283791810284
-8.547031,60,1772.240108,False,True,0.0697627952358971,87.82923092574269,110220,69.7627952358971
4.857893,60,1772.638065,False,True,0.054874490669782,89.57454985117897,110280,54.874490669782
-12.600639,60,1772.659905,False,True,0.0728464256352147,84.99675976236571,110340,72.8464256352147
-19.862004,60,1773.370393,False,True,0.084580037195878,69.3660120060866,110400,84.580037195878
-19.375676,60,1777.187892,False,True,0.0731524498333057,87.59190352376453,110460,73.1524498333057
90.307489,60,1777.58485,False,True,0.0224559047540027,83.17512432281362,110520,22.4559047540027
151.347303,60,1777.613731,False,True,0.0187727513696325,82.45416543600656,110580,18.7727513696325
8.2803,60,1778.322186,False,True,0.0494388352895441,85.54918936366795,110640,49.438835289544095
12.417865,60,1780.834158,False,True,0.0422669122345427,82.6252072657666,110700,42.2669122345427
47.17287,60,1781.232115,False,True,0.0230470865734946,78.22813489599044,110760,23.0470865734946
63.270357,60,1781.257988,False,True,0.0263936343324551,83.08429358611455,110820,26.3936343324551
-22.10521,60,1781.967464,False,True,0.0796618478491157,89.98615995860945,110880,79.6618478491157
8.264618,60,1785.315095,False,True,0.0452286743023565,78.45053941309718,110940,45.228674302356495
82.140638,60,1785.709146,False,True,0.0118929172283817,86.15208432506122,111000,11.8929172283817
-30.475798,60,1785.739424,False,True,0.1211461557169096,85.81838623507447,111060,121.1461557169096
-9.571203,60,1786.447402,False,True,0.0667345926431789,89.28435221071558,111120,66.7345926431789
0.038824,60,1788.77861,False,True,0.0576264347599035,88.25586190242167,111180,57.626434759903496
24.680553,60,1789.185133,False,True,0.0315417624581896,79.88438197100494,111240,31.5417624581896
-15.0668,60,1789.209778,False,True,0.0793839007052835,76.80947069150842,111300,79.38390070528351
198.31838,60,1789.911925,False,True,5.586641782266005e-05,89.47459057123217,111360,0.05586641782266005
-11.174115,60,1792.228848,False,True,0.0766371946477326,79.0578889315037,111420,76.6371946477326
148.6028,60,1792.626805,False,True,0.0026057037939388,79.88630014442298,111480,2.6057037939388
29.827354,60,1792.654687,False,True,0.04488370348336,88.8805298677024,111540,44.88370348336
131.228546,60,1793.367209,False,True,0.005382197036499,86.80253949575663,111600,5.382197036499
93.189313,60,1796.589275,False,True,0.0268365710159709,89.81266348504654,111660,26.8365710159709
134.352657,60,1796.988515,False,True,0.004810851809743,83.79587770181678,111720,4.810851809742999
127.741404,60,1797.015114,False,True,0.0096467747507,88.3355142783528,111780,9.6467747507
22.589794,60,1797.722864,False,True,0.050061707756687,68.7253933794632,111840,50.061707756687
58.432529,60,1800.048996,False,True,0.0319226702975782,88.79951598544261,111900,31.922670297578197
-5.694085,60,1800.441926,False,True,0.0649530525258812,85.16894613026052,111960,64.95305252588119
60.387594,60,1800.469809,False,True,0.0206875665727526,87.66944035631809,112020,20.6875665727526
25.272732,60,1801.178298,False,True,0.0441009969541787,87.83123953265688,112080,44.1009969541787
123.932202,60,1804.969419,False,True,0.0129376021837663,83.25166927699723,112140,12.9376021837663
17.341546,60,1805.362342,False,True,0.03537255813584,88.80687292145599,112200,35.372558135839995
209.576616,60,1805.396806,False,True,0.0041613546979648,85.97465192407272,112260,4.1613546979648
24.504258,60,1806.096691,False,True,0.0460330100410521,65.22062775983952,112320,46.0330100410521
12.362312,60,1808.440481,False,True,0.0569373647500931,86.97692323741238,112380,56.9373647500931
216.189178,60,1808.838438,False,True,0.0062413518336095,80.6288723126539,112440,6.2413518336095
102.835703,60,1808.86632,False,True,0.0043078831719747,75.7767090243138,112500,4.307883171974701
-14.40338,60,1809.573782,False,True,0.0787592131735627,78.696995481529,112560,78.7592131735627
75.762158,60,1812.868226,False,True,0.0317532007188582,88.71194841086142,112620,31.753200718858196
-22.361865,60,1813.268175,False,True,0.0914129716737866,67.88524544521344,112680,91.4129716737866
-13.991945,60,1813.297499,False,True,0.078113559273387,84.76079751418328,112740,78.11355927338701
-14.437009,60,1814.007532,False,True,0.0774053675839814,85.34658596018767,112800,77.40536758398139
191.536415,60,1816.408353,False,True,0.0030346100252574,89.6726043104971,112860,3.0346100252574
59.100606,60,1816.802796,False,True,0.0219778694667919,75.25689047531183,112920,21.9778694667919
-27.88015,60,1816.830678,False,True,0.1197962199103299,89.56972931126911,112980,119.79621991032991
45.800841,60,1817.539139,False,True,0.0278410706303094,88.41130091522098,113040,27.8410706303094
-23.346118,60,1820.868437,False,True,0.103515201910851,79.51855198162231,113100,103.515201910851
-20.020831,60,1821.260628,False,True,0.1041600452590906,73.75201321073935,113160,104.16004525909061
30.270764,60,1821.294791,False,True,0.0345386839623705,84.99372848209052,113220,34.538683962370506
150.436229,60,1822.001258,False,True,0.0208043603087091,76.4282747253824,113280,20.8043603087091
-27.332736,60,1824.430322,False,True,0.148436193052607,80.84233269250825,113340,148.436193052607
-0.498578,60,1824.827273,False,True,0.060317841623919,87.68264885701271,113400,60.317841623918994
73.594676,60,1824.849947,False,True,0.0271937749210013,63.88703501001566,113460,27.1937749210013
162.236026,60,1825.556414,False,True,0.0010631265052188,85.37517388355045,113520,1.0631265052188
36.171263,60,1828.742416,False,True,0.0363687612651566,79.60905654656005,113580,36.3687612651566
-13.613623,60,1829.13937,False,True,0.0827865877931028,75.94499507558974,113640,82.7865877931028
-5.388088,60,1829.171229,False,True,0.0711132989509675,82.67065540903204,113700,71.1132989509675
-17.332194,60,1829.876241,False,True,0.084147283465049,81.96257148546408,113760,84.147283465049
13.966353,60,1832.223159,False,True,0.0446903730747648,82.42180727552274,113820,44.6903730747648
155.627926,60,1832.62311,False,True,0.0045822413988685,78.57266746858186,113880,4.5822413988685
157.739573,60,1832.650992,False,True,0.0128386850516004,83.68434465191628,113940,12.8386850516004
29.230335,60,1833.357459,False,True,0.0449689437704055,73.44890933850539,114000,44.9689437704055
138.780899,60,1836.607034,False,True,0.0182412294552145,87.87888518425055,114060,18.241229455214498
209.946262,60,1837.010069,False,True,0.0027604948472371,82.4566329603194,114120,2.7604948472371
105.575222,60,1837.032873,False,True,0.0219253886008136,83.17824371248001,114180,21.9253886008136
157.487641,60,1837.741879,False,True,0.0065146402156729,75.39413541603956,114240,6.5146402156729
54.452225,60,1839.983508,False,True,0.0303423694508409,83.04883101421647,114300,30.3423694508409
111.464792,60,1840.383435,False,True,0.0207475437720492,85.95802548366257,114360,20.747543772049198
224.830218,60,1840.412836,False,True,0.0067977439446308,87.63719961152994,114420,6.7977439446308
6.477195,60,1841.116779,False,True,0.0563078739368158,86.07196459882896,114480,56.3078739368158
-8.158927,60,1844.350463,False,True,0.0650345075247647,86.46062085260748,114540,65.03450752476469
-17.042973,60,1844.747417,False,True,0.0755836035233511,89.40348999338437,114600,75.5836035233511
223.936683,60,1844.779294,False,True,0.0067379659441468,85.3866531938875,114660,6.7379659441468
-20.133594,60,1845.483764,False,True,0.0874667481877266,89.813823884107,114720,87.4667481877266
-24.327487,60,1847.828497,False,True,0.0875044681521692,88.74550939914818,114780,87.5044681521692
9.450526,60,1848.229981,False,True,0.0603656840080328,79.70680189880345,114840,60.3656840080328
192.557634,60,1848.26086,False,True,0.007283090241972,72.86285496971281,114900,7.283090241971999
179.551237,60,1848.96433,False,True,0.0038957214283975,87.04136406362184,114960,3.8957214283975
-4.668219,60,1851.180493,False,True,0.068124211159527,80.62701147588837,115020,68.12421115952701
190.565094,60,1851.583467,False,True,0.0173545568480903,89.3611767939877,115080,17.3545568480903
-33.928031,60,1851.609356,False,True,0.1120940145190056,77.50463689091532,115140,112.0940145190056
174.782853,60,1852.313795,False,True,0.0076029120325245,75.866961461188,115200,7.6029120325245
223.995017,60,1855.437247,False,True,0.0009493756715008,85.73227903980792,115260,0.9493756715007999
-26.865366,60,1855.837266,False,True,0.0888193265420654,80.65767497616127,115320,88.8193265420654
-13.322144,60,1855.869697,False,True,0.0775400508573584,87.13848280617727,115380,77.54005085735841
64.565267,60,1856.577202,False,True,0.0333501307711436,89.92151239220628,115440,33.3501307711436
-18.022127,60,1858.847526,False,True,0.0791811353426126,85.51984650141739,115500,79.1811353426126
129.876896,60,1859.243495,False,True,0.0155522890114523,82.42970090226478,115560,15.552289011452299
255.622833,60,1859.271377,False,True,0.0071911756161749,84.01406738258775,115620,7.191175616174901
4.88208,60,1859.978835,False,True,0.0598776804659953,88.7490553804762,115680,59.8776804659953
-3.059731,60,1863.306393,False,True,0.0657416486277069,87.99266105808853,115740,65.7416486277069
182.475173,60,1863.70435,False,True,0.0162330708227026,86.13168886422561,115800,16.2330708227026
-19.945082,60,1863.731238,False,True,0.0815176168319624,76.07465304104078,115860,81.5176168319624
104.274076,60,1864.437705,False,True,0.0246496779537466,86.47752839893658,115920,24.6496779537466
-31.120693,60,1866.878653,False,True,0.1437886950629907,77.78948582167553,115980,143.78869506299068
-41.052839,60,1867.277626,False,True,0.1278511183510735,83.25145961089507,116040,127.8511183510735
-2.614733,60,1867.304492,False,True,0.0636461139135449,85.10438461222762,116100,63.646113913544895
-35.70576,60,1868.012975,False,True,0.1283224198011315,85.18648074597024,116160,128.32241980113147
213.92477,60,1872.003813,False,True,0.0086239896928853,74.2242488407771,116220,8.6239896928853
121.270049,60,1872.397228,False,True,0.020958758170234,87.14422027317958,116280,20.958758170234002
-22.719973,60,1872.42511,False,True,0.0853754103439881,81.428113949827,116340,85.37541034398811
262.781972,60,1873.136119,False,True,0.0079771083419676,78.18079015630838,116400,7.9771083419676
145.573575,60,1875.566966,False,True,0.0184539736605558,78.74425857312029,116460,18.4539736605558
-15.154488,60,1875.968953,False,True,0.0761748481658168,80.69064038598205,116520,76.1748481658168
-27.098936,60,1875.995322,False,True,0.099795761522997,76.93113240328343,116580,99.795761522997
-17.5522,60,1876.703302,False,True,0.077966124505366,89.37371505033808,116640,77.966124505366
12.343388,60,1880.733535,False,True,0.0552022982061972,87.79554771210888,116700,55.2022982061972
85.713251,60,1881.124376,False,True,0.0245060636278137,89.67846138447528,116760,24.5060636278137
331.769473,60,1881.155258,False,True,0.0029876586070316,88.77570539305151,116820,2.9876586070316002
70.615056,60,1881.857727,False,True,0.0273901889248998,83.52348510588445,116880,27.3901889248998
34.17476,60,1883.718787,False,True,0.0449079495668158,77.65595253870943,116940,44.9079495668158
-18.725748,60,1884.111182,False,True,0.0636358592316238,84.15468076309661,117000,63.635859231623805
69.854365,60,1884.142621,False,True,0.0336273711417764,87.77352392218532,117060,33.6273711417764
104.769693,60,1884.853642,False,True,0.0238526103115406,85.83029212238799,117120,23.852610311540598
198.084371,60,1887.385798,False,True,0.0137151654304856,87.0954865058971,117180,13.7151654304856
-29.94479,60,1887.783754,False,True,0.0973685433709367,82.59180488338824,117240,97.3685433709367
-27.912927,60,1887.811637,False,True,0.0952484166547189,80.29227333075882,117300,95.24841665471891
29.540789,60,1888.519104,False,True,0.0381252065320428,85.18270500691263,117360,38.1252065320428
138.350335,60,1890.223607,False,True,0.0034688832789917,89.39085489980938,117420,3.4688832789917
198.853436,60,1890.618566,False,True,0.0135183681583436,88.49566350385356,117480,13.5183681583436
-26.95277,60,1890.646449,False,True,0.1097650619453937,88.92097073200077,117540,109.76506194539371
22.565903,60,1891.352916,False,True,0.0510268485548752,82.18501189572623,117600,51.0268485548752
-26.820992,60,1893.897385,False,True,0.0948279070799891,89.73302361417282,117660,94.8279070799891
113.192382,60,1894.305056,False,True,0.0242418873219299,86.52357194968931,117720,24.241887321929898
-44.117929,60,1894.331403,False,True,0.1478072442616516,89.4031220371908,117780,147.8072442616516
86.808834,60,1895.035865,False,True,0.0224422550625199,89.89313503464255,117840,22.4422550625199
86.975239,60,1896.868308,False,True,0.0095111712281669,88.9978546617752,117900,9.511171228166901
243.393884,60,1897.264711,False,True,0.0132192996108816,89.62454139937998,117960,13.2192996108816
74.899271,60,1897.293111,False,True,0.0325607524183683,86.37284682391955,118020,32.560752418368295
-15.709284,60,1898.003601,False,True,0.0802273405824459,89.2279671564867,118080,80.2273405824459
-11.855826,60,1900.536903,False,True,0.0710995176666199,82.75446072299405,118140,71.0995176666199
286.271625,60,1900.933852,False,True,0.004024230370595,89.16506203714285,118200,4.024230370595
111.720497,60,1900.963738,False,True,0.0220365767837153,89.976131131143,118260,22.0365767837153
194.99531,60,1901.672187,False,True,0.0033848130607287,87.33731458456548,118320,3.3848130607286997
-17.078648,60,1903.357869,False,True,0.0661618136076022,88.78483069673098,118380,66.1618136076022
173.592683,60,1903.750838,False,True,0.0068262355654455,87.36215345388759,118440,6.826235565445501
233.012977,60,1903.787749,False,True,0.0194381996127069,86.10881531291894,118500,19.4381996127069
63.548199,60,1904.49122,False,True,0.0235076335030811,85.56807779424585,118560,23.507633503081102
7.957115,60,1907.306969,False,True,0.054228858843111,83.71111362762394,118620,54.228858843111006
161.608595,60,1907.704926,False,True,0.010014553425425,83.25601391507553,118680,10.014553425425
-16.332067,60,1907.732809,False,True,0.0723871039490586,88.56586749092591,118740,72.3871039490586
52.404178,60,1908.439276,False,True,0.0366900966617635,84.37613482560535,118800,36.6900966617635
-16.561063,60,1910.328763,False,True,0.0713566581065485,86.28145905807746,118860,71.3566581065485
-21.478482,60,1910.723572,False,True,0.0916943956605251,87.71596349112723,118920,91.6943956605251
39.623795,60,1910.755674,False,True,0.0474649824976727,85.66902718106344,118980,47.4649824976727
43.730821,60,1911.457921,False,True,0.0256561493289027,80.95426211985468,119040,25.6561493289027
19.07316,60,1913.207262,False,True,0.047163713520097,87.85269332938074,119100,47.163713520097005
196.250127,60,1913.596646,False,True,0.0352775702468809,88.68781840785132,119160,35.2775702468809
22.940958,60,1913.618529,False,True,0.0436723897870858,89.95856510480517,119220,43.6723897870858
297.300931,60,1914.328992,False,True,0.0044269679513278,88.51949406839569,119280,4.4269679513278
1.644682,60,1916.989591,False,True,0.054881351679468,88.08356193290766,119340,54.881351679468
87.62785,60,1917.393029,False,True,0.0248424943622652,87.25097338078827,119400,24.8424943622652
18.077722,60,1917.418901,False,True,0.0374925245008701,79.40519144827832,119460,37.492524500870104
3.557221,60,1918.120888,False,True,0.0549743593003978,88.68680744182508,119520,54.9743593003978
226.873394,60,1919.853482,False,True,0.0041829294780761,89.97924916212585,119580,4.182929478076099
6.868376,60,1920.254441,False,True,0.0606626033286894,85.05964853672981,119640,60.6626033286894
39.248948,60,1920.281324,False,True,0.0514363789813065,86.74134143962674,119700,51.4363789813065
-33.174381,60,1920.990784,False,True,0.116971145833864,81.94430915946033,119760,116.971145833864
-21.692505,60,1923.990792,False,True,0.0875887415156525,81.89478175954126,119820,87.5887415156525
7.685936,60,1924.385698,False,True,0.0554640225098804,83.37612065479479,119880,55.464022509880394
76.826689,60,1924.417624,False,True,0.021639031172586,89.97695085496011,119940,21.639031172586
159.269346,60,1925.128995,False,True,0.0030119768459168,89.6305229302392,120000,3.0119768459168
158.789698,60,1927.500461,False,True,0.0100132269760068,83.67849332645993,120060,10.0132269760068
181.657839,60,1927.89641,False,True,0.0117779170322423,86.58256785412581,120120,11.7779170322423
10.731583,60,1927.930302,False,True,0.0564670473459966,88.1761008455681,120180,56.4670473459966
147.031759,60,1928.63777,False,True,0.0252498241844499,83.91433704347637,120240,25.2498241844499
49.759978,60,1931.463017,False,True,0.0368790910941699,87.67012464886359,120300,36.879091094169894
34.609539,60,1931.863965,False,True,0.0342442595954028,84.2954949196031,120360,34.2442595954028
105.272056,60,1931.884307,False,True,0.0046448128646539,83.07864013100892,120420,4.6448128646538995
-24.097473,60,1932.592293,False,True,0.0852504380583242,87.85701096045882,120480,85.2504380583242
83.00252,60,1934.353173,False,True,0.0284679586564428,82.90373229171767,120540,28.4679586564428
40.194129,60,1934.750122,False,True,0.0354835403548004,81.90274871937137,120600,35.4835403548004
-17.842189,60,1934.777006,False,True,0.0750790517891229,89.48787980429472,120660,75.0790517891229
-21.215279,60,1935.484471,False,True,0.0882455346333033,88.34189379404742,120720,88.2455346333033
209.573489,60,1938.583592,False,True,0.0089975690678564,81.54152802936723,120780,8.9975690678564
165.260011,60,1938.974963,False,True,0.0110078357053546,87.40750905019327,120840,11.0078357053546
-15.75662,60,1939.008445,False,True,0.0723222940901464,83.77163558987988,120900,72.3222940901464
232.461467,60,1939.706317,False,True,0.0065750878954306,89.11817690516669,120960,6.5750878954306
12.930215,60,1942.564724,False,True,0.0515689271345195,84.01595222511365,121020,51.5689271345195
3.106645,60,1942.958102,False,True,0.0535578773206514,83.35820919147994,121080,53.5578773206514
43.843098,60,1942.994092,False,True,0.0215954703217925,84.24162235690926,121140,21.5954703217925
167.324615,60,1943.69903,False,True,0.0085403879738456,86.82965683661872,121200,8.540387973845599
15.74359,60,1948.585949,False,True,0.054669075212901,87.38846289712973,121260,54.669075212901
58.909638,60,1948.987904,False,True,0.0327626515795462,86.81599501687231,121320,32.7626515795462
211.665623,60,1949.013788,False,True,0.0071096979146604,84.45794646182694,121380,7.1096979146604005
250.583524,60,1949.716256,False,True,0.0085547016934986,86.24341191755326,121440,8.5547016934986
110.280425,60,1952.403808,False,True,0.0215931791848045,89.48816253945165,121500,21.593179184804498
-11.784416,60,1952.797741,False,True,0.0677283667899403,83.45364186990963,121560,67.72836678994031
199.442374,60,1952.82462,False,True,0.0128893331792578,78.20390113389193,121620,12.8893331792578
-38.341445,60,1953.533087,False,True,0.1150218753231183,83.26583300002281,121680,115.02187532311831
-8.099761,60,1958.225447,False,True,0.0583918057325848,78.19023887109115,121740,58.39180573258481
15.257007,60,1958.620402,False,True,0.0433520726209039,87.8935821100587,121800,43.352072620903904
96.429218,60,1958.648284,False,True,0.0134617717718812,79.24416372657579,121860,13.4617717718812
88.936803,60,1959.355757,False,True,0.0159423805554743,88.9363485169411,121920,15.942380555474301
110.227606,60,1962.039719,False,True,0.0235883699030529,75.7999010354084,121980,23.5883699030529
68.105164,60,1962.440717,False,True,0.030181732714229,86.98886452433914,122040,30.181732714229003
142.724282,60,1962.470598,False,True,0.0064339541127184,79.2608362266817,122100,6.4339541127184
237.514217,60,1963.17003,False,True,0.0086001216349237,81.04373171475558,122160,8.600121634923699
292.011068,60,1967.296045,False,True,0.0016840185233692,81.55118868806024,122220,1.6840185233692
87.468402,60,1967.694002,False,True,0.0361708688706077,78.1249442411796,122280,36.1708688706077
5.881895,60,1967.723971,False,True,0.0666093832042307,86.47107975049937,122340,66.6093832042307
37.022857,60,1968.431956,False,True,0.0394567653178226,88.05688437490815,122400,39.4567653178226
-17.822035,60,1972.328492,False,True,0.0781786212828417,76.36750875543017,122460,78.1786212828417
313.99378,60,1972.726449,False,True,0.0099249042271395,81.7649212271936,122520,9.9249042271395
4.52107,60,1972.754331,False,True,0.0723625978300847,87.54041793883222,122580,72.3625978300847
-30.963423,60,1973.460798,False,True,0.1206374749641979,80.40254388873646,122640,120.63747496419789
18.725596,60,1977.270422,False,True,0.0582589132291776,82.57543819924676,122700,58.2589132291776
0.580073,60,1977.668379,False,True,0.0587803528288988,85.15689877306916,122760,58.7803528288988
246.214942,60,1977.698811,False,True,0.0005537854013734,83.53173724647374,122820,0.5537854013734
-6.414302,60,1978.402728,False,True,0.0612378890670828,77.94961943749601,122880,61.237889067082804
249.919158,60,1982.427138,False,True,0.007334973330689,78.08162685834564,122940,7.334973330689
190.313453,60,1982.815318,False,True,0.0345748361664833,89.94536220005108,123000,34.574836166483294
75.958091,60,1982.852978,False,True,0.0182115678283341,89.71830720136296,123060,18.2115678283341
132.525059,60,1983.549668,False,True,0.0218832268230615,82.58688519860227,123120,21.8832268230615
46.704913,60,1985.452434,False,True,0.0324692767504265,85.29113613409565,123180,32.469276750426495
78.046994,60,1985.846369,False,True,0.0179861026833424,89.59081900263587,123240,17.986102683342402
161.523645,60,1985.878273,False,True,0.0198461491158875,87.02674964308747,123300,19.846149115887503
156.101478,60,1986.581739,False,True,0.0161716636186635,87.75619584647241,123360,16.1716636186635
-25.74178,60,1989.131091,False,True,0.0844013303334629,87.23927048487012,123420,84.40133033346291
33.08951,60,1989.518478,False,True,0.0458683693746612,81.04897650343972,123480,45.8683693746612
-21.116514,60,1989.558925,False,True,0.0839116540063124,82.70486972307779,123540,83.9116540063124
256.079005,60,1990.252827,False,True,0.005092460052584,73.05056034284276,123600,5.092460052583999
-8.421763,60,1992.023555,False,True,0.0637541843020957,73.99855120028376,123660,63.7541843020957
113.319022,60,1992.425511,False,True,0.0177023934989013,73.20621125039834,123720,17.702393498901298
122.794977,60,1992.45439,False,True,0.0160275031987944,86.99387071124876,123780,16.0275031987944
-2.973941,60,1993.15986,False,True,0.0548747342511935,82.98618133133793,123840,54.874734251193495
26.397509,60,1995.812912,False,True,0.0484131621445993,80.6955007285297,123900,48.4131621445993
-18.241391,60,1996.212849,False,True,0.074675326821937,87.47614834970085,123960,74.675326821937
17.192632,60,1996.233921,False,True,0.0449606318762322,80.25661819133492,124020,44.9606318762322
104.543675,60,1996.940388,False,True,0.0306630811735964,85.64281830357704,124080,30.6630811735964
74.5303,60,1998.573065,False,True,0.0347088159858446,87.04946949313654,124140,34.708815985844595
-21.237991,60,1998.971021,False,True,0.0820403175185013,81.00850407870976,124200,82.0403175185013
-2.187624,60,1998.996344,False,True,0.0632723480970847,89.34405017646317,124260,63.272348097084695
79.606032,60,1999.705371,False,True,0.0296303837622071,82.62373837147815,124320,29.6303837622071
-26.36405,60,2002.141649,False,True,0.0900037056867842,68.8655288810256,124380,90.0037056867842
12.544801,60,2002.539606,False,True,0.0533573742675465,80.6500895242939,124440,53.3573742675465
95.328183,60,2002.567488,False,True,0.017908923127154,86.40504780933227,124500,17.908923127154
-14.130194,60,2003.273955,False,True,0.063173990884011,80.73063527272889,124560,63.173990884011005
15.729146,60,2004.969475,False,True,0.0511058622345673,72.49724595871697,124620,51.1058622345673
-36.267085,60,2005.359877,False,True,0.1112003048287371,84.4933713332357,124680,111.2003048287371
25.163104,60,2005.39432,False,True,0.0161028142916925,79.70053249494947,124740,16.1028142916925
98.589507,60,2006.094226,False,True,0.0279613305744434,87.82405990269808,124800,27.961330574443398
18.07271,60,2008.62703,False,True,0.0478357403609767,87.33459913666213,124860,47.8357403609767
69.425733,60,2009.034534,False,True,0.0271937952048278,84.01556595424013,124920,27.1937952048278
47.035042,60,2009.052353,False,True,0.0374353759657973,87.01591498803626,124980,37.435375965797306
48.362275,60,2009.768883,False,True,0.0275241467237586,81.15764771566302,125040,27.5241467237586
91.876067,60,2011.565311,False,True,0.0221186972763899,79.27727280823827,125100,22.1186972763899
180.754083,60,2011.961265,False,True,0.0169527530119913,83.87114858443921,125160,16.9527530119913
45.532932,60,2011.985157,False,True,0.026942950776784,85.17543202728008,125220,26.942950776784
207.76897,60,2012.691624,False,True,0.0135936788174236,88.07788232392349,125280,13.593678817423601
55.533866,60,2015.332206,False,True,0.0344778938659316,88.55977284540003,125340,34.4778938659316
223.56349,60,2015.718574,False,True,0.012156800488704,88.28296471943652,125400,12.156800488704
123.325231,60,2015.752507,False,True,0.0241643876751153,77.30923255650973,125460,24.1643876751153
188.068257,60,2016.452923,False,True,0.0164124378736339,83.9308673803283,125520,16.4124378736339
198.748819,60,2018.489262,False,True,0.0128116729207744,82.9184425229424,125580,12.8116729207744
-26.37403,60,2018.887218,False,True,0.0918400564132307,86.7637427637876,125640,91.8400564132307
197.305365,60,2018.927231,False,True,0.0012147347675457,89.13260375533224,125700,1.2147347675457
40.590194,60,2019.633698,False,True,0.0440743978130369,84.86047181417014,125760,44.0743978130369
103.360372,60,2022.242593,False,True,0.0227461261052171,83.62095995959695,125820,22.7461261052171
-22.011981,60,2022.630268,False,True,0.0952556990305271,72.90925732331318,125880,95.2556990305271
61.291051,60,2022.667438,False,True,0.0466100883920063,86.99538751529889,125940,46.610088392006304
-2.134385,60,2023.364617,False,True,0.0694213405975484,74.82428066125976,126000,69.4213405975484
93.566268,60,2025.254781,False,True,0.0288263028261502,81.93509758201188,126060,28.826302826150197
-32.077616,60,2025.648175,False,True,0.0931462382716052,80.39968203305865,126120,93.1462382716052
45.235768,60,2025.683618,False,True,0.0464318412172646,81.19751766556429,126180,46.4318412172646
311.830455,60,2026.377527,False,True,0.0005968354088245,84.8499236731519,126240,0.5968354088244999
-10.93418,60,2028.81654,False,True,0.0641615826920341,83.77582249016471,126300,64.1615826920341
9.934365,60,2029.214497,False,True,0.0557795014968968,73.59078500047872,126360,55.7795014968968
73.446155,60,2029.239301,False,True,0.0375699761922518,83.05886351479734,126420,37.5699761922518
34.531929,60,2029.945768,False,True,0.0453022201102727,84.00247280238018,126480,45.3022201102727
97.700648,60,2031.577395,False,True,0.0301206461412151,75.86696626544698,126540,30.1206461412151
32.480155,60,2031.974363,False,True,0.0433732766659707,85.41408812003047,126600,43.3732766659707
91.541963,60,2031.99367,False,True,0.0178334503637511,88.13047182786318,126660,17.833450363751098
-35.890243,60,2032.700137,False,True,0.1234381839219054,86.54535061616444,126720,123.4381839219054
-20.095876,60,2034.531883,False,True,0.075144230327469,86.20865454460088,126780,75.144230327469
-23.490774,60,2034.92984,False,True,0.0904337768735577,83.55095784831819,126840,90.4337768735577
195.557995,60,2034.947215,False,True,0.0120801782515623,81.28127936771547,126900,12.0801782515623
-29.525701,60,2035.653682,False,True,0.0917501162394111,79.79162175437997,126960,91.7501162394111
7.410613,60,2038.241967,False,True,0.0599014474283155,63.971084851132055,127020,59.9014474283155
90.858906,60,2038.627862,False,True,0.0348662909600273,79.47544689877913,127080,34.8662909600273
65.642634,60,2038.667806,False,True,0.0331870958188067,86.91834410902713,127140,33.187095818806704
130.674295,60,2039.362211,False,True,0.0339495434890197,89.91427054969859,127200,33.949543489019696
-3.187488,60,2041.149888,False,True,0.0578471299762557,78.32556605407096,127260,57.8471299762557
62.63033,60,2041.561849,False,True,0.0555712852218423,80.42943506794101,127320,55.5712852218423
272.519566,60,2041.575727,False,True,0.0063442735537687,84.91126675338943,127380,6.3442735537687005
156.596057,60,2042.296198,False,True,0.016376558818349,76.68483241003209,127440,16.376558818349
210.773104,60,2044.874836,False,True,0.0083443236400824,88.79047634060697,127500,8.344323640082399
147.606197,60,2045.281351,False,True,0.0176144902035821,82.6666785961979,127560,17.6144902035821
51.057146,60,2045.300675,False,True,0.0441346731204558,83.68228318629623,127620,44.134673120455794
127.958037,60,2046.015701,False,True,0.0213013796817716,79.7557615006197,127680,21.3013796817716
2.008837,60,2047.75927,False,True,0.0632169357647479,73.38175659369942,127740,63.21693576474791
88.428136,60,2048.152228,False,True,0.023110766104397,89.83085563386739,127800,23.110766104396998
2.843263,60,2048.187107,False,True,0.0540146584998205,86.38483442145558,127860,54.0146584998205
205.805938,60,2048.884552,False,True,0.0021722456310967,87.78164052003565,127920,2.1722456310967
-5.056096,60,2051.420589,False,True,0.0667530623733052,88.61101819280873,127980,66.7530623733052
45.84032,60,2051.815472,False,True,0.0391906406608205,86.3259811347053,128040,39.1906406608205
159.495723,60,2051.846428,False,True,0.0111607686919778,83.26742991142889,128100,11.160768691977799
98.391699,60,2052.550842,False,True,0.033651381066596,89.03163429745584,128160,33.651381066596
216.729733,60,2054.269675,False,True,0.0142393198121285,87.02892727418273,128220,14.2393198121285
110.465769,60,2054.655559,False,True,0.0161039266430867,85.08506387203361,128280,16.103926643086698
232.075573,60,2054.695514,False,True,0.0099628470766461,84.7457032240125,128340,9.9628470766461
25.801726,60,2055.389908,False,True,0.0356264534112097,83.06969714849784,128400,35.6264534112097
284.056522,60,2057.853206,False,True,0.0046769227018606,87.1904691405442,128460,4.6769227018606
0.375952,60,2058.240611,False,True,0.0620886540213245,89.02913652393354,128520,62.0886540213245
102.042572,60,2058.279046,False,True,0.0223094163689808,89.63061819555571,128580,22.3094163689808
27.424034,60,2058.97496,False,True,0.0502908186871825,81.38700385295178,128640,50.2908186871825
174.708422,60,2060.600329,False,True,0.0194482855118613,84.31837408425869,128700,19.4482855118613
34.237884,60,2060.998286,False,True,0.0467964703242596,81.2446576265262,128760,46.7964703242596
163.282752,60,2061.026169,False,True,0.0073640620957437,87.96844263567486,128820,7.3640620957437
233.667283,60,2061.732635,False,True,0.0027296798068525,80.21164171208603,128880,2.7296798068525
65.425356,60,2064.34287,False,True,0.0354957937645525,82.17505603107487,128940,35.4957937645525
7.045282,60,2064.737829,False,True,0.0552086331426328,80.69524430717162,129000,55.2086331426328
-0.897268,60,2064.767707,False,True,0.064019022934467,80.09563174635208,129060,64.019022934467
30.053025,60,2065.471159,False,True,0.0475455919914209,79.78146201151391,129120,47.5455919914209
66.367146,60,2067.221766,False,True,0.0243657715225985,84.78798028226443,129180,24.3657715225985
128.136435,60,2067.622715,False,True,0.0316897074191872,81.13484992977023,129240,31.689707419187204
246.55196,60,2067.649594,False,True,0.0025217662553271,87.26063707840409,129300,2.5217662553271003
25.99683,60,2068.354072,False,True,0.0490234280458777,84.02855325613864,129360,49.0234280458777
30.803037,60,2071.392414,False,True,0.0406811101567874,85.28505511552675,129420,40.681110156787405
109.201518,60,2071.788231,False,True,0.0259216696838163,77.32997152588487,129480,25.9216696838163
140.835247,60,2071.817689,False,True,0.0217136575578497,88.44118525153853,129540,21.7136575578497
85.987145,60,2072.526168,False,True,0.0366262521259323,88.6643679316264,129600,36.6262521259323
195.110951,60,2074.552646,False,True,0.0232910164317134,84.23827012785912,129660,23.2910164317134
21.493043,60,2074.947093,False,True,0.050469746474061,81.71782110427755,129720,50.469746474061004
171.295586,60,2074.978485,False,True,0.0168300865462094,88.94293752898339,129780,16.8300865462094
-24.489757,60,2075.679417,False,True,0.0890472972048801,87.51158027332731,129840,89.0472972048801
139.645263,60,2078.41756,False,True,0.0189437140205984,81.2121714319625,129900,18.9437140205984
-13.072082,60,2078.807382,False,True,0.0723515029889664,85.55498989594821,129960,72.3515029889664
144.690783,60,2078.832691,False,True,0.0249114389874805,86.04294087536677,130020,24.9114389874805
8.574903,60,2079.537175,False,True,0.0568942913436877,87.39422815669673,130080,56.894291343687705
237.336888,60,2081.20468,False,True,0.0202098732836445,83.14108319020731,130140,20.2098732836445
139.24664,60,2081.591086,False,True,0.0177779861125056,80.77180802777035,130200,17.7779861125056
-30.501733,60,2081.630519,False,True,0.105449188301292,87.4459441332783,130260,105.44918830129201
-38.059453,60,2082.328425,False,True,0.1031704227235108,85.37800152758635,130320,103.17042272351081
-33.17379,60,2084.150069,False,True,0.1275396562076575,86.5891773469749,130380,127.5396562076575
55.208649,60,2084.547005,False,True,0.0353874772011027,82.22735625437852,130440,35.3874772011027
14.943649,60,2084.563346,False,True,0.0443630863007791,85.69652089498241,130500,44.3630863007791
5.197778,60,2085.269813,False,True,0.0598205410658961,84.43171917133841,130560,59.8205410658961
-29.577001,60,2087.851471,False,True,0.0914347044271852,89.68483950929395,130620,91.4347044271852
-14.866606,60,2088.249428,False,True,0.0713103205172178,83.20077535845813,130680,71.3103205172178
-25.344913,60,2088.265479,False,True,0.0857422484735448,88.3187455080998,130740,85.74224847354479
122.242938,60,2088.971946,False,True,0.0248617049514119,87.4096084450843,130800,24.861704951411898
56.605671,60,2090.716214,False,True,0.0408625724095846,84.69228156977098,130860,40.8625724095846
-33.399585,60,2091.110966,False,True,0.0958924167436467,88.75627469776545,130920,95.89241674364669
-12.460499,60,2091.13987,False,True,0.0709285557497607,79.61642731992427,130980,70.9285557497607
-32.737572,60,2091.847525,False,True,0.1233193776174335,74.81336519479684,131040,123.3193776174335
189.00742,60,2094.240324,False,True,0.0117109571383392,86.46061842895128,131100,11.7109571383392
-28.447401,60,2094.625128,False,True,0.0942780358517804,86.05139575741997,131160,94.2780358517804
111.565484,60,2094.666164,False,True,0.0286444347995641,81.06494551498994,131220,28.6444347995641
-21.770159,60,2095.359478,False,True,0.0843416948047769,69.34877027768584,131280,84.3416948047769
-26.190777,60,2097.113119,False,True,0.0937906481502626,87.37313290499291,131340,93.7906481502626
33.851181,60,2097.511075,False,True,0.0394167074869958,87.12674209518498,131400,39.4167074869958
20.6333,60,2097.547632,False,True,0.0493051946024037,82.83837993762283,131460,49.3051946024037
69.225162,60,2098.259643,False,True,0.032184696649682,88.31224113120423,131520,32.184696649682
41.581168,60,2100.857438,False,True,0.0298240054063605,87.15107544681166,131580,29.824005406360502
85.560505,60,2101.253373,False,True,0.0375830156812609,85.7243356654148,131640,37.583015681260896
71.722974,60,2101.278253,False,True,0.0334599742711583,80.42676504678566,131700,33.4599742711583
135.705984,60,2101.988739,False,True,0.0166159670437209,84.25778271875348,131760,16.6159670437209
76.978325,60,2103.956467,False,True,0.0270118654613176,89.95870622190002,131820,27.0118654613176
-15.624538,60,2104.36047,False,True,0.0683800235045196,81.85043222672496,131880,68.3800235045196
66.89129,60,2104.38533,False,True,0.0260442467082717,75.94035299268555,131940,26.044246708271697
55.418275,60,2105.089798,False,True,0.0279776837877069,89.23406500135023,132000,27.977683787706898
86.45145,60,2107.732573,False,True,0.0240320976456516,84.82530376872634,132060,24.0320976456516
226.055673,60,2108.127991,False,True,0.005830331516398,89.97137675106597,132120,5.830331516398
5.937552,60,2108.155873,False,True,0.0508881083297547,75.71277286101899,132180,50.888108329754694
231.743033,60,2108.857809,False,True,0.0044151238944629,86.2949486654133,132240,4.4151238944629005
123.18968,60,2110.569699,False,True,0.0169373934410523,83.95367531571218,132300,16.9373934410523
38.705306,60,2110.955422,False,True,0.0260946399161673,87.87822849526914,132360,26.094639916167303
228.300722,60,2110.995538,False,True,0.0066226334401845,88.0864266278656,132420,6.6226334401845
237.626001,60,2111.693764,False,True,0.0020893208754926,72.36420314412564,132480,2.0893208754926
-13.460721,60,2114.212708,False,True,0.0706177388852881,88.00457961491384,132540,70.6177388852881
12.196377,60,2114.616851,False,True,0.0338346896545354,83.58457282777496,132600,33.834689654535396
-6.128103,60,2114.643735,False,True,0.0651342794878049,85.06011187141343,132660,65.1342794878049
238.060163,60,2115.345014,False,True,0.0037068865637886,82.27916566724143,132720,3.7068865637886
115.242509,60,2116.961889,False,True,0.0221934133610911,88.76917296839041,132780,22.1934133610911
88.096914,60,2117.359846,False,True,0.0169943339283359,81.53845222761771,132840,16.9943339283359
262.521772,60,2117.400125,False,True,0.000372582468028,88.47050249916364,132900,0.372582468028
95.903048,60,2118.107592,False,True,0.0261256544386319,81.66257678500357,132960,26.1256544386319
106.9514,60,2120.553659,False,True,0.0244393655003977,85.43064860645985,133020,24.4393655003977
-10.736086,60,2120.951616,False,True,0.064844915874261,87.63830658293676,133080,64.844915874261
38.914426,60,2120.975509,False,True,0.0371818628481136,86.26381804480778,133140,37.1818628481136
77.198383,60,2121.681976,False,True,0.0339170449462961,81.19302536303994,133200,33.917044946296095
245.377728,60,2123.403453,False,True,0.008361299314014,87.45941820760862,133260,8.361299314014
237.515545,60,2123.800412,False,True,0.0038189040098381,88.6861570530163,133320,3.8189040098381
72.961941,60,2123.825773,False,True,0.0436864589552665,87.00026905680356,133380,43.6864589552665
115.116606,60,2124.53224,False,True,0.026393758328937,84.71035137196145,133440,26.393758328937
305.938821,60,2127.109903,False,True,0.0046722566627096,84.83299514511188,133500,4.6722566627096
5.096896,60,2127.50687,False,True,0.0536969391148038,88.83111603903109,133560,53.6969391148038
162.518477,60,2127.528181,False,True,0.020590531759763,86.66391973904584,133620,20.590531759763
92.020337,60,2128.231646,False,True,0.0373638621257224,86.83800333232297,133680,37.363862125722406
265.593383,60,2130.080037,False,True,0.0142067206681538,84.80783907758084,133740,14.2067206681538
-20.898913,60,2130.477994,False,True,0.0807477712897466,85.05768625789858,133800,80.7477712897466
102.888042,60,2130.493089,False,True,0.0125465648020061,89.16541232111655,133860,12.5465648020061
43.536079,60,2131.205834,False,True,0.0433664833809366,80.78788516359286,133920,43.3664833809366
124.190264,60,2133.837622,False,True,0.0174958834245875,88.37211221931636,133980,17.4958834245875
1.444357,60,2134.236578,False,True,0.0548298289605516,87.43089510747619,134040,54.8298289605516
-25.35116,60,2134.267454,False,True,0.0843526994836176,79.28558974922127,134100,84.3526994836176
17.668768,60,2134.96692,False,True,0.0475613206936431,85.49788184103748,134160,47.5613206936431
40.926902,60,2136.755057,False,True,0.036489681334211,87.48068783145604,134220,36.489681334211
85.840477,60,2137.167295,False,True,0.0234867710083647,89.75110225511501,134280,23.486771008364702
24.034534,60,2137.182894,False,True,0.0482908641186015,83.50287846744109,134340,48.2908641186015
171.330083,60,2137.902643,False,True,0.0066998535373459,84.40695696019654,134400,6.6998535373459
248.994939,60,2139.542608,False,True,0.003701115822333,89.84930116565334,134460,3.701115822333
-9.992649,60,2139.93504,False,True,0.0678911298508344,83.7582247589896,134520,67.8911298508344
279.754839,60,2139.969462,False,True,0.0022756024691739,89.86811134400494,134580,2.2756024691739003
132.678722,60,2140.669389,False,True,0.0110494737166414,89.5217485877061,134640,11.0494737166414
110.659906,60,2143.310864,False,True,0.0247766242792024,85.02552163588011,134700,24.7766242792024
25.487902,60,2143.706127,False,True,0.0479155826929117,86.37578509386086,134760,47.9155826929117
73.646635,60,2143.736703,False,True,0.0282994980939008,86.61720984389639,134820,28.299498093900798
-9.070741,60,2144.440476,False,True,0.0531170911065296,81.93488537607028,134880,53.1170911065296
110.28442,60,2146.183885,False,True,0.0202624351814389,76.432295565451,134940,20.2624351814389
62.13473,60,2146.587922,False,True,0.02366090763226,81.5968674284041,135000,23.66090763226
17.181126,60,2146.608728,False,True,0.0513856863517723,86.39310237973841,135060,51.3856863517723
0.16848,60,2147.31065,False,True,0.0639154963778093,85.26622860869529,135120,63.9154963778093
180.746982,60,2149.874282,False,True,0.0233764329280635,88.8228062905333,135180,23.3764329280635
-26.578096,60,2150.273757,False,True,0.0954786121502261,86.07460239322387,135240,95.4786121502261
-14.952583,60,2150.290414,False,True,0.0794549736213253,88.61875048036435,135300,79.4549736213253
129.422507,60,2150.996881,False,True,0.0097960061940514,87.30558969515262,135360,9.7960061940514
214.101137,60,2152.749731,False,True,0.0034204509757501,87.30960177124929,135420,3.4204509757501
207.173645,60,2153.146075,False,True,0.0023100258895359,86.49655617057951,135480,2.3100258895359
189.888401,60,2153.169929,False,True,0.0086903628757533,79.98352971379003,135540,8.6903628757533
84.714834,60,2153.880424,False,True,0.0312039263350336,87.66462141509447,135600,31.2039263350336
61.790031,60,2156.41395,False,True,0.0384232990504643,86.17372194377208,135660,38.4232990504643
-25.618464,60,2156.80736,False,True,0.0848372077376267,79.42070927491663,135720,84.8372077376267
50.429117,60,2156.836242,False,True,0.0384356472136943,89.83115998619965,135780,38.4356472136943
30.033239,60,2157.551254,False,True,0.0424316215880432,86.44422188084609,135840,42.4316215880432
-4.409607,60,2159.172634,False,True,0.054538491031369,79.67153187140374,135900,54.538491031369
-11.534969,60,2159.572628,False,True,0.0705633151068142,89.04484083996748,135960,70.5633151068142
7.002915,60,2159.598473,False,True,0.0572919412907324,89.82079744844937,136020,57.2919412907324
152.275152,60,2160.308975,False,True,0.0287952139365678,89.87310355643875,136080,28.795213936567798
24.141844,60,2162.820881,False,True,0.0467065618459859,88.28357263830985,136140,46.7065618459859
122.102747,60,2163.214698,False,True,0.0102685969066995,81.96270595589012,136200,10.2685969066995
191.896926,60,2163.248715,False,True,0.0134703040834083,85.9114090464889,136260,13.4703040834083
19.583925,60,2163.949048,False,True,0.048699066095233,89.3939400657996,136320,48.699066095233
29.490397,60,2165.685368,False,True,0.0394027834523305,85.96096039817986,136380,39.4027834523305
136.75076,60,2166.091343,False,True,0.0186984070540767,89.9660706019937,136440,18.6984070540767
154.658196,60,2166.111207,False,True,0.0133255428654237,87.79536086832974,136500,13.325542865423701
82.957494,60,2166.822697,False,True,0.0200504189955275,87.4257177451454,136560,20.0504189955275
147.608944,60,2169.412788,False,True,0.0084384524953823,89.34613411615574,136620,8.4384524953823
34.350847,60,2169.813739,False,True,0.0257443712363302,89.02275105497091,136680,25.7443712363302
36.086989,60,2169.8366,False,True,0.0462758156561126,88.79224275806499,136740,46.2758156561126
241.30136,60,2170.538537,False,True,0.0061785492909574,86.12537231487765,136800,6.1785492909574
206.678227,60,2172.268348,False,True,0.0139680991569141,83.19509450371845,136860,13.9680991569141
-13.647217,60,2172.666305,False,True,0.079174195487856,79.89990331413664,136920,79.174195487856
32.25514,60,2172.683062,False,True,0.0386618073077618,85.75091627193174,136980,38.661807307761805
-32.03833,60,2173.388493,False,True,0.1104262313677793,86.88938022725394,137040,110.42623136777931
304.470227,60,2175.903771,False,True,0.0030646171922438,87.10114741001698,137100,3.0646171922437997
-21.805743,60,2176.301728,False,True,0.0937210452915136,83.43324779408896,137160,93.72104529151359
157.578837,60,2176.330608,False,True,0.0171903615884217,86.90538451928123,137220,17.190361588421702
-20.676982,60,2177.038065,False,True,0.0812165301346548,87.93491105322246,137280,81.21653013465479
-16.161214,60,2178.726918,False,True,0.0839674482303396,72.56537702598878,137340,83.9674482303396
160.870093,60,2179.12843,False,True,0.0122855237122037,81.3645042242216,137400,12.2855237122037
24.792347,60,2179.150781,False,True,0.0406762577315454,82.84606413652227,137460,40.6762577315454
166.678978,60,2179.869764,False,True,0.0227620356244678,87.46008953942318,137520,22.7620356244678
-2.232539,60,2182.441765,False,True,0.0570160663502552,88.78928928323734,137580,57.016066350255194
241.545311,60,2182.836199,False,True,0.009824111328239,87.06445385893772,137640,9.824111328239
251.196321,60,2182.867604,False,True,0.0049451703151614,85.94484726222476,137700,4.9451703151614
127.415985,60,2183.570549,False,True,0.0062394776952888,87.73349295933129,137760,6.2394776952888
126.364737,60,2185.300931,False,True,0.004946563537071,89.42737804923642,137820,4.9465635370709995
140.854186,60,2185.705879,False,True,0.0284990340655311,86.30953636405052,137880,28.499034065531102
251.005607,60,2185.719187,False,True,0.000504081453427,88.44404714510415,137940,0.5040814534270001
-30.563182,60,2186.431207,False,True,0.0926423839840484,84.88016117137126,138000,92.6423839840484
56.75954,60,2188.180708,False,True,0.0349587346858371,89.89289263220385,138060,34.9587346858371
-20.42725,60,2188.579647,False,True,0.0788820366915917,77.98208588480091,138120,78.88203669159171
-1.874089,60,2188.606547,False,True,0.0582191568255587,84.02197421566882,138180,58.2191568255587
85.486652,60,2189.313014,False,True,0.0254653746007348,84.74677320569556,138240,25.4653746007348
33.003305,60,2191.928881,False,True,0.0168279870627436,80.94149961813568,138300,16.827987062743603
167.038033,60,2192.320249,False,True,0.0176349644459156,87.01181223996733,138360,17.6349644459156
-25.15941,60,2192.353206,False,True,0.0983487613638024,86.76455343847049,138420,98.3487613638024
24.318237,60,2193.057599,False,True,0.0515952986001705,86.99598544466996,138480,51.5952986001705
57.247434,60,2194.729224,False,True,0.0181717607217019,88.02505650608782,138540,18.1717607217019
209.78558,60,2195.125177,False,True,0.0134708941232554,80.61326629419318,138600,13.4708941232554
141.093809,60,2195.165566,False,True,0.0080821779229335,89.47137742142449,138660,8.0821779229335
14.560893,60,2195.869527,False,True,0.0465518536585184,87.01693670612445,138720,46.5518536585184
177.759925,60,2198.327406,False,True,0.0018377989499377,83.82170432084982,138780,1.8377989499376999
-26.234526,60,2198.714821,False,True,0.0948904581678056,87.1330535695079,138840,94.8904581678056
108.743137,60,2198.740007,False,True,0.0324517793593932,89.40021130349025,138900,32.4517793593932
112.235251,60,2199.454688,False,True,0.0309218893441299,87.38554021968345,138960,30.921889344129898
43.129044,60,2201.227124,False,True,0.0524409999298007,89.52250784532673,139020,52.4409999298007
-4.124472,60,2201.616015,False,True,0.0606786933206276,83.83628986111538,139080,60.6786933206276
13.64922,60,2201.644891,False,True,0.0400223942765927,77.71959708082267,139140,40.022394276592706
59.81506,60,2202.361965,False,True,0.0238245845731467,86.30668886503402,139200,23.824584573146698
233.881602,60,2204.818453,False,True,0.0046315236375979,84.56508356127097,139260,4.6315236375979
15.995278,60,2205.21641,False,True,0.0486534554717956,87.9673352499181,139320,48.6534554717956
61.395378,60,2205.244292,False,True,0.0125712163078056,87.4550092009066,139380,12.5712163078056
-32.755834,60,2205.950759,False,True,0.1118417021796244,76.9418937813694,139440,111.8417021796244
26.172755,60,2207.735533,False,True,0.0552852643291374,80.18715098781554,139500,55.2852643291374
150.087815,60,2208.13349,False,True,0.0166146885857762,83.48231592431185,139560,16.6146885857762
-18.036692,60,2208.15735,False,True,0.0607911644620179,85.57822032609839,139620,60.791164462017896
89.946512,60,2208.86229,False,True,0.014483067516821,79.12031077996942,139680,14.483067516821
45.647096,60,2211.41454,False,True,0.0533844008636972,87.07771727808857,139740,53.3844008636972
227.904666,60,2211.804932,False,True,0.0055706533452342,85.23573606407413,139800,5.5706533452341995
25.530693,60,2211.837349,False,True,0.0448357077589184,89.13274997310171,139860,44.8357077589184
235.189161,60,2212.549357,False,True,0.0007732411481354,87.89702153554761,139920,0.7732411481354
213.626918,60,2214.220069,False,True,0.0130275425576882,88.14432203981531,139980,13.0275425576882
228.970656,60,2214.622026,False,True,0.0075911095436192,86.69663082903114,140040,7.591109543619201
222.343213,60,2214.649909,False,True,0.0179951726229213,83.30646666594352,140100,17.995172622921302
243.894588,60,2215.365905,False,True,0.0037791826130514,88.4408315261371,140160,3.7791826130514
47.142965,60,2217.946527,False,True,0.0190775306251656,82.14376785044728,140220,19.077530625165597
3.702243,60,2218.340374,False,True,0.0555230955992906,79.85441160115741,140280,55.5230955992906
244.998859,60,2218.378932,False,True,0.0004041865425008,86.31628353822047,140340,0.4041865425008
38.729722,60,2219.072334,False,True,0.0372129124602379,81.95462298539925,140400,37.212912460237895
189.73806,60,2220.820367,False,True,0.0128747313059514,87.29064212376629,140460,12.8747313059514
-14.349544,60,2221.217321,False,True,0.0634103853852197,84.59532375774455,140520,63.410385385219705
64.358013,60,2221.242648,False,True,0.0416275426039603,82.852765788924,140580,41.6275426039603
56.20365,60,2221.949115,False,True,0.0414393224808206,85.9835699836386,140640,41.4393224808206
30.352975,60,2224.611641,False,True,0.0387225484106276,87.58304450754811,140700,38.722548410627596
-14.436197,60,2225.017844,False,True,0.0636544790714327,87.20917928904097,140760,63.654479071432704
-27.507887,60,2225.045726,False,True,0.0938407200946634,85.88947986592927,140820,93.84072009466341
37.196169,60,2225.742447,False,True,0.0360190163154028,80.45278565400989,140880,36.0190163154028
19.376872,60,2227.504076,False,True,0.0542911055761237,89.38473204183843,140940,54.2911055761237
158.634587,60,2227.886933,False,True,0.0090546848814909,86.3241319534963,141000,9.0546848814909
253.828797,60,2227.917358,False,True,0.0129362372072749,89.86586092003647,141060,12.9362372072749
-24.399263,60,2228.635379,False,True,0.0869586378404451,88.26095177850148,141120,86.95863784044509
97.259589,60,2231.110847,False,True,0.0317720945553029,88.06004728035842,141180,31.772094555302903
206.71375,60,2231.512012,False,True,0.0109577274998333,86.8886045390219,141240,10.9577274998333
222.679083,60,2231.537673,False,True,0.0066261576321856,84.74782691918806,141300,6.6261576321856
10.718191,60,2232.239061,False,True,0.0545448831308788,86.59874638326097,141360,54.5448831308788
-13.618356,60,2233.916827,False,True,0.0707192780597143,87.17769618280262,141420,70.7192780597143
110.175644,60,2234.318778,False,True,0.028403028167702,89.63399836686496,141480,28.403028167701997
161.785045,60,2234.344665,False,True,0.0131716983108845,88.70214072652374,141540,13.1716983108845
12.558464,60,2235.049133,False,True,0.0564248433088793,89.19929040817394,141600,56.424843308879296
-35.212616,60,2237.482396,False,True,0.1082351819847149,78.27754135925665,141660,108.23518198471491
319.167532,60,2237.873814,False,True,0.0004208232857418,87.80849772083792,141720,0.4208232857418
89.365456,60,2237.911235,False,True,0.0376859908836711,89.57608390725926,141780,37.685990883671096
329.930067,60,2238.609164,False,True,0.0044955380906328,89.19295659873933,141840,4.495538090632801
-23.517694,60,2240.338413,False,True,0.0770952282633017,87.76097552051452,141900,77.0952282633017
7.97544,60,2240.723388,False,True,0.0639752465943615,87.49268761838238,141960,63.9752465943615
-32.542738,60,2240.75826,False,True,0.0929662026581893,82.90236001693951,142020,92.9662026581893
61.163918,60,2241.459728,False,True,0.0390618784471979,85.6585313649157,142080,39.0618784471979
210.098382,60,2243.162416,False,True,0.0055836633604483,88.74554838518178,142140,5.583663360448299
24.126735,60,2243.561379,False,True,0.0470372104877718,85.98651495695381,142200,47.0372104877718
8.268013,60,2243.582072,False,True,0.0557389563786671,84.97041905319928,142260,55.7389563786671
86.862026,60,2244.288539,False,True,0.0349796866364698,88.29240056452156,142320,34.9796866364698
89.739912,60,2246.918978,False,True,0.0207142475847252,88.66358574453004,142380,20.7142475847252
-4.915992,60,2247.305858,False,True,0.0580762931193263,87.5520728488042,142440,58.0762931193263
-42.918299,60,2247.339283,False,True,0.1181309080437152,89.69616949213341,142500,118.13090804371521
25.982363,60,2248.045749,False,True,0.0574327023897106,89.01315768250096,142560,57.4327023897106
218.543121,60,2249.822006,False,True,0.0007160053775324,83.08028247997514,142620,0.7160053775324
58.880746,60,2250.226485,False,True,0.0449314974615244,88.88832097973938,142680,44.9314974615244
158.827162,60,2250.244844,False,True,0.0174482732560688,83.20155431091769,142740,17.4482732560688
80.422087,60,2250.947753,False,True,0.0345360253722491,81.60669129763055,142800,34.5360253722491
81.781419,60,2253.405065,False,True,0.0285811410849595,89.1901244257909,142860,28.581141084959498
-15.861427,60,2253.803021,False,True,0.0767906177657073,83.03016501563651,142920,76.7906177657073
-25.298188,60,2253.831888,False,True,0.0966443376609813,85.21032519795578,142980,96.6443376609813
149.816662,60,2254.537371,False,True,0.0018572036441181,85.15515848472886,143040,1.8572036441181
-21.464478,60,2256.297764,False,True,0.0799996944680317,73.11862322325067,143100,79.9996944680317
37.192192,60,2256.68798,False,True,0.0455788390040669,86.97723210920313,143160,45.5788390040669
-40.235937,60,2256.719449,False,True,0.1140365607231444,88.60693974875305,143220,114.0365607231444
-20.613497,60,2257.43567,False,True,0.086305791389491,89.94464011973076,143280,86.305791389491
256.753192,60,2260.007672,False,True,0.0122953402571806,88.9639602514522,143340,12.2953402571806
77.480257,60,2260.410658,False,True,0.0145294133694538,88.00958563314607,143400,14.5294133694538
86.141287,60,2260.425411,False,True,0.0097279402273206,78.62043411200575,143460,9.7279402273206
-29.107647,60,2261.131877,False,True,0.1035150711389171,89.45297113220586,143520,103.5150711389171
76.900761,60,2262.935428,False,True,0.033575829881038,88.78864876432812,143580,33.575829881038004
67.595063,60,2263.326856,False,True,0.0294550691958403,83.46125373755073,143640,29.4550691958403
-30.480208,60,2263.355735,False,True,0.1097652237792621,85.47202314592847,143700,109.7652237792621
157.972226,60,2264.059185,False,True,0.0163917117164239,81.19734082269734,143760,16.3917117164239
-26.547375,60,2266.648605,False,True,0.0992750788834514,87.13702314988433,143820,99.2750788834514
-33.503757,60,2267.037519,False,True,0.12544361307305,74.81035495019844,143880,125.44361307304999
-18.394242,60,2267.070911,False,True,0.0764976989591543,86.44718996891133,143940,76.4976989591543
84.330074,60,2267.776379,False,True,0.0185069113630616,86.88102197827888,144000,18.506911363061597
-30.734502,60,2269.534017,False,True,0.1183811400195764,88.32885680848057,144060,118.3811400195764
76.718661,60,2269.937504,False,True,0.0007815855979138,82.22223500350495,144120,0.7815855979138
8.769595,60,2269.959856,False,True,0.036927531525001,76.92868116419133,144180,36.927531525001
56.83052,60,2270.672855,False,True,0.0209478529391767,85.24082374803916,144240,20.947852939176702
137.645276,60,2273.125201,False,True,0.0180341943011753,89.97943418161286,144300,18.0341943011753
-14.903288,60,2273.523158,False,True,0.0733392970430334,88.83704380343264,144360,73.3392970430334
237.418591,60,2273.551041,False,True,0.0096792425178734,81.68007054910966,144420,9.6792425178734
-20.436925,60,2274.257508,False,True,0.0769048130833312,89.92998571152985,144480,76.9048130833312
-31.479868,60,2275.995858,False,True,0.1086094708117156,83.69027863935186,144540,108.6094708117156
88.995833,60,2276.396814,False,True,0.0243545494126709,89.14667500548698,144600,24.3545494126709
-29.939927,60,2276.422701,False,True,0.1112916117979781,78.0799240634509,144660,111.29161179797809
0.728075,60,2277.137307,False,True,0.0590111646671066,89.55544225131997,144720,59.0111646671066
245.863546,60,2279.656643,False,True,0.0086059809018561,87.80738467856887,144780,8.6059809018561
286.251619,60,2280.066105,False,True,0.0047379028527446,82.79883276825537,144840,4.7379028527446
18.410481,60,2280.084478,False,True,0.0479076398403081,80.37462272120058,144900,47.9076398403081
168.169585,60,2280.79494,False,True,0.0124585753173206,87.0189882230419,144960,12.4585753173206
-31.027895,60,2282.57989,False,True,0.1112273206845061,88.1040216318973,145020,111.2273206845061
-31.246753,60,2282.981382,False,True,0.1083555054198625,77.37573788277052,145080,108.3555054198625
203.341069,60,2283.01764,False,True,0.0014540730811979,88.4807540852516,145140,1.4540730811979
-24.570908,60,2283.717255,False,True,0.09166004170431,82.10315544560775,145200,91.66004170431
189.29429,60,2286.259533,False,True,0.0125883261834777,87.11557557237913,145260,12.588326183477701
173.067517,60,2286.649368,False,True,0.0221178297402639,82.47582494965754,145320,22.1178297402639
227.703399,60,2286.684357,False,True,0.0047525776080597,85.64186481590865,145380,4.7525776080597
17.096599,60,2287.3847,False,True,0.0465080678931002,84.29042765707364,145440,46.5080678931002
-16.517988,60,2289.061381,False,True,0.079213525311503,85.31976342987106,145500,79.21352531150299
156.410913,60,2289.46593,False,True,0.0199272356825676,82.37540870674816,145560,19.927235682567602
17.885566,60,2289.48722,False,True,0.0498634040720864,86.83041792855867,145620,49.8634040720864
34.839767,60,2290.200279,False,True,0.0380114814250796,83.87540892714846,145680,38.0114814250796
88.074766,60,2292.019038,False,True,0.0231563884703108,84.87671696178374,145740,23.1563884703108
-29.153312,60,2292.411484,False,True,0.1208642181192456,87.90530951977455,145800,120.86421811924559
58.459376,60,2292.435368,False,True,0.0378945922196681,85.47474823691493,145860,37.8945922196681
2.830371,60,2293.146829,False,True,0.0574062159008766,87.08436328968607,145920,57.406215900876596
57.742541,60,2295.745034,False,True,0.0194388218443881,88.28757032682239,145980,19.438821844388098
1.984714,60,2296.137876,False,True,0.0609387896888254,80.36637609414063,146040,60.9387896888254
48.939999,60,2296.166764,False,True,0.0308977708209604,82.3542478258125,146100,30.8977708209604
273.394905,60,2296.87734,False,True,0.0080338914817498,87.57760451866204,146160,8.0338914817498
125.835375,60,2298.590476,False,True,0.0142504340074063,89.335133335685,146220,14.2504340074063
68.882833,60,2298.989425,False,True,0.0254397398022136,88.70832281577904,146280,25.4397398022136
76.544499,60,2299.008004,False,True,0.0056205941297213,85.26473388422998,146340,5.6205941297213
158.49975,60,2299.714471,False,True,0.0236977633140388,89.85206139464934,146400,23.6977633140388
77.605228,60,2302.252142,False,True,0.0306691304605846,85.97326258446648,146460,30.6691304605846
60.796207,60,2302.6531,False,True,0.0410066794085962,83.5180788353651,146520,41.006679408596206
-34.472831,60,2302.670312,False,True,0.1332369093384529,61.328510025265295,146580,133.2369093384529
115.521245,60,2303.378844,False,True,0.0237085980527347,86.21658849425441,146640,23.7085980527347
-17.771906,60,2305.143309,False,True,0.0750045485531067,77.02245950432707,146700,75.0045485531067
105.528563,60,2305.547261,False,True,0.0312848038572974,89.69387820906803,146760,31.2848038572974
-12.734857,60,2305.569148,False,True,0.0711304326885919,88.23278743940513,146820,71.1304326885919
67.947273,60,2306.280615,False,True,0.0107688979917666,77.81688028667998,146880,10.7688979917666
-32.368761,60,2308.847961,False,True,0.1095943606132061,86.76243112689866,146940,109.59436061320609
-8.551515,60,2309.23692,False,True,0.0627161828649318,83.79004341809379,147000,62.7161828649318
-7.261756,60,2309.260243,False,True,0.0688252313833039,86.40951580114604,147060,68.8252313833039
-28.050226,60,2309.97427,False,True,0.0992349880908629,88.1589137891157,147120,99.2349880908629
-5.180456,60,2311.659485,False,True,0.0644969324685151,79.41815802564476,147180,64.4969324685151
151.692951,60,2312.061442,False,True,0.003599949797746,86.10733794180588,147240,3.599949797746
28.455145,60,2312.087325,False,True,0.0394750551514187,76.29488424189452,147300,39.4750551514187
34.848007,60,2312.79679,False,True,0.0463775260873018,83.43916484934027,147360,46.3775260873018
-17.041408,60,2315.355945,False,True,0.0799866094382947,80.48304884008968,147420,79.9866094382947
80.659719,60,2315.754424,False,True,0.019772067115013,89.94805930554794,147480,19.772067115013
23.397984,60,2315.773247,False,True,0.041504370736785,77.1976947523281,147540,41.504370736785
20.011517,60,2316.479714,False,True,0.044282951651853,86.67228452320442,147600,44.282951651853004
84.807654,60,2318.346823,False,True,0.0198933988616916,88.85664608943465,147660,19.8933988616916
-12.689879,60,2318.743777,False,True,0.0703119435098847,89.50026836682781,147720,70.3119435098847
21.42924,60,2318.764556,False,True,0.0576789174466472,85.53217580982668,147780,57.678917446647205
13.035012,60,2319.471023,False,True,0.058370682085889,89.87581685090807,147840,58.370682085888994
49.979398,60,2322.063134,False,True,0.0364280203067935,80.19035902424926,147900,36.4280203067935
133.060505,60,2322.459562,False,True,0.0203027834162967,86.4512118357285,147960,20.3027834162967
160.713487,60,2322.488454,False,True,0.0228588883360473,77.461437644909,148020,22.858888336047297
-26.807119,60,2323.19294,False,True,0.0916660804243634,80.33301769160286,148080,91.6660804243634
-6.977196,60,2324.983891,False,True,0.0573568087878831,76.17934892945952,148140,57.356808787883104
158.421307,60,2325.387053,False,True,0.0235637497947204,83.75129885757359,148200,23.563749794720398
-25.176818,60,2325.412914,False,True,0.0946004497595195,89.58234967906384,148260,94.6004497595195
163.707194,60,2326.117197,False,True,0.0189374023819596,89.4328065885942,148320,18.937402381959597
-13.838132,60,2328.697988,False,True,0.0626398727691704,84.70108999650512,148380,62.639872769170395
269.677439,60,2329.094928,False,True,0.0026737972655823,88.98134472457726,148440,2.6737972655823
142.798226,60,2329.126824,False,True,0.0077944995608405,83.84282567890791,148500,7.794499560840499
-4.656354,60,2329.834291,False,True,0.0632924347910956,80.94772679259522,148560,63.2924347910956
120.382625,60,2331.525352,False,True,0.0196556776970331,89.23848665435105,148620,19.655677697033102
-5.426281,60,2331.924308,False,True,0.0628079174142577,88.74088366783704,148680,62.8079174142577
223.092976,60,2331.944099,False,True,0.0080203134271847,85.80518238268368,148740,8.0203134271847
-26.850754,60,2332.650566,False,True,0.0954794517887406,83.9788092662547,148800,95.47945178874059
156.991486,60,2335.139692,False,True,0.0089313813871589,85.8792480781372,148860,8.9313813871589
4.657356,60,2335.54217,False,True,0.0559293805988941,85.0579886035037,148920,55.9293805988941
-28.787286,60,2335.565531,False,True,0.0955033488102163,83.60234299352692,148980,95.5033488102163
-16.376055,60,2336.282542,False,True,0.078692045136525,85.06425995305364,149040,78.692045136525
205.918382,60,2338.002975,False,True,0.010920496158765,80.45360967176619,149100,10.920496158765
66.629826,60,2338.400932,False,True,0.0454583543119015,88.82268501686399,149160,45.458354311901495
149.126276,60,2338.429812,False,True,0.0210506134905197,89.48420305692525,149220,21.0506134905197
25.05888,60,2339.135281,False,True,0.0499729825387683,88.63612264841268,149280,49.9729825387683
277.009812,60,2341.700475,False,True,0.0040367905593729,81.88388308485072,149340,4.0367905593729
39.665025,60,2342.094912,False,True,0.0445676325768252,67.2171293730706,149400,44.567632576825204
57.994038,60,2342.130335,False,True,0.0412250679305176,76.77525428088994,149460,41.225067930517596
191.228399,60,2342.82827,False,True,0.0142588059406716,89.44879607345236,149520,14.2588059406716
81.087416,60,2344.499873,False,True,0.0198568839787246,81.1708295233198,149580,19.8568839787246
-26.755372,60,2344.894321,False,True,0.0951392147993462,83.17079124038987,149640,95.1392147993462
-29.408832,60,2344.919202,False,True,0.0777409565283141,87.92966867985776,149700,77.7409565283141
41.418068,60,2345.630666,False,True,0.0474292259274821,87.30691555218385,149760,47.42922592748209
58.617263,60,2347.245449,False,True,0.0314649703387518,80.86633650689143,149820,31.4649703387518
250.772835,60,2347.642376,False,True,0.0057970783925691,80.86956623540593,149880,5.7970783925691
-37.320379,60,2347.671288,False,True,0.1130902263126048,76.9438857031492,149940,113.0902263126048
-14.391111,60,2348.378751,False,True,0.0801592338103571,80.11229134538237,150000,80.1592338103571
78.615428,60,2350.884264,False,True,0.033031941808639,89.41460899727407,150060,33.031941808639
8.351306,60,2351.281198,False,True,0.0549395169066316,81.23587661663453,150120,54.939516906631596
189.068196,60,2351.297564,False,True,0.0143962596249694,81.85466071543286,150180,14.396259624969401
79.357471,60,2352.005027,False,True,0.0346547485550055,84.91803645475753,150240,34.6547485550055
134.076357,60,2353.627974,False,True,0.0101010214358034,73.40163937271157,150300,10.1010214358034
-27.608176,60,2354.034103,False,True,0.0842534330307563,85.0062939858557,150360,84.2534330307563
225.854236,60,2354.056433,False,True,0.0097856272113284,77.73410602571778,150420,9.7856272113284
221.959424,60,2354.772473,False,True,0.0055394997094687,88.07847921975397,150480,5.5394997094687
27.812245,60,2357.404101,False,True,0.0495020037578474,84.9247574282611,150540,49.5020037578474
69.977401,60,2357.796023,False,True,0.027826198970774,81.18954822774263,150600,27.826198970773998
232.420161,60,2357.828895,False,True,0.000946515902134,85.38358195024934,150660,0.9465159021339999
55.201795,60,2358.52779,False,True,0.0212803836259314,87.31605499455023,150720,21.2803836259314
192.10285,60,2360.36799,False,True,0.0074628233924418,83.1472958338203,150780,7.4628233924418
-21.291047,60,2360.751866,False,True,0.081882647871399,86.12963590182726,150840,81.882647871399
-2.252521,60,2360.785285,False,True,0.0650027648421847,76.80055080549289,150900,65.0027648421847
140.696951,60,2361.489756,False,True,0.0163834794067279,85.88977123353513,150960,16.3834794067279
-0.1274,60,2363.992645,False,True,0.0549149290875913,88.6745202417948,151020,54.9149290875913
43.169676,60,2364.404164,False,True,0.0368403480159037,74.26481757681893,151080,36.8403480159037
97.522162,60,2364.418484,False,True,0.0240689668147955,85.33411865902525,151140,24.0689668147955
228.044252,60,2365.13951,False,True,0.0041865183250176,89.58257612229286,151200,4.1865183250176
-17.636687,60,2366.955261,False,True,0.0761727621359041,79.30030643196092,151260,76.1727621359041
-35.871264,60,2367.354218,False,True,0.1433586616252616,82.90501622075305,151320,143.3586616252616
7.342338,60,2367.371026,False,True,0.0407708120092666,89.41256270116403,151380,40.7708120092666
121.057482,60,2368.078487,False,True,0.0344084631909918,87.16573729782235,151440,34.408463190991796
-17.925061,60,2370.691515,False,True,0.080318314850599,87.74368878676971,151500,80.318314850599
28.119614,60,2371.087957,False,True,0.0477809201719829,88.67149359840505,151560,47.7809201719829
200.220485,60,2371.104841,False,True,0.0073024531397084,82.81716513343322,151620,7.302453139708399
213.29548,60,2371.811308,False,True,0.0016462221696553,83.92931520203112,151680,1.6462221696552999
-21.054887,60,2373.543865,False,True,0.0835280464721767,85.12341126798871,151740,83.5280464721767
-9.520155,60,2373.940822,False,True,0.0699167204097369,85.26712809297122,151800,69.9167204097369
222.216031,60,2373.967712,False,True,0.0049863661945698,83.83789520044736,151860,4.986366194569801
-22.579045,60,2374.676171,False,True,0.0837988973918022,89.29886974357461,151920,83.7988973918022
191.379484,60,2377.301661,False,True,0.005026995631159,83.97590008455192,151980,5.026995631159
-22.173638,60,2377.699618,False,True,0.0906188583443613,88.75995815901555,152040,90.6188583443613
41.586286,60,2377.722394,False,True,0.0329236562260153,87.57008318907526,152100,32.9236562260153
166.544098,60,2378.428861,False,True,0.0007944252912676,88.14770596012663,152160,0.7944252912676
266.715107,60,2380.04236,False,True,0.0229093152222055,85.91687985142434,152220,22.9093152222055
56.968533,60,2380.435099,False,True,0.0361869038710188,88.78353994906965,152280,36.1869038710188
-21.522186,60,2380.457812,False,True,0.0891180762421944,85.45914845495719,152340,89.11807624219439
45.068521,60,2381.162773,False,True,0.0292649564410524,89.46716301527859,152400,29.2649564410524
233.271587,60,2383.765091,False,True,0.0035391194124384,79.7866383297335,152460,3.5391194124384002
242.635008,60,2384.164063,False,True,0.0055203913692506,84.41549571575115,152520,5.5203913692506
146.275962,60,2384.185421,False,True,0.0103306130428176,89.89962610491595,152580,10.330613042817602
9.386596,60,2384.891888,False,True,0.0511833540436066,83.8892646097436,152640,51.1833540436066
210.822111,60,2386.587649,False,True,0.0128389178290497,85.13266358064509,152700,12.8389178290497
-29.558752,60,2386.980573,False,True,0.0964115762537674,78.06076184255234,152760,96.4115762537674
240.077595,60,2387.005452,False,True,0.0078089043881125,81.19138074126998,152820,7.8089043881124995
-9.988764,60,2387.70835,False,True,0.0710223790796761,85.9601664434093,152880,71.0223790796761
118.58476,60,2390.369354,False,True,0.0302014449731231,73.93706452521285,152940,30.2014449731231
284.954551,60,2390.764319,False,True,0.0101513085135739,78.04725804459962,153000,10.1513085135739
5.668398,60,2390.797725,False,True,0.0588344041377969,73.74672036496662,153060,58.8344041377969
-27.977784,60,2391.512204,False,True,0.0922946269236934,85.741094543349,153120,92.2946269236934
14.241776,60,2393.307236,False,True,0.0517340367115122,75.46379914059233,153180,51.7340367115122
68.409141,60,2393.69701,False,True,0.0389595510888656,81.23173319027188,153240,38.959551088865595
131.87491,60,2393.732053,False,True,0.019667735304693,82.01906309865669,153300,19.667735304693
165.967554,60,2394.431359,False,True,0.0163877377319157,88.68368688013011,153360,16.387737731915703
132.288112,60,2396.390683,False,True,0.0155264571768123,87.89461408956953,153420,15.526457176812299
69.953763,60,2396.78864,False,True,0.0365973232685169,88.34131556567664,153480,36.597323268516895
202.224601,60,2396.804981,False,True,0.0329200377111537,89.89970574478089,153540,32.9200377111537
-6.543035,60,2397.511448,False,True,0.0703369563585789,86.64825000955891,153600,70.33695635857889
222.339188,60,2400.022934,False,True,0.0017077509702618,87.77959038761912,153660,1.7077509702618001
66.567726,60,2400.433956,False,True,0.0419639757144499,83.40682593453725,153720,41.9639757144499
21.079365,60,2400.448773,False,True,0.0470251561645794,83.54981708568701,153780,47.0251561645794
-12.733733,60,2401.168305,False,True,0.0735367235030511,70.35031933983117,153840,73.53672350305109
0.625085,60,2402.975114,False,True,0.0632182051218571,87.19900668176841,153900,63.218205121857096
127.398313,60,2403.372073,False,True,0.0220702467509481,89.43725573089141,153960,22.0702467509481
-15.019333,60,2403.395302,False,True,0.0700703070166638,88.26757839864626,154020,70.07030701666379
276.770352,60,2404.101238,False,True,0.0045218371623634,86.45874076706819,154080,4.521837162363401
8.705377,60,2406.799126,False,True,0.0587650472565468,86.20613416779277,154140,58.7650472565468
-30.510711,60,2407.198083,False,True,0.0943888632944497,81.29188925688555,154200,94.3888632944497
19.475158,60,2407.2122,False,True,0.0533696942428263,82.56970526648014,154260,53.369694242826306
-25.96344,60,2407.918667,False,True,0.0931674584282156,83.3458191165693,154320,93.1674584282156
21.48057,60,2409.677749,False,True,0.0502755073975397,79.67832611628694,154380,50.2755073975397
207.318329,60,2410.079701,False,True,0.0011083458158226,88.59560577153066,154440,1.1083458158226
-22.823247,60,2410.10159,False,True,0.0923325578910849,79.77187660933103,154500,92.33255789108489
122.456047,60,2410.82058,False,True,0.0023590561438689,85.61852617543678,154560,2.3590561438688997
57.444981,60,2413.345228,False,True,0.0371951023445863,88.51973764466958,154620,37.195102344586296
-11.747824,60,2413.751317,False,True,0.0744150385760491,85.80064665726226,154680,74.4150385760491
197.434223,60,2413.779199,False,True,0.0027628389005304,87.3911726925507,154740,2.7628389005304
89.758977,60,2414.477535,False,True,0.0177430491932205,79.48613203540374,154800,17.7430491932205
22.42945,60,2416.267416,False,True,0.0490795405809923,80.8366159934053,154860,49.0795405809923
61.610589,60,2416.673364,False,True,0.0327125115881642,87.94884953574241,154920,32.7125115881642
112.658272,60,2416.694253,False,True,0.0239810964752806,89.79674786572015,154980,23.9810964752806
-30.383016,60,2417.395446,False,True,0.1064280718394352,69.9833866748501,155040,106.4280718394352
141.373387,60,2420.001814,False,True,0.0216966441618903,89.03998453367613,155100,21.6966441618903
-28.81173,60,2420.399771,False,True,0.1027028674524646,77.40073179353546,155160,102.7028674524646
223.233397,60,2420.414492,False,True,0.0145096588820632,84.31309433054015,155220,14.5096588820632
101.894651,60,2421.120959,False,True,0.0292915566948262,84.05121820424833,155280,29.2915566948262
184.926196,60,2422.850015,False,True,0.0090254979225719,88.01049943523262,155340,9.0254979225719
181.33025,60,2423.248968,False,True,0.0044217369268506,84.62815198478157,155400,4.4217369268506
-36.083481,60,2423.289538,False,True,0.114704545566938,84.16950766622197,155460,114.704545566938
81.607934,60,2423.987875,False,True,0.0256500546518572,86.69546055870681,155520,25.6500546518572
-12.600954,60,2426.602853,False,True,0.0746081070233661,85.77820565766294,155580,74.60810702336609
15.8229,60,2426.986096,False,True,0.0532431932935163,89.71138844058422,155640,53.243193293516306
-40.939407,60,2427.028692,False,True,0.1319348192631582,84.53448515105846,155700,131.9348192631582
67.294108,60,2427.720445,False,True,0.0379339984972605,83.09344651361377,155760,37.9339984972605
17.641773,60,2429.464084,False,True,0.0486679196231631,78.91520742214249,155820,48.6679196231631
198.981363,60,2429.852451,False,True,0.0200767872169761,87.14766940874254,155880,20.0767872169761
-12.106687,60,2429.892914,False,True,0.0757581803363594,84.06818554629528,155940,75.75818033635939
31.897868,60,2430.586801,False,True,0.0456958998354629,87.47689807560897,156000,45.695899835462896
52.400999,60,2433.187861,False,True,0.0387867317853464,86.9729041969765,156060,38.7867317853464
-34.181643,60,2433.585818,False,True,0.1278976220303969,89.56833474336362,156120,127.89762203039689
136.94601,60,2433.601702,False,True,0.0235226563783891,88.5352767393401,156180,23.5226563783891
136.975538,60,2434.308169,False,True,0.0195893005601339,81.31827898823961,156240,19.5893005601339
40.34268,60,2436.121226,False,True,0.0358772813464117,87.66057139693811,156300,35.8772813464117
92.138975,60,2436.506642,False,True,0.0186779692949754,86.78825518274034,156360,18.6779692949754
24.921098,60,2436.546066,False,True,0.0482432094584095,78.95080009436688,156420,48.2432094584095
81.469583,60,2437.240992,False,True,0.022557789951557,89.11408756816938,156480,22.557789951557
135.720807,60,2439.818561,False,True,0.0204851407215197,74.95105384372064,156540,20.485140721519702
201.4948,60,2440.210845,False,True,0.0162947681157883,87.3737699465008,156600,16.2947681157883
101.996304,60,2440.246396,False,True,0.0388848960471161,86.95646144326734,156660,38.8848960471161
44.434711,60,2440.946301,False,True,0.0368496185627505,73.02969472395337,156720,36.8496185627505
24.224318,60,2442.680494,False,True,0.0477026743305803,89.05644162138931,156780,47.7026743305803
145.208833,60,2443.078451,False,True,0.0178696243543654,83.27427779568282,156840,17.8696243543654
-10.376746,60,2443.106333,False,True,0.0644414828967294,87.60383300162869,156900,64.4414828967294
-6.800904,60,2443.8128,False,True,0.0667910739735762,86.5162966090111,156960,66.7910739735762
-1.433638,60,2446.368566,False,True,0.0640657306155064,89.0501709612734,157020,64.0657306155064
118.235333,60,2446.753706,False,True,0.0228246321517033,87.8364228429355,157080,22.8246321517033
72.829185,60,2446.78788,False,True,0.013847084110673,77.99739033633406,157140,13.847084110672998
-25.752157,60,2447.491038,False,True,0.0847121189941585,89.93765213029272,157200,84.7121189941585
7.542985,60,2449.182826,False,True,0.0507438688401118,78.01890849711029,157260,50.743868840111794
-26.321255,60,2449.588347,False,True,0.0837307399627236,87.94360867908814,157320,83.73073996272359
310.054785,60,2449.607093,False,True,0.0041666450773928,87.6532854489982,157380,4.1666450773928
-38.638454,60,2450.319156,False,True,0.1118305034929247,81.68834063011886,157440,111.8305034929247
-10.261848,60,2452.006355,False,True,0.0734138737190776,87.55518922356526,157500,73.4138737190776
34.44161,60,2452.402828,False,True,0.0416687849959047,84.63183370946516,157560,41.6687849959047
230.266675,60,2452.419112,False,True,0.0045509128447131,88.51264176153386,157620,4.5509128447131
33.838005,60,2453.125579,False,True,0.0361624629903018,88.521105352029,157680,36.1624629903018
254.076574,60,2455.723443,False,True,0.0041555097111992,88.68273861597731,157740,4.1555097111992
75.186713,60,2456.1214,False,True,0.0346071341234167,82.28554448117191,157800,34.6071341234167
9.885691,60,2456.137116,False,True,0.0524412522552894,85.33995686619534,157860,52.4412522552894
90.810487,60,2456.842596,False,True,0.0346651297505663,84.00158419341071,157920,34.6651297505663
95.482577,60,2458.50253,False,True,0.0250928643679198,75.14702041157327,157980,25.092864367919802
55.35467,60,2458.8929,False,True,0.0325271918635457,86.95511262961693,158040,32.527191863545696
229.201287,60,2458.931361,False,True,0.0192712381487019,89.50889172257563,158100,19.2712381487019
22.576949,60,2459.628245,False,True,0.0507778042944248,85.11600611863575,158160,50.7778042944248
135.430071,60,2462.106475,False,True,0.0328982624787058,86.96526963656858,158220,32.8982624787058
-16.134389,60,2462.50341,False,True,0.0673484056899992,81.3662895570786,158280,67.3484056899992
-11.490919,60,2462.526746,False,True,0.062308187117517,86.4586687897964,158340,62.308187117516994
287.992109,60,2463.234237,False,True,0.0010073396838608,85.50578511333518,158400,1.0073396838608
116.445051,60,2464.948308,False,True,0.0212415074995854,87.68279310322629,158460,21.2415074995854
68.81419,60,2465.3332,False,True,0.0398087801484311,88.41819232370878,158520,39.808780148431104
71.157726,60,2465.369624,False,True,0.0441454952808731,86.67424784293318,158580,44.1454952808731
-0.132149,60,2466.067549,False,True,0.057373371821224,83.13670825045286,158640,57.373371821224
2.111262,60,2468.553004,False,True,0.049747578999101,80.81858773458504,158700,49.747578999100995
28.662677,60,2468.944413,False,True,0.0424722380793394,89.94641730603736,158760,42.4722380793394
-34.146739,60,2468.972295,False,True,0.1089507552830126,86.25992319712165,158820,108.9507552830126
-20.890124,60,2469.685826,False,True,0.0917840372431091,81.90320082432022,158880,91.7840372431091
77.994886,60,2471.477245,False,True,0.024991695767496,84.69410507734545,158940,24.991695767495997
6.122864,60,2471.878263,False,True,0.0452540902233249,89.83278276860143,159000,45.254090223324894
78.776094,60,2471.904094,False,True,0.0383242845006687,87.52846966695785,159060,38.3242845006687
-12.177147,60,2472.611617,False,True,0.0644802110720003,79.03739397231675,159120,64.4802110720003
141.543013,60,2475.293747,False,True,0.0242004640697077,87.52884510914842,159180,24.2004640697077
15.350055,60,2475.691704,False,True,0.05206575983781,84.12905622989899,159240,52.06575983781
67.572669,60,2475.719587,False,True,0.0341426835845924,82.74375244683381,159300,34.142683584592405
106.984559,60,2476.428602,False,True,0.0218052897244564,80.21338940652318,159360,21.8052897244564
23.529531,60,2478.17073,False,True,0.0503517694800255,88.84774294065659,159420,50.3517694800255
195.726942,60,2478.578974,False,True,0.0087942883663316,85.57412071512776,159480,8.7942883663316
263.463333,60,2478.59758,False,True,0.0012225106068148,87.19599736148614,159540,1.2225106068148
276.81385,60,2479.314318,False,True,0.0071202688037827,89.01186772519878,159600,7.1202688037827
85.782456,60,2481.846708,False,True,0.0333267864457791,88.76984295653921,159660,33.3267864457791
319.202913,60,2482.244665,False,True,0.0073196261012749,85.99516289190218,159720,7.3196261012749
59.932279,60,2482.28008,False,True,0.0365504349507833,76.84076585844008,159780,36.5504349507833
214.368262,60,2482.986547,False,True,0.0070872221731889,88.83061656184829,159840,7.087222173188899
-18.819078,60,2484.701469,False,True,0.0786158211887138,87.80061247694195,159900,78.6158211887138
37.559914,60,2485.099426,False,True,0.0453887636001562,89.29808268165846,159960,45.3887636001562
62.452157,60,2485.115737,False,True,0.0358198882141255,87.26682598658596,160020,35.819888214125505
294.627348,60,2485.822204,False,True,0.0053512852668533,85.44042814582195,160080,5.3512852668533
-45.974881,60,2488.449694,False,True,0.1378828793703384,86.85593018401448,160140,137.8828793703384
199.935113,60,2488.861725,False,True,0.0092830597972991,83.35763631021985,160200,9.2830597972991
32.205578,60,2488.889607,False,True,0.0443301274296449,86.72851010928095,160260,44.3301274296449
-41.17133,60,2489.582,False,True,0.1282102276254864,87.66239982375566,160320,128.2102276254864
219.542068,60,2491.325605,False,True,0.005081824025146,83.82905312490298,160380,5.081824025146
186.950457,60,2491.723562,False,True,0.0257761023082707,89.63992476278253,160440,25.776102308270698
121.654933,60,2491.747451,False,True,0.0301409038759568,79.22899794962848,160500,30.140903875956802
30.479282,60,2492.453918,False,True,0.0431597392701696,80.90790159324612,160560,43.159739270169595
-33.432471,60,2495.06193,False,True,0.1028607291741118,88.25906626611881,160620,102.86072917411181
-22.176977,60,2495.458372,False,True,0.0788624400449899,87.50766066840725,160680,78.86244004498991
341.207107,60,2495.490795,False,True,0.001920877743357,87.79702237986224,160740,1.920877743357
61.620048,60,2496.192722,False,True,0.0332799561639197,88.5952760878826,160800,33.2799561639197
18.643043,60,2497.98425,False,True,0.0430277706511496,81.70375048130518,160860,43.0277706511496
-30.483414,60,2498.382207,False,True,0.0992354005527613,78.93833305581296,160920,99.23540055276129
204.376086,60,2498.397937,False,True,8.205564967819767e-06,82.66586503178176,160980,0.008205564967819767
4.147716,60,2499.104403,False,True,0.0557506023524423,81.51084343125011,161040,55.7506023524423
197.111573,60,2500.849258,False,True,0.007492904575374,77.7023633718411,161100,7.492904575374
193.044703,60,2501.248746,False,True,0.0088544323236297,68.94756645038464,161160,8.8544323236297
79.8181,60,2501.281671,False,True,0.0332035833736025,87.27532082403805,161220,33.2035833736025
36.337011,60,2501.988138,False,True,0.0363429024151253,87.55814598134856,161280,36.3429024151253
43.162479,60,2504.43477,False,True,0.0345401921670857,85.3251420878958,161340,34.5401921670857
-35.037892,60,2504.822685,False,True,0.1253190386857623,83.0568276261079,161400,125.31903868576231
30.810845,60,2504.850568,False,True,0.051966095719839,82.82813075685229,161460,51.966095719839
-25.498786,60,2505.568094,False,True,0.0942379623423074,88.5573568215425,161520,94.2379623423074
128.062219,60,2507.286436,False,True,0.0175938460497237,84.01307369498679,161580,17.5938460497237
13.102693,60,2507.684393,False,True,0.056912619675511,86.0046580553777,161640,56.912619675510996
128.713747,60,2507.712276,False,True,0.0283499920511287,86.43364182023524,161700,28.349992051128698
55.499736,60,2508.413952,False,True,0.038787963197854,83.9716404564027,161760,38.787963197854
78.383442,60,2510.931665,False,True,0.0239002115211407,82.2438645582163,161820,23.9002115211407
29.40187,60,2511.328559,False,True,0.0440797289611745,75.78906542197691,161880,44.0797289611745
-31.118059,60,2511.358494,False,True,0.0997800096011887,85.55269578103915,161940,99.7800096011887
166.721703,60,2512.06696,False,True,0.0061734723327997,71.4610903563499,162000,6.1734723327997
229.578761,60,2513.892213,False,True,0.0014950972402018,86.27107884241755,162060,1.4950972402018
-2.89815,60,2514.29117,False,True,0.0622130474848165,89.67545341969532,162120,62.2130474848165
67.754948,60,2514.318053,False,True,0.0311647015774522,88.73798367143279,162180,31.1647015774522
303.538866,60,2515.029033,False,True,0.0014438631110938,79.84443855896313,162240,1.4438631110938
317.952098,60,2517.556068,False,True,0.0007473519384067,81.33131853140091,162300,0.7473519384067
-4.57575,60,2517.962577,False,True,0.0613320037336661,80.90085471612014,162360,61.332003733666106
-23.458692,60,2517.981393,False,True,0.0866214272520926,84.17472789531874,162420,86.6214272520926
-32.837083,60,2518.696926,False,True,0.1058661932396165,89.75496952021045,162480,105.8661932396165
175.728476,60,2520.581596,False,True,0.0201177062861339,85.85294781579329,162540,20.1177062861339
12.418444,60,2520.979553,False,True,0.0624487662669141,83.83285492703556,162600,62.4487662669141
227.974533,60,2520.995808,False,True,0.0090593157584656,83.45891463845821,162660,9.0593157584656
145.865281,60,2521.698706,False,True,0.0235346970913665,84.20874012266079,162720,23.5346970913665
-10.741061,60,2524.276788,False,True,0.0794226122662407,79.97217183698724,162780,79.4226122662407
173.773586,60,2524.674745,False,True,0.0148477284467834,82.40327114938417,162840,14.8477284467834
-30.101364,60,2524.691059,False,True,0.0892660802852677,82.17618172524631,162900,89.26608028526769
168.248272,60,2525.397526,False,True,0.013210636504429,73.42337646376981,162960,13.210636504428999
46.794873,60,2527.205474,False,True,0.0429001907228142,78.96519188613412,163020,42.9001907228142
183.137761,60,2527.60795,False,True,0.0201916127904137,84.00175211518659,163080,20.1916127904137
50.495436,60,2527.636861,False,True,0.0446167932362938,86.70179814787575,163140,44.6167932362938
338.346215,60,2528.335213,False,True,0.0065538875077012,76.31116683875408,163200,6.5538875077012
200.357466,60,2530.866258,False,True,0.0065163549732163,81.8467313189219,163260,6.5163549732163
-9.739214,60,2531.265213,False,True,0.0546560743238637,83.90341257764855,163320,54.6560743238637
21.655056,60,2531.302154,False,True,0.0519758327538989,78.25628342808197,163380,51.9758327538989
255.3168,60,2532.000073,False,True,0.0130709812821916,76.31544366277734,163440,13.070981282191601
409.426437,60,2533.819063,False,True,0.0007654711117002,88.6154311703855,163500,0.7654711117002
-28.135498,60,2534.218017,False,True,0.0882857855632498,79.91524466525286,163560,88.2857855632498
135.233709,60,2534.241859,False,True,0.0243086172158949,84.85633358955985,163620,24.308617215894902
217.887226,60,2534.948326,False,True,0.004994561945858,85.59595466037526,163680,4.994561945858
259.841407,60,2537.49282,False,True,0.0069097681948846,82.14800200671617,163740,6.9097681948846
-11.665118,60,2537.886212,False,True,0.0715380567261783,83.13802109096439,163800,71.5380567261783
-19.002482,60,2537.92768,False,True,0.0772247022245657,80.45714702946768,163860,77.2247022245657
308.154343,60,2538.628136,False,True,0.0040885897884139,88.31697024573614,163920,4.0885897884139
101.205876,60,2540.369583,False,True,0.0305187184935729,75.2363779184768,163980,30.5187184935729
49.159455,60,2540.76754,False,True,0.0378267899630448,88.57240638213469,164040,37.8267899630448
-36.533222,60,2540.794423,False,True,0.1322225716744558,75.80204202841497,164100,132.22257167445582
77.951568,60,2541.501889,False,True,0.0293614497295319,88.54508294418463,164160,29.361449729531902
35.685795,60,2543.993437,False,True,0.0402807763380004,79.35311700616442,164220,40.2807763380004
90.398226,60,2544.392384,False,True,0.0308826557349245,89.71562486361378,164280,30.8826557349245
25.439448,60,2544.413714,False,True,0.0560814353435434,81.35827575519355,164340,56.081435343543404
-15.027551,60,2545.120181,False,True,0.0670807840934896,87.23340904777525,164400,67.0807840934896
-0.468597,60,2546.937995,False,True,0.0525119721890402,89.70738538223769,164460,52.5119721890402
280.311522,60,2547.331403,False,True,0.001092962738838,87.46972960337631,164520,1.0929627388379999
-4.386325,60,2547.354151,False,True,0.0692681635596415,88.52218811235024,164580,69.2681635596415
3.682844,60,2548.063609,False,True,0.0559248867061376,87.56993156410202,164640,55.9248867061376
-45.156181,60,2550.69351,False,True,0.1226964090891542,83.29874867095126,164700,122.6964090891542
12.420379,60,2551.081311,False,True,0.0601502011607185,77.87020208993968,164760,60.1502011607185
-1.379013,60,2551.121344,False,True,0.0671519902777158,82.71623839997399,164820,67.1519902777158
-23.170077,60,2551.81566,False,True,0.0824338364883584,87.67919211545635,164880,82.43383648835841
4.370066,60,2553.562509,False,True,0.0634332270705445,86.18589297926758,164940,63.4332270705445
10.199549,60,2553.973582,False,True,0.056977438370093,85.20434976405805,165000,56.977438370093004
113.972739,60,2553.988348,False,True,0.0292703745973531,82.73487065639286,165060,29.2703745973531
54.716516,60,2554.707932,False,True,0.0378037244577845,86.673775744211,165120,37.803724457784504
274.569364,60,2556.505364,False,True,0.0102876273534727,89.40290571959191,165180,10.287627353472699
71.899059,60,2556.893095,False,True,0.0294372813496324,89.61218888303772,165240,29.4372813496324
12.81722,60,2556.918007,False,True,0.0505166579305935,88.539896769179,165300,50.516657930593496
39.713023,60,2557.633155,False,True,0.0373758012074593,87.99979505210665,165360,37.3758012074593
15.072499,60,2560.193844,False,True,0.0324333132393589,82.4323818213503,165420,32.4333132393589
-0.76508,60,2560.578801,False,True,0.0572648231810781,84.97389898642999,165480,57.2648231810781
159.146147,60,2560.614689,False,True,0.0047338634811588,88.11895315341536,165540,4.7338634811588
-3.458372,60,2561.313151,False,True,0.047655267719151,89.29119999993536,165600,47.655267719151
25.77874,60,2563.10909,False,True,0.0527402275250251,82.26749031794941,165660,52.7402275250251
-19.764187,60,2563.502058,False,True,0.0792123294205996,80.72961776131483,165720,79.2123294205996
104.764461,60,2563.525681,False,True,0.0254817659238725,88.40743438282715,165780,25.481765923872498
-1.336688,60,2564.22892,False,True,0.0630292341923523,87.04785799188733,165840,63.029234192352305
230.429175,60,2566.805258,False,True,0.0033443736039835,84.19966721486172,165900,3.3443736039834997
115.679271,60,2567.203215,False,True,0.0106831770613513,87.21157100291673,165960,10.6831770613513
76.475975,60,2567.222803,False,True,0.0293623360642273,79.01639677961694,166020,29.3623360642273
5.525068,60,2567.92927,False,True,0.0557677964342665,87.18641469972273,166080,55.7677964342665
49.677425,60,2569.793612,False,True,0.0155156926497028,81.06411808946454,166140,15.5156926497028
-3.035014,60,2570.187534,False,True,0.0661823667148284,82.20233101505298,166200,66.18236671482839
59.530219,60,2570.219452,False,True,0.0287027178887976,88.53102366921541,166260,28.7027178887976
-8.026651,60,2570.921884,False,True,0.0621837459983836,84.86243158056146,166320,62.1837459983836
6.239984,60,2573.442803,False,True,0.0528632919281014,82.90675659423637,166380,52.863291928101404
53.94121,60,2573.846853,False,True,0.0215914083125137,86.99136435459259,166440,21.5914083125137
156.878632,60,2573.868642,False,True,0.0135684379676033,86.98208459860278,166500,13.5684379676033
147.025002,60,2574.581202,False,True,0.0021667621118393,89.4757346761809,166560,2.1667621118393
-23.590993,60,2576.459701,False,True,0.0932052947373858,89.15903612038554,166620,93.2052947373858
169.876657,60,2576.845059,False,True,0.002841131575768,75.32994716155999,166680,2.841131575768
63.093299,60,2576.875962,False,True,0.0399914005278917,86.69875265755297,166740,39.9914005278917
56.688744,60,2577.587964,False,True,0.0409883559964268,89.07526513446564,166800,40.9883559964268
-2.369919,60,2580.201737,False,True,0.058665229245334,80.42554705930162,166860,58.665229245334004
42.578578,60,2580.599694,False,True,0.0269233110296498,88.93359184137715,166920,26.9233110296498
43.355864,60,2580.613871,False,True,0.0296261713314734,82.79064258807735,166980,29.6261713314734
-23.088242,60,2581.320338,False,True,0.086503550756737,89.06070301566858,167040,86.503550756737
-24.112551,60,2583.112679,False,True,0.0924211934843907,86.4198423783902,167100,92.42119348439071
33.472253,60,2583.509105,False,True,0.0352856521283201,80.82038785052593,167160,35.285652128320095
120.157239,60,2583.535992,False,True,0.0188310996254938,85.8941449812207,167220,18.8310996254938
250.378132,60,2584.243454,False,True,0.0039904628097103,78.78925238574351,167280,3.9904628097102997
168.050305,60,2586.798343,False,True,0.0104949205575877,87.99660199911642,167340,10.4949205575877
80.610363,60,2587.18629,False,True,0.0302946250014668,79.15137645764598,167400,30.2946250014668
81.331274,60,2587.223183,False,True,0.0370699280374774,84.85124149850644,167460,37.069928037477396
15.449029,60,2587.920639,False,True,0.0536623023594146,87.31993237584562,167520,53.662302359414596
82.213818,60,2589.599915,False,True,0.0083383903959946,87.24266776833797,167580,8.3383903959946
-10.986724,60,2589.994212,False,True,0.061099767938562,84.8178977725465,167640,61.099767938561996
-12.144426,60,2590.027749,False,True,0.0754879135493384,81.34361248608073,167700,75.4879135493384
-20.540903,60,2590.741745,False,True,0.083202283213233,86.20619509891353,167760,83.202283213233
200.711465,60,2593.32503,False,True,0.0140704211279899,87.89621710084593,167820,14.0704211279899
135.353712,60,2593.70939,False,True,0.0270376983582289,89.14692256012053,167880,27.0376983582289
22.622772,60,2593.748825,False,True,0.0372598161794195,84.19034678929384,167940,37.2598161794195
-29.122703,60,2594.444731,False,True,0.0951400619719084,88.95706033260029,168000,95.1400619719084
264.894251,60,2596.161694,False,True,0.0165479007306651,80.91538994061227,168060,16.5479007306651
74.278546,60,2596.549582,False,True,0.0329772033004659,79.63220572105458,168120,32.9772033004659
236.110933,60,2596.580874,False,True,0.0138875267954863,85.25195859570478,168180,13.8875267954863
37.625932,60,2597.281929,False,True,0.0362128930712479,88.16527836777198,168240,36.2128930712479
32.080417,60,2599.8245,False,True,0.0458199092471891,89.8437364213782,168300,45.8199092471891
162.453438,60,2600.222457,False,True,0.0184135102134414,88.88472930242574,168360,18.413510213441402
113.43753,60,2600.243282,False,True,0.0213809831751434,87.19761335859543,168420,21.3809831751434
2.271342,60,2600.949749,False,True,0.0593919033613419,88.47450227915509,168480,59.391903361341896
129.490224,60,2602.608529,False,True,0.0160468646915976,83.76897983099273,168540,16.046864691597598
137.289022,60,2602.994236,False,True,0.0177992081447548,83.90516964861568,168600,17.7992081447548
115.612151,60,2603.022118,False,True,0.0238039687399612,78.88756243722848,168660,23.803968739961203
28.675392,60,2603.739838,False,True,0.0473906901201107,86.89991957573558,168720,47.3906901201107
119.266614,60,2605.580348,False,True,0.0258202770206097,78.99821402688393,168780,25.8202770206097
-29.621539,60,2605.978305,False,True,0.0975350600489228,87.48937031141963,168840,97.5350600489228
91.772704,60,2606.010183,False,True,0.0310113928390798,73.50979631627115,168900,31.0113928390798
160.003738,60,2606.708656,False,True,0.025556272677117,89.47264899683297,168960,25.556272677117
305.671026,60,2609.323192,False,True,0.000874635595865,85.49988070243526,169020,0.8746355958650001
171.857492,60,2609.721148,False,True,0.0061567019210764,84.35714829143254,169080,6.1567019210764
1.869924,60,2609.740444,False,True,0.061118309867029,89.958793365388,169140,61.118309867029
240.9434,60,2610.446911,False,True,0.0138701074744775,89.89141167774366,169200,13.8701074744775
-4.919029,60,2612.133402,False,True,0.0676653839718437,80.94240883725541,169260,67.6653839718437
96.222791,60,2612.531359,False,True,0.0344134826554802,89.8205893109694,169320,34.4134826554802
55.76571,60,2612.546795,False,True,0.0413436574043529,87.166670083458,169380,41.343657404352896
-22.748411,60,2613.252276,False,True,0.0851140845734778,86.17250865782209,169440,85.1140845734778
46.296498,60,2615.724715,False,True,0.0431087770728326,86.9827836593619,169500,43.1087770728326
-8.291302,60,2616.121161,False,True,0.0550688575563309,84.60168211501902,169560,55.0688575563309
42.395499,60,2616.150554,False,True,0.0372159052004395,88.44142861645562,169620,37.2159052004395
67.217828,60,2616.855511,False,True,0.0336780565140497,85.50321682855076,169680,33.6780565140497
-17.420602,60,2618.589242,False,True,0.0769901581816008,81.15167072093203,169740,76.9901581816008
14.579597,60,2618.994704,False,True,0.0498122445319932,86.64458024538706,169800,49.8122445319932
16.644661,60,2619.019079,False,True,0.0427191845015848,87.74802029319042,169860,42.7191845015848
232.188598,60,2619.72055,False,True,0.0131037506544359,89.09728417225453,169920,13.1037506544359
7.423375,60,2622.283564,False,True,0.054338215707823,84.34817732803323,169980,54.338215707823
133.70175,60,2622.678519,False,True,0.0252811912713688,87.8395093598219,170040,25.2811912713688
9.549505,60,2622.7114,False,True,0.0562863582438925,86.41404145322142,170100,56.2863582438925
3.778849,60,2623.410867,False,True,0.0497824468789505,76.32849433912816,170160,49.782446878950495
86.492852,60,2625.237711,False,True,0.0274538020672191,87.00179442257213,170220,27.4538020672191
33.557596,60,2625.634649,False,True,0.0445393281221307,88.78352279455859,170280,44.5393281221307
88.561674,60,2625.65202,False,True,0.0363051745083847,87.32698190646262,170340,36.305174508384695
262.295732,60,2626.358487,False,True,0.0102150232399268,86.43556704863792,170400,10.2150232399268
27.223591,60,2628.838097,False,True,0.048060821168283,77.90975999961717,170460,48.060821168283
189.152638,60,2629.237036,False,True,0.0054472232743193,75.22785575743819,170520,5.4472232743193
171.959644,60,2629.261405,False,True,0.0083618143112481,80.82290102514375,170580,8.3618143112481
27.216323,60,2629.966332,False,True,0.0471932876181765,80.71477958845,170640,47.1932876181765
217.018945,60,2631.741397,False,True,0.0245254578756654,87.25608639086022,170700,24.5254578756654
219.333869,60,2632.134356,False,True,0.0056947603914383,87.04700047159466,170760,5.6947603914383
208.947652,60,2632.162238,False,True,0.007725326212015,85.21081909037754,170820,7.725326212015
67.952036,60,2632.864153,False,True,0.0193172925924733,83.83093965283454,170880,19.3172925924733
147.044283,60,2635.365603,False,True,0.0196912996138047,86.89564621723389,170940,19.691299613804702
296.03674,60,2635.774096,False,True,0.00446906784916,87.65372478181007,171000,4.46906784916
-29.681525,60,2635.791442,False,True,0.0916023548637559,88.10139378779587,171060,91.60235486375589
98.198206,60,2636.509444,False,True,0.0276525322258815,85.21838787686218,171120,27.6525322258815
71.619577,60,2638.239095,False,True,0.0367180570424976,84.26477522477444,171180,36.7180570424976
68.783661,60,2638.638047,False,True,0.0212356215238196,89.71432614672644,171240,21.2356215238196
60.183617,60,2638.66237,False,True,0.0264044953522857,77.79398510821376,171300,26.4044953522857
-30.649367,60,2639.368837,False,True,0.1064542526646668,85.61225366278646,171360,106.45425266466681
59.643148,60,2641.880341,False,True,0.0327719699238063,89.85707852771385,171420,32.7719699238063
17.373757,60,2642.275306,False,True,0.0544689376688449,84.39608791300695,171480,54.4689376688449
-32.696716,60,2642.30618,False,True,0.109872449273399,85.81890303880895,171540,109.872449273399
-12.709926,60,2643.009655,False,True,0.0719445517651849,89.11555469350057,171600,71.9445517651849
27.951295,60,2644.757582,False,True,0.0557818405953355,87.06780409276598,171660,55.7818405953355
185.033084,60,2645.155539,False,True,0.0088459571004948,86.24625911217707,171720,8.8459571004948
55.210202,60,2645.171897,False,True,0.0363981590630511,88.11195082718325,171780,36.3981590630511
-26.014945,60,2645.878364,False,True,0.079851703473629,82.8812411851208,171840,79.85170347362899
12.143819,60,2648.459088,False,True,0.0514014079706643,78.88462190102848,171900,51.4014079706643
94.809667,60,2648.853502,False,True,0.0219389406768181,85.43682377322719,171960,21.9389406768181
151.015751,60,2648.886925,False,True,0.0061648787749817,87.2611772113918,172020,6.1648787749817
-11.249836,60,2649.589377,False,True,0.0637887597284607,87.6968598896446,172080,63.7887597284607
15.038652,60,2651.362107,False,True,0.046680550211822,88.59193773916915,172140,46.680550211822
-21.645808,60,2651.760582,False,True,0.0739983688564712,86.34271822042659,172200,73.99836885647119
-17.565932,60,2651.79601,False,True,0.0680323538807495,86.80181899513461,172260,68.03235388074951
212.584643,60,2652.490419,False,True,0.0134354575500698,85.65537852827224,172320,13.4354575500698
130.330963,60,2655.169853,False,True,0.0164889094687779,81.04471227699351,172380,16.4889094687779
-7.907478,60,2655.565794,False,True,0.0700745980118553,80.71516528628206,172440,70.0745980118553
74.076664,60,2655.584605,False,True,0.0177390884535918,85.12179094602152,172500,17.7390884535918
23.119149,60,2656.290037,False,True,0.0319786838425248,89.84980861499126,172560,31.978683842524802
41.411972,60,2657.931351,False,True,0.0379119867415432,88.04962075361799,172620,37.911986741543195
91.841657,60,2658.327146,False,True,0.0298847108969964,83.80149007004437,172680,29.8847108969964
27.185586,60,2658.35821,False,True,0.0483121356637448,84.19547640354679,172740,48.312135663744805
222.294576,60,2659.061495,False,True,0.0081947411720327,84.76783509249901,172800,8.194741172032701
-21.381201,60,2660.760953,False,True,0.0883485973207866,89.77067218640777,172860,88.34859732078661
-27.029125,60,2661.154349,False,True,0.0851137982444133,86.43318609852064,172920,85.1137982444133
143.101237,60,2661.183227,False,True,0.0244564812476375,87.08176452743709,172980,24.456481247637498
195.806443,60,2661.89326,False,True,0.0045220130249905,87.00110694647789,173040,4.522013024990501
90.320202,60,2664.464408,False,True,0.0212866360406963,79.27795682928557,173100,21.2866360406963
135.856065,60,2664.85533,False,True,0.0122219030640709,89.4021080874906,173160,12.2219030640709
77.603957,60,2664.882215,False,True,0.0366039397883119,85.69824993652264,173220,36.6039397883119
-7.762344,60,2665.584126,False,True,0.0571615474214095,78.0411393112177,173280,57.161547421409495
177.232456,60,2667.334778,False,True,0.0054583929467372,88.60827652014359,173340,5.4583929467372005
101.308397,60,2667.732221,False,True,0.0149303729200449,85.4757806109205,173400,14.930372920044901
231.123178,60,2667.757115,False,True,0.003114789967075,74.33091768718005,173460,3.114789967075
-29.639266,60,2668.463582,False,True,0.1205136796858541,89.35395863583047,173520,120.5136796858541
96.389228,60,2671.058913,False,True,0.0266911157828478,77.16140475437945,173580,26.6911157828478
-31.960848,60,2671.458866,False,True,0.1006667684701219,80.89124480863543,173640,100.66676847012191
16.681886,60,2671.47718,False,True,0.0544247698111974,87.3736109513156,173700,54.4247698111974
131.493701,60,2672.183646,False,True,0.0113263816869129,84.98318208914382,173760,11.3263816869129
33.489084,60,2673.996418,False,True,0.0254624922513978,78.4326372740299,173820,25.4624922513978
83.794821,60,2674.395396,False,True,0.0331490589109195,81.82381606976506,173880,33.1490589109195
-19.583404,60,2674.412578,False,True,0.0811778552789864,87.85625015320876,173940,81.1778552789864
311.319723,60,2675.120047,False,True,0.0091387604241469,88.21301222983777,174000,9.138760424146898
123.970715,60,2677.849131,False,True,0.0365257724183595,80.70757061744004,174060,36.525772418359495
-33.792054,60,2678.247088,False,True,0.0991564163784535,87.37379449229515,174120,99.1564163784535
137.513787,60,2678.276487,False,True,0.0192867045126951,86.36619802340167,174180,19.2867045126951
7.613205,60,2678.982954,False,True,0.0495057832227931,84.05261462234424,174240,49.5057832227931
243.112312,60,2680.957643,False,True,0.0028585070607599,86.51840672755938,174300,2.8585070607598997
61.949373,60,2681.357602,False,True,0.0405635183776055,85.41612138296833,174360,40.563518377605504
105.69225,60,2681.389478,False,True,0.0427549082502098,89.63532099237526,174420,42.7549082502098
250.270462,60,2682.094946,False,True,0.0098856019843562,85.99517843265072,174480,9.8856019843562
-30.390096,60,2684.936973,False,True,0.0938240038900718,85.24015366543875,174540,93.8240038900718
5.902703,60,2685.339446,False,True,0.0532909336861159,87.27434594541833,174600,53.2909336861159
12.04958,60,2685.368327,False,True,0.0464836804803842,86.7389078125841,174660,46.483680480384194
72.209798,60,2686.082895,False,True,0.0350532356877464,89.97643402508717,174720,35.053235687746394
-21.216456,60,2688.131054,False,True,0.0812606713479147,86.71727304343246,174780,81.26067134791471
-25.108255,60,2688.527991,False,True,0.0826985040913172,88.83490091033569,174840,82.69850409131719
-20.516119,60,2688.563852,False,True,0.0775884745092348,89.29882750019456,174900,77.5884745092348
10.906838,60,2689.270319,False,True,0.0348737751367634,87.4899628032753,174960,34.8737751367634
311.044223,60,2692.164042,False,True,0.000704853862878,86.28165517339326,175020,0.704853862878
-14.618554,60,2692.562985,False,True,0.0788534080447139,83.79473607179722,175080,78.8534080447139
54.997331,60,2692.603518,False,True,0.0282482447258265,87.17777292462729,175140,28.2482447258265
144.976374,60,2693.309985,False,True,0.0228866781374051,86.67288251340831,175200,22.8866781374051
-15.821526,60,2695.388608,False,True,0.0745179731776258,85.10229455015403,175260,74.5179731776258
201.781609,60,2695.786564,False,True,0.0068279071160847,89.87033089103143,175320,6.827907116084701
15.426392,60,2695.817443,False,True,0.0473812967437075,89.9587450950244,175380,47.3812967437075
261.216219,60,2696.52391,False,True,0.0025663842601038,85.739102062346,175440,2.5663842601038
192.868865,60,2699.37602,False,True,0.0164116614625282,89.84374881431063,175500,16.4116614625282
-8.740184,60,2699.773977,False,True,0.0675502375402115,88.22991656358107,175560,67.5502375402115
50.25198,60,2699.810096,False,True,0.031596340093058,86.70826220001892,175620,31.596340093058
53.987827,60,2700.521561,False,True,0.0434348438429106,81.25176766126916,175680,43.4348438429106
38.205776,60,2702.55168,False,True,0.0442121099269218,78.89247311948179,175740,44.212109926921805
-29.331887,60,2702.949637,False,True,0.0879317012711635,89.3758581942325,175800,87.93170127116349
-23.061095,60,2702.977519,False,True,0.0857086081715425,89.42526539112929,175860,85.7086081715425
-11.680276,60,2703.683986,False,True,0.0681272809123994,89.91369912250687,175920,68.1272809123994
165.231613,60,2706.512145,False,True,0.0162789627855012,79.47510142606289,175980,16.2789627855012
87.133975,60,2706.911101,False,True,0.0200315756888037,74.24124965524489,176040,20.031575688803702
-26.346154,60,2706.940975,False,True,0.0995288165372757,73.94028062512389,176100,99.5288165372757
-3.306547,60,2707.647442,False,True,0.0641289287276927,83.38146534201131,176160,64.1289287276927
44.231838,60,2709.658781,False,True,0.0404498669387514,86.38615593463548,176220,40.4498669387514
178.517512,60,2710.055709,False,True,0.0028967928123779,82.13192711456999,176280,2.8967928123778997
-12.368603,60,2710.083591,False,True,0.0743662548372949,77.56978505503128,176340,74.3662548372949
31.156393,60,2710.791087,False,True,0.0201622356129892,84.83307259012844,176400,20.162235612989203
174.874667,60,2712.823234,False,True,0.0030811153345136,89.69801723834439,176460,3.0811153345136
151.156039,60,2713.210638,False,True,0.0204899111702551,89.39943478252223,176520,20.489911170255102
-13.613843,60,2713.249074,False,True,0.0730719077242592,88.80441858600562,176580,73.0719077242592
2.606381,60,2713.945991,False,True,0.0537825741516966,80.19859631392221,176640,53.7825741516966
-8.17975,60,2716.7973,False,True,0.064394806945869,79.53086397133812,176700,64.394806945869
125.16185,60,2717.195257,False,True,0.0236596524899102,83.25059485251388,176760,23.6596524899102
9.542618,60,2717.231652,False,True,0.0483276723557757,83.72961518267071,176820,48.327672355775704
30.268126,60,2717.939139,False,True,0.0436135112585922,88.31083435439622,176880,43.6135112585922
-16.911206,60,2719.994715,False,True,0.0754691318689219,89.45558219029604,176940,75.4691318689219
143.767751,60,2720.392672,False,True,0.0082917699258378,86.28332253399721,177000,8.2917699258378
-0.296184,60,2720.409005,False,True,0.0544781801185008,87.21626618197902,177060,54.4781801185008
117.644958,60,2721.121465,False,True,0.0083671863285499,88.09109280468984,177120,8.367186328549899
6.309497,60,2723.959536,False,True,0.071387649311831,87.73777763079565,177180,71.387649311831
91.521286,60,2724.357493,False,True,0.0161180598455853,85.31207044350467,177240,16.1180598455853
155.119519,60,2724.393942,False,True,0.00265248805223,85.4654590333951,177300,2.65248805223
168.393728,60,2725.101409,False,True,0.0042294210568262,89.64790178952923,177360,4.2294210568262
-24.2124,60,2727.101425,False,True,0.0975422160762706,89.97962161239113,177420,97.5422160762706
143.793825,60,2727.492761,False,True,0.0019305870499434,87.77137760633224,177480,1.9305870499434
237.841169,60,2727.530265,False,True,0.0057487944981273,89.00852185613219,177540,5.7487944981273
251.580576,60,2728.229153,False,True,0.0042881594815903,88.94497254727138,177600,4.2881594815903
-23.136218,60,2731.069639,False,True,0.0949585959952986,88.65673480591299,177660,94.9585959952986
-21.547679,60,2731.467596,False,True,0.0731857535631566,84.62604022288507,177720,73.1857535631566
-4.974488,60,2731.500257,False,True,0.0622586542113566,80.43708790287613,177780,62.2586542113566
237.393888,60,2732.203944,False,True,0.0100711983479833,86.68198324763792,177840,10.0711983479833
4.146369,60,2734.214433,False,True,0.0434344433772202,88.27760244329582,177900,43.434443377220205
7.685247,60,2734.606395,False,True,0.044194779459977,83.67751761130586,177960,44.194779459977
-12.175753,60,2734.639274,False,True,0.0602027748425719,88.4374073136776,178020,60.2027748425719
24.887705,60,2735.339747,False,True,0.0262317918222464,77.4574737744227,178080,26.2317918222464
-4.875532,60,2738.223109,False,True,0.0699059515740885,68.9339314055766,178140,69.9059515740885
-14.452777,60,2738.622075,False,True,0.0648287027766486,88.58630540357144,178200,64.8287027766486
112.595279,60,2738.648441,False,True,0.0380513166762122,87.5752033988986,178260,38.051316676212195
11.292605,60,2739.355415,False,True,0.0321471086547945,85.03918814692513,178320,32.14710865479449
-0.007148,60,2741.328229,False,True,0.0592801762352618,89.61917716860343,178380,59.2801762352618
35.297198,60,2741.727694,False,True,0.033787884150918,87.68827194542172,178440,33.787884150917996
-21.226026,60,2741.752071,False,True,0.0720400109168885,86.11140898946162,178500,72.04001091688849
-1.15376,60,2742.459547,False,True,0.0467615204677733,87.47928745231192,178560,46.7615204677733
-9.978554,60,2745.348156,False,True,0.0618070499494346,87.4708982423727,178620,61.80704994943461
122.587117,60,2745.742816,False,True,0.0266267865875262,88.84519135574524,178680,26.6267865875262
147.722412,60,2745.769696,False,True,0.0174703569492778,88.21485049152984,178740,17.4703569492778
136.112584,60,2746.480463,False,True,0.006792673216996,88.79409634574412,178800,6.7926732169960005
-18.251206,60,2748.516816,False,True,0.0728494656629188,87.62475971747214,178860,72.8494656629188
16.059901,60,2748.915763,False,True,0.0360472129515536,84.00084633942122,178920,36.047212951553604
143.171758,60,2748.949716,False,True,0.0124994673415416,86.998829106422,178980,12.499467341541601
72.084212,60,2749.661177,False,True,0.022421281845923,88.58060268963067,179040,22.421281845922998
33.623275,60,2752.481719,False,True,0.0330971806822399,88.98431936782667,179100,33.0971806822399
9.165769,60,2752.879676,False,True,0.0571956248621617,85.59403041201267,179160,57.195624862161694
-11.453193,60,2752.907558,False,True,0.0751107059438642,86.3881042392114,179220,75.11070594386419
82.171473,60,2753.614025,False,True,0.0291575131809385,81.13033815738282,179280,29.1575131809385
149.925192,60,2755.667009,False,True,0.0116844789592936,82.11944010590281,179340,11.6844789592936
-3.175216,60,2756.067489,False,True,0.0597082415299947,84.63511795910371,179400,59.7082415299947
17.229863,60,2756.095371,False,True,0.0470996880432274,88.02561687650345,179460,47.0996880432274
9.084309,60,2756.798312,False,True,0.0577274426776945,86.64432103181997,179520,57.727442677694505
-14.94891,60,2759.601941,False,True,0.0601553093906143,85.62835974278963,179580,60.1553093906143
2.249521,60,2759.999898,False,True,0.0439771789337538,87.95372422260513,179640,43.977178933753805
50.593471,60,2760.039373,False,True,0.0435383507473551,89.32534433968878,179700,43.538350747355096
134.797019,60,2760.746835,False,True,0.026952922287563,81.44680447530406,179760,26.952922287563
77.984621,60,2762.773803,False,True,0.0572925223546553,86.6851311379349,179820,57.2925223546553
99.476606,60,2763.17278,False,True,0.0219584123121062,87.04654254763588,179880,21.958412312106198
57.026523,60,2763.209201,False,True,0.0416616864340588,88.18438860462541,179940,41.6616864340588
124.608367,60,2763.916666,False,True,0.0055149523389833,84.52929747696705,180000,5.5149523389833
92.361607,60,2766.736558,False,True,0.0309704360995575,89.31225783953282,180060,30.970436099557503
-20.268842,60,2767.134515,False,True,0.0616115682063133,87.81921573012336,180120,61.6115682063133
105.431687,60,2767.171953,False,True,0.011442143087701,85.88602560354816,180180,11.442143087701
102.423445,60,2767.87942,False,True,0.0049859036729728,82.29359479411988,180240,4.9859036729728
-4.917593,60,2769.837748,False,True,0.0616536472477621,89.73834539743787,180300,61.6536472477621
106.31215,60,2770.23375,False,True,0.0163113740181416,86.95301011520148,180360,16.3113740181416
118.780651,60,2770.268623,False,True,0.0128830213014136,81.20117939562202,180420,12.883021301413601
11.720301,60,2770.977425,False,True,0.0511700418966954,83.7202481046611,180480,51.170041896695395
-11.649039,60,2772.989367,False,True,0.0709725890567745,89.13996239114911,180540,70.97258905677451
93.282997,60,2773.387324,False,True,0.0249187919009979,84.43718987881255,180600,24.9187919009979
162.444466,60,2773.42376,False,True,0.0028560091406843,86.97814433685511,180660,2.8560091406843
89.079306,60,2774.130227,False,True,0.0215054878305759,80.52035916772427,180720,21.5054878305759
40.416723,60,2777.01333,False,True,0.0559951099928389,88.22835670494274,180780,55.995109992838906
119.886754,60,2777.411287,False,True,0.0080694298852041,85.03789777976074,180840,8.0694298852041
135.251721,60,2777.450766,False,True,0.0223454571790154,76.22980606599418,180900,22.345457179015398
225.505735,60,2778.157233,False,True,0.0101282444601097,87.0940988090087,180960,10.1282444601097
-19.331302,60,2780.156952,False,True,0.0652965505425895,87.88058360690424,181020,65.2965505425895
161.705765,60,2780.567273,False,True,0.009789102262633,84.04058311859082,181080,9.789102262633
154.785171,60,2780.59615,False,True,0.0302590564664907,81.07418087859952,181140,30.2590564664907
64.660981,60,2781.298319,False,True,0.0169904799226584,80.68847941712484,181200,16.990479922658402
183.148692,60,2784.15138,False,True,0.0172320246031838,83.2618476485303,181260,17.2320246031838
40.032128,60,2784.548318,False,True,0.0325483654179409,78.44926270252282,181320,32.5483654179409
97.321365,60,2784.584752,False,True,0.0219422911612796,85.27608479811471,181380,21.9422911612796
79.875615,60,2785.291219,False,True,0.0019957537350656,85.2127926586335,181440,1.9957537350655998
24.216785,60,2787.338054,False,True,0.0243706944891582,81.85309899353098,181500,24.370694489158197
83.602221,60,2787.73501,False,True,0.0086948051140394,85.55162686987477,181560,8.694805114039399
-3.824472,60,2787.762893,False,True,0.0647201394229844,81.34308591422963,181620,64.72013942298439
38.02322,60,2788.46936,False,True,0.0253733310800618,76.36434856835032,181680,25.3733310800618
19.838418,60,2791.240971,False,True,0.0377939358758813,84.22813730106945,181740,37.793935875881296
75.5307,60,2791.6369,False,True,0.0243118248945557,86.18117977224442,181800,24.3118248945557
60.500632,60,2791.676233,False,True,0.0133085688039738,87.25701580787478,181860,13.3085688039738
1.806245,60,2792.37628,False,True,0.0477271022844265,86.2320839968657,181920,47.72710228442649
25.651636,60,2794.451348,False,True,0.0349810760728127,85.99470904755171,181980,34.9810760728127
23.718748,60,2794.849305,False,True,0.0430835330541116,81.48982484833552,182040,43.0835330541116
104.929727,60,2794.887257,False,True,0.0209289343621665,88.49510289550894,182100,20.9289343621665
231.245234,60,2795.593724,False,True,0.0006519833920286,86.27075162766855,182160,0.6519833920286
93.314267,60,2798.385416,False,True,0.0277737411746719,84.72064216914963,182220,27.7737411746719
3.0586,60,2798.783373,False,True,0.0444568520976525,84.05189360096759,182280,44.4568520976525
49.82311,60,2798.822811,False,True,0.0251390131601678,83.57737010333712,182340,25.1390131601678
64.886946,60,2799.527273,False,True,0.031584417391239,81.45004654733641,182400,31.584417391239004
12.794932,60,2801.544921,False,True,0.0502503222872584,87.12983598455254,182460,50.2503222872584
167.468009,60,2801.942878,False,True,0.0065896584548295,83.6982716792623,182520,6.5896584548295
194.896539,60,2801.974306,False,True,0.00695911131788,82.26831900460762,182580,6.95911131788
153.472038,60,2802.680773,False,True,0.0150990612259105,81.37850208939379,182640,15.0990612259105
195.564939,60,2805.458771,False,True,0.0093407130894772,87.04924951586484,182700,9.3407130894772
115.197701,60,2805.856728,False,True,0.010572598847413,81.40190139146183,182760,10.572598847413
217.241987,60,2805.897265,False,True,0.0127278703736318,83.41586281386328,182820,12.7278703736318
48.564221,60,2806.602687,False,True,0.0175819626174218,86.62196822092632,182880,17.5819626174218
35.282436,60,2808.549982,False,True,0.0474522040488584,87.90939129263376,182940,47.4522040488584
111.328007,60,2808.944409,False,True,0.0133304449327676,78.2269894890203,183000,13.3304449327676
21.876955,60,2808.981866,False,True,0.0519587224470249,89.94595849739761,183060,51.958722447024904
187.19916,60,2809.67776,False,True,0.0036763399781966,78.94606314972717,183120,3.6763399781965997
29.887683,60,2812.514266,False,True,0.0380947165697095,80.40399397116127,183180,38.094716569709504
275.105154,60,2812.911227,False,True,0.0055038711560731,89.82424148833213,183240,5.5038711560731
132.360993,60,2812.939109,False,True,0.0103074567906328,83.92247846628212,183300,10.3074567906328
-15.029947,60,2813.646573,False,True,0.0785038439703363,87.79164591484458,183360,78.5038439703363
1.341065,60,2815.705184,False,True,0.0613380603883487,86.40086658513135,183420,61.3380603883487
25.993577,60,2816.104126,False,True,0.0463492385781611,89.92829396749596,183480,46.349238578161106
-20.668805,60,2816.145704,False,True,0.0793385455273057,78.25403809951433,183540,79.3385455273057
140.035245,60,2816.850652,False,True,0.0143322096061405,88.21397868213585,183600,14.332209606140498
22.668173,60,2819.700238,False,True,0.0430679060053022,84.11553222590643,183660,43.0679060053022
37.172473,60,2820.098195,False,True,0.0475106825327559,84.28034309273794,183720,47.5106825327559
-27.651217,60,2820.137642,False,True,0.0913850589532012,80.13707839708854,183780,91.38505895320121
96.89357,60,2820.846107,False,True,0.0246460618870099,88.4994880872178,183840,24.6460618870099
156.657861,60,2822.862972,False,True,0.0071699041520511,85.32249242335796,183900,7.1699041520511
-29.032648,60,2823.262915,False,True,0.1239103512757684,76.75793972018843,183960,123.91035127576839
31.622147,60,2823.300335,False,True,0.0432762665551846,79.7992925382651,184020,43.2762665551846
-6.371105,60,2824.006802,False,True,0.0661949829377046,78.23289232734118,184080,66.1949829377046
-0.19614,60,2826.09317,False,True,0.0586268770767419,79.58746317993152,184140,58.6268770767419
114.142912,60,2826.48809,False,True,0.012361738972376,80.0971647419712,184200,12.361738972376
39.365919,60,2826.512945,False,True,0.0395504648525417,82.458839276501,184260,39.550464852541694
115.39234,60,2827.22499,False,True,0.0234805971103405,89.83842045594466,184320,23.4805971103405
187.247543,60,2830.096439,False,True,0.004849571248173,86.94728980901353,184380,4.849571248173
58.206686,60,2830.495381,False,True,0.0282995482726812,83.94083713006948,184440,28.2995482726812
38.263659,60,2830.529829,False,True,0.0323909383644021,84.57180348793834,184500,32.3909383644021
71.706282,60,2831.237288,False,True,0.0278805650212444,83.99390204209293,184560,27.8805650212444
27.831436,60,2833.229088,False,True,0.0398537082889328,87.6108824006565,184620,39.8537082889328
29.241088,60,2833.627045,False,True,0.0417604157228237,81.21048874534509,184680,41.7604157228237
-11.827069,60,2833.654927,False,True,0.0720292847586165,86.64228446167795,184740,72.0292847586165
-2.885473,60,2834.361394,False,True,0.0427080007077591,81.36641574068896,184800,42.7080007077591
97.902699,60,2837.217811,False,True,0.0150989371843458,69.15225085406375,184860,15.0989371843458
-12.006018,60,2837.618793,False,True,0.067184238026145,88.4725267314737,184920,67.184238026145
48.334413,60,2837.640172,False,True,0.0336598405769465,87.98433829767082,184980,33.6598405769465
21.378328,60,2838.34862,False,True,0.0467717825334895,89.87438912207446,185040,46.7717825334895
-15.633928,60,2840.365513,False,True,0.0614800257379019,86.2746493032456,185100,61.4800257379019
177.946897,60,2840.765474,False,True,0.0020582076910065,81.48960879855875,185160,2.0582076910065
131.429942,60,2840.795352,False,True,0.0013455426304557,86.88770300234088,185220,1.3455426304556999
161.419908,60,2841.502821,False,True,0.0180983857946574,86.70992320287249,185280,18.0983857946574
67.696685,60,2844.322225,False,True,0.0338613513724204,84.42792186235816,185340,33.8613513724204
75.447673,60,2844.723675,False,True,0.00481276031276,87.63601066299657,185400,4.81276031276
161.808832,60,2844.748064,False,True,0.008678904841833,76.21523421513443,185460,8.678904841833
45.16262,60,2845.456521,False,True,0.0334209874751929,87.34678680017379,185520,33.420987475192895
163.890905,60,2847.508102,False,True,0.0103512302597325,88.81146701494781,185580,10.351230259732501
45.584092,60,2847.906059,False,True,0.0396028226997634,76.71413472968236,185640,39.6028226997634
21.853457,60,2847.947505,False,True,0.0375545891037496,81.36453937557859,185700,37.5545891037496
-31.296605,60,2848.653971,False,True,0.1092602085192467,83.17644024342222,185760,109.2602085192467
149.585873,60,2851.467216,False,True,0.015647224729894,84.23257364300272,185820,15.647224729894
237.012814,60,2851.866837,False,True,0.0002683475451716,84.42063771313407,185880,0.26834754517160003
-19.520405,60,2851.904272,False,True,0.085411261787768,89.76071972255853,185940,85.41126178776801
51.33598,60,2852.611765,False,True,0.0240169093096195,88.34507009187548,186000,24.0169093096195
104.169158,60,2854.62216,False,True,0.0049884246790914,88.14706612773475,186060,4.9884246790914
-28.060351,60,2855.020117,False,True,0.0996455186243152,81.03195745245586,186120,99.6455186243152
105.634134,60,2855.056101,False,True,0.0153546353803554,77.65354799355573,186180,15.3546353803554
151.483883,60,2855.762568,False,True,0.023035804604707,84.0047920148766,186240,23.035804604707
29.63981,60,2858.618981,False,True,0.0372633929769742,80.66113767957654,186300,37.2633929769742
112.979425,60,2859.015941,False,True,0.0349948971562221,81.13186076467399,186360,34.9948971562221
94.282629,60,2859.043824,False,True,0.0218540662870574,83.74174628318121,186420,21.8540662870574
26.331896,60,2859.750291,False,True,0.0423556246817827,76.34163074618219,186480,42.3556246817827
0.625851,60,2861.814498,False,True,0.0609233081098643,79.7045850054996,186540,60.9233081098643
4.019853,60,2862.212455,False,True,0.0518542595136002,85.71563131402279,186600,51.8542595136002
-7.203087,60,2862.240337,False,True,0.0632676275616349,80.91409890974582,186660,63.267627561634896
131.220232,60,2862.947816,False,True,0.00029191916359,85.67350180592537,186720,0.29191916359000003
107.717145,60,2865.853825,False,True,0.014165784476416,67.52607694026656,186780,14.165784476415999
1.123132,60,2866.25352,False,True,0.0634733632479622,83.43842992433535,186840,63.4733632479622
115.418305,60,2866.291454,False,True,0.0049494731469353,84.33041337045272,186900,4.9494731469353
133.765786,60,2866.990175,False,True,0.021149689080485,89.55318567703436,186960,21.149689080485
95.673627,60,2869.016833,False,True,0.0115294742623405,87.29539244784546,187020,11.5294742623405
14.343318,60,2869.414789,False,True,0.0434379110482693,78.8260913055873,187080,43.4379110482693
-30.222428,60,2869.445675,False,True,0.128634603068699,70.81505776951592,187140,128.634603068699
53.990563,60,2870.153653,False,True,0.0267474040920323,89.87095516219192,187200,26.7474040920323
97.005566,60,2872.919701,False,True,0.0105498629801792,84.64752492381307,187260,10.5498629801792
196.937216,60,2873.318666,False,True,0.0071942812686104,89.5407150809357,187320,7.1942812686104
190.898964,60,2873.352103,False,True,0.0101994736388704,89.82670247531449,187380,10.1994736388704
53.09405,60,2874.060554,False,True,0.0559986129079962,82.58997455124158,187440,55.998612907996204
113.93776,60,2876.059537,False,True,0.0295162190785178,89.78194888959388,187500,29.5162190785178
55.064028,60,2876.458519,False,True,0.0252251258309521,80.59786321454797,187560,25.2251258309521
20.228801,60,2876.487406,False,True,0.0381426766886343,85.40953240508632,187620,38.1426766886343
121.66307,60,2877.192869,False,True,0.0108942833603304,84.86107629338252,187680,10.8942833603304
-29.650277,60,2879.992802,False,True,0.0948680086130574,88.7979612725052,187740,94.8680086130574
139.951925,60,2880.395294,False,True,0.0130692705387261,85.57876714089956,187800,13.0692705387261
36.07227,60,2880.422158,False,True,0.0385061095939297,84.27788846302929,187860,38.5061095939297
-29.431682,60,2881.128625,False,True,0.0979032151771378,81.07728826058958,187920,97.90321517713781
2.595328,60,2883.156254,False,True,0.0571301438786061,83.23645467366417,187980,57.1301438786061
0.906876,60,2883.554211,False,True,0.0580407193491934,81.73624786767827,188040,58.0407193491934
83.683436,60,2883.595655,False,True,0.0292992222055219,83.41751895906133,188100,29.2992222055219
64.163717,60,2884.302122,False,True,0.0589398113366368,83.99510755918423,188160,58.9398113366368
0.387851,60,2886.390465,False,True,0.0502362335796682,81.49946739336677,188220,50.2362335796682
199.252341,60,2886.793025,False,True,0.0237230608720739,72.92253153311712,188280,23.7230608720739
-5.810099,60,2886.815272,False,True,0.0593120558158486,84.7215220123255,188340,59.3120558158486
-22.378133,60,2887.528371,False,True,0.0803246510036391,83.42513234197321,188400,80.3246510036391
1.694256,60,2890.379294,False,True,0.0592486021286126,85.6538146284644,188460,59.248602128612596
70.980574,60,2890.77523,False,True,0.0274533266276269,86.66752913757999,188520,27.453326627626897
75.043567,60,2890.807129,False,True,0.0150166383528672,81.27650926209252,188580,15.016638352867199
-18.603909,60,2891.513596,False,True,0.0735319576627956,77.96635139579261,188640,73.5319576627956
230.685297,60,2893.549922,False,True,0.0013083018597085,85.33068226740055,188700,1.3083018597084999
15.399528,60,2893.948866,False,True,0.0524981071566711,85.17268500594754,188760,52.498107156671104
176.14018,60,2893.987818,False,True,0.0170651401595043,86.40605136789823,188820,17.065140159504303
31.95675,60,2894.694285,False,True,0.0261333530436042,88.79702424723304,188880,26.133353043604203
104.215537,60,2897.592919,False,True,0.0207200980633009,79.20258319970452,188940,20.7200980633009
-3.438547,60,2897.990876,False,True,0.0644448348220106,84.8102505388576,189000,64.4448348220106
66.586036,60,2898.019745,False,True,0.0262402233454878,76.58332980778098,189060,26.240223345487802
-17.624779,60,2898.726212,False,True,0.082110476993317,73.72814495414679,189120,82.110476993317
8.179477,60,2900.698388,False,True,0.0512322884771726,75.5328295394351,189180,51.2322884771726
29.525784,60,2901.097334,False,True,0.0416712460221737,84.31157337823863,189240,41.671246022173705
94.526401,60,2901.135866,False,True,0.0295547608853242,79.34367436709141,189300,29.5547608853242
-26.811244,60,2901.842333,False,True,0.0922628396404708,77.11611173732966,189360,92.2628396404708
-1.879365,60,2904.652058,False,True,0.0610955157872683,84.8654434758178,189420,61.095515787268305
225.582,60,2905.051044,False,True,0.0129723398484135,86.21660526569244,189480,12.972339848413501
212.000366,60,2905.077897,False,True,0.0071235132681166,89.45330238114178,189540,7.1235132681166
174.555186,60,2905.785393,False,True,0.019862842728998,82.53573061585345,189600,19.862842728998
-26.262297,60,2907.774832,False,True,0.0928329281820183,86.4552536038274,189660,92.83292818201829
162.648907,60,2908.172789,False,True,0.0208232977617315,85.04073073678997,189720,20.8232977617315
22.124997,60,2908.208023,False,True,0.0421875309528253,89.64592879806547,189780,42.1875309528253
102.017933,60,2908.91651,False,True,0.0227709822808538,82.15666491925212,189840,22.7709822808538
253.628754,60,2911.707538,False,True,0.0184450352691814,82.25159257357817,189900,18.4450352691814
15.725169,60,2912.106508,False,True,0.0507318339694732,84.52575524155905,189960,50.7318339694732
154.722269,60,2912.143927,False,True,0.0267009943218938,79.05779929920556,190020,26.7009943218938
144.273189,60,2912.851393,False,True,0.0160876469272001,69.05680306817781,190080,16.087646927200097
11.782432,60,2914.890729,False,True,0.0429518710854445,89.86127438533201,190140,42.9518710854445
106.153227,60,2915.280606,False,True,0.0301966287726207,87.00888206151578,190200,30.1966287726207
27.807849,60,2915.312038,False,True,0.0425841055304327,84.53918338434148,190260,42.5841055304327
59.662337,60,2916.027035,False,True,0.0366252813799454,85.51978991936753,190320,36.6252813799454
125.563804,60,2918.851466,False,True,0.0238797817610445,81.50395258522447,190380,23.8797817610445
119.076606,60,2919.249423,False,True,0.0175068407978829,88.11149023080871,190440,17.5068407978829
146.353981,60,2919.286456,False,True,0.0221688683205006,89.94159337181085,190500,22.1688683205006
-9.81855,60,2919.99241,False,True,0.0659603730901109,80.71647577232734,190560,65.96037309011089
221.335953,60,2921.967271,False,True,0.0043050026123268,83.57804572303044,190620,4.3050026123268
11.625031,60,2922.365227,False,True,0.0491207728226224,87.41186493191171,190680,49.1207728226224
-18.273155,60,2922.392114,False,True,0.0693215009128995,79.67941560590981,190740,69.3215009128995
3.987883,60,2923.099577,False,True,0.0520119145230704,88.9597982528209,190800,52.0119145230704
153.630242,60,2925.94337,False,True,0.0231793954471002,80.79254013455386,190860,23.179395447100198
12.343343,60,2926.341327,False,True,0.0464889452652774,84.93032459212897,190920,46.4889452652774
-48.70907,60,2926.376108,False,True,0.1338033186255918,87.52697655420512,190980,133.8033186255918
24.002471,60,2927.081573,False,True,0.0384104067412713,84.72260393895333,191040,38.4104067412713
87.047389,60,2929.087955,False,True,0.0278755972284807,89.0731576884098,191100,27.8755972284807
30.999812,60,2929.485911,False,True,0.0414753876277603,79.19392380987307,191160,41.4753876277603
303.460933,60,2929.515831,False,True,0.0034188240450421,81.34889420714923,191220,3.4188240450420997
-14.175196,60,2930.221295,False,True,0.0675432085782119,89.21846008946274,191280,67.5432085782119
242.495237,60,2933.009327,False,True,0.010792079741162,89.84596788718747,191340,10.792079741161999
162.635407,60,2933.409284,False,True,0.0119224040323063,89.22991969589705,191400,11.9224040323063
283.961985,60,2933.437166,False,True,0.0056539078517772,88.51545424281231,191460,5.653907851777199
255.546815,60,2934.143633,False,True,0.0090129391774123,85.2899576736514,191520,9.0129391774123
122.326574,60,2936.21036,False,True,0.0301792926046019,87.34045740994614,191580,30.1792926046019
81.769663,60,2936.608316,False,True,0.0173728266741484,87.66680640168174,191640,17.372826674148403
-21.3246,60,2936.649483,False,True,0.071729064561646,88.81020763163369,191700,71.729064561646
-18.979966,60,2937.356945,False,True,0.0701848644545661,88.49674829292384,191760,70.18486445456611
-28.075375,60,2939.351866,False,True,0.0920956409031062,78.81916980647492,191820,92.09564090310619
-14.475233,60,2939.759865,False,True,0.0675575946940852,86.96406309594211,191880,67.55759469408521
21.731632,60,2939.782756,False,True,0.0345016561116665,83.90253414835458,191940,34.5016561116665
1.474479,60,2940.493214,False,True,0.0644024553356511,83.77175331437213,192000,64.4024553356511
18.008578,60,2943.329947,False,True,0.0449064821361479,87.18431865656792,192060,44.9064821361479
-8.870018,60,2943.728897,False,True,0.0611473416812677,89.79169909719585,192120,61.147341681267704
5.943028,60,2943.762374,False,True,0.0496332574795233,87.6611210672517,192180,49.6332574795233
-14.19594,60,2944.467845,False,True,0.0676969340366615,78.31384544384103,192240,67.69693403666149
61.187506,60,2946.540709,False,True,0.0297521375691895,88.09176017988158,192300,29.7521375691895
166.984029,60,2946.938665,False,True,0.0201037655220841,87.86967747088609,192360,20.1037655220841
29.327983,60,2946.979717,False,True,0.0412212721772371,89.8974810257199,192420,41.221272177237104
-17.191183,60,2947.685188,False,True,0.0692409450785696,84.62981844258306,192480,69.2409450785696
-29.115361,60,2950.458773,False,True,0.1013249169879201,74.74900637049579,192540,101.32491698792009
165.532893,60,2950.863441,False,True,0.0033166827573925,84.13127025236237,192600,3.3166827573925
223.09725,60,2950.898854,False,True,0.0064996504362962,79.31710034243282,192660,6.4996504362962
202.288884,60,2951.596112,False,True,0.0168457786905622,87.96760926188225,192720,16.8457786905622
-0.20441,60,2953.624935,False,True,0.0591319075126552,80.48273837776289,192780,59.131907512655204
99.256449,60,2954.024884,False,True,0.0135676135006153,85.73396415428807,192840,13.5676135006153
58.749316,60,2954.063284,False,True,0.0289602002113848,83.18915304892288,192900,28.9602002113848
7.140718,60,2954.769751,False,True,0.0593481651758369,80.85430439450533,192960,59.348165175836904
-11.158175,60,2957.593093,False,True,0.0642521219459746,84.31604323569017,193020,64.2521219459746
-8.813591,60,2957.981031,False,True,0.0679369725034047,77.4460831063156,193080,67.9369725034047
19.463111,60,2958.006932,False,True,0.04083956437716,87.049992662471,193140,40.83956437716
31.465501,60,2958.725399,False,True,0.0380123350948103,76.99341166433022,193200,38.0123350948103
-23.464488,60,2960.815033,False,True,0.0919323054867303,81.74312919421963,193260,91.9323054867303
-13.47112,60,2961.214013,False,True,0.0704887613486225,76.10797564629887,193320,70.4887613486225
-10.813792,60,2961.236739,False,True,0.0605156582675279,89.46297470506515,193380,60.515658267527904
30.416373,60,2961.943206,False,True,0.0321931339868586,87.53242536855875,193440,32.1931339868586
175.92943,60,2964.773139,False,True,0.0072124367495863,86.69716283814081,193500,7.2124367495863
-4.797725,60,2965.171095,False,True,0.0606840459742962,85.29447880560541,193560,60.6840459742962
122.879748,60,2965.200498,False,True,0.0230480624286238,88.5042787625338,193620,23.0480624286238
180.843024,60,2965.906965,False,True,0.0099311312313412,79.8726066895175,193680,9.931131231341201
115.616348,60,2967.950813,False,True,0.0160014093290451,81.77119607381209,193740,16.001409329045103
165.997101,60,2968.34877,False,True,0.024559715385964,88.68647706047399,193800,24.559715385964
140.466694,60,2968.388827,False,True,0.0243734948546358,89.99172241863022,193860,24.373494854635798
-21.346105,60,2969.095294,False,True,0.0863742431346906,78.44322111766085,193920,86.3742431346906
-30.695503,60,2971.837136,False,True,0.1035258092082415,88.5871982281872,193980,103.5258092082415
196.702399,60,2972.237091,False,True,0.006526264488726,83.74871352693805,194040,6.526264488726
26.780429,60,2972.278046,False,True,0.0458162485234368,86.85910946166388,194100,45.8162485234368
66.403285,60,2972.981967,False,True,0.0270704303246773,89.7261095293941,194160,27.0704303246773
75.280359,60,2974.98058,False,True,0.0386691651039801,87.62258278095702,194220,38.6691651039801
-18.943775,60,2975.381093,False,True,0.0810809058098389,86.81356640021393,194280,81.0809058098389
-0.798097,60,2975.408975,False,True,0.0632120064341033,83.93520253030913,194340,63.212006434103294
88.148909,60,2976.112886,False,True,0.0056326006863207,87.03298327720005,194400,5.6326006863207
71.973471,60,2978.90663,False,True,0.0193217842218526,88.54472080866935,194460,19.3217842218526
-3.361612,60,2979.301564,False,True,0.0675957275238975,89.9864755398787,194520,67.59572752389751
99.444221,60,2979.33851,False,True,0.0245319293233755,89.58348540581974,194580,24.5319293233755
4.660247,60,2980.040451,False,True,0.0624556282681026,80.22582907928636,194640,62.4556282681026
191.105222,60,2982.086021,False,True,0.0046749161332744,85.82140378666533,194700,4.6749161332744
-32.090251,60,2982.481423,False,True,0.094171453370154,84.26515919640778,194760,94.17145337015401
170.172736,60,2982.515893,False,True,0.0227647865254117,86.77001932888446,194820,22.764786525411697
-21.017052,60,2983.212775,False,True,0.082858994993984,86.52975098301822,194880,82.858994993984
81.659115,60,2986.029822,False,True,0.0295048978060302,83.09569248651775,194940,29.5048978060302
205.191078,60,2986.426777,False,True,0.0060740851028142,84.22410869830422,195000,6.0740851028142
30.707236,60,2986.467196,False,True,0.0416211630387138,89.1159307579028,195060,41.621163038713796
51.091281,60,2987.173663,False,True,0.0315733042040649,89.38246945219477,195120,31.5733042040649
5.169791,60,2989.28008,False,True,0.0529141840755275,85.22822201492552,195180,52.914184075527494
-16.027959,60,2989.678036,False,True,0.0741820045038409,86.597871837456,195240,74.1820045038409
18.00588,60,2989.712439,False,True,0.0539599975479272,86.2463226204077,195300,53.9599975479272
134.129695,60,2990.421929,False,True,0.0247947971467619,79.93823069083321,195360,24.7947971467619
28.387968,60,2993.214252,False,True,0.0457535838831726,87.2973581341216,195420,45.753583883172595
240.849901,60,2993.613208,False,True,0.0116276011883501,88.02566708302665,195480,11.6276011883501
99.933337,60,2993.648092,False,True,0.01782174962139,88.92797511554728,195540,17.82174962139
128.780869,60,2994.35555,False,True,0.0189980433285024,89.28857859231259,195600,18.9980433285024
117.541645,60,2996.448162,False,True,0.0247384232238456,87.2224144688671,195660,24.7384232238456
-20.939061,60,2996.843123,False,True,0.0835587778527985,81.5093029232482,195720,83.5587778527985
40.921462,60,2996.874998,False,True,0.0458513675452401,89.1553999663289,195780,45.8513675452401
148.209504,60,2997.579474,False,True,0.0175837051817135,83.52371184920332,195840,17.5837051817135
286.610882,60,2999.613343,False,True,0.0037822922444597,88.77559350548339,195900,3.7822922444597
271.317123,60,3000.013293,False,True,0.0099575734902141,88.99909504506961,195960,9.957573490214099
170.079379,60,3000.046174,False,True,0.0038346738376488,85.93321849889287,196020,3.8346738376488
183.235576,60,3000.752641,False,True,0.0003596969369443,87.71598510990172,196080,0.3596969369443
210.084405,60,3003.561394,False,True,0.0109350272703699,85.67125984000437,196140,10.9350272703699
17.752472,60,3003.963057,False,True,0.0475445573217298,86.96592783501302,196200,47.5445573217298
-2.062374,60,3003.994378,False,True,0.0625336131703565,89.29014839105909,196260,62.533613170356496
-30.383656,60,3004.700845,False,True,0.1053867423231728,69.84161997298814,196320,105.3867423231728
-1.982233,60,3006.703632,False,True,0.0631133464257382,79.59000274057327,196380,63.11334642573819
7.873223,60,3007.103583,False,True,0.0443486607318529,88.4891135657492,196440,44.3486607318529
133.884975,60,3007.140004,False,True,0.0058668400448198,85.83366503099519,196500,5.866840044819799
18.045433,60,3007.848476,False,True,0.0436640976243762,89.94954418573094,196560,43.664097624376204
27.937398,60,3010.653867,False,True,0.0454509041319013,87.94728332559694,196620,45.450904131901304
121.216574,60,3011.051824,False,True,0.0224665002247408,86.89472517556804,196680,22.4665002247408
93.866222,60,3011.086697,False,True,0.0071816046716903,87.23179137487433,196740,7.1816046716903
29.556353,60,3011.792166,False,True,0.0415219581617004,89.0767449908484,196800,41.521958161700404
75.927033,60,3013.831848,False,True,0.0290888644771812,82.35386467050394,196860,29.0888644771812
35.10475,60,3014.229805,False,True,0.0191361686660578,86.78955026839614,196920,19.136168666057802
28.066718,60,3014.256661,False,True,0.0449777072481839,89.41285179586585,196980,44.977707248183904
-30.059237,60,3014.964154,False,True,0.1073722356332838,87.14776009103238,197040,107.3722356332838
199.116713,60,3017.78898,False,True,0.0094816951459781,76.23534134684793,197100,9.4816951459781
94.509637,60,3018.186937,False,True,0.0236237305593736,87.1191366647565,197160,23.6237305593736
-16.620935,60,3018.217822,False,True,0.0639563492370959,80.329375643466,197220,63.95634923709589
66.977345,60,3018.924289,False,True,0.038230307089701,86.25020474863597,197280,38.230307089701
-2.160229,60,3020.92163,False,True,0.0656959320558497,87.44851741602308,197340,65.6959320558497
103.223522,60,3021.322101,False,True,0.0243712716260177,79.40874735200212,197400,24.3712716260177
3.100399,60,3021.347469,False,True,0.0457270643407399,89.49396667714738,197460,45.7270643407399
70.110202,60,3022.056451,False,True,0.0228058731524907,77.81648443523008,197520,22.8058731524907
-13.631187,60,3024.810755,False,True,0.0553267864739624,87.38873995918347,197580,55.3267864739624
-11.62176,60,3025.208712,False,True,0.0692361698460284,83.66382103373732,197640,69.2361698460284
90.707555,60,3025.245141,False,True,0.0292709138925434,83.03355092235071,197700,29.2709138925434
40.933403,60,3025.951608,False,True,0.0448742256189858,81.02458197972162,197760,44.8742256189858
11.96543,60,3027.920109,False,True,0.0369098912547145,86.6901343016123,197820,36.9098912547145
83.122531,60,3028.319066,False,True,0.0303967529940923,79.52325778838983,197880,30.3967529940923
141.964574,60,3028.35341,False,True,0.0010263112203978,84.53317721739644,197940,1.0263112203978
183.445548,60,3029.061877,False,True,0.0050039173742083,88.54906605955496,198000,5.003917374208299
106.481792,60,3031.880967,False,True,0.0225850438054795,89.67138511463959,198060,22.5850438054795
-14.353362,60,3032.279929,False,True,0.0719391044244218,81.37189874790346,198120,71.9391044244218
34.22514,60,3032.31707,False,True,0.0323221572067715,79.69856613111038,198180,32.3221572067715
110.088043,60,3033.023536,False,True,0.0303199589720802,86.5183465089264,198240,30.319958972080197
37.069535,60,3035.120444,False,True,0.0470965537823616,88.73156671686675,198300,47.096553782361596
10.417203,60,3035.510182,False,True,0.0589549234321099,70.53850644230978,198360,58.9549234321099
209.598896,60,3035.538064,False,True,0.0067996403233455,86.57305279359578,198420,6.7996403233455
21.38779,60,3036.253778,False,True,0.034599319728197,86.33591474317289,198480,34.599319728197
238.629795,60,3039.083772,False,True,0.0113726606796662,74.4415829931743,198540,11.3726606796662
102.146312,60,3039.480222,False,True,0.012174142343437,85.95545716951868,198600,12.174142343437
14.224467,60,3039.522175,False,True,0.0556916727442252,81.58687286419085,198660,55.6916727442252
35.733922,60,3040.228642,False,True,0.0312060572636798,86.62541614209991,198720,31.2060572636798
82.526608,60,3042.217498,False,True,0.0363619623099104,84.16937677202446,198780,36.3619623099104
244.332635,60,3042.616465,False,True,0.0019952932155905,83.94533560561939,198840,1.9952932155904999
55.232798,60,3042.657742,False,True,0.0345415420118321,85.9267934491805,198900,34.5415420118321
-24.215117,60,3043.363213,False,True,0.0903216026858518,83.69400266163647,198960,90.3216026858518
208.928388,60,3046.263269,False,True,0.0135574687484932,89.57153730057415,199020,13.5574687484932
55.654665,60,3046.662744,False,True,0.0263136757533376,86.93256710827107,199080,26.3136757533376
145.64682,60,3046.702774,False,True,0.0279455044369091,87.7650557648137,199140,27.945504436909097
105.552609,60,3047.409241,False,True,0.0276133934647232,80.24979035112513,199200,27.613393464723202
108.142785,60,3049.444792,False,True,0.0164726532384866,85.60691865674055,199260,16.4726532384866
33.200452,60,3049.841763,False,True,0.0352434915639257,81.37733237443891,199320,35.2434915639257
188.551685,60,3049.88171,False,True,0.0178229345396402,85.97135727346439,199380,17.822934539640197
42.942895,60,3050.588176,False,True,0.0330193855904167,89.92941465078756,199440,33.0193855904167
37.855114,60,3052.589915,False,True,0.0310939556012281,77.11282579001795,199500,31.093955601228103
44.56271,60,3052.985846,False,True,0.0327696236490693,75.23156794470616,199560,32.7696236490693
146.449124,60,3053.016751,False,True,0.0101346491682737,74.50150047727598,199620,10.1346491682737
1.055915,60,3053.723218,False,True,0.0404455815326287,85.61898510627275,199680,40.4455815326287
-2.290599,60,3056.600935,False,True,0.0598115986639472,85.81249800441579,199740,59.8115986639472
109.468519,60,3056.989369,False,True,0.0128083624717136,80.21000418273995,199800,12.8083624717136
160.467464,60,3057.026775,False,True,0.0171180672676812,79.41871435331592,199860,17.1180672676812
8.455753,60,3057.726699,False,True,0.0501632828144608,89.36061162706434,199920,50.1632828144608
99.16579,60,3059.769056,False,True,0.0262964172724191,77.59245600071674,199980,26.2964172724191
77.813911,60,3060.167012,False,True,0.0310584409131268,75.06599523571981,200040,31.058440913126798
162.25673,60,3060.208403,False,True,0.0027384329748788,81.21232957609662,200100,2.7384329748788
161.127681,60,3060.913867,False,True,0.0267861786944986,85.42877590424446,200160,26.7861786944986
