#{"t_start": 1785432288.2799757, "env_id": "None"}
r,l,t,success,full_task_success,freeze_attempted,d_m,alpha_deg,flag,true_is_iugr
0.503407,2,3.222951,True,False,True,0.0003940674062865813,16.860295096019225,,False
8.664094,8,8.573377,True,False,True,0.002589391397853994,0.5485169570300241,,False
-20.758771,60,21.508287,False,False,True,0.016296475555581044,20.830029385079023,,False
-1.008196,21,27.197376,True,False,True,0.011984409617247917,7.40134987235759,,False
5.560433,4,29.779897,True,False,True,0.0021108263590995935,6.59017655876457,,True
-10.961971,60,49.597748,False,False,True,0.008553162723099072,31.975517848292682,,False
9.29407,6,51.617299,True,False,True,0.0013366325116721395,1.1076161241580864,,False
6.602099,5,54.069421,True,False,True,0.005896007965610842,5.415317135823606,,False
5.926274,20,63.467275,True,False,True,0.004816963816682144,3.4987744687837052,,False
-14.008904,60,77.412719,False,False,True,0.006533375131898429,22.98327804229796,,False
-15.038848,60,96.043409,False,False,True,0.02574368227836061,23.10038790092864,,False
-12.597856,60,110.710829,False,False,True,0.013826783476582583,84.39247443151233,,False
5.533219,4,113.330635,True,False,True,0.00011555763916736884,6.740742921017982,,False
8.919108,5,117.047272,True,False,True,0.002651793753803911,2.420145775403825,,False
7.48587,14,123.273189,True,False,True,0.010958726013895088,2.0197379245555043,,False
4.569796,9,125.92858,True,False,True,0.006765377231656985,7.655651940107337,,False
-19.522431,60,136.304814,False,False,True,0.026456825735550377,67.24251539466395,,False
7.734142,13,137.936145,True,False,True,0.009022657315398117,0.9127395818065869,,False
1.543916,3,140.138531,True,False,True,0.004977634587360275,14.869502632554893,,True
1.784728,21,147.91545,True,False,True,0.0023790920902070543,10.401452206955458,,False
6.446741,11,153.6689,True,False,True,0.0002569791272596898,4.278581372941583,,False
6.780225,14,160.702342,True,False,True,0.0015296819215983588,3.4990329503270305,,False
4.167733,20,164.926164,True,False,True,0.010995534788068605,7.009327471033145,,False
-0.007965,22,170.184828,True,False,True,0.009735596421401396,8.423733218960093,,False
6.46521,23,176.13534,True,False,True,7.205974784233772e-05,2.9453158992177686,,False
1.674352,3,177.464196,True,False,True,3.119562380984875e-09,14.345744656392759,,False
1.613151,29,186.20824,True,False,True,0.005774180127344515,3.1103632002847483,,False
8.448367,6,188.535564,True,False,True,0.0009059147562677557,1.399695382573197,,False
6.679018,3,190.838857,True,False,True,0.004031805371359211,3.6940981144799783,,False
5.972137,8,194.695988,True,False,True,0.01120625867470551,3.4398643199165218,,False
0.429905,17,201.199262,True,False,True,0.009347569493666491,11.395207237902035,,False
5.362024,6,205.640606,True,False,True,0.0023453686368320923,7.600168311630349,,True
7.798744,6,209.306605,True,False,True,0.0036289031729885143,4.0206216192204005,,False
3.810041,3,211.057406,True,False,True,0.008462681443976074,10.38073570785197,,False
7.023354,7,213.556235,True,False,True,0.002157388626143166,2.921804502931086,,True
3.904757,7,216.208645,True,False,True,0.004914916960669079,9.147846166474205,,False
7.917763,4,217.598683,True,False,True,0.0004965333757123297,3.1416895290390787,,False
5.729418,10,221.482573,True,False,True,0.00033030336236516966,4.380020982478209,,False
5.498947,1,222.698016,True,False,True,0.0001770826065615634,7.966761980328486,,False
6.611598,12,225.557327,True,False,True,0.00429637934047122,2.844762332240039,,True
4.370925,22,233.024455,True,False,True,0.008641233825271362,7.031084547666356,,False
0.403097,1,234.163154,True,False,True,0.0018056063956755318,17.158833150134132,,False
-0.353236,14,242.675155,True,False,True,0.002039940982614545,14.061077841999188,,True
3.269067,8,244.572457,True,False,True,0.00014540418690409834,8.862129314218246,,False
7.881984,30,257.22531,True,False,True,0.006651368092878834,0.2021716554427286,,False
0.049207,24,269.211095,True,False,True,0.004333547836502339,12.07130275229747,,False
4.710787,6,274.181183,True,False,True,0.004147898207485695,6.924173688680288,,False
1.212851,7,275.766621,True,False,True,0.0036327854221308888,14.421103418161382,,False
5.91485,10,281.144818,True,False,True,0.005572043174491337,4.863155103342403,,False
5.436322,22,289.220368,True,False,True,0.005082842577669903,3.5391868491491723,,False
3.557632,4,290.559319,True,False,True,0.00018682442102223133,11.99412993575783,,False
6.2722,1,291.984495,True,False,True,0.0005498886502351419,6.57108250098289,,True
3.5267,13,297.19165,True,False,True,0.0061088942661092875,6.863299514878448,,False
9.90847,1,298.372375,True,False,True,1.5185873425459451e-06,0.002591754324122942,,True
4.104006,5,299.749477,True,False,True,0.010896637558134997,8.510342334756036,,False
6.477573,3,300.972998,True,False,True,0.0041442432648943935,5.942456951402121,,False
6.632824,7,304.630759,True,False,True,0.004378377725312622,4.322813194225925,,False
7.666346,5,306.221992,True,False,True,0.004754192682453065,4.29445803007763,,False
6.209729,4,307.63062,True,False,True,9.09662661364441e-05,5.824748365138241,,False
-14.790162,60,322.486953,False,False,True,0.022447248066124303,9.165615993115633,,False
9.675509,4,323.798251,True,False,True,0.0006318924043138326,0.12262530102649213,,False
6.109826,12,327.833791,True,False,True,0.0032611714194809033,5.41919943934177,,False
8.07889,7,330.468525,True,False,True,0.005823278813090808,2.203743914579343,,True
7.214032,5,331.872134,True,False,True,0.0015764755182919275,3.193875795031708,,False
6.23183,11,335.78793,True,False,True,0.008945852522381049,4.119386564530929,,False
-4.656347,33,342.503325,True,False,True,0.00042876077666132665,14.486706830495622,,False
9.459988,1,343.677321,True,False,True,2.545588453861574e-10,0.8128998637834478,,False
5.314477,2,345.052828,True,False,True,0.0047068108243089185,6.939471309424173,,False
8.142542,2,347.631741,True,False,True,0.004637126863206709,3.140275029909543,,False
9.127146,1,348.956064,True,False,True,3.182931925814402e-11,1.4120317931972435,,False
9.905321,1,350.277918,True,False,True,4.2373457936895065e-09,0.0025623690162768025,,False
6.480113,3,351.620738,True,False,True,0.006168856201546604,5.19664641738152,,False
4.304543,17,358.02498,True,False,True,0.00028645199287100076,7.1959357176809515,,False
2.725741,3,359.474991,True,False,True,0.002341862049328161,11.874029901325732,,False
2.998502,4,361.993556,True,False,True,0.0016444246682747535,10.088449639689983,,True
-0.647033,11,367.123881,True,False,True,0.009599875546203274,17.666098405089084,,False
6.892913,23,375.344532,True,False,True,0.005838679286894015,3.8152624279072493,,False
-3.929154,56,409.600803,True,False,True,0.008535195175317326,2.3617639289475867,,False
9.149191,8,412.745474,True,False,True,0.005182738173924159,1.2005706223771953,,False
5.958193,5,414.578216,True,False,True,0.005900619172305305,6.056615840570373,,False
6.320759,5,418.169889,True,False,True,0.00663957504164289,5.135105707936204,,False
-15.65788,60,437.073535,False,False,True,0.019435063491557263,3.384958144009237,,True
8.816094,2,438.869469,True,False,True,0.00549887046053225,1.7040293255581307,,False
3.534463,7,440.523445,True,False,True,0.008522635361671584,10.45189501028551,,False
5.334286,3,442.473422,True,False,True,5.840994354855411e-11,5.880365819612269,,False
8.505025,10,451.741215,True,False,True,6.7947285479058e-05,1.0648459023754109,,False
4.68175,9,454.840166,True,False,True,0.006436923426068581,5.632624823439714,,False
2.918335,7,459.64257,True,False,True,0.009405703513780627,10.636585889791693,,False
4.770184,10,466.848796,True,False,True,0.0009655544360410174,6.609174198691775,,True
7.52649,1,468.269859,True,False,True,0.00578798986367033,4.310478442055215,,True
9.854921,1,469.700817,True,False,True,0.00014437941748395022,0.09366584510781623,,True
1.541989,6,475.931899,True,False,True,0.004508374479409759,12.211296951620021,,True
5.672472,6,480.118192,True,False,True,0.0002975921971951328,5.960285134590065,,False
5.608352,8,483.44224,True,False,True,0.003648499831280366,7.421533706086446,,False
10.072917,4,485.353099,True,False,True,0.0020482425199581096,0.15582239269366469,,False
7.88141,20,496.016784,True,False,True,0.003968220745894802,1.3321421464666694,,False
5.14199,2,497.44956,True,False,True,0.0012804405928481925,8.367915351692977,,True
-27.14801,60,518.68943,False,False,True,0.03284784158076999,13.298009350604497,,False
8.405134,1,520.428136,True,False,True,6.229863773018346e-06,2.7188159407494537,,False
8.958521,4,523.054886,True,False,True,0.008679386977048386,1.9040227186680254,,False
5.764123,7,527.654892,True,False,True,0.00099025843553658,5.980020932160823,,True
1.927359,10,534.410335,True,False,True,0.0048645276570306074,12.60422601653659,,False
2.719636,5,537.265599,True,False,True,0.0054403168007845955,12.269373856761753,,False
6.456106,7,543.016123,True,False,True,0.004216233014516178,4.964319129212214,,False
3.601215,7,548.834424,True,False,True,0.008412266813098451,8.271824387376018,,False
8.284162,6,552.967184,True,False,True,1.391347387471882e-05,1.5501285935895663,,True
9.549661,1,554.283246,True,False,True,9.84117183350057e-06,0.651301747542865,,False
-3.742065,20,560.728346,True,False,True,0.004808559965110439,17.790834427124715,,False
5.218349,10,565.225913,True,False,True,0.002617440473694877,6.325291315605185,,False
9.280969,3,567.726656,True,False,True,0.0042135724187818925,0.844407072521663,,False
8.401823,6,571.18541,True,False,True,0.0026473064787093277,1.567433300193426,,False
2.63011,7,576.975476,True,False,True,0.009081840216345727,10.510391657085615,,False
3.728878,11,583.052017,True,False,True,0.0049169520078627075,7.5604594228068835,,False
8.153758,10,589.07833,True,False,True,0.0014747996264022458,1.713769859563856,,False
7.746396,4,591.820437,True,False,True,0.0024982971301398807,2.4647747717461694,,False
7.936539,8,596.177441,True,False,True,0.005286148451950648,2.5932301540371627,,False
9.182076,2,599.290967,True,False,True,0.005331312830109958,1.4681109400258452,,False
6.211169,6,604.512813,True,False,True,0.007600531457357908,4.100084223791702,,False
0.498837,13,607.576177,True,False,True,0.004881953563847895,13.051614589644384,,False
6.451221,2,609.01915,True,False,True,0.004491379471249639,5.818966568547564,,False
3.218555,18,616.943323,True,False,True,0.0008691900263786534,9.070291615564447,,True
8.227121,2,618.324932,True,False,True,0.004645574145289042,2.6917093874947513,,False
5.09486,2,621.005231,True,False,True,0.008475984043858726,7.881193547840248,,True
6.754011,3,622.436516,True,False,True,0.008433784274222762,4.881533836446526,,False
4.057554,14,625.591007,True,False,True,0.005789908178791191,7.7935347762235425,,False
5.865728,5,628.349359,True,False,True,0.002609840704478976,6.383944505952824,,False
1.744084,10,636.443251,True,False,True,0.004813050316305558,11.999204533543779,,False
0.758021,8,643.285297,True,False,True,0.006062835618810936,14.061202451522279,,False
8.900733,9,646.322454,True,False,True,0.004504965030508458,2.2144957052021335,,False
7.357547,14,655.592963,True,False,True,0.005273270005388187,1.7547278002412507,,True
5.886538,6,658.652086,True,False,True,9.727991119114123e-05,6.68300511496854,,False
6.411732,11,661.709142,True,False,True,0.001627935440636908,3.6438432094969424,,False
5.161243,6,666.009914,True,False,True,0.006175062165500746,7.047659107090683,,False
6.384028,6,670.373537,True,False,True,0.00839257924194746,4.942933111816177,,False
-4.911152,38,684.082571,True,False,True,0.009477989291271464,17.65242632872586,,False
0.11754,8,688.662432,True,False,True,1.4154051897380545e-05,15.86338097251047,,False
-10.57409,35,705.766975,True,False,True,0.009531070164124276,16.9209062833051,,False
2.32373,2,708.549656,True,False,True,0.0027582711216387174,13.810874243292602,,True
1.535876,5,711.553123,True,False,True,0.00037402146483627146,11.59808617494719,,False
3.600134,33,724.546361,True,False,True,0.0054123516176564235,4.071234800637106,,False
7.07218,10,729.544686,True,False,True,0.001008060780883082,2.785107766210926,,False
3.533596,5,735.073784,True,False,True,0.006808552337905894,10.562159829399056,,False
6.874634,4,738.29566,True,False,True,0.003493083528047657,4.056684488008334,,False
1.848888,19,749.790116,True,False,True,0.008442388810974604,8.536472919402039,,False
0.240497,18,763.682676,True,False,True,0.011961221501921384,10.067372302236212,,False
0.258197,1,765.363686,True,False,True,0.0016590803644914763,17.41996438466686,,False
4.601794,6,769.87885,True,False,True,0.0044989134106602074,10.741704119351391,,False
8.420308,5,778.029505,True,False,True,0.009421116055047755,3.2463600865470448,,False
4.392089,17,786.602451,True,False,True,0.0045467700950090366,7.017606012436663,,False
8.018107,9,791.754221,True,False,True,0.005276724910982075,2.289622073629141,,False
8.553645,8,795.213996,True,False,True,6.749326249166909e-06,1.913686392952887,,False
3.620047,2,798.361782,True,False,True,0.0049156985513740354,11.236030603885988,,True
-25.236057,60,810.879867,False,False,True,0.01832697508993362,28.985975023542718,,False
1.899824,1,812.263628,True,False,True,8.531562956104466e-11,14.459270423626869,,True
7.075564,14,824.696042,True,False,True,0.007937578099192974,2.498529796265539,,False
7.243813,2,827.540054,True,False,True,1.8493409928432847e-13,2.999980337568535,,False
8.880256,2,830.930074,True,False,True,0.004143147557582032,0.826571801122958,,False
9.293948,3,833.877944,True,False,True,7.2967799699839506e-06,1.2448923930788762,,True
-21.708622,60,875.689166,False,False,True,0.0009908530389340139,39.12566740130375,,False
9.630425,1,877.05979,True,False,True,0.002613747537500131,0.5088951421943158,,False
9.058944,4,879.84095,True,False,True,0.0026044242683545995,0.9764160984854241,,False
8.149211,4,881.642672,True,False,True,0.0056896455200083846,2.7579698133807597,,False
2.968265,7,886.024965,True,False,True,0.0004740460589486044,9.504123923142625,,True
7.313346,2,887.363161,True,False,True,3.808959953000013e-10,4.1518057057713,,True
9.16946,2,889.94398,True,False,True,0.002744287933245301,1.187107945039355,,False
5.292321,24,903.170202,True,False,True,0.010285653292363806,3.3154622394819486,,False
-16.139521,60,929.99701,False,False,True,0.011852352078209777,28.48445918352876,,False
7.002839,8,935.613928,True,False,True,0.0068688847726317125,4.445838407894443,,False
8.046616,1,936.997201,True,False,True,0.004103919642750903,3.3715774152216054,,False
8.075567,1,938.283312,True,False,True,0.0022993445241675727,3.31702066121302,,True
-2.557146,31,954.525006,True,False,True,0.01181113819049623,9.418997437745753,,False
8.903465,8,957.440741,True,False,True,0.0034788255415462545,0.5926016327776902,,True
6.353456,2,958.826999,True,False,True,2.104636087708935e-10,5.3013903306671954,,False
6.699308,3,961.622817,True,False,True,0.0037941240905909044,4.9529658365765945,,False
7.532399,3,964.379931,True,False,True,0.003087102614590436,3.4873190939874275,,True
7.563398,1,966.025076,True,False,True,6.831627694103837e-10,4.239622335984102,,False
1.831672,4,969.121896,True,False,True,0.00016699095595108055,14.348165428687711,,False
4.373772,6,974.570692,True,False,True,5.841227610998899e-05,7.044790895165473,,False
6.048669,7,977.290631,True,False,True,0.00014325442466768014,8.164844417853516,,False
9.773618,1,978.633148,True,False,True,0.0010237862471997215,0.2479569841376627,,False
8.276775,2,981.714402,True,False,True,0.0062063540231128665,2.5104942053344397,,False
7.57907,9,987.303234,True,False,True,0.004350095393926075,3.566560119080164,,False
9.092662,4,989.851802,True,False,True,0.0025250747597040236,0.4657277717425776,,False
7.697588,4,993.004493,True,False,True,0.0030371956047340574,2.888125288072709,,False
7.653271,3,995.826777,True,False,True,0.006167710807619948,3.7953011267836843,,True
9.908312,1,997.115535,True,False,True,8.809388271765117e-11,0.0025741989028613206,,False
9.478985,9,999.853704,True,False,True,0.0033571743186576047,0.2609699442329486,,False
5.657813,2,1001.306146,True,False,True,9.319797711349054e-11,6.672967771729456,,False
9.106287,1,1002.934228,True,False,True,0.006063204549912658,1.455425017590902,,False
7.119624,1,1004.59059,True,False,True,0.006128218990049306,5.043105321396518,,False
9.900083,1,1006.163711,True,False,True,3.6482794710150993e-06,0.0179305985034007,,False
8.301161,2,1008.891469,True,False,True,0.0010616844667170012,2.7404850330067227,,False
6.641962,2,1010.163971,True,False,True,0.00019627542792104678,5.431349511484551,,False
3.970536,20,1015.955503,True,False,True,0.0036082068356411146,6.528229184564914,,False
8.866854,5,1018.634034,True,False,True,0.00042603155270803245,1.4142410967523533,,False
9.908446,1,1019.851211,True,False,True,1.0343578670877913e-10,0.002562553918232045,,True
-1.479845,15,1021.712433,True,False,True,0.006482918569717123,15.334861924324969,,False
7.287767,3,1024.213898,True,False,True,0.004214185783686538,3.731803389509478,,False
8.81404,1,1025.39858,True,False,True,0.009394657787423799,1.9913544595418122,,False
9.518811,3,1028.021028,True,False,True,0.00585208205665449,0.5204264012516782,,False
1.438667,9,1033.661628,True,False,True,7.86065440723004e-05,11.439612903204058,,False
-25.286555,60,1055.661674,False,False,True,0.012941286155142376,31.814893232884625,,False
6.385516,2,1057.035776,True,False,True,0.004792417940141201,6.510863174453383,,False
4.969316,15,1065.449504,True,False,True,0.011829106428541873,3.94442981863059,,False
5.785937,6,1067.015952,True,False,True,0.002407584116742624,5.812184676741286,,False
4.912435,21,1074.16533,True,False,True,0.01179975651761532,4.6719643889432,,False
7.958823,5,1075.647494,True,False,True,0.009120562678228201,1.2135461536865768,,False
7.563897,1,1077.164195,True,False,True,2.422523440678249e-11,4.237619095659661,,False
-34.201044,60,1100.511695,False,False,True,0.001557915513324315,34.118042912301,,False
3.639769,3,1101.922723,True,False,True,0.009208399320069097,10.63927260990032,,True
8.803287,2,1103.626403,True,False,True,1.086219187512727e-10,2.9623507465716408,,False
6.628543,3,1106.606701,True,False,True,0.006193395312177136,4.600622245819261,,False
6.773082,6,1110.361907,True,False,True,0.00040941353696256774,3.5256499258400273,,False
9.043865,2,1111.754284,True,False,True,0.005196408243510836,1.4208330048439841,,True
7.69963,14,1120.482969,True,False,True,0.005608302497958809,2.117433686455986,,False
3.775884,2,1122.083832,True,False,True,0.0017014932144330582,10.960268443064251,,False
9.153721,7,1124.919764,True,False,True,0.0021130707164748177,0.4259183847479951,,False
4.372784,9,1130.416395,True,False,True,0.009042210689801525,6.900501395738362,,False
4.83981,4,1132.140339,True,False,True,0.004765536871367197,8.596695843428877,,False
2.71848,5,1137.718002,True,False,True,0.009051333799319192,11.217248373400972,,False
5.149277,14,1143.172745,True,False,True,0.004704666058404906,4.550576842537186,,False
7.129448,2,1144.444755,True,False,True,0.005851249795589725,3.9457903707527984,,False
8.165495,2,1146.046335,True,False,True,1.0986974507741314e-09,2.9999932728646903,,False
6.07923,8,1151.011009,True,False,True,0.009069091018431117,8.062360654752233,,True
3.802601,9,1160.044175,True,False,True,0.006549956330657066,9.12343746761377,,False
8.42262,9,1167.626503,True,False,True,2.413945984075516e-09,1.4158103901196593,,True
5.337746,1,1169.2899,True,False,True,0.004752767962515393,8.261570027840571,,False
6.779438,4,1170.619438,True,False,True,0.004217495388201001,3.4323352846968005,,False
4.323597,3,1172.028898,True,False,True,0.001020130212112825,9.650799961260555,,False
7.843578,5,1175.20395,True,False,True,0.00029915798089745504,3.0450584951767423,,True
2.103646,5,1176.962808,True,False,True,0.0023749024825306074,13.434443586331554,,False
9.848108,1,1178.463076,True,False,True,0.00016838580566212735,0.10574154441683481,,False
9.463921,5,1183.138594,True,False,True,0.0001829190091383063,0.6925232664005747,,False
1.756868,1,1184.460584,True,False,True,7.033460619476628e-12,14.717054247789193,,False
7.949326,2,1185.820363,True,False,True,0.0024115521035618934,3.692457435755183,,False
6.951037,14,1194.24791,True,False,True,0.00735951977470574,1.7954046652727735,,False
-5.482992,46,1212.907362,True,False,True,0.0059807214112293635,3.2910108127582682,,False
6.946286,2,1214.193513,True,False,True,0.0054933563468760604,4.297144643886245,,True
9.047267,3,1216.869043,True,False,True,0.006060161204103167,1.7352996574656556,,False
3.294779,2,1218.256188,True,False,True,0.005462785311892135,11.545850282087923,,False
1.727456,5,1222.270511,True,False,True,0.001184715176359167,13.760816543580493,,False
5.407336,11,1231.146775,True,False,True,0.0035901570917728064,5.699801838193186,,True
6.520419,4,1235.701988,True,False,True,0.0044396071248041,4.531924995759226,,False
-29.124548,60,1273.2251,False,False,True,0.003672541995478482,34.39926400549259,,False
3.455819,9,1277.679953,True,False,True,0.011170918659042683,7.490823278273083,,False
9.113849,1,1279.309955,True,False,True,0.0019643297654168565,1.4410254480815767,,False
1.559798,11,1288.737136,True,False,True,0.00443006044298052,9.623562251382037,,False
5.975311,4,1291.415005,True,False,True,0.0014193102840059646,6.39764776986878,,False
7.891046,6,1294.16016,True,False,True,0.0016178276688314733,2.7732865056226355,,False
7.762723,5,1295.849559,True,False,True,2.7452228195244654e-09,3.380367064199013,,True
6.83559,4,1298.527997,True,False,True,0.008827943775898283,4.903585795347325,,True
6.410337,1,1299.847824,True,False,True,0.00012903143901587958,6.321678448613962,,False
-26.474142,60,1326.022884,False,False,True,0.018525039153420134,14.021283914773036,,False
3.932108,6,1328.95437,True,False,True,0.009257684276075748,8.084999989804475,,False
9.514579,2,1330.326417,True,False,True,0.002540098515465286,0.8127628985705058,,False
4.452432,4,1331.818472,True,False,True,0.005520712178468307,9.72491293689154,,False
5.24096,2,1333.522381,True,False,True,0.0024659905161988124,8.429658149514546,,False
2.606161,15,1339.431228,True,False,True,0.008906135606740946,7.748535342067978,,False
7.266772,5,1344.578493,True,False,True,4.982233383220255e-06,2.999030195287771,,False
3.271255,1,1345.834918,True,False,True,0.0008419563612118539,11.986490925479425,,False
9.578354,4,1348.454145,True,False,True,0.0035384690453885955,1.0457591589990631,,False
9.905221,1,1349.709611,True,False,True,1.3073706159342367e-10,0.002563389935226382,,False
-14.600145,60,1382.438279,False,False,True,0.03979996485561019,19.063292194835903,,False
4.851838,6,1388.434296,True,False,True,6.528910822576478e-10,5.99797668274222,,False
6.73864,5,1390.962767,True,False,True,0.00468924087381228,5.188112087443059,,False
6.565091,6,1397.564587,True,False,True,0.003081732425114142,6.00351522351607,,False
-27.830601,60,1415.370155,False,False,True,0.03582663591943919,20.35959239524337,,False
3.052883,32,1437.336277,True,False,True,0.007760164770792508,8.607802328750811,,False
10.155726,3,1441.004074,True,False,True,3.5056671414769275e-10,0.10736810782135899,,False
-1.188349,13,1448.373118,True,False,True,0.008841543533150049,17.29721766221641,,False
7.498108,2,1449.76664,True,False,True,0.0003293702916026507,3.0689097134774217,,False
7.814858,10,1454.596878,True,False,True,0.0042280143671132855,2.055029328076508,,False
3.624795,7,1456.094012,True,False,True,0.009592724715991484,9.537500589934448,,False
6.646245,1,1457.521612,True,False,True,0.006230081780244423,5.901323293787241,,False
3.026616,10,1462.85914,True,False,True,0.0020641366783246363,8.808926471620946,,False
6.86042,4,1467.456246,True,False,True,0.0024150769686009503,4.353757276311727,,False
-11.922429,31,1482.724237,True,False,True,0.007474938308161208,9.669786522202278,,False
7.497,2,1485.506696,True,False,True,7.337888029929863e-05,4.502062484580876,,False
4.02018,4,1489.377269,True,False,True,0.008736306959636756,11.741768628821765,,True
9.908582,1,1490.98145,True,False,True,1.1138013369531812e-10,0.002562923682123314,,False
8.450568,5,1493.654612,True,False,True,0.005057056349626728,1.0777143712714996,,False
4.307609,6,1496.45103,True,False,True,0.0014600372524025476,7.906067172570641,,False
8.462451,1,1497.855793,True,False,True,0.0002373285578113754,2.612534590967786,,False
-0.377952,7,1505.56743,True,False,True,0.00015279950557120243,16.198827476554403,,False
8.309913,1,1507.231103,True,False,True,8.556813437885413e-10,2.8907737926209527,,True
7.592807,2,1510.229436,True,False,True,0.0023990813557954304,4.3477986965160875,,False
7.165023,3,1511.985143,True,False,True,0.0003392618348606262,3.0950179339282258,,False
7.688775,3,1516.256736,True,False,True,0.00695376422256218,3.6333531415154328,,False
3.633228,4,1519.47338,True,False,True,0.000752267791778933,9.108911538325192,,False
9.597229,2,1522.449141,True,False,True,0.0006943962833109143,1.3418632582103796,,False
-22.099737,60,1564.781143,False,False,True,0.032924138227649155,15.54605669453361,,False
7.561812,1,1566.307079,True,False,True,6.806101077628966e-09,4.241206945877694,,False
-22.303327,60,1606.142755,False,False,True,0.029103513132353896,26.720106498868013,,False
9.89025,1,1607.83582,True,False,True,9.361158551249738e-05,0.035835180251721895,,False
8.24281,3,1610.956397,True,False,True,0.0062759449510602465,1.5819858006218468,,False
7.188899,1,1612.562636,True,False,True,0.005837923530584735,4.921180168423693,,False
7.029435,1,1613.902914,True,False,True,0.0022580989985897804,5.205827585851297,,False
7.234648,7,1619.357293,True,False,True,0.0003080054370574593,4.213653956066428,,True
8.14656,2,1621.219032,True,False,True,0.004134987400315333,2.6365909943304144,,True
8.186335,2,1622.399341,True,False,True,0.004230392122866973,2.607541830497257,,False
7.887453,1,1623.707543,True,False,True,0.01086267340211669,3.6619834782256913,,False
3.916988,3,1625.034823,True,False,True,0.005043135051502737,10.377020487303064,,False
4.032033,2,1626.421312,True,False,True,7.285976165606958e-05,10.54321853087605,,False
-27.099665,60,1657.400975,False,False,True,0.03181393528502864,33.20675310551944,,False
3.064025,3,1660.01331,True,False,True,6.55268891230909e-10,12.107965756828968,,False
5.869782,2,1661.348815,True,False,True,0.0015891239474801876,6.897675279744676,,False
2.812035,2,1662.703099,True,False,True,0.0025857639590593246,12.462544140146237,,False
6.753626,4,1666.909969,True,False,True,0.002416834344076039,5.273281881984818,,False
7.808047,3,1671.121405,True,False,True,0.00480606373080838,3.117962584402199,,False
6.587245,1,1672.774029,True,False,True,1.4944333814928597e-10,5.9999905566762495,,False
5.041727,4,1675.782221,True,False,True,0.004622410057834959,8.176328520058977,,False
6.269255,9,1682.565351,True,False,True,0.0001806957955370345,6.1311286281484385,,False
5.367811,9,1690.283329,True,False,True,0.00013030635438013305,5.978142277219926,,False
-13.199009,50,1738.371937,True,False,True,0.009814927656452052,17.36546604847681,,False
8.994782,3,1739.853693,True,False,True,0.004858376920121134,1.5392891702617582,,False
8.747044,5,1746.104456,True,False,True,0.005417312112024801,1.4718462420977,,False
5.878403,8,1753.127676,True,False,True,4.565149685907023e-05,4.660108512541351,,False
5.026374,2,1756.064434,True,False,True,0.004635477600604686,9.098102730865529,,False
6.532456,7,1762.664369,True,False,True,0.005217081510395364,4.512802692682704,,False
9.566137,2,1765.382965,True,False,True,0.0011006126770056635,0.21712965125702732,,True
7.222781,1,1767.072859,True,False,True,0.010652383101025634,4.859971772875582,,False
8.547726,1,1768.302088,True,False,True,0.004323224172617414,2.4668850715753585,,False
9.772667,1,1769.645166,True,False,True,2.1114852253902832e-11,0.24464183661952738,,False
9.345431,9,1775.76861,True,False,True,0.002259958368002652,0.4740977776168306,,False
5.412464,6,1780.255379,True,False,True,0.004591580187221153,6.145607889053621,,False
8.820822,2,1781.918461,True,False,True,0.0017368712816550067,1.4851726700676213,,True
8.532882,5,1784.569394,True,False,True,0.0031624289172467977,2.296965909173526,,False
3.138325,2,1785.868877,True,False,True,0.002627349120116071,12.142977071914347,,True
6.338864,1,1787.728065,True,False,True,0.003841877622746523,6.4527154462688285,,True
8.893971,2,1790.387565,True,False,True,0.000488302806959614,1.6790315013358519,,False
9.628622,2,1793.253203,True,False,True,0.0008270224219447536,0.16401710779151873,,False
7.568374,2,1796.808981,True,False,True,0.0031098788443134576,4.320787187797528,,False
9.90846,1,1798.597829,True,False,True,3.840962287337328e-11,0.002562384946816646,,True
7.571182,3,1803.172643,True,False,True,0.0057785290606955815,2.820941956994552,,False
6.434096,4,1806.031603,True,False,True,0.007614378918378142,4.670476960576748,,False
9.906696,1,1808.545156,True,False,True,1.4570283369664117e-10,0.0025882537796511353,,False
6.345488,6,1815.325478,True,False,True,0.005054653815803792,4.244859831083459,,False
7.345723,4,1818.687218,True,False,True,0.004143567589139571,4.002224165217347,,False
5.361553,2,1820.373343,True,False,True,0.0047185826511437065,8.176907335796965,,False
6.346491,2,1823.929034,True,False,True,0.01188259727020729,5.68318853172129,,True
9.833674,3,1826.095372,True,False,True,0.0025091934407735494,0.6937938976346196,,False
7.37408,2,1829.75858,True,False,True,9.157663195853787e-12,2.9984421343946863,,False
8.678153,2,1834.567816,True,False,True,0.0006517176519116324,2.287130862020749,,False
7.40622,7,1843.173234,True,False,True,0.00012762930779763854,2.8384274417698934,,False
-0.820453,21,1858.249702,True,False,True,0.007246571942777658,8.336624960814277,,False
8.29894,1,1859.712486,True,False,True,4.1919260008421224e-10,2.9107903301365208,,False
9.54147,4,1864.739962,True,False,True,0.0003243929043811409,0.1622376925314589,,False
6.532993,2,1866.043633,True,False,True,0.0007822540731460409,6.170719221835078,,True
4.26679,6,1872.325504,True,False,True,0.00454553621662704,8.844723588068032,,False
10.204175,4,1875.256361,True,False,True,0.0012802223622374734,0.625639966967429,,False
7.893839,2,1876.991689,True,False,True,0.0006515815614361181,3.9191238814717853,,False
8.571139,3,1878.779665,True,False,True,0.003822157213847405,2.009951959128804,,True
9.121709,1,1880.579966,True,False,True,0.00598631989515171,1.4304638852347002,,True
1.089322,4,1882.447273,True,False,True,0.004377225111894522,14.767179174589927,,False
5.217393,2,1885.444728,True,False,True,0.005987851115877424,7.579020595016727,,False
8.17776,10,1895.896498,True,False,True,0.0020504860772383306,2.6055784502663406,,True
9.907623,1,1897.387492,True,False,True,2.266491808261304e-10,0.0025893269891989375,,True
5.621256,10,1901.797492,True,False,True,0.004788386024371179,4.304077330478293,,True
7.867957,5,1907.667446,True,False,True,7.531897525466213e-05,3.0254399973718686,,False
9.294735,3,1911.605925,True,False,True,0.004851367351012142,1.0095758894733018,,True
7.247589,2,1914.733924,True,False,True,0.004076692736583365,4.669142532045661,,False
2.406146,2,1916.129033,True,False,True,9.706803031929098e-06,13.602946795780365,,False
1.820123,4,1922.498656,True,False,True,0.0011132603709727955,13.92893836267737,,False
9.556912,2,1925.281393,True,False,True,0.0025221762361550904,0.47954113605998877,,False
5.8755,3,1928.240837,True,False,True,0.004236929713211225,5.417090291295743,,False
7.020271,8,1934.221739,True,False,True,0.002060532991011956,2.799746744376001,,False
8.181458,2,1937.526744,True,False,True,0.00012447505086764642,2.915798467531394,,False
8.992086,2,1940.632854,True,False,True,0.00027988201277688585,1.1124437049099056,,False
6.817566,1,1942.300499,True,False,True,0.0058446193487887155,5.587433836230694,,False
9.734193,3,1945.471197,True,False,True,2.0380541558951158e-10,0.002562507693994038,,False
3.090738,2,1948.205011,True,False,True,0.002720089102728877,12.40651296331862,,False
9.745187,4,1949.70501,True,False,True,0.0017417862454352363,0.9359378757359766,,False
8.241647,2,1951.000541,True,False,True,0.0007277705802341133,2.8893370791776203,,False
7.572029,1,1952.314458,True,False,True,3.9711639532313825e-10,4.221830946233315,,False
8.595092,3,1953.991602,True,False,True,0.005484580277062237,2.0701569419529995,,False
0.776792,3,1956.733897,True,False,True,1.864513164321702e-05,15.979513180832472,,False
7.779236,1,1958.102805,True,False,True,0.005710967562461117,3.855709130979396,,False
2.418196,5,1962.595705,True,False,True,0.0005290600207959201,12.70611186020824,,True
7.599144,2,1964.252879,True,False,True,0.0012916764217085228,4.026508269330631,,True
9.868769,3,1965.691559,True,False,True,9.223652551191078e-07,2.0650387453412944,,False
1.510332,3,1967.090044,True,False,True,0.0004576758635079243,12.834314710047101,,False
8.721551,2,1969.725115,True,False,True,2.1179751489375295e-11,1.9912546500801052,,False
6.783091,1,1970.994967,True,False,True,0.005625580542265395,5.65413370335018,,True
4.215533,5,1975.374127,True,False,True,0.004851022615642612,8.934409528241423,,False
5.217139,1,1977.044689,True,False,True,0.004865338200835006,8.479262692452613,,False
9.86397,2,1978.421038,True,False,True,7.566525991096144e-10,0.002562490057449623,,False
9.905554,1,1979.747762,True,False,True,8.542952966186666e-11,0.00256437051053315,,False
8.725025,11,1989.4678,True,False,True,0.00030553603456669187,0.43741725648046265,,True
8.553407,4,1992.153406,True,False,True,0.007851785759663929,2.7987371211333705,,False
9.753489,1,1993.736917,True,False,True,0.002419613843409873,0.27928405831049086,,True
5.863342,2,1995.395969,True,False,True,0.002144938705626631,7.323545946596129,,False
6.113891,4,1998.398585,True,False,True,0.0052335697335085946,5.764296623958978,,False
6.69909,2,2001.173271,True,False,True,2.0969442502663774e-10,5.178614803440217,,False
3.722125,1,2002.794753,True,False,True,0.0029981330160077924,11.174779588781645,,False
7.475339,2,2005.826072,True,False,True,9.729319780382717e-11,3.0000689799499214,,True
10.425771,2,2008.737435,True,False,True,6.324338184814473e-05,0.037123519307105717,,False
8.528969,2,2011.598061,True,False,True,0.002111551859448837,1.8208190855275137,,False
9.02177,2,2014.480892,True,False,True,8.730028427487178e-12,1.4469815444832104,,False
6.664231,3,2017.097651,True,False,True,0.004767880420958541,3.6657758740923176,,False
-1.6949,16,2022.792599,True,False,True,0.011934562049263468,8.810663223194839,,False
2.425189,6,2026.987938,True,False,True,0.0029714848625552095,12.79205222269869,,False
7.310268,3,2029.915884,True,False,True,4.3990343659428e-10,3.1693268072118763,,False
8.710958,4,2033.007518,True,False,True,2.8638542926007204e-11,1.657937156740424,,False
9.242416,3,2034.630217,True,False,True,0.009037698829509028,1.3951456514711413,,False
6.499652,2,2037.54384,True,False,True,0.002532551085964635,6.269006171681772,,False
9.079259,1,2038.901011,True,False,True,2.0427685478599732e-11,1.4995768263986418,,True
6.823117,2,2040.558873,True,False,True,0.002495680336853159,4.792413231838157,,False
9.648021,2,2042.243439,True,False,True,0.001589684450143668,0.31661391628218666,,False
-1.629292,5,2047.362627,True,False,True,0.004341398704836815,17.29102098225163,,False
5.652667,4,2050.152139,True,False,True,0.008843589040977474,4.232713365118564,,False
2.919087,7,2056.04873,True,False,True,0.000534949461749451,10.594975916461927,,False
8.713893,1,2057.42352,True,False,True,0.005837399521727321,2.1635465291285496,,False
8.024491,1,2058.612965,True,False,True,0.00304436338713007,3.410008645909134,,False
-0.633869,6,2062.684695,True,False,True,0.002987572486333051,16.95437372833701,,False
6.811196,15,2072.997463,True,False,True,0.0035214230067058053,2.3754458168940924,,False
8.241951,2,2074.349181,True,False,True,0.0001509419035372393,2.910033656404603,,False
9.354799,1,2075.708871,True,False,True,0.0032420958902791546,1.0071063183760498,,False
5.918591,2,2077.054423,True,False,True,0.002989814988596936,7.07599923966985,,False
2.856667,4,2078.398116,True,False,True,0.0015117583647023813,12.336880178561382,,False
-12.317153,35,2097.259881,True,False,True,0.0023528370057561074,9.449994943333454,,False
8.699592,1,2099.049854,True,False,True,1.727823555910036e-11,2.18674742850291,,False
8.354212,2,2102.143147,True,False,True,0.003568214938253967,2.6676121496329444,,False
4.129418,1,2103.495799,True,False,True,0.0003588068695185506,10.438100124996344,,False
6.35026,8,2109.709441,True,False,True,0.0118649909286465,2.8983809919088097,,False
2.014312,8,2120.334193,True,False,True,0.008726913259459344,14.499655787239796,,False
8.658705,2,2121.781984,True,False,True,6.593723735578289e-05,2.109019929638125,,False
0.637813,2,2123.178092,True,False,True,7.520396111404537e-11,16.617171699891436,,True
8.466683,1,2124.471168,True,False,True,0.002174068915231538,2.6107491209877205,,False
6.527141,1,2126.066783,True,False,True,0.0003535231358623367,6.111043524821429,,False
4.51839,4,2127.72563,True,False,True,0.005645899639314698,8.868431434755673,,False
-3.29832,15,2135.768815,True,False,True,0.0029151562878873996,17.659045048404234,,False
9.908143,1,2137.546566,True,False,True,2.429750449826204e-12,0.0025711374576847528,,False
8.562213,4,2140.987324,True,False,True,0.00550452825679848,1.6012830126857347,,False
7.102415,2,2142.617424,True,False,True,0.005293460912857409,4.926374076390972,,False
8.705632,2,2144.485048,True,False,True,0.005674215693179482,1.9271043795755034,,False
8.258325,1,2145.948498,True,False,True,2.4736439098158007e-11,2.9837420528237097,,False
9.907825,1,2147.68991,True,False,True,6.012632601090115e-10,0.0025626106662332998,,False
0.757494,4,2151.220459,True,False,True,0.0048105393618192325,15.790314644060471,,False
8.253321,1,2152.574477,True,False,True,4.297344617162862e-05,2.993038162734062,,False
9.83082,1,2154.183681,True,False,True,0.0005592770054939147,0.14391834873585674,,False
6.743048,1,2156.073325,True,False,True,0.0028258700969383903,5.723742243255752,,False
2.126214,5,2159.142166,True,False,True,0.00027214221742679354,11.558134750634034,,False
1.04527,1,2160.611565,True,False,True,0.00023839900307908194,16.00026616932686,,False
9.864856,3,2164.084188,True,False,True,0.003652918808345413,0.7274785512095769,,False
9.290597,1,2165.46552,True,False,True,0.00012478659860516023,1.114851482678248,,False
6.830055,11,2174.024934,True,False,True,0.005050407409486608,4.315415104513968,,False
4.181917,4,2178.195365,True,False,True,0.005368002719508731,8.180316748815056,,False
9.695477,1,2179.587038,True,False,True,0.0005587997156791527,0.388533069045648,,False
9.21015,1,2181.274036,True,False,True,1.6707191186071668e-10,1.2607349344630214,,False
7.875071,3,2185.144348,True,False,True,0.0018878362474214181,2.579330005011398,,False
5.842491,2,2188.164693,True,False,True,0.009420228524304543,5.995725195426216,,False
6.04054,1,2189.517261,True,False,True,8.729058796560661e-05,6.989166182364266,,False
10.285868,3,2193.540279,True,False,True,0.00030782357095598956,0.17974844822784666,,False
7.386745,5,2195.061158,True,False,True,0.001351339278000171,3.796347781594683,,True
8.678741,1,2196.39042,True,False,True,0.005270525886426625,2.230219768875162,,False
8.040169,1,2197.983796,True,False,True,1.1918517310106205e-11,3.3750691407749556,,True
7.844488,3,2200.768473,True,False,True,0.000607286438348993,2.9546920121294145,,False
8.735214,6,2203.483146,True,False,True,0.003609609943400133,4.078599744005503,,False
9.678558,1,2204.70365,True,False,True,0.0020922971873755564,0.41815928490320237,,True
3.107308,1,2206.462201,True,False,True,0.0002446631516720317,12.281779824611059,,False
5.021543,2,2209.351348,True,False,True,0.0029136088705986217,8.326780024757728,,False
8.106808,3,2214.064523,True,False,True,0.005225069491082538,2.4579247861380855,,False
6.956093,3,2215.617272,True,False,True,0.0029654814180066877,4.707950152983218,,True
6.465027,4,2220.998694,True,False,True,0.005065428783309471,5.297245063168738,,False
5.634113,2,2223.846393,True,False,True,0.008581481249946305,7.16233258996045,,False
8.028818,3,2225.269415,True,False,True,0.006612244108723641,3.137179841245127,,False
6.463373,6,2228.016066,True,False,True,0.0026303703770159483,5.097934897841598,,True
7.510294,2,2230.91671,True,False,True,1.9053578738374533e-11,3.035786117267032,,False
4.878804,3,2233.801617,True,False,True,0.0008094165947179493,9.233976058315534,,False
6.380813,6,2239.556059,True,False,True,0.004743995186262951,5.57168554920993,,False
6.555607,1,2241.285148,True,False,True,1.616130267528533e-05,6.059313448144672,,True
9.279829,6,2248.580122,True,False,True,0.0048717813407757465,2.4340338456500805,,False
8.570178,3,2250.322412,True,False,True,1.01002777563244e-10,1.4629856429132517,,False
7.355049,2,2251.953519,True,False,True,9.818997752028937e-05,4.376691150550886,,False
6.032914,6,2257.895488,True,False,True,0.00013074061930976044,5.516567633666638,,False
8.463822,3,2262.42756,True,False,True,0.0012717024248100858,1.6373987943199,,False
9.908167,1,2264.175711,True,False,True,2.0672717706203727e-10,0.0025632423473526543,,True
8.252074,1,2265.575701,True,False,True,8.877721493578985e-10,2.9927113088946835,,False
6.465731,1,2267.249935,True,False,True,0.005099153173675042,6.22136435342502,,False
7.239031,1,2268.585494,True,False,True,0.0022539371799080027,4.827648430863519,,False
8.047615,1,2269.89602,True,False,True,0.004261464765218937,3.3699471083411434,,False
8.035098,1,2271.470474,True,False,True,0.002463194261404408,3.3905547748309046,,False
8.246327,1,2273.159762,True,False,True,2.8238857086027025e-10,3.0000692164933254,,False
7.844807,2,2274.506256,True,False,True,0.00358486885540349,3.590578415378377,,True
3.064921,1,2276.142811,True,False,True,4.554272584056385e-11,12.358060487865412,,False
-3.34768,4,2280.499707,True,False,True,0.002070337371477252,16.804250062194676,,True
8.159532,1,2281.798496,True,False,True,0.004680800796972172,3.1675646332584946,,False
8.249647,1,2283.505444,True,False,True,8.52938305660425e-11,2.999999381518801,,False
6.923254,4,2285.048963,True,False,True,0.005859916661799574,5.883625590114665,,True
1.53371,4,2289.462502,True,False,True,9.925697705792331e-05,11.958577382391331,,False
9.449895,1,2291.091452,True,False,True,0.0041048866297834306,0.8355457292942221,,False
-19.846124,60,2332.343684,False,False,True,0.012013623876482863,26.422988094378756,,False
6.836854,1,2333.599992,True,False,True,0.005966754269923508,5.555828950985498,,False
9.37495,4,2338.833882,True,False,True,0.0012532576265642786,0.23120816796573365,,False
6.983606,1,2340.232187,True,False,True,2.7099072985592443e-11,5.283972088059625,,False
9.718746,3,2344.230798,True,False,True,2.921714387354307e-10,0.015175328455603068,,True
8.217428,1,2345.829066,True,False,True,1.5897273434453224e-11,3.0573213711834573,,False
3.490708,2,2348.582457,True,False,True,0.007928941847099948,11.044456765733491,,True
2.057237,2,2351.27005,True,False,True,0.0046933030299410716,13.539183178852484,,False
7.445085,1,2352.564823,True,False,True,5.309827161292802e-10,4.45125294091385,,False
9.154493,2,2355.165553,True,False,True,0.0018510072037178776,0.9003658934218417,,False
5.017762,3,2359.117675,True,False,True,0.010330325412989061,8.107918945283078,,False
1.146555,1,2360.354197,True,False,True,0.004495782845389398,15.819984007789833,,False
-6.774703,34,2370.055338,True,False,True,0.004472671020356502,7.025343919974529,,False
7.909928,2,2371.471473,True,False,True,0.005686221321123064,2.967537510110824,,False
7.886633,8,2373.01667,True,False,True,0.0005413007303075278,2.2985178299945455,,False
8.315753,6,2375.755539,True,False,True,0.0001262512480816319,1.4821940091187937,,False
7.133927,3,2378.325744,True,False,True,2.5144316072893237e-09,4.179877574885339,,False
8.428447,2,2380.83336,True,False,True,0.005399569389290648,1.311300194105907,,True
-27.124644,60,2440.782094,False,False,True,0.001193675815218372,29.12347824629744,,False
8.952311,3,2443.355022,True,False,True,0.01101561674060165,1.4562629214291065,,False
8.882302,3,2446.026547,True,False,True,0.009788180901578798,2.0796740675636056,,False
3.342778,3,2448.622984,True,False,True,0.0014278436526893937,11.170200795603256,,False
3.50573,2,2451.548529,True,False,True,0.002488799028943189,11.439261900941695,,True
4.977292,1,2452.799385,True,False,True,0.004829434727676104,8.911950218533963,,False
9.827167,1,2454.273482,True,False,True,0.0003857964272371869,0.14912814204338468,,False
9.593954,2,2455.73647,True,False,True,0.000688082433529677,0.40387021645763294,,False
-7.966131,18,2470.449855,True,False,True,0.008075267347488986,2.5999085406676583,,True
6.229378,1,2471.902277,True,False,True,1.6277748593473973e-10,6.646125556256403,,False
4.659878,6,2478.438657,True,False,True,7.075171722292035e-05,8.53318622867979,,False
8.592945,2,2479.68213,True,False,True,0.007726776557736505,1.5138655269557515,,True
3.579511,2,2482.114086,True,False,True,0.004898574764594335,11.309260328543349,,False
8.309887,1,2483.411401,True,False,True,1.7811048318211086e-10,2.890653864508927,,False
8.266951,1,2484.717432,True,False,True,4.800022784624998e-05,2.968968729648217,,False
9.908167,1,2486.019511,True,False,True,2.0194351667525854e-10,0.0025630894896812952,,False
9.448193,1,2487.436654,True,False,True,0.0034409117248467283,0.8388379196910712,,False
8.088435,1,2489.023183,True,False,True,1.343825083215825e-10,3.2909407689752994,,False
9.306665,1,2490.355462,True,False,True,0.0009268353018743906,1.0913474268697896,,False
6.058462,1,2491.776754,True,False,True,0.002263969641001036,6.958354758678565,,False
-0.336535,9,2498.835253,True,False,True,0.003312472242397178,14.75354121209676,,False
9.055287,2,2500.213876,True,False,True,0.00017441415616211884,1.4342970797199135,,False
6.50858,1,2501.656051,True,False,True,0.003528003888054334,6.1476364392895375,,True
-26.905688,53,2548.784025,True,False,True,0.004943245992544418,14.006573785354878,,False
9.788775,2,2551.478215,True,False,True,2.9863547769876098e-05,0.02165365754760489,,False
8.89931,1,2552.826156,True,False,True,0.00404543106234076,1.831020927288316,,False
7.835489,5,2559.60484,True,False,True,0.0008860619833817922,3.193629671304361,,False
6.074725,6,2564.924942,True,False,True,0.005040601786614026,7.513379628235947,,False
8.227047,5,2569.996147,True,False,True,0.011922499384620991,2.3540187570309485,,False
6.347042,2,2573.113935,True,False,True,0.004804655289923171,6.269941447522226,,False
9.582074,1,2574.504413,True,False,True,4.25951743803113e-09,0.592707716585117,,False
5.37941,5,2579.674736,True,False,True,0.0001388245937276782,5.5662544985274325,,True
7.979804,4,2582.407441,True,False,True,3.0707438738207266e-05,3.0136331979239896,,False
-20.716912,53,2631.754563,True,False,True,0.006025753114581273,12.032044557860555,,False
3.816635,4,2634.730054,True,False,True,0.0007043693882437269,11.286856117433176,,False
5.033534,2,2637.788351,True,False,True,0.004656057398512265,9.646493464611984,,False
-28.834709,60,2671.03718,False,False,True,0.02731246079459975,13.170066016231686,,False
7.426194,2,2672.27754,True,False,True,0.0001923566725286335,4.330570463610579,,False
9.90824,1,2673.657986,True,False,True,1.4042447760154175e-11,0.002562728993863018,,False
-6.002127,11,2688.238458,True,False,True,0.009314354575867318,17.815562110607495,,False
6.059345,2,2691.575999,True,False,True,4.9880307810113365e-11,6.8673775201500575,,False
9.457932,3,2695.841862,True,False,True,0.0032852198710287273,0.6216091724565658,,False
9.624033,3,2700.786009,True,False,True,0.0005316314469185571,0.20632543183197685,,False
7.0,4,2707.049919,True,False,True,0.0051684656227253024,4.285850600711401,,False
7.17756,2,2710.379757,True,False,True,0.0032302914330871457,4.796176861635912,,False
6.600172,1,2711.601302,True,False,True,0.001196422745366355,5.9800490722112265,,False
7.14719,3,2714.868363,True,False,True,0.0001757994903780289,3.0684744275340403,,False
5.205961,5,2719.04547,True,False,True,0.009619373498720246,6.098324826682308,,False
7.805958,1,2720.411521,True,False,True,0.006169106430612303,3.8046071050844277,,True
7.887814,2,2722.952331,True,False,True,0.003533085804091284,2.7311897107783696,,False
7.308659,4,2725.654191,True,False,True,0.00030267116110971765,3.0828626555545786,,True
-14.284396,60,2769.540049,False,False,True,0.04538982271062081,26.079386875513134,,False
0.177346,15,2780.832415,True,False,True,0.009129520433746763,12.574258276846876,,False
9.845146,1,2782.640202,True,False,True,0.0002643885683721886,0.11760566645381025,,False
2.763652,5,2787.969304,True,False,True,0.0025793386815225723,9.16378240690978,,False
7.686171,4,2791.456328,True,False,True,0.005758452916076018,2.958120880737993,,False
8.282912,1,2792.699051,True,False,True,2.734520943015184e-12,2.9393906375563854,,False
4.309999,1,2794.442953,True,False,True,0.005837018308566415,10.114093448430593,,False
6.832085,3,2796.880589,True,False,True,0.002554985310918939,4.870213450462749,,False
3.147266,1,2798.010226,True,False,True,0.00022394982731481473,12.209692458657116,,False
7.464315,3,2800.577489,True,False,True,0.004234662675189629,3.7691002683426547,,False
3.728502,2,2803.49894,True,False,True,0.004006348811926129,10.809226263909332,,False
2.271662,9,2817.814965,True,False,True,0.002527032654757821,12.922170826564255,,False
6.524726,2,2821.248207,True,False,True,0.00014130433315834821,5.974057444962569,,False
6.745845,7,2826.552921,True,False,True,0.0028710771278041523,4.44315557914608,,False
-16.556553,29,2851.908462,True,False,True,0.0033731871594622417,8.023689950010302,,False
9.908402,1,2853.047961,True,False,True,4.0410171196973365e-10,0.002579731571739122,,False
9.324355,1,2854.236167,True,False,True,9.276182247513858e-06,1.0584727237508866,,False
4.935293,2,2855.466217,True,False,True,0.004767208420018659,8.858284987300138,,False
6.517716,2,2857.023275,True,False,True,1.6245065066700582e-10,5.989594279337025,,True
7.316031,3,2859.5131,True,False,True,0.008539180712167136,4.510071667893548,,True
7.453468,1,2860.710798,True,False,True,0.00021430144773313146,4.438379772787645,,False
9.383884,1,2862.541779,True,False,True,0.005410402803839198,0.9547458661537737,,False
7.14088,2,2863.844094,True,False,True,0.00558602693748881,4.763357419257545,,False
9.907801,1,2865.056632,True,False,True,7.439430668720881e-11,0.0025623631845365594,,False
7.276811,7,2870.493302,True,False,True,0.00010073479278357996,4.4566015764890246,,False
6.910528,3,2872.366903,True,False,True,0.007973682176586576,4.456966070213081,,True
8.017398,1,2873.608053,True,False,True,2.757759472171717e-10,3.414571864563762,,False
7.530426,1,2874.819153,True,False,True,4.5196082987253305e-11,4.29868188607472,,False
8.524024,3,2876.031151,True,False,True,4.054967684267119e-11,2.3231394396251233,,False
3.298705,8,2879.707373,True,False,True,0.00028916613539316585,10.32188352527471,,False
2.655019,2,2881.94082,True,False,True,0.0024703359295195917,13.560223827743066,,True
9.908412,1,2883.518138,True,False,True,9.024308730842812e-11,0.002562403153026622,,False
2.370012,3,2885.939212,True,False,True,0.004621236235294532,13.033947937835793,,False
8.24997,1,2887.725895,True,False,True,4.592292164852713e-09,2.9995841806397476,,False
9.054583,3,2890.273286,True,False,True,0.0004793047521802485,1.193408332607405,,True
0.878493,3,2893.309097,True,False,True,0.005016001847480885,14.27688240254807,,False
8.746404,2,2895.055591,True,False,True,1.871699184530229e-10,1.3820055094790376,,False
9.345926,1,2896.184037,True,False,True,0.004789358459669782,1.025700516474267,,False
5.31957,2,2899.051903,True,False,True,0.004713749351736083,8.163273069709804,,False
10.295549,3,2901.870004,True,False,True,5.6367026872057775e-11,0.19411432061148304,,False
7.386436,1,2903.624865,True,False,True,0.0015114697693741832,4.557474336286374,,False
7.343348,1,2905.305345,True,False,True,0.0021303602008105474,4.638679860012358,,False
7.743982,1,2906.58022,True,False,True,0.009950062329647054,3.923383516306512,,False
7.848558,2,2907.691593,True,False,True,0.00012104069353773613,3.029472264497079,,False
7.694185,3,2908.966537,True,False,True,0.0025921344099382095,3.780128503729631,,True
7.489633,4,2910.322137,True,False,True,0.00016119301154976813,4.057296900681899,,False
8.587855,1,2911.41739,True,False,True,0.011720490964118997,2.402096711906184,,False
8.567133,3,2912.61091,True,False,True,1.9616187670799325e-11,1.491989777706312,,False
3.898911,1,2913.853186,True,False,True,0.005487657441400123,10.856481846086794,,False
8.84597,5,2915.074189,True,False,True,0.003224505221431046,0.6091893859848323,,True
5.844786,2,2917.486337,True,False,True,0.0006186589747782528,7.102400259776279,,False
-27.288046,60,2966.071422,False,False,True,0.010476602781275622,32.35932596977219,,False
8.358371,1,2967.745891,True,False,True,0.0017331991943640497,2.8058596606550323,,False
8.171905,2,2969.506138,True,False,True,1.5005200856709138e-11,2.9895589115727597,,True
9.908581,1,2971.167786,True,False,True,9.357316038341661e-10,0.0025655716236040378,,False
9.906328,1,2972.803466,True,False,True,3.8031817251535064e-11,0.002562364891388736,,False
3.095235,2,2976.050807,True,False,True,0.0015029724480198556,12.107571875483114,,False
5.691704,3,2978.535038,True,False,True,0.0005136094522960044,6.4848477929250485,,False
9.908581,1,2981.806955,True,False,True,1.7910711976043547e-11,0.0025645825543381224,,False
8.210811,2,2985.349179,True,False,True,1.2994170843494413e-10,2.9315467389764773,,False
9.052407,2,2988.813297,True,False,True,2.038519474750755e-10,1.4142427589637043,,False
8.93223,1,2990.793774,True,False,True,0.0007429138968203088,1.767981274124256,,True
6.592028,1,2992.449347,True,False,True,3.1830220750816984e-10,5.993545377860997,,False
8.564964,1,2993.64924,True,False,True,0.00447211531728502,2.4359237546937345,,False
8.184236,2,2996.854051,True,False,True,7.623486253103628e-13,2.9172802588262745,,False
2.876619,1,2997.895905,True,False,True,0.004819205650394984,12.700855800143492,,False
8.409896,1,2999.695945,True,False,True,0.01142406527775121,2.7175298451340235,,False
8.987263,1,3001.359192,True,False,True,0.005645000530475185,1.6745836301735697,,False
9.272513,2,3002.601391,True,False,True,0.006247177298027191,1.332125198618364,,False
6.38797,4,3008.946029,True,False,True,5.1440076210881175e-06,5.531119309568907,,True
7.084408,4,3013.844782,True,False,True,0.003982985946191275,3.701878316001471,,False
8.866226,1,3015.487828,True,False,True,0.008252813703619667,1.8961249576325327,,True
3.558415,1,3017.234522,True,False,True,0.002523230350678061,11.469728082193477,,False
9.442272,1,3018.784497,True,False,True,0.0042219156368077096,0.8463500661396932,,False
0.630183,4,3022.438976,True,False,True,0.009910345006422462,15.331277952919834,,False
-16.044317,29,3033.441406,True,False,True,0.011156669966621239,14.635405277176861,,False
8.41457,1,3034.725278,True,False,True,0.008354227076002847,2.7113026200933197,,False
9.631084,1,3036.089261,True,False,True,0.0027365340967681552,0.5078689689002828,,False
2.299877,3,3037.469215,True,False,True,0.000522042207434889,13.156211818463582,,False
7.847577,2,3039.126961,True,False,True,0.0009154258819799727,3.482313955492741,,False
8.835314,6,3044.808909,True,False,True,0.005105555685455289,1.526598240309569,,False
7.24521,1,3046.548885,True,False,True,0.004933237066338845,4.818552982711222,,True
7.997896,1,3047.827031,True,False,True,0.002040545530399074,3.456625564751072,,False
5.734635,5,3053.118875,True,False,True,0.004916308055820676,6.408238631879532,,False
9.623553,2,3055.908628,True,False,True,0.0012948931798486417,0.3595933607461184,,False
3.261805,2,3059.219796,True,False,True,3.9585869304747945e-12,11.876593233112178,,False
10.177314,2,3060.972579,True,False,True,3.2082504289783346e-11,0.002571576285443156,,False
9.579005,1,3062.230582,True,False,True,0.002681129991567795,0.5984573810748083,,False
9.812719,2,3065.806395,True,False,True,7.383871292176991e-12,0.002562369442988982,,False
8.225798,1,3066.94888,True,False,True,5.1429504752846045e-06,3.043252541488618,,False
6.598721,1,3068.153732,True,False,True,5.0939149860377425e-06,5.981467610792041,,False
9.905496,1,3069.851596,True,False,True,3.9182382338687205e-10,0.0025628023770038967,,False
6.07307,1,3071.587445,True,False,True,0.004369999722699164,6.9287620318782555,,True
6.517567,1,3073.366191,True,False,True,0.010900734364819434,6.132917369318482,,True
7.386001,1,3075.137094,True,False,True,0.005241118994966633,4.565148373455469,,False
3.543019,5,3081.024839,True,False,True,0.002431160470773683,11.029673080623622,,False
8.396244,2,3083.825021,True,False,True,0.004480188723015562,2.434481813965091,,True
-34.952283,60,3112.441988,False,False,True,0.003962814053615373,49.26077103066077,,False
7.913263,2,3115.352035,True,False,True,0.005884691795323402,3.0095076145870414,,False
8.495378,6,3121.398472,True,False,True,0.002095913153977131,3.4500279523798087,,True
-26.264488,60,3175.40788,False,False,True,0.00706101380549029,55.946472204127964,,False
6.945903,3,3179.527832,True,False,True,0.005820748925514331,4.341534492249016,,False
9.818587,2,3181.310241,True,False,True,1.9830503211748507e-10,0.002564036349621492,,False
-11.305126,19,3197.497432,True,False,True,0.0003944379603249156,15.225923512604393,,False
8.377517,1,3199.114978,True,False,True,0.0010732511126331466,2.770488425113132,,False
7.221906,2,3200.380689,True,False,True,0.001778168724957875,4.714938166082849,,False
7.085777,1,3203.176036,True,False,True,0.004675263649630997,5.106882754358256,,False
9.059855,1,3204.423519,True,False,True,5.690387744339276e-10,1.5310964904065527,,False
5.436663,1,3205.579453,True,False,True,6.900531337719628e-11,8.076744605470921,,False
7.542132,3,3206.892446,True,False,True,0.004587017783730744,4.006183898346985,,False
7.549482,1,3208.047547,True,False,True,9.20142813548156e-06,4.264339354725572,,False
8.258029,3,3211.63719,True,False,True,0.00015397981663614613,2.6754979083740786,,False
2.274955,2,3213.362164,True,False,True,1.219778323485743e-10,13.390296008290736,,False
7.481665,8,3215.480108,True,False,True,0.0059062908149319256,3.50049936977531,,False
7.564006,3,3216.814063,True,False,True,0.006064135598634862,3.5695645261911104,,False
-0.484547,8,3219.569116,True,False,True,0.001270312752390733,17.44167523192698,,False
5.221902,1,3220.809128,True,False,True,0.0007763000674037039,8.466862606326895,,False
5.102936,1,3222.030242,True,False,True,4.703979656736981e-05,8.68130693514115,,False
8.712618,7,3228.681449,True,False,True,0.0031659998916044895,0.5848896980528137,,False
1.279957,1,3230.393411,True,False,True,0.00044108601742317926,15.577241786609836,,False
8.381153,2,3233.289436,True,False,True,0.0005741272198767642,2.105442168570305,,False
7.194792,2,3235.556933,True,False,True,0.0077618952718433035,4.543595652289401,,False
9.350516,3,3240.250577,True,False,True,2.796431142204625e-11,0.6966102236881674,,False
8.435014,1,3241.388535,True,False,True,0.002362588308894957,2.668171810352839,,False
5.920523,3,3244.192249,True,False,True,0.004300644895095657,6.52411847118266,,False
8.556257,3,3246.510915,True,False,True,0.005247984962615627,2.1106120240033857,,False
-14.837459,60,3300.671222,False,False,True,0.007185433525416174,12.537556030048199,,False
9.90858,1,3302.339796,True,False,True,4.0077579102626437e-10,0.0025667948934620303,,False
-23.124808,60,3360.176491,False,False,True,0.014697019125401563,83.32304262971859,,False
8.83645,1,3361.289758,True,False,True,0.0002938513842683806,1.940452898680041,,False
5.138646,4,3364.32304,True,False,True,0.006043431658771961,7.370075657503891,,False
8.448499,1,3366.096682,True,False,True,0.0007905891644637171,2.640957992255102,,False
9.673571,1,3367.266709,True,False,True,7.134595966832441e-05,0.42744044748785587,,False
6.045879,1,3368.470747,True,False,True,0.0009215628717384183,6.980323910216059,,False
0.438975,3,3370.238447,True,False,True,0.0021157345322884817,16.862214612914897,,False
1.559938,2,3372.598637,True,False,True,0.005331471590885184,14.957896219281945,,False
7.633266,1,3373.840016,True,False,True,0.0003199627898475693,4.110764579249405,,False
9.031426,2,3375.175396,True,False,True,0.00024239709856857874,1.3088284310704432,,False
8.907985,1,3376.872988,True,False,True,0.0003908279944072711,1.8106540682577894,,False
7.584114,1,3378.683147,True,False,True,6.04145836373103e-05,4.201748973575275,,False
5.892533,4,3379.917073,True,False,True,9.555907786073939e-05,8.741819778732738,,False
3.623331,3,3381.199908,True,False,True,0.00020218608123499446,10.588483739497141,,False
9.202577,1,3382.442825,True,False,True,0.005593054516433771,1.2850290626008214,,False
5.789779,5,3386.374611,True,False,True,0.0019295854675875088,5.27504629928697,,False
8.311734,2,3389.395356,True,False,True,0.0007422495044686929,3.159136789276627,,False
3.748813,1,3390.505054,True,False,True,0.0017167339968711757,11.12571797192738,,False
7.156264,4,3392.876949,True,False,True,5.538961909126814e-06,4.938046746611674,,False
9.806588,1,3394.444891,True,False,True,0.001557242492600027,0.18911295502871323,,False
6.669635,3,3395.606427,True,False,True,0.0029009992461419,5.602815736990226,,False
8.245785,1,3396.764381,True,False,True,2.6117551233683244e-09,2.9999984579830916,,False
6.545818,2,3399.672584,True,False,True,2.5266896526432436e-09,5.935575999964907,,False
8.250086,1,3401.289339,True,False,True,4.6126915328599214e-10,2.99937459285057,,False
8.985079,1,3403.084775,True,False,True,0.004736076439432871,1.6714744586427925,,False
9.906206,1,3404.335726,True,False,True,7.352159007472801e-12,0.0025624351558165546,,False
7.574318,1,3406.071048,True,False,True,0.006465501535971127,4.22639208460142,,False
2.740709,19,3423.841717,True,False,True,0.004641022866294322,6.352405684270368,,False
8.004083,1,3425.128744,True,False,True,0.005671285851967689,3.444833578512643,,True
3.61105,1,3426.74626,True,False,True,1.3657354116261957e-05,11.372968524921594,,False
4.844672,6,3429.78624,True,False,True,0.00010390257196417688,6.035459769056895,,False
8.027615,1,3431.502584,True,False,True,0.004714845436794276,3.4019926058604244,,False
8.59985,2,3434.473401,True,False,True,0.004735061921040866,2.2943592485979836,,False
8.058737,3,3440.805873,True,False,True,1.4649628330917605e-11,3.0317199655218436,,False
9.170055,1,3442.010801,True,False,True,0.0029837201639978522,1.3407742369475533,,False
6.83281,2,3443.736909,True,False,True,3.348673704570149e-05,5.531455862869917,,False
9.734684,1,3444.890035,True,False,True,0.0007604016206697405,0.31529347156845006,,False
8.513134,3,3447.901547,True,False,True,0.00479840597869784,1.3228272774654597,,False
9.537323,1,3449.669051,True,False,True,0.00354591143472149,0.6765939135974309,,False
5.075632,5,3456.274492,True,False,True,0.00034404339275800487,6.788971901517486,,False
7.984807,3,3461.518327,True,False,True,0.004195839899205824,2.822718818599822,,True
7.859873,3,3466.084431,True,False,True,0.004665526630575477,4.013296555141572,,True
8.427877,2,3469.518326,True,False,True,6.998251006473666e-10,2.5176309887813515,,False
7.823773,3,3472.361689,True,False,True,0.0020533306849258195,3.237145212439387,,False
3.498927,1,3474.006451,True,False,True,3.148478004786487e-09,11.57521382478693,,False
8.272941,1,3475.725769,True,False,True,0.010469720776298593,2.9692130257208507,,False
7.585794,4,3481.245064,True,False,True,0.0011810182793618,3.0407014054038757,,False
6.443145,8,3488.381371,True,False,True,0.00022936874045690562,4.562387523767369,,False
4.850653,3,3492.917818,True,False,True,0.0028181450972944158,8.61865601136221,,False
2.603703,3,3495.734841,True,False,True,0.0002605006273556209,12.94213184142843,,False
9.903034,1,3497.539594,True,False,True,3.5169346927553784e-05,0.012642676719966968,,False
5.226892,1,3499.315214,True,False,True,0.0002011583889156974,8.453778544739615,,False
9.72037,2,3502.185789,True,False,True,0.00042633192925952524,0.08570581142732908,,False
1.263275,6,3507.543268,True,False,True,0.004607230273158447,13.642409263295262,,False
5.80056,4,3508.796356,True,False,True,2.4297414619300046e-11,5.999789481008675,,True
8.534221,1,3510.061895,True,False,True,0.004556119065389024,2.4915424523926473,,False
8.601154,1,3511.893859,True,False,True,0.0003368968807304744,2.365601361508684,,False
5.090088,6,3521.414961,True,False,True,0.004878107475640069,8.483042660847048,,False
9.439197,1,3523.242312,True,False,True,0.004204925716149853,0.8552055234383049,,False
6.417541,4,3529.003887,True,False,True,0.00036612037979404013,5.4964648687689115,,True
-35.06634,60,3583.066299,False,False,True,0.003318774418979302,28.61708176299486,,False
2.573016,4,3584.875978,True,False,True,0.009709635657340673,13.136753343894059,,False
7.685327,1,3586.139411,True,False,True,0.0038642183285897136,4.023058049278349,,False
5.290867,3,3590.540675,True,False,True,0.0003824982082751547,8.07248019676353,,False
7.45152,2,3592.304488,True,False,True,0.002751846577060957,3.735275704708907,,False
6.926302,1,3593.964351,True,False,True,0.004114095225277829,5.3942055828534965,,False
4.759985,5,3597.591445,True,False,True,0.004073238380957473,9.061802999576104,,False
9.780396,1,3599.253951,True,False,True,3.877102624222493e-11,0.23426192952822394,,True
7.214728,2,3601.618548,True,False,True,5.199956360626458e-05,5.633664944523291,,False
8.460181,3,3604.288109,True,False,True,0.002306182019849629,3.2662828426246047,,False
9.906981,1,3605.444186,True,False,True,2.087738015367593e-10,0.002562785311344692,,False
8.035364,1,3606.5753,True,False,True,2.652241514957115e-10,3.386516850131899,,False
2.668537,2,3607.775254,True,False,True,0.004451219635466986,12.80950363233072,,False
6.358504,3,3609.049876,True,False,True,0.0009974327392806154,6.1365291171554235,,True
7.793599,2,3610.244947,True,False,True,0.004268769360745835,3.681239696283996,,False
6.760167,2,3611.4585,True,False,True,0.009030126853279197,5.39941438686341,,False
6.392086,6,3616.810193,True,False,True,0.0011660828397216001,4.872704124569886,,True
8.248273,1,3618.528562,True,False,True,7.51363554707396e-12,3.000016579433965,,False
6.233607,2,3620.820812,True,False,True,0.001081072488199639,6.351369545280863,,True
9.908581,1,3622.616047,True,False,True,2.3585490663943264e-09,0.002564214166739752,,False
6.842559,2,3623.844599,True,False,True,0.0030203672448379185,4.909049183917051,,False
9.777899,1,3625.01079,True,False,True,0.0006438035761252656,0.23968696039819093,,True
9.90822,1,3626.155443,True,False,True,8.090995874023498e-11,0.0025646435207928803,,False
7.93928,2,3628.51154,True,False,True,0.006034782559753759,2.914608469796463,,False
0.108098,3,3631.702844,True,False,True,0.0029811363130909686,17.187272676380818,,False
9.449,1,3633.206732,True,False,True,0.0002693793455911045,0.8335774991972298,,False
4.061252,2,3634.381093,True,False,True,0.00033817168550701743,10.274199070363503,,False
2.9538,4,3636.838392,True,False,True,0.0004014767992008717,11.374693354929624,,False
7.445798,3,3640.893963,True,False,True,3.9587653337072613e-10,2.989081360805976,,False
5.904194,3,3644.886108,True,False,True,0.011400058257272666,5.280502298916312,,False
8.82767,2,3646.188705,True,False,True,0.005353089345974317,1.5980599604419898,,False
4.836774,1,3647.89928,True,False,True,0.0002473859262668161,9.159001862870962,,False
8.262032,1,3649.631363,True,False,True,2.5105131515323897e-11,2.97779583222533,,True
9.908465,1,3650.917512,True,False,True,5.008504444514728e-10,0.0025631516292017697,,True
9.111011,1,3652.204792,True,False,True,1.850828554408955e-10,1.4389884770117873,,False
8.790625,1,3654.123267,True,False,True,0.006027911159670461,2.0296682789931095,,False
8.249668,1,3655.351367,True,False,True,7.903109763840455e-11,2.999247023475666,,False
7.005294,2,3658.539116,True,False,True,0.00046773269174082673,5.104465570552811,,True
8.62253,1,3660.199919,True,False,True,0.004376177446373535,2.328732721415954,,False
8.193238,1,3661.981632,True,False,True,0.0100508875089004,3.1119799000681234,,False
1.165103,3,3663.80671,True,False,True,0.0004250722855892407,13.529941720203125,,False
8.892477,2,3665.017969,True,False,True,0.0022762431636811084,1.687692622178349,,False
8.389377,1,3666.65357,True,False,True,0.006027486374107036,2.7503667062106003,,True
4.39094,5,3673.603211,True,False,True,0.0023111738842308324,9.179670236484416,,False
8.155202,1,3675.186221,True,False,True,0.001985216443145618,3.1726545685123995,,False
7.495849,2,3678.209828,True,False,True,0.0021256144358861645,4.097321842696559,,False
6.214248,1,3679.421452,True,False,True,0.0001819681472395203,6.673323077945622,,False
8.157307,2,3682.818501,True,False,True,0.0005697438380221787,2.370735748955073,,False
3.983531,3,3685.237926,True,False,True,0.0047452482054904785,10.7007751809845,,False
8.2803,2,3687.006441,True,False,True,1.2947829374472062e-10,3.0000003090553253,,False
9.049625,1,3688.13743,True,False,True,1.0233661658013218e-05,1.5540335406670098,,False
7.647496,1,3689.807508,True,False,True,0.0033000370152679467,4.090801481802217,,False
6.198908,1,3691.066674,True,False,True,0.004005533438202745,6.706979891585058,,False
6.894077,1,3692.730082,True,False,True,0.005325179575093067,5.448377313524508,,False
6.115465,8,3702.474034,True,False,True,0.006839488018267939,5.374672812585289,,False
8.740618,2,3705.206105,True,False,True,0.00011722949406905037,1.4074157294482992,,False
9.908358,1,3706.78168,True,False,True,1.36583899934871e-09,0.0025716457312932642,,True
8.594256,3,3710.484399,True,False,True,0.00331260428018655,1.151067401382131,,False
7.561902,1,3712.054224,True,False,True,2.2435996635842767e-09,4.241779725129056,,True
9.904946,1,3713.731405,True,False,True,1.261778963815123e-06,0.009138121377848684,,False
7.863278,1,3714.945587,True,False,True,0.0013305054411417837,3.6988793162682265,,False
7.726676,3,3718.480255,True,False,True,0.007703783161401183,3.487342531654043,,False
9.406547,5,3724.248701,True,False,True,0.003137386286141877,1.0224787649532858,,False
9.906315,1,3725.976601,True,False,True,1.8574232429902082e-10,0.0025737544331156633,,False
5.857099,1,3727.221973,True,False,True,0.0006154470882807073,7.318335219583706,,False
9.327776,3,3730.181461,True,False,True,0.0025321285018516148,0.5661968290157666,,True
5.5617,1,3731.323574,True,False,True,0.0023274141800002568,7.855424156432384,,False
9.27219,1,3732.943743,True,False,True,0.0021052895919573995,1.1542062680251262,,False
9.380245,1,3734.59931,True,False,True,0.0028752730929193487,0.9610681731742284,,True
7.571512,1,3736.399276,True,False,True,5.494444760278938e-10,4.21934276256645,,False
3.315781,3,3740.493993,True,False,True,0.0005816248819319643,11.552318282675465,,False
2.693892,4,3743.472497,True,False,True,0.005746890853444615,11.956138505499728,,True
2.657338,1,3744.694483,True,False,True,1.6692585508293334e-10,13.093177539649469,,False
0.405825,6,3750.02014,True,False,True,4.619152166859385e-06,16.522282474432004,,False
9.472661,1,3751.814924,True,False,True,0.0029205618151124865,0.790260211829266,,True
9.153226,2,3754.61581,True,False,True,0.001818886868184582,1.68843572037549,,False
8.525914,2,3756.411476,True,False,True,0.00017060776539663813,1.7045587488273326,,False
9.649735,2,3759.301731,True,False,True,0.005157239582196757,0.632203993924421,,False
8.143312,3,3762.879732,True,False,True,0.00015003078089521446,2.8846902968617085,,False
9.908309,1,3764.716661,True,False,True,2.4009952525535074e-10,0.002562347253861416,,False
9.346442,2,3767.75497,True,False,True,0.005424315139492141,0.8727440462629732,,False
8.472076,1,3768.851084,True,False,True,0.004165583728292611,2.603328938227839,,True
8.990654,2,3772.429336,True,False,True,0.0003068221096725615,1.1066219011502885,,False
1.224069,4,3778.274463,True,False,True,0.004988627614667426,15.474072159831147,,False
3.778387,2,3781.208563,True,False,True,0.0050913813297875565,9.570932505630264,,True
9.764673,2,3784.553589,True,False,True,2.971956548405938e-13,0.08680904285310857,,False
5.480563,2,3786.444136,True,False,True,0.006157575836182941,8.463385267441916,,False
7.334055,2,3789.299125,True,False,True,0.004995286848560293,4.571248552286554,,False
6.117094,1,3790.510069,True,False,True,0.004551390151886439,6.855114871351125,,False
8.449699,1,3792.176747,True,False,True,0.006223180654901436,2.645923502261131,,False
7.640037,4,3796.248476,True,False,True,0.002153569586471549,2.9791489125696176,,False
8.820794,3,3797.562436,True,False,True,0.005520830494373784,1.1639089570243668,,False
8.738144,1,3798.821021,True,False,True,0.004599451479719935,2.1227359747893453,,False
6.612492,2,3801.868052,True,False,True,1.7529423533752843e-06,5.94672807160948,,False
7.445598,3,3804.331423,True,False,True,2.935194287160132e-11,3.3061083300879495,,False
7.951388,1,3805.988698,True,False,True,0.0029481083573940645,3.5414371435113545,,False
9.741772,2,3809.125408,True,False,True,0.0007504718794000998,0.1441405831675842,,True
9.796888,1,3810.794086,True,False,True,0.0001997154742445494,0.20191300463815212,,True
7.898843,2,3813.150277,True,False,True,0.010804810870020522,2.516412440986731,,False
7.562624,2,3816.585036,True,False,True,0.00642601060310849,4.022531548247614,,False
7.401467,6,3820.717858,True,False,True,0.0014997078164310335,3.512448955736587,,False
8.031501,4,3824.259665,True,False,True,0.002102663936804279,2.846824376643552,,False
9.90823,1,3825.51571,True,False,True,3.823276923777337e-12,0.0025631230480533686,,False
7.387241,3,3828.456206,True,False,True,0.000227210937453335,4.254630397292093,,False
6.184772,1,3829.634881,True,False,True,0.00570871669666614,6.7337606785145825,,False
6.043772,4,3832.667493,True,False,True,0.004219642514784627,4.4533746489066415,,False
7.59266,2,3835.569685,True,False,True,0.00015201975802421434,2.964358950963169,,False
9.077675,1,3836.821575,True,False,True,2.0919133107906277e-11,1.4993353787512136,,False
9.128815,1,3838.017572,True,False,True,0.004465568460839049,1.416889038179988,,False
9.667113,2,3839.760396,True,False,True,3.6670346238720786e-09,0.27750214768304676,,False
-8.176767,20,3847.320619,True,False,True,0.004996883074737129,4.955227615193691,,False
5.706889,1,3848.655762,True,False,True,0.005722525083358451,7.595848655972118,,False
6.543485,3,3851.076816,True,False,True,0.0006976921190883084,6.663497396448347,,False
5.811189,1,3852.3232,True,False,True,0.011812851728032269,7.412924632947368,,False
6.418376,1,3853.471549,True,False,True,0.004189003743994415,6.311057737796751,,True
8.316627,1,3854.64044,True,False,True,0.005484728970690623,2.8848966561546754,,False
9.908294,1,3856.313145,True,False,True,5.356817621940261e-10,0.0025627727964557165,,False
9.90827,1,3858.061544,True,False,True,4.282985216925588e-11,0.002562361335445418,,False
5.483037,2,3859.343145,True,False,True,0.005938827178919224,7.885336705903311,,False
4.644619,3,3861.727177,True,False,True,0.004681497007731529,9.254882661548836,,False
3.951436,2,3864.652912,True,False,True,0.0007196732032125255,10.358474498013358,,True
9.375833,2,3867.057962,True,False,True,5.681284628520893e-11,0.562884606823721,,False
7.450858,3,3870.966457,True,False,True,0.0010159290464651673,3.0821691552212,,False
9.065204,2,3872.8713,True,False,True,0.005134730603992358,1.4723101909633838,,True
4.015745,3,3877.343657,True,False,True,0.005136425879573799,10.39515127627039,,False
2.56145,8,3886.805145,True,False,True,0.004778280562235164,12.374255698972648,,True
2.391241,1,3888.682647,True,False,True,8.134630807774855e-05,13.573131876766812,,False
9.907964,1,3890.289976,True,False,True,5.7013909511956665e-12,0.0025911016026165896,,False
6.898777,1,3891.460954,True,False,True,0.00482394588295392,5.444572374530068,,False
1.391334,3,3895.457241,True,False,True,0.0005430254612502905,15.016844313184436,,False
8.236766,1,3896.656644,True,False,True,0.005207785894483366,3.0294267684640745,,False
8.967191,1,3898.564909,True,False,True,0.004550280545022909,1.7040751972433261,,False
3.57834,2,3901.349815,True,False,True,0.0005446446005751299,11.331736322500035,,False
8.723942,3,3904.982572,True,False,True,0.004750724489510051,1.9535809684269436,,False
8.465947,1,3906.864018,True,False,True,2.532219159478294e-06,2.6094395974924076,,False
2.143493,4,3911.031599,True,False,True,0.003312360981299221,12.134199761830297,,False
6.489811,2,3912.820143,True,False,True,0.0010546010369985414,5.875720005980536,,True
-21.783211,60,3960.276693,False,False,True,0.015524467326079185,72.96295948962906,,False
9.368922,2,3962.671178,True,False,True,0.0041522969386873455,0.8283915667773053,,True
4.171095,3,3965.610094,True,False,True,0.01040688094273767,9.234553898503227,,True
-0.735752,5,3969.637618,True,False,True,0.004171698478222409,16.048461468953956,,False
5.461877,5,3972.703683,True,False,True,3.2009332684435066e-11,6.698389245939616,,False
8.973414,2,3974.361313,True,False,True,3.0057469863445894e-05,1.536246014106189,,False
3.031706,3,3978.539931,True,False,True,0.0029550123254297508,12.172645454880165,,False
3.08579,3,3980.393042,True,False,True,0.002997504582519071,11.97189510086614,,False
6.040412,2,3983.295768,True,False,True,0.004720537617893683,6.8593463351114545,,False
7.565864,1,3984.970322,True,False,True,3.6320377261311876e-11,4.231685230085713,,False
7.09906,1,3986.729732,True,False,True,0.006887723659069549,5.084512060670765,,False
2.073231,3,3990.862174,True,False,True,0.0025159037926560466,13.694008680176422,,True
8.406761,2,3993.778823,True,False,True,0.005394427557532832,1.6277053587503636,,False
3.561957,2,3994.899809,True,False,True,6.863387919217503e-05,10.784189256011375,,False
8.129498,2,3997.363016,True,False,True,0.00016809329519364147,3.044563136700164,,False
7.284222,5,4002.978967,True,False,True,0.0050804140600150234,2.5274222106725253,,False
5.634292,1,4004.721664,True,False,True,0.009118211144337408,7.730007657106177,,False
9.836867,1,4006.376954,True,False,True,8.251333210446132e-10,0.1321903430474896,,False
9.908389,1,4007.96287,True,False,True,2.5009471066511334e-10,0.0025679730159250736,,False
9.905979,1,4009.510759,True,False,True,2.5876064549681954e-10,0.0025759995015176024,,False
9.2546,1,4011.284709,True,False,True,0.005311801959576465,1.188239913435926,,True
8.61011,1,4012.908353,True,False,True,0.004230947755139821,2.353273384228073,,False
9.565433,1,4014.515495,True,False,True,0.0033257881238790577,0.6239896263724345,,False
2.669956,3,4017.03967,True,False,True,0.0009824676208395966,12.748827058652797,,True
6.487263,1,4018.863458,True,False,True,0.0005552065149415086,6.182380205672312,,False
-0.292807,7,4025.247764,True,False,True,0.004423260666789523,9.051687820195065,,False
4.621702,2,4027.012647,True,False,True,0.0009241132885249685,9.668080377712714,,False
9.905457,1,4028.240551,True,False,True,1.8498406278988355e-09,0.002572717368975483,,False
7.635953,3,4029.464401,True,False,True,2.5836800989372487e-05,3.8827336638241636,,False
6.759076,11,4035.718131,True,False,True,0.008518739296096084,3.1328092657096183,,False
7.356712,2,4036.908183,True,False,True,0.00417654425194898,4.475825598848697,,False
4.733728,2,4038.212282,True,False,True,9.697774592564974e-05,10.011645387214735,,False
9.077178,1,4039.8982,True,False,True,0.004935917363183969,1.5107731130765114,,False
8.719501,1,4041.029368,True,False,True,1.006419487580803e-09,2.1506886615050798,,False
9.346183,1,4042.249634,True,False,True,0.003334321189251364,1.0228967832048697,,False
9.906294,1,4043.499881,True,False,True,4.458789292643983e-10,0.0025659474864343163,,False
8.876583,1,4045.146107,True,False,True,0.004718326512051896,1.8683378859745898,,False
-0.375217,5,4050.445973,True,False,True,0.0048532162627367564,11.955977247729605,,False
4.056984,1,4052.168127,True,False,True,0.009653302777879388,10.575344813377736,,False
9.026898,2,4055.664373,True,False,True,0.0002414300348034127,1.425747754804747,,False
9.812111,2,4058.961196,True,False,True,5.7779813394983197e-11,0.0025623610509697397,,False
7.74597,1,4060.722322,True,False,True,0.004758061232975742,3.9145424382696197,,False
4.90248,2,4064.180628,True,False,True,0.004807110678355552,8.555658248849593,,False
8.992383,2,4066.65679,True,False,True,8.770216081144255e-10,1.5000042045708404,,False
5.744861,1,4068.342812,True,False,True,0.004637985090746052,7.526897831999563,,False
10.040601,2,4071.820617,True,False,True,0.00359540820121438,0.6493281434833128,,False
7.209106,1,4073.365724,True,False,True,0.0028768931213771776,4.881763899652833,,False
4.709184,2,4076.154999,True,False,True,0.00011362827801944726,8.652012603497424,,True
1.668266,8,4085.241123,True,False,True,0.0023976491476371178,13.149714156316865,,False
4.657623,1,4086.98424,True,False,True,6.713462525262542e-10,9.484373200977846,,False
2.243616,2,4088.684767,True,False,True,0.003145082739796426,13.503761047159598,,False
8.357542,2,4091.498268,True,False,True,0.005499369459312298,2.427932751955762,,False
8.302662,1,4093.180947,True,False,True,0.0054234160123157885,2.9101514517963243,,False
8.137869,3,4096.148942,True,False,True,0.0016104886612468908,3.037390335371114,,False
7.459414,1,4097.869733,True,False,True,0.0009283285816825936,4.428431633730302,,False
2.993049,7,4107.770275,True,False,True,0.004791163272904961,10.352947257313572,,False
9.905213,1,4109.55565,True,False,True,6.738677814916767e-13,0.002562407135617811,,False
3.212104,2,4111.859638,True,False,True,1.0715676124206652e-09,11.966430559122122,,False
7.063815,6,4115.526979,True,False,True,0.00038960856161447937,4.9294932490306795,,False
9.874866,1,4117.116116,True,False,True,0.0015397625362440267,0.06569052536416474,,False
8.840979,3,4121.167016,True,False,True,0.002652804207305598,0.8759642561055874,,False
9.563463,4,4124.901103,True,False,True,0.00014035390518994662,0.08840117501557083,,False
7.615284,2,4127.506604,True,False,True,0.00047875152044324354,2.9189778899170222,,True
9.526818,1,4128.731594,True,False,True,0.003038698901429592,0.6964612424282551,,False
4.862319,4,4130.306214,True,False,True,0.004277311485097373,8.16037512315344,,False
-0.438791,6,4131.663659,True,False,True,0.0016082242448852303,17.957732150675387,,False
8.251748,1,4132.832996,True,False,True,2.2091837034761913e-09,2.994313809898104,,False
9.831042,1,4134.062392,True,False,True,4.3611746505800575e-10,0.14272007610903173,,False
7.638878,1,4135.273738,True,False,True,0.0011069633043222329,4.104555451500856,,True
2.900301,5,4136.560096,True,False,True,0.001126862899853278,12.079407040272194,,False
5.979487,3,4137.803603,True,False,True,0.0005570847769410694,7.1553131306623765,,False
8.769699,3,4139.067123,True,False,True,0.0006583256256351825,1.5270326679159334,,False
3.383613,1,4140.225353,True,False,True,0.002879861879900438,11.785255955713557,,False
8.255046,1,4141.510913,True,False,True,3.538799461799691e-10,2.990413781591215,,False
9.983238,3,4142.716784,True,False,True,7.843103423665898e-11,0.040440732938401426,,True
2.865017,2,4144.184403,True,False,True,0.00020264712455032516,12.594040161523504,,False
9.634703,1,4145.522707,True,False,True,9.992255134812222e-05,0.4926998885239704,,False
8.376715,1,4146.689669,True,False,True,0.0023853939642859926,2.7734955938189376,,True
6.752894,1,4147.926774,True,False,True,0.0029412110307128793,5.705140677426988,,False
9.817523,2,4149.150426,True,False,True,5.6957618612126156e-11,0.0025637823240814185,,False
2.534142,4,4153.151431,True,False,True,0.004225288977601204,12.036618596729353,,True
9.239894,2,4154.486561,True,False,True,0.008245415757725196,1.0723083700390947,,False
6.458769,3,4157.621154,True,False,True,0.0024270914485066924,5.767813541299224,,False
-3.106005,5,4159.053347,True,False,True,0.009190827254270811,15.833219897758667,,False
7.319673,4,4164.309915,True,False,True,8.81061920210572e-10,3.071389398020185,,False
8.014238,4,4167.209301,True,False,True,0.0020851049877399536,2.265373257567525,,False
4.338201,1,4168.486108,True,False,True,1.0081439038569714e-06,10.061140423348574,,False
3.131992,2,4171.21386,True,False,True,2.5893149083189293e-10,12.111234413500489,,False
8.457223,5,4177.071299,True,False,True,2.541302242110068e-11,2.8654458013487503,,True
6.119212,1,4178.714918,True,False,True,0.005197365923386976,6.851252723590924,,True
7.32455,1,4180.529148,True,False,True,2.767717067978356e-10,4.670580714080209,,True
5.18053,5,4187.690263,True,False,True,0.0013040388076461734,7.492994523337763,,False
7.993432,4,4190.769786,True,False,True,8.365220442667007e-05,5.370628716997132,,False
7.868655,1,4192.552558,True,False,True,0.0019297007320215878,3.690012213764027,,False
9.366943,2,4194.152856,True,False,True,0.0041057278275234265,0.8294119382525851,,False
3.249332,1,4195.193457,True,False,True,0.0003781566513878093,12.025704810870625,,False
9.908582,1,4196.482028,True,False,True,3.578379120794395e-10,0.0025628379300955888,,False
9.120124,1,4198.007101,True,False,True,0.005987220605008936,1.4311088843961883,,False
-27.668736,60,4268.529715,False,False,True,0.015309183673563806,14.588144729289185,,False
6.588464,1,4269.661211,True,False,True,3.617196266783567e-09,5.999979564816039,,True
5.131251,2,4272.258105,True,False,True,0.00045502266373056554,8.496706316994898,,False
8.313512,1,4273.562942,True,False,True,0.0007121205541836817,2.880594999972862,,False
7.783165,3,4277.345318,True,False,True,0.006074976931579372,2.9439356018796916,,False
8.734152,3,4278.740415,True,False,True,0.002898410696901984,1.8223747970252075,,False
9.839818,1,4280.152862,True,False,True,2.203991435537067e-09,0.12685678283137608,,False
8.05379,1,4281.550301,True,False,True,1.889502415523761e-05,3.353963663349933,,False
7.386399,2,4284.064431,True,False,True,0.006064350702986821,4.424263874754569,,False
7.456559,2,4286.762819,True,False,True,1.6854442876706238e-12,4.284396415547272,,False
7.140389,1,4288.114239,True,False,True,0.008567558153513302,5.011601278166732,,False
2.912434,3,4289.550199,True,False,True,9.52715472783e-06,12.190597229198499,,True
8.913314,1,4290.839458,True,False,True,0.00362126914520125,1.8047995467035136,,False
7.293514,2,4292.07483,True,False,True,2.343524990758468e-06,4.581371383246131,,False
-1.398093,6,4293.439112,True,False,True,0.004911964564120609,15.867350733019974,,False
8.170638,1,4294.617186,True,False,True,0.0005629080477359084,3.1430178470854275,,False
4.889032,1,4295.827182,True,False,True,0.003793890759981199,9.070369257677413,,False
2.082557,1,4297.129604,True,False,True,0.00349811363750928,14.13189257673151,,False
9.907248,1,4298.48766,True,False,True,1.113889451277365e-11,0.0025627591437798604,,False
6.944611,2,4301.061473,True,False,True,0.004579781803370417,3.816560844162546,,False
-14.304027,39,4320.855963,True,False,True,0.0018791342372558532,12.92087597033086,,False
8.11153,4,4324.95608,True,False,True,0.0023841694866492276,2.5881522660205456,,False
7.04727,4,4330.554992,True,False,True,0.002170061780087393,4.574621793312615,,False
8.638559,1,4331.735175,True,False,True,0.0007417781855502922,2.2984102811629534,,True
8.663243,1,4333.024985,True,False,True,0.002437080741184283,2.2560230193673787,,False
6.842492,4,4338.5873,True,False,True,0.005513729688861921,4.407493398779824,,True
9.906116,1,4339.865589,True,False,True,2.929519127281566e-11,0.0025639301651739985,,False
7.815454,2,4342.623754,True,False,True,0.0016747053022861415,3.681666908837225,,False
7.57375,1,4343.940499,True,False,True,1.8763073039718137e-10,4.217620412697501,,False
7.699483,2,4345.246799,True,False,True,0.004266793388065392,3.778785344760906,,False
9.906544,1,4346.730306,True,False,True,7.663184994557738e-11,0.0025698449185779975,,False
0.666614,1,4348.046161,True,False,True,0.0010737080138782558,16.68339690069839,,False
-42.013785,60,4402.127687,False,False,True,0.021119382341952597,8.521596680980194,,True
8.610912,1,4403.603049,True,False,True,0.004859331018310181,2.3526452957166817,,False
4.94394,1,4404.993537,True,False,True,0.00021645145466979996,8.968361839185581,,False
7.051611,1,4406.200493,True,False,True,0.004251170615074742,5.166848438884752,,False
8.190442,1,4407.536589,True,False,True,0.0002761573052712791,3.106958684689039,,False
9.281098,2,4409.032586,True,False,True,0.008387041280398806,1.6952935163289269,,False
8.109878,1,4410.384026,True,False,True,0.0015037341348694347,3.254404255663672,,True
3.674668,3,4414.230581,True,False,True,0.004825957704217054,8.852664270235923,,False
9.904662,1,4415.547882,True,False,True,2.5469399245435574e-10,0.009648477024996459,,True
7.230116,1,4416.825963,True,False,True,0.011918306999651062,4.8512246109452795,,True
7.60844,4,4420.578905,True,False,True,0.00018932596766421065,2.8523083184775495,,False
6.508949,2,4421.959831,True,False,True,3.219217253880302e-11,6.000242893167924,,True
8.249723,1,4423.193781,True,False,True,5.945827614983745e-10,3.000029793431179,,False
3.064557,2,4424.389346,True,False,True,0.0026635871193580705,12.236802006969198,,False
6.585342,2,4425.692884,True,False,True,0.0034799285414619683,5.220325833927763,,False
8.255692,2,4428.467356,True,False,True,2.8646516660712704e-05,3.2735934701252596,,False
9.854761,4,4431.134316,True,False,True,0.005505959770439925,0.7008615595556574,,True
6.742445,1,4432.47596,True,False,True,0.0006739963458598504,5.722679491673219,,False
9.080008,1,4433.966885,True,False,True,7.110144969777882e-11,1.5000017911909855,,False
-15.886342,60,4490.330455,False,False,True,0.006853957500776493,24.292050466011965,,False
3.455005,3,4492.756155,True,False,True,0.0032512624830845042,11.112301230353044,,False
6.598712,3,4496.812571,True,False,True,0.008660884229190629,5.717512192216863,,False
-15.503303,60,4549.746277,False,False,True,0.011457797093892674,9.566195889812876,,False
9.662786,1,4551.800236,True,False,True,0.001672155207367533,0.44863789018865674,,False
7.563009,1,4553.233188,True,False,True,2.266529845751375e-11,4.240324105735517,,False
8.105202,1,4554.835719,True,False,True,2.2564120016888012e-10,3.2605759860436283,,False
9.648276,1,4555.825167,True,False,True,0.0025804554052180173,0.47659501138787114,,False
5.6012,3,4558.444829,True,False,True,0.011731524231830279,6.810471275305547,,True
-0.746322,3,4560.891426,True,False,True,0.0028595807277820317,17.710523742345142,,False
9.520761,1,4562.482534,True,False,True,3.5361837402243047e-10,0.7031641634962267,,False
8.249611,1,4563.585356,True,False,True,2.1010631022058607e-09,2.99999400022085,,False
8.255535,1,4565.204691,True,False,True,2.3832101223031366e-09,2.98953015453673,,False
9.904891,1,4566.814436,True,False,True,6.564334492642487e-10,0.002562430177631039,,False
2.209189,8,4573.9501,True,False,True,9.090111262273319e-05,11.297973025047547,,False
-44.625514,60,4637.800305,False,False,True,0.03717763162530485,10.884766892213694,,True
6.379756,4,4642.023113,True,False,True,4.590861899061679e-09,6.707200759692074,,False
6.324333,1,4643.598232,True,False,True,0.008358345199396378,6.483872090182848,,False
9.039295,1,4645.31666,True,False,True,0.00017720337172539777,1.5714478440719872,,False
4.935059,1,4646.3249,True,False,True,1.7645081472339452e-09,8.984202223170318,,False
6.94709,2,4648.934367,True,False,True,0.008251948314060589,4.258279136926048,,False
7.586293,1,4650.541265,True,False,True,5.84943048277668e-11,4.1954536292565825,,False
9.616833,1,4651.871263,True,False,True,3.302389723149708e-05,0.5299318159647092,,False
8.258296,4,4657.589438,True,False,True,0.0026874427995667288,2.5085049822384295,,True
9.109026,1,4659.199279,True,False,True,0.00028489720836319724,1.4479458068726823,,False
5.723519,2,4661.832644,True,False,True,0.00019173520108354582,7.091473311208355,,False
8.940413,1,4663.380782,True,False,True,0.006132412891142858,1.7585560709376689,,True
8.86716,1,4665.06863,True,False,True,0.0012805206283338204,1.886226528568817,,False
1.758264,7,4670.395703,True,False,True,4.164517476805407e-07,10.877250257514675,,False
7.479639,1,4672.106866,True,False,True,0.0022592830437427394,4.393352557034661,,True
2.880392,3,4677.398776,True,False,True,0.005299103241590733,11.666273371727183,,False
6.615167,3,4681.528482,True,False,True,0.000304668389103859,5.90448638302651,,False
6.717011,1,4683.138089,True,False,True,4.666621256088632e-11,5.767904488654455,,False
7.55671,1,4684.247634,True,False,True,0.005608732683489923,4.256639783274773,,False
9.900905,1,4685.855108,True,False,True,8.227689110184731e-05,0.016559205785126575,,False
9.762608,1,4687.366225,True,False,True,0.001238106954745422,0.2681543783534986,,False
0.757193,4,4692.325679,True,False,True,0.004624372692483992,13.971382190392216,,False
8.248122,1,4694.047624,True,False,True,3.4084450539761946e-11,3.0000905090577117,,False
5.349217,1,4695.697811,True,False,True,0.0028848896591283785,8.238904287368683,,True
4.499947,5,4697.178182,True,False,True,0.003121447937440264,8.489225427693308,,True
8.061255,1,4699.005151,True,False,True,0.004849652871378659,3.344527282816276,,False
-0.46626,12,4704.261147,True,False,True,0.0005264911266046318,13.289383286213095,,False
8.8699,1,4705.388855,True,False,True,0.005840074890718961,1.8867764810322358,,False
9.882556,1,4706.440236,True,False,True,2.3459794849974014e-06,0.049610696571668715,,True
2.275548,5,4707.656893,True,False,True,0.004725824316375766,13.05835914246506,,False
9.80473,1,4708.706929,True,False,True,1.8776330339283172e-10,0.18470388787625205,,False
4.579526,1,4709.677823,True,False,True,0.005111263742940688,9.629732152835974,,True
6.585781,1,4710.807236,True,False,True,0.005899832612312805,6.008065748996031,,False
7.363559,2,4713.293059,True,False,True,2.2835603723799815e-05,4.454518644294916,,False
9.817924,2,4715.592246,True,False,True,3.9079102620342254e-10,0.0025623658870519805,,False
6.979159,1,4717.293106,True,False,True,0.005934495310479581,5.300538648660375,,False
6.566018,1,4718.409301,True,False,True,0.005452904998048194,6.041592033335468,,False
8.365559,1,4719.557706,True,False,True,0.0003627867129966542,2.7881762176228126,,False
8.261897,1,4720.585395,True,False,True,0.00023441309429514043,2.9783230278818436,,False
9.485935,2,4722.736726,True,False,True,0.0057000328956055436,1.4850798700327241,,True
8.379007,2,4724.424235,True,False,True,1.7192114398767444e-10,2.9998200496527914,,False
9.908147,1,4726.082609,True,False,True,5.148370618712761e-11,0.002582104409894346,,False
3.602222,2,4727.214369,True,False,True,0.0003114507886680558,11.140437312699028,,False
7.35343,4,4728.400222,True,False,True,0.00010776263769964566,4.327439162395542,,False
8.051616,2,4729.579173,True,False,True,0.004010027603472424,2.935825106979439,,False
7.133194,9,4736.042563,True,False,True,0.0023835632267813003,2.6501128434536447,,False
8.326232,3,4739.726032,True,False,True,0.00500046883342804,3.436847956358983,,False
8.276568,1,4741.345754,True,False,True,2.0446613514891287e-10,2.9512121405964518,,False
9.823258,1,4742.999799,True,False,True,5.112661874856654e-10,0.1567902008914328,,False
0.523744,3,4746.846802,True,False,True,0.0032368105147291756,16.567246731521546,,True
2.171407,7,4753.952472,True,False,True,0.008985155596122793,8.73197694883116,,True
8.249629,1,4755.054502,True,False,True,9.972388160327049e-11,2.9999872716651796,,False
8.915686,1,4756.128494,True,False,True,0.0050021314286918805,1.8017662755483552,,False
7.604435,1,4757.849437,True,False,True,0.00015351090490025324,4.162642841372967,,False
9.831967,1,4758.960031,True,False,True,0.00022712687964088207,0.13609529410115465,,False
-18.884591,60,4837.439819,False,False,True,0.0029903778997422657,51.897977668874496,,False
6.904592,1,4839.905333,True,False,True,0.003827730271114743,5.432162248907218,,False
6.931029,1,4841.921571,True,False,True,0.010725206228803299,5.391101025854649,,True
8.197845,1,4844.129408,True,False,True,0.0018747562341319692,3.0959590550115417,,True
9.224653,5,4852.429583,True,False,True,0.0004343853955098996,1.2733756235060845,,False
9.818866,2,4857.450196,True,False,True,4.461241031062876e-06,0.002839809653590284,,False
0.481062,1,4860.033789,True,False,True,1.4869671721339666e-05,17.01734347171236,,True
7.922229,1,4861.997625,True,False,True,0.0019775567512708148,3.5932643228547265,,False
4.465713,2,4865.74336,True,False,True,0.00021373479528937964,9.773977165068091,,False
7.388326,2,4869.477627,True,False,True,0.0008187335564803907,4.283006483410216,,False
8.45058,3,4873.574561,True,False,True,0.004169285058966216,1.6496165834116316,,False
7.48808,1,4875.656814,True,False,True,1.9870515514019654e-09,4.371596896585628,,False
6.815481,1,4877.80687,True,False,True,0.006052751404118824,5.593498713955081,,False
6.268488,1,4879.889801,True,False,True,0.00038629557584214067,6.572852620135447,,False
8.249222,1,4881.827487,True,False,True,1.1303332598911867e-11,3.000148931490287,,False
9.818927,1,4883.812024,True,False,True,0.0008386589173866353,0.1655876142868882,,False
1.529746,2,4887.465662,True,False,True,0.0020463570294266386,14.505236471817573,,False
8.139229,1,4889.355777,True,False,True,0.0008785282534674831,3.200662279426044,,False
9.90639,1,4891.332049,True,False,True,7.65050522932853e-11,0.002570476665171878,,False
6.63363,1,4893.178401,True,False,True,0.0010207457519596404,5.919474449030336,,True
2.95305,2,4897.112136,True,False,True,0.0024372072287489606,12.33919511060814,,False
5.60356,1,4899.043977,True,False,True,1.014061612458761e-09,7.776069165158676,,False
4.996782,1,4900.884112,True,False,True,0.00076773520086236,8.873480552247061,,True
-26.052405,60,4971.793225,False,False,True,0.0098586892713799,19.90173155372401,,False
8.656041,2,4975.002118,True,False,True,0.00541349339928689,2.137085438818944,,False
6.121094,2,4977.726889,True,False,True,0.0019408685863222513,6.267851569217711,,False
7.803567,3,4981.122023,True,False,True,0.004666871812640222,2.8200953134335993,,False
9.905703,1,4982.459415,True,False,True,1.0315352738654582e-10,0.002568435514386516,,False
9.87106,1,4984.376328,True,False,True,4.430622092378056e-11,0.0703865035980916,,False
9.693027,1,4985.977023,True,False,True,0.004606801717311188,0.3983924796225101,,True
7.706667,2,4989.498144,True,False,True,0.009102747532961471,4.11670141551326,,False
9.528893,2,4991.218173,True,False,True,0.0062633348667761966,0.5533001126116971,,False
7.652014,2,4993.160728,True,False,True,0.006116697727189988,3.9344529928221785,,False
6.147622,5,4996.379353,True,False,True,0.00019178653447293178,4.239793009627266,,False
7.587544,1,4998.105708,True,False,True,3.940166096172426e-09,4.195787412070898,,False
8.466243,1,4999.41165,True,False,True,0.0008505833779056413,2.6088296403088296,,False
8.963465,2,5000.893938,True,False,True,0.008413719447300311,1.61037173218816,,False
-16.484549,47,5042.137175,True,False,True,0.009647143076437475,12.85508267736293,,True
3.223437,1,5043.231583,True,False,True,0.00013624966027370828,12.070214064827248,,False
8.249141,1,5044.369251,True,False,True,9.417828929840615e-11,3.0000392668004285,,False
8.918724,1,5045.880229,True,False,True,0.00012149658624833158,1.7915806166866384,,False
7.890278,2,5047.114197,True,False,True,2.2248782122414335e-10,3.8987269844469123,,True
9.908582,1,5048.278916,True,False,True,3.045264011684551e-10,0.002562373567869721,,True
2.096635,1,5049.396278,True,False,True,0.004467124967236551,14.107076825269573,,False
8.088332,2,5053.819958,True,False,True,0.0047393908115113854,3.6880203681316797,,False
3.264355,2,5056.584321,True,False,True,0.0027578173823279463,12.227844193585346,,False
7.717146,1,5058.400119,True,False,True,0.005315389250879722,3.967452370199368,,True
4.865692,2,5059.599663,True,False,True,0.00015734893557072319,8.976603132385103,,False
9.209046,1,5060.708301,True,False,True,0.0025008660761274204,1.2701081281786541,,False
9.57585,1,5061.8375,True,False,True,0.0027016518017804435,0.607626663445417,,False
8.279619,1,5063.127639,True,False,True,1.6930360999750296e-11,2.9454351679628608,,False
4.399339,4,5070.182414,True,False,True,0.006216383731880427,7.87205839391748,,False
5.868074,2,5073.415428,True,False,True,7.890332861002603e-11,6.8357574905767295,,False
9.90637,1,5075.669743,True,False,True,8.296970194221487e-10,0.002562507125075145,,False
8.524611,2,5080.379133,True,False,True,0.006610150988438514,2.3573227326112547,,False
7.525977,1,5082.615592,True,False,True,2.3310736674275745e-10,4.306512017958941,,False
6.344753,1,5084.679233,True,False,True,0.0057720785213249675,6.442797636638995,,False
4.116585,1,5086.487607,True,False,True,0.0003391119545080668,10.461236291348438,,False
2.18963,1,5088.46316,True,False,True,9.506635010453346e-10,13.93666177209793,,False
7.888504,1,5090.752831,True,False,True,0.004269352735425971,3.653302925959743,,False
8.735875,6,5100.8151,True,False,True,0.005807699040684944,1.3941080530517542,,False
7.562041,1,5102.598003,True,False,True,0.0049394839282761215,4.2462780249981655,,False
-13.268865,27,5128.623063,True,False,True,0.0024323459784715657,14.660915331936373,,False
7.541817,4,5135.659959,True,False,True,0.0017238485377480532,2.5963182452893694,,False
9.124353,1,5137.305938,True,False,True,0.005808359097053004,1.4268421802525793,,False
6.773683,6,5142.152811,True,False,True,0.003915203959315717,5.610727110272667,,False
9.52102,3,5147.617675,True,False,True,0.0004077296624487442,0.3927908590358639,,False
8.300147,1,5150.305911,True,False,True,5.969126406783201e-05,2.909017398755505,,False
8.504471,2,5153.903691,True,False,True,0.006147279577082929,2.3903152474884575,,False
8.926111,1,5156.143912,True,False,True,0.006028780474790059,1.7850692203428429,,False
7.020023,2,5160.859519,True,False,True,0.00540737430209662,3.50669802064249,,False
2.09924,5,5170.679175,True,False,True,0.004502840572889293,13.011853322612573,,False
8.221711,1,5172.356659,True,False,True,0.0028001670764963107,3.051923826352321,,False
9.799422,1,5174.388841,True,False,True,0.0010368281757999023,0.2013400595378549,,False
9.697216,1,5176.284982,True,False,True,0.001430542290184758,0.38579460813592076,,False
7.424494,5,5184.437088,True,False,True,0.00013798611553272454,3.387494733323875,,False
8.052529,2,5187.358054,True,False,True,6.172871542073051e-05,3.050260238939323,,False
8.646309,1,5188.9501,True,False,True,0.004937919773029629,2.2895501484380105,,True
9.331322,2,5190.361759,True,False,True,0.00431262680377822,0.8697532775400205,,False
8.208815,2,5192.550012,True,False,True,0.005417312525367617,3.0275796361322374,,False
8.657803,1,5193.92489,True,False,True,0.00015844630639971828,2.262338566998469,,False
8.590596,1,5195.576361,True,False,True,2.7165850174987015e-11,2.383802381667654,,False
9.897797,1,5196.889833,True,False,True,2.505459706890478e-10,0.022057089145994302,,False
7.129928,1,5198.69005,True,False,True,0.006807863983265619,5.029234831827108,,False
4.61315,1,5199.887783,True,False,True,0.0053280680180962225,9.568639063692967,,False
8.310965,2,5201.688299,True,False,True,0.00018066648348792624,3.0344945198407616,,False
9.887991,1,5204.058806,True,False,True,0.00015492132728969245,0.0400057791001812,,False
7.592855,1,5206.433508,True,False,True,9.664441265444672e-05,4.185784481119443,,False
7.510549,1,5208.890896,True,False,True,2.4070010134352726e-10,4.334209083115628,,False
2.282522,2,5210.524458,True,False,True,0.007042694976085182,13.415215011150776,,False
6.198643,1,5212.162731,True,False,True,5.798318422622906e-12,6.703695479355538,,True
6.790134,2,5214.264518,True,False,True,0.005977561618610989,5.504240917018374,,True
7.843202,1,5216.170731,True,False,True,0.004137592383413793,3.7366340452559053,,False
9.094379,1,5217.934477,True,False,True,6.006097008626199e-11,1.469569792727717,,True
-1.10977,8,5219.986119,True,False,True,6.244689700481447e-05,11.468921778053605,,False
-0.626627,7,5223.227694,True,False,True,0.008687071706526505,15.823348472515836,,False
8.499481,1,5225.669207,True,False,True,0.0024153809240650623,2.5517938555145228,,False
-30.589109,60,5291.099988,False,False,True,0.0035943040643153018,30.401134583448492,,False
8.739558,1,5292.56929,True,False,True,0.0007154449421258452,2.10956473025919,,False
4.406625,1,5294.482316,True,False,True,0.0006454754609899749,9.938207173336924,,True
-49.092185,60,5372.815784,False,False,True,0.014823394852847551,7.790626030342215,,True
7.575533,2,5375.756128,True,False,True,0.005967959630689079,4.081349487391424,,True
7.842635,1,5377.197239,True,False,True,0.0054878943421028704,3.7410263729281583,,True
5.738501,1,5380.86406,True,False,True,5.4071913613285005e-11,7.531500851554432,,True
7.73272,1,5382.643081,True,False,True,0.0045942992370982885,3.9388758990178423,,False
7.545673,2,5385.53215,True,False,True,0.0051866520422325715,4.135737970808643,,False
9.729964,2,5386.743521,True,False,True,0.0007768337071028806,0.20568072409022287,,False
9.780916,1,5388.452101,True,False,True,3.668430940961809e-10,0.23332105803122077,,False
8.586012,4,5394.975167,True,False,True,0.00351821209574453,1.3270601922430947,,False
7.523691,2,5397.352808,True,False,True,3.998325975862471e-10,3.000009053925394,,False
7.933334,1,5399.097712,True,False,True,0.005847226635859592,3.572120248385009,,False
8.249738,1,5400.932551,True,False,True,2.351224805130503e-10,3.0000023917568206,,True
8.753066,1,5403.019424,True,False,True,0.0004627048363042424,2.0867907483698835,,False
3.769242,1,5405.274687,True,False,True,0.0024735182469278563,11.089416944986576,,False
9.113305,1,5407.210631,True,False,True,0.006038184773739321,1.4452780169668096,,False
7.723899,1,5409.045745,True,False,True,0.005703710602819527,3.9556336667623784,,False
-17.943697,21,5429.237751,True,False,True,0.011897368694229665,4.276639451299356,,False
7.599431,1,5431.00374,True,False,True,0.0033261491481741245,4.176961306974833,,False
6.777546,2,5433.828514,True,False,True,0.006237098114581522,4.62201841675948,,True
8.520929,1,5435.528793,True,False,True,2.2556323749224443e-05,2.5101391830825164,,False
6.720802,2,5438.632014,True,False,True,0.00031930476523586715,5.6589145575519595,,True
8.163551,1,5440.583463,True,False,True,6.1740127246801e-10,3.155684186891158,,False
7.069414,1,5442.081836,True,False,True,0.004806348193165359,5.136548202794762,,False
8.14639,2,5445.391064,True,False,True,7.503112294355678e-11,3.0696116290982367,,False
6.888483,2,5448.190331,True,False,True,0.0042426547904228055,5.323678275490523,,False
7.616534,1,5449.696717,True,False,True,0.0022739264452897026,4.146185541495483,,False
7.566542,1,5451.324044,True,False,True,8.131851134317659e-05,4.232065989242288,,True
6.631211,1,5453.025808,True,False,True,0.005204169568341674,5.923976841655127,,False
4.305743,1,5454.532522,True,False,True,0.0008780750216864745,10.120397315754222,,False
5.958489,1,5456.096575,True,False,True,0.008570322603006709,7.144691310994,,True
9.908468,1,5457.568016,True,False,True,8.47753629820593e-12,0.0025659969155444155,,False
9.908581,1,5459.190132,True,False,True,2.960619741800779e-09,0.002565083743690989,,False
7.806084,2,5462.206992,True,False,True,0.005805989971645525,3.916467213869697,,False
8.499485,1,5463.966805,True,False,True,0.00013285521341941905,2.5443576268915575,,False
9.449944,1,5465.524488,True,False,True,0.004137737737245378,0.8368509794183508,,False
9.375661,1,5466.641618,True,False,True,0.0022477397676556755,0.9682010244294296,,False
8.254364,1,5467.715679,True,False,True,0.005639801270941548,2.997581858525192,,True
5.765653,3,5469.81147,True,False,True,0.004875930750694361,5.619194302956348,,False
8.870488,1,5471.000073,True,False,True,0.011706388394654096,1.8918330872994715,,False
8.802124,1,5472.261725,True,False,True,0.002275734649120467,2.004601090865505,,False
9.572166,1,5473.823983,True,False,True,0.0032365621603950368,0.6149566689759162,,True
8.260484,1,5475.254705,True,False,True,8.34468559138323e-05,2.98069244728531,,False
7.564904,2,5476.358304,True,False,True,0.008402902845327456,4.137020128309537,,False
9.804436,1,5477.889165,True,False,True,6.278525749576618e-11,0.1885597828121632,,False
4.034747,1,5479.054149,True,False,True,0.0062840548973012375,10.613210650064394,,False
7.12059,1,5480.211573,True,False,True,0.00023425574960956482,5.0394861588532445,,False
6.121688,2,5481.569984,True,False,True,0.00016335752897186491,6.70950888564879,,False
4.184901,5,5486.052597,True,False,True,0.004969128191478641,9.103928450601378,,False
9.424379,1,5487.139601,True,False,True,0.00431474925761739,0.8833783702408954,,True
2.046868,1,5488.721636,True,False,True,0.0029785247952463477,14.195936190084597,,False
8.689513,1,5490.041798,True,False,True,0.00230965042670515,2.208354470632449,,False
5.99861,4,5491.274264,True,False,True,0.004774171984113779,6.753976230319772,,False
8.404379,4,5492.473185,True,False,True,0.00036563641084637376,1.5645995276237221,,False
7.074512,2,5493.655827,True,False,True,2.3853443704320576e-05,4.978138648822194,,False
8.568066,2,5494.833947,True,False,True,2.955777983482122e-12,1.4997828745948898,,False
1.448222,3,5497.001521,True,False,True,0.002951020014170528,14.500514116026814,,False
7.483724,1,5498.579835,True,False,True,1.680314498653246e-10,4.383185876121344,,False
2.667751,2,5501.204217,True,False,True,0.003014649976920209,12.998975438543795,,False
8.004309,1,5502.631138,True,False,True,0.00015502434129462637,3.4434980286159647,,False
2.795769,1,5503.726474,True,False,True,0.00014040435672416584,12.84360675096794,,False
4.949233,1,5505.07016,True,False,True,0.011390971176735543,8.963539748508154,,False
7.767081,1,5506.601738,True,False,True,0.0057217378127076,3.8738399608574476,,False
9.075714,1,5508.064655,True,False,True,0.005261105907303363,1.5139297222533963,,False
8.639962,2,5509.231193,True,False,True,0.005761354673774661,2.479673173095014,,False
8.353124,1,5510.503039,True,False,True,3.960619193721371e-10,2.8124973273771103,,False
8.523268,3,5511.785868,True,False,True,0.004600895191954221,1.5021398867450588,,False
8.246157,1,5513.038052,True,False,True,7.475386101796211e-09,2.9999714626097798,,False
9.908582,1,5514.186849,True,False,True,1.7904797644519022e-09,0.0025634303142431374,,False
5.737132,1,5515.536836,True,False,True,0.0005774117410881044,7.537254790368841,,False
8.209128,1,5516.634918,True,False,True,5.979860450755926e-05,3.0706370253940642,,False
6.98631,2,5517.689555,True,False,True,0.007347753661311646,5.077367271566323,,False
8.354444,1,5518.783535,True,False,True,0.0019278962938639355,2.8131827107820793,,True
7.535548,2,5519.854015,True,False,True,0.0043606096736945885,3.7077548029829352,,False
5.998144,2,5521.930471,True,False,True,0.0008746811777949868,6.370536196277165,,False
8.090419,1,5523.415189,True,False,True,0.005066161668728617,3.293527730006987,,False
9.369754,1,5524.93915,True,False,True,0.004733108789039642,0.9825851896640614,,True
5.397961,1,5526.047305,True,False,True,0.0003651857615155265,8.149180330444,,False
6.881276,2,5528.62898,True,False,True,0.0041836838079446145,4.8002204816240015,,False
9.908582,1,5530.014445,True,False,True,1.8947666759339356e-11,0.002562850018034411,,True
8.97893,2,5531.561134,True,False,True,0.0020209621779254568,1.8057913117340096,,False
6.672548,4,5534.150691,True,False,True,0.004228994753836651,5.437844751623335,,False
6.3822,2,5536.656377,True,False,True,0.006078793875669041,5.562795159766716,,True
7.783634,2,5538.870236,True,False,True,0.004198157851729292,3.3934326676548,,True
7.260641,1,5540.743132,True,False,True,0.010495727941541317,4.796692317619565,,False
2.672964,3,5543.324233,True,False,True,0.0001740743533474587,12.858590908033433,,False
2.939154,4,5550.486363,True,False,True,0.00018874459566746568,13.87979018688865,,False
9.906694,1,5551.612035,True,False,True,4.2331486926894257e-10,0.002577930045339691,,False
6.027195,1,5553.400682,True,False,True,0.0033497112524833,7.016281218783986,,True
7.291057,2,5556.880298,True,False,True,1.760598472566599e-09,4.181454676208308,,False
7.351811,1,5558.47305,True,False,True,0.004140799811719344,4.625493052612258,,False
4.729897,1,5560.190758,True,False,True,9.269243126051093e-06,9.354411467248234,,False
7.487449,1,5561.905454,True,False,True,1.7827016252081052e-10,4.375948668476265,,False
9.290514,1,5563.552421,True,False,True,0.00524631289118309,1.1258646108231145,,True
9.264483,2,5564.824078,True,False,True,0.004274569764948569,0.8550175225321638,,False
8.657828,2,5565.973405,True,False,True,6.387268214336217e-10,2.9976795338268833,,False
7.439137,1,5567.553967,True,False,True,0.008612051110592732,4.471122092175005,,True
3.008299,5,5575.825366,True,False,True,0.01181774024017913,12.068046760912079,,False
8.692846,1,5577.668006,True,False,True,3.038297096552567e-09,2.199525570272161,,False
9.129261,1,5578.896111,True,False,True,9.26388957850269e-05,1.404696343148243,,False
-18.357115,60,5646.464649,False,False,True,0.002332878777750751,40.761609312137324,,False
5.551819,3,5649.465593,True,False,True,0.005602051800080788,7.5622783671961376,,True
9.389607,1,5651.194068,True,False,True,0.0008051311153673829,0.940892412698756,,False
5.700887,2,5653.005185,True,False,True,0.004660849439891354,7.005777660164944,,True
8.00708,1,5654.299181,True,False,True,0.004164454552620042,3.4430352096648544,,False
6.588987,1,5656.050018,True,False,True,6.87518542599587e-12,5.999035882936955,,False
8.249569,1,5657.380671,True,False,True,8.957596677679571e-10,3.0001157641205056,,False
7.741848,1,5659.175351,True,False,True,0.0011166191132794935,3.916221089729309,,True
9.861019,1,5660.651561,True,False,True,0.0001864849244321877,0.0825224736631626,,False
3.921424,1,5662.332914,True,False,True,0.004829006104470092,10.816595574151165,,False
8.140383,1,5663.957325,True,False,True,0.0011960042246553755,3.1982807622245986,,False
-6.336781,27,5700.279157,True,False,True,0.002177801931878295,1.9448414253247106,,False
6.020605,2,5703.663837,True,False,True,0.0009253929335451526,6.888225070047649,,False
4.988224,1,5705.299389,True,False,True,0.00021576903880341815,8.88845263250083,,False
9.49663,3,5707.936082,True,False,True,8.689691080352967e-10,0.30301166560464177,,False
9.908582,1,5709.059253,True,False,True,2.971757749769297e-11,0.0025629782888844784,,False
5.870402,7,5718.893172,True,False,True,0.002757369827697049,6.551192860335959,,False
9.079834,1,5720.644794,True,False,True,1.359228845429059e-09,1.5003169806136387,,False
4.881544,4,5726.515346,True,False,True,0.0002321746650144861,8.0824084848088,,False
-0.951769,7,5735.633614,True,False,True,0.0005558715839769756,14.687202591894726,,False
2.32343,3,5740.286927,True,False,True,0.007088969892335723,13.335666593380124,,False
8.717898,1,5741.398985,True,False,True,2.5609884395857985e-06,2.154267207682217,,False
6.594337,1,5743.03944,True,False,True,7.561187852293122e-05,5.988542580312936,,False
4.386024,1,5744.512776,True,False,True,0.0001311894135214719,9.974601326732284,,True
7.770798,1,5746.023496,True,False,True,0.004971440155039739,3.8700012998146684,,True
6.684706,3,5749.377075,True,False,True,0.0039631175284010455,4.14950624878989,,False
9.608679,6,5756.400479,True,False,True,0.0014242073530441584,1.2263825109802042,,False
9.692435,1,5757.477931,True,False,True,2.9131827175439627e-05,0.39320758177414,,False
10.495837,2,5760.807124,True,False,True,4.8566520867866086e-11,0.0025635867058408372,,False
8.567252,3,5765.813449,True,False,True,1.1050036580195766e-09,1.4690306752518345,,False
2.288975,1,5767.500853,True,False,True,0.00019317666928020654,13.75763076512707,,False
1.864619,1,5769.306728,True,False,True,0.0002742068135788587,14.522923356511033,,False
-7.781371,13,5788.640892,True,False,True,0.009317409904900029,5.044458570872692,,True
7.630553,2,5791.410708,True,False,True,5.0759834351286025e-05,2.9348215088805896,,False
8.337419,1,5792.923706,True,False,True,0.0010216846275283831,2.842590957653813,,True
9.062367,2,5794.644103,True,False,True,0.0001954006979966727,1.5082810437484016,,False
7.881522,2,5797.233678,True,False,True,0.002401243861625218,3.3769377828975995,,False
7.798333,1,5798.786228,True,False,True,0.005260396139252499,3.817134015460072,,False
8.101982,3,5802.778392,True,False,True,0.0016454970253749986,2.829917773032064,,False
9.537417,2,5805.509914,True,False,True,0.0009931087677990781,0.26509556593458194,,True
6.636513,2,5806.575028,True,False,True,0.0047414974240077195,7.389665972171718,,False
3.220246,1,5808.087324,True,False,True,6.604634677706556e-11,12.077897372378201,,True
8.890381,1,5809.560625,True,False,True,0.00611651730616751,1.8498773356302152,,False
9.894616,1,5811.15955,True,False,True,1.4795005628606694e-10,0.02780687669658398,,False
8.061874,1,5812.728109,True,False,True,0.0026476571480401816,3.342407566370205,,False
7.979795,2,5815.464197,True,False,True,0.004417218336723349,3.347016762302893,,False
8.318515,3,5819.693654,True,False,True,0.011032902738174916,2.654296133591702,,False
6.443744,2,5822.892056,True,False,True,0.00015306828336283614,6.107183260241261,,False
8.324705,3,5826.778508,True,False,True,0.0036450160586201825,2.48509924205813,,True
9.435034,1,5828.229637,True,False,True,0.004291594954573573,0.8641007365402137,,False
3.100719,5,5829.837998,True,False,True,0.0023679020245110025,11.91771404657965,,False
4.203936,1,5831.253001,True,False,True,0.00040446850448476457,10.303697867654023,,False
9.798245,1,5832.784173,True,False,True,0.0009482951921043191,0.202689619086865,,True
0.180301,10,5843.74538,True,False,True,0.0031670474680728323,15.212397802760826,,False
7.857481,2,5846.707995,True,False,True,0.0023760233087597423,3.5005716877480872,,False
7.218976,1,5848.285547,True,False,True,0.0026481543483804597,4.864388407631511,,False
8.723273,2,5851.551548,True,False,True,1.7199723093282222e-09,2.117945298783066,,True
8.092082,3,5856.073765,True,False,True,0.0002664593165153401,3.056544750368962,,False
9.905472,1,5857.231853,True,False,True,5.40571976070936e-10,0.002562912589982784,,False
9.626194,1,5858.471929,True,False,True,0.002862212445266285,0.5168704537880667,,True
8.322964,2,5861.724656,True,False,True,5.4666303021226256e-05,2.7407830818840924,,False
9.653896,1,5863.11564,True,False,True,0.002142478023771847,0.46585154659287653,,False
3.881757,4,5868.590839,True,False,True,0.0036488019788206883,9.760229362019555,,False
7.119834,1,5870.277645,True,False,True,0.002656059369790853,5.043271155988639,,False
6.978557,1,5872.080344,True,False,True,0.004136418106481871,5.299900812698047,,False
6.901869,1,5873.779271,True,False,True,0.005475436661816852,5.438993195177148,,False
5.089786,2,5876.36049,True,False,True,0.0061704012677039795,7.992676882823176,,False
2.241501,1,5878.108979,True,False,True,0.0007056531940649521,13.843570818300368,,False
9.722206,1,5879.997423,True,False,True,0.0003853042578453314,0.3350975157029642,,False
9.466323,2,5881.672105,True,False,True,0.0034847697091500546,0.6709346321315289,,False
5.61337,2,5884.407533,True,False,True,4.520281476847192e-07,7.332537538485921,,False
9.300711,2,5887.638725,True,False,True,0.005021474687909268,0.9555222588971684,,True
5.672804,2,5890.089154,True,False,True,3.538445810060049e-05,8.348935711638498,,False
-6.648762,20,5911.803217,True,False,True,0.005447804495586799,5.5634396755822655,,False
-11.901171,48,5972.306772,True,False,True,0.0004369418690519961,10.223923869295358,,False
4.880929,2,5975.241731,True,False,True,0.0005703732620772201,8.993899342661718,,False
1.068576,2,5977.447811,True,False,True,9.378702675588713e-12,15.587180060152216,,False
8.468263,3,5980.960654,True,False,True,0.0059759817371506235,2.3158818680938684,,False
8.200117,1,5982.527792,True,False,True,0.0005469712228069286,3.0902906928375846,,False
3.578872,1,5983.529544,True,False,True,0.00017426252344463627,11.431133237193977,,False
6.83383,1,5984.899362,True,False,True,0.006167833198807204,5.562327459626704,,False
7.025822,2,5986.111371,True,False,True,0.0018023174930638375,4.806379217550743,,False
9.802162,1,5987.316214,True,False,True,0.00118359055093807,0.1965920358931301,,True
3.195572,2,5988.477927,True,False,True,0.004832326866556354,12.208037232658253,,False
9.619334,2,5989.716445,True,False,True,0.0005107999761249144,0.2780204541667565,,False
9.378124,1,5990.934581,True,False,True,0.004636331223525243,0.9624346658132114,,False
6.782329,1,5991.984909,True,False,True,0.0048824994081225655,5.654812676187558,,False
6.845608,5,5993.280731,True,False,True,0.00017910960981551427,4.698095974723412,,False
7.01008,1,5994.404798,True,False,True,0.010428358262063037,5.248499242190007,,True
4.789959,2,5996.888155,True,False,True,0.004829190346696169,8.642419571296813,,False
8.680834,3,5999.094195,True,False,True,0.0028268673994516214,1.6036776705813336,,True
9.907711,1,6000.189822,True,False,True,1.6152604665933945e-10,0.0025630911960498,,False
7.869319,3,6003.438933,True,False,True,0.0019250132656707043,3.284626122782403,,False
8.249409,1,6005.162702,True,False,True,1.3587938933745658e-11,2.9999491871678687,,False
9.100552,1,6006.750943,True,False,True,3.345277660847523e-05,1.4578954129597643,,True
9.884047,1,6008.057374,True,False,True,0.00010913627271024702,0.04337747908808326,,False
-18.68032,60,6066.779643,False,False,True,0.007053624856785006,67.97446012131519,,False
9.24305,1,6068.518855,True,False,True,0.0011901423877354687,1.205118814041907,,False
9.696795,2,6070.668541,True,False,True,0.00015659799451456615,0.21539361112208058,,False
3.710457,2,6071.789371,True,False,True,1.6547669484667793e-11,10.974296631794827,,False
1.616948,7,6078.60282,True,False,True,0.009778896416007776,15.828455409034937,,False
0.178582,2,6079.644934,True,False,True,0.004487757305795116,14.757628039461133,,False
6.31618,1,6080.74336,True,False,True,0.006114626785793719,6.496372564759873,,False
7.613814,1,6081.831338,True,False,True,1.886349408642025e-10,4.147834042324688,,False
9.852456,1,6082.953852,True,False,True,0.00025094188118662125,0.1027554178676193,,True
9.908445,1,6083.969565,True,False,True,2.009424534704411e-09,0.00260499435397523,,False
7.32537,1,6085.093375,True,False,True,0.005979343622593419,4.675664086765562,,True
8.924711,1,6086.168414,True,False,True,0.00629590538322752,1.788310581035444,,False
7.305364,1,6087.333509,True,False,True,0.003040788860694976,4.70882764022793,,True
7.498698,1,6088.77321,True,False,True,0.005982347031937374,4.361490111275232,,False
8.973886,1,6090.277441,True,False,True,0.0005507086208303496,1.6924720777541746,,False
9.90557,1,6091.80788,True,False,True,6.750815184641823e-11,0.0025623691585142036,,True
8.304688,1,6093.27754,True,False,True,0.0020517109807594567,2.9026495313536227,,False
9.736619,1,6094.68923,True,False,True,0.0005749407485629437,0.3092735744857153,,False
9.905691,1,6095.847473,True,False,True,1.8284163072479487e-10,0.0025632584146528387,,False
5.781146,1,6096.97834,True,False,True,3.164594005341096e-09,7.4557291198339355,,True
9.775191,3,6098.163364,True,False,True,0.005415424314429568,0.3329560748297242,,False
7.508991,1,6099.247509,True,False,True,0.00031979696988977853,4.33823232010675,,False
8.083755,4,6103.501707,True,False,True,0.0025506370469385955,2.975695396010557,,False
9.313593,1,6105.206912,True,False,True,0.0030412735801047253,1.0787393943600976,,True
7.593274,6,6113.039626,True,False,True,0.0001725660482143567,3.336907739178355,,False
6.210029,1,6114.421869,True,False,True,1.081150506613966e-10,6.683141904460473,,True
9.805698,1,6115.993363,True,False,True,0.0009612346887778571,0.1897486393746136,,False
2.497498,1,6117.53634,True,False,True,4.197637144126576e-09,13.381449627314906,,False
9.686292,2,6120.031282,True,False,True,0.000579685991186415,0.11422335724061765,,True
6.7945,1,6121.575568,True,False,True,0.006272552746601408,5.633768658211146,,False
6.686772,2,6122.749362,True,False,True,0.005003854979392306,4.327232381942687,,False
9.069793,2,6123.831789,True,False,True,0.0010228871649508513,1.3389253066791398,,False
8.200652,1,6125.046027,True,False,True,4.718025309154584e-11,3.088623394587682,,False
8.881324,1,6126.65661,True,False,True,1.7197146484626558e-11,1.8535718152298528,,True
5.204531,3,6129.710456,True,False,True,0.0022297057814252928,8.81277619777726,,False
8.236514,1,6131.270945,True,False,True,3.1190920075458914e-05,3.0239269231860577,,False
8.304823,1,6132.945281,True,False,True,0.0017925450858047674,2.902648434645522,,False
9.615361,2,6134.072721,True,False,True,0.00204601365149369,0.41293325742545517,,False
9.272179,1,6135.569941,True,False,True,0.004973665066637949,1.1574404837321344,,False
3.317212,1,6137.197206,True,False,True,0.0009915546716116087,11.903703373313826,,False
9.416261,1,6138.564821,True,False,True,1.037360583483189e-05,0.8923875623553406,,False
8.219949,2,6142.148047,True,False,True,0.0009186834774036815,2.8619213115581648,,False
6.111331,1,6144.384467,True,False,True,0.004792568049873103,6.864616372745506,,False
8.491775,1,6145.502893,True,False,True,0.004277970787571065,2.5670438632619192,,False
9.333447,1,6146.675845,True,False,True,0.004968119592283004,1.048462533090908,,False
9.178443,1,6147.916752,True,False,True,0.004170552866340991,1.326862086582332,,False
8.249394,1,6149.486739,True,False,True,0.0005680404431255837,3.0013084435284507,,False
7.760116,3,6153.14012,True,False,True,0.004142855996512332,3.43473674288849,,False
4.913094,6,6159.328633,True,False,True,0.0021713182761163765,5.96252478504524,,False
9.850672,1,6160.170208,True,False,True,2.509087555779832e-11,0.1072385340183799,,False
4.28761,2,6162.709854,True,False,True,0.005129740117628012,10.050992327874942,,False
6.881239,3,6164.997517,True,False,True,0.003036500289455875,3.8542768563157277,,False
0.385861,1,6166.556823,True,False,True,8.11284706197428e-05,17.18900561972857,,True
8.249761,1,6168.20555,True,False,True,1.7582708721890433e-10,2.999960323161172,,False
4.881696,1,6169.885951,True,False,True,0.0047889964298221364,9.084381028590464,,False
2.910207,2,6173.055557,True,False,True,0.0002868804581484907,12.810008319496278,,True
7.694411,1,6174.632665,True,False,True,0.002743882016330512,4.005501396773504,,False
8.249006,1,6176.494887,True,False,True,8.384884667319265e-09,3.000221948827151,,False
7.322327,2,6178.785009,True,False,True,1.576059881359064e-10,2.997149534404014,,False
6.190971,1,6180.015421,True,False,True,0.006259231262040056,6.7230873908040225,,False
9.386327,2,6182.787626,True,False,True,0.0019827930370922607,0.5385406894703308,,False
9.79115,1,6184.449923,True,False,True,0.0003045199461182979,0.20909841849649477,,True
7.988049,1,6186.283559,True,False,True,0.0012367140260130666,3.4736404095064324,,True
8.182708,1,6187.948246,True,False,True,0.004914401965510647,3.1267194659695505,,False
9.282458,1,6189.094572,True,False,True,0.003939962458427831,1.13888486449756,,False
9.692387,1,6190.857234,True,False,True,0.0016047884062023042,0.3949374296355282,,False
8.24716,1,6192.549924,True,False,True,1.2863947977427885e-09,2.9999405999988036,,False
6.50985,2,6194.20903,True,False,True,1.755062376229853e-10,6.000050558631211,,False
8.767572,2,6195.962856,True,False,True,0.0029891470298341505,1.9169178957338695,,False
8.276758,1,6197.217874,True,False,True,1.2205421395794502e-10,2.9481083165155297,,True
8.547509,1,6199.116659,True,False,True,0.00031886477918312544,2.462490643474631,,True
9.542052,1,6200.784555,True,False,True,1.1068794613075474e-09,0.6646160991188236,,False
7.543158,1,6201.954273,True,False,True,0.004226030366225957,4.279621092510704,,False
7.600059,1,6203.753357,True,False,True,0.0028084385983541613,4.1765094021852,,False
2.568099,1,6206.139279,True,False,True,0.000261494176007019,13.254295902383673,,False
9.905479,1,6207.60504,True,False,True,7.750721731092369e-10,0.0025666372773388057,,True
8.996814,2,6209.86415,True,False,True,0.0004141758740484336,1.5692029060886183,,False
9.908239,1,6212.548214,True,False,True,9.848237930277588e-13,0.0025797184326568955,,False
10.205469,2,6214.658533,True,False,True,2.5585087203199366e-05,0.011977547630697942,,False
7.699581,1,6216.53935,True,False,True,0.005070919783739636,3.992415261614836,,False
3.261752,2,6219.39853,True,False,True,9.96932918169522e-05,9.034069226980353,,False
1.67079,4,6225.558389,True,False,True,0.001338512061373507,14.390611924933427,,True
6.304979,3,6229.087314,True,False,True,0.005017876593665924,6.348990767422748,,False
3.011864,2,6231.72702,True,False,True,0.0019350183663625004,12.331036416646958,,False
8.847126,1,6233.151574,True,False,True,0.005286810026083513,1.921447709809958,,False
7.321668,3,6236.025373,True,False,True,0.006075406623482161,4.395657658767352,,False
6.322289,5,6237.481469,True,False,True,0.006160817661310099,5.8787914419194784,,False
8.417311,1,6238.559246,True,False,True,0.0019306277900163135,2.6996363753436197,,False
-1.348684,34,6240.879136,True,False,True,0.011917466419756717,5.827804758722704,,False
8.294262,1,6241.970848,True,False,True,9.592635730887311e-10,2.9195754254010287,,False
9.905462,1,6243.130943,True,False,True,2.2579227812054234e-09,0.0025626318575205317,,False
7.34443,1,6244.151908,True,False,True,1.706193262531342e-05,4.635063058158289,,False
5.530486,6,6247.467934,True,False,True,0.00455997566208081,5.902519795623037,,False
8.222773,2,6249.084494,True,False,True,0.004244932323681602,2.7673635977714484,,False
9.523408,2,6251.60262,True,False,True,0.00047893489747911824,0.44670629075578755,,False
9.908492,1,6254.556463,True,False,True,4.2457090621006444e-10,0.0025661449131058793,,False
7.702485,2,6257.512237,True,False,True,0.005215880198147033,3.8685434712651907,,False
8.048462,2,6260.087671,True,False,True,3.4363178827401687e-10,3.212260128257376,,False
9.202343,1,6261.377551,True,False,True,0.005928841781021573,1.2860119876661493,,False
-66.046139,60,6305.485702,False,False,True,0.02485023577033475,10.394837862355185,,False
5.755189,1,6307.375772,True,False,True,0.0022115598541040398,7.505497179146762,,False
8.275301,1,6309.235803,True,False,True,9.745355703228132e-11,2.953340975990671,,False
9.115201,1,6310.532815,True,False,True,8.405331928532718e-12,1.4354479861766163,,False
9.068828,1,6313.216028,True,False,True,0.00625987989309529,1.5277652620203424,,False
3.293203,1,6315.033029,True,False,True,4.872796610655428e-12,11.946301235914547,,False
7.664205,1,6316.906936,True,False,True,0.00036480067925008107,4.055133042215909,,False
7.84424,2,6319.501163,True,False,True,0.005217792664821325,3.480760603497651,,False
7.76441,1,6321.25219,True,False,True,0.00464798970994809,3.8817164881993884,,False
9.908292,1,6323.013404,True,False,True,7.0427640057606e-10,0.0025672979223506794,,False
9.437309,1,6324.833968,True,False,True,0.004273025395005111,0.8599382864074767,,True
3.329463,6,6335.513404,True,False,True,0.00013303898879086888,11.497233232599669,,False
7.12748,2,6336.814268,True,False,True,1.861946484234267e-05,3.925020369820031,,False
7.560073,2,6339.866702,True,False,True,1.3019868080691508e-09,4.097496336927773,,False
6.853415,1,6341.650679,True,False,True,3.3022516420788683e-05,5.517517684652489,,False
6.329658,1,6343.378605,True,False,True,0.00033043311822793025,6.467518835839751,,False
8.475385,4,6346.862258,True,False,True,0.0027949936614162264,2.866984740792209,,False
8.176924,1,6347.943355,True,False,True,0.005559299283792576,3.131568585606591,,False
9.263013,1,6349.517208,True,False,True,0.004209220804634637,1.1740485383366555,,False
5.722859,1,6350.66308,True,False,True,1.091571201181779e-06,7.562482169568401,,True
6.190799,1,6352.725909,True,False,True,0.0003040560332183695,6.715664141052619,,True
2.954201,1,6354.329258,True,False,True,0.001174450301183915,12.55856697681842,,False
-0.31369,16,6366.858398,True,False,True,0.009601847596745913,13.96902283449352,,False
7.392524,3,6371.00216,True,False,True,0.006171543207170939,3.848269523569966,,True
4.55505,2,6373.787447,True,False,True,0.004848764206290918,9.922559867491234,,False
3.674355,1,6375.18122,True,False,True,0.00014305161865674535,11.258869175204323,,False
7.57505,1,6376.274827,True,False,True,9.853911101883835e-12,4.218014732970532,,False
8.476892,1,6377.648003,True,False,True,0.0020536376029273613,2.591733478461952,,False
9.730207,2,6378.716018,True,False,True,9.714200282742879e-11,0.15648651964092067,,False
7.466287,3,6382.780439,True,False,True,0.0012865934338089405,4.274305772858569,,False
7.722297,1,6384.372732,True,False,True,0.004894491423911547,3.958006871284899,,False
8.229253,1,6385.767215,True,False,True,3.072415030724862e-10,3.037005626066725,,False
5.742572,1,6386.701964,True,False,True,0.004792063604830364,7.531159268539149,,False
7.903399,2,6389.392887,True,False,True,4.565053807192854e-09,2.839363841138335,,False
8.673721,1,6390.819083,True,False,True,0.001107096986841305,2.234725681049808,,False
-0.467977,13,6403.367194,True,False,True,0.011771749705694888,2.40999422925451,,True
8.633267,1,6404.927524,True,False,True,4.782513706796638e-10,2.3065361936297353,,False
7.083896,2,6407.445958,True,False,True,1.7983593901462576e-05,4.419977353476277,,False
7.729965,1,6409.068006,True,False,True,0.004700112170647763,3.9435636802122653,,False
8.249177,1,6410.182267,True,False,True,3.697667277210629e-11,3.0000545755496018,,True
7.621511,6,6417.887918,True,False,True,0.002590413154755772,3.3079524772276248,,False
7.881884,2,6420.594545,True,False,True,0.00046776405108374386,2.6821036688590767,,False
7.855011,1,6422.27859,True,False,True,0.006008829417982966,3.711343071453157,,False
4.771271,2,6425.323776,True,False,True,0.00019341669684385093,8.697041048641587,,False
9.89367,1,6427.017214,True,False,True,5.7182187163003956e-05,0.024967323278296188,,False
9.646329,1,6428.925859,True,False,True,0.002599785266382542,0.48013800271347407,,True
9.797188,2,6431.813959,True,False,True,3.749288695104047e-05,0.024911562479959473,,False
7.848365,1,6433.337997,True,False,True,0.00012615900876665508,3.7240593910256328,,False
7.056298,1,6434.973081,True,False,True,0.009209636448963745,5.164317133928195,,False
8.195708,1,6436.718711,True,False,True,0.0023421191018865237,3.1003591289475443,,False
8.574756,1,6438.206998,True,False,True,4.240213641128199e-05,2.4129224487018974,,False
8.661038,1,6439.931807,True,False,True,0.004537672181617795,2.262020623689551,,False
-12.856195,60,6526.683954,False,False,True,0.0006466953234361313,42.560753114338354,,True
3.625569,1,6527.789705,True,False,True,0.0015016094853130546,11.347870054460396,,False
8.613507,1,6528.870131,True,False,True,0.003199492767837303,2.3467427457082883,,False
7.187094,1,6530.093654,True,False,True,0.0043270980428695045,4.923646577830973,,False
2.83164,9,6540.15226,True,False,True,0.002168937362533337,10.792727069463181,,False
-7.669976,28,6560.787195,True,False,True,0.0023516275391392803,9.396559648276188,,False
8.030179,1,6561.880154,True,False,True,0.0034353655533479947,3.400523345323129,,False
7.651293,3,6564.167566,True,False,True,0.009515756257729824,3.797233754882946,,True
7.694873,1,6565.220715,True,False,True,0.005961573088331069,4.008615264595059,,False
-0.84517,13,6571.016635,True,False,True,0.002522593381407821,14.571950352032069,,False
7.679843,1,6572.034456,True,False,True,2.1608035846720774e-10,4.029328605554909,,True
4.931439,1,6573.081598,True,False,True,0.0016352949817503844,8.992112286347304,,False
9.489609,1,6574.24299,True,False,True,0.0013699864891606045,0.7611209924222871,,False
8.886979,3,6577.538696,True,False,True,0.004923119375027284,2.8730061279523573,,False
5.731498,1,6578.761029,True,False,True,0.00019443120029436885,7.54688537847051,,False
9.906033,1,6579.909913,True,False,True,1.861088227972374e-10,0.0025627935597608304,,False
6.588276,1,6580.992529,True,False,True,8.895117540305172e-10,5.999843006056994,,False
8.879545,3,6584.371369,True,False,True,0.000344774248024652,1.5511138349584326,,True
9.089901,1,6585.388788,True,False,True,8.046378237369242e-05,1.4822325633396025,,False
9.908582,1,6586.491067,True,False,True,1.470544143053476e-09,0.0025624052865583858,,True
-20.494767,60,6653.925578,False,False,True,0.004058494082766136,26.16043367100809,,False
-39.353558,60,6709.049782,False,False,True,0.028794244526615845,11.561225034901492,,False
2.092305,2,6710.187586,True,False,True,0.005007376717151882,13.828643092021117,,False
7.493126,2,6711.366071,True,False,True,1.0689617853684561e-10,2.99273057853547,,False
6.532871,1,6712.4402,True,False,True,0.0006077274460284795,6.1009547571001805,,False
-8.474992,60,6753.247057,False,False,True,0.007807842177138493,15.66779506383162,,False
7.366664,2,6755.368784,True,False,True,1.0586896984077221e-10,4.378306044116058,,False
8.796586,3,6758.801626,True,False,True,0.004122010535958568,0.8205385072080802,,False
3.974159,2,6760.940442,True,False,True,0.00034364905260895334,10.589275759957356,,False
9.907263,1,6762.155758,True,False,True,1.267009594463353e-09,0.0025645303977358575,,False
5.802122,6,6768.860013,True,False,True,2.0251860297014392e-05,5.807625779598337,,False
9.070751,1,6770.114041,True,False,True,7.889296587120561e-05,1.5125842450244402,,False
6.185264,1,6771.523594,True,False,True,0.00018607791413360905,6.727131416483638,,False
2.830806,6,6779.267696,True,False,True,0.00677496628009919,12.218213414053281,,True
7.215471,1,6780.382103,True,False,True,0.0021132233527300383,4.867531808225144,,False
-18.959179,60,6832.869311,False,False,True,0.004915326419846258,6.903080437282399,,False
-10.121423,19,6853.279494,True,False,True,0.006836013680128897,5.161786810420558,,False
8.563984,1,6854.521013,True,False,True,0.0001707505107817718,2.4325429446117233,,True
9.908191,1,6855.751289,True,False,True,3.152519495452921e-10,0.0025635456184269325,,False
2.368689,1,6857.018691,True,False,True,0.005235774583787876,13.61699717316554,,True
9.308341,1,6858.270016,True,False,True,0.0039380779090539,1.0925367864752753,,False
9.819186,1,6859.625929,True,False,True,4.382910701039577e-12,0.1640441815715032,,False
8.328266,1,6860.701826,True,False,True,1.2091124629298733e-09,2.858150098165186,,True
8.638964,1,6861.824845,True,False,True,0.004629380480523345,2.3018521758022175,,False
7.584294,1,6863.000382,True,False,True,1.6426275125892495e-05,4.201904596463379,,False
9.796332,1,6864.110555,True,False,True,7.660644861517962e-10,0.20545841343316368,,False
7.570573,1,6865.268267,True,False,True,0.004457113038275609,4.2314808238983606,,False
9.117384,1,6866.447114,True,False,True,3.029590467384935e-11,1.4262715222075129,,False
3.19362,1,6867.54648,True,False,True,0.0029610815787941003,12.127973478175194,,False
8.039083,1,6868.615417,True,False,True,0.0013122400901292041,3.38162830198288,,False
8.363808,1,6869.791257,True,False,True,0.003936099961624792,2.79818938895518,,False
1.82269,3,6870.98326,True,False,True,0.0034128201329305715,14.46683449935303,,False
9.089632,1,6872.181111,True,False,True,3.7373153183306584e-10,1.4792693340481489,,False
5.807501,1,6873.265959,True,False,True,6.283035569537923e-07,7.409712791249866,,False
6.808373,1,6874.392444,True,False,True,0.006047801457152866,5.607983863837937,,False
6.902351,2,6875.53797,True,False,True,0.005457981769981623,5.056017800443898,,False
0.833311,1,6876.632239,True,False,True,0.00477550588149207,16.38481304203284,,False
7.017382,2,6877.833986,True,False,True,0.0026013292624417483,5.080471526366164,,False
-13.857009,60,6916.792431,False,False,True,0.0210357444433328,16.72553684457862,,False
-14.786335,60,6969.830865,False,False,True,0.022312143536113133,14.433641130358637,,True
6.054891,1,6971.004722,True,False,True,1.109355665425242e-05,6.963190289162054,,False
9.598944,1,6972.209999,True,False,True,1.264735683384477e-05,0.5622353379964254,,False
9.906771,1,6973.492545,True,False,True,1.6390028223511877e-10,0.0025624613266899145,,False
6.904528,21,6983.861679,True,False,True,0.005596825199231228,2.2171230091633976,,False
7.418603,2,6984.939127,True,False,True,0.0010020870033447915,4.260294020764985,,False
5.814698,1,6986.022173,True,False,True,0.005747846504401687,7.401140998520389,,False
8.71283,6,6989.358073,True,False,True,0.002339318200644842,1.0743802473337913,,True
4.612755,2,6992.927774,True,False,True,0.0006568327852200864,9.843733924857496,,False
8.100367,1,6993.921032,True,False,True,9.595740996354383e-05,3.2699270294688465,,False
5.714437,3,6996.322775,True,False,True,0.0020245415940304554,5.7164318383396155,,False
9.908582,1,6997.542006,True,False,True,4.809854806566481e-10,0.0025623893561449954,,True
9.90858,1,6998.580569,True,False,True,5.844233691057144e-11,0.0025666612753732026,,True
8.881468,1,6999.545344,True,False,True,0.0035615713067394146,1.8631956405522994,,False
7.560663,1,7000.697724,True,False,True,2.339108736273965e-06,4.244564467896148,,True
8.270789,1,7001.820022,True,False,True,0.005956298293409957,2.9667616735063813,,False
9.108678,1,7002.975462,True,False,True,6.12851228098954e-10,1.4424452665110876,,True
1.028214,14,7014.17312,True,False,True,0.009717231960536489,8.06146684010597,,False
8.054716,1,7015.478622,True,False,True,3.153254635233973e-10,3.3517652692360116,,False
8.313384,1,7016.723336,True,False,True,0.00012297117934188806,2.880827368668074,,False
9.385835,1,7018.066216,True,False,True,0.004807816680726627,0.9536266709255969,,False
6.760742,4,7022.8556,True,False,True,0.00516801702258286,5.364706182495176,,False
9.438294,3,7025.321157,True,False,True,0.0023274934621081936,1.1697216929997314,,False
-14.010951,60,7077.063505,False,False,True,0.016881089676471946,45.8167280717509,,False
8.42237,1,7078.719823,True,False,True,0.0014069899007220187,2.689872436879316,,True
9.787916,2,7080.140732,True,False,True,0.00042572947728839253,0.11230800468351146,,False
8.25175,1,7081.343277,True,False,True,3.744394787719846e-10,2.9963683284296736,,False
7.560611,1,7082.826626,True,False,True,1.9679069778181224e-09,4.240864112538581,,False
7.872401,1,7084.165426,True,False,True,0.0057532900061126055,3.680152371599315,,False
9.196957,1,7085.7971,True,False,True,0.0021126553599889178,1.2911072706764701,,False
9.123379,1,7087.119001,True,False,True,0.009560412198969708,1.4332062386042865,,False
7.410878,1,7088.452606,True,False,True,0.005542949838989106,4.517370672935139,,False
5.78495,2,7091.069275,True,False,True,0.004188747244918484,6.718248632161382,,False
8.382911,4,7096.252017,True,False,True,0.002320992479074623,2.306485138355517,,False
7.815847,2,7097.437171,True,False,True,0.004899704486133553,3.6458700081421416,,False
5.993921,1,7098.678381,True,False,True,0.00033609627550704435,7.070452422197616,,True
7.930154,1,7099.817625,True,False,True,0.003098517030824395,3.5803794317123163,,False
9.178995,1,7101.261062,True,False,True,0.0020662932703177494,1.323845360351763,,False
1.083119,3,7104.863349,True,False,True,0.008237059141358614,15.703976703848188,,True
8.60467,2,7106.074291,True,False,True,0.004793919568310475,2.1891850144938596,,False
5.07237,1,7107.285337,True,False,True,0.010703278373641448,8.74441685327781,,False
8.763679,1,7108.515841,True,False,True,0.0013039827528245039,2.0729716316776328,,False
2.790721,1,7109.561118,True,False,True,0.00020298692064117793,12.852752918304002,,False
1.450454,2,7111.940491,True,False,True,0.0025220197916528075,15.382592375560744,,True
5.987757,5,7114.392357,True,False,True,0.004771502891869483,5.785846366272256,,False
8.998927,2,7117.138414,True,False,True,0.006090327331180644,1.4679328746113047,,False
8.619195,1,7118.459623,True,False,True,0.002242621809031467,2.334674036095018,,False
8.279921,1,7119.790372,True,False,True,1.9723998220507848e-10,2.941635439355036,,False
8.935151,1,7120.831714,True,False,True,0.002329483388455249,1.7647112431765672,,False
9.908172,1,7122.073495,True,False,True,8.309631871483703e-10,0.002572390243052721,,False
7.27967,1,7123.246383,True,False,True,0.004707813172835832,4.756403663419864,,False
9.809454,1,7124.365723,True,False,True,0.0005824689414354821,0.18061302233353535,,False
9.358596,1,7125.517078,True,False,True,0.002901982500997269,0.9994581256655208,,True
9.908507,1,7126.763953,True,False,True,2.343265859128252e-10,0.0025671394852738103,,True
1.096865,4,7130.821617,True,False,True,0.0014531631836179626,14.620589574069431,,False
8.292973,1,7132.232236,True,False,True,0.006118418839551869,2.9240878599260616,,False
8.933738,1,7133.754869,True,False,True,0.0059476355127983755,1.7714888562094415,,False
6.567486,6,7139.85921,True,False,True,0.0041898757039817176,4.178815398698203,,True
9.11558,1,7141.426418,True,False,True,0.0018171375931049373,1.4375681417936461,,False
3.434765,2,7143.855663,True,False,True,0.0012784725540804526,11.65662786057185,,False
0.959274,1,7145.284067,True,False,True,0.005227395371189368,16.157973939195436,,False
5.88825,2,7148.021047,True,False,True,0.003852216794695197,7.041426720316733,,False
8.249753,1,7149.4988,True,False,True,3.766812773557214e-11,2.9999749142887975,,False
8.242615,1,7150.881924,True,False,True,1.9945124832327617e-05,3.0093203848306684,,False
8.249414,1,7152.189197,True,False,True,6.676198895510352e-10,2.9999623304696033,,False
9.908236,1,7153.477711,True,False,True,2.9695358571316115e-10,0.0025623671671898694,,True
-2.139389,6,7157.143177,True,False,True,0.003585109445063245,17.223354115285755,,False
8.221335,2,7158.407514,True,False,True,2.5580541515060024e-10,2.9160862415784603,,False
-1.952637,6,7164.508694,True,False,True,0.00948679656540466,17.724641406063615,,False
2.744164,2,7166.991091,True,False,True,0.0003334657234560969,13.071098184086118,,True
6.996007,2,7170.024281,True,False,True,0.004588965570128114,3.7697626923370806,,False
7.877997,1,7171.391387,True,False,True,0.004342741238309127,3.670795972279715,,False
6.855615,1,7172.779564,True,False,True,0.0034775545673273183,5.520423675628209,,True
-15.166878,60,7267.917425,False,False,True,0.03251103011694076,16.556774382845937,,False
4.150468,1,7270.742764,True,False,True,0.006349917158108259,10.403351739755738,,False
6.443829,2,7273.017128,True,False,True,0.0006050481108938795,6.26426034224272,,False
8.601245,3,7277.026525,True,False,True,0.0036083522440290275,1.919007923594537,,False
7.607605,9,7297.785682,True,False,True,0.00441286906128885,2.3213207810514405,,False
9.905868,1,7299.946335,True,False,True,2.406000354610586e-10,0.0025623454047587783,,False
6.484715,1,7302.239506,True,False,True,4.5512104718473416e-05,6.187324292233482,,True
-0.570006,9,7324.588151,True,False,True,0.004733773427263454,10.461486504883313,,False
8.585721,1,7326.551661,True,False,True,0.006138689581933186,2.398528093767027,,False
9.765227,1,7328.92525,True,False,True,0.0013195074917989168,0.2635332122801874,,False
8.668793,1,7330.952748,True,False,True,0.004640619129634376,2.2484514314263855,,False
8.24946,1,7333.08808,True,False,True,3.153888756099953e-11,3.0000192943248662,,False
4.714311,9,7349.04944,True,False,True,0.009025115184453082,6.433625707693498,,True
7.582153,2,7352.664572,True,False,True,8.344505642021716e-12,2.921829609042488,,False
9.225506,1,7354.705405,True,False,True,0.0002959772329656357,1.2329507450376753,,False
8.825679,1,7356.8762,True,False,True,0.002326892052632517,1.9624672134958043,,False
2.758377,1,7359.134515,True,False,True,0.001563705940505044,12.911998038151975,,False
8.174544,1,7360.536682,True,False,True,0.001561157286140451,3.136760286005949,,False
9.908577,1,7362.571177,True,False,True,8.182370059284239e-11,0.0025728328235859288,,False
7.658609,1,7364.473549,True,False,True,0.00044558308641081713,4.068182549036622,,False
7.766939,1,7366.399646,True,False,True,0.0015660795151848789,3.871888366513038,,True
8.670851,1,7368.194043,True,False,True,0.003068371179841741,2.2425887199316463,,True
8.266303,1,7370.171537,True,False,True,0.009124133237123994,2.9794732787465352,,True
4.219537,1,7371.974118,True,False,True,0.005419922255610683,10.2789471706892,,True
4.98261,1,7373.898396,True,False,True,0.00465727990770301,8.902222734798555,,False
5.811069,8,7387.390387,True,False,True,0.009036707207035439,1.1894384274904948,,False
7.601652,2,7390.519783,True,False,True,0.0041966327431056,3.7408915879409674,,False
8.951191,1,7391.965847,True,False,True,0.005352863801068041,1.7346207614840683,,True
8.555447,1,7394.060066,True,False,True,0.005838321534044177,2.4525834835020492,,True
8.658169,2,7397.282178,True,False,True,0.0028596123746904385,1.8776572424042157,,False
7.3238,1,7399.202044,True,False,True,0.00047142211367158515,4.6683953527922055,,False
3.613286,1,7401.015345,True,False,True,0.000650584801930928,11.369405185958097,,False
8.52387,2,7403.661705,True,False,True,0.0005441708822471261,2.4502731081904705,,False
9.315292,3,7408.336131,True,False,True,0.0016646450051686912,0.3713256968676823,,False
9.906388,1,7409.648076,True,False,True,1.6171849970270102e-10,0.0025652955864659617,,False
9.509984,1,7411.743397,True,False,True,0.003012808544247903,0.7231798179817961,,False
6.182902,1,7413.880803,True,False,True,0.0007931247754244079,6.732876550439072,,False
8.068741,1,7415.786552,True,False,True,0.0002564737463992429,3.327241557919207,,False
7.613127,2,7417.834621,True,False,True,0.005834598946072245,4.156883238105752,,False
6.58897,1,7419.777552,True,False,True,6.619869244789296e-10,5.9990664115888634,,False
-18.283392,60,7473.446317,False,False,True,0.002555722827299333,22.223696776780994,,False
7.966877,1,7475.285163,True,False,True,0.0009378597190571446,3.512017630264259,,False
4.155646,1,7477.422555,True,False,True,0.00015864451260668832,10.390625158721267,,True
9.908536,1,7479.443306,True,False,True,2.0767016231659774e-10,0.002572769784594157,,False
6.356396,1,7481.378554,True,False,True,0.003324805306714293,6.42118731219566,,False
5.99456,1,7483.104229,True,False,True,0.00012503313975407992,7.067446011534367,,False
7.831601,1,7484.902958,True,False,True,0.004231933456098105,3.75868162546707,,False
8.401663,1,7486.697964,True,False,True,8.838648216102918e-11,2.725284321264542,,True
8.095182,2,7489.546696,True,False,True,0.0004038903721660242,3.1194657122309377,,False
8.992143,3,7493.758503,True,False,True,0.00044227801150900756,2.2148570214820316,,False
8.085429,1,7495.651829,True,False,True,0.0041481770497691405,3.301540004326649,,False
9.304294,2,7498.945933,True,False,True,0.004538233587664548,0.9439160445086207,,False
9.147768,1,7500.624691,True,False,True,9.892889267388353e-10,1.3754716040757915,,False
8.350481,1,7502.162056,True,False,True,0.0001730919847686141,2.814687981527183,,False
8.994202,1,7504.053762,True,False,True,0.003981467941490777,1.65969804692431,,False
0.034485,1,7505.867154,True,False,True,0.0003506448128330446,17.822577347903355,,False
7.891996,1,7507.857658,True,False,True,0.0061665494923205015,3.6482752113444836,,False
6.517669,1,7509.269059,True,False,True,0.00010155928835092468,6.127608107189075,,True
7.319467,1,7510.864936,True,False,True,0.0007836090725110044,4.680976327790612,,False
7.731658,1,7512.713734,True,False,True,0.008873801598712067,3.940029603858845,,False
9.908582,1,7514.116231,True,False,True,1.1117134643412463e-10,0.002562763268033359,,False
9.546827,4,7521.261212,True,False,True,0.0006296418316811135,0.16864522031387538,,False
7.955521,1,7523.014843,True,False,True,0.0032801585854704725,3.535167906232026,,False
7.959355,1,7525.177361,True,False,True,4.893232084455184e-10,3.524367922015033,,False
9.727215,1,7527.950478,True,False,True,0.000715880870547296,0.3307741841438844,,False
6.682256,1,7530.538107,True,False,True,0.006453373455946865,5.836878393283774,,False
8.232488,1,7532.098701,True,False,True,0.005260171979357339,3.033664514110449,,False
7.480963,1,7534.166482,True,False,True,0.0007509827507556181,4.3881780978132685,,False
8.431521,1,7536.829386,True,False,True,7.671627475021488e-07,2.6716274945200573,,True
6.341815,1,7538.666927,True,False,True,0.0020451055947039746,6.447234882517109,,False
9.112608,1,7540.936892,True,False,True,0.006032409183845792,1.442752962299178,,False
6.012141,1,7542.709052,True,False,True,0.004265795868214892,7.043619232992904,,False
-23.218778,60,7624.475415,False,False,True,0.011043598522965317,13.094576376865867,,False
8.84848,2,7627.7565,True,False,True,0.0003642666095013145,1.680442044488542,,False
3.761293,2,7631.457258,True,False,True,0.005580216782753611,10.390086439764724,,False
6.200277,1,7633.302515,True,False,True,0.004119581689137438,6.704611039664406,,False
5.365465,1,7634.977872,True,False,True,0.00471162101836894,8.21152444085506,,False
6.588346,1,7636.811379,True,False,True,0.006560532381797901,6.0010780666375165,,False
9.906615,1,7638.568246,True,False,True,5.49831291607461e-11,0.002562349956393639,,False
8.247476,1,7640.357408,True,False,True,3.0984587666037034e-12,2.9997659038103754,,False
7.277824,3,7643.675517,True,False,True,0.0029635422053740663,4.879497623046685,,False
9.711896,1,7645.377993,True,False,True,0.0014229661661828974,0.3592469179447911,,False
9.214351,3,7648.84595,True,False,True,0.0026299496504309464,1.2906575121047064,,False
5.946333,1,7650.684358,True,False,True,0.002443534501654583,7.161397364997804,,False
7.972534,1,7652.542239,True,False,True,0.004119902328404125,3.5053652370702295,,False
9.908511,1,7654.060195,True,False,True,5.617710005512144e-09,0.0025763026855568257,,True
8.378598,1,7655.685094,True,False,True,2.884948108333579e-10,2.76535158176847,,True
7.695869,2,7659.429562,True,False,True,0.0059228446203713325,3.8538780987366077,,False
6.335211,1,7661.314289,True,False,True,4.525483870260873e-10,6.456947591346351,,False
8.349206,1,7663.389588,True,False,True,6.912189181427879e-06,2.820333195708729,,False
4.97457,2,7665.398495,True,False,True,0.0008717306473031705,8.132446098998738,,False
9.664426,3,7670.326701,True,False,True,4.689253672862659e-11,0.07230426206980543,,False
9.829156,1,7672.176214,True,False,True,0.000347536372854061,0.14344813811196513,,False
8.351827,2,7677.538662,True,False,True,0.005986918068859888,2.672470245619924,,False
9.230394,1,7679.152668,True,False,True,0.0051627227455304115,1.2343974474662578,,False
8.974251,1,7681.176056,True,False,True,0.008175790349636697,1.700219465307813,,False
7.895481,1,7682.991019,True,False,True,0.0006735706205537218,3.6403033249268706,,False
5.447227,1,7684.697581,True,False,True,0.005666393010889227,8.064779351311572,,True
9.348314,1,7686.994587,True,False,True,1.060552298759454e-09,1.014695971893636,,False
4.640959,1,7689.175524,True,False,True,0.0044004506459030795,9.518375591793289,,False
0.363284,2,7692.945257,True,False,True,0.0023191867488388408,17.10814064886563,,True
7.752551,2,7696.775241,True,False,True,3.85223006271751e-10,3.761256751694776,,False
9.18623,2,7699.976262,True,False,True,0.0001108488924598059,1.15040687646061,,False
-0.985693,7,7708.065965,True,False,True,0.005282909664505441,12.592844447259399,,True
7.242013,1,7709.968041,True,False,True,0.0010795211214695115,4.821148920734126,,True
9.536776,1,7711.796601,True,False,True,8.538741261176578e-10,0.6706474528032611,,False
3.68889,1,7713.502276,True,False,True,0.0016706609670946752,11.233775114321041,,False
8.748552,1,7715.246281,True,False,True,2.3481309652897195e-09,2.0985746442978823,,True
6.667826,1,7717.15853,True,False,True,4.385758966462348e-10,5.856702262634609,,False
6.534597,4,7723.920985,True,False,True,0.002315376320400105,4.596108528725032,,False
7.422132,1,7725.656839,True,False,True,0.0005377821077875063,4.495324384308875,,False
7.634661,1,7727.356123,True,False,True,0.00887499513519643,4.11662985368358,,False
9.649817,1,7728.935057,True,False,True,0.0025604522827935884,0.4737825317290241,,False
2.519571,3,7733.443576,True,False,True,0.004293154653859906,12.785074989186954,,False
9.908578,1,7735.322783,True,False,True,2.699342393079201e-10,0.002570654603916954,,False
8.240467,1,7737.065801,True,False,True,5.336535377729997e-09,3.0167493114605133,,False
7.312352,1,7738.772556,True,False,True,0.005965561312603589,4.699149950167446,,False
8.156413,5,7746.544971,True,False,True,0.004730132526336147,3.6461614107376628,,False
8.911624,1,7748.430405,True,False,True,0.0024954804022537316,1.8074194873246057,,True
5.015191,1,7750.124427,True,False,True,0.0050200103741531036,8.843373461283134,,False
8.298593,1,7751.725513,True,False,True,0.002101995611154617,2.914263468667255,,False
8.268029,1,7753.411832,True,False,True,1.1468317167497716e-06,2.966963622862039,,False
7.365603,1,7755.214016,True,False,True,0.010917776959050718,4.604827716322373,,True
6.749957,5,7760.954258,True,False,True,0.0011710813951253112,4.0604662524496415,,False
8.845218,1,7762.655705,True,False,True,0.005506246978837281,1.9278020460338703,,False
-28.0116,60,7829.368909,False,False,True,0.0050727810468030755,12.572961662522506,,False
6.624365,1,7830.732901,True,False,True,0.006263329365497533,5.940893647655514,,False
0.404153,1,7832.009599,True,False,True,0.0005133813169756187,17.156257729490722,,False
2.863457,1,7833.348557,True,False,True,0.010975207094761725,12.728208919746773,,False
9.908294,1,7834.592611,True,False,True,1.2039374964076693e-10,0.002562682203902902,,False
8.507604,2,7837.563422,True,False,True,0.003537956760742042,2.730950485508114,,False
9.542844,4,7838.953402,True,False,True,1.3331286056680918e-10,0.11056700288892832,,False
-14.958738,60,7905.797478,False,False,True,0.008089899540379464,14.941547301729083,,False
9.908568,1,7907.00044,True,False,True,8.226388180029853e-09,0.0025893151656222026,,False
9.255468,1,7908.42163,True,False,True,0.0018221886957641292,1.1853346258566158,,False
5.650146,2,7909.795558,True,False,True,5.0089661585150935e-11,6.671033404662733,,False
7.948393,1,7911.14309,True,False,True,0.0025348396505099208,3.541860642257067,,False
8.18364,2,7912.548645,True,False,True,0.00019051997550649513,2.968201813548041,,False
7.107026,2,7914.30571,True,False,True,0.0051917473931075014,3.996441372878503,,False
2.860933,2,7915.635278,True,False,True,0.010179702401128688,11.471022678318091,,False
8.495865,2,7916.882221,True,False,True,0.008301775337308123,2.2416918824812933,,False
9.840383,1,7918.627201,True,False,True,0.000553524095799245,0.12662639609075832,,False
9.499455,2,7920.008726,True,False,True,0.0031546198636717335,0.5832065455692738,,False
3.919945,1,7921.284358,True,False,True,0.007832491356517386,10.821298885668122,,False
8.981653,1,7922.616115,True,False,True,7.610719333137755e-05,1.6778202169750516,,False
6.666481,1,7923.920782,True,False,True,1.831067220815427e-05,5.859149397229533,,False
9.012447,2,7925.280939,True,False,True,0.005809625029047813,1.40939166406012,,False
9.079979,1,7926.566774,True,False,True,6.722484082086655e-11,1.5000548185580402,,False
7.549477,1,7927.739318,True,False,True,1.024453831390266e-10,4.264761386310821,,True
8.329664,1,7929.47488,True,False,True,0.000269359824035198,2.853820246034471,,False
9.908484,1,7930.88005,True,False,True,7.533480922417013e-10,0.002563383537084364,,False
1.740046,1,7932.703312,True,False,True,0.005240236760634122,14.750429317701611,,True
4.661064,1,7934.468385,True,False,True,1.3542612517514208e-10,9.478603494918008,,False
8.901717,1,7936.172192,True,False,True,0.005752880122426457,1.8287377015703137,,False
8.248125,1,7937.771788,True,False,True,0.001202251195495595,3.0043582773161606,,False
4.82869,2,7940.629087,True,False,True,0.002450619831560437,8.629679854639493,,False
8.250851,2,7941.948485,True,False,True,0.004191223841567272,2.5623263856774887,,False
3.061006,1,7943.12496,True,False,True,0.002255549811443089,12.366670670067805,,True
8.660151,4,7947.126847,True,False,True,1.1947950912851813e-11,2.1211613803302494,,False
8.177712,1,7949.160928,True,False,True,1.5178747197202012e-09,3.130105995016547,,False
9.784171,1,7950.620002,True,False,True,0.0008576329766625014,0.22865166957463243,,False
6.986628,1,7952.045553,True,False,True,0.004890984831700666,5.286064617223327,,False
5.619996,2,7953.497249,True,False,True,0.0013851623736577683,7.51987313057353,,False
8.053306,1,7954.852834,True,False,True,6.885109067105457e-10,3.3539630983330393,,False
7.095312,1,7956.270046,True,False,True,0.0042172836877456404,5.089220773695342,,False
8.462603,1,7957.842654,True,False,True,0.002025211608428496,2.6179414929420846,,False
8.273187,1,7959.377805,True,False,True,5.359443860930568e-10,2.9541087126547567,,False
6.835283,1,7960.717993,True,False,True,0.005817843566265767,5.560112884005293,,False
-14.434801,60,8013.65517,False,False,True,0.005795300021271184,13.310887248501992,,False
8.698361,1,8015.531436,True,False,True,0.0050803098606165276,2.190961960442147,,False
8.445909,1,8017.358719,True,False,True,0.003793204962981741,2.650159368452422,,False
4.210467,6,8022.583465,True,False,True,0.004933378126965654,8.383552363847148,,False
6.682234,1,8024.551708,True,False,True,0.010967636704552124,5.84034103012644,,False
9.182844,1,8026.379569,True,False,True,0.0057318802427211305,1.3183130902888738,,True
9.905277,1,8028.351285,True,False,True,2.0520532773016242e-09,0.002562491195294861,,False
3.435288,6,8032.721249,True,False,True,1.7281477503975446e-05,10.247508811918804,,False
9.798301,1,8033.920676,True,False,True,0.0007273722387465108,0.20293086852616432,,False
5.856098,2,8037.073863,True,False,True,0.0010956600029969933,7.186280936550733,,False
9.738078,1,8038.801451,True,False,True,0.001233333924724094,0.31197693994033965,,False
9.90798,1,8040.557292,True,False,True,3.0370293084842366e-11,0.0025632713537328735,,True
9.414557,1,8041.968224,True,False,True,0.004221303185214677,0.9010054231827059,,True
6.687962,1,8043.782724,True,False,True,3.626838690484746e-10,5.819909872680389,,False
9.908076,1,8045.081567,True,False,True,5.460741291988799e-10,0.002568411674832547,,False
9.881643,1,8046.737718,True,False,True,2.9353095530249267e-05,0.04209046460885506,,False
9.036585,2,8048.644487,True,False,True,0.000344501761157481,1.4224953500389272,,False
4.84828,1,8050.427691,True,False,True,0.0005169321772160486,9.141229248020528,,True
1.685461,1,8052.219742,True,False,True,0.006309195670403413,14.849418599272392,,False
7.720616,1,8053.884036,True,False,True,0.005156117921799212,3.9613143832973803,,False
6.276358,2,8055.735205,True,False,True,0.00010613812329545759,6.286361066804145,,False
9.908294,1,8057.491612,True,False,True,9.659987883187816e-11,0.0025626863282802235,,False
9.531991,6,8067.867121,True,False,True,0.004827878924856696,0.8860502571802226,,False
9.893122,1,8069.824919,True,False,True,0.0001045763274047873,0.027657492214609957,,False
9.908563,1,8071.274206,True,False,True,8.158465136104409e-11,0.0025970312383831176,,False
9.813991,2,8072.637713,True,False,True,1.3442294499732554e-10,0.00257593639853336,,True
5.144313,4,8074.05868,True,False,True,0.004816279739862692,8.79296923455871,,False
7.800586,2,8075.354813,True,False,True,0.004216821418314723,3.593973477442704,,False
7.562211,1,8076.48906,True,False,True,6.894441454037813e-10,4.241765523856925,,True
8.718041,2,8077.854456,True,False,True,1.7628703962088703e-11,3.0000359743702387,,False
7.642881,1,8079.617436,True,False,True,0.0005369694508111592,4.0966890523520965,,False
9.818587,2,8081.36098,True,False,True,1.3577197040259836e-09,0.0025648663415674677,,False
9.753096,2,8084.38621,True,False,True,0.011117260327540816,0.14900581145366626,,False
9.90576,1,8085.72872,True,False,True,3.427000627720389e-10,0.002562366740477311,,True
9.818578,2,8088.276804,True,False,True,1.8723575337734055e-10,0.002581223764371,,True
7.661027,6,8097.091192,True,False,True,0.0007091182919766885,3.158461986298929,,False
8.207017,1,8098.932662,True,False,True,0.0005523772555939416,3.077605415192532,,False
8.757469,1,8100.786414,True,False,True,0.005493214939333899,2.0837958851061082,,False
9.424105,1,8102.484493,True,False,True,0.0047835003080680715,0.8844625326573236,,False
3.402019,3,8106.35026,True,False,True,0.0030088933226142707,11.349769861988138,,False
7.01414,1,8108.741666,True,False,True,0.004915388600558769,5.236427029894935,,True
8.276808,1,8111.141083,True,False,True,0.0003317085539419508,2.95134560557876,,False
7.627462,1,8113.271866,True,False,True,0.0012018546914028684,4.124588585722995,,False
8.116794,3,8116.880176,True,False,True,3.494154758421075e-05,3.094127656385724,,False
2.587786,2,8119.919607,True,False,True,0.003537488895247968,12.758647063432015,,False
7.767808,1,8121.861696,True,False,True,0.006099619222179994,3.876668554706767,,False
5.748832,1,8123.638292,True,False,True,0.004104774526885711,7.519277874773361,,False
7.851204,2,8126.696327,True,False,True,0.003069197892947888,3.284836301072895,,False
7.570922,1,8128.608158,True,False,True,0.007196521746177825,4.232652375292663,,False
8.318078,2,8132.432412,True,False,True,0.0012379635446953634,2.727594639722288,,True
4.839339,1,8134.340377,True,False,True,0.007717288151409069,9.162807521692155,,False
4.469402,1,8136.128009,True,False,True,0.002483565522055746,9.826397336740575,,False
7.568083,1,8137.666179,True,False,True,2.103700011999007e-09,4.231160390452713,,False
9.769834,2,8139.411863,True,False,True,1.8646227964436157e-10,0.05616666927278986,,True
7.881463,1,8141.328203,True,False,True,5.2193032534786354e-09,3.6648309926583207,,False
-21.273501,60,8177.944392,False,False,True,0.01632404369412251,65.41322548960213,,False
9.048358,2,8181.289243,True,False,True,0.0020560232842712907,1.8895051557362355,,False
3.732678,2,8183.782327,True,False,True,0.0023149699054785533,11.028802837466657,,True
7.419136,1,8185.427856,True,False,True,2.5576427850615424e-09,4.5001393820477915,,False
7.84866,1,8187.278189,True,False,True,0.005923239705796052,3.7275404639160823,,False
4.829169,1,8188.999117,True,False,True,2.464007444931155e-07,9.175276197429042,,False
2.20745,4,8195.890452,True,False,True,0.0019964356733915885,13.48516054209759,,False
8.483111,1,8197.576527,True,False,True,0.004676696279482698,2.5839822830735213,,False
9.236216,1,8199.341414,True,False,True,0.006389627501647795,1.225809151690744,,False
2.766483,1,8200.853709,True,False,True,7.836842286224055e-12,12.896329512457141,,False
9.818588,2,8204.112976,True,False,True,6.022123775631749e-10,0.002563015261551796,,True
2.031853,1,8205.943815,True,False,True,0.00017283528423355952,14.221294207204416,,False
4.651637,1,8207.613513,True,False,True,1.3734523553188271e-09,9.495614358755466,,False
4.806887,1,8209.603344,True,False,True,0.005529949775139639,9.21835170919391,,False
2.629745,1,8211.462345,True,False,True,0.0030190726096796586,13.144910149257717,,False
9.267526,2,8213.261717,True,False,True,0.002527647482900496,0.4676493410602171,,False
7.061882,2,8215.564052,True,False,True,2.6944760327791712e-05,4.323222036809736,,True
9.111277,1,8217.592469,True,False,True,0.006256349519794907,1.4508194578833267,,False
9.640978,1,8219.76574,True,False,True,0.001975271224941885,0.4884233669565634,,False
8.295339,1,8222.412074,True,False,True,0.0008294011751016281,2.9186323445985765,,False
9.538786,1,8224.341221,True,False,True,5.246329062588002e-10,0.6703669896176631,,False
7.314283,1,8226.393339,True,False,True,0.008364977873654077,4.69794899116333,,False
4.437938,1,8228.297274,True,False,True,0.004770330541411195,9.884886481754199,,False
6.119446,2,8231.844499,True,False,True,1.5345744854846516e-09,6.707523341990189,,True
7.621548,5,8240.595579,True,False,True,0.004748387240890575,2.4205299011255255,,False
9.000351,1,8242.692483,True,False,True,0.005799717415336678,1.6455002373672052,,False
8.208116,1,8244.484932,True,False,True,0.0008568283806919024,3.0762124745959354,,False
8.853077,1,8246.341076,True,False,True,0.0006154546196258294,1.905635113087738,,False
-20.806892,60,8310.050787,False,False,True,0.02638824264891665,33.326400748364485,,False
8.622652,1,8311.835271,True,False,True,0.00045499229566161453,2.326912250528637,,False
1.699412,2,8315.260995,True,False,True,0.0032467744221058737,14.703692947305358,,False
5.857557,8,8328.465827,True,False,True,0.00242723881407095,5.288352253893072,,False
9.908574,1,8330.294962,True,False,True,8.360712608346255e-10,0.002576745301309933,,False
6.29487,1,8332.09863,True,False,True,0.006233192021520541,6.53222353240107,,False
6.157637,1,8334.240079,True,False,True,0.0022580879957538884,6.779290640699948,,False
-3.564993,21,8370.492027,True,False,True,0.01028048228013833,12.371810873432915,,False
5.898711,1,8372.664893,True,False,True,1.2918148509719063e-05,7.245096664811438,,False
9.801008,1,8374.460284,True,False,True,2.8595614590418886e-10,0.19700582520381957,,False
7.565975,1,8376.26637,True,False,True,0.004242594686722976,4.239559635856566,,False
7.424857,6,8385.310117,True,False,True,0.0004938078079117442,4.437436933480219,,False
4.125404,1,8387.05411,True,False,True,0.007692705262151298,10.450662596211005,,True
8.258058,1,8388.70314,True,False,True,9.120439199307337e-05,2.983423848799962,,False
9.229879,1,8390.416457,True,False,True,0.00543448072390279,1.2306610020853124,,True
8.115159,1,8392.197185,True,False,True,0.005894089952889786,3.24916279293612,,False
7.561308,1,8394.069484,True,False,True,1.0958864535343594e-10,4.242338481188674,,False
6.420656,1,8395.992568,True,False,True,0.0034314099952368225,6.305694188346262,,False
9.07889,1,8397.327874,True,False,True,1.1942921687491178e-09,1.500198291665332,,False
7.323946,1,8399.203041,True,False,True,0.005610939222533251,4.67223203968823,,False
7.738431,2,8402.798516,True,False,True,0.0007352729103667494,4.0836607166254355,,False
7.007167,1,8404.584407,True,False,True,2.384825954534401e-10,5.243352411734671,,True
2.311849,6,8411.296501,True,False,True,0.0037613438979054014,12.105398035535307,,False
2.732072,1,8413.145302,True,False,True,0.004667343713413865,12.961417623837761,,False
6.311255,4,8419.436819,True,False,True,0.005648978348687871,6.8426482383897556,,True
5.24715,9,8427.725173,True,False,True,4.8750561062939346e-05,6.618607369512824,,False
7.933664,1,8429.431012,True,False,True,0.001558645733447708,3.572713220922843,,False
8.250271,1,8431.401604,True,False,True,2.6898941754560646e-10,2.9983053694825035,,False
8.267119,1,8432.794989,True,False,True,0.00018338456723204777,2.968440156673963,,False
7.494715,1,8434.560994,True,False,True,0.004193327823110394,4.367643417523905,,False
9.818582,2,8436.349861,True,False,True,4.873733361332455e-12,0.0025747191705469117,,False
8.322031,1,8437.638804,True,False,True,2.0187858962274208e-05,2.86943921922277,,False
5.31392,1,8439.24381,True,False,True,0.0006364130615295227,8.300748380161318,,False
7.648259,1,8441.480155,True,False,True,0.0006225538060618957,4.086385013615117,,False
8.083632,1,8443.70701,True,False,True,0.010960409895926893,3.3092042460118667,,False
7.03591,2,8447.930736,True,False,True,9.826438470636467e-05,4.000777419975029,,False
9.871449,3,8451.887993,True,False,True,8.021648499732664e-11,0.002562347253861416,,False
9.098446,1,8453.947488,True,False,True,4.847558986165179e-13,1.4666862030364796,,False
7.589741,1,8455.905901,True,False,True,1.4436157547148554e-09,4.191520016474889,,False
6.642959,5,8463.70266,True,False,True,0.00023677129191990466,4.8488931924085135,,False
9.905505,1,8465.574795,True,False,True,1.3277649364035701e-09,0.0025649238909816784,,False
-16.480089,60,8561.03059,False,False,True,0.009275329311792249,34.57180767008058,,False
7.894573,3,8564.319308,True,False,True,0.00541653393306156,3.359009036064258,,False
8.319989,1,8566.216176,True,False,True,0.0001277281285058736,2.873257678380054,,False
9.348273,2,8569.60503,True,False,True,0.006912838805622561,0.8935837535116758,,False
7.423475,2,8572.93672,True,False,True,2.6114582718506085e-11,4.619111041765789,,False
8.224544,1,8574.873714,True,False,True,0.0005519893217168388,3.043352841498673,,False
9.874314,1,8576.621104,True,False,True,0.004544736530466768,0.07076134611475218,,True
9.907597,1,8578.082845,True,False,True,1.1055353647524934e-10,0.002562884432795066,,False
7.589216,1,8579.463205,True,False,True,0.0027108492168858465,4.195982853339374,,False
9.541527,1,8580.81619,True,False,True,0.0023347573683155398,0.668630293083065,,False
8.251576,1,8582.136317,True,False,True,3.05878115280108e-10,2.9966821019537333,,True
-18.523073,60,8615.720659,False,False,True,0.022626951867204065,20.297577746162606,,False
9.533028,1,8617.494188,True,False,True,0.0034143558586837326,0.685933400771216,,True
9.828099,1,8618.905079,True,False,True,9.13295773950982e-11,0.14802474732512427,,False
9.426482,1,8620.187394,True,False,True,0.004285779422787322,0.8785580907819406,,False
8.977573,4,8622.881321,True,False,True,0.00544324287280079,1.2374869460987123,,False
9.905877,1,8624.161279,True,False,True,2.0840495297239562e-10,0.002568792087974975,,False
8.320659,1,8625.415447,True,False,True,1.1087125117954855e-09,2.8717605050396435,,False
7.855987,3,8626.709356,True,False,True,0.004249125358034473,2.6175146245585243,,False
7.850866,1,8628.556333,True,False,True,0.0062769042287634386,3.727219051861818,,False
1.075441,6,8631.440304,True,False,True,0.0037164430921667545,11.409660166457,,False
9.070583,3,8634.244779,True,False,True,4.0781003574075214e-11,0.8444324482476286,,False
9.005529,1,8635.95466,True,False,True,0.005730865388494724,1.636982935632598,,False
9.908496,1,8637.683701,True,False,True,1.9353812050853356e-09,0.0025680581707163267,,False
8.250576,1,8639.415337,True,False,True,1.4988030764412352e-09,2.998488138307642,,False
7.63952,1,8641.186159,True,False,True,0.0009780120403261178,4.102971096697304,,False
3.698112,4,8648.33344,True,False,True,0.006878354080468121,11.339692854784344,,False
-0.145209,6,8656.115046,True,False,True,0.0013986048076752664,15.528395192364332,,False
8.056185,1,8657.707801,True,False,True,0.002652589726926382,3.3490125207409878,,False
-12.289961,60,8726.962804,False,False,True,0.024319137589358865,9.363504378879187,,False
7.508511,1,8728.612632,True,False,True,0.004394353364555777,4.342771066636545,,True
6.811135,1,8729.946411,True,False,True,0.005962102722055522,5.601523574520864,,False
6.964052,1,8731.615716,True,False,True,1.6644792488751392e-10,5.319991353637677,,False
8.212162,1,8732.98918,True,False,True,0.00798213890611185,3.0764035432179453,,False
8.22949,1,8734.721586,True,False,True,0.00039987597194494277,3.0370604888175654,,False
3.419396,1,8735.950106,True,False,True,0.003764214912618493,11.721320177984861,,False
6.663291,1,8737.642828,True,False,True,0.00836332177274695,5.872793586893856,,False
8.689887,1,8739.299119,True,False,True,1.5866499086802932e-09,2.2012712526388185,,False
-6.604124,11,8748.558918,True,False,True,0.004903052177676537,16.658764671536545,,False
4.252573,2,8750.141313,True,False,True,0.004736458355384042,9.758871381102104,,False
9.723579,1,8751.351574,True,False,True,0.0017862431577682744,0.33944294090768573,,True
4.818687,4,8752.742125,True,False,True,1.177969527477174e-11,9.060955886862736,,False
9.908578,1,8754.4412,True,False,True,3.965876042067213e-10,0.0025710054828805102,,False
6.97006,1,8755.753663,True,False,True,2.043348545921475e-10,5.310668368286214,,False
3.521205,1,8757.373183,True,False,True,1.1793045706642857e-10,11.535028313947873,,False
6.652222,3,8762.373353,True,False,True,0.00610405449165618,2.9101730093078664,,False
6.455078,1,8764.262948,True,False,True,0.0040663863991111885,6.244703228527554,,False
8.249725,1,8766.474649,True,False,True,1.2801252544970831e-09,3.000026490390985,,True
6.578716,1,8768.235131,True,False,True,1.6254725562379644e-11,6.017578231375298,,False
1.395202,6,8777.964071,True,False,True,0.00013401798818494712,12.604875858189626,,False
-15.493088,60,8861.239664,False,False,True,0.003009793942093382,23.31833518113466,,False
8.51034,1,8862.902081,True,False,True,0.004977762215348531,2.5351486502373306,,False
7.955168,1,8864.635186,True,False,True,0.005376565270413636,3.5353077965267707,,False
7.629544,1,8866.186005,True,False,True,0.006256383060755151,4.126610982948664,,False
9.908324,1,8867.837695,True,False,True,2.7732931508259575e-10,0.0025623461159522583,,False
9.740982,1,8869.564538,True,False,True,0.0007785486765662548,0.30659862216166783,,True
6.904577,3,8873.09017,True,False,True,0.005088029485114429,4.13347268727924,,False
10.001199,2,8874.784859,True,False,True,1.8143274452264713e-09,0.0025676783585572745,,False
-6.713683,11,8892.510287,True,False,True,0.006343423148552923,15.518964676492008,,False
2.245634,11,8904.646837,True,False,True,0.002354520983829568,12.415541309506821,,False
5.922227,1,8906.235649,True,False,True,0.003217560971225237,7.20559721124095,,False
6.608336,1,8907.909721,True,False,True,6.2668075008158806e-12,5.963593581990041,,False
5.008976,1,8909.656309,True,False,True,2.7319778106438264e-09,8.849013468060024,,False
9.448353,2,8912.828419,True,False,True,0.006425411251397371,0.8286452229542928,,False
9.853987,1,8914.333573,True,False,True,0.0005080314328499536,0.10154947314905488,,False
8.59789,2,8916.162778,True,False,True,2.81989986916642e-11,1.549819684815375,,False
8.246236,1,8917.56279,True,False,True,1.4171804701978985e-09,2.999845108616291,,False
7.202041,3,8918.992357,True,False,True,0.004203907583417857,4.581076321383141,,False
