#{"t_start": 1785432288.3210819, "env_id": "None"}
r,l,t,success,full_task_success,freeze_attempted,d_m,alpha_deg,flag,true_is_iugr
8.101537,3,4.278801,True,False,True,0.006161617862007762,2.876438911031132,,False
5.29533,3,5.544204,True,False,True,0.005089114353985023,6.804036010993014,,False
9.06778,1,6.718998,True,False,True,0.0060762424452414565,1.5267833346522017,,False
7.611945,19,11.892517,True,False,True,0.001642516076486352,2.1942690390919006,,False
8.555943,1,13.482107,True,False,True,2.6909886978579033e-09,2.446309313115119,,False
7.337852,2,16.037558,True,False,True,0.00041323725121097943,3.2118261130173478,,False
-10.525629,60,25.842532,False,False,True,0.03396381144553911,11.111576915260695,,False
7.793274,3,28.386897,True,False,True,0.00693254596925836,2.246621070750417,,False
2.702276,9,33.330179,True,False,True,0.006018667827803541,9.436459552200697,,False
2.070542,7,34.658172,True,False,True,0.0030035196289814534,13.632302060655425,,False
8.705534,8,36.08338,True,False,True,0.004266696971478527,0.8608101537210866,,True
5.107799,5,37.284834,True,False,True,0.0021292413454086167,6.302166316578708,,False
9.830157,8,39.789129,True,False,True,0.0015267304458468438,0.5001632660921812,,True
7.650054,8,42.48479,True,False,True,0.0005928564753171772,2.14158152185683,,False
6.170806,14,47.08095,True,False,True,0.003725751307208418,4.077013254714956,,False
8.846292,4,49.556642,True,False,True,0.008419960688201847,1.7279944299213066,,False
6.954002,10,52.911142,True,False,True,0.0028520864521636158,3.297071799876391,,False
6.887342,3,55.234078,True,False,True,0.0026293137535109696,4.963709185138761,,False
3.27787,23,64.74842,True,False,True,0.008840767795752276,5.855756552414867,,False
-0.718427,26,72.648705,True,False,True,0.003182539585068784,14.2356095737385,,False
4.914248,18,74.556462,True,False,True,0.005089881328081351,5.445678173340043,,True
7.084329,4,76.023533,True,False,True,0.00142518478665056,4.664385600962969,,False
1.618552,34,83.427449,True,False,True,0.004009718782817015,8.28395305106718,,False
9.352447,2,86.286522,True,False,True,0.002382955427952837,0.8549586461827992,,False
4.004999,15,90.380371,True,False,True,0.00013663267943778146,6.2604957862350625,,False
6.453568,6,93.361322,True,False,True,0.006655355032516211,4.813446106236381,,False
-1.971465,19,97.435589,True,False,True,0.0062777622585376575,13.917790418457013,,False
4.162783,22,102.786515,True,False,True,0.006364651223358322,7.342080194845837,,False
5.859827,24,109.338117,True,False,True,0.009127646155308424,3.204138095901987,,False
5.203379,6,111.948707,True,False,True,0.000557911452826123,6.840806469850563,,False
3.86741,7,115.77186,True,False,True,2.957703526540456e-11,10.068434201764182,,False
6.534062,2,118.118984,True,False,True,0.0004744427573374916,5.939386787719985,,False
6.485229,3,120.524055,True,False,True,0.004551030845135155,3.9210084498574527,,False
-1.010716,28,127.410182,True,False,True,0.00791920262089954,14.038669699548601,,False
0.408398,29,134.346358,True,False,True,0.0059318569601156945,9.585998005504562,,False
-24.398041,60,149.102917,False,False,True,0.015072112146248342,20.11627556454177,,False
9.908416,1,150.422435,True,False,True,1.8796117301489446e-09,0.002571057933399047,,False
4.651754,9,153.632793,True,False,True,0.008886863739402317,8.071542739012248,,False
7.093988,7,158.187955,True,False,True,0.0002329134065365149,2.9901678097823727,,False
7.739907,5,159.427865,True,False,True,0.005368063973872763,3.1314347665652518,,True
2.750196,3,161.779169,True,False,True,0.0016052171339123863,11.924427378813252,,False
1.426285,30,167.526425,True,False,True,0.00935152640535783,10.02002098083142,,True
5.723935,11,170.142714,True,False,True,0.000774187347091216,4.6775401225002895,,False
4.132771,8,173.313762,True,False,True,0.006269550068836186,7.894865247359395,,True
1.206556,44,184.92278,True,False,True,0.0012819496855217395,8.270355846932995,,True
1.996218,6,187.31883,True,False,True,5.6585945842728413e-05,11.596192903228525,,False
6.602929,5,189.651289,True,False,True,2.1079736155400763e-09,5.406262849740654,,False
8.209208,2,192.087194,True,False,True,0.004678721391715613,2.572225403543782,,False
6.628317,8,195.889471,True,False,True,0.0001775846055470853,3.933634627618241,,False
4.637248,2,197.13295,True,False,True,0.0013052305534695238,9.393450348560284,,True
8.392641,2,198.359098,True,False,True,0.0019369050640752456,2.5918324009590186,,False
1.117856,3,199.604668,True,False,True,0.006312398134927351,14.377093471754566,,False
5.735493,9,201.158156,True,False,True,0.009865932288650455,3.8344011182140982,,False
7.07333,3,203.071181,True,False,True,0.004423690507109888,4.609738197666258,,False
-12.588334,60,229.129166,False,False,True,0.024061428629913915,5.4206408714957774,,False
7.359834,11,231.094368,True,False,True,0.01122963894093468,2.159483438856469,,False
6.527972,12,236.60591,True,False,True,0.0005922993959135126,3.156146163899984,,True
8.499761,1,237.898885,True,False,True,0.004965697745786965,2.5542397125244425,,True
7.258593,1,239.149956,True,False,True,0.0028946659578533043,4.793118513523678,,False
0.634833,22,248.252961,True,False,True,0.0019020119241978765,13.62557577932759,,False
8.535882,4,249.594903,True,False,True,0.002375442816639922,1.9878001239014411,,False
8.587659,2,250.884268,True,False,True,0.006110719991194907,2.1228318260069368,,True
1.557892,10,255.677175,True,False,True,0.006098670656229974,10.175452948585392,,False
2.446721,17,260.063801,True,False,True,0.001869786511140609,10.945022583121187,,False
5.535135,4,262.866217,True,False,True,0.003457204517259398,7.842003054257872,,False
6.895471,3,266.572917,True,False,True,0.0005692387180973126,4.5610458947661545,,False
6.819515,1,267.805648,True,False,True,0.006578214385541762,5.588804640139617,,False
4.911062,5,270.54949,True,False,True,0.005208411358318676,8.534698918062553,,True
-12.9555,60,295.886547,False,False,True,0.017912448840480395,29.720641906903634,,True
-14.486205,60,316.424968,False,False,True,0.016744985259361217,11.071926963174658,,False
-16.326243,60,333.264749,False,False,True,0.024012684102403536,18.715335451373544,,False
8.874248,2,334.447344,True,False,True,0.004115753612426758,0.8370117592253874,,True
-23.525582,60,354.44457,False,False,True,0.019787245975058407,20.58371760389226,,False
7.269228,16,363.378523,True,False,True,0.0047709470128488056,1.41894770479549,,False
8.555202,1,364.638351,True,False,True,7.273812137763182e-11,2.447348102881642,,False
0.126528,20,371.295238,True,False,True,0.008512985793788765,7.432821418015356,,False
3.698752,9,376.625935,True,False,True,7.658812820054983e-12,10.09248764636017,,False
0.810835,5,379.242717,True,False,True,0.004806712598919576,13.357840906798465,,False
9.450654,1,380.45159,True,False,True,0.0041808295085641505,0.835491727079922,,False
8.250039,1,381.698771,True,False,True,2.098605523115261e-11,2.997430131578371,,False
5.942778,8,386.691797,True,False,True,0.0002177862732154615,5.7694998820004075,,False
4.076356,16,392.355809,True,False,True,0.0034532690908286034,6.28983219865372,,False
8.245789,12,400.15155,True,False,True,0.007853842192202865,1.627572976006247,,False
2.301353,1,401.914371,True,False,True,0.004715194906501376,13.73810267081925,,False
7.088233,5,406.684409,True,False,True,0.002768885404711613,3.3895438308913906,,True
0.495793,43,421.61098,True,False,True,0.00487300675223473,4.776095923302438,,False
-10.22735,56,445.161537,True,False,True,0.011656996435500494,11.794103849931133,,False
7.712932,4,448.417504,True,False,True,0.011466422167814072,2.521991390111339,,False
6.349871,5,453.11888,True,False,True,0.0037691429682503693,5.165353061706019,,False
8.704458,7,454.801424,True,False,True,0.0025803900288985113,0.6250008272832375,,False
-1.937761,11,461.157584,True,False,True,0.00013877616418803444,17.660220780187935,,True
3.19879,11,474.545543,True,False,True,0.005974327471056672,10.118459311358858,,True
2.676154,5,477.341916,True,False,True,0.002866557879255518,9.302527804568378,,False
-7.43377,42,500.516463,True,False,True,0.009520380390547981,14.749148313358694,,False
3.136531,10,502.276409,True,False,True,0.0070785378668063404,8.799713071209524,,False
7.845454,1,503.589757,True,False,True,0.004193479814951689,3.7349060334458466,,True
6.744486,19,508.138727,True,False,True,0.004902749546850388,2.3586773141061133,,False
6.827186,6,510.174646,True,False,True,0.0052266652434930835,5.558763124735562,,False
-9.072702,37,530.39751,True,False,True,0.011826396610405226,11.249145611820449,,False
7.62234,4,533.128852,True,False,True,0.004109956008984748,3.3359855268049814,,False
-0.730926,19,547.422922,True,False,True,0.004911091369394087,11.379516337327871,,False
8.696743,2,550.213829,True,False,True,0.0008121367903322213,2.06374812227984,,False
-7.777491,40,569.33363,True,False,True,0.0066428573716412614,16.022386056595494,,True
7.609742,7,574.102258,True,False,True,0.002885216586494629,3.2925804011667608,,True
6.011995,5,576.92939,True,False,True,0.003461255905671573,5.82277286997703,,False
1.54516,13,584.345517,True,False,True,0.005171859937797424,12.31351537910308,,False
7.902091,4,587.516233,True,False,True,0.000583675398372617,3.0936919195843275,,False
7.389916,7,590.525651,True,False,True,0.0013444931200727317,3.4557058667109053,,False
1.805567,7,594.764077,True,False,True,0.004420540259128025,12.19403218185537,,False
6.79497,3,597.514036,True,False,True,0.011190813044894684,4.407589171166406,,False
3.966574,3,601.812106,True,False,True,0.0002623608737815624,10.972604169694801,,False
-16.288149,60,626.867863,False,False,True,0.024247474790635493,27.00086833661106,,True
4.520607,4,629.94817,True,False,True,0.003264792249763948,9.32979025027373,,True
8.895896,5,631.863351,True,False,True,7.289560874571047e-05,0.8493496945283282,,False
2.902054,3,634.735771,True,False,True,0.0006013073277502412,12.284501133564746,,False
6.189096,5,639.171571,True,False,True,0.00010539154167595624,6.491834941844493,,False
1.839202,17,649.128853,True,False,True,0.0011779917806636342,9.657108519637548,,False
6.408773,6,652.227483,True,False,True,0.003254626017263479,4.703374787593353,,False
9.905503,1,653.63963,True,False,True,3.1932581578963948e-12,0.002577184022716163,,False
7.193242,6,656.894141,True,False,True,0.0006431685510582701,2.9418772589851083,,False
2.852805,18,663.173041,True,False,True,0.0022247944159865625,7.750993878131628,,False
8.367328,5,668.926907,True,False,True,1.402467312954734e-10,2.1696520197630624,,False
3.827723,3,670.329432,True,False,True,0.009689060634336555,9.835074542465295,,False
4.682126,6,673.474397,True,False,True,0.0005864712474817312,9.147794035658235,,True
1.544379,6,674.898862,True,False,True,0.0017456306225484787,12.110880347835678,,True
8.366535,11,678.326057,True,False,True,3.9925233309184975e-05,1.4928473363516193,,True
7.929957,4,679.753688,True,False,True,0.0021136635426215414,3.044545191320858,,False
9.715513,2,681.212334,True,False,True,0.0002111589499322605,0.0897684458949895,,False
4.518734,11,685.277073,True,False,True,0.008275845678595238,7.227168134651937,,False
4.075703,1,686.65288,True,False,True,0.00019976442583931678,10.534882571033693,,False
3.39616,8,690.279729,True,False,True,0.008950677220290956,10.7711520611218,,True
7.459642,2,692.995947,True,False,True,0.008156195241079578,4.1994351094782205,,False
4.213314,2,694.452275,True,False,True,1.5028761429780602e-09,9.573789627273836,,False
6.040082,2,695.802605,True,False,True,0.0006908273021936848,5.888005657324532,,True
7.068196,5,697.258046,True,False,True,0.00020121909946552518,4.188648386558078,,False
7.00938,9,702.129971,True,False,True,0.007698217946138192,4.269581784803272,,False
6.690741,13,707.110022,True,False,True,0.006067414297397373,2.4056628522425565,,False
6.707717,3,710.035258,True,False,True,0.003781084575415041,5.619898629035391,,False
-0.020317,5,712.865027,True,False,True,0.008909177160501432,17.46988318035711,,False
2.003995,6,715.763545,True,False,True,0.002793565167795385,13.39761595580169,,False
8.479902,2,717.073739,True,False,True,0.0005535241579545224,2.8852587835971137,,False
4.453744,7,718.619632,True,False,True,0.002578204729795407,5.998570870572234,,False
6.995786,6,721.509754,True,False,True,0.00024163257989417593,4.105913562755493,,False
-7.11262,57,754.884412,True,False,True,0.0072334711573813345,7.4646644892487215,,True
3.713008,2,756.763566,True,False,True,0.0044462556934490105,10.840029459894785,,False
9.051125,5,759.934021,True,False,True,0.004297559451327435,0.8789529009625799,,False
8.333965,7,766.977334,True,False,True,0.0027161426473060607,1.8296411887106743,,False
7.745605,1,768.282023,True,False,True,0.00445932382663816,3.9154704277845576,,True
8.987302,1,769.83074,True,False,True,0.006279571766886302,1.674942382714522,,False
6.586761,10,779.710546,True,False,True,0.0028572080579769314,3.5223022467638767,,False
1.33088,4,781.472814,True,False,True,0.00027564907688104514,14.869497480592111,,False
4.789783,7,784.832187,True,False,True,0.0002190824447814016,7.379996134404849,,False
0.434581,3,788.234164,True,False,True,0.001498005481106509,15.838219244553594,,False
8.638961,1,789.944116,True,False,True,0.0005500911915874429,2.2944622528656544,,True
7.877112,15,796.675177,True,False,True,0.009284513859558443,2.341071665583446,,False
7.430343,3,799.827737,True,False,True,0.0020606014665395544,3.7600586606493,,False
-22.236752,60,813.561789,False,False,True,0.03277368186692313,12.66350868568763,,True
3.341575,4,817.844275,True,False,True,0.0006787095558729878,9.823099922545852,,False
7.462799,1,819.248381,True,False,True,9.00070976084244e-10,4.418417094770005,,False
0.43763,1,820.594941,True,False,True,0.0022272005552382117,17.096795949157965,,False
-0.00664,4,823.182156,True,False,True,0.004389150509847533,17.45939626911224,,False
3.013421,4,826.205488,True,False,True,0.006309038132727054,10.478984031558582,,False
6.426139,6,833.840824,True,False,True,0.0042618076193737375,3.704946127404914,,False
7.585765,2,835.473262,True,False,True,0.0019269853253812447,3.0416047028653055,,False
5.7011,1,836.817853,True,False,True,0.003402823718212891,7.604074852328127,,False
5.400626,5,838.718217,True,False,True,0.0030279984137748465,6.633022409648378,,False
1.039968,1,839.929541,True,False,True,0.0072699985170490405,16.01353376596198,,False
4.960895,12,851.254045,True,False,True,0.010134267364110649,6.6485749169072825,,False
7.560224,1,852.461254,True,False,True,0.005570814841340633,4.251231356507743,,False
-27.1041,60,891.373044,False,False,True,0.004437830841268522,42.47746358343107,,False
2.661054,7,895.615709,True,False,True,0.0005042201811777114,12.31756889985049,,False
9.908411,1,896.988853,True,False,True,4.9695374204628e-10,0.0025627214563283844,,False
2.382605,15,904.444247,True,False,True,0.004379757652920541,10.96641284640047,,False
4.706654,9,907.34615,True,False,True,0.00034110665391875816,6.149750016537602,,False
8.28809,2,908.797718,True,False,True,0.004734740811367729,2.2372633643294333,,False
5.153838,6,910.361394,True,False,True,5.618921452122967e-05,6.6409139695709785,,False
1.163296,13,915.965178,True,False,True,0.006281015496662755,13.427293303310153,,False
1.852138,4,917.382802,True,False,True,0.00484345062441107,14.31121146325873,,False
5.824033,4,918.799763,True,False,True,0.0046838667387211815,7.119068998363409,,False
6.252302,1,920.168402,True,False,True,0.004225223710744949,6.610816050457746,,False
0.813152,4,924.127008,True,False,True,0.002681028647596324,15.748055576693986,,False
5.820364,7,925.708478,True,False,True,0.0037126238321333604,5.121666712868957,,False
7.829007,5,928.484971,True,False,True,0.0003391791511033696,3.526026125230345,,False
7.574635,9,934.135988,True,False,True,0.005394377508769782,2.7054165940593156,,True
5.666471,12,941.168949,True,False,True,0.0026322562089031642,5.64967637851823,,False
7.208722,5,942.671822,True,False,True,0.004497525773106234,3.8127644524830555,,False
0.886335,9,945.766208,True,False,True,0.004758603906083321,14.76148434276994,,False
7.523643,2,947.35362,True,False,True,0.0005824847359222006,4.16574334788828,,False
4.575215,2,948.719747,True,False,True,0.004797771966138506,9.50937710249425,,False
9.665078,2,950.53567,True,False,True,0.006045360808902693,0.5432610415929682,,False
8.379332,2,953.148545,True,False,True,3.1085423776561144e-10,2.995519099158285,,False
1.174082,14,960.056524,True,False,True,0.001091153218562818,9.626070549934937,,False
7.542064,2,963.003213,True,False,True,0.0010586065081396989,2.9864343578384887,,False
8.344732,2,964.337833,True,False,True,0.0071724358543443,2.807180413124545,,True
6.745389,1,965.98695,True,False,True,0.00014642114234142238,5.716821333617302,,False
-34.892864,60,1011.496303,False,False,True,0.02512396351336697,42.548901764190624,,False
9.722369,3,1012.728652,True,False,True,2.5618638462446042e-09,0.00256275885934834,,False
1.087094,2,1014.03677,True,False,True,0.00040334481391301243,15.589969385912996,,False
3.166005,16,1017.299817,True,False,True,6.753486381239071e-10,8.262262203389517,,False
-1.802805,20,1022.819595,True,False,True,0.0021967918528094077,11.759781644963303,,False
9.327701,5,1026.623585,True,False,True,0.00397551054813735,0.7955344414754357,,False
9.304069,1,1027.982943,True,False,True,0.005636366872877302,1.099825392429585,,False
4.548391,25,1040.005938,True,False,True,0.00451453175067436,6.3348516291692345,,False
6.030652,8,1041.473166,True,False,True,0.0038250209328326164,4.71293180638723,,True
4.613025,1,1042.768969,True,False,True,0.0019477685277664407,9.566863848323688,,False
0.95101,15,1045.932294,True,False,True,7.15984792460482e-05,14.1612961939025,,False
8.285066,3,1047.273961,True,False,True,0.0013196221318603368,3.0586169502719467,,False
9.906053,1,1048.608832,True,False,True,1.0377407266837224e-10,0.002562569563169891,,False
5.953398,3,1050.217003,True,False,True,0.0037510634573541383,6.86043949168727,,False
5.502464,3,1051.483753,True,False,True,0.003864368459391407,6.634503193321979,,False
6.919766,4,1052.844005,True,False,True,0.0032826260897828416,3.4780940049601123,,False
9.818579,2,1054.167688,True,False,True,5.958448640650952e-10,0.002580036859958765,,False
3.086967,10,1058.642378,True,False,True,0.004780669580729855,11.873705736925109,,False
3.096471,2,1060.018392,True,False,True,0.0018882630856062134,11.56162362095277,,False
7.679575,4,1062.640728,True,False,True,3.602799964184944e-05,2.9906562997588355,,True
3.982395,4,1064.121959,True,False,True,0.0023359924908606285,10.110273933665223,,False
4.293976,16,1069.852655,True,False,True,0.006413202808583414,6.7875674892134,,False
4.293467,17,1075.610556,True,False,True,0.000653763569673435,6.134210282874104,,False
7.525917,2,1078.308124,True,False,True,1.071508124429882e-09,3.0003021603132414,,False
7.229792,9,1079.918692,True,False,True,0.004194457802117848,4.364342543620056,,False
7.115974,3,1081.309439,True,False,True,0.002430377697007685,3.280595007091114,,False
9.908466,1,1082.506006,True,False,True,1.4858618539586904e-09,0.002581677112689177,,True
7.357537,2,1083.846092,True,False,True,0.004218189493698999,3.552052541057011,,False
9.779169,1,1085.205148,True,False,True,3.2256081917859253e-06,0.23648471994471018,,False
-24.376367,60,1113.075948,False,False,True,0.002315960144790506,13.817351503118632,,False
-9.194659,60,1149.002502,False,False,True,0.014940386113351078,14.810349961833287,,False
0.465257,13,1158.732293,True,False,True,0.0040793379533596895,12.730572418816418,,False
5.682833,2,1160.00007,True,False,True,2.610368621952519e-06,6.648143646584118,,False
6.05115,3,1161.750694,True,False,True,0.006093607333255296,6.2491067294235325,,False
9.908032,1,1163.052495,True,False,True,1.9985905772581517e-10,0.0025688159239985707,,False
8.277247,2,1166.19952,True,False,True,0.005998626487511594,1.4275555344295596,,True
8.193888,3,1167.588397,True,False,True,0.000936034322427741,2.1948293639520258,,False
8.80522,8,1171.990787,True,False,True,0.0020858314185603303,0.4271688096998015,,True
7.193457,3,1173.627131,True,False,True,0.00013592489195079832,4.1977261831165515,,False
2.835373,2,1175.166187,True,False,True,0.0013485644122350278,12.81691076889169,,False
1.017381,8,1180.091355,True,False,True,0.0046873585277371,12.306966351945944,,False
7.574595,2,1181.784184,True,False,True,1.2877674822331375e-08,4.241955892130886,,False
7.546069,4,1185.784249,True,False,True,0.005899825996139283,2.2730747269202585,,False
6.627044,1,1187.532022,True,False,True,0.0003296829300442666,5.928874141950195,,False
6.962121,2,1188.898579,True,False,True,0.00585986966420859,4.760306614537524,,False
8.902567,2,1190.243555,True,False,True,0.0018490701646440577,2.5891431654438426,,False
1.930904,5,1191.62564,True,False,True,0.00372011819090862,13.420249756069847,,False
6.465443,3,1192.985409,True,False,True,0.00994771839144677,5.854510846632505,,False
9.919679,5,1195.656282,True,False,True,0.0029717809301620947,1.2563292719214858,,False
2.527997,3,1198.380248,True,False,True,0.005965632328686755,12.465556005467205,,False
9.429549,1,1200.077276,True,False,True,0.004292842130364319,0.8711587551786515,,False
9.799308,2,1201.334057,True,False,True,0.00013412896110493117,0.0356442321460829,,False
4.141843,17,1208.334944,True,False,True,0.0022807440525214606,7.053513571870693,,False
9.114854,12,1210.078053,True,False,True,0.0004271330429350892,2.147543954545042,,False
5.528951,3,1211.462087,True,False,True,0.0025252257146810174,6.667335449393689,,False
6.311491,7,1215.499737,True,False,True,4.874435165615994e-10,4.958649488342615,,True
8.171063,5,1219.452496,True,False,True,0.00412912008183575,2.0921221692073564,,True
7.081554,3,1220.863831,True,False,True,0.0025063264793940675,4.004063653640395,,False
7.751595,2,1223.573012,True,False,True,0.004855957486827087,3.7555645657903605,,False
8.009632,4,1224.990564,True,False,True,0.0012525879307332642,3.1907098508674374,,True
0.878911,5,1229.40034,True,False,True,0.0006284301718727115,15.657536879357243,,False
6.004665,3,1232.663965,True,False,True,0.011976003808872999,6.029446069904843,,False
6.760453,11,1239.779114,True,False,True,0.005252507031351911,3.5978864220693803,,True
5.836562,7,1242.575794,True,False,True,0.0017252415953146348,6.632715559354783,,False
6.278329,9,1248.325877,True,False,True,0.006099616689510253,4.932827368711628,,False
9.29777,2,1249.958944,True,False,True,0.0023805501722803622,0.4421560359312986,,True
7.99956,1,1251.181093,True,False,True,0.003974069739427621,3.456406074011197,,False
8.307825,2,1253.722879,True,False,True,5.875320939132009e-11,2.9999778047711447,,False
3.738645,2,1255.129699,True,False,True,0.0044259165409726575,11.091384750881181,,False
0.316347,2,1256.468702,True,False,True,0.005111811848581904,16.882660276139372,,False
7.950735,2,1258.869744,True,False,True,0.0031038534144149014,3.3700848710589604,,False
3.609396,7,1261.690642,True,False,True,0.005110231045118161,8.792127269125613,,False
7.354917,6,1264.614776,True,False,True,0.002789692811623015,2.4837823762621425,,True
7.246113,1,1265.875282,True,False,True,9.092801234330226e-08,4.812580097712343,,False
9.777526,1,1267.087364,True,False,True,0.0009470149848257337,0.23883099882923936,,False
1.483659,4,1268.876724,True,False,True,0.005099688820911934,14.856395346198786,,False
3.454938,5,1273.189162,True,False,True,9.626911603600758e-06,10.830729125439008,,False
8.251048,6,1276.278024,True,False,True,8.726650802553743e-10,1.5729526553891704,,False
-40.079948,60,1305.89185,False,False,True,0.011622856748415206,50.33489599901944,,False
9.134104,4,1309.903505,True,False,True,0.0007475263030091162,0.5835608793332622,,False
7.226419,6,1315.373943,True,False,True,0.011056351432542745,3.397331607042002,,False
6.577323,6,1321.333912,True,False,True,0.00519952966880493,4.66569840980834,,False
7.873343,3,1323.019931,True,False,True,3.2859023418874145e-09,2.916399252042337,,True
-23.836467,60,1351.023646,False,False,True,0.026928768565827474,34.40220732204396,,False
7.992487,3,1352.33559,True,False,True,0.0046644854458279565,3.068102897031039,,False
9.908582,1,1353.720093,True,False,True,7.203226444283698e-11,0.002562511249734257,,False
3.185334,1,1355.004807,True,False,True,0.00039514542861520275,12.141149748636357,,False
-11.288439,35,1371.354274,True,False,True,0.008540167395549032,15.738917073972134,,True
2.168523,13,1380.654405,True,False,True,0.0005691503305909548,9.933750519751728,,False
8.236942,3,1382.397173,True,False,True,0.0017033336728170794,2.685544813621331,,False
10.259257,2,1384.180311,True,False,True,0.0004804578497571155,0.2635515850013668,,False
10.038043,2,1387.123331,True,False,True,9.144847337263384e-11,0.002562465166958626,,False
-8.925976,50,1405.548865,True,False,True,0.0022695066264967396,16.876606151770538,,False
5.919873,2,1406.900711,True,False,True,0.004296068188492789,6.41330637989691,,False
7.830974,1,1408.177459,True,False,True,0.004188838134458306,3.7610455551294177,,False
6.718669,1,1409.511392,True,False,True,0.00043495527650435316,5.765358530874495,,False
4.184879,1,1410.731265,True,False,True,7.179722007893963e-10,10.337760582746391,,False
7.441737,5,1412.183848,True,False,True,0.0062662216388120855,3.1443909378763912,,False
2.502371,4,1413.68839,True,False,True,0.000483671201365825,12.994134835386877,,False
7.810383,11,1416.73243,True,False,True,0.006162119193660394,2.6796843713995395,,False
4.16295,5,1420.89625,True,False,True,0.0014797308939878007,10.110562515751782,,False
6.026324,8,1428.046971,True,False,True,0.004549786338912971,5.2389720272357625,,False
8.936988,3,1429.357404,True,False,True,6.625023273032493e-11,2.997760030941094,,False
2.903042,1,1430.996219,True,False,True,0.004017774999113717,12.65270010767558,,False
8.355474,2,1432.375234,True,False,True,0.004452315404736979,1.4986644565865144,,False
6.703102,2,1434.134604,True,False,True,0.009052905706634841,5.5086493179273015,,False
-5.381955,29,1451.004848,True,False,True,0.009056974802725819,13.978487253489185,,False
5.344859,17,1458.777677,True,False,True,0.008018509586658465,4.819382808071441,,False
3.240192,7,1460.200378,True,False,True,3.7661714601106185e-05,8.883798107278905,,False
6.472445,3,1464.34809,True,False,True,0.0001015376406696758,6.069951110492743,,False
8.370116,1,1466.070649,True,False,True,0.0008342888705281883,2.783569240859563,,True
2.919542,4,1469.102252,True,False,True,1.3686096190373975e-08,11.87814081332519,,False
7.241591,5,1470.515143,True,False,True,0.00014924143850958123,3.0193598939265294,,False
-30.417361,60,1517.721918,False,False,True,0.03263291294163862,2.9028956880367276,,False
7.589501,11,1527.762874,True,False,True,0.003975927272448173,4.251456840389508,,False
9.908436,1,1528.979767,True,False,True,3.768854649582125e-06,0.0028319214972217584,,False
4.503067,1,1530.294808,True,False,True,0.00015443055800005902,9.763808017558153,,False
6.146953,1,1531.661994,True,False,True,0.0045331590297397716,6.80121341186699,,False
-44.729633,60,1572.855945,False,False,True,0.025879977641092344,5.700487715415491,,False
7.377725,3,1574.29011,True,False,True,0.004257503952164923,4.077709156952335,,True
3.240873,5,1578.258077,True,False,True,0.004572689986508068,9.874773036653696,,False
6.600611,5,1580.119739,True,False,True,0.004765607609135579,5.578095151418413,,False
9.888112,1,1581.336693,True,False,True,0.00016507834298770232,0.03980083636977508,,True
6.470841,3,1582.695851,True,False,True,0.005548532160009323,6.226523243748977,,False
6.869953,8,1585.326209,True,False,True,0.002045488138190368,4.7599105974267815,,False
7.902592,2,1588.207875,True,False,True,0.003041856740624681,3.226525132013302,,True
9.575707,3,1589.597907,True,False,True,0.001444715062471534,0.28735773001553816,,False
5.728534,3,1591.014516,True,False,True,0.005166289829903026,6.815494377470258,,False
8.889612,2,1593.626598,True,False,True,0.002110679899793213,1.693603106571709,,False
1.024339,5,1598.075412,True,False,True,0.010343178418079288,12.814426255564037,,False
7.169777,5,1600.653037,True,False,True,5.458133136555249e-05,4.255227363581971,,True
5.32786,8,1607.794714,True,False,True,0.009062428345150902,4.637649233843624,,False
8.380711,9,1615.496016,True,False,True,1.2770426995611609e-11,1.3453006091075883,,False
4.226982,1,1616.725288,True,False,True,0.0046193720672208435,10.26530380349475,,False
-28.169151,60,1648.251539,False,False,True,0.01148548726208708,33.69657496886099,,False
8.101393,1,1649.576359,True,False,True,0.004534260027117793,3.273136836068715,,False
2.965481,1,1650.89819,True,False,True,0.0023042858130804195,12.53898321273216,,False
1.792748,2,1652.151306,True,False,True,7.110158492703005e-05,14.57330196088273,,True
2.509646,1,1653.372304,True,False,True,0.007279920371520689,13.364031382323665,,False
9.5717,1,1654.667201,True,False,True,0.0028656743284531413,0.6150230428904461,,False
3.2417,15,1663.964771,True,False,True,0.0025473058968311204,8.606934242976996,,False
3.727574,4,1669.855835,True,False,True,0.00820307424265812,10.018023736411951,,False
3.06824,1,1671.080299,True,False,True,7.97965926147394e-10,12.352072862002252,,False
8.302763,6,1677.038013,True,False,True,0.00598612196197075,1.7480182688445798,,False
8.588339,4,1679.903618,True,False,True,0.0007490010696852111,1.9920864629233523,,False
8.424278,4,1682.525252,True,False,True,0.0007954864733220393,2.6877331929807236,,False
10.123246,6,1685.713101,True,False,True,0.004737413962928715,1.2260746339402653,,False
7.843071,1,1686.980103,True,False,True,0.0019329360531514436,3.735193256173542,,False
6.045535,8,1697.243355,True,False,True,0.001930944657835344,4.403414410585767,,True
8.388228,3,1701.047185,True,False,True,0.00949694955694196,2.2657956342746215,,True
3.645551,7,1706.223859,True,False,True,0.008250963094682939,9.545125593225956,,False
4.518737,4,1710.284282,True,False,True,0.00833745680287526,9.077812217504388,,True
9.881661,4,1713.03147,True,False,True,0.0002148976639323868,0.19196966987917177,,True
5.765076,3,1717.350315,True,False,True,0.010632540518370023,6.6338203175680155,,True
9.676287,1,1718.988861,True,False,True,0.002283627729541719,0.42558066003911216,,False
5.912443,2,1720.692415,True,False,True,0.002635535606664078,7.075820308837857,,False
8.20248,1,1721.877863,True,False,True,0.0047891728072321435,3.0906593427907465,,False
5.341616,1,1723.605469,True,False,True,0.00024395644258417117,8.246173822075278,,False
2.694373,2,1726.561504,True,False,True,1.273906480303566e-09,12.902150104903665,,False
7.688492,3,1730.001369,True,False,True,0.007466133077078191,3.2047988833146497,,False
3.969247,10,1736.93386,True,False,True,0.004140379466845318,7.681421300464346,,False
7.691971,7,1741.258983,True,False,True,5.152674063192397e-10,2.2307722111486354,,True
-0.689471,6,1747.445469,True,False,True,0.0001452480566125668,15.74524942091361,,False
8.415274,6,1753.096562,True,False,True,3.102035587623831e-10,2.1029565543080597,,False
7.450909,3,1757.272626,True,False,True,5.4749191291669774e-12,2.9218866335944647,,False
3.078527,2,1759.83473,True,False,True,0.005087809279829261,11.146803899400933,,False
-4.031933,33,1785.830751,True,False,True,0.010145521339372045,13.739175842592505,,False
8.32103,5,1793.20911,True,False,True,0.00023553536362772088,2.0380192086641693,,False
4.678298,1,1794.705865,True,False,True,0.004915014427975659,9.451407404979111,,False
7.302811,3,1800.11321,True,False,True,0.005299058235163093,3.8705321357044125,,False
9.867046,1,1801.603499,True,False,True,0.00016943492454647824,0.07264850483617903,,False
7.174102,3,1804.614526,True,False,True,0.004097234566914343,4.360531613575461,,True
3.38679,2,1805.988519,True,False,True,0.0031383779580867613,11.71485202325135,,False
7.999444,3,1810.555574,True,False,True,9.66531514545732e-10,3.082837242464842,,False
7.072783,2,1811.843617,True,False,True,0.00063205060108569,4.948895063798552,,False
-6.289267,32,1847.641358,True,False,True,0.005027377855561474,16.8985510505528,,False
7.786239,1,1849.139786,True,False,True,0.004977009255596174,3.842066634571288,,True
6.807343,2,1850.641392,True,False,True,4.303416339727057e-11,4.961367244674458,,False
6.647064,2,1852.31722,True,False,True,0.005277818632404486,5.361203130346483,,False
7.487554,1,1853.654203,True,False,True,0.006018807127437426,4.381482455178871,,False
8.25896,3,1855.454017,True,False,True,2.1227328391893808e-09,2.694607372471754,,False
-22.71053,60,1908.918795,False,False,True,0.011973964179169235,5.412964136456255,,False
6.437813,1,1910.344951,True,False,True,0.0004660453495865524,6.269205849771129,,False
7.562154,1,1911.559821,True,False,True,4.400227494560409e-11,4.241868793578128,,False
5.993601,6,1919.288122,True,False,True,0.0016587052872226863,5.847840880416076,,False
9.733433,3,1923.815364,True,False,True,1.7556376491478787e-11,0.002569100236655811,,True
8.632652,1,1925.244261,True,False,True,0.004248310161353772,2.3134200478339344,,False
8.69554,3,1928.19874,True,False,True,0.0020953435663228397,1.1521135535150953,,True
7.03502,8,1934.180632,True,False,True,0.008039687809809345,3.8287370364992035,,False
8.397137,1,1935.855337,True,False,True,0.008531121963115113,2.743403244928771,,False
8.522098,1,1937.485638,True,False,True,0.002505336150840655,2.510397211435726,,False
9.167353,2,1940.589576,True,False,True,0.0022923418616319358,1.1053214228257726,,False
9.908495,1,1942.266376,True,False,True,3.2774141958861097e-11,0.002562371434311547,,True
6.323741,2,1944.099998,True,False,True,0.004443565857545244,6.346186265247033,,False
-30.992679,60,1995.365673,False,False,True,0.029174878825331978,31.296853691416818,,False
3.296932,5,1999.703945,True,False,True,0.002159405024957097,11.350289484471968,,False
8.192464,2,2002.74969,True,False,True,0.0006372170333998721,2.907818334736499,,False
10.352136,3,2007.41074,True,False,True,5.3669975671439586e-05,0.023543681337449576,,False
8.458461,2,2009.992874,True,False,True,2.386255728718693e-10,2.9281181989993956,,False
9.761773,1,2011.55796,True,False,True,0.00104915148111839,0.2694008446257355,,False
5.223171,23,2024.178216,True,False,True,0.007222194856881423,5.522109590756368,,True
9.279808,1,2025.531174,True,False,True,0.0027265004688074718,1.1419954891136344,,False
8.29061,4,2028.583876,True,False,True,0.002448353267836157,3.2876616285915308,,True
6.04181,2,2029.879781,True,False,True,0.003539432504370208,7.0637665811057095,,False
5.164377,3,2031.623901,True,False,True,0.00042195765777003694,7.7714105952402965,,False
9.073966,1,2032.970348,True,False,True,0.004846912852078845,1.516513019128318,,True
1.329305,3,2034.587122,True,False,True,0.0047494780090198705,16.847631313577697,,True
8.946719,3,2038.864908,True,False,True,5.915970179015684e-10,1.4256804868579964,,False
8.766216,4,2042.207309,True,False,True,0.004162162548119588,2.491317809240191,,False
9.908265,1,2043.754005,True,False,True,3.4203423521978525e-10,0.002562837645672812,,False
7.648328,2,2045.517349,True,False,True,1.7151199886975083e-11,2.836646056103319,,False
-2.569549,18,2060.010921,True,False,True,0.003268629722175354,17.71666120247815,,False
8.335861,1,2061.331858,True,False,True,2.3930012138517753e-10,2.8437785007487246,,False
6.991817,2,2062.645584,True,False,True,0.011767129075568275,5.391829206697857,,False
7.142937,1,2064.294348,True,False,True,0.004856109546443121,5.003879779330453,,False
6.971988,1,2065.985611,True,False,True,0.00932740815796604,5.316569861992728,,True
7.814619,3,2067.459317,True,False,True,0.006023771942011619,3.002570634012938,,False
8.623952,3,2068.850807,True,False,True,0.004157396432621362,1.9495809674707099,,False
9.644309,1,2070.141576,True,False,True,0.002618001492428866,0.48381347314985074,,False
7.649007,4,2071.588531,True,False,True,0.0001470435777847245,2.5936168894298057,,False
2.87157,14,2079.791255,True,False,True,0.006964022284440225,9.963893538847604,,True
7.526461,2,2081.055268,True,False,True,3.013076438666866e-09,2.9995799654564053,,False
-0.637495,14,2084.687852,True,False,True,0.0099598567651671,12.248447408817231,,True
9.07643,1,2086.43943,True,False,True,0.004441837497792522,1.511424621952309,,False
8.898928,4,2091.402556,True,False,True,0.002867094255901155,0.6597140791267161,,False
0.857147,3,2093.15221,True,False,True,0.00012551205168519122,14.963836720224744,,False
9.625017,1,2094.928687,True,False,True,0.002176914909355341,0.517678522748051,,False
4.589805,7,2097.219804,True,False,True,6.649766942107976e-07,8.643694742280735,,False
4.282403,9,2107.921536,True,False,True,0.005440021408981824,6.296066343659928,,True
7.766123,4,2111.433693,True,False,True,0.005791358775130612,3.1467401527335603,,False
7.942177,1,2112.889063,True,False,True,0.0021105501663510884,3.55727623938995,,False
7.353,1,2114.625983,True,False,True,0.005146797690670696,4.62427881744992,,False
9.258059,1,2115.973574,True,False,True,0.0001571882038216007,1.1776812832935901,,False
8.399183,2,2118.733087,True,False,True,0.010218632917493142,2.1747030140414254,,False
7.665953,20,2129.366071,True,False,True,0.00018443466038641984,3.9938075419955164,,True
7.574569,1,2130.736269,True,False,True,1.0493024383412264e-09,4.2194480975725535,,True
2.80375,1,2132.623256,True,False,True,0.0006422684389267392,12.82955167981817,,False
9.180235,2,2134.182214,True,False,True,0.0046429536856754244,1.4402775388280742,,False
7.364203,10,2142.58139,True,False,True,0.0023743162298416097,3.4123804678693266,,False
9.260564,9,2152.53536,True,False,True,0.004198625374496737,0.9358354749801253,,False
-28.389136,60,2212.316197,False,False,True,0.00755196175348733,50.941290888629716,,False
-13.968232,20,2229.164153,True,False,True,0.009059364040722894,7.509114571954258,,False
8.223591,2,2232.314528,True,False,True,0.0019513097562852133,2.829935183565335,,False
5.860253,5,2236.445189,True,False,True,0.004783147151577381,7.48554025851551,,False
1.706984,9,2247.179574,True,False,True,0.0015420166939453302,13.740916468858199,,False
8.913313,1,2248.549268,True,False,True,0.005826729984583917,1.8046428796005904,,False
7.927086,5,2251.914417,True,False,True,0.004368583957691725,3.3171092755117053,,False
7.179779,2,2254.852534,True,False,True,0.005085951993789058,5.3320344152802,,False
6.099762,2,2256.167783,True,False,True,0.001854836887782328,6.552160244245352,,False
8.262699,3,2259.30353,True,False,True,0.00026797487969189293,2.9231585822472557,,False
9.908578,1,2260.805186,True,False,True,3.528837647440164e-10,0.0025699152621327876,,False
7.137206,1,2262.394759,True,False,True,0.003768700685730028,5.0131478039115915,,False
5.984322,5,2269.856324,True,False,True,0.0049680090455391235,4.5058766074905545,,False
6.455039,1,2271.43897,True,False,True,0.0010780578190580945,6.241746641778958,,True
8.992258,3,2274.46931,True,False,True,4.671739074835549e-06,1.3442024320951018,,False
9.908049,1,2276.107696,True,False,True,5.706112244735991e-10,0.0025639004554850325,,False
5.732232,1,2277.653423,True,False,True,5.4461804990467086e-05,7.545615453981216,,False
7.309303,2,2279.052319,True,False,True,0.0028638035225971416,4.5806079870948375,,False
4.54576,2,2281.759388,True,False,True,0.001252167841209822,8.749440051322063,,False
7.115349,5,2285.00686,True,False,True,6.236722108282952e-11,2.952958712330937,,False
9.137065,1,2286.641186,True,False,True,0.0006392689320313066,1.3960735725265156,,False
8.744555,1,2288.074078,True,False,True,1.5549225687254697e-09,2.1019493534870985,,False
4.4019,2,2289.422401,True,False,True,9.030764664351419e-11,9.000193617505182,,False
7.87351,1,2291.045059,True,False,True,8.866576774314974e-10,3.678735949818815,,False
4.114242,6,2292.832599,True,False,True,0.004687961597844985,9.272455807589635,,False
1.837304,9,2294.463132,True,False,True,0.00541944642621161,14.122180926670557,,False
6.64798,9,2296.115393,True,False,True,0.0037435887545105,3.6735750425526756,,False
8.618116,2,2297.501874,True,False,True,0.002443256460352025,2.186639141601749,,False
7.689702,5,2300.340119,True,False,True,0.00821599513889204,1.5710769291644762,,False
8.865374,5,2305.184369,True,False,True,0.0018703517927819993,1.2946106615042583,,False
1.876133,7,2310.33254,True,False,True,1.3996199933405395e-08,13.63540080106427,,False
8.604058,1,2312.005004,True,False,True,0.005452871000723683,2.3658913166989053,,False
4.253166,4,2315.858423,True,False,True,0.011580613416712245,7.366011496863763,,False
8.234933,3,2318.151868,True,False,True,0.002378199081886942,2.7152993533364205,,False
2.784635,1,2320.80137,True,False,True,0.0004926768900882297,12.863926335407442,,False
4.74628,1,2323.372829,True,False,True,0.007057600324133716,9.330364319778196,,False
7.005179,11,2337.492316,True,False,True,0.006264666325822585,2.8762893244305383,,False
10.016722,5,2344.190662,True,False,True,2.1577758677060466e-10,0.342939801257813,,False
6.218679,2,2347.195546,True,False,True,9.057603637699536e-05,7.842681345301072,,False
9.824494,1,2348.537358,True,False,True,6.739335733428253e-10,0.15323112132943986,,False
9.122052,3,2352.521721,True,False,True,0.0005752901788671814,0.7303712728979084,,False
9.908204,1,2353.959511,True,False,True,9.362451425243279e-09,0.0025662234534504402,,True
8.308569,1,2355.122458,True,False,True,0.0006540066794622311,2.894524272255162,,True
7.562481,1,2356.578634,True,False,True,2.5718395534479528e-11,4.241277818170557,,False
-32.845331,60,2382.125772,False,False,True,0.0026219050636017063,31.418840801600854,,False
6.2738,2,2383.436783,True,False,True,0.006279377088638122,5.692128106453747,,False
8.148597,4,2388.69703,True,False,True,0.008673310026567616,2.394083420000152,,False
8.606095,2,2391.272891,True,False,True,0.006987455975413779,1.899457437533453,,False
7.692366,2,2392.462684,True,False,True,1.9641494018282808e-05,2.9740607617392487,,False
8.75822,4,2393.882985,True,False,True,0.0023444452754351427,0.8887148433217138,,False
8.972916,2,2396.538778,True,False,True,0.00509624229581901,1.524605345504555,,True
7.445529,2,2399.164827,True,False,True,4.324556823753767e-10,4.246838892116698,,False
6.949823,1,2400.4416,True,False,True,0.003219116035770562,5.350233795605058,,True
4.735188,2,2401.747075,True,False,True,0.00017391101984096623,9.212698923794967,,False
2.341584,1,2403.228371,True,False,True,1.3057909094282838e-10,13.662631011013056,,False
6.667338,3,2405.764461,True,False,True,0.010943221161400866,5.1578954024104515,,False
4.65628,4,2409.469699,True,False,True,0.004623118851760836,7.297395180995506,,False
7.360492,5,2415.946943,True,False,True,0.011811420606809534,2.8636641787490342,,False
3.090644,4,2419.545657,True,False,True,0.002433402482421667,11.806738044309695,,False
7.203499,2,2422.052202,True,False,True,0.006117238931976909,4.280656418537803,,False
3.706008,1,2423.492367,True,False,True,3.941790539543043e-05,11.201690522953932,,False
7.737644,1,2424.938303,True,False,True,0.006172153864585694,3.9295417228911194,,True
6.588134,1,2426.207454,True,False,True,5.033483761899969e-10,6.000011337045745,,False
1.806198,2,2428.943709,True,False,True,0.0023926483318211884,14.38113097452139,,False
4.085996,2,2430.299541,True,False,True,0.009678132210909183,10.489685536659998,,False
9.622481,3,2432.954808,True,False,True,0.0003195541722877948,0.17956789802745676,,False
9.813787,2,2434.243632,True,False,True,8.002010016667244e-12,0.002562644941986217,,False
8.300556,2,2435.702182,True,False,True,0.005385040983517514,2.389358068430248,,False
7.369666,2,2438.113413,True,False,True,0.005027058446594124,4.409439932475729,,False
6.268978,1,2439.311569,True,False,True,0.004161679276046149,6.579928298848448,,False
7.397877,6,2444.650427,True,False,True,0.006603871202716327,3.5810139756032138,,False
6.371443,3,2447.343062,True,False,True,0.005417496965604965,6.128168614242533,,False
7.305901,2,2449.960267,True,False,True,0.00551451527759665,3.6921221454231867,,True
5.319669,7,2458.184879,True,False,True,0.004626100934438817,8.124805000833128,,False
6.700283,6,2462.258219,True,False,True,0.011305762550609165,4.972590914178339,,False
5.66726,1,2463.627949,True,False,True,0.005856141859738092,7.667937176103104,,True
2.175762,3,2464.95351,True,False,True,0.0041537616919875234,13.809402921993044,,True
0.528794,2,2466.556158,True,False,True,0.0049380318742662495,15.748047347451795,,False
7.886557,1,2467.820584,True,False,True,0.003282810892165816,3.6597034102891755,,False
7.566234,3,2470.412747,True,False,True,0.01142456695185008,3.1562786224197805,,False
7.516176,4,2474.489071,True,False,True,0.0038528479207698696,2.4508569262790996,,False
9.816632,2,2477.018584,True,False,True,1.5705050320407337e-09,0.002567637904400304,,False
0.403958,4,2480.796663,True,False,True,0.00023297312003299985,16.30870538374463,,False
5.303126,5,2487.39355,True,False,True,0.0038866181339934185,5.393347170307356,,False
9.390011,1,2488.982077,True,False,True,0.004601133614931535,0.9457523773836591,,False
8.731746,1,2490.32066,True,False,True,0.009786711911635215,2.1399631104759416,,True
8.941545,1,2491.731186,True,False,True,1.4128813310871312e-05,1.7502073784716021,,False
6.064483,3,2494.555432,True,False,True,0.002882049498916503,7.002298115233018,,False
9.905965,1,2495.963873,True,False,True,2.8814697849988136e-10,0.002562420932403707,,False
8.297014,3,2497.338771,True,False,True,0.011380338996677272,2.6468280409149743,,True
3.825014,4,2500.161779,True,False,True,0.001065711765867904,11.081377971646388,,False
7.213589,3,2503.009237,True,False,True,0.00013793898400686904,4.172075675118732,,False
7.39396,3,2504.426697,True,False,True,0.001667508321123363,3.9701367601727804,,False
7.95891,1,2505.708058,True,False,True,0.004101669208347941,3.528564739817395,,False
-0.621971,9,2512.166914,True,False,True,0.0004426362318485657,15.354866282443654,,False
5.646409,6,2518.918166,True,False,True,0.0005519839098777355,7.699682808815527,,False
-0.905092,6,2520.351017,True,False,True,0.004661960156961129,17.934163907073494,,False
9.90813,1,2521.614632,True,False,True,4.728974919382884e-09,0.002568129414722203,,False
8.249817,1,2522.862034,True,False,True,3.437564580210939e-09,2.9998590605575064,,False
6.653818,4,2528.69527,True,False,True,0.0024583726436541043,5.386360272836916,,False
6.444417,2,2531.53978,True,False,True,0.005027539511433252,5.28089000877515,,False
9.57052,4,2534.100661,True,False,True,6.360326229308507e-10,0.10549839040703159,,False
8.097331,2,2535.509057,True,False,True,1.9625627512009913e-11,3.090227209876399,,False
4.840604,3,2538.341918,True,False,True,0.008441072687472753,8.590281796272949,,False
1.53628,1,2539.652525,True,False,True,0.0003682407931778278,15.115031270234864,,False
9.908236,1,2541.013665,True,False,True,3.117169092970024e-11,0.0025624325956080684,,False
7.460028,2,2543.658089,True,False,True,0.002550366720183767,4.2898442485303745,,False
8.704315,2,2546.107953,True,False,True,0.004009683544550053,2.3884191134102215,,False
7.780922,7,2554.062624,True,False,True,0.0016679046418885707,2.589058708285575,,False
5.33752,1,2555.621939,True,False,True,0.008625301688453196,8.265002982915084,,False
9.027579,1,2556.919949,True,False,True,0.0029961451157916735,1.5936190604591487,,False
7.64002,1,2558.220387,True,False,True,0.005436775784817288,4.106702308400895,,True
5.022718,6,2563.663268,True,False,True,0.0004364016001614766,7.719560605016315,,False
9.651334,1,2564.887834,True,False,True,0.0025544866193504033,0.4710340714341088,,False
8.937338,1,2566.305943,True,False,True,0.0008197441546805642,1.7588521561485482,,True
3.233838,1,2567.570843,True,False,True,1.1379992989613008e-08,12.05338201064236,,False
6.633302,3,2569.955041,True,False,True,0.004533827651728431,4.633015299240653,,False
8.593592,1,2571.560514,True,False,True,0.0007866988942078629,2.3789139494084086,,False
8.754249,4,2576.935659,True,False,True,3.4381681529582764e-11,1.6303008375697243,,False
2.668421,7,2582.359338,True,False,True,0.0076020539429546225,12.377470707383178,,True
-4.080841,39,2617.52652,True,False,True,0.002869499178472448,7.628711541346137,,False
11.141477,3,2619.281006,True,False,True,3.440405918486711e-09,0.002562345262520059,,False
8.053356,1,2621.046711,True,False,True,4.969393237059952e-06,3.354731132127195,,False
7.381416,1,2622.455615,True,False,True,0.010823337846146391,4.572910620393081,,False
5.90317,3,2626.509258,True,False,True,0.006100991155541414,5.9936656869159615,,False
8.821246,3,2628.261783,True,False,True,0.005395803190592586,1.6090697957772147,,False
9.908582,1,2629.910573,True,False,True,8.538279134153522e-10,0.002562414389607285,,False
9.213011,3,2632.962456,True,False,True,1.05805728761732e-11,1.4999939322543432,,False
7.210962,5,2637.748241,True,False,True,0.0021767817617047284,3.793965432039057,,False
8.216565,2,2639.416,True,False,True,2.11825781864479e-05,3.3551042134307187,,False
7.988812,2,2642.059444,True,False,True,0.0019423683788037452,2.7956390825111925,,True
8.55909,2,2643.394594,True,False,True,0.005415674860797266,1.1414812585207992,,False
-24.889431,60,2677.85399,False,False,True,0.00032053301275472004,19.412040207372442,,False
8.329967,1,2679.427252,True,False,True,0.008158236494260564,2.864286083026693,,False
7.405959,2,2680.797515,True,False,True,8.355162685304719e-06,6.525074984938421,,False
4.721101,2,2683.639983,True,False,True,0.0039000039778045604,8.747431831994541,,True
8.249784,1,2685.384087,True,False,True,2.743776766553352e-09,2.999918889727196,,False
9.908582,1,2686.636704,True,False,True,1.1061100646525546e-10,0.00256250726730488,,False
7.432002,4,2692.764631,True,False,True,0.005509774523926637,3.303930980849069,,False
6.395241,2,2695.800756,True,False,True,0.000110584739473634,5.966394436111926,,False
6.163396,1,2697.692946,True,False,True,0.00013201810729464127,6.761982391324734,,False
9.700647,1,2699.493845,True,False,True,0.0018756407035890217,0.38100604705787355,,False
4.964218,1,2700.742885,True,False,True,0.004726775242592328,8.935457963489624,,False
8.388919,1,2702.423854,True,False,True,0.0014943122983218718,2.7503993956666433,,False
6.1966,1,2704.110807,True,False,True,2.6851007181583064e-10,6.707382824821777,,False
8.253984,3,2708.595678,True,False,True,0.003973026997308278,2.1253599436326085,,False
6.6965,2,2711.561193,True,False,True,0.000919946036029462,5.655828940118442,,False
8.13939,2,2713.238472,True,False,True,0.00300127193771614,3.0114421303004533,,False
-28.388801,36,2739.177632,True,False,True,0.010828810117748344,6.511516908006437,,False
7.285192,4,2740.662341,True,False,True,0.0047750095438390955,4.206161091481919,,True
8.704503,2,2743.545521,True,False,True,0.008267312346017157,1.5371018360313444,,False
4.523944,2,2745.261365,True,False,True,0.00028850949885301895,9.594974376596063,,False
3.520019,1,2746.578524,True,False,True,0.00101160061339117,11.537905725384343,,False
9.854963,1,2747.972657,True,False,True,0.00022998713091498986,0.09435448870537412,,False
2.691589,3,2750.584475,True,False,True,0.00918634249365291,12.562378680864276,,True
6.349149,1,2751.898164,True,False,True,0.004527152238566983,6.436305167831388,,False
7.549339,1,2753.223531,True,False,True,0.00011017486085270145,4.26087384235556,,False
9.436149,2,2756.350436,True,False,True,0.002965402842545142,0.7072156043091814,,False
-26.452966,60,2809.308117,False,False,True,0.012349214430839108,29.92058524961827,,True
8.355188,1,2811.152132,True,False,True,0.001119984019375493,2.8101288949823604,,False
9.782404,2,2814.192334,True,False,True,2.1069812448810448e-10,0.3943917275991628,,True
7.325291,1,2816.03627,True,False,True,0.005035969984823529,4.674877261042516,,False
8.991464,2,2819.495726,True,False,True,0.0001082828073361887,1.4975966056414376,,False
-4.323814,5,2823.074975,True,False,True,0.0012233655362348895,17.98594962362352,,False
3.458479,6,2829.491246,True,False,True,3.9293790712467865e-06,10.268677670942978,,False
7.546511,1,2831.175862,True,False,True,0.005724400657941636,4.273096375067793,,False
4.774651,2,2832.406049,True,False,True,0.00402218149031537,10.243113170749385,,False
6.40108,1,2834.183604,True,False,True,0.0009050407848587502,6.339155555601335,,False
8.028961,1,2835.839094,True,False,True,0.0024283381843065526,3.401597263776964,,False
5.180833,2,2837.581924,True,False,True,4.24906644591605e-10,8.421651869728741,,False
9.908581,1,2838.657707,True,False,True,7.754031375317716e-10,0.002564804385693022,,False
3.604083,1,2839.892242,True,False,True,0.00015422516664418675,11.385641146751656,,False
8.271578,1,2841.080182,True,False,True,0.00038565616420307633,2.954858962234231,,False
6.050883,2,2842.901063,True,False,True,0.00010868673197135352,6.566939864852107,,False
-18.677591,60,2889.092715,False,False,True,0.013245828104997167,15.040945964909767,,True
-28.288494,60,2935.47488,False,False,True,0.007485775351122999,21.125567874912473,,False
9.196516,3,2938.493934,True,False,True,0.0006506395565791371,0.6182393016954894,,False
9.728594,3,2940.930303,True,False,True,7.112392489197483e-12,0.002563474389204395,,True
7.017634,2,2942.640419,True,False,True,0.0031409021022197167,4.63065505503731,,False
7.72626,2,2943.888225,True,False,True,0.004183873931076974,3.797781152243785,,False
1.532785,9,2949.421729,True,False,True,0.004865142884393478,11.157714119380227,,False
8.248237,1,2950.651942,True,False,True,8.67009935152278e-11,3.0001413110795916,,False
10.027402,2,2953.465412,True,False,True,0.0014798108928924386,0.8244533105491166,,True
6.080837,7,2957.844527,True,False,True,4.5552079810447666e-05,6.116024537617953,,False
9.727106,1,2959.567189,True,False,True,0.0016684758810919104,0.3329080349859566,,False
9.787944,1,2960.6168,True,False,True,6.952494240042295e-10,0.22061937330173828,,False
7.372495,4,2964.310732,True,False,True,0.004206359320188726,3.714976260275401,,False
4.314879,4,2969.468029,True,False,True,0.009597945105298726,2.959385083539228,,False
7.223692,2,2972.761361,True,False,True,7.313546990239672e-11,4.238907103839255,,False
8.2361,1,2974.792251,True,False,True,3.202391737205934e-11,3.0246377387876637,,False
2.945924,2,2977.281895,True,False,True,0.004825087598677254,11.892867915329926,,False
7.805311,2,2978.491944,True,False,True,5.2535781252902036e-05,3.104775463264124,,True
9.908582,1,2981.766845,True,False,True,4.4657476114634716e-11,0.0025631120989717884,,False
9.905237,1,2983.581482,True,False,True,4.5916090374298335e-11,0.0025633551007044056,,False
7.521249,1,2985.307073,True,False,True,0.002536809747287016,4.318517524147048,,True
8.547521,1,2987.087466,True,False,True,0.004263045220530364,2.4671867592487806,,False
9.105905,2,2990.752668,True,False,True,0.0015676891358493493,1.2999818711906745,,True
3.562051,2,2993.610132,True,False,True,0.0004611774198720435,9.029130711378256,,False
6.622481,1,2995.284893,True,False,True,0.0067980042316005285,5.945063336281202,,False
-11.45936,60,3042.126507,False,False,True,0.011941264154448804,8.242596654336689,,False
4.765298,3,3044.767803,True,False,True,0.002212142883360183,8.934770863198805,,True
9.785396,2,3047.785924,True,False,True,6.28320339494462e-05,0.027813083321842492,,False
7.824949,3,3051.810193,True,False,True,0.0009579659918478558,3.163356376118377,,True
8.703476,2,3053.077769,True,False,True,0.00586192627848349,2.6777985359442864,,False
8.556017,1,3054.74123,True,False,True,0.003367634116310428,2.4500534687494517,,False
9.224074,1,3055.869516,True,False,True,0.005696747334259733,1.2465014218591148,,False
9.448673,1,3057.482107,True,False,True,0.0041717832787237915,0.8393085784418347,,False
9.580452,1,3059.180675,True,False,True,0.0031655862356758913,0.5999215408000109,,False
7.059457,3,3062.188476,True,False,True,0.009163210006022887,3.8881216079967666,,False
5.88059,1,3064.057629,True,False,True,0.0029483690900065033,7.28049861791533,,False
4.882238,3,3068.112626,True,False,True,0.00021965339123454497,8.301706383689783,,False
8.15957,1,3069.812303,True,False,True,0.0014599966301327139,3.163546077221163,,False
8.997726,1,3071.546339,True,False,True,0.0020302536038993564,1.6484098858086373,,False
8.945095,1,3073.325085,True,False,True,0.005215628996864438,1.7448517079511185,,False
9.906014,1,3075.097977,True,False,True,6.794440426949322e-10,0.00256234554699749,,False
3.932288,3,3078.018003,True,False,True,0.004654676524414671,10.486779687632291,,True
9.842895,1,3079.194201,True,False,True,0.0004522135369750122,0.12141219745681417,,False
8.337714,2,3082.679374,True,False,True,0.004505758438511088,1.5181734196124959,,False
2.290292,15,3087.719608,True,False,True,0.002410728350665012,11.69192663881181,,True
8.387848,2,3089.010968,True,False,True,0.0027194531105181885,2.1449134360177498,,False
9.447228,3,3090.316428,True,False,True,0.0012336997254533341,0.2960581450733346,,False
6.460606,4,3091.562543,True,False,True,0.00826271983088293,4.8130365637294,,False
0.985188,3,3092.875691,True,False,True,0.002558405545192894,15.814634915682042,,False
7.433808,2,3094.037417,True,False,True,0.0068850338576180795,4.336250837048823,,True
2.92442,5,3095.375483,True,False,True,0.0026894644894875177,9.883836219125836,,False
9.802916,1,3096.555581,True,False,True,0.00030704606839376813,0.1882315252540838,,False
2.087996,2,3097.84577,True,False,True,0.004534580780399875,14.571017631594064,,False
9.456527,1,3098.915036,True,False,True,0.004066769907638314,0.8212955217971839,,False
9.818097,2,3100.113456,True,False,True,1.6224265413906309e-09,0.00256716347861353,,False
8.227286,3,3101.321249,True,False,True,0.003903943470162469,2.411198431700608,,False
8.076782,3,3102.619212,True,False,True,0.005907570294653124,2.907341667549538,,True
8.282994,3,3103.908566,True,False,True,0.001252216708124878,2.2213972930647072,,False
3.601797,1,3105.03284,True,False,True,0.00025448183517055856,11.38983782406272,,True
9.826848,2,3106.291604,True,False,True,1.928452170045998e-05,0.009392506303871848,,False
7.979671,2,3107.588883,True,False,True,0.005031870601288558,3.2282902805569837,,False
9.398221,5,3108.991294,True,False,True,0.0006585768030918024,0.13147355946702466,,False
8.800751,1,3110.623251,True,False,True,0.005834815422886465,2.011655133691886,,False
8.984397,1,3112.407893,True,False,True,0.004386372670321395,1.6776242298613244,,True
9.908581,1,3114.089447,True,False,True,3.7426258793493705e-10,0.0025649722030731533,,False
8.81302,2,3116.484843,True,False,True,0.0007493650421107473,1.3471271293968208,,False
4.986471,1,3117.628225,True,False,True,0.00310791086611603,8.893864627145664,,False
8.570043,3,3119.531934,True,False,True,8.077316310599976e-10,1.4999984654522862,,True
8.373861,2,3123.117497,True,False,True,0.0032114121484762797,2.6311760964124087,,False
6.852477,2,3126.090261,True,False,True,0.00493164498050519,3.559127609687945,,False
8.43811,1,3127.737566,True,False,True,0.0015499114777994137,2.6616123081192806,,False
5.558958,5,3133.762324,True,False,True,0.003140577295544851,7.029565135846498,,False
7.761022,1,3135.532885,True,False,True,0.00461206558230058,3.88746953672755,,False
8.261789,5,3136.800092,True,False,True,0.008619303423597376,1.7404826034839487,,False
7.87231,1,3138.070658,True,False,True,0.0033208594747133474,3.6849425063379937,,False
3.37329,2,3141.022928,True,False,True,0.0024481302430440282,11.130216235231302,,False
8.36445,1,3142.257463,True,False,True,0.011866342794672169,2.8048718098618672,,True
3.220301,2,3143.951526,True,False,True,0.0028807780251295274,11.955652300076814,,False
6.635114,1,3145.640486,True,False,True,1.3966470115565973e-10,5.91554791191653,,False
8.929687,1,3146.851025,True,False,True,0.004789094688682757,1.7771167950747977,,False
8.7535,1,3148.068097,True,False,True,0.002000298124277586,2.0919768412571926,,False
9.510769,1,3149.767123,True,False,True,1.2467395683415667e-05,0.72159321665375,,False
8.75376,1,3150.857734,True,False,True,3.400811216442128e-05,2.089075093950029,,False
8.265155,2,3152.054028,True,False,True,0.0060505877922231565,2.8233566984447536,,False
6.760525,1,3153.842862,True,False,True,1.045133371975099e-10,5.688849381767503,,True
1.479354,8,3160.022046,True,False,True,0.0024131795982576185,14.8852476423139,,False
9.896854,1,3161.274866,True,False,True,1.6824308472756372e-06,0.023764723529413116,,False
9.669718,2,3162.600272,True,False,True,0.0006423979582360784,0.12930199484090937,,True
8.956526,1,3163.915485,True,False,True,0.005362774579374688,1.724530017280206,,False
9.728594,3,3165.196716,True,False,True,3.103514699119595e-11,0.0025634470912532024,,False
9.478497,2,3166.899407,True,False,True,0.0011899384558990561,0.31288069746920744,,False
3.78263,4,3168.710612,True,False,True,1.5409720402925764e-05,9.211872866982372,,False
9.477837,1,3169.914681,True,False,True,0.002381222277287209,0.7836240428434467,,True
2.99164,2,3171.721267,True,False,True,0.0006917494013276848,12.491110833886644,,False
9.12188,2,3172.914011,True,False,True,0.0011832839524280167,1.2689725747568594,,False
7.914571,3,3174.180228,True,False,True,0.005191104687996925,3.311855371595222,,True
0.863203,2,3175.367779,True,False,True,0.005101760033857088,16.143197114771308,,True
8.589791,1,3177.191139,True,False,True,0.00413925459501144,2.390402312697377,,False
7.452074,1,3178.367371,True,False,True,0.00382144320622279,4.4447636540638555,,False
9.274348,1,3179.486726,True,False,True,0.0005322558374100238,1.149544622051787,,False
7.046774,2,3181.27713,True,False,True,0.00643387707401269,4.457364445057896,,False
9.845001,1,3183.020125,True,False,True,5.077095139682245e-12,0.11201712013940676,,True
4.38673,1,3184.720452,True,False,True,0.0002464460657861838,9.973781403592515,,False
-22.567128,60,3228.641511,False,False,True,0.023989191484014113,5.420640853840589,,False
1.667559,6,3237.347732,True,False,True,0.000396684982964593,13.991854678422209,,False
7.478224,1,3238.501114,True,False,True,0.008416423084317073,4.401967214126259,,False
7.391459,4,3242.525179,True,False,True,1.1872833494901394e-11,4.152753930081602,,False
7.651958,2,3245.240052,True,False,True,5.95574271081311e-11,2.8277430476381227,,False
0.414147,3,3248.152281,True,False,True,0.00010685379518564136,13.877062215367783,,True
9.905336,1,3249.456769,True,False,True,2.49462152689543e-09,0.00256958834683408,,True
8.621339,3,3253.060777,True,False,True,7.608331461859577e-05,1.4383723287047605,,False
8.524914,6,3256.195009,True,False,True,0.005446113919250838,1.0897798469924973,,False
6.186419,2,3258.034532,True,False,True,0.004306399824736422,6.828024714411141,,False
8.209169,1,3259.885636,True,False,True,0.00022955107392474972,3.0729964312452127,,True
8.635456,1,3260.985033,True,False,True,4.7644894391775383e-07,2.3032086845843343,,False
8.960719,5,3264.622286,True,False,True,0.004879038132429639,1.0981397941619297,,True
8.540026,1,3265.79175,True,False,True,3.5238159412035437e-10,2.475011731180986,,False
7.31472,1,3266.995981,True,False,True,0.004938603424768944,4.693421994126343,,False
4.04653,3,3268.75529,True,False,True,0.004520070999501689,10.566713761467955,,False
6.243183,3,3270.04484,True,False,True,0.00681003946021519,5.756132406573802,,False
4.931778,4,3271.340876,True,False,True,0.003564913084604633,7.821093734879852,,False
8.250549,2,3273.165826,True,False,True,0.000569785999860254,3.0689746533559754,,False
7.040417,2,3274.986314,True,False,True,0.0011396922287258728,4.805886472976576,,False
6.984703,2,3276.801499,True,False,True,3.2250577344898612e-06,5.140765636632543,,False
9.912312,2,3279.788422,True,False,True,0.0006547713032173808,0.3215824280693713,,False
9.697314,6,3285.26552,True,False,True,1.8105083523110334e-05,1.298684227003673,,False
3.658629,1,3286.479409,True,False,True,0.0042998902376253,11.290213425739992,,False
7.583081,3,3289.8978,True,False,True,0.0001488449837918328,2.788343349099688,,False
3.645678,1,3291.658379,True,False,True,0.00022989963322179617,11.31066314208137,,False
9.023797,2,3292.870358,True,False,True,0.0002897778655712197,1.8480519878353678,,True
0.762739,4,3296.475376,True,False,True,0.009430232464212087,13.968226369854493,,False
7.613852,3,3300.626124,True,False,True,0.004021974192148569,2.9051909677570027,,False
8.088323,1,3302.301941,True,False,True,0.011643879362038173,3.3007084139965164,,False
4.690255,1,3303.949593,True,False,True,0.0021257239396718745,9.426435075144862,,False
7.431913,2,3305.727586,True,False,True,0.0015261873483040792,4.5441969337461074,,False
9.649382,1,3306.833786,True,False,True,0.0025660820816967647,0.474576241244728,,False
8.295318,3,3308.634254,True,False,True,0.009569554524734361,2.6367457558615914,,False
8.25415,3,3311.547856,True,False,True,0.001695106917903826,2.2240863210857262,,False
8.438786,3,3313.176833,True,False,True,0.0008016367286503671,3.0678369527322586,,False
3.512499,2,3314.486362,True,False,True,1.1091752516456665e-12,10.920507033672019,,False
6.351337,10,3326.356223,True,False,True,0.006078507562418081,3.082758059939199,,False
0.991286,1,3327.562681,True,False,True,0.0001628489336490905,16.09755309738992,,False
9.00882,1,3329.406016,True,False,True,0.003996244772441398,1.6329672693106734,,True
8.370204,1,3330.670714,True,False,True,4.117066410014303e-10,2.7819425724919498,,True
5.967745,1,3331.854265,True,False,True,0.0040520731484501365,7.124193053235999,,False
-14.611102,60,3383.555364,False,False,True,0.028298031742285828,45.502599030429984,,True
8.300456,3,3387.498653,True,False,True,2.194092740481334e-05,2.1858841786325467,,True
5.185309,11,3396.723275,True,False,True,0.00912025851239182,5.204729621692259,,False
8.167992,2,3399.632476,True,False,True,3.3447274487994295e-12,2.9926990153260107,,False
7.32245,1,3401.249233,True,False,True,1.1031167213506355e-09,4.674143363144608,,False
8.835253,2,3404.29462,True,False,True,0.002709307904660063,1.9054824483697175,,False
8.234733,2,3407.792705,True,False,True,0.0022800754872203816,2.879627386755684,,False
8.157522,1,3409.664272,True,False,True,8.432915915308238e-05,3.166676190990501,,False
9.905826,1,3410.854203,True,False,True,5.383010660484078e-13,0.007545542860635549,,False
9.805531,1,3412.444307,True,False,True,2.3966383599915986e-09,0.1888303005645615,,False
-12.61357,23,3429.746129,True,False,True,0.010732436557028283,3.537091865047649,,False
8.51852,2,3433.280813,True,False,True,0.004141399321269492,2.3728503629964113,,True
9.385484,3,3439.081138,True,False,True,0.002056581087362402,0.39039903273355786,,False
2.4809,2,3441.9677,True,False,True,0.0033954153122819583,13.20580525386278,,False
6.139801,5,3446.114079,True,False,True,0.0019574156431320933,5.322781513294972,,False
3.56745,6,3454.367489,True,False,True,0.0008210938305396754,10.067672678541745,,True
1.223983,3,3459.676033,True,False,True,0.0063057644754281285,15.128653041330972,,False
6.164861,1,3461.479218,True,False,True,0.006258463944133623,6.770087315753653,,False
7.652176,1,3463.149945,True,False,True,0.0012143586446266314,4.080661477740186,,False
7.921588,1,3464.854465,True,False,True,0.004165275127848259,3.597258519834245,,False
9.907995,1,3466.048545,True,False,True,6.067691782153025e-11,0.00256433554720321,,False
9.523131,1,3467.80103,True,False,True,8.45088942919879e-13,0.698996733740618,,False
8.545541,4,3472.319587,True,False,True,0.005593061960295157,1.9360779780983468,,False
3.793406,2,3475.683669,True,False,True,0.0027065956250800407,10.773309680214645,,False
3.435492,9,3486.564593,True,False,True,0.00022891318764505734,10.05151846232669,,False
6.786528,5,3491.106139,True,False,True,7.586562499063958e-05,6.316149640841905,,False
8.575276,1,3492.878707,True,False,True,0.009315974534989625,2.421655876176791,,False
-23.317743,60,3552.113669,False,False,True,0.02213107023257771,4.783930683727199,,False
9.446428,1,3553.282343,True,False,True,0.00419892766969428,0.8403553777199424,,False
8.163818,4,3557.804602,True,False,True,8.664834980942008e-05,3.587994038331587,,False
9.7808,1,3559.088686,True,False,True,5.515978636068891e-12,0.22957547767818762,,False
8.386907,2,3560.871013,True,False,True,0.00022777176152825873,2.6179685925033267,,False
8.511401,2,3563.732935,True,False,True,0.0028105325054801275,2.007611290891343,,True
7.150503,4,3568.997912,True,False,True,0.004238451692863547,4.336680674536173,,False
8.096448,8,3575.132506,True,False,True,1.9396778454250363e-11,1.5263946080065869,,False
7.943808,4,3577.01382,True,False,True,0.0003076919480073815,3.427892589307899,,False
7.202335,1,3578.279512,True,False,True,6.151051890057602e-13,4.890676628381275,,False
1.950184,1,3579.977248,True,False,True,0.0011945839521359768,14.36919622973679,,False
9.559068,1,3581.89631,True,False,True,6.746117553468878e-12,0.6335800643677088,,False
4.725459,1,3583.026193,True,False,True,7.725088971288763e-11,9.362412700559045,,False
-1.702022,5,3586.099301,True,False,True,0.009826628045408212,10.109914710445619,,False
6.929246,2,3589.253492,True,False,True,0.004916740723348996,5.250386833057254,,True
8.229186,3,3592.266377,True,False,True,0.0036385906284301765,2.8382079812343766,,True
9.74894,2,3595.107889,True,False,True,0.0004893501342774407,0.12911807187530583,,False
2.775885,2,3596.262327,True,False,True,0.0053441179219196645,11.912200217024902,,False
8.054892,2,3597.549334,True,False,True,0.006043233888390647,3.0747563458676086,,False
6.96947,2,3600.433432,True,False,True,0.004448143757563307,4.266918971994502,,False
9.908582,1,3601.576444,True,False,True,3.8167207721657685e-09,0.002562605261715894,,True
9.908576,1,3603.134558,True,False,True,3.858369570742781e-10,0.0025748317044199226,,False
-2.71073,13,3611.416394,True,False,True,0.002333432133274857,17.012306301203925,,False
0.770273,1,3613.173022,True,False,True,0.002279503281294621,16.497163582172536,,False
3.301136,2,3614.411019,True,False,True,0.004065987426992378,11.677733720672292,,False
8.364165,2,3615.66855,True,False,True,2.7351150272520364e-10,2.891916340280594,,False
8.292916,1,3616.766093,True,False,True,0.004097608575001306,2.9268029106600384,,False
8.56695,2,3619.549582,True,False,True,1.9313349203472345e-10,2.0790180311162842,,False
9.812646,1,3620.78371,True,False,True,0.00028553217264142006,0.1723969023450825,,False
8.314033,6,3627.32982,True,False,True,0.0005168922324650939,1.423854666500733,,False
6.180807,1,3628.473422,True,False,True,0.00019207621599105426,6.7360775944001805,,False
8.92958,1,3630.411181,True,False,True,0.0025996859787438178,1.7751101372781075,,False
7.526174,2,3631.663724,True,False,True,5.791346326111668e-10,2.999955300224347,,False
-2.929855,11,3642.117122,True,False,True,0.006603812218191055,14.431938754192487,,False
8.249309,1,3643.729079,True,False,True,4.01655649250679e-11,3.0000182407525062,,True
2.002823,7,3652.160702,True,False,True,0.0006454862934288756,14.22886344775197,,False
7.559483,2,3655.311259,True,False,True,0.008957032834517549,4.36191949194945,,False
8.524472,3,3660.161791,True,False,True,0.0025215535123359334,2.941675086248215,,False
4.199555,1,3661.938495,True,False,True,0.00021585204120404614,10.311453342480958,,False
1.666332,5,3664.977853,True,False,True,0.0009745117646381895,14.769591083687699,,False
8.249147,1,3666.612464,True,False,True,3.689437024268291e-10,2.998894751684552,,False
8.490734,3,3670.616612,True,False,True,3.427032962965981e-11,1.4994763738677674,,False
5.480398,3,3675.157334,True,False,True,0.0022098943996461994,7.740002554309214,,False
7.720775,3,3679.380346,True,False,True,0.002164079469469368,3.021185573466269,,False
6.743445,1,3681.170347,True,False,True,5.1061980265962835e-05,5.720233553429328,,False
6.676266,4,3685.194822,True,False,True,0.004560204646180076,5.601259092838088,,False
7.596193,3,3688.096324,True,False,True,0.00211079789547071,4.233727816956872,,False
7.515701,2,3691.02853,True,False,True,2.5693842704914542e-12,3.0000314518075233,,True
3.433005,3,3695.481195,True,False,True,0.005142894432753942,10.449134700794472,,False
8.347399,1,3696.595852,True,False,True,1.0378800506460131e-09,2.8209280075161725,,False
6.680865,3,3700.219025,True,False,True,0.00619057641294357,4.440540683942259,,False
3.756361,13,3717.281326,True,False,True,0.007251161444868554,9.443125596793125,,False
7.739814,1,3718.445231,True,False,True,0.004352603671130301,3.925813387095315,,False
5.304892,2,3722.911596,True,False,True,0.0013627948942396256,7.971334943632132,,False
7.489756,3,3724.20958,True,False,True,2.655202023043495e-10,2.933489391662984,,False
6.997919,2,3727.177887,True,False,True,0.009015235161355566,5.382532425170185,,False
6.101827,1,3728.8929,True,False,True,0.0003474925679167445,6.878792260029777,,False
8.016261,5,3734.558204,True,False,True,0.009046169998467532,2.1660411559608495,,True
5.380004,1,3736.365605,True,False,True,0.0005282340682840623,8.18173168707147,,False
4.92848,8,3744.648374,True,False,True,0.0041467673316957325,6.772575066224636,,False
5.43403,8,3752.939754,True,False,True,0.011841891870736655,5.890255163025817,,True
8.718409,1,3754.573706,True,False,True,0.00021689240931132756,2.1536168409441934,,False
7.725923,2,3756.372363,True,False,True,0.0010355002740983013,3.9468714078727105,,True
5.223085,1,3758.005865,True,False,True,0.0032475593325339033,8.466717027898435,,False
9.690565,2,3760.49746,True,False,True,8.400251327866926e-11,0.23493801921951357,,False
6.033564,1,3761.673851,True,False,True,2.210759796477744e-10,7.001171728608991,,False
3.977704,1,3762.838625,True,False,True,0.0025804848568817974,10.713469413540398,,False
8.551448,2,3766.4431,True,False,True,0.005722369707809943,2.3089751379427783,,False
7.872876,4,3772.390232,True,False,True,0.0005868764677633545,3.234697339123371,,False
8.988371,1,3774.084318,True,False,True,0.005593291331267587,1.6683596089055137,,False
6.978791,4,3779.479368,True,False,True,0.0009127651693143225,4.348131577297233,,False
5.234707,2,3782.896165,True,False,True,0.00484274417630387,8.316518443894667,,False
-25.997646,60,3841.123245,False,False,True,0.006825261565877016,35.62936305460615,,False
8.921867,2,3842.338943,True,False,True,5.257409629911998e-10,1.5785462240921866,,False
9.071787,3,3843.506537,True,False,True,0.0007711376716137419,1.2024599063997483,,False
8.70265,2,3844.715137,True,False,True,0.0022831248149797513,3.5831912242134383,,False
-0.311653,5,3846.075173,True,False,True,0.00922521710463213,17.782836106393194,,False
8.034606,3,3849.836316,True,False,True,0.00010337790556887252,3.0152883547708766,,False
6.813559,5,3854.593297,True,False,True,3.22138509714371e-06,6.39342708717852,,True
9.338305,1,3856.277035,True,False,True,0.0004552826345592149,1.0337721969950562,,False
4.50028,5,3860.552604,True,False,True,8.610874579038832e-05,8.20433654480547,,False
9.907256,1,3861.690597,True,False,True,7.70724797302029e-12,0.0025623879337818407,,False
6.008026,3,3865.787962,True,False,True,0.0003050275555852265,6.770765062508165,,False
8.889557,2,3868.181877,True,False,True,0.005977234067808706,1.7030757667112326,,False
3.081959,1,3869.313838,True,False,True,0.007714916484129145,12.332362797287962,,False
8.47131,1,3870.926807,True,False,True,0.004190546331546423,2.6043153237977466,,False
9.709236,2,3872.836179,True,False,True,0.001021863221674281,0.20395253920971762,,True
8.333069,2,3875.583325,True,False,True,0.005915410686958956,2.3934262969012163,,True
9.817405,2,3879.131896,True,False,True,7.518504055918538e-11,0.0025649115286238188,,False
1.970321,1,3880.849097,True,False,True,0.004339060847206193,14.3347495661664,,False
9.757867,1,3882.599978,True,False,True,0.0007922242410791638,0.276100674386555,,False
8.114626,1,3884.241059,True,False,True,8.038055188600639e-11,3.241395515032657,,False
9.908153,1,3885.417658,True,False,True,1.4579593365428313e-09,0.0025712290280578637,,False
3.731555,3,3886.772033,True,False,True,0.011352283581518156,8.314442483318938,,False
6.133148,1,3888.643901,True,False,True,4.4923855159760276e-05,6.821698196408003,,False
-9.997385,22,3913.964042,True,False,True,0.009987473932751772,5.441357015005187,,False
6.89138,4,3918.696534,True,False,True,0.0019224245939039332,4.3075489760433,,False
9.798708,2,3919.925092,True,False,True,0.0024805561788177476,0.5691009845903813,,False
5.645502,1,3921.120893,True,False,True,0.0011897443343588747,7.703183651536699,,False
9.905199,1,3922.4766,True,False,True,1.7874978046227054e-10,0.00256234554699749,,False
6.101187,3,3924.829558,True,False,True,0.00370037324820954,7.308244021673857,,False
0.369893,5,3930.137778,True,False,True,0.011977795956629348,16.334636476025256,,False
7.03165,2,3931.888027,True,False,True,0.0021824576928037576,5.060334521004071,,False
8.29261,2,3934.768794,True,False,True,0.00042131076538737267,2.7821663818142057,,False
-23.789936,60,3980.36041,False,False,True,0.009346505637268472,13.70925331065726,,False
9.142317,1,3982.048527,True,False,True,0.005909244980578383,1.392666245388772,,False
8.381024,1,3983.254662,True,False,True,0.0011978916557948411,2.763721674586142,,False
7.791686,1,3984.925222,True,False,True,0.005012130635128103,3.8328505828220574,,True
6.442881,1,3986.689624,True,False,True,0.0050284685274272194,6.262416637671491,,False
5.539288,1,3988.430467,True,False,True,0.004859786331741358,7.897181330114116,,False
9.027002,1,3989.664733,True,False,True,0.006333309080480711,1.600525673727181,,False
7.250413,1,3990.822064,True,False,True,6.030721495852664e-11,4.804814697666306,,False
7.62851,1,3992.562902,True,False,True,0.004439558706191933,4.126641647889618,,False
8.467944,4,3996.091844,True,False,True,0.004705862595229158,2.092927985054329,,False
7.461983,1,3997.326905,True,False,True,0.00017248799042598583,4.422957976179171,,False
8.150029,2,4000.16358,True,False,True,1.327206621693151e-10,3.0215393256251923,,False
9.873365,1,4001.740405,True,False,True,5.234847078386395e-10,0.0662200866036102,,False
3.086836,2,4002.931871,True,False,True,0.0051542295978859246,12.257478089961907,,False
6.60807,2,4006.338837,True,False,True,5.3223819137645574e-11,5.821968493941442,,False
8.249313,1,4007.923751,True,False,True,2.0975862541864775e-10,2.999578970992476,,False
4.992689,1,4009.468657,True,False,True,0.000595080707496699,8.880718360710839,,False
4.892555,1,4011.245598,True,False,True,5.920441636941831e-10,9.058151705036826,,False
5.589305,1,4012.867247,True,False,True,0.003709682993597835,7.806292023910017,,False
8.172229,2,4015.658616,True,False,True,0.005870960800419968,1.5980457307825982,,False
9.874929,3,4018.816367,True,False,True,7.135590928313354e-07,0.9540775925860517,,False
6.554868,1,4020.515627,True,False,True,4.1463259487168995e-05,6.057426910981495,,False
3.410463,1,4021.677611,True,False,True,0.002865888621309147,11.73681869038314,,False
7.593691,1,4022.793539,True,False,True,0.0024141288084774137,4.187584513344579,,False
8.541762,1,4024.022259,True,False,True,0.006055562720292174,2.479011107515814,,False
8.263645,3,4025.21165,True,False,True,0.0062693576088817,1.3417654399013552,,False
5.177939,7,4030.528854,True,False,True,0.0024120811824134033,8.858285037256461,,True
9.732063,1,4031.822926,True,False,True,5.640106437443393e-12,0.3170030488010258,,False
7.623309,1,4033.053365,True,False,True,0.00018051072554614193,4.130426308252817,,False
7.794809,1,4034.255337,True,False,True,3.561285127906544e-09,3.8184962464836585,,False
-6.102053,11,4038.184519,True,False,True,0.011584083808089049,3.002756419332253,,False
8.517545,4,4043.459772,True,False,True,9.405622114488921e-11,2.0992299987650123,,True
9.196548,2,4046.231916,True,False,True,0.004871162537849987,1.3964420922606497,,False
8.166166,2,4049.158455,True,False,True,2.8527529151247834e-12,2.9998744428917345,,False
6.686111,4,4053.879786,True,False,True,8.165578192734564e-05,5.263786949640513,,False
8.762176,2,4057.349013,True,False,True,0.005514694397857511,1.872797196831747,,False
9.078544,1,4058.92009,True,False,True,4.4595643096360187e-10,1.500030012332611,,False
9.818067,2,4062.407056,True,False,True,9.495437769402315e-11,0.002568546904608082,,False
8.203772,2,4065.384119,True,False,True,0.005609742389431845,2.9441049254445137,,False
8.02034,1,4066.616687,True,False,True,0.000442098481319389,3.41261425353074,,False
6.809992,1,4068.303722,True,False,True,0.0060539923319473735,5.605976584986866,,False
9.451537,1,4070.085385,True,False,True,0.004146963542644434,0.8316627692910936,,False
9.683179,2,4073.323442,True,False,True,5.1176396453911366e-11,0.4235994979142116,,False
5.49188,1,4074.949155,True,False,True,7.667448560470368e-05,7.978543998039541,,False
4.186996,2,4077.180015,True,False,True,4.3961411420878616e-10,10.099244844358012,,True
2.779684,1,4078.251958,True,False,True,0.0014898689111905008,12.873522382353016,,True
6.995599,1,4079.42278,True,False,True,0.00019992794664091661,5.2651301453426145,,False
8.590361,1,4080.631261,True,False,True,0.0034290955111220935,2.3885632139892223,,False
9.908169,1,4081.794119,True,False,True,8.807603465875295e-11,0.002567801420442639,,False
8.06373,1,4083.473747,True,False,True,0.006068016570146564,3.340272258973726,,False
9.689491,2,4085.203,True,False,True,0.0011759920345586457,0.24021596399313896,,True
8.494206,1,4086.939133,True,False,True,0.0013548989581276677,2.5598033054464064,,False
8.76977,2,4088.650662,True,False,True,0.004616002514319188,0.9512622359109953,,False
8.609412,1,4090.338803,True,False,True,0.004083378913415189,2.355200680365844,,False
8.283583,1,4091.456165,True,False,True,0.00015827250118140968,2.9390582027893783,,False
8.178524,2,4094.927689,True,False,True,6.585223436047249e-12,2.9685123232080977,,True
8.395687,2,4096.111836,True,False,True,0.0009830577250422579,2.3056546987092554,,False
8.255357,1,4097.830621,True,False,True,6.206552780330753e-11,2.9894416459086375,,False
8.259946,2,4101.225392,True,False,True,0.0036445467904439254,2.798641839874817,,False
9.77622,1,4103.012306,True,False,True,0.0009351498797469948,0.2424772692045738,,False
9.081179,1,4104.700033,True,False,True,0.00014453393136848217,1.4928465099394446,,False
9.90532,1,4105.922949,True,False,True,6.179465550371077e-10,0.0025636023444758735,,False
0.780607,2,4107.738142,True,False,True,0.004349194303389498,16.36395913954242,,False
4.199611,2,4110.688568,True,False,True,1.0376818868462275e-10,10.18077957789003,,False
-12.579322,60,4154.444453,False,False,True,0.003078173077000996,49.16149029892829,,False
7.232424,1,4156.09551,True,False,True,0.009720679636173929,4.846922743982328,,True
6.849542,7,4159.026231,True,False,True,0.004657374892795695,5.163638573963374,,False
6.761073,1,4160.755306,True,False,True,0.008852507765772719,5.6963089857114495,,False
9.90804,1,4161.885537,True,False,True,2.4711239956005926e-10,0.0025640244094211366,,True
9.560718,1,4163.161958,True,False,True,2.0933801914146954e-10,0.6307841609610102,,False
-25.347056,60,4228.673073,False,False,True,0.0005627923773010401,17.23490882707639,,False
3.060796,4,4234.125569,True,False,True,0.000310511961301772,11.278506627360048,,False
2.37396,4,4238.037642,True,False,True,0.0025506194294975006,11.545080229334202,,True
5.50779,2,4240.746204,True,False,True,0.000228792335432184,7.120973415271647,,True
7.628271,1,4243.774226,True,False,True,0.0023105459235139513,4.123930569276938,,False
8.622254,1,4245.016491,True,False,True,0.010906409937387394,2.338889881826514,,False
8.760427,3,4248.980434,True,False,True,0.004278205653507753,0.8603897204709857,,False
7.424906,2,4251.473503,True,False,True,1.1384968839438422e-10,3.965971038999005,,True
8.883165,1,4252.830474,True,False,True,0.002148883486024693,1.8583991109571432,,False
7.811472,1,4254.274054,True,False,True,0.0003496083509018378,3.7909219433098746,,False
7.426472,3,4258.072506,True,False,True,0.002397848500213382,3.937897861763882,,False
5.734732,1,4259.491691,True,False,True,0.0041597113793474675,7.544460437158747,,False
8.988687,1,4260.928563,True,False,True,0.002301886980554309,1.6674494892597325,,False
7.505998,1,4262.115385,True,False,True,0.005622070872912557,4.348768405285915,,False
5.665388,1,4263.397242,True,False,True,5.624056537821293e-05,7.666260983471253,,False
7.6487,1,4264.670588,True,False,True,2.457983278049391e-11,4.084881613174666,,False
8.320854,1,4265.963276,True,False,True,5.870194424492907e-11,2.8682177538563165,,True
4.903978,1,4267.235242,True,False,True,0.0024103143477452824,9.042294773059963,,False
5.446847,1,4268.482104,True,False,True,0.0057991430192077704,8.065572567086083,,False
1.93776,1,4269.625102,True,False,True,2.393847967074869e-11,14.390862783808315,,False
4.659684,1,4271.025177,True,False,True,0.009386296242044484,9.488207399482736,,False
5.460195,3,4274.811459,True,False,True,0.000759098981350282,6.9574615961160955,,False
5.185481,2,4277.299193,True,False,True,0.002535788585097162,8.402179248803085,,False
7.094222,3,4278.690312,True,False,True,0.001626613782263888,4.669639815416742,,True
6.768652,3,4282.786638,True,False,True,8.366855936258605e-07,4.22218221720072,,False
-3.375875,19,4297.08649,True,False,True,0.0047782895972495205,14.392747524173641,,False
9.807381,1,4298.444555,True,False,True,1.8384633052037636e-10,0.18098548257560243,,False
6.974968,1,4299.828768,True,False,True,0.005924104670725153,5.308094281416268,,False
-4.568893,11,4302.467898,True,False,True,0.00840991105572283,5.635272674218173,,False
9.908138,1,4303.764552,True,False,True,2.405120261373851e-10,0.002562345973713578,,False
4.938429,1,4305.041388,True,False,True,1.3345598567459197e-10,8.978122458050574,,False
9.29607,1,4306.43177,True,False,True,5.266952013416315e-10,1.1043071454753695,,False
8.278087,1,4307.685,True,False,True,5.921827351401676e-09,2.948793338950256,,True
5.266487,1,4309.030717,True,False,True,0.00045139136781691515,8.38651832172657,,False
9.153533,1,4310.4177,True,False,True,0.00879258927862895,1.3779033384690156,,False
7.657112,1,4311.770958,True,False,True,0.00027020966529460455,4.070298348343335,,True
7.614618,2,4313.12543,True,False,True,3.964807107625923e-09,2.877823468048017,,False
8.856189,2,4315.578934,True,False,True,0.004757973797036505,1.6221173030115341,,False
0.648453,12,4317.127409,True,False,True,0.0038981063564179136,6.260791582429135,,False
3.676236,2,4318.250409,True,False,True,0.009803606716809077,10.701850516228463,,False
0.131743,10,4327.637528,True,False,True,3.4190646841514294e-11,15.732258089151303,,True
2.27372,4,4332.982895,True,False,True,0.004759964116134854,11.644395760568875,,False
0.003959,1,4334.460792,True,False,True,0.0007071564582291773,17.87778494214184,,False
9.524213,1,4335.757795,True,False,True,0.0003149118269574315,0.6972728799018018,,True
9.060444,3,4339.821456,True,False,True,0.002280950689978758,1.5470737834713841,,False
9.127163,1,4341.34856,True,False,True,0.003208601835939463,1.4183673284625498,,False
-4.640488,28,4369.380435,True,False,True,0.006980358766708295,16.59322876490247,,False
7.659274,2,4372.222307,True,False,True,0.0009139658563971754,3.693660318969226,,False
4.714845,1,4373.484446,True,False,True,0.004892038504481408,9.385460001196718,,False
6.224366,3,4377.41097,True,False,True,0.0031926677509395316,7.476073797040838,,False
-17.629712,60,4429.864808,False,False,True,0.022591718500456118,33.223294828786315,,False
6.944507,2,4432.442866,True,False,True,8.152773121795302e-05,4.836728843866671,,False
8.953299,2,4435.24397,True,False,True,0.005637810472713198,1.6567925932716205,,False
8.160185,1,4436.573807,True,False,True,0.005280911618110645,3.1636518807032465,,True
7.230132,1,4437.78977,True,False,True,0.0029185948117704005,4.844525751189409,,False
5.848697,3,4440.531913,True,False,True,0.0041087592730983755,5.59556411292962,,False
8.249478,1,4441.937571,True,False,True,3.3503520672299206e-09,2.999996363156199,,False
7.710347,1,4443.183185,True,False,True,0.007428334056555703,3.9821487547832426,,False
9.076658,1,4444.482989,True,False,True,0.006120328490091077,1.5087281398435144,,False
3.976267,1,4445.81694,True,False,True,0.0012492359527075416,10.715070974950557,,True
6.471525,2,4447.21136,True,False,True,0.0010055876117280177,6.134496534492588,,False
9.890742,1,4448.411285,True,False,True,0.00012543523457308578,0.03203405932423362,,False
7.805051,1,4449.667589,True,False,True,0.0025611599113299632,3.8022552072362523,,False
8.171346,1,4450.881973,True,False,True,0.0021307032135341884,3.14411415069336,,False
-5.860173,14,4457.790505,True,False,True,0.008717569319041673,4.37098053395412,,False
8.499612,4,4464.939179,True,False,True,5.8942649846197015e-05,2.081521982820919,,False
1.76452,3,4469.05759,True,False,True,3.743468006374267e-09,13.33906303200157,,True
6.695928,4,4475.900678,True,False,True,0.002445448947822948,4.783752514470635,,False
-20.663317,60,4519.609106,False,False,True,0.03134833264059275,88.9378400188728,,False
1.441332,5,4524.572601,True,False,True,0.009310237894107141,11.966104728593521,,False
3.253453,1,4526.152812,True,False,True,6.953033307097178e-09,12.018000544079204,,False
4.668894,1,4527.299836,True,False,True,0.00050166580659419,9.464891695756796,,False
7.569858,1,4529.084068,True,False,True,1.8637603825446408e-07,4.227955437542875,,False
9.960981,2,4532.109126,True,False,True,0.0047848991294028535,1.3730320631579893,,False
6.253543,2,4533.876103,True,False,True,0.00659355884424619,5.710740108562848,,False
3.575694,10,4543.9894,True,False,True,0.009723694837475384,4.436417841125004,,False
9.226602,1,4545.673358,True,False,True,0.004590619992631896,1.2406188769213653,,False
9.840158,1,4546.856255,True,False,True,0.00032507978422983627,0.12670691783447763,,False
2.249287,2,4549.706161,True,False,True,0.0013528654893922958,14.128911663112651,,False
6.647232,2,4553.188089,True,False,True,0.002526240682220071,5.615311946472559,,False
6.068862,4,4556.943264,True,False,True,1.6982470985027476e-11,5.685925873468564,,True
4.713345,1,4558.40174,True,False,True,0.0024444633626327476,9.386264038112031,,False
8.081688,1,4559.796865,True,False,True,1.5946462248227944e-09,3.29696541512159,,False
7.71582,2,4560.85032,True,False,True,0.004202309276631091,3.82843549503714,,False
9.731028,3,4565.16658,True,False,True,2.742718219831869e-12,0.0025625940259721754,,True
8.689164,3,4568.407176,True,False,True,7.448424524208131e-12,1.842043945996114,,False
9.908215,1,4569.467436,True,False,True,2.223454197814206e-09,0.00256416854098143,,True
3.845857,3,4570.643928,True,False,True,0.00015418640365222856,9.936743585955835,,False
7.750739,1,4572.203979,True,False,True,0.005291326845015999,3.9064347757754656,,False
9.454113,1,4573.911986,True,False,True,0.004080013700398389,0.8293634200244729,,False
7.645643,2,4575.529169,True,False,True,0.0036142955284793887,3.437997180340501,,False
1.330583,2,4577.660498,True,False,True,0.009647181990916314,15.177180317315376,,False
9.905736,1,4579.475931,True,False,True,7.747892605269868e-11,0.0025625224858409194,,False
8.42627,2,4582.227732,True,False,True,1.0702819656656853e-09,2.9836844112298953,,False
8.250696,1,4583.800679,True,False,True,7.665094114983617e-10,2.998271259257034,,False
8.239156,1,4585.540659,True,False,True,0.0059802366100296005,3.0246260018615807,,False
8.255581,1,4586.635854,True,False,True,3.3597258780262996e-05,2.9859598326102805,,False
5.127597,1,4588.422664,True,False,True,0.0050509107247509125,8.640958814062618,,False
5.363762,2,4590.059115,True,False,True,0.002190611395664161,7.142372580527391,,False
7.499736,1,4591.669889,True,False,True,0.006055420898622779,4.357543232877238,,False
8.201403,1,4593.072657,True,False,True,6.634390779802768e-11,3.0873115291617617,,False
3.364872,1,4594.100362,True,False,True,0.006360428977541466,11.821358989702885,,False
8.750075,1,4595.63365,True,False,True,0.004014302580054632,2.1010640733151718,,False
9.137008,1,4597.034524,True,False,True,0.005907620072758482,1.402929324323163,,True
9.646727,1,4598.013524,True,False,True,0.002587078780241474,0.47940186851249483,,False
7.203686,2,4600.169596,True,False,True,0.00011893834377920331,4.744358008003136,,False
3.185512,1,4601.882607,True,False,True,0.004136557497695261,12.143375624441834,,False
9.32788,2,4604.562529,True,False,True,0.004642092837276012,1.2616393263565082,,False
9.908314,1,4605.65029,True,False,True,1.377185431087608e-10,0.0025625985771654406,,False
9.817563,2,4608.267068,True,False,True,1.5790169200258213e-10,0.0025624495213833923,,False
8.515311,1,4609.804,True,False,True,0.004146462285786917,2.5249889623439636,,False
8.445934,2,4612.334081,True,False,True,0.0020559012942004793,2.5144838008538044,,False
8.510978,1,4613.414341,True,False,True,0.005068514673127258,2.5333752428882437,,False
5.068991,1,4614.52182,True,False,True,0.004631311375945536,8.746360261252786,,False
1.32488,1,4615.610614,True,False,True,0.0001634187054600461,15.496082977330904,,False
5.920242,1,4616.699289,True,False,True,0.008890261907608858,7.213951174082792,,False
9.015031,1,4617.794935,True,False,True,0.0006772046367111983,1.6178806354400181,,False
7.631646,1,4618.883336,True,False,True,0.000775889137703191,4.116231733981554,,False
8.408255,1,4619.923773,True,False,True,0.0021291411894734883,2.710406631470629,,False
7.708391,2,4620.911819,True,False,True,0.0066498388885211975,3.8415285664664505,,True
1.64553,5,4622.208886,True,False,True,0.0009677625567691799,11.331559449187258,,False
9.906092,1,4623.903369,True,False,True,4.1610813232562105e-10,0.002563173384787673,,False
9.213552,1,4625.755623,True,False,True,0.011998614503411054,1.273011598679859,,False
6.516345,2,4627.255989,True,False,True,0.004510532333034396,6.329017826762339,,False
9.908308,1,4629.011161,True,False,True,3.1961615173349867e-10,0.002563644283980674,,False
7.649278,9,4635.118229,True,False,True,0.004909182698847721,1.9820639536690108,,False
3.905826,2,4637.761191,True,False,True,0.00015903575860514753,11.010382913606618,,False
8.246561,1,4639.453185,True,False,True,5.703530009393276e-10,3.000114379077811,,False
7.880293,2,4641.003337,True,False,True,0.0038004903419973056,3.526769228974836,,False
6.312712,1,4641.981011,True,False,True,0.0008310089665940888,6.498598311582451,,True
9.454268,1,4643.559127,True,False,True,8.731010194284777e-05,0.8238061681921545,,False
9.173305,2,4646.285779,True,False,True,0.002340198948633079,1.1797498357238472,,False
8.646519,5,4653.403457,True,False,True,0.003041856944047572,0.8786225224449182,,False
7.046071,1,4654.982374,True,False,True,0.0052862216785079935,5.176273903759691,,False
5.461529,2,4657.550325,True,False,True,3.3393513097905686e-05,7.59445107843953,,False
4.046628,11,4668.757343,True,False,True,0.004780725400391624,8.021742102069846,,False
2.725751,3,4673.672173,True,False,True,0.004761533132779047,13.050555320547454,,False
9.650622,1,4675.484487,True,False,True,0.002561394543891337,0.47233013706507093,,False
10.059338,2,4678.47648,True,False,True,0.0030280322725428563,0.5536069439930106,,False
6.995719,1,4679.961462,True,False,True,0.0044888916160258936,5.268788834748681,,False
6.928169,3,4684.207528,True,False,True,0.0002413265066735076,5.492266530257773,,False
8.057982,2,4687.328114,True,False,True,0.0004943642007711763,3.1965429414823285,,False
9.905313,1,4689.161399,True,False,True,7.348469009634619e-11,0.002572888636595105,,True
8.220167,1,4690.186297,True,False,True,4.930441660729227e-05,3.05347729783,,False
8.427221,1,4691.206019,True,False,True,0.010389478934644512,2.690616510363478,,False
9.908582,1,4692.288566,True,False,True,1.7416258019098407e-10,0.002563482208876435,,False
9.906306,1,4694.008053,True,False,True,5.631252408822007e-12,0.002573326740831002,,False
5.589584,1,4695.656705,True,False,True,0.006459959867233224,7.80857676259553,,False
-34.863251,60,4738.081904,False,False,True,0.01636192932138971,29.144733844226614,,False
8.551008,2,4741.305647,True,False,True,0.0009695109343265683,2.666852044100462,,False
5.809689,1,4742.960692,True,False,True,0.005783854241186395,7.4075222049677345,,True
3.591873,1,4744.619963,True,False,True,1.2187943693617483e-05,11.407560098157358,,False
9.817156,2,4746.807693,True,False,True,5.420330124592232e-11,0.0025623533701144784,,False
9.611445,1,4748.37766,True,False,True,0.002166116680356541,0.5425938233072441,,False
6.400502,2,4749.567257,True,False,True,0.005975721075465571,5.568077090565745,,False
6.941721,1,4751.085765,True,False,True,0.006692547948917918,5.368818605735481,,False
7.901189,1,4752.715806,True,False,True,0.0023546121691254973,3.6317177842435817,,False
8.530277,4,4756.087388,True,False,True,0.005027410891334766,2.0122063606037655,,False
7.439949,3,4760.002877,True,False,True,1.3821684970168925e-05,3.008709934775862,,False
7.861999,3,4761.174741,True,False,True,0.006107600116598073,2.8394978130991726,,False
8.968506,1,4762.301438,True,False,True,1.438815816351475e-10,1.7014758307139282,,False
6.28145,1,4763.435701,True,False,True,0.002315783161000895,6.556447778040834,,False
9.904195,1,4765.114295,True,False,True,5.6622222907832077e-11,0.0025634843415101244,,True
8.277178,7,4769.675466,True,False,True,0.0024344600144663737,1.3655680585862795,,False
9.908231,1,4771.329971,True,False,True,9.037219583785117e-11,0.0025878910150241644,,True
7.735815,1,4772.767187,True,False,True,0.004507762438597186,3.9319541103939657,,False
9.126345,3,4776.564905,True,False,True,0.01153254881975907,1.421999960181379,,False
2.656984,1,4778.116298,True,False,True,1.1403005865939786e-09,13.093816337191308,,False
8.385476,1,4779.845131,True,False,True,0.0005509980890131277,2.7544483625189278,,False
5.259929,7,4785.454259,True,False,True,0.011036481374616394,5.490675475078118,,False
9.90514,1,4787.241249,True,False,True,5.122895716169106e-10,0.0025624597621343457,,False
8.268083,1,4788.896194,True,False,True,3.6137401404623404e-10,2.9625508870082493,,False
8.955626,1,4790.506109,True,False,True,0.00783966306292215,1.7336467877263408,,False
8.430624,1,4792.303298,True,False,True,0.010818686290474822,2.6850434621523096,,False
3.487601,1,4793.463552,True,False,True,0.00021115981124668337,11.595800030299191,,False
9.173375,1,4795.330363,True,False,True,0.004328425896073113,1.336537130949647,,True
8.47096,2,4797.49391,True,False,True,3.3556045338223317e-09,2.864288764656693,,False
4.595915,1,4798.6862,True,False,True,0.010336428904781546,9.603361897146266,,False
8.938168,1,4799.942047,True,False,True,0.005279831460168763,1.7581180991669487,,False
8.433241,1,4801.065221,True,False,True,0.001962579511708835,2.6709014154224273,,True
8.425814,1,4802.202285,True,False,True,0.00033137629252084563,2.678008075164251,,True
7.71089,2,4803.428081,True,False,True,0.0021221951298794747,3.3117590733342643,,True
9.102438,1,4804.916919,True,False,True,0.0002765380545700956,1.4598381351461507,,False
8.065377,1,4807.09722,True,False,True,4.02167603786469e-11,3.333012607502736,,False
7.538875,1,4809.298028,True,False,True,1.5075581106379885e-11,4.282880030101749,,False
7.983355,1,4811.601015,True,False,True,0.004135662548956243,3.485842870574334,,True
6.274456,1,4813.844481,True,False,True,0.0015649491398730397,6.568359488764088,,False
7.434688,3,4818.270835,True,False,True,0.0003649570504092074,3.031020109484173,,False
8.908961,1,4821.387101,True,False,True,0.0010648352503368494,1.809585761312736,,False
7.749591,1,4823.708526,True,False,True,0.0058660356024924296,3.9066189538459617,,False
4.843042,2,4827.285724,True,False,True,0.0013218496669015114,8.379838433091708,,True
5.090237,1,4829.148192,True,False,True,0.0028645623506453194,8.70660334488953,,False
8.24941,1,4830.938321,True,False,True,1.0257433513553196e-09,2.999880242202437,,True
2.646461,3,4835.889971,True,False,True,0.002421078059181129,11.864766765349534,,False
8.67596,1,4837.398713,True,False,True,0.003087657626374237,2.2329951546738522,,False
8.402467,4,4846.265571,True,False,True,0.007130549321398868,2.147800714097725,,False
7.755041,3,4850.243613,True,False,True,0.002366404345403514,3.568328901425784,,False
8.902109,2,4854.601357,True,False,True,8.029776715073877e-09,1.61948067736201,,False
3.112668,12,4877.76676,True,False,True,0.009175400329629851,2.4906297262857766,,False
5.354582,5,4887.42656,True,False,True,0.001724264924359903,7.287497478673038,,False
2.77754,4,4895.079236,True,False,True,0.0005242064631213478,12.515311285736447,,False
8.896402,1,4897.073023,True,False,True,0.005010937160377454,1.8356627500416678,,True
3.532367,3,4902.739258,True,False,True,0.00045358228314370955,9.671397173015903,,False
9.050743,1,4904.670544,True,False,True,0.002721611518354844,1.5500816537070576,,False
9.908382,1,4906.527487,True,False,True,1.8586901890690008e-10,0.00256237769274382,,False
8.125214,5,4913.570573,True,False,True,0.0010976948824925423,3.2308966337020646,,False
6.348931,2,4917.014371,True,False,True,0.003928935597093704,6.242777014847416,,False
8.345802,1,4918.964808,True,False,True,0.0011780246115103588,2.8273984886222574,,True
7.700277,1,4920.985412,True,False,True,0.005278315214219446,3.99371695518954,,False
5.989627,1,4922.436699,True,False,True,0.006222327793321736,7.082390480157642,,False
8.251551,1,4924.319367,True,False,True,2.9344335125182755e-11,2.995845011655069,,False
3.411313,3,4929.137024,True,False,True,0.011969228452078961,11.175492245328149,,False
8.489731,1,4931.131495,True,False,True,0.002295629427358477,2.5679055572135394,,False
7.708609,1,4933.132644,True,False,True,0.005013710734291965,3.977176011371344,,False
8.443028,1,4935.040791,True,False,True,0.0054125398563986404,2.656811895083859,,False
9.79332,1,4936.482486,True,False,True,3.285503881436717e-10,0.2109024883229938,,False
3.665745,1,4938.527526,True,False,True,0.00497372240115293,11.277838550751241,,True
7.70663,2,4942.215341,True,False,True,0.002974357527654518,3.8337238743923434,,False
9.487285,3,4944.987942,True,False,True,0.0010641424990261406,0.20765812246438828,,False
-15.115984,60,5002.333272,False,False,True,0.040283344909787196,25.449119601507437,,False
7.710009,1,5003.807008,True,False,True,0.0006961670656825403,3.975139024472301,,False
9.08526,1,5005.230038,True,False,True,2.716332224879381e-05,1.4886513060384945,,False
6.105795,2,5006.789367,True,False,True,0.004086923295833248,7.37037055165643,,False
3.139979,1,5008.238777,True,False,True,6.622300882759102e-06,12.222682499479058,,False
9.373003,1,5009.527478,True,False,True,0.0006231746264152987,0.9673618597103428,,False
8.656265,1,5011.001215,True,False,True,0.01094370912389591,2.2780560824640537,,False
1.646449,1,5012.537146,True,False,True,0.005061631762085669,14.918723807503438,,False
-1.625406,4,5014.02984,True,False,True,0.003511060828268916,17.404411314669062,,False
8.083333,3,5015.579389,True,False,True,0.008485059602773041,2.571479312272067,,False
9.3941,1,5016.976331,True,False,True,1.911982084387362e-11,0.9319099929919024,,False
6.760024,1,5018.405727,True,False,True,0.0051336703543641395,5.694910610079301,,False
2.192716,2,5019.925459,True,False,True,9.175595522802863e-05,10.7077813264229,,False
7.951079,3,5021.425615,True,False,True,8.919263189098769e-05,3.036028879908532,,True
8.47332,2,5023.068624,True,False,True,0.00011865167144076844,3.1057437150308393,,False
9.11179,2,5025.987968,True,False,True,0.000605531779397745,1.858248829705476,,True
-21.564699,60,5105.247422,False,False,True,0.009661076920335273,18.070453024793295,,True
8.867388,2,5107.632523,True,False,True,0.0060185386915435485,1.6815597115083172,,True
8.772955,2,5108.937866,True,False,True,0.0028347251561068325,2.12337646754547,,False
8.217585,1,5110.341744,True,False,True,0.009705762511251268,3.0681280815387013,,False
7.440358,1,5111.472071,True,False,True,0.006232951016904179,4.467153576998677,,False
3.865386,1,5112.520227,True,False,True,3.284334696568303e-11,10.914148826461844,,True
6.062956,1,5113.815334,True,False,True,0.002625034357634742,6.950626891073475,,False
8.989589,1,5115.42664,True,False,True,0.000980515913024921,1.6633135035059576,,False
6.794303,2,5116.54972,True,False,True,5.230746577530865e-06,5.485609950434571,,False
7.719508,3,5117.880061,True,False,True,0.0012830162985748733,3.5142824748024197,,False
-8.990025,20,5140.670451,True,False,True,0.009442716233607148,13.023066827767927,,True
4.847937,2,5143.264215,True,False,True,0.0005919898681144894,9.009461140449124,,False
1.268006,1,5144.994572,True,False,True,0.0004315767583606047,15.598783851791397,,False
9.326777,1,5147.583062,True,False,True,0.002146446760059319,1.0561548345951084,,False
8.691578,2,5152.297873,True,False,True,0.00454741101445123,3.965919464937807,,False
7.658665,2,5156.098285,True,False,True,1.307445597217553e-11,4.2391482109124325,,False
7.563329,1,5158.481659,True,False,True,1.4238195515647679e-09,4.239746177275627,,True
9.907752,1,5160.822978,True,False,True,8.613045553697102e-11,0.0025635321120397914,,False
2.672095,2,5165.184012,True,False,True,0.004657917165146021,12.728857394720695,,False
8.248197,1,5167.077267,True,False,True,9.44431755023345e-11,2.9999458172251914,,True
3.044215,4,5174.349956,True,False,True,7.253305733811999e-10,11.641622009978336,,False
7.581564,2,5178.209872,True,False,True,0.005993497029261927,4.003595742926679,,False
9.636602,2,5181.918595,True,False,True,0.00031365400297241053,0.17136457384400858,,False
4.696315,1,5182.996299,True,False,True,8.451074239718137e-09,9.414998601307328,,False
8.223276,1,5184.398976,True,False,True,2.5189202270099645e-05,3.0390572390844306,,False
9.535365,1,5185.990437,True,False,True,0.0028842044400006336,0.6793286533241796,,True
8.795956,2,5188.912992,True,False,True,0.0054830885039642745,1.867212256336107,,False
2.675397,3,5191.403678,True,False,True,7.613320350110305e-05,9.683336777970002,,True
-10.329653,33,5223.193663,True,False,True,0.00967645806771077,17.301360076066473,,True
7.553036,2,5227.256974,True,False,True,0.002413365897338971,4.1165430848935705,,False
6.942255,6,5234.083719,True,False,True,0.007237834982862679,2.685829365615693,,False
4.384283,2,5236.246712,True,False,True,0.0011378011973469347,9.687526591368771,,False
9.118855,4,5243.489584,True,False,True,3.475575244271667e-10,1.4939649521584049,,False
6.796753,2,5247.285597,True,False,True,0.0020352332762832853,5.060019148990902,,False
9.525832,2,5249.042968,True,False,True,0.0020680982548535037,0.5390232789531395,,False
9.044885,1,5250.491846,True,False,True,0.0012387168179992122,1.5619640629999272,,False
9.436373,1,5252.199634,True,False,True,0.004246274399074049,0.861625029276563,,False
7.750673,2,5255.58698,True,False,True,0.0017011857307045282,3.7569321567528347,,False
8.959393,1,5257.893569,True,False,True,0.0002657133229898856,1.7124109756735397,,False
0.745524,1,5259.643755,True,False,True,0.0065069983814299275,16.54391266470869,,True
9.342034,2,5262.843017,True,False,True,0.005916664400154467,1.7162728253121278,,False
9.908528,1,5264.3674,True,False,True,3.73326342402525e-09,0.0025873245160663574,,False
-22.966286,27,5282.052779,True,False,True,0.009301340135639453,16.878379787165912,,True
9.630909,1,5284.065581,True,False,True,0.002318207979149331,0.5076257894481125,,False
3.087843,3,5287.832491,True,False,True,0.0016523382468200346,11.919150957635546,,False
1.512148,2,5289.778567,True,False,True,0.0031471499933383995,15.041772973574314,,False
7.102356,3,5294.44121,True,False,True,0.0029216693069316823,4.064253872465221,,False
7.364259,2,5296.248051,True,False,True,0.00585856642761555,4.464887581351015,,True
6.431601,3,5297.571156,True,False,True,0.010732100850131794,6.203306306142305,,False
9.906694,1,5298.891861,True,False,True,1.31878796078011e-12,0.00256289296530886,,False
2.032907,2,5301.510411,True,False,True,0.0075386249539952654,13.0027513495956,,False
9.329171,5,5304.307982,True,False,True,0.004921856413712972,2.0941325894666023,,False
7.565992,1,5305.937613,True,False,True,8.112296737139424e-09,4.234936804756121,,False
8.249793,1,5307.801233,True,False,True,1.9167552769848833e-10,2.9999036027048573,,False
3.295857,1,5309.652639,True,False,True,4.407853249066562e-11,11.941514994364256,,False
9.261451,2,5313.654685,True,False,True,0.00364754818759299,1.0125127414521145,,False
2.986026,1,5315.203682,True,False,True,0.0021669976023185656,12.501838185204315,,False
8.691323,1,5317.059731,True,False,True,4.949564508249793e-10,2.201712084291854,,True
6.797281,2,5318.796147,True,False,True,0.0041694009977942086,5.052491810309186,,False
9.653152,1,5320.862748,True,False,True,0.002536620908418204,0.4677254597032305,,False
9.015669,1,5323.068043,True,False,True,4.286156105778524e-06,1.616263456039471,,False
8.652172,2,5325.07079,True,False,True,1.2093101338136732e-05,1.498023749311281,,False
5.741549,2,5328.330002,True,False,True,0.010595429879702509,7.409507685029684,,False
8.734514,1,5330.398073,True,False,True,1.2154671574782228e-09,2.120201957634356,,False
2.603746,5,5334.660474,True,False,True,0.002065546979280526,12.230527819523086,,False
-0.163978,4,5339.502478,True,False,True,0.004420488263779466,15.0589096902355,,False
9.906759,1,5341.735811,True,False,True,1.627438803392682e-08,0.002562850018034411,,False
8.085935,2,5343.464631,True,False,True,0.007335922381646091,2.7666011957213623,,False
9.500357,2,5347.693218,True,False,True,6.500799898390142e-12,1.112850710045651,,True
7.747478,1,5349.232371,True,False,True,0.0041658482064925355,3.9117793823233087,,True
5.090983,2,5352.029719,True,False,True,0.0047489229327704035,8.461017535086961,,False
5.026466,3,5356.398559,True,False,True,4.1469068456922997e-10,8.614408424667733,,True
2.941744,1,5358.137921,True,False,True,0.00021827565603952607,12.58038053402635,,False
5.168939,2,5360.699479,True,False,True,0.0002821287672835192,8.592994126435219,,True
8.071981,1,5362.643934,True,False,True,0.002882036027617189,3.324419976397066,,True
7.837797,2,5365.638381,True,False,True,0.0004063670234668512,3.596035681224706,,False
8.277566,1,5366.969208,True,False,True,6.470590729890091e-11,2.9495854946510205,,True
3.131063,7,5377.153599,True,False,True,0.0003531250240497606,10.182219893373764,,False
8.228893,1,5380.822954,True,False,True,0.00011699083737962418,3.0371878835927673,,False
9.908324,1,5382.603968,True,False,True,1.8290954859176024e-11,0.0025624667315108955,,False
9.074709,1,5384.190845,True,False,True,0.009971570987298409,1.5207896621088872,,False
0.150646,3,5386.696899,True,False,True,0.002899455589120125,17.19754003153562,,False
6.296323,1,5388.404841,True,False,True,0.005063079717706277,6.532123358254627,,True
4.246025,1,5390.462394,True,False,True,0.0035745602152316945,10.230188750676557,,False
7.618769,1,5392.044969,True,False,True,0.00020494581832705694,4.139858561675578,,False
7.121114,1,5393.559181,True,False,True,0.00041199719890098113,5.035008723626117,,False
6.280701,2,5396.247529,True,False,True,0.004624650699704788,6.010767960892512,,False
2.876492,2,5399.04802,True,False,True,4.519429969152e-12,12.573020769617038,,False
9.908328,1,5400.895683,True,False,True,6.445812200475288e-10,0.002563845868364882,,False
9.328177,1,5402.976326,True,False,True,0.004793893892092132,1.05725587752245,,False
4.816953,1,5405.235573,True,False,True,0.00025829590626577723,9.197538152691646,,True
5.95684,1,5407.172061,True,False,True,0.0048026115610924165,7.1445250611786895,,False
7.909161,1,5409.001639,True,False,True,0.006237462630899512,3.6220292236373424,,True
6.962667,2,5410.881905,True,False,True,4.0182833997582525e-09,4.727738809513156,,False
4.587511,1,5412.586375,True,False,True,0.0043745336722769215,9.614774057609033,,False
-0.307576,3,5414.254404,True,False,True,6.479928642277866e-10,17.812355708310495,,False
8.031966,4,5418.275616,True,False,True,1.3683262856112322e-11,2.1213211505556413,,False
8.888278,1,5419.508778,True,False,True,0.005496971367033601,1.850693109694235,,True
9.856353,1,5420.738802,True,False,True,0.000372525996649853,0.09669424090940602,,False
11.180036,5,5425.001251,True,False,True,0.005228501591840485,1.7605667403327474,,True
9.578265,3,5427.729039,True,False,True,0.0005404806485927935,0.1412288277858749,,False
9.908343,1,5429.209659,True,False,True,1.6200818939816915e-11,0.0025623893561449954,,False
8.182927,5,5436.818312,True,False,True,0.004305784389437131,2.109394115677632,,True
9.90534,1,5438.597939,True,False,True,1.646779934638687e-11,0.002562345262520059,,False
9.171044,1,5440.531568,True,False,True,0.0052901719940603165,1.3381215895124317,,False
9.907297,1,5442.04073,True,False,True,4.641494653900846e-10,0.002562527037161244,,False
8.249114,1,5443.650633,True,False,True,2.4688435986219426e-10,2.999983348239991,,False
9.000057,1,5445.353484,True,False,True,0.004767806074508424,1.6500492059266183,,False
8.145559,1,5446.838953,True,False,True,2.4937869200214458e-09,3.188183259997405,,False
4.144386,3,5451.284942,True,False,True,0.0009647203178245714,10.167538924052407,,False
7.169465,1,5452.981702,True,False,True,0.00013880234339482076,4.951132805335249,,False
9.848753,1,5454.491416,True,False,True,0.0005341171432042724,0.11126795826659794,,True
9.298094,1,5456.055469,True,False,True,2.2235251344619386e-06,1.1059202054306077,,False
7.513802,1,5457.530913,True,False,True,2.1994544177471815e-10,4.329187721895326,,False
8.248353,1,5459.149025,True,False,True,1.6671048827534147e-10,3.000122814631386,,False
7.412817,2,5462.169883,True,False,True,8.966265970421027e-12,4.363485861579536,,False
9.386343,1,5463.927693,True,False,True,9.288847030815592e-10,0.9460694222135247,,False
7.220282,4,5468.707206,True,False,True,0.002423723378705714,3.0376454578812915,,True
-48.901591,60,5520.875082,False,False,True,0.018552249524353404,15.414386090467017,,True
8.079865,1,5521.891361,True,False,True,0.003132296102367743,3.310075359534186,,False
6.146363,1,5523.372082,True,False,True,0.0002027441183754409,6.798262284502537,,False
7.577929,2,5526.010196,True,False,True,0.0004769452833873375,4.4468820414391015,,False
9.90856,1,5527.470329,True,False,True,9.872197184945371e-11,0.002602874974844773,,False
9.906285,1,5528.589878,True,False,True,4.071660397730881e-09,0.002567372736460488,,False
5.564539,1,5529.982325,True,False,True,0.005366738778927919,7.848743783579923,,True
7.221791,2,5531.51905,True,False,True,0.005830041345031108,4.36218983841689,,False
6.55237,3,5533.01722,True,False,True,3.286588865310895e-05,5.8004142401727945,,False
1.487311,1,5534.118586,True,False,True,0.00415022247498615,15.205481319089566,,False
7.295146,1,5535.472812,True,False,True,0.002284166858471182,4.726489278011428,,False
7.240785,2,5537.799276,True,False,True,0.0027536382062961356,4.156031709726035,,False
1.269406,1,5538.831128,True,False,True,0.0003098310810114068,15.596190777218505,,True
2.983029,6,5546.928032,True,False,True,0.0026040362455635366,12.020974083931073,,False
6.674892,1,5548.63101,True,False,True,0.0020390923989623104,5.846000553300031,,False
7.821256,4,5555.128964,True,False,True,0.004706351601703218,3.3498897423484566,,False
9.029804,2,5558.439952,True,False,True,0.00383477850338697,1.382398921312203,,False
9.712103,1,5560.149652,True,False,True,0.0011714971589598029,0.35933655179479795,,False
-38.010337,60,5629.980718,False,False,True,0.039967764978528636,16.05614581315199,,False
8.164507,1,5631.708207,True,False,True,0.004651717109449609,3.158946632402591,,False
0.307206,1,5633.579516,True,False,True,0.0001187541058837679,17.330821696370503,,False
4.818808,10,5643.10737,True,False,True,0.005120313507054981,6.7551627685274065,,True
6.184408,1,5644.847332,True,False,True,7.65483327597816e-05,6.729466072683003,,True
8.13243,1,5646.428543,True,False,True,0.0018252482622278785,3.211562774203687,,False
8.361481,2,5648.18616,True,False,True,0.005623796374199894,1.7136541654949948,,True
7.561558,1,5649.435483,True,False,True,2.7878694144889415e-11,4.24212239022507,,False
1.118251,9,5662.291807,True,False,True,0.0065200995254509385,6.490900510176555,,False
6.585332,1,5663.915223,True,False,True,5.196243025384852e-13,5.999669415021629,,False
7.851731,1,5665.614614,True,False,True,0.004316064512449821,3.723703610991089,,False
5.498213,1,5667.333375,True,False,True,0.0012927239482465533,7.969084906509577,,False
9.905915,1,5668.950175,True,False,True,9.703453318632427e-11,0.0025652954443908214,,False
9.431365,1,5670.561286,True,False,True,0.0042974492075736155,0.8707368343549857,,False
8.058367,1,5672.268652,True,False,True,0.003021740320257732,3.3429880905536646,,False
8.02467,3,5673.31363,True,False,True,3.776694831869598e-09,3.076607791409562,,True
9.509978,1,5674.985349,True,False,True,0.0017379529107758034,0.7253721513650508,,False
9.060308,1,5676.085115,True,False,True,1.0301210301433272e-09,1.5310734658807055,,True
8.255944,1,5677.113582,True,False,True,7.792795197331115e-09,2.988792314507684,,False
7.83101,3,5682.34431,True,False,True,8.353007244588789e-05,3.3797033685784883,,False
8.328432,1,5684.109261,True,False,True,2.259943589767783e-11,2.857110977856602,,False
9.330243,1,5686.005507,True,False,True,5.22835925309828e-05,1.047891116626944,,False
1.245836,4,5690.031798,True,False,True,0.003757720520274642,15.397946291437624,,False
6.816913,2,5692.204397,True,False,True,0.00011195979809254519,5.444888153334486,,False
2.608029,1,5693.658155,True,False,True,0.0007531630716553727,13.182608584316588,,False
5.709531,1,5695.658632,True,False,True,0.0003977657525131295,7.584657001832159,,False
9.462731,1,5697.200577,True,False,True,0.0003169090570045302,0.8080692111507828,,False
7.955293,2,5700.241055,True,False,True,0.002611972256279085,2.6096779610395875,,False
-2.781637,12,5715.662804,True,False,True,0.00039820480146432816,15.496317119746958,,False
9.906688,1,5717.291314,True,False,True,1.9644431328641547e-10,0.00256234583147489,,False
7.839837,1,5718.852066,True,False,True,0.004484302425325081,3.7453573756934038,,False
7.535936,3,5723.160898,True,False,True,0.0037225914757050473,3.182245722365598,,False
9.905584,1,5724.822961,True,False,True,2.8190915368146844e-10,0.0025628150339610774,,False
-1.273599,3,5729.284537,True,False,True,4.9454002529569644e-05,17.96696184418067,,False
9.002247,1,5731.152819,True,False,True,0.0012326039882730169,1.6421093852028548,,False
8.215323,1,5733.052342,True,False,True,0.00015095381555064379,3.061042404912371,,False
7.19033,1,5734.385139,True,False,True,0.003632519028542037,4.917108534355985,,False
5.695284,3,5737.377378,True,False,True,0.0024558117037328945,6.622376999174932,,False
4.29948,1,5738.981908,True,False,True,0.008369151015993802,10.137168237462989,,False
5.645379,2,5741.368878,True,False,True,0.005258043635534963,6.841368847760056,,False
9.906905,1,5743.011333,True,False,True,6.511186843197155e-11,0.0025638113243524633,,False
7.047511,2,5745.987388,True,False,True,0.004209958046193904,4.470702906952016,,False
9.693787,2,5747.620191,True,False,True,0.00041732356564722073,0.21838734264283235,,True
9.303571,1,5749.338981,True,False,True,0.0021285893502051554,1.0958905734038817,,False
9.907465,1,5750.914791,True,False,True,1.3799883805121205e-10,0.0025661496000293276,,False
5.628234,3,5753.718542,True,False,True,0.0062371116479041245,7.474852437676606,,True
-1.141195,6,5762.476433,True,False,True,0.004767448992942616,15.750424931139968,,False
8.268589,1,5764.036383,True,False,True,2.7203875152911894e-05,2.9610447772997173,,False
8.131428,2,5767.457753,True,False,True,0.009765363402360108,3.084435745776422,,False
8.249753,1,5769.276621,True,False,True,2.6973623299688353e-10,2.999974518966427,,False
-24.985201,60,5843.706272,False,False,True,0.04312164766460494,27.59332823482196,,False
9.142052,1,5845.35501,True,False,True,0.0053622761230432275,1.394342556620296,,False
5.992611,4,5851.520435,True,False,True,0.004784687068411803,8.427568803777424,,False
8.545682,1,5853.052208,True,False,True,0.004898817067533064,2.4707402487723056,,False
9.90858,1,5854.645415,True,False,True,5.336208020595423e-10,0.0025670179534338787,,True
6.352526,3,5858.433824,True,False,True,8.898342937263245e-06,6.154463504551179,,False
2.182907,1,5859.997764,True,False,True,7.871625851141317e-10,13.948785868161078,,False
9.776412,1,5861.694546,True,False,True,6.0047442154501085e-06,0.24147055203295795,,False
5.070533,1,5863.079537,True,False,True,0.011470047292431652,8.748631662809707,,False
3.294959,1,5864.693744,True,False,True,0.0030372367329340767,11.945256456131057,,False
0.722809,3,5868.549733,True,False,True,2.1184849337977166e-06,15.787601458523469,,False
4.09159,2,5872.035236,True,False,True,0.0006381161600161264,9.76070692008443,,False
7.521114,2,5875.010558,True,False,True,0.001854416502012289,3.921487990071737,,False
9.717241,2,5878.065874,True,False,True,0.0009183392688215334,0.1891334970125364,,False
4.218365,3,5881.640991,True,False,True,0.004458300589809632,8.945881054616075,,False
8.295391,1,5883.283312,True,False,True,0.007545356866366676,2.920872281669606,,False
7.466469,1,5884.37142,True,False,True,0.007116027319128801,4.421560953845753,,False
9.908225,1,5886.040674,True,False,True,1.0051059909404254e-10,0.0025647812229060703,,False
9.812426,2,5888.720698,True,False,True,4.998655933619034e-10,0.0025632281284189316,,False
6.633485,1,5890.050044,True,False,True,0.0023585617485730567,5.921059732607193,,False
4.354753,1,5891.657241,True,False,True,0.004123093353424382,10.03446210913896,,False
9.905885,1,5893.688938,True,False,True,4.4641745855500403e-10,0.0025665091893603124,,False
3.487113,2,5895.424976,True,False,True,0.004861515871743986,11.10681476167702,,False
3.345221,1,5896.608083,True,False,True,0.00478579892047459,11.855776395494336,,False
4.72218,1,5897.709726,True,False,True,0.0027588233874752954,9.370574799257374,,False
4.523477,1,5899.333319,True,False,True,0.0005367078703945316,9.727293075803434,,False
7.067314,1,5900.92612,True,False,True,0.010358547552710873,5.144849217776986,,False
8.344624,1,5902.51972,True,False,True,7.346135089125738e-10,2.8283110963764626,,False
8.633314,1,5904.067849,True,False,True,0.0028656217362538726,2.3105971626842847,,False
7.111471,2,5905.21328,True,False,True,6.010311642989062e-06,5.194512319246568,,False
9.908575,1,5906.3931,True,False,True,1.2213296519958394e-10,0.002576203231542787,,False
0.807869,8,5912.89726,True,False,True,0.00031966751230659216,13.119798109873503,,False
7.650281,1,5914.177609,True,False,True,0.0011271023237933026,4.083985554965551,,False
10.426317,2,5916.961601,True,False,True,4.3634554648003515e-11,0.002562377977217651,,False
6.910079,1,5918.667117,True,False,True,2.434377699422896e-10,5.41530743192802,,False
9.509827,1,5919.744766,True,False,True,0.002879793266466522,0.726318172180997,,False
8.744325,2,5921.944191,True,False,True,0.002484779940705978,2.001893000185848,,False
6.969152,1,5923.349842,True,False,True,0.0006860980405398402,5.31339153765437,,True
9.628611,1,5924.489746,True,False,True,0.0020123895771984317,0.5107593680328706,,False
6.746465,1,5925.592211,True,False,True,0.0008393879680117502,5.71508770550387,,True
9.621336,4,5928.953203,True,False,True,0.0004760926339320397,0.17907574312616953,,True
2.495278,6,5937.469484,True,False,True,0.004877506971316762,12.03007066500648,,False
7.109774,6,5944.630365,True,False,True,0.004198774358764105,2.6071130573598826,,False
4.551559,1,5946.133008,True,False,True,0.005784172003580574,9.680676745918133,,False
9.906378,1,5947.258363,True,False,True,2.065726117939093e-09,0.002566140226173871,,False
7.779205,1,5948.752594,True,False,True,0.0039728499328959554,3.853883852123382,,False
8.464574,5,5952.584625,True,False,True,5.821593903795408e-05,4.187813733226168,,True
8.194953,1,5954.250808,True,False,True,0.0017138878900937063,3.1004390326466873,,False
7.251474,1,5955.712392,True,False,True,0.009923263613452726,4.812267375315928,,False
1.172056,1,5957.423723,True,False,True,0.003587927196060806,15.773530048004487,,False
4.939242,1,5959.178656,True,False,True,5.9441937117625174e-05,8.976705882845486,,True
9.525405,1,5960.672651,True,False,True,0.0032233714542876557,0.6991930291393367,,False
8.658598,1,5962.33052,True,False,True,0.0042658581379027985,2.2658114646306378,,False
4.206361,1,5964.030431,True,False,True,0.004618697916975649,10.302499830764358,,False
7.565448,1,5965.396404,True,False,True,3.899230244241991e-11,4.232225095739523,,True
8.33342,1,5966.695865,True,False,True,0.0003480289477572878,2.849001390817601,,False
-24.154624,60,6021.776574,False,False,True,0.014218076462300725,9.70265815711675,,False
7.828769,5,6026.843485,True,False,True,0.0030221394965196623,3.6894436034495035,,False
9.154818,2,6029.928055,True,False,True,0.002769972013461509,0.6469650005366842,,False
6.496885,2,6033.380723,True,False,True,0.005881248171187297,5.917938894282768,,False
0.520287,2,6036.269296,True,False,True,0.00871486788601337,16.37157607186075,,False
8.429863,1,6037.367639,True,False,True,0.0017205386879595708,2.676087780315795,,False
8.119618,1,6038.995646,True,False,True,0.0003408552618221474,3.2347058330930207,,False
9.908579,1,6040.841202,True,False,True,1.2633466755368472e-10,0.002569296853652334,,False
8.249656,1,6042.288027,True,False,True,2.1472355436738357e-12,2.998519257192535,,False
1.478357,7,6049.004626,True,False,True,0.011320863606732753,12.118374449152983,,True
8.027432,1,6050.099585,True,False,True,0.002531918013836846,3.4044766722343804,,False
3.178703,3,6054.028812,True,False,True,0.0014467318236024923,12.356359434941174,,False
8.00702,1,6055.587757,True,False,True,0.003659801976722666,3.4420778854090286,,True
1.992618,10,6063.418433,True,False,True,0.004653314476599604,12.774051470835756,,False
9.769047,2,6064.55784,True,False,True,0.00013913523041697625,0.059459558155686286,,False
7.680668,1,6065.649895,True,False,True,0.007145749814590389,4.034697139106492,,True
9.908225,1,6066.742516,True,False,True,1.9135537036441105e-09,0.0025633384652758787,,False
8.881376,2,6069.617509,True,False,True,0.011552267291715407,1.7297495413063557,,False
4.332161,3,6071.746272,True,False,True,0.009413317912536908,9.208262773034633,,False
1.759937,2,6073.143594,True,False,True,0.002843422484674337,14.593912239492338,,False
8.050707,1,6074.276358,True,False,True,0.002245105426610154,3.362119456448576,,False
9.908275,1,6075.329771,True,False,True,1.1632022971761823e-10,0.0025623502408705493,,False
1.590062,1,6076.338131,True,False,True,0.001636444615886315,15.018804086982268,,True
8.445119,1,6077.411012,True,False,True,0.004633204639075796,2.652542001402604,,False
-13.078688,23,6100.698094,True,False,True,0.010838822874178384,11.44255763914492,,False
7.570187,1,6101.720875,True,False,True,0.003886428103757965,4.229571403074785,,False
9.76047,1,6103.468591,True,False,True,0.0004511989132641066,0.27091634009664944,,False
9.377759,1,6105.1783,True,False,True,3.13529332425762e-11,0.9613610117742294,,False
6.649647,2,6106.912317,True,False,True,0.007321347530481667,5.466126748084674,,True
7.271691,1,6108.342732,True,False,True,0.01181393973859312,4.773894764235168,,False
9.217245,1,6109.897202,True,False,True,0.004779679104022925,1.2575772904196618,,False
8.084976,1,6111.56817,True,False,True,1.0674933194667821e-05,3.297624006238621,,False
7.836091,2,6114.379766,True,False,True,0.00806384040425677,3.6057778087585115,,False
8.371184,1,6115.959253,True,False,True,0.0010853640291694094,2.7816259920006443,,False
7.190685,1,6117.488421,True,False,True,0.0036398412354184412,4.9157698933853,,False
8.425462,1,6118.969038,True,False,True,0.004527645353293247,2.687921437784304,,False
4.111619,7,6125.003924,True,False,True,0.008389564845694092,2.8501501138257193,,False
9.14025,1,6126.614494,True,False,True,0.0030693983524877483,1.3939251730502502,,False
-7.815608,24,6156.535501,True,False,True,0.0018395206112353977,15.965888890210698,,False
5.311671,8,6164.956411,True,False,True,0.004639318078185649,7.147095612940524,,False
7.109807,1,6166.519705,True,False,True,0.0041134337465777784,5.05985271234935,,False
8.283773,1,6168.168433,True,False,True,0.00021663318732137882,2.938785933306713,,False
9.458452,1,6169.848841,True,False,True,4.916200099174079e-10,0.8109358651586338,,False
1.164136,13,6189.051469,True,False,True,0.0021668479949018354,13.319253134465876,,False
-10.21831,15,6209.847171,True,False,True,0.0025106308630244156,17.396234592168383,,False
7.89762,1,6212.507107,True,False,True,0.004206012188868875,3.6374362790575487,,False
1.493593,2,6214.61543,True,False,True,0.009493680370172945,13.882768575499806,,False
3.017618,3,6219.360415,True,False,True,0.0024692733001567733,11.148794743985244,,False
9.887675,1,6221.195033,True,False,True,0.00020024139087268522,0.04005890557400519,,False
6.792871,1,6222.691646,True,False,True,0.004000791607457773,5.634945529767873,,False
7.346543,1,6224.323648,True,False,True,0.008248712809912517,4.635322111689282,,False
8.012237,1,6225.529277,True,False,True,0.004689092644531099,3.4338054338508543,,False
5.652325,2,6227.990376,True,False,True,1.9825998319295077e-05,7.553056807608016,,False
7.561919,1,6229.050208,True,False,True,7.474286987940726e-11,4.2422925314732485,,False
8.169194,1,6230.576732,True,False,True,0.0001932194672455527,3.1444585944543326,,False
9.235793,1,6231.688907,True,False,True,0.005829401862106506,1.2254481136915727,,True
8.268044,1,6233.110468,True,False,True,0.0026126058724158913,2.9700296799593,,False
9.903415,2,6234.838217,True,False,True,0.0003258509387353281,0.17877786945780835,,False
-28.764893,60,6261.33144,False,False,True,0.0020584867174058504,48.614375774386666,,False
9.318757,1,6263.007616,True,False,True,0.005703267029498232,1.0758966425053131,,True
5.216345,1,6264.47745,True,False,True,1.1110701768346498e-11,8.47580004371277,,False
6.538642,2,6267.518285,True,False,True,1.5295967935479078e-07,6.033276846219202,,True
-37.339483,60,6313.169941,True,False,True,0.009252426744956157,10.498274890528323,,False
2.98463,1,6314.988927,True,False,True,0.005153244393325089,12.506291280261047,,False
3.841614,2,6318.053201,True,False,True,0.0015625667222348375,10.733650430270474,,False
9.899924,2,6321.213064,True,False,True,0.000571431078581746,0.08402332392600793,,False
7.526111,2,6324.786881,True,False,True,1.3482454596910753e-11,3.0000363607026643,,True
8.269706,1,6326.794614,True,False,True,0.00024635702753220915,2.9642318520611672,,True
8.901339,1,6328.741616,True,False,True,0.0029698298276643,1.8265813924179892,,False
8.952331,1,6330.136869,True,False,True,0.005361195390635842,1.7320862022118033,,True
8.274441,1,6332.023324,True,False,True,0.001144275877367932,2.956755692388893,,False
9.737724,1,6333.438222,True,False,True,0.00014820815985639888,0.31159948609717,,False
5.403906,4,6338.654853,True,False,True,0.00288004324868593,8.444806333667247,,False
6.743422,1,6339.824587,True,False,True,0.00540641297894982,5.725192075117968,,True
5.791062,1,6341.606587,True,False,True,0.00031625529482386897,7.4396782179401395,,True
1.426699,3,6345.058929,True,False,True,0.0005207933716424836,14.98442617708216,,False
-0.124711,5,6350.617981,True,False,True,0.011874902088033283,13.35409836022427,,False
3.63131,2,6354.294128,True,False,True,0.007536981205825439,11.138143875681623,,False
7.671929,2,6355.888424,True,False,True,0.004201399018308585,3.930696999047895,,False
9.468559,5,6358.711062,True,False,True,0.00028162164271218254,0.07407406245511845,,False
5.806826,8,6365.542936,True,False,True,0.0001598393115751157,4.624807484435922,,False
5.921843,2,6368.580406,True,False,True,0.0074794914812584545,6.509588501617565,,False
4.513982,2,6370.960065,True,False,True,0.006155512985535503,9.041870218318778,,False
4.821466,1,6372.619183,True,False,True,0.0010695823438865038,9.190071946937271,,False
4.805093,1,6373.752337,True,False,True,6.809447493571694e-07,9.218720311499643,,False
7.994102,2,6376.244724,True,False,True,0.001149444486419752,3.130384721767571,,False
7.389236,3,6378.672912,True,False,True,0.002802721399272126,3.544575757716444,,False
8.710294,1,6380.052848,True,False,True,0.005334898282618697,2.1698705876256477,,True
3.723978,2,6382.743321,True,False,True,0.0008827353967279438,11.44683078340252,,False
9.060309,3,6386.664857,True,False,True,0.005734900177822983,1.2455579054843313,,False
7.5452,1,6388.24894,True,False,True,0.0030922594201295422,4.2758640804393995,,False
-15.862403,30,6423.844547,True,False,True,0.01031794143173781,7.83333762792429,,True
8.374934,1,6425.286669,True,False,True,0.002471405454794096,2.776813522544514,,False
5.341339,3,6430.559237,True,False,True,0.005261475812061684,6.567129158748753,,False
9.758414,1,6431.767872,True,False,True,0.002959791192766806,0.27732331578207825,,False
9.905187,1,6433.29689,True,False,True,9.199697753908636e-11,0.0025658437958394724,,False
6.4181,4,6439.888702,True,False,True,0.0006972237311168301,5.881903895676716,,True
7.443939,1,6442.05951,True,False,True,3.724005825933574e-11,4.454424414939528,,False
6.429259,1,6445.393618,True,False,True,0.004860226294957503,6.292028493252725,,False
8.648473,1,6448.930808,True,False,True,0.003003248217413865,2.280540705150772,,True
6.689428,1,6450.84558,True,False,True,6.0847779289632115e-05,5.817765445944734,,False
8.249593,1,6452.313388,True,False,True,7.157715253836017e-10,2.9999817868783363,,False
7.643745,3,6456.471874,True,False,True,0.00767196843527372,3.554071069630622,,False
1.825094,6,6463.258785,True,False,True,8.052877358868406e-05,11.567676937518124,,True
9.723445,1,6464.937668,True,False,True,0.0007877030094283546,0.3383054159309739,,False
3.922151,1,6466.54658,True,False,True,0.004630234348405048,10.815145088891443,,False
5.240252,4,6470.97302,True,False,True,0.004650197846703514,8.0975884865826,,False
9.254564,1,6473.024636,True,False,True,0.0029743688734829876,1.1880783959789676,,True
8.629052,2,6476.853884,True,False,True,0.004693937475078416,2.2015678596421444,,False
9.818582,2,6480.120233,True,False,True,1.2125296030323363e-10,0.0025740945535266723,,False
9.7953,1,6481.531609,True,False,True,0.00102672311767079,0.2087749288122226,,False
9.403955,1,6483.221611,True,False,True,0.005456386775948549,0.9176194277812756,,False
2.360196,2,6486.282836,True,False,True,0.009691263375656988,13.049324262002035,,False
6.707065,2,6487.744486,True,False,True,0.007252954628094876,5.657660446706075,,False
5.779096,5,6490.490287,True,False,True,0.006119127213317842,4.817669681303953,,False
7.636598,1,6491.838836,True,False,True,2.2817459588431177e-09,4.107022213990058,,False
9.687391,2,6494.905901,True,False,True,9.466735728658193e-11,0.17023700399534106,,False
9.868738,1,6496.178612,True,False,True,0.0001661711069237087,0.07286538048376519,,False
8.227606,1,6497.292459,True,False,True,0.0018121087199642635,3.041631871323594,,False
7.974175,1,6498.448343,True,False,True,0.004284663720989371,3.5006559733233886,,False
8.118019,2,6499.814658,True,False,True,0.0025669978753506983,2.457156218659608,,False
7.897463,1,6502.049568,True,False,True,0.0020671614538562994,3.6383366250242015,,False
7.824152,1,6504.013806,True,False,True,0.004651106654662619,3.7738549652100226,,False
8.249507,1,6506.515113,True,False,True,7.876289620718677e-11,2.9999079627232406,,False
9.441969,1,6508.984434,True,False,True,0.004243868824889592,0.8515114762167224,,False
8.24864,1,6511.695667,True,False,True,8.992145569819421e-12,2.9999858694759047,,False
7.613015,1,6514.030773,True,False,True,0.004169283691086095,4.154556331674039,,False
9.034841,4,6516.705909,True,False,True,1.6774036299188264e-06,1.839254471768179,,False
9.908205,1,6519.294344,True,False,True,2.51223576614895e-09,0.0025652734226489808,,False
8.552427,1,6521.631664,True,False,True,0.007963671937970117,2.462427306661846,,False
6.589105,1,6524.378254,True,False,True,0.0007244897918619528,5.999556102367043,,False
8.511798,6,6530.047546,True,False,True,2.2763650483655085e-05,2.1010056915814457,,False
9.850679,1,6531.149764,True,False,True,3.358026460321094e-06,0.10723002554803791,,False
8.107137,2,6532.328914,True,False,True,0.004679931081801965,2.873436521639437,,False
9.906213,1,6533.563786,True,False,True,6.043103268890382e-10,0.0025652694445077143,,False
2.540722,2,6536.069233,True,False,True,0.0005148701669469066,11.237445415060682,,False
7.561343,1,6537.396336,True,False,True,2.1259016696486887e-11,4.242333200009584,,False
9.90572,1,6538.640534,True,False,True,4.7827256044463695e-11,0.0025639695406427603,,False
8.352243,1,6540.109159,True,False,True,0.005375965847074768,2.819335481434793,,False
8.910264,1,6541.475672,True,False,True,0.005300052664557686,1.8086377677154946,,False
9.016726,1,6542.858195,True,False,True,0.00018040159395138478,1.6092639574955436,,False
7.527045,2,6545.396999,True,False,True,1.1351689935344109e-10,4.183884763254535,,False
8.926784,1,6546.540186,True,False,True,0.008783072710915241,1.7873525265600299,,False
8.020523,2,6547.666471,True,False,True,0.0031825516458401162,3.231172417610883,,False
3.675403,2,6548.983037,True,False,True,0.006214250826798842,11.166651242128639,,False
9.908303,1,6550.101359,True,False,True,1.70900490999597e-10,0.0025641088425014916,,False
-14.66561,60,6595.263493,False,False,True,0.018938267481789624,20.398681883901062,,False
8.549662,2,6597.518023,True,False,True,0.001354141349153671,2.7044293979447773,,False
2.747076,4,6600.921751,True,False,True,0.0002904354247920222,9.935534986144473,,False
3.736927,1,6602.075702,True,False,True,1.5422925957186973e-10,11.145885502239933,,False
9.857098,1,6603.257592,True,False,True,0.000481173390356005,0.09631235634549172,,True
3.760998,1,6604.509012,True,False,True,1.4445077078928392e-12,11.102462149393967,,False
-11.201583,16,6618.905572,True,False,True,0.00447049196920947,15.846942445588022,,False
5.397941,1,6620.049694,True,False,True,6.938688743173406e-05,8.148952549020592,,False
5.647427,1,6621.150789,True,False,True,5.942998286181337e-05,7.698680175658261,,False
3.683174,1,6622.378758,True,False,True,3.0324038072238046e-10,11.242853333304463,,False
6.163425,1,6623.650856,True,False,True,0.0001403299552529321,6.76740414477231,,False
9.908582,1,6625.619882,True,False,True,1.5700803114469086e-09,0.002562486928372613,,False
9.176381,1,6627.603623,True,False,True,0.006103646555395734,1.3333518910714204,,False
8.555809,2,6631.806684,True,False,True,4.001656948077059e-09,1.5710280305050661,,False
7.538096,3,6636.607116,True,False,True,0.00014826543808504032,4.2970237535764495,,False
6.747332,1,6638.202554,True,False,True,0.005503682919275038,5.7179250794732965,,False
6.868119,1,6639.60044,True,False,True,0.004180024449198849,5.496922294266663,,False
2.815214,2,6643.569677,True,False,True,4.546484029074177e-05,12.683829683221555,,False
4.099461,1,6645.161701,True,False,True,0.005838616051697318,10.496183762945682,,False
4.238664,3,6647.463043,True,False,True,0.00016525216375873884,9.983307337976498,,False
9.120061,1,6648.5087,True,False,True,0.0007804729325397155,1.4286593591666243,,False
8.249868,1,6649.623041,True,False,True,5.869675908515282e-10,2.9996642120968167,,True
9.068993,1,6650.741868,True,False,True,6.0225017787504664e-05,1.5143745540737057,,False
1.279018,8,6658.617076,True,False,True,0.00020235864918685014,14.41162148849484,,False
4.418137,1,6659.785369,True,False,True,0.0005775768269796772,9.916148995769113,,False
9.84696,1,6660.908879,True,False,True,3.638902391217558e-10,0.11394772874511591,,False
9.90858,1,6661.972269,True,False,True,8.27819385956774e-10,0.002566114092820282,,False
6.069718,2,6664.184731,True,False,True,0.007965337639972613,7.172883640181313,,False
7.507798,1,6665.304272,True,False,True,0.00022951566678614866,4.336159244296458,,False
7.298395,1,6666.37,True,False,True,0.005932028094857989,4.72370277297899,,False
8.148391,1,6667.429652,True,False,True,0.0022531117017820517,3.1849715146945035,,True
8.107918,1,6668.412839,True,False,True,0.002147483230410402,3.25868615270307,,False
7.83183,2,6669.615583,True,False,True,0.0011304310055209599,3.511791274649548,,False
1.166436,2,6671.887336,True,False,True,0.008156208562953593,15.535872924671098,,False
7.297535,3,6675.187565,True,False,True,0.0021699015672639985,4.108816156551928,,False
9.90858,1,6676.286136,True,False,True,7.50142711758107e-10,0.0025672814544360264,,False
7.802243,1,6677.347691,True,False,True,0.0024265137585394196,3.81101351801462,,False
7.640791,1,6678.438682,True,False,True,0.00019191141541552288,4.09965792883498,,False
8.255352,1,6679.506019,True,False,True,2.4668235683311668e-09,2.989861679824893,,False
1.509317,1,6680.545825,True,False,True,0.005343214033618649,15.166454666808912,,False
9.753187,1,6681.555844,True,False,True,1.516308502369501e-10,0.2834401569398966,,False
2.951536,2,6682.730753,True,False,True,0.005536262958932251,11.264224752650566,,True
7.545479,1,6683.872089,True,False,True,0.005261317629155355,4.276955025676409,,False
8.303182,1,6684.980631,True,False,True,0.002116799996397361,2.9059910705485743,,False
5.568862,1,6686.147228,True,False,True,0.006092077886401933,7.845226750448463,,False
7.675372,2,6688.430858,True,False,True,0.011721855245873034,3.8688705346110615,,False
9.908029,1,6689.419584,True,False,True,2.638585749292308e-10,0.002562677937298687,,False
-21.354415,60,6726.145286,False,False,True,0.004864369573373866,22.850150797541094,,False
9.90574,1,6727.276458,True,False,True,2.4264455722455835e-10,0.0025634533470593594,,False
6.16681,1,6728.362942,True,False,True,2.464406437838705e-05,6.7611809883739475,,True
9.509441,1,6729.475524,True,False,True,0.0023243907608109355,0.726576212830431,,False
8.783402,1,6730.686072,True,False,True,0.006161666447797129,2.043068453790344,,True
9.660204,1,6731.816478,True,False,True,0.0004217210182843054,0.452091628901827,,False
-12.538698,18,6747.532002,True,False,True,0.0044514524279231586,16.070630788751583,,False
0.591102,3,6750.84303,True,False,True,3.408797130492877e-05,16.01577136666716,,True
5.883259,1,6751.977512,True,False,True,0.0005267180197504745,7.271486550021032,,False
4.982641,5,6755.332662,True,False,True,0.009411503474045377,8.070602168330693,,False
9.082797,1,6756.578686,True,False,True,0.00036220706763027673,1.4948154993905116,,False
5.464443,1,6757.700877,True,False,True,0.00026330921012059343,8.029109079245387,,False
6.538444,1,6758.761518,True,False,True,0.0004713634125896078,6.090527702497737,,True
8.276773,1,6759.837492,True,False,True,3.1214044098726324e-09,2.951168072443913,,False
9.90806,1,6760.899336,True,False,True,4.261282297441498e-10,0.0025625490825046593,,False
8.18992,1,6762.10964,True,False,True,0.0007293512949444712,3.1089271536013414,,False
3.315015,2,6764.343587,True,False,True,0.0014295640450386008,11.068496413468317,,True
3.266841,1,6765.46698,True,False,True,2.0312339310546434e-10,11.993852483974246,,False
0.452343,1,6766.573479,True,False,True,0.000275704835223131,17.06925671175242,,False
9.908446,1,6767.698058,True,False,True,9.454505234263166e-11,0.002562392058632814,,False
7.420384,1,6768.8199,True,False,True,6.630188412182214e-11,4.497768351951389,,False
9.651258,1,6770.074934,True,False,True,0.00026454025342445044,0.4680401052373152,,False
2.461704,1,6771.479463,True,False,True,0.005432104380219096,13.449046291107694,,False
3.499306,1,6772.76391,True,False,True,0.0036281364980987416,11.577105451066979,,False
0.052291,4,6777.901894,True,False,True,0.0051610713058631505,15.063987953331411,,False
5.948568,6,6786.677313,True,False,True,0.0029510579262738935,6.17427587490067,,False
7.662936,3,6790.180339,True,False,True,0.002812811776202941,3.708078604831898,,False
9.908582,1,6791.293729,True,False,True,6.563927908154188e-10,0.0025623583484492172,,False
9.90847,1,6792.556067,True,False,True,1.824348895865181e-10,0.0025625224858409194,,False
7.553321,1,6793.773842,True,False,True,5.551810938365759e-09,4.257820644394264,,False
-26.056325,60,6840.272464,False,False,True,0.01081205617218954,53.94243876518847,,False
9.35486,1,6841.656505,True,False,True,0.003321197182085471,1.0073984440820856,,False
2.259958,3,6844.64659,True,False,True,0.005167484252909025,12.99761747990294,,False
0.207325,1,6846.572885,True,False,True,8.36850848458259e-05,17.510862163324187,,False
8.249439,1,6848.99011,True,False,True,2.370407742331555e-10,2.999952164886214,,False
7.27369,2,6851.666019,True,False,True,0.004954749935573375,4.457719311351694,,False
-9.132305,44,6879.417971,True,False,True,0.004907781152508076,15.145529800103859,,True
8.376905,1,6880.572287,True,False,True,1.1592467172234416e-10,2.7667155536062165,,False
9.667562,1,6881.814709,True,False,True,0.0016640837088289352,0.43846923210675703,,False
8.166412,2,6882.999557,True,False,True,4.4175148607167204e-11,2.998219130295364,,False
7.985585,2,6884.150113,True,False,True,2.013944566670034e-13,3.2236481724302926,,False
5.10778,3,6885.268869,True,False,True,0.0019216820668442182,6.947839328412625,,False
9.908436,1,6886.427345,True,False,True,8.344104615431736e-10,0.0025626457953186158,,False
1.619019,4,6888.706462,True,False,True,0.0053329705015588685,12.149872689516556,,False
7.6428,1,6889.857368,True,False,True,0.0013208680687752505,4.097164210421537,,False
7.240336,3,6893.252655,True,False,True,0.005699284604513341,4.540338206158708,,False
9.425694,1,6894.451114,True,False,True,0.004298838704913613,0.8809836689091923,,False
4.010458,4,6896.830523,True,False,True,0.002304366368242202,9.527136243166174,,False
6.658579,1,6898.208194,True,False,True,0.0011213472537946923,5.8745354997329295,,True
3.052894,7,6905.465487,True,False,True,0.009581911271828973,10.162813170062268,,False
9.81758,1,6906.632554,True,False,True,0.00014400431716043072,0.1651698221894348,,False
8.660017,1,6907.786664,True,False,True,0.007866156011767628,2.268055290213259,,False
7.573849,1,6908.970558,True,False,True,2.711900416533428e-11,4.217943550023168,,True
8.394835,1,6910.024275,True,False,True,0.0013236165096995006,2.7395078641677575,,False
9.080054,1,6911.19948,True,False,True,1.7781606612762028e-12,1.4999197398880604,,False
8.201993,1,6912.37866,True,False,True,0.0092348754998325,3.095990153997728,,True
9.373311,1,6913.4217,True,False,True,0.006281690784826933,0.9778066718532032,,False
8.393402,1,6914.585644,True,False,True,0.0059680796231977185,2.745815319919413,,False
-0.307976,2,6915.648829,True,False,True,0.0025376616069118585,17.882198518203804,,False
6.63286,1,6916.753323,True,False,True,0.0001009028979063873,5.919933629959484,,False
7.56232,1,6917.869405,True,False,True,9.533976341404675e-12,4.241568804360761,,False
8.251829,1,6918.801587,True,False,True,2.0711600386759263e-10,2.9962258527552548,,False
7.329806,2,6919.927868,True,False,True,0.0042216232939576315,4.605878519823524,,False
4.775358,2,6921.994627,True,False,True,0.00018913778759780796,8.297596053531707,,True
8.858218,2,6923.285334,True,False,True,0.005219911736895441,1.757175600617484,,False
7.055373,1,6924.468635,True,False,True,0.005978314717911649,5.160535096179739,,True
8.037589,2,6925.507784,True,False,True,0.0009530226321248347,3.1412836151404555,,False
8.196871,1,6926.808382,True,False,True,0.0002521441354954024,3.0916832445076348,,False
4.426009,1,6928.058906,True,False,True,0.0035978245635858563,9.905529382581685,,True
6.283354,1,6929.251914,True,False,True,0.006152038800698523,6.555225529910944,,False
8.713958,2,6931.483742,True,False,True,0.0006785634390533112,2.158389063520596,,False
0.12659,2,6933.630158,True,False,True,0.00016498108351502283,14.908147368365087,,False
9.818587,2,6936.017797,True,False,True,4.503984268877659e-10,0.0025641023040120945,,False
7.907602,2,6938.132389,True,False,True,2.0485139626691218e-10,4.2080756806778545,,False
9.059441,1,6939.352959,True,False,True,0.004749889463494736,1.5427996684390515,,False
9.164881,1,6940.466716,True,False,True,0.0004838190117135738,1.3468859598653158,,False
8.702761,5,6942.788676,True,False,True,0.00011100552548217249,1.1737308149782253,,False
8.274209,1,6943.895955,True,False,True,0.004229660661157992,2.95810230521623,,False
6.2214,1,6945.094935,True,False,True,0.00011546359777058184,6.662728504332928,,False
6.502095,2,6947.342404,True,False,True,0.004872287609768324,6.6627509128441265,,False
9.897259,1,6948.498102,True,False,True,0.0006878594518346223,0.02401713083804441,,False
8.901746,1,6949.578735,True,False,True,0.0014534520175547372,1.8191981079561574,,False
10.222233,10,6954.211136,True,False,True,2.6019301401929073e-05,2.2681614523776337,,False
5.950469,4,6957.902954,True,False,True,1.8673455289731943e-05,5.547917961521329,,False
5.3713,4,6961.712918,True,False,True,8.424061795353488e-11,5.663441610746627,,False
4.582044,2,6963.937595,True,False,True,0.00484926461839255,8.806301977244992,,False
7.143804,2,6966.324466,True,False,True,4.847504387320983e-05,3.7659202272709487,,False
9.450562,1,6967.524325,True,False,True,0.00418171868408568,0.8359093195372781,,False
9.054286,1,6968.729175,True,False,True,0.0054364519712034026,1.5530717587019953,,False
8.813466,1,6969.79176,True,False,True,1.134953460329415e-10,1.979028621364926,,False
10.229695,2,6972.168893,True,False,True,0.0018233304422544069,0.3065050395353867,,False
9.154353,1,6973.44943,True,False,True,0.008700468616174531,1.3761964766870027,,False
6.173151,1,6974.643759,True,False,True,0.00048354684099862627,6.7501796730083115,,False
5.813515,2,6975.694768,True,False,True,0.0015505512258874856,6.34714711649352,,False
9.908248,1,6976.766821,True,False,True,1.4971470729818748e-09,0.00256611679138542,,False
8.305175,1,6977.917304,True,False,True,0.0006724522025938068,2.899865669100791,,False
8.00856,2,6979.159762,True,False,True,0.0028633116518926582,2.973786776627059,,False
7.570101,2,6980.312116,True,False,True,0.008964480944178402,3.9240449158361597,,False
7.272997,1,6981.318697,True,False,True,1.6689251595867908e-05,4.7640529460575385,,True
9.908377,1,6982.403907,True,False,True,6.978746457900301e-10,0.002562363753487411,,False
-18.673026,60,7028.793066,False,False,True,0.024593741307615137,21.287886758151426,,False
9.908195,1,7029.874405,True,False,True,1.5947239494898228e-09,0.002565781011278194,,False
-16.770963,60,7084.120337,False,False,True,0.014512586985549154,47.49441177088966,,False
8.148595,2,7087.077895,True,False,True,1.486915641669633e-10,2.9728849027793522,,False
9.158268,1,7088.407504,True,False,True,0.005581213733209516,1.360569046909076,,False
8.764254,1,7089.9446,True,False,True,0.004637787124647783,2.0755431781250127,,False
3.119742,1,7091.03019,True,False,True,0.002901891911679352,12.261172207036989,,False
9.138705,1,7092.409555,True,False,True,9.859316141280772e-10,1.387181660229957,,False
9.389989,2,7094.962418,True,False,True,4.968260864538784e-11,1.5267350318775843,,False
-10.34602,21,7114.34525,True,False,True,0.005223705775941446,13.604482500555498,,False
3.655363,1,7115.790509,True,False,True,1.2299779250657394e-12,11.29302133727707,,False
8.643215,1,7117.099307,True,False,True,0.0024939882087087473,2.2866224370958412,,False
5.114094,1,7118.409528,True,False,True,0.005403870142292747,8.665595532609162,,False
8.409083,2,7120.786603,True,False,True,0.003088625749629628,2.5577945907383866,,True
9.433379,1,7122.031389,True,False,True,0.004303452801568647,0.8671060381197271,,True
7.563912,1,7123.200267,True,False,True,6.487428649837312e-12,4.238370519300141,,False
8.150181,2,7125.478944,True,False,True,0.0024100002749470294,3.092680422794145,,True
7.885295,3,7128.075993,True,False,True,0.005171636611324903,1.9431006231440928,,False
8.674393,1,7129.637592,True,False,True,1.526942035741058e-10,2.2322015755234084,,False
9.908582,1,7130.779516,True,False,True,4.2347289452112734e-11,0.0025628921120587587,,False
5.231252,1,7132.199126,True,False,True,0.0009812503588556478,8.450564750921357,,False
7.423868,1,7133.710787,True,False,True,0.004546787617846507,4.492293052991224,,False
8.831336,1,7134.94372,True,False,True,0.009593344816189424,1.9600603876971527,,False
8.297808,1,7136.107337,True,False,True,1.535035865577326e-11,2.9126768635025173,,False
3.823395,2,7137.304239,True,False,True,0.005217886707366495,10.61107470225306,,True
9.264165,1,7138.482345,True,False,True,0.0010758167883266362,1.1648022878522053,,False
3.170405,1,7139.818104,True,False,True,3.2022212897823976e-11,12.167798834009812,,True
2.329285,2,7142.634944,True,False,True,0.004925802446359005,13.568026338319376,,False
6.741847,1,7143.809564,True,False,True,0.0065366819809852105,5.729407518422157,,False
8.253698,2,7146.646651,True,False,True,7.203994587257466e-10,2.9230125022827598,,False
7.494715,1,7147.981951,True,False,True,0.0035554658158411536,4.367043117647572,,False
5.864712,1,7149.462771,True,False,True,4.027514590635925e-06,7.306453930228081,,False
6.000803,1,7150.843179,True,False,True,3.0383567682584784e-10,7.060369231901159,,False
6.828102,1,7152.149095,True,False,True,0.004572267560517803,5.570843689302471,,False
9.908255,1,7153.445706,True,False,True,7.009434817119255e-10,0.002563047114499033,,False
9.285125,1,7154.790752,True,False,True,0.002362451279096165,1.1316732453603657,,True
8.4844,1,7155.899573,True,False,True,1.1756144668861879e-10,2.5758548383935564,,False
4.218798,4,7157.110055,True,False,True,0.0010626312333378227,8.585758580255131,,False
7.859788,2,7158.363401,True,False,True,0.006751773496997654,3.49285860196003,,False
9.906914,1,7159.710302,True,False,True,1.2946166783668068e-10,0.0025628037991370345,,False
7.732415,1,7160.907927,True,False,True,3.1456863045438973e-10,3.92850187944441,,False
8.323566,1,7162.078965,True,False,True,0.00015057250773213617,2.8632090590744395,,False
8.892831,1,7163.218615,True,False,True,0.004904861706329948,1.837560367780148,,False
1.724756,3,7165.624177,True,False,True,0.009521957122477309,14.54885186619305,,False
9.105859,1,7166.955962,True,False,True,0.006060549207103635,1.4561072328124958,,False
1.296006,1,7168.509486,True,False,True,0.005323377300637137,15.550997317426896,,False
7.379931,4,7174.080514,True,False,True,0.005390872284049657,3.7670109927631357,,False
8.859022,1,7175.564497,True,False,True,0.005725350429656301,1.9012370212115122,,False
9.11615,1,7176.781884,True,False,True,0.004657614156295678,1.4406077837668614,,False
7.789036,1,7178.20258,True,False,True,0.0005945884670119819,3.8324983329388127,,False
7.641938,1,7179.419521,True,False,True,0.004346206349939623,4.102211566774603,,False
7.89446,2,7181.909932,True,False,True,0.0005730891544534402,4.056491500283258,,False
9.857687,1,7183.212627,True,False,True,0.00026143382243753836,0.09493344043731626,,False
8.269517,1,7184.565906,True,False,True,2.449567267068199e-05,2.9640842475422176,,True
8.605101,1,7185.977166,True,False,True,0.005876580324088702,2.3647755517329614,,False
8.508524,1,7187.380731,True,False,True,0.0027411901387262593,2.5353908085405368,,False
9.905477,1,7188.852158,True,False,True,1.3924645742013908e-09,0.0025624158119557545,,False
8.345782,3,7193.573791,True,False,True,0.002899363427272674,2.284097450839017,,False
-10.621624,18,7213.745595,True,False,True,0.0060222169437746335,2.8907967436349318,,False
1.288064,9,7225.695332,True,False,True,0.004739401577974214,13.498369020457892,,False
1.832433,2,7228.115043,True,False,True,0.004979859707295108,14.269919739518404,,False
9.214836,1,7229.807079,True,False,True,0.0053660648675927245,1.2626573797869347,,False
6.48642,1,7234.014354,True,False,True,1.5813729220816013e-09,6.1841999505595835,,True
8.415422,1,7237.042461,True,False,True,0.004204972299133985,2.705689498100829,,True
6.677296,2,7242.781386,True,False,True,0.002975438154409725,5.277386953829118,,False
8.535698,1,7245.36696,True,False,True,0.0030096499885801245,2.4868272592130753,,False
2.464761,1,7247.52453,True,False,True,4.850228170483195e-10,13.440489009506376,,False
7.478502,1,7249.482254,True,False,True,0.006269059683799968,4.3991810311768536,,False
8.117677,1,7251.865717,True,False,True,0.0010903161253134896,3.239836509057958,,True
9.90327,1,7254.899821,True,False,True,4.7014833625802944e-05,0.011896727310921482,,False
9.392809,1,7257.210872,True,False,True,2.967588765827067e-12,0.9330952898303296,,False
9.919667,2,7260.448524,True,False,True,6.789144750492603e-10,0.0025623471116227987,,False
9.876869,1,7263.398806,True,False,True,2.2990416969286015e-10,0.054766899891689536,,False
8.836717,3,7270.699655,True,False,True,0.0017006262199571187,1.1147676294225146,,False
8.071629,2,7272.982016,True,False,True,0.0009131575729920149,3.1728214829005723,,False
6.706374,5,7279.632435,True,False,True,0.011960675795275117,3.998191617722487,,False
9.828797,1,7282.25776,True,False,True,0.0003896759052990528,0.1467891877663542,,False
7.503487,4,7290.019638,True,False,True,1.8878891087726328e-10,2.8578782516513566,,False
-0.195519,15,7328.887132,True,False,True,0.005641078894091045,3.8933611124007714,,False
9.082951,1,7330.909681,True,False,True,0.0045167464572558064,1.4999470384549491,,True
6.616333,4,7337.448504,True,False,True,0.0021091192905922165,5.049213245790052,,False
3.593012,1,7338.842415,True,False,True,0.002781659944030646,11.407507280684781,,True
5.811513,1,7341.045319,True,False,True,0.006108326024745793,7.4078669532075185,,False
8.249851,1,7342.976937,True,False,True,3.671646146841123e-10,2.999797720683968,,False
7.981484,1,7344.973421,True,False,True,0.004116889807711657,3.4892008586111714,,False
2.160111,1,7346.962636,True,False,True,0.0042405551649349095,13.992493688581261,,False
4.943348,2,7351.120926,True,False,True,0.006215019521320854,8.845963276728744,,False
8.978519,1,7352.624466,True,False,True,0.001715322972221736,1.6846223803557714,,False
9.360159,2,7356.835094,True,False,True,0.00019764886314334318,0.8077424758672986,,False
9.813695,2,7360.502363,True,False,True,1.8016675651377767e-10,0.002562965490529218,,False
4.800692,1,7362.53205,True,False,True,0.0005400842314235189,9.224648094174297,,False
6.761333,1,7364.433441,True,False,True,0.005971249010188192,5.692032823016497,,False
9.305732,1,7366.358539,True,False,True,0.002614290017351665,1.0955698324556198,,False
3.390463,1,7368.148924,True,False,True,3.223736087551443e-05,11.770888669782101,,False
6.335724,1,7370.130431,True,False,True,5.159505047276026e-11,6.455994460091067,,False
3.439263,1,7371.930018,True,False,True,0.0003555042311635011,11.683097665775358,,False
1.821606,3,7377.405109,True,False,True,0.00647708257745231,14.712158018163302,,False
3.089761,1,7379.331758,True,False,True,0.0017988021645166238,12.314501995247488,,False
8.13416,1,7380.637527,True,False,True,0.0028195513509041295,3.2115396642883764,,False
9.535314,1,7382.172757,True,False,True,0.0006428866155828889,0.6777872594250952,,True
7.31587,2,7385.722019,True,False,True,0.006126604348639474,3.6415916671964355,,False
7.405331,1,7387.34529,True,False,True,7.773486504982097e-11,4.524442365604426,,False
8.068658,1,7389.235825,True,False,True,0.004438311058721278,3.331682931910751,,False
3.469107,5,7397.243069,True,False,True,0.0031772836625734765,8.887492915775585,,False
9.192789,1,7399.160937,True,False,True,0.004139835853875815,1.3008585348079587,,False
2.153884,4,7405.018775,True,False,True,0.003992643104269236,10.986258050824008,,False
4.335099,1,7406.792275,True,False,True,2.064611467900157e-10,10.06673718604816,,False
7.870405,3,7411.700328,True,False,True,0.002676572195150053,3.2235056014154964,,False
7.845744,1,7413.849695,True,False,True,0.004289455378974958,3.734140060634979,,False
-26.015378,60,7468.277527,False,False,True,0.0021462961229973656,44.71795472793078,,True
9.169354,1,7470.063081,True,False,True,0.0017472994604658034,1.3363975841506381,,False
7.247781,5,7477.383429,True,False,True,0.004671441523283807,3.211221115874816,,False
8.381677,1,7479.400195,True,False,True,4.0636979892205716e-10,2.7594094897076635,,True
-21.659159,60,7579.990325,False,False,True,0.006364327476432185,15.572524205642361,,False
9.758682,1,7582.110765,True,False,True,6.812300427376723e-10,0.2687735143853263,,False
7.387739,1,7584.679796,True,False,True,0.006085901116866115,4.563184498653748,,False
1.704675,1,7586.494359,True,False,True,0.004609495198343843,14.81385071142192,,False
8.38054,1,7588.082716,True,False,True,0.0010270024351263537,2.7643369962055298,,False
8.207588,1,7589.918884,True,False,True,0.0031397248496997797,3.0786687568185314,,False
9.908433,1,7592.132332,True,False,True,4.85853692000493e-09,0.002568526045915086,,False
8.252947,1,7594.008818,True,False,True,0.003013437472141419,2.9974731255694405,,False
7.768728,3,7596.313144,True,False,True,0.002345556013255451,2.832108043771685,,True
9.824983,1,7598.278374,True,False,True,0.000713774963402844,0.15442234146770692,,False
4.183318,1,7599.875502,True,False,True,0.00011069065714122087,10.340664253131031,,False
7.868149,1,7601.467406,True,False,True,0.005686486937189765,3.6914913233651503,,False
9.905612,1,7603.00093,True,False,True,6.353598203112654e-12,0.002564916075704902,,False
9.817872,2,7604.776767,True,False,True,1.7673331841680138e-09,0.0025623995971364015,,True
6.75564,1,7606.123602,True,False,True,0.0035682041394022425,5.701327646089035,,False
9.905407,1,7607.470066,True,False,True,7.194262462337204e-10,0.0025650212247064347,,False
7.474771,3,7609.114895,True,False,True,0.005939183665560435,3.771367499956298,,False
9.907678,1,7610.460994,True,False,True,1.1206899274684209e-09,0.0025635956625253034,,False
5.815827,2,7611.740965,True,False,True,1.6542045695436183e-06,7.257107539194238,,False
6.692723,2,7613.110937,True,False,True,0.009621140779679576,6.347486228869318,,False
9.190452,1,7614.375043,True,False,True,0.0016688460974528078,1.3026318467563758,,True
7.497702,2,7615.71634,True,False,True,0.0032706671258189964,4.038332342729119,,True
9.588276,2,7618.880734,True,False,True,0.0033926203045414123,0.648317940196037,,False
8.630928,1,7620.539954,True,False,True,0.005198590432996641,2.316750880069553,,True
8.28968,1,7621.791708,True,False,True,0.00029338772696900603,2.9276089829791507,,False
8.206081,1,7623.081892,True,False,True,0.0034813973918866605,3.0825008084236307,,False
5.272588,1,7624.433306,True,False,True,0.009500529842815231,8.382781338178393,,False
5.035213,1,7626.102604,True,False,True,0.0025970054420976114,8.805662385551672,,False
5.032506,1,7627.712399,True,False,True,0.0003359604606229965,8.808649224821771,,False
9.869009,1,7629.675116,True,False,True,0.00018730610103706553,0.07237765095208,,False
4.505756,2,7633.25442,True,False,True,0.00029005685505922776,9.627871147660072,,False
8.824632,2,7636.772263,True,False,True,0.00045688669000474875,1.80721320861963,,False
4.441349,13,7655.644989,True,False,True,0.0066425348687015,5.68575925479515,,False
8.654139,1,7657.582171,True,False,True,0.005062632970455829,2.2755513296012064,,False
7.585338,1,7659.384369,True,False,True,0.0021581631103033223,4.20239064731568,,False
8.284179,1,7661.273183,True,False,True,7.005275562145944e-10,2.9375336506042533,,False
8.047342,1,7663.349481,True,False,True,0.002027771895194543,3.3678344506836138,,False
8.104732,2,7665.361585,True,False,True,0.004204970764441072,2.4683018568573667,,False
2.889525,7,7679.110576,True,False,True,0.002380586631621666,11.403753356774546,,True
5.211896,4,7686.953481,True,False,True,0.0017445338499146065,7.7999131524003875,,True
8.299066,1,7689.141421,True,False,True,1.9843014787660302e-10,2.9103072313866303,,False
8.249725,1,7691.327991,True,False,True,3.037784190862425e-10,3.0000255114126575,,False
6.143592,1,7692.899119,True,False,True,0.0014660808938771787,6.804472023758547,,False
3.260638,1,7694.89441,True,False,True,0.004725461160688548,12.008277141669256,,False
7.350032,1,7696.734135,True,False,True,0.005222946894730282,4.629722039424601,,False
1.581416,3,7701.695952,True,False,True,0.009478294621102286,14.807945359526274,,False
2.204443,1,7703.259061,True,False,True,0.004236951278415484,13.9125581049394,,False
9.906116,1,7704.775855,True,False,True,4.924124085604869e-11,0.0025628207224607986,,False
4.792396,2,7706.452841,True,False,True,0.003102395178989527,8.87873694088074,,False
5.8921,4,7711.756479,True,False,True,0.002946965863098193,5.956914342309011,,False
5.582874,2,7715.198153,True,False,True,0.0047212861290572995,7.620129060943452,,False
9.786893,1,7717.116427,True,False,True,6.639361745933246e-06,0.2225282466620081,,False
9.907659,1,7718.843579,True,False,True,6.087862279895577e-11,0.0025632740552907923,,False
8.200013,1,7720.666305,True,False,True,0.0005100188113901339,3.090435080037663,,False
9.908245,1,7722.444035,True,False,True,4.953967930321213e-10,0.0025719420597549235,,False
7.882687,2,7725.616738,True,False,True,2.2744218057780302e-05,3.667707955808808,,False
7.623789,1,7727.321013,True,False,True,1.4255606522937958e-10,4.129924976988081,,False
9.817286,1,7728.89894,True,False,True,0.0032310184378389843,0.17206328949610303,,False
9.908573,1,7730.463408,True,False,True,9.695990245070507e-09,0.0025789474893392144,,False
3.071066,1,7732.086248,True,False,True,1.884808975560759e-11,12.346975701148656,,False
6.365546,1,7733.40247,True,False,True,0.004774249257274027,6.406936531619282,,False
7.980237,1,7735.273669,True,False,True,0.001990546301379917,3.4884504942157566,,True
8.909087,1,7737.023694,True,False,True,0.008906593849097134,1.8194435629146983,,True
9.138879,1,7738.735875,True,False,True,0.005828406882852988,1.3972219702499074,,False
9.194253,4,7744.787334,True,False,True,1.0231621347153719e-05,1.7146640310513508,,True
9.809159,1,7746.500867,True,False,True,2.512001090851917e-11,0.17850774395347555,,False
5.385652,2,7750.081278,True,False,True,1.7879477000107107e-05,7.887581168276736,,False
8.309814,1,7751.696383,True,False,True,0.0001680847130975002,2.8912904955764613,,False
8.167448,7,7760.9198,True,False,True,0.008062976615134559,2.2607413835982992,,False
8.872125,1,7762.610074,True,False,True,0.004690166547666366,1.8747515668479315,,False
9.762901,1,7764.294522,True,False,True,0.00103016036984796,0.26586939339523624,,True
8.639103,1,7765.621319,True,False,True,0.005272897688624226,2.301992310078833,,False
9.252704,1,7767.336303,True,False,True,7.56425144743389e-10,1.187402307095529,,False
7.398074,1,7768.606304,True,False,True,0.0017178460619158263,4.539658332492678,,False
9.904472,1,7770.352663,True,False,True,7.925488969382781e-12,0.002563056926264637,,False
9.358969,1,7772.096296,True,False,True,7.978840921296637e-10,0.995459100675541,,False
3.644462,2,7773.380139,True,False,True,0.0004971842091652324,11.060721021617542,,False
9.66272,2,7776.466363,True,False,True,0.0014891267661816922,0.36585034605359645,,False
2.960278,2,7779.365146,True,False,True,0.0006462730453538411,12.42249415277801,,True
8.287935,1,7780.712388,True,False,True,4.622814187005275e-09,2.9302113919473687,,False
7.641074,1,7782.489057,True,False,True,0.004236628192535806,4.10396627378498,,False
5.183075,3,7785.654439,True,False,True,0.0052841137824855555,8.486230320214919,,False
8.167135,1,7787.209721,True,False,True,2.1334494509342916e-10,3.146168430077138,,False
4.468619,1,7788.85107,True,False,True,0.006133323984654763,9.827512794056677,,False
7.924126,1,7790.577193,True,False,True,0.002862255780655854,3.59066853404282,,False
6.759692,1,7792.496772,True,False,True,5.223737312442384e-06,5.6908535315186475,,False
7.947409,2,7795.256777,True,False,True,0.0010251344779561855,3.3617651261900687,,False
9.168739,1,7796.600202,True,False,True,0.0054115638637256555,1.3461805407602845,,False
9.515303,1,7798.176768,True,False,True,0.0038939024546888286,0.718575310989537,,False
9.876379,2,7799.572527,True,False,True,8.207457826462039e-11,0.002579735245018958,,False
6.830029,4,7805.357249,True,False,True,0.001268098987043781,4.938918407346777,,True
5.452525,1,7806.765162,True,False,True,0.000212605381926052,8.048404406478435,,False
7.210709,4,7808.312802,True,False,True,0.006090943863066654,4.438739254503662,,False
8.637144,2,7809.612666,True,False,True,0.008538327458172916,2.164439732733864,,False
8.968018,1,7810.961438,True,False,True,0.0022459150812004784,1.7042267385257046,,False
8.249343,1,7812.257295,True,False,True,3.56703153395314e-10,2.9999924424893,,True
8.504196,3,7813.487587,True,False,True,0.00020560411252379483,2.7271512823964574,,False
9.907695,1,7814.823522,True,False,True,1.5047842027931922e-11,0.0025624852216017237,,False
8.29942,1,7816.148595,True,False,True,0.0005256022043210886,2.9102342620431263,,False
8.0651,1,7817.357651,True,False,True,0.002044826735452362,3.3354919120406934,,True
8.444751,1,7818.678186,True,False,True,6.907833631609006e-10,2.647727869690459,,True
9.526892,1,7820.023775,True,False,True,0.0019676319517455305,0.6943660075655569,,False
3.162399,1,7821.413639,True,False,True,0.004282146900178467,12.185152357255271,,False
9.529424,1,7822.764214,True,False,True,0.002468937027844864,0.6908536302146251,,False
9.450764,1,7823.993406,True,False,True,0.0009091260659987821,0.8307391429926014,,False
7.067273,1,7825.287782,True,False,True,0.00841847543717235,5.134900910861248,,False
9.908289,1,7826.624216,True,False,True,9.913528331573218e-12,0.00256299961933456,,False
8.194764,1,7827.94119,True,False,True,0.003403728535119013,3.1029024948978194,,False
-1.675203,10,7834.550499,True,False,True,0.0049297463544921896,17.257764662590596,,False
7.208299,1,7836.199775,True,False,True,0.0043570453832725425,4.884170512180568,,False
7.326829,5,7838.920316,True,False,True,2.163486988535513e-05,3.860890891775201,,False
7.094605,1,7840.486531,True,False,True,0.004177655594546465,5.089415243133492,,False
6.364688,1,7841.760521,True,False,True,0.0010987352902088465,6.404411256160111,,False
7.470946,2,7843.116654,True,False,True,0.004726588863047739,3.4917268168385327,,False
9.091631,1,7844.393032,True,False,True,0.000840208463361011,1.479275264418037,,False
6.355341,4,7845.764021,True,False,True,0.007137283260514586,5.687034022105808,,False
8.256428,1,7847.475241,True,False,True,0.00010101147168710758,2.9852767553058013,,False
2.352071,3,7852.844238,True,False,True,0.0001895350382058415,11.216977166015505,,False
7.955997,2,7854.605876,True,False,True,0.00615894791711172,2.7063912414897997,,False
7.187009,3,7857.644874,True,False,True,0.01150296089225649,4.072452300220511,,True
4.264768,1,7858.919525,True,False,True,0.002098522839453096,10.194606154624672,,False
7.585153,1,7860.819824,True,False,True,8.208580314500992e-11,4.199972966621472,,False
8.420665,2,7862.506087,True,False,True,0.0025123251973475868,2.564525682852157,,False
7.52593,2,7865.262173,True,False,True,8.438533205534782e-11,3.0002842309056943,,False
7.542961,1,7866.586851,True,False,True,0.009478087985908655,4.280962691053339,,False
9.021155,1,7868.330906,True,False,True,0.00011539120824406723,1.599578823797777,,False
9.894933,1,7870.101194,True,False,True,0.00011659470640772136,0.027403278044800913,,False
6.930864,1,7871.729467,True,False,True,0.004258142415580767,5.386110570258657,,False
6.99003,2,7875.161288,True,False,True,0.009636105882348077,5.147742651186909,,False
9.906151,1,7876.890493,True,False,True,5.1334700379435105e-11,0.0025625105385866077,,False
6.661842,2,7880.404636,True,False,True,0.004553069587833701,5.6791283850285375,,True
5.587185,5,7888.593771,True,False,True,0.0025596656235255637,6.815881166804163,,False
8.705215,1,7889.890664,True,False,True,0.005098605303173782,2.182740815308913,,False
6.264471,1,7891.232988,True,False,True,1.866056736216093e-10,6.584866983252115,,False
8.177466,2,7892.602651,True,False,True,0.009513553101008964,2.409474695544373,,False
7.064511,1,7893.89251,True,False,True,0.004704334542124406,5.144709227809289,,False
5.912612,5,7899.730977,True,False,True,0.0005996265867076528,5.802919205373799,,False
-3.951996,19,7912.508534,True,False,True,0.007495849633538223,13.323384926459951,,False
6.950241,6,7916.854673,True,False,True,0.006254449129552629,3.909444598100843,,False
6.42652,10,7927.699206,True,False,True,2.0792923013557025e-05,6.111499808756663,,False
8.121524,2,7930.838944,True,False,True,9.017984242269151e-11,3.059621177278952,,True
8.343273,1,7932.670658,True,False,True,0.006087128449031008,2.8338180200880645,,False
9.814352,1,7934.432281,True,False,True,0.0008636492383671569,0.17411231190874574,,False
7.382004,1,7936.133083,True,False,True,0.0036165401399437113,4.570633919809133,,True
8.775033,1,7937.736702,True,False,True,0.005693083488932445,2.057648609756913,,False
8.879947,1,7939.378391,True,False,True,0.005747735679397681,1.8628547510306988,,False
-26.539884,60,7992.805978,False,False,True,0.005076999386319441,38.2776062661385,,False
6.656327,1,7994.562218,True,False,True,0.004257649030813396,5.878971281971378,,False
7.597864,3,7997.211791,True,False,True,0.0042256322623926345,2.353220347083768,,False
9.048045,2,7999.036851,True,False,True,0.00590001805854595,1.4076398714865488,,True
7.063811,2,8000.440306,True,False,True,0.004625231428400142,4.839406726105836,,False
6.283966,1,8002.108181,True,False,True,0.00013645553981304643,6.549809482469694,,True
5.930353,2,8003.858293,True,False,True,0.009217558045502358,7.0659731189817165,,True
8.248916,1,8005.409185,True,False,True,4.8460242763059824e-11,3.0001195597304373,,False
9.185496,1,8007.505646,True,False,True,0.0008963581628437176,1.3105786661341994,,False
9.531916,1,8008.847782,True,False,True,0.0010539406692247877,0.6844977107868067,,False
2.278897,4,8013.616432,True,False,True,0.0016799765048603876,13.427835274897584,,False
-20.32567,60,8086.998418,False,False,True,0.01657364827194876,74.07665044045106,,True
9.494306,1,8088.242209,True,False,True,0.003852223149514798,0.7564575807103925,,False
9.812463,1,8089.930635,True,False,True,6.090834511228421e-09,0.17581545058875145,,True
8.51391,2,8092.622161,True,False,True,0.008554051846382785,1.9045403225440583,,False
9.76503,1,8093.961614,True,False,True,0.00017807082935758153,0.2536842269688919,,False
7.068433,1,8095.291559,True,False,True,5.087697795654538e-10,5.1330655758054835,,False
5.232806,2,8098.888025,True,False,True,0.005002892404982547,8.32065676918005,,False
6.241862,4,8103.770373,True,False,True,0.005880615883916949,5.541327218185859,,False
2.769958,1,8106.308157,True,False,True,4.7517888929204943e-11,12.890062009375615,,False
9.593558,1,8108.704582,True,False,True,0.000616641795334813,0.572808593457701,,True
8.733149,2,8113.235771,True,False,True,0.003296513956280396,2.515297214582656,,False
1.227862,2,8115.085279,True,False,True,0.00040880165412710955,15.552055415696746,,False
7.477878,1,8116.842313,True,False,True,3.0674504603034336e-11,4.393364707162846,,False
3.741267,3,8121.822597,True,False,True,0.0005358366406584599,10.89772390185199,,False
8.078614,2,8124.893954,True,False,True,0.0007793401052920432,3.3904465066082468,,True
6.111996,3,8130.512799,True,False,True,0.009563570104806005,6.60105800600806,,False
7.521212,1,8132.387303,True,False,True,0.008253429421207954,4.3243515296663775,,False
6.199466,1,8134.309751,True,False,True,2.4054645081372783e-10,6.702209867198877,,False
9.170695,1,8136.084914,True,False,True,3.0442379954226384e-06,1.3361373903311682,,False
2.442693,3,8139.367767,True,False,True,0.000609826132155343,13.409413406027952,,False
7.567465,1,8141.290406,True,False,True,5.6458531222851255e-11,4.2303818052813895,,False
9.521459,1,8143.641518,True,False,True,1.4038425291340708e-09,0.7019651199919084,,False
8.323555,2,8147.553686,True,False,True,0.004245079914904861,2.695524044257763,,False
-8.389381,60,8182.446987,False,False,True,0.002885710737795679,3.1858052661798792,,False
9.244541,1,8183.737105,True,False,True,0.005396642943787141,1.2067032359939407,,False
6.964774,1,8185.390754,True,False,True,0.0056327011279486295,5.326095053332417,,True
9.343987,1,8187.235087,True,False,True,0.004744266003434354,1.0286524435402655,,False
7.317318,1,8188.963002,True,False,True,0.0048500936260084115,4.684219719008689,,False
4.131259,2,8192.412697,True,False,True,0.006936388046566821,10.801065463773027,,False
9.906987,1,8194.109407,True,False,True,1.4912298826330606e-12,0.002562347822815805,,False
6.285688,1,8195.855702,True,False,True,0.010092235299010738,6.55192231585258,,False
8.747548,1,8197.541402,True,False,True,0.005422574594224322,2.102328498255374,,False
7.720224,1,8199.296322,True,False,True,0.004764514979018678,3.961615450591922,,False
9.81807,2,8202.479379,True,False,True,7.821050842376344e-12,0.002564275994742947,,False
6.607873,1,8204.076865,True,False,True,0.004258040587956127,5.969106133024156,,False
7.009162,2,8207.574454,True,False,True,1.097779613584704e-05,5.89148148391698,,False
5.643707,1,8209.567222,True,False,True,0.00461608071288404,7.709404440656188,,False
9.344332,1,8211.426235,True,False,True,5.867112351509718e-13,1.0188308495436678,,False
8.455542,2,8213.224617,True,False,True,0.005523624543727787,1.5233125001175178,,False
6.125487,2,8215.517529,True,False,True,0.0009119916363001765,5.747638831312965,,False
8.701826,2,8219.725635,True,False,True,0.001188839376660339,1.991396389211547,,False
9.67789,1,8222.375963,True,False,True,0.002272106955245148,0.42266704761931934,,False
9.448853,1,8224.292593,True,False,True,0.0041890073586252335,0.8390053835865448,,False
8.955792,1,8226.362848,True,False,True,0.005426726407115223,1.7261685414674752,,False
8.206845,1,8228.254737,True,False,True,0.0002974616247930356,3.0734212982082973,,True
9.908175,1,8230.324761,True,False,True,3.755843555940944e-10,0.002566050036572503,,False
5.591105,3,8235.318277,True,False,True,0.00417100909055744,7.537844915211619,,False
3.285546,2,8238.640297,True,False,True,0.0014159074214223598,11.835706205664032,,False
6.616299,1,8240.559474,True,False,True,0.00023319160835000085,5.949612843434751,,False
4.979115,6,8250.028376,True,False,True,0.004968580934693411,9.517683165638203,,False
9.908386,1,8251.935829,True,False,True,1.0026704843939764e-08,0.002565206787968992,,False
6.278193,1,8253.772014,True,False,True,4.600160807832765e-10,6.557451292268775,,False
6.830154,1,8255.594142,True,False,True,0.0029809939741155533,5.566655130427885,,False
9.2733,1,8257.358594,True,False,True,0.0047647046349657,1.1539988169215394,,False
6.595401,1,8259.123904,True,False,True,5.124011026623631e-05,5.9875088174214195,,False
7.944241,1,8260.859393,True,False,True,0.002915660357945875,3.55513517785948,,False
-31.668878,31,8285.046766,True,False,True,0.00237360231883052,17.88992661198815,,False
8.249556,1,8287.015127,True,False,True,4.447682794418615e-09,2.99993423519291,,False
9.777318,1,8289.162677,True,False,True,0.0004484192434542206,0.23529959459704108,,False
8.733115,1,8290.8841,True,False,True,0.006999100240821815,2.134369789699913,,False
3.351603,2,8292.928789,True,False,True,1.350874273553515e-12,12.133037911040851,,True
7.438261,2,8296.836593,True,False,True,0.0059926486917661545,4.35078070116798,,False
9.637898,1,8299.29092,True,False,True,0.001534312286341612,0.49355777011421115,,True
4.370178,1,8301.196614,True,False,True,2.2949022483101074e-05,10.003464501856143,,False
8.304638,6,8303.160377,True,False,True,0.0020795150948078704,1.3111423235625745,,False
3.626889,3,8306.452175,True,False,True,0.0022893448804263135,10.99043433176546,,False
9.906019,1,8308.240313,True,False,True,1.7373671945541957e-11,0.002562577385602996,,False
10.570609,4,8315.223889,True,False,True,8.44345318580859e-05,0.12876742460105337,,False
9.025689,2,8318.436858,True,False,True,0.0030617800588262165,0.7424730674439064,,False
8.472626,1,8320.041187,True,False,True,0.00213983637632504,2.599972487893349,,True
2.770448,12,8342.191787,True,False,True,0.009262277315765687,8.084239049957615,,False
7.721854,1,8344.081846,True,False,True,4.470546155488364e-11,3.9527245405700775,,True
9.860388,1,8345.526697,True,False,True,0.0001914152935557452,0.08450934582113497,,False
7.388557,2,8348.866226,True,False,True,0.00023393951761592325,4.364988575000361,,False
8.07873,1,8350.737459,True,False,True,0.0005069132250682814,3.308842306020058,,False
9.089457,1,8352.912259,True,False,True,0.004172588782400016,1.4881034088779146,,False
9.437628,1,8354.750885,True,False,True,0.004236827568396578,0.8593442448757067,,False
7.524713,2,8358.2,True,False,True,2.599326170971139e-10,3.0001451268811383,,False
7.609427,3,8361.684642,True,False,True,0.0036767984714350267,3.5416654919932005,,False
9.907736,1,8363.501408,True,False,True,9.11085637123259e-09,0.002562558611723428,,False
8.888297,1,8365.347101,True,False,True,0.002027842868197073,1.8486519979004625,,True
9.030969,2,8368.579095,True,False,True,0.0029512579607226704,1.4389554753031848,,False
4.933894,6,8380.085133,True,False,True,0.001957630493295574,8.402951295001834,,True
6.603979,2,8382.052462,True,False,True,0.003157882614248762,5.836573042014765,,False
7.79331,1,8383.630111,True,False,True,0.0012271311221325862,3.8253392939994937,,False
9.908064,1,8385.270039,True,False,True,4.948770332254633e-10,0.002572998984133771,,False
8.040814,1,8387.013996,True,False,True,0.0032791774560639547,3.381146773417956,,False
7.935014,1,8388.656032,True,False,True,0.0020503523747410074,3.570407777717349,,False
7.513511,2,8392.153054,True,False,True,5.347624264993067e-12,4.180413140725726,,False
8.358584,1,8394.030371,True,False,True,3.4463711152762693e-10,2.7990620400327177,,False
6.139814,2,8397.289188,True,False,True,0.006110121479678562,6.630518700707348,,False
8.336025,3,8402.751604,True,False,True,2.963376783825126e-09,2.3683201457027603,,False
9.83937,1,8404.54945,True,False,True,0.00023523539041325064,0.12442015354251604,,False
8.902986,3,8406.607532,True,False,True,0.005099479338740456,1.6835791859187654,,False
6.005667,1,8408.036556,True,False,True,0.005682309507007157,7.0571732099679965,,True
6.773334,2,8411.262384,True,False,True,0.005753581455796233,4.5116801251809235,,True
9.908426,1,8413.110194,True,False,True,2.3752237828749524e-10,0.0025624414140931963,,False
9.022748,1,8414.884125,True,False,True,0.0049984487849651345,1.6096218746550999,,False
7.033129,1,8416.650249,True,False,True,0.010942741577330037,5.203260727775094,,True
1.336802,2,8419.394731,True,False,True,5.066859674884849e-09,15.065667957198022,,False
9.77102,1,8421.207504,True,False,True,0.00010122986514775594,0.2513529395671341,,False
8.24992,1,8422.943803,True,False,True,8.20774975762717e-11,2.9984244160945686,,False
-1.270678,18,8445.518077,True,False,True,0.00501835824882357,16.329842079912638,,False
1.941632,11,8463.660556,True,False,True,0.011138539126029454,12.145738744154892,,False
7.437441,2,8467.480174,True,False,True,0.003999348067059191,4.324173401301333,,False
2.432071,2,8471.029874,True,False,True,0.0005673771505337556,13.00698790216753,,False
7.268855,2,8475.246666,True,False,True,0.005493739508691781,4.874205363898702,,False
8.5014,1,8477.065981,True,False,True,0.0018684365853285784,2.5464408068948368,,False
9.906815,1,8478.968272,True,False,True,6.4521166187603285e-12,0.0025624136784327543,,False
3.142445,1,8480.701735,True,False,True,0.002177577957066929,12.219740755006582,,False
6.327154,1,8482.446975,True,False,True,7.323918061887501e-05,6.471785702606582,,False
9.113311,1,8483.939455,True,False,True,0.00601203376462919,1.442928861001447,,False
6.250214,1,8485.745103,True,False,True,1.5724344714607375e-09,6.610197566883648,,False
9.908548,1,8487.479993,True,False,True,9.344968295199878e-11,0.002562687039379091,,False
8.420365,1,8488.902286,True,False,True,0.0003026547088866155,2.68949826356805,,False
9.719719,2,8491.885492,True,False,True,0.00015412651179323722,0.09961526687415655,,False
7.324254,1,8493.521372,True,False,True,0.005097727977478576,4.676810858298158,,False
3.292583,1,8495.175793,True,False,True,9.34365206731744e-06,11.947426555608278,,False
7.790166,2,8498.13587,True,False,True,0.005172893440476625,3.4108807250422166,,False
9.116648,1,8499.385125,True,False,True,0.005989396235739991,1.43627134843931,,False
3.168539,2,8502.361585,True,False,True,0.010649689434979695,11.501537614981265,,False
9.456153,3,8506.230056,True,False,True,0.005088744071199424,0.5165393869680931,,False
7.337711,3,8510.756809,True,False,True,6.59241914592601e-07,4.4576942024939274,,True
4.552312,4,8515.059404,True,False,True,7.18653167749027e-05,9.403602601618045,,False
7.169356,2,8517.626276,True,False,True,2.7275208203114687e-09,4.183955423456407,,False
8.851056,3,8522.224437,True,False,True,0.0054082403481006255,1.5802392187085734,,False
10.148877,3,8527.197063,True,False,True,0.00019085773600359288,0.04775542822326419,,False
2.508765,2,8530.132718,True,False,True,0.0015693685361798174,13.300218893987367,,False
5.772526,1,8531.750668,True,False,True,0.010462660180603822,7.477290410973947,,False
9.902532,1,8532.950096,True,False,True,3.427305173987208e-05,0.0089589628179288,,False
7.584452,1,8534.543863,True,False,True,0.00022469083262452357,4.2005392506586885,,True
9.901353,1,8536.108769,True,False,True,4.477486432547407e-05,0.015694728431551296,,False
4.961003,2,8538.61796,True,False,True,0.0002725994989794915,8.26773379781437,,False
8.954226,1,8540.25761,True,False,True,6.501667617626189e-05,1.7273611496265375,,False
9.90855,1,8542.045759,True,False,True,3.4980751628665985e-10,0.002577169597861316,,True
9.366195,1,8543.455989,True,False,True,0.0010397278295893875,0.9812288428520944,,False
7.943904,1,8544.674443,True,False,True,2.3225336847916761e-10,3.5516665340580196,,False
8.654127,1,8546.439918,True,False,True,0.0013015963276535453,2.2711037423497507,,False
9.6058,1,8548.483705,True,False,True,7.960462844458505e-11,0.5490055099305727,,False
2.223054,1,8550.647463,True,False,True,0.003094018025880182,13.87831770403469,,False
4.999141,1,8552.815174,True,False,True,0.0003930905601850954,8.864014438151383,,False
8.568775,1,8554.999924,True,False,True,0.00010590431518496708,2.4238068340175936,,False
5.347157,2,8559.15787,True,False,True,0.009127006201791247,8.466792498060435,,False
-12.737119,60,8605.483219,False,False,True,0.004131085163673571,49.53226966803931,,False
-16.371326,60,8668.387383,False,False,True,0.014674033867407515,38.0172683462212,,False
6.901611,1,8669.897283,True,False,True,0.00032114381630351553,5.434954567309779,,False
7.572116,1,8671.585742,True,False,True,1.4128178705066774e-10,4.223877681110481,,False
6.908853,1,8673.29304,True,False,True,0.00010181756076165925,5.421649225421097,,False
8.253021,1,8674.892885,True,False,True,2.2903781220829441e-10,2.994072060015952,,False
8.232756,1,8676.195408,True,False,True,0.00019405746978293226,3.0272663641422306,,True
1.886488,2,8679.317484,True,False,True,2.164487859779296e-11,14.589606726932807,,False
4.56608,1,8681.006954,True,False,True,5.864030366536797e-10,9.649149552507417,,True
6.332864,1,8682.312764,True,False,True,0.006195496018550304,6.466005720393921,,False
8.166782,2,8683.995362,True,False,True,0.0001648647206118868,2.9815383485736895,,False
7.610157,1,8685.664538,True,False,True,3.276358490067466e-10,4.154711733309111,,False
9.458096,7,8693.603234,True,False,True,0.004216725888917847,0.5150002175266148,,False
7.021864,2,8696.441479,True,False,True,0.008859238552932905,5.082611582875964,,False
7.39626,1,8698.057059,True,False,True,0.004347475739109156,4.546066958974125,,False
8.250118,1,8699.25165,True,False,True,2.636345898532344e-10,2.9993163199986914,,False
5.534728,3,8703.185038,True,False,True,0.004852477331096636,7.786068321121149,,False
8.296464,1,8704.433508,True,False,True,3.270928023997178e-11,2.914936721559994,,False
8.031595,1,8706.241251,True,False,True,0.0010747940128707273,3.394968845195426,,True
8.289727,1,8708.021466,True,False,True,0.004813028036008934,2.9325642350522556,,False
6.221035,1,8709.260944,True,False,True,0.004218813902293536,6.667237951383636,,False
8.736234,1,8710.861989,True,False,True,0.0013642587818441232,2.122266215203271,,False
8.912463,2,8713.830291,True,False,True,2.108624306182503e-05,1.7979768172710324,,False
8.489458,1,8715.179921,True,False,True,1.4536553905042382e-10,2.5666554737092273,,False
-22.99226,60,8779.653544,False,False,True,0.005216745667999822,33.735212965709145,,False
9.167719,1,8781.340612,True,False,True,0.0008244937106861305,1.3412462378124126,,False
6.68677,1,8783.05878,True,False,True,0.0005870682819313936,5.823102073418152,,False
10.378878,2,8786.019149,True,False,True,7.038494958955707e-05,0.10454636682632026,,False
1.869737,1,8787.707301,True,False,True,0.00010585718143941926,14.51359095236515,,False
7.541261,1,8789.401797,True,False,True,6.422114510039113e-11,4.279097370123816,,False
1.557478,1,8791.155292,True,False,True,0.004869419981745643,15.079373031775626,,False
9.908567,1,8792.75697,True,False,True,9.7826916706234e-11,0.0025904271901272076,,False
9.907345,1,8794.484301,True,False,True,6.685434798945996e-10,0.0025625041382488847,,False
3.817581,1,8795.964768,True,False,True,0.004811058098757337,11.003878045046456,,False
9.500639,1,8797.688205,True,False,True,0.0029400329487385204,0.7402929260715706,,True
7.402247,1,8798.950566,True,False,True,0.005225724441946397,4.531815642509764,,True
8.963129,2,8801.959706,True,False,True,7.478997976484436e-11,1.5548218211545954,,True
7.118572,2,8803.570503,True,False,True,0.00475724206011242,4.157409851030974,,False
8.251673,1,8805.255975,True,False,True,3.229308483407214e-10,2.9965073781016236,,False
4.314145,1,8807.014766,True,False,True,0.0006094536336226624,10.105027437970913,,True
8.503694,1,8808.587686,True,False,True,0.0018800565360486687,2.542840155851774,,False
8.575994,1,8810.429889,True,False,True,0.00033653969757040103,2.406247019090442,,False
6.928777,1,8811.785576,True,False,True,0.0057263368799875675,5.39127908413583,,False
2.58788,3,8813.587047,True,False,True,0.0001646134024217644,12.778510147697919,,False
6.732657,1,8815.181382,True,False,True,0.00026921693469388313,5.739935841481191,,False
9.906798,1,8816.738989,True,False,True,2.040045216089581e-11,0.0025658234833554113,,False
5.277021,1,8818.06093,True,False,True,0.005313835084759518,8.37158218602623,,False
9.902007,1,8819.500856,True,False,True,1.649761183656121e-09,0.009888156152513818,,False
8.856935,1,8820.962366,True,False,True,0.002018836346406192,1.9048282857335537,,False
9.427218,1,8822.36126,True,False,True,9.84706059542343e-05,0.8727060715365346,,False
9.057244,1,8823.601964,True,False,True,0.0001885086783730679,1.5382805781194164,,False
8.015094,1,8824.873186,True,False,True,0.00012683427426241414,3.417325979541904,,True
4.144916,1,8826.176419,True,False,True,0.00010965416228627973,10.409944830206475,,False
7.850571,1,8827.597288,True,False,True,4.49115856440957e-10,3.72037879194406,,False
7.540267,1,8828.878,True,False,True,2.9283011878447618e-06,4.281396995347051,,False
2.250793,2,8830.341783,True,False,True,0.011361683642227016,13.165448897145538,,False
9.908207,1,8831.924507,True,False,True,3.099838719045067e-10,0.002579588874897302,,False
8.036415,1,8833.599831,True,False,True,0.0024439790083418712,3.3881537949167893,,False
7.996544,2,8835.082896,True,False,True,0.001382674170829829,3.310688747419511,,True
5.218278,1,8836.647401,True,False,True,0.002491855990603096,8.475264077118856,,False
6.537966,1,8838.246778,True,False,True,1.5822733401282818e-10,6.091145423150448,,False
7.975769,1,8840.17183,True,False,True,6.325934982051205e-06,3.4948708756785103,,False
9.123835,1,8841.819405,True,False,True,0.005963828385706376,1.423467538358836,,False
5.521662,1,8843.485399,True,False,True,0.005323766912575273,7.927761659627151,,False
7.880724,1,8845.139953,True,False,True,0.009162435644753657,3.6689649978053067,,False
3.560351,3,8849.662971,True,False,True,0.00020145164294353961,10.985132095141534,,False
9.432556,1,8851.312949,True,False,True,0.004445354403970592,0.868770108959957,,False
8.597747,7,8860.057228,True,False,True,0.00016153379231230688,1.4219633628704655,,False
6.125923,5,8867.795587,True,False,True,0.007417959317284638,6.011076523589125,,False
8.574234,1,8869.523432,True,False,True,0.004524728945525383,2.419242590326277,,False
9.192308,1,8871.28423,True,False,True,0.0010638912804429028,1.2976788302613156,,False
6.72433,4,8874.751507,True,False,True,0.00480907912262463,4.2963731175771205,,False
7.797085,1,8876.4022,True,False,True,0.004790868290211948,3.8228712955087305,,False
4.061291,1,8877.91904,True,False,True,0.0003673352135681409,10.561011853666347,,False
6.216163,1,8879.598237,True,False,True,1.987654915839232e-10,6.6715668869719185,,False
5.837356,1,8881.280082,True,False,True,0.004202665285042769,7.359619848896668,,False
8.332789,1,8882.829892,True,False,True,0.006145154207857329,2.8527365121142583,,False
7.815675,1,8884.234624,True,False,True,0.002568714198791275,3.7811485205869557,,False
8.275837,1,8885.968282,True,False,True,0.00022164135770098067,2.9530690814120693,,False
8.007861,1,8887.480573,True,False,True,0.005195233226893516,3.442530924351842,,False
9.371271,1,8889.255966,True,False,True,0.005022685487187154,0.980203346696633,,False
6.644061,1,8890.817277,True,False,True,0.0059307157949865215,5.9049922676302495,,True
9.861643,1,8892.472188,True,False,True,0.00018545306379832635,0.08140786196053038,,False
7.118034,2,8894.139384,True,False,True,2.8671215629833237e-10,5.68889670523773,,False
7.57234,1,8895.82237,True,False,True,7.139095301177002e-05,4.2235543333687255,,False
2.493994,1,8897.526621,True,False,True,0.0045498609901031255,13.390646685592676,,False
8.932595,1,8899.086264,True,False,True,0.005108839165034475,1.7719258758171872,,False
8.106695,3,8900.810716,True,False,True,0.0024840171297505985,2.833255232937422,,False
6.460716,1,8902.093317,True,False,True,0.002859174295055958,6.23313111148536,,False
9.908216,1,8903.312136,True,False,True,1.4643340974256707e-10,0.002562687039379091,,False
8.647316,1,8904.605731,True,False,True,0.004704647463666623,2.2869597165638873,,False
9.378739,1,8906.197523,True,False,True,5.496691890660883e-06,0.9601891538991018,,False
7.497735,1,8907.865316,True,False,True,1.4169442008604705e-10,4.358202305292048,,False
7.366257,1,8909.615203,True,False,True,7.55565332521968e-11,4.590188710670359,,True
5.547944,1,8911.300687,True,False,True,0.005438044834816302,7.878858304725468,,True
7.171643,1,8912.793328,True,False,True,0.0059869042636915455,4.950280527931323,,False
8.249682,1,8914.291468,True,False,True,2.594580098948148e-10,3.000103754939773,,False
