#{"t_start": 1785432288.2864127, "env_id": "None"}
r,l,t,success,full_task_success,freeze_attempted,d_m,alpha_deg,flag,true_is_iugr
-0.441445,22,10.134003,True,False,True,0.0027594052940178547,15.658422441329929,,False
-0.4001,35,19.636913,True,False,True,0.0028095825754588435,13.816407919262133,,True
-0.351574,17,22.917537,True,False,True,0.011957375150201599,11.698709847252314,,False
9.106772,3,24.262106,True,False,True,0.002133416023076991,0.9654371737954615,,False
-9.56773,60,42.519459,False,False,True,0.005647057041183212,18.70255979021052,,True
0.938334,32,56.568705,True,False,True,0.006175174276139729,9.737252244003304,,False
7.784459,9,60.895943,True,False,True,0.005569218352557891,3.176159097007011,,False
-3.513722,23,66.349992,True,False,True,0.0020065030378124647,13.791899470754535,,False
7.602657,1,67.599409,True,False,True,0.004232733586023634,4.173322033666045,,False
5.19214,11,70.2158,True,False,True,0.004087892277856699,5.510162746394109,,False
-13.55152,60,83.464114,False,False,True,0.015090143654505603,23.687866953325152,,False
6.167711,17,90.418041,True,False,True,0.01000242195476826,3.9121752395076537,,True
3.227625,1,92.056851,True,False,True,4.89586909208084e-10,12.064588440754454,,False
4.393509,9,94.730941,True,False,True,0.010137148578325162,8.107932948932897,,False
0.384713,16,98.625941,True,False,True,0.0056747792288723235,13.251704164273969,,False
3.44984,15,100.349835,True,False,True,0.005513584087776188,8.044937932470472,,False
2.316496,1,101.560821,True,False,True,0.004878422643393872,13.710894772649342,,True
2.396352,23,106.849106,True,False,True,0.003679393429041793,8.955154130826054,,False
6.5559,2,108.01097,True,False,True,0.0066371599866027215,6.048341546342929,,False
-17.957917,60,131.22781,False,False,True,0.005377733326291684,11.601250897579874,,False
6.752112,7,132.842927,True,False,True,0.011866695286078484,3.9895342977877757,,False
-14.758689,60,143.366698,False,False,True,0.014191887865097487,8.06410027736111,,True
3.909104,27,155.416352,True,False,True,0.003579533206555966,4.768206521308855,,False
-14.336709,60,174.540944,False,False,True,0.010256698213345596,40.5617066104151,,False
5.545275,23,178.831124,True,False,True,0.002456004792285065,5.503981599647274,,False
8.401332,2,179.946188,True,False,True,0.002339170732770288,3.514906218037282,,True
-22.74221,60,204.40672,False,False,True,0.0015880418788588719,59.29006831889892,,False
2.591452,3,206.89589,True,False,True,0.003672421882265791,12.794102744112772,,False
7.042697,2,208.108264,True,False,True,0.0009574359744168241,3.8560402562249756,,False
4.44804,2,209.29817,True,False,True,3.427772355627662e-06,9.46382382085603,,False
4.740031,22,218.81831,True,False,True,0.004151731157251261,4.97655007264896,,False
8.160362,4,220.10224,True,False,True,0.008966307854723738,2.1491371728427233,,False
6.755829,7,223.938423,True,False,True,0.0007644724398525399,4.249338325001108,,False
7.564545,15,227.97874,True,False,True,0.002987968840711147,2.5743248994724457,,False
0.722548,14,231.126775,True,False,True,0.0015756443139239504,14.28684039844523,,False
6.313752,18,241.03042,True,False,True,0.01143279028837759,3.8846609812903914,,False
-14.388606,53,261.443396,True,False,True,0.004710342508400099,12.991421379688068,,True
-0.120153,15,273.034391,True,False,True,0.010230240702186009,14.643934536898417,,True
8.118498,1,274.162565,True,False,True,4.832829714131442e-05,3.2371212963433464,,False
6.927498,10,278.576797,True,False,True,0.005424047771548082,3.0041238877517906,,False
-0.545409,15,284.936968,True,False,True,0.003599548152618478,16.527887905504883,,False
9.6324,3,286.220992,True,False,True,5.905812015667548e-05,0.03645624334111907,,False
-16.077638,60,310.418523,False,False,True,0.026341609014636856,4.918378007937524,,False
1.939467,30,317.837551,True,False,True,0.0025620734052070604,8.91295006366731,,False
4.904882,3,319.140888,True,False,True,5.55294266885554e-10,5.999029589070689,,False
7.343749,10,320.816934,True,False,True,0.0017985666523240539,2.8716590239280397,,False
-14.797513,60,337.375248,False,False,True,0.03008741293981288,57.11272721309818,,False
6.106849,5,338.811037,True,False,True,0.0033130770659608767,6.253308109985108,,False
-0.55116,22,346.253707,True,False,True,0.0003355085974756783,15.762309548927824,,False
3.266003,14,353.107736,True,False,True,2.4366625661830996e-05,3.3664644680080253,,False
3.387339,15,360.710769,True,False,True,0.0030757181029162947,7.307446216075235,,False
-7.160115,46,383.03941,True,False,True,0.002661722364771635,15.349968032720291,,False
5.483146,4,385.546024,True,False,True,2.0730582533814838e-10,5.935474645498382,,False
7.517614,2,388.027106,True,False,True,0.0041164606948906265,3.5304301847778414,,True
7.920909,9,389.67714,True,False,True,0.00031405937235400326,1.4943500553237816,,False
1.451278,10,394.278277,True,False,True,3.143950516593108e-10,13.361187463167607,,False
7.527021,2,395.497035,True,False,True,6.015175163520681e-11,2.9988189406140613,,False
5.771268,4,397.890604,True,False,True,0.0001106764807791297,6.10111290958985,,False
8.198853,3,401.946047,True,False,True,0.002969018259099872,2.663088369311353,,False
6.209297,4,405.220297,True,False,True,0.0002224767510446875,6.229294169462904,,False
-2.779568,14,411.308619,True,False,True,0.005209446270265669,15.193426789111646,,False
8.543521,8,416.199802,True,False,True,0.005428834828455354,0.4891159200537956,,False
-0.152031,24,423.116329,True,False,True,0.004663921749869744,13.807466115359487,,False
0.671645,14,426.423005,True,False,True,0.0001868548764214651,11.559133510744331,,False
8.320305,4,429.41386,True,False,True,0.008481601328335404,2.4514129196943606,,True
-1.822274,14,434.093441,True,False,True,0.006565580452126463,10.818479992143384,,False
2.438894,22,445.197213,True,False,True,0.0024645561352496623,7.65550938935896,,False
6.692098,1,446.914737,True,False,True,1.2980778604787524e-10,5.812882138906868,,True
5.60767,17,456.591707,True,False,True,0.006162629118480245,4.889607019053616,,False
4.029387,12,463.986894,True,False,True,0.011290233140931303,8.699714373643102,,False
4.978304,2,465.531281,True,False,True,3.609380936039223e-11,8.324676561584894,,False
8.065813,5,471.21834,True,False,True,0.001519184929199363,2.761674560571525,,False
5.321998,9,478.750746,True,False,True,0.0040557437501617865,4.787177378955455,,False
8.090129,1,480.111755,True,False,True,0.004706470262804353,3.2936639562060614,,False
0.034046,14,487.017472,True,False,True,0.004707029471137407,15.69219698639358,,False
7.911661,3,488.542923,True,False,True,0.0014836810738856434,3.139223822794768,,False
8.729047,2,490.045176,True,False,True,2.4750890987353807e-06,1.829719251404608,,False
-16.234958,60,513.623553,False,False,True,0.004777078176400461,27.437759992284246,,False
3.181525,9,515.789999,True,False,True,0.005879144102929501,7.652165836603339,,False
7.439064,2,517.09564,True,False,True,0.0002734349328772248,4.647219434397643,,False
7.166768,4,518.687001,True,False,True,0.0019151202970646803,4.597365324848464,,False
3.743645,4,521.750834,True,False,True,0.001768976888840367,8.699547585011159,,False
1.430863,9,529.019721,True,False,True,0.008114743868463486,13.786668568975138,,True
8.641109,6,531.855561,True,False,True,0.00018246584400323325,1.5281487801097287,,False
7.85396,12,540.157667,True,False,True,0.002411086092050962,2.604788731739501,,False
6.90056,2,541.479915,True,False,True,0.003240990023020014,5.36485794828119,,True
7.579658,1,543.01568,True,False,True,0.009309790190006748,4.219858172128534,,False
10.278124,5,546.173476,True,False,True,0.0003694078216247834,0.3825742805869211,,False
8.321299,4,551.576029,True,False,True,0.004136238873578244,2.5182606087428585,,False
7.664171,5,554.280808,True,False,True,0.0033557104692201706,3.942219772399274,,False
8.353895,8,556.352821,True,False,True,0.004236449039134144,0.874882995471623,,False
5.95873,17,563.470322,True,False,True,0.004757249050792069,3.997633483226426,,False
8.793182,8,567.722219,True,False,True,1.4877714491675854e-10,1.4994244801662682,,False
9.903891,1,569.370288,True,False,True,1.002249887355449e-10,0.002569528065068332,,False
-0.019367,6,572.429206,True,False,True,0.010068332184155475,17.42705993160643,,False
6.704817,3,575.547095,True,False,True,0.003522225561596157,5.552754662637181,,False
9.541149,3,576.972036,True,False,True,0.00540542893343661,0.7599500827274048,,False
6.639016,9,580.411392,True,False,True,0.00017765953268310253,4.20904561019229,,False
-6.152259,20,593.344972,True,False,True,0.00038097460035801684,16.05982982236012,,False
4.46035,7,600.562224,True,False,True,0.005273682637310262,6.5362609495318935,,False
5.313524,13,606.103262,True,False,True,0.002538602317741595,5.729320813610641,,False
8.724498,10,612.393958,True,False,True,0.00022999900932370396,0.9568319590342204,,False
6.465641,7,613.908092,True,False,True,0.0033491196043888972,4.975981000758485,,False
5.983639,7,615.604303,True,False,True,0.006010847483549971,4.522024971794981,,False
8.10743,4,619.620064,True,False,True,0.0003903312295462369,3.0553852898049456,,True
2.799379,14,624.066663,True,False,True,0.006589253961729326,11.863395587874704,,False
-10.211285,60,660.136746,False,False,False,0.011306016617061113,15.988722990655788,,False
-18.645971,60,686.684554,False,False,True,0.03018244145177744,23.433439177703892,,False
6.75686,5,688.665772,True,False,True,0.002612441000315406,4.568266963105603,,False
8.492701,4,691.60192,True,False,True,0.0003404997309567389,1.5160944793690982,,False
4.21602,10,697.286547,True,False,True,0.005263743310907482,8.009972184999151,,False
7.038128,3,699.033172,True,False,True,0.00036372682362299097,5.023465182777965,,False
6.156921,5,700.577722,True,False,True,0.008754691085126044,4.591083960993492,,False
8.625183,1,702.165641,True,False,True,0.003915461192768449,2.32576309817282,,False
5.283038,6,704.220722,True,False,True,0.007030681204270985,6.911874449134447,,False
-30.244686,60,733.535083,False,False,True,0.012052608058643517,45.59866285365265,,True
4.152189,2,736.453903,True,False,True,0.0045836088407105605,9.826517759555248,,False
-2.02652,8,744.659433,True,False,True,0.007310904703746648,16.591216582783627,,False
7.048367,12,748.218002,True,False,True,0.005736469578980984,3.0288208507032652,,False
7.680538,9,753.282787,True,False,True,4.51106513255084e-12,1.9893119586785355,,False
7.76735,2,754.919081,True,False,True,0.0014028337805504082,3.850097789758213,,False
7.413772,8,761.910591,True,False,True,0.0026478808418819895,3.12985492703428,,False
6.914682,8,769.873412,True,False,True,0.004934726633011593,3.6380213857175567,,False
9.906317,1,771.738063,True,False,True,8.112208821353661e-13,0.0025671311088479613,,False
9.908582,1,773.239836,True,False,True,5.724978379217997e-09,0.0025626147907257574,,False
7.322912,14,783.127425,True,False,True,0.00244048099726861,2.0662247460121774,,False
-21.417045,60,804.310447,False,False,True,0.02493875733843516,28.025612068101427,,False
6.826226,6,806.079073,True,False,True,0.0002356997951995062,4.406760226601611,,False
0.066111,5,807.655098,True,False,True,0.009726267580901215,16.850757397640816,,False
8.698195,4,809.115728,True,False,True,1.5923609865348795e-11,1.2415972280849985,,False
-0.987451,14,815.037339,True,False,True,1.944134651324994e-11,14.761465178027763,,False
4.158298,1,816.308892,True,False,True,8.809262522719956e-05,10.385784425988248,,True
5.327102,10,824.689605,True,False,True,0.002932885110144817,5.781814915806155,,False
8.521708,2,827.535618,True,False,True,0.004556778082034098,2.122281373018529,,False
2.860834,1,829.250726,True,False,True,3.0300085357426454e-12,12.726160402330308,,False
5.278803,1,830.923637,True,False,True,0.0018742080666047673,8.365526659042622,,False
7.456499,12,839.97167,True,False,True,0.008520508504908132,1.9284338163955212,,False
7.042563,2,841.708693,True,False,True,0.004858066000285652,5.7646955648519285,,False
6.264979,1,843.05919,True,False,True,0.0038265221366230832,6.587575451378739,,False
6.883269,4,847.287439,True,False,True,0.005879146198066151,5.04061492989171,,False
5.730271,13,855.351402,True,False,True,0.005820133098501,4.719719542184113,,False
6.597804,3,856.793445,True,False,True,0.006093546230646587,5.188585636990845,,False
6.485871,2,858.566658,True,False,True,3.5106331904011245e-12,6.771254157162758,,False
7.907327,2,860.242165,True,False,True,0.0009209162826269326,3.1899988483131043,,False
9.523028,1,861.495529,True,False,True,0.002629186966089241,0.701024805204478,,False
4.396033,5,864.295654,True,False,True,0.002478763868889907,6.7949186798057735,,True
6.622374,2,865.661559,True,False,True,0.005576235473117046,5.184281159361648,,False
6.584811,2,868.213845,True,False,True,0.00025286513142643713,4.635899263625296,,False
2.643893,6,870.124056,True,False,True,0.004357422221532167,12.715441611326671,,False
4.660141,1,871.501741,True,False,True,0.011690760003379468,9.488933500722588,,False
5.699247,1,872.923238,True,False,True,0.00599353536406048,7.608751084840364,,False
8.76941,5,874.419218,True,False,True,0.0030058546474406958,0.7198312871579495,,False
0.797993,12,884.365543,True,False,True,5.29633759374544e-05,14.517636610054188,,False
-17.12928,60,914.49969,False,False,True,0.023319277969624633,36.692907020856495,,False
7.823384,14,921.462965,True,False,True,0.004735866176879129,2.0666403410082226,,False
8.772575,2,922.833972,True,False,True,0.002126616286370662,1.9197621709121429,,False
6.728179,9,927.02955,True,False,True,0.006178003727422547,5.206822586022584,,False
6.296207,9,931.380787,True,False,True,0.0020956908506407287,4.659262583072214,,False
6.664397,1,932.719405,True,False,True,6.498194340307521e-13,5.860895334264935,,False
9.357462,6,935.609481,True,False,True,3.490189387500564e-11,1.1610604623969156,,False
3.630191,8,939.846417,True,False,True,0.004108914537174598,8.749016578251501,,False
-36.236284,60,978.626711,False,False,True,0.017056917751863025,11.057182019177715,,True
8.781908,4,982.980898,True,False,True,1.7180346034706417e-10,1.4999737514677316,,False
7.301466,1,984.637491,True,False,True,0.004737714669761039,4.717589835171044,,False
4.378549,4,985.943815,True,False,True,0.00571994409368831,6.705915731831992,,True
7.28737,5,988.582837,True,False,True,3.922093205765975e-10,4.670330530827558,,False
8.250284,1,989.847885,True,False,True,3.9204350396176715e-11,2.9990169968446607,,False
7.601919,1,991.530521,True,False,True,3.011610129846339e-10,4.169227879163104,,False
8.607424,3,992.996066,True,False,True,0.0007193274698023069,1.4374632859455259,,False
7.014862,2,994.563224,True,False,True,0.011816836930683448,5.125130674606794,,False
-0.318527,14,1002.919794,True,False,True,0.0042514991422079275,14.49444424892978,,False
-28.118709,60,1032.329121,False,False,True,0.007018310626283661,19.142039431297064,,True
5.662267,9,1035.250216,True,False,True,0.009283175656907993,5.039007343346149,,False
3.998155,3,1036.636693,True,False,True,0.0017728326586680873,10.200259105700113,,False
-26.97211,60,1061.377298,False,False,True,0.01758721477867521,12.152619484600587,,False
-31.660416,60,1086.5419,False,False,True,0.026895345344747114,35.85345022602657,,False
7.328461,2,1087.913535,True,False,True,0.006286900988732164,4.345079598133523,,False
9.012466,1,1089.272957,True,False,True,0.005771245087920241,1.6250395908729163,,False
1.921786,12,1091.079095,True,False,True,0.011904323461302737,4.748934211628706,,False
4.763376,2,1092.344267,True,False,True,0.002318687447940028,8.75165153939055,,True
-1.372267,13,1094.152779,True,False,True,0.005864297072498516,6.395780410984073,,False
6.418476,1,1095.350271,True,False,True,1.0247592264382732e-05,6.3068663999033845,,False
9.973939,9,1099.335907,True,False,True,0.002209074760437044,0.30488711283862135,,False
-0.862275,25,1115.859158,True,False,True,0.009514314062542226,9.21684557802688,,False
0.837674,4,1118.777267,True,False,True,0.0005021465241781689,15.15138565077888,,False
9.713693,2,1120.482967,True,False,True,0.0006033944740976265,0.3355110269184429,,False
3.158738,8,1123.532686,True,False,True,0.010380810353243366,10.893795251555575,,True
5.581783,5,1126.349339,True,False,True,0.0038978634024251077,7.13369503332791,,False
9.461197,1,1127.793926,True,False,True,5.174081996184299e-11,0.808235066064316,,False
8.729188,4,1130.41196,True,False,True,0.0025801435302879733,0.9150966475070661,,False
4.00044,7,1134.879232,True,False,True,0.004616766670182199,7.4301914121911485,,False
8.321687,1,1136.099598,True,False,True,0.0023454488788544605,2.8728367057737754,,False
8.45394,2,1139.009906,True,False,True,3.578192665211477e-05,2.479536746509663,,False
8.387611,7,1140.447046,True,False,True,0.0004668979708386898,2.104505781166877,,True
7.232847,10,1146.042904,True,False,True,0.0033983437740407628,3.366080101090826,,False
4.737467,11,1154.937395,True,False,True,6.572186302122862e-10,6.707464195940707,,False
8.954507,3,1157.513592,True,False,True,0.005803936481089009,1.5120753773207867,,False
4.162965,12,1167.626076,True,False,True,0.005623515330665167,7.324347294290804,,False
7.685956,11,1173.664248,True,False,True,0.0041923800714957,1.3708446757896695,,True
6.532879,7,1176.964694,True,False,True,0.006328354290324118,4.183090956346196,,False
8.249677,1,1178.451643,True,False,True,6.999571495800915e-09,3.00011326034799,,False
4.599929,2,1180.128932,True,False,True,4.715364372338886e-05,10.096496503716354,,False
6.922998,6,1185.815935,True,False,True,0.007486554936352325,6.995634974821835,,False
0.061767,25,1202.731042,True,False,True,0.008451492413541,15.21237622311077,,False
9.908582,1,1203.969711,True,False,True,9.911124464052576e-10,0.002563043701702192,,False
5.101691,2,1205.293066,True,False,True,0.003972211923572538,8.634683223636815,,False
8.388309,5,1206.854018,True,False,True,7.576037019951798e-11,1.5000503558981382,,False
-7.116176,47,1226.453115,True,False,True,0.009397453939928618,11.795646698539565,,False
6.931722,1,1227.805002,True,False,True,0.005443906079283606,5.38556474981405,,True
8.861221,1,1229.431018,True,False,True,0.005687184927397948,1.8981915868519297,,False
7.980066,4,1234.06909,True,False,True,0.010373084828867604,2.6756840094172265,,True
5.631479,6,1237.11094,True,False,True,0.004754973413505407,5.558803612198617,,True
7.486219,3,1238.594588,True,False,True,0.0003192791922720789,3.7245556941094846,,True
5.099981,5,1241.128138,True,False,True,0.00422201978347856,6.464675121385543,,False
7.601548,3,1242.609464,True,False,True,9.955638867003604e-05,2.8204026095519033,,False
3.108262,5,1244.370915,True,False,True,0.002210080560570813,13.042523546335751,,False
1.732142,1,1245.777099,True,False,True,0.001039219351040073,14.76226930366107,,False
10.072207,2,1247.055662,True,False,True,2.7678086655467254e-06,0.659427478652857,,True
8.297237,1,1248.361553,True,False,True,4.4230273843649967e-10,2.913417252135763,,False
7.471484,4,1252.476846,True,False,True,0.005750626788680227,3.23258059052786,,False
3.625791,6,1257.724657,True,False,True,0.006073399994940453,9.666299897109099,,False
3.704417,6,1260.433914,True,False,True,9.956990093540341e-11,8.999682446951217,,False
4.946695,3,1263.131467,True,False,True,0.00484389025186201,6.739094913079903,,True
7.085162,7,1267.121037,True,False,True,0.005954541939110214,4.589639691655919,,False
6.503544,7,1270.490687,True,False,True,0.01109095843848526,4.90545162556659,,True
7.752645,5,1274.933632,True,False,True,0.004430225444665416,4.774857455738053,,False
-21.435742,60,1303.290801,False,False,True,0.011112459268736347,31.65685167220235,,False
2.329372,2,1304.550128,True,False,True,0.0008832366606117345,13.25558219951708,,False
9.434489,2,1307.3265,True,False,True,0.005497969008888465,0.8639590137539842,,False
8.531727,6,1312.775149,True,False,True,0.0011625411633824653,1.3001024102771668,,True
9.81811,2,1314.199182,True,False,True,2.6053409653682235e-11,0.002562364749151098,,False
8.451135,3,1318.097283,True,False,True,0.005401216588999562,1.2608312019246388,,False
-14.666979,46,1336.704872,True,False,True,0.005879864394510506,17.75075245986759,,True
7.475704,2,1338.056542,True,False,True,0.0022198091934045347,3.44676289953094,,False
5.83715,5,1340.612349,True,False,True,0.004638898755677358,4.931255725621875,,False
8.372578,1,1342.014594,True,False,True,0.0013720232211361563,2.7794694760321192,,False
8.115003,1,1343.278014,True,False,True,0.008905862996845353,3.2528232626337488,,False
7.696833,6,1347.177147,True,False,True,0.00039301322675622225,3.057273356646461,,False
0.371869,20,1360.373366,True,False,True,0.006239533610583853,14.357587407289223,,False
9.756929,1,1361.648472,True,False,True,0.0010871579492692052,0.27301499899847725,,False
7.98106,2,1362.932932,True,False,True,1.2501519706758363e-05,3.335520756257015,,False
8.033376,1,1364.248253,True,False,True,0.0026006644660312326,3.393819110293919,,False
8.037315,4,1365.581995,True,False,True,0.004178561895395751,2.3620429711852724,,False
8.296503,3,1367.002813,True,False,True,0.005489705713918394,2.6687744742451986,,False
-0.767336,18,1372.840352,True,False,True,0.0038892198289516254,7.054345888930852,,False
9.841072,1,1374.204274,True,False,True,2.034587351216198e-11,0.11892729452767715,,True
9.908452,1,1375.478282,True,False,True,3.9361894299538847e-10,0.0025765870208048986,,False
6.65396,3,1378.057966,True,False,True,0.004628914730032337,4.591737283304142,,False
4.091873,2,1379.462517,True,False,True,0.010645842766544261,10.385964738503642,,True
6.158123,6,1382.432893,True,False,True,0.007083273795717564,5.67061114553496,,False
9.285646,2,1384.212531,True,False,True,0.002528813446606514,0.4798565294819071,,False
8.040678,1,1385.813808,True,False,True,0.009416877168722278,3.3878088769469117,,False
2.877743,7,1389.752889,True,False,True,0.010012446457460134,9.074380176741952,,False
8.250008,1,1390.953326,True,False,True,2.475538331018111e-10,2.9995141809142867,,False
6.048827,1,1392.499499,True,False,True,0.005318642704863275,6.978415700169662,,False
9.793103,1,1393.719504,True,False,True,0.0008283147316550571,0.21246775918817148,,False
3.42038,1,1395.011064,True,False,True,0.004814538219210142,11.720249799488375,,False
3.871019,6,1401.792089,True,False,True,0.004625163916647092,9.44602838940373,,False
-25.381802,60,1418.150034,False,False,True,0.0011995226737244891,25.159061183449843,,False
9.335057,2,1419.35428,True,False,True,0.002077976821153728,0.41987992744522107,,False
9.818344,2,1420.938922,True,False,True,1.3396065049666315e-10,0.002563222725203435,,False
4.117164,1,1422.450191,True,False,True,0.0015729485027581552,10.461142548845359,,True
8.514446,3,1424.200563,True,False,True,0.004758905004426841,2.232786916257191,,False
6.746343,2,1425.433487,True,False,True,0.004165914962252271,5.5252006413415575,,True
8.249563,1,1426.752968,True,False,True,9.187171301494601e-10,2.9999489719296513,,False
7.713392,4,1429.395101,True,False,True,0.0042133952622903535,3.8428455610810257,,False
5.002143,3,1432.407905,True,False,True,0.00880110540058049,6.535163554420592,,False
-0.712893,8,1435.708788,True,False,True,0.00494265231549926,15.041507976156675,,False
7.728818,5,1439.787557,True,False,True,0.0029405641143073757,3.5377864097947294,,False
5.956002,9,1444.312747,True,False,True,0.0034850531487318603,7.100754777035328,,False
8.762747,3,1446.966906,True,False,True,0.003320419023132017,1.9299982499293462,,False
-14.624673,60,1477.428249,False,False,True,0.004064749452201479,48.96844017892674,,False
8.589804,1,1478.701451,True,False,True,0.00180570365100169,2.3876589557113213,,True
8.189513,4,1480.079591,True,False,True,0.00430405219438686,1.492302332156022,,False
6.156635,6,1486.767701,True,False,True,0.0018067158892363757,4.545067641390736,,False
8.679425,2,1489.370832,True,False,True,0.0046806514796953365,1.489588363268343,,False
6.018578,4,1492.373789,True,False,True,0.0024989009297718464,6.135409254030629,,False
7.074147,9,1497.844339,True,False,True,0.002154425529392638,3.5341019826443003,,False
8.146985,2,1499.457256,True,False,True,0.0005992229714302089,2.9881733551125036,,False
7.280984,2,1501.15878,True,False,True,1.1452358237912987e-08,3.1389235081246554,,False
2.574005,1,1502.760909,True,False,True,4.181002262816278e-05,13.243146339380152,,False
8.057024,2,1505.55995,True,False,True,0.00011035781682355687,3.1980682387842583,,False
9.908582,1,1507.225665,True,False,True,4.1022596430906333e-10,0.0025623711498369895,,False
7.438662,1,1508.863532,True,False,True,0.004740270896182662,4.469917009205407,,False
9.284729,1,1510.232045,True,False,True,0.002603572184361913,1.1270983614610497,,False
8.172893,3,1511.982081,True,False,True,0.01182155573798275,2.859058071082071,,True
7.62369,1,1513.556152,True,False,True,0.0033747464191257576,4.133634809947032,,True
9.701107,1,1514.815891,True,False,True,0.001525202731789118,0.37895558858519507,,False
6.602351,1,1516.260876,True,False,True,0.00045136100083283755,5.975366875067827,,False
0.213492,1,1517.760885,True,False,True,0.008765121647236414,17.50389022910176,,False
5.097051,3,1519.469906,True,False,True,1.523733767620685e-06,9.842546034164261,,False
9.741981,1,1521.053816,True,False,True,1.8643392385442326e-11,0.3036953823330844,,False
9.906756,1,1522.440715,True,False,True,2.2293282497809486e-09,0.0025623469693841737,,False
1.329743,14,1533.190306,True,False,True,0.0012499162641911796,14.103946161012459,,False
4.044423,1,1534.554333,True,False,True,0.005530978661122578,10.594462925081453,,False
9.642725,2,1535.917156,True,False,True,1.4825378977136205e-12,0.25991836725753975,,False
8.009384,3,1538.773164,True,False,True,0.000937923442437382,3.169391933271194,,True
1.609011,14,1547.976407,True,False,True,0.009884899491956173,11.271442633529045,,False
7.494058,1,1549.358088,True,False,True,0.007794641115905304,4.368634071732009,,False
9.018851,2,1551.020627,True,False,True,0.00022233714659426632,1.4346885559784401,,False
7.772847,1,1552.213483,True,False,True,0.0005790628009262814,3.862025426260046,,False
6.625297,2,1553.518421,True,False,True,0.0022928108613685383,6.144124066559323,,False
7.413279,7,1556.665079,True,False,True,0.011004818542742364,3.0162734250834977,,False
7.503917,3,1558.00889,True,False,True,0.0026587277259509687,2.761750793963608,,False
10.203272,4,1559.442602,True,False,True,0.0003124710577919201,0.13381003177493367,,False
3.946102,3,1560.787814,True,False,True,0.004402082832094662,8.98455742530283,,False
8.2499,1,1562.119524,True,False,True,5.418658492481284e-10,2.999429827666136,,False
8.019146,1,1563.530024,True,False,True,0.000555194605580539,3.4134570910694344,,True
9.142366,1,1564.780689,True,False,True,0.0015548198606889644,1.3885895139072029,,False
7.543579,3,1567.660673,True,False,True,0.004416387759182376,3.4515159055992792,,False
9.90846,1,1569.02997,True,False,True,1.0833831054490872e-10,0.0025633781341964463,,False
8.752038,1,1570.265656,True,False,True,8.408448992215528e-09,2.0920020986830616,,False
4.464026,1,1571.57942,True,False,True,5.3515258439940094e-09,9.834121081730055,,False
7.909633,8,1575.659857,True,False,True,0.0018551156518536724,1.6221332779156972,,True
4.671311,2,1577.022333,True,False,True,0.006024229723780498,9.147879639778797,,False
8.250341,1,1578.293742,True,False,True,5.665403216004172e-11,2.9977818918307437,,False
5.266455,16,1584.181796,True,False,True,0.00013913117373470785,5.579004078602667,,False
9.205591,1,1585.354871,True,False,True,0.002348484247900729,1.2761558880177855,,False
9.698246,1,1586.963706,True,False,True,0.002320082941890137,0.38486182786476475,,False
-18.748022,60,1629.7972,False,False,True,0.0005329454578401607,11.19774557920783,,False
8.574421,1,1631.099581,True,False,True,0.010547816337794435,2.4248363469814134,,False
7.56104,1,1632.310442,True,False,True,3.5231196440792543e-10,4.241455017906711,,False
6.670258,11,1637.033709,True,False,True,0.0022673270049828427,5.506921490139097,,False
6.85854,4,1638.369709,True,False,True,0.0022960960936154653,5.7531556180468675,,False
9.299706,1,1639.674156,True,False,True,0.002467685374164447,1.1056414525220823,,False
8.298532,1,1640.997254,True,False,True,0.0012743973893957472,2.9128412150037604,,False
8.982125,1,1642.689367,True,False,True,0.006140505172957882,1.684220140387914,,False
3.74114,5,1646.577348,True,False,True,0.0020959371078630813,11.409401845748244,,True
-26.283361,60,1688.577324,False,False,True,0.001908564567696763,17.887658800375,,False
3.035768,1,1690.275471,True,False,True,1.098771004737209e-10,12.410641404970288,,False
7.942495,1,1691.860646,True,False,True,0.0025295350524306686,3.5571971490846317,,True
8.181283,4,1695.923556,True,False,True,0.003895831007757666,1.9951558295831855,,True
8.082708,2,1698.474631,True,False,True,0.0011948076750558402,3.0721232429052487,,True
9.748871,1,1699.802349,True,False,True,1.7273367114563253e-10,0.2911387990063995,,True
7.212976,5,1703.686441,True,False,True,3.2826924395055864e-10,2.9928577051170837,,False
7.502952,4,1707.587371,True,False,True,0.005665092249385953,2.722107711348443,,False
7.244061,8,1714.763033,True,False,True,0.00014330161422810607,4.5851029891723805,,True
7.854998,2,1717.390509,True,False,True,3.462888013178453e-11,2.959169237257375,,False
8.194173,1,1719.027699,True,False,True,0.0006144814101588669,3.1004989348400165,,False
5.615008,3,1721.910539,True,False,True,0.004204689210304999,7.541101847826821,,False
5.33384,2,1725.347642,True,False,True,3.7856841465840757e-06,8.311457653422552,,False
3.121551,3,1728.367105,True,False,True,9.583812007885051e-09,12.004407317705175,,False
8.381331,5,1731.402487,True,False,True,1.447679198740559e-10,1.4879847827652977,,False
8.183346,3,1733.983129,True,False,True,0.0050093061000300405,2.5554910580762265,,False
8.271611,1,1735.308144,True,False,True,0.011627459806471258,2.972671451835081,,True
8.15922,10,1742.512712,True,False,True,0.003008637569243189,0.9621548377825726,,False
4.90752,1,1743.695173,True,False,True,0.009693189553000543,9.041413052078244,,False
8.251092,1,1744.934021,True,False,True,2.5705887869709176e-09,2.997556163243701,,False
6.21316,8,1751.820481,True,False,True,0.002407375773749743,6.063694420524514,,False
6.435586,5,1758.583782,True,False,True,0.0059378667474437275,4.392745101266197,,False
9.175849,3,1761.381598,True,False,True,0.00460032675537201,0.955270528888698,,False
8.368196,2,1762.659924,True,False,True,0.003093325494419516,2.5342729586744777,,False
2.37191,1,1764.130141,True,False,True,0.005133329177392204,13.611129291671125,,False
7.573844,1,1765.372381,True,False,True,8.288669244511373e-05,4.2208516495986075,,False
9.223053,3,1769.632092,True,False,True,0.0003355522538026864,0.9180788011910073,,False
7.353439,1,1771.279484,True,False,True,0.002977916548857396,4.621966515280361,,False
8.203914,3,1773.079528,True,False,True,0.0006258910983601429,3.3334887916534024,,False
7.910137,5,1775.768183,True,False,True,0.0024639554138428015,3.324926292270439,,False
9.905971,1,1777.519283,True,False,True,9.584748272839505e-11,0.0025693355794688837,,False
5.966885,8,1783.090378,True,False,True,1.643652201102977e-06,7.008528223809014,,False
9.803145,6,1785.866417,True,False,True,0.0007317024511233686,0.3779648601269686,,False
5.347904,2,1789.05605,True,False,True,7.5883078659616694e-06,8.083456049209083,,False
8.936445,1,1790.380135,True,False,True,0.0009169273874052472,1.7605898573742647,,False
7.663604,4,1796.803545,True,False,True,3.8696408995606006e-10,3.3350361771991666,,False
8.934285,2,1800.145879,True,False,True,3.5386343309963545e-11,1.6943149059585842,,True
8.249684,1,1801.634191,True,False,True,5.661452175120818e-10,3.0000994666488,,False
6.204852,6,1808.537697,True,False,True,0.0015762918104361943,5.480982232715806,,False
7.924895,5,1813.285437,True,False,True,0.007301891292966128,2.5294057360818605,,False
7.91761,3,1816.822875,True,False,True,0.0030081753907148564,3.2889357957807195,,False
8.303105,6,1823.931154,True,False,True,0.0027276725929339684,1.2654031368014378,,False
7.60135,4,1827.746897,True,False,True,0.0021146595855864973,3.3524156352525782,,False
8.160706,5,1836.519953,True,False,True,0.011130580562160266,1.6308893273539795,,False
1.821223,3,1840.039682,True,False,True,4.315346474256798e-09,14.072260482363411,,True
6.120313,1,1841.760926,True,False,True,4.0100406328846816e-10,6.839869816781229,,False
7.988412,1,1843.166797,True,False,True,0.0016035669266670632,3.4733342557935254,,False
0.673112,11,1850.674966,True,False,True,0.00331577235933276,14.84872592804293,,False
8.276629,3,1853.687877,True,False,True,0.005750624131208599,2.551229125406407,,False
7.560344,4,1856.790886,True,False,True,0.0035285833680440276,3.766448853591868,,False
7.469491,5,1861.138453,True,False,True,0.0012744166541900825,3.4922953955295832,,False
8.269187,5,1866.035197,True,False,True,0.011400786085282597,2.823828913394897,,False
8.672691,1,1867.735279,True,False,True,0.010254740614543626,2.2473780832730177,,False
3.120121,4,1870.868431,True,False,True,0.0004238794439795496,11.713295122505672,,False
0.313018,7,1876.985252,True,False,True,4.048346862219835e-05,16.006387342210257,,False
7.695683,3,1878.775222,True,False,True,0.0049197954909727705,3.355481162078311,,False
9.907248,1,1880.571531,True,False,True,6.112252464765678e-11,0.0025625032848693137,,False
6.41204,4,1882.448289,True,False,True,0.005617844464927038,5.474649973495669,,False
6.526191,1,1884.171846,True,False,True,0.0012987157321246202,6.113698777118652,,False
8.870343,2,1887.153151,True,False,True,0.007701303347941251,1.4239647504472515,,False
8.688286,1,1888.782235,True,False,True,1.9543176243974614e-09,2.2031405328974247,,False
3.332615,3,1891.682535,True,False,True,0.0007617991326340518,11.741265778619264,,False
8.708247,1,1893.092677,True,False,True,7.465868201439463e-11,2.170941938936889,,False
5.305123,16,1903.177806,True,False,True,0.0074161402667476525,5.701196138609226,,False
7.896225,1,1904.803758,True,False,True,0.005032402190219056,3.644126272372486,,False
4.451322,7,1913.332703,True,False,True,0.010283641886449533,7.123025058941223,,False
6.496494,4,1917.704333,True,False,True,0.006009026052840649,4.7643855367416394,,False
6.359862,2,1920.87017,True,False,True,0.0017874379721429673,6.359158611228734,,False
6.964733,3,1925.273952,True,False,True,0.00532304238362116,4.893929545426446,,False
7.759685,2,1926.981588,True,False,True,0.00611906624571214,3.749262521592886,,False
7.858754,3,1929.968004,True,False,True,0.004468852045747351,4.179239149999189,,False
0.59798,3,1932.763191,True,False,True,0.0003188411602424966,13.193868821136206,,False
8.527196,3,1934.213303,True,False,True,6.788220680009616e-10,3.2158235039237897,,False
9.22238,1,1935.891415,True,False,True,7.44353731430003e-10,1.2363223967245407,,False
7.896608,2,1939.303122,True,False,True,0.011521387828091575,3.3449061477493607,,False
9.741167,2,1942.298048,True,False,True,1.8121003763774297e-05,0.1431457881806237,,False
7.51525,4,1946.827349,True,False,True,0.008268171420479123,4.138290057088796,,True
-1.218292,8,1952.307026,True,False,True,0.01017815726020653,8.305944762229101,,False
6.914045,4,1955.214774,True,False,True,0.007162317612450247,5.135697850619124,,False
3.474152,3,1958.100361,True,False,True,0.005119926799723366,10.144225967559294,,False
1.760828,3,1959.895808,True,False,True,0.004808487067087662,14.177121689109482,,False
1.276828,1,1961.284335,True,False,True,0.001409846139543855,15.58343803233644,,False
8.286906,1,1962.589268,True,False,True,0.00019204427809106156,2.9324934446223927,,False
5.689361,9,1968.409904,True,False,True,0.005469237960860547,4.161690689221331,,True
8.080976,2,1970.98853,True,False,True,0.0037097512305418173,3.1599166036230173,,False
9.907432,1,1972.64837,True,False,True,3.823916877587763e-11,0.0025677839621950677,,False
8.154376,1,1973.952914,True,False,True,0.0010248862622523355,3.1729458058663362,,False
6.66247,3,1975.369708,True,False,True,0.00483820339657822,5.328394253464966,,False
7.903937,6,1981.438018,True,False,True,0.0005878277471714002,2.1782207241672826,,False
9.181947,4,1985.541025,True,False,True,4.524156864568751e-05,1.5004983050539893,,False
6.033662,3,1986.898509,True,False,True,0.00036855983491816766,6.434321649762837,,False
7.751697,1,1988.140543,True,False,True,0.004616284867433632,3.9046366964124872,,False
7.161426,3,1990.782807,True,False,True,0.0114412239065928,4.584002989860341,,False
-19.281932,60,2040.553485,False,False,True,0.0009535360755618411,12.201242063514892,,False
6.30446,3,2043.79367,True,False,True,0.0009173725826710777,5.908665608591205,,True
10.308788,2,2045.553019,True,False,True,2.1131100688687177e-10,0.0025624405606927358,,False
2.003672,6,2050.142698,True,False,True,0.0053874605858588165,13.622133536735788,,False
9.907174,1,2051.857078,True,False,True,1.4517217522461652e-11,0.002562486928372613,,True
9.077427,1,2053.260588,True,False,True,4.205181897143362e-10,1.4999995067864125,,False
9.828256,3,2054.694391,True,False,True,0.0014475712331432728,0.9037392465068418,,False
7.812905,11,2064.329993,True,False,True,0.002620536234382166,3.38072811433463,,False
-33.473673,60,2100.779444,False,False,True,0.024398084072129185,1.183162553260399,,True
-15.583366,37,2130.759504,True,False,True,0.002222354541295837,17.18787349136864,,True
7.597901,6,2135.762378,True,False,True,0.005452371953462487,1.918384256055457,,False
8.190063,1,2137.542142,True,False,True,0.00013871803872128607,3.1079616754602957,,False
9.739125,1,2139.370706,True,False,True,0.0012863809189770023,0.3106609865851879,,False
7.170992,12,2149.693876,True,False,True,0.0017305616945539654,2.590715704563576,,False
7.368248,5,2157.566124,True,False,True,0.0010166240891783702,2.7775924809371824,,False
7.655157,6,2162.298524,True,False,True,6.127566172614164e-10,2.9998728330076423,,True
9.573475,3,2165.460081,True,False,True,0.0001727167020647044,0.19193421421959705,,False
9.908109,1,2167.250752,True,False,True,2.9456369652015274e-11,0.0025624141051374966,,False
9.468465,2,2168.532883,True,False,True,0.0029211681976480668,0.6133014896703652,,False
7.827348,6,2172.675869,True,False,True,4.4346891644057603e-10,2.406935627259455,,False
7.779032,2,2174.018497,True,False,True,0.004490308869725287,3.7116749179605684,,False
7.90605,1,2175.685883,True,False,True,0.003934656599809476,3.6252137917406535,,False
3.723773,2,2176.953959,True,False,True,4.970931839765047e-09,11.041458651118853,,False
9.66312,2,2179.583027,True,False,True,0.0006614350915652281,0.135231337712656,,False
9.266911,2,2182.493787,True,False,True,0.002929421816411313,0.7565052276920818,,False
9.198864,1,2183.754116,True,False,True,0.0008649100415493656,1.2863813760495357,,True
7.091072,1,2185.138908,True,False,True,4.912849173247495e-11,5.091430534455228,,False
9.056614,1,2186.769866,True,False,True,0.005424209106956071,1.5485439120209943,,False
5.442003,3,2190.959563,True,False,True,0.00013134460426467154,6.039059081190006,,False
7.30176,1,2192.191768,True,False,True,0.004563537871530619,4.716883450828877,,False
2.665892,7,2196.380964,True,False,True,0.0046968075852390784,12.924581949714812,,False
9.818582,2,2199.347584,True,False,True,2.7128111179201044e-10,0.002573177031736952,,False
4.826006,6,2202.115498,True,False,True,0.00010831811364843829,7.566344562637057,,False
8.470311,3,2204.692036,True,False,True,3.575107484360407e-10,1.5222257467166431,,True
7.333119,2,2207.891467,True,False,True,0.00013935262639330412,6.269865138004279,,False
8.254711,1,2209.343915,True,False,True,3.9300087489868574e-11,2.99102012254958,,False
9.082249,1,2211.083373,True,False,True,2.2467931440816376e-05,1.4959825862957148,,False
8.043374,1,2212.349869,True,False,True,1.1551382395650847e-11,3.37225305633232,,False
2.588811,5,2216.937015,True,False,True,0.0013671910287432233,11.923193174825387,,False
7.271493,1,2218.274287,True,False,True,0.003185631679353022,4.76901740237575,,False
9.908581,1,2219.605788,True,False,True,4.284222976380647e-11,0.002564123340831549,,False
9.805893,1,2220.988261,True,False,True,0.00035603491270852494,0.18572789063013417,,True
8.198966,1,2222.5381,True,False,True,0.0015069675177268743,3.093505167528037,,False
3.031952,8,2226.64833,True,False,True,0.00037282955533535526,9.513732443851099,,False
5.246909,8,2235.199769,True,False,True,0.004959574694386062,5.081609870931197,,False
6.003818,2,2236.478876,True,False,True,0.0025653819679864755,6.921675591830772,,True
7.492168,2,2238.134836,True,False,True,1.0314312917489146e-09,4.241785622527646,,True
8.331087,1,2239.543229,True,False,True,1.3160030158704406e-10,2.8526140065602283,,False
1.333208,3,2242.915923,True,False,True,0.0005237941970352824,13.148594460576588,,False
2.715717,7,2250.317984,True,False,True,0.00224084040512486,13.213017947835588,,False
8.17624,3,2253.534111,True,False,True,0.005988102764342036,1.4315787395777377,,True
7.837688,7,2260.837872,True,False,True,1.9495227853942346e-11,2.8365023064290655,,False
9.104547,1,2262.428431,True,False,True,0.003093768576215632,1.4561173020258897,,False
8.837749,2,2265.569263,True,False,True,0.004302250659830806,0.8684160252276898,,True
-24.239456,60,2306.514104,False,False,True,0.017565890671322845,12.991402784061483,,False
2.320137,15,2320.833071,True,False,True,0.004558463284620605,13.285923904087587,,False
9.693612,2,2326.065325,True,False,True,8.111228735851756e-05,0.22964011088445635,,True
2.122333,1,2327.916438,True,False,True,0.0004236298436283226,14.058289528368046,,False
8.868709,4,2330.932409,True,False,True,0.006002243212287532,1.4459920269636208,,False
7.76352,3,2334.880088,True,False,True,0.0027921105467788145,3.5629879737747023,,False
7.553435,4,2340.222749,True,False,True,0.002781019592217908,3.6345536542712233,,False
8.652541,2,2342.970737,True,False,True,1.779316777250628e-09,1.4729662016267782,,False
-26.700324,60,2374.420454,False,False,True,0.005744972322389817,53.353229162204116,,False
3.780393,5,2376.991234,True,False,True,0.010612776640851323,8.129835099422591,,False
8.386116,2,2379.601239,True,False,True,0.005112993957261087,1.4002531242377843,,True
4.555193,1,2380.824918,True,False,True,0.00020016616573241986,9.669794478964123,,False
4.17813,2,2382.161445,True,False,True,0.005590557804308451,10.228346833859554,,False
10.167581,3,2384.784901,True,False,True,1.040700410029073e-09,0.09777466101204088,,False
8.032049,1,2386.10021,True,False,True,0.0024976746762170638,3.396099553275501,,False
8.667504,1,2387.454628,True,False,True,0.00010129721464714747,2.2398896509061816,,False
6.878021,1,2388.739697,True,False,True,0.0013755171754530064,5.478633225186952,,False
3.85218,1,2390.06402,True,False,True,0.004076640186749986,10.94096156251117,,False
6.889718,8,2395.249913,True,False,True,0.0014832020564614049,3.4593908028863707,,False
6.42312,1,2396.573447,True,False,True,0.01136449886443261,6.304936064771942,,True
7.541211,1,2398.012801,True,False,True,0.0003538187925425096,4.275033568084399,,False
1.516243,4,2401.781744,True,False,True,0.0049039056211762876,14.276395018818718,,False
6.759798,3,2404.540726,True,False,True,0.011082749019444824,4.016031065190345,,True
5.678264,4,2408.312905,True,False,True,0.004598102789176994,5.1362398850598225,,False
3.780811,2,2410.874228,True,False,True,0.009407577468642736,11.121229755884636,,False
8.1458,1,2412.219722,True,False,True,0.0011670093311517726,3.188646624826785,,False
7.461718,2,2414.81408,True,False,True,3.868265430195805e-11,2.9808353807093115,,False
5.347289,3,2417.161842,True,False,True,1.759593340552412e-05,6.13326378323552,,True
9.881012,1,2418.307498,True,False,True,2.0161525227102572e-11,0.05239792934676749,,False
7.499621,1,2419.580326,True,False,True,2.6566629187886256e-05,4.354826431356675,,False
3.736028,1,2420.880877,True,False,True,4.270375497035864e-05,11.147538819066806,,False
2.745793,1,2422.094876,True,False,True,1.836043296565837e-11,12.933644771892556,,False
9.90848,1,2423.522044,True,False,True,1.9702001708512017e-11,0.0025623493874397238,,False
3.874495,2,2426.235819,True,False,True,0.004254618471838112,10.149557490799857,,False
7.616444,2,2428.979373,True,False,True,0.0060393931528037875,4.233300790408554,,False
8.512367,2,2430.337212,True,False,True,0.0025578920520331187,2.377256764767261,,False
6.703861,2,2431.764221,True,False,True,0.00046195017269150403,5.714011948601605,,False
6.467235,3,2434.281336,True,False,True,0.004849107072224017,7.214721028545509,,False
-1.315197,11,2444.685096,True,False,True,0.0029365420647624665,16.602562937542878,,False
8.212493,5,2449.999114,True,False,True,0.005216592292378804,1.6795429601279643,,False
1.173226,2,2452.788896,True,False,True,0.00896728712197185,15.329169436129952,,False
4.99143,5,2458.221541,True,False,True,0.0015661584811877526,9.569138123113612,,False
6.614438,3,2459.585632,True,False,True,0.0003655905027490601,5.316723793844143,,False
4.343526,1,2460.806653,True,False,True,0.009048201035908358,10.058187642732463,,False
9.406929,2,2462.290887,True,False,True,0.004178745514481448,1.2650074670579858,,False
8.350955,4,2464.99225,True,False,True,0.0051598456398322745,1.2316732248196005,,False
6.330825,5,2469.17963,True,False,True,0.0003692253794807393,4.258202242268511,,False
8.190104,3,2473.201068,True,False,True,0.0029301386817646717,2.376162305991959,,False
6.087,3,2475.809042,True,False,True,0.00841423978919749,5.362193140577836,,False
7.875355,1,2477.059467,True,False,True,2.1551834310194593e-09,3.6757572298086303,,False
6.559691,8,2486.01207,True,False,True,0.0025935417503131653,5.3342311311320705,,False
7.302541,1,2487.428219,True,False,True,0.00016455184866874268,4.710865659036731,,False
6.475195,3,2491.765855,True,False,True,0.0020977741707139293,5.777222828994161,,False
8.40295,1,2493.30843,True,False,True,0.0031472601505961794,2.7270010124709407,,False
8.68265,3,2495.998542,True,False,True,0.003997118697172773,0.990316604649933,,True
8.200421,3,2497.375922,True,False,True,3.991215816385226e-05,2.78916020228237,,False
6.234362,4,2500.202456,True,False,True,0.006057035418353568,5.259577919345925,,False
3.207699,3,2503.037923,True,False,True,0.0025025016608621682,10.883921191854933,,False
4.499346,9,2507.094077,True,False,True,0.011973212703760163,8.112378297429483,,False
7.596817,1,2508.305656,True,False,True,2.2176596604556306e-11,4.178757887391584,,False
7.562562,1,2509.612418,True,False,True,0.00449061425592702,4.245449856704027,,False
9.348347,1,2510.957498,True,False,True,0.0028697652208099487,1.0154635921464632,,False
9.681742,1,2512.193009,True,False,True,0.001189656811154292,0.4142313725317191,,False
4.910448,2,2513.620701,True,False,True,0.0039906456734196336,8.86324927093614,,False
9.908206,1,2514.932921,True,False,True,3.884689962873095e-11,0.002562382244321327,,True
9.357727,2,2517.605157,True,False,True,0.004236721701993567,0.8513289784334307,,False
5.179479,10,2524.200231,True,False,True,0.0005116629040179597,6.829143719562302,,False
4.836069,2,2527.405239,True,False,True,0.005441121135712679,9.127461584115995,,False
8.421943,4,2532.859643,True,False,True,0.00028310513826540484,2.5794005969256144,,False
5.796349,7,2536.905634,True,False,True,2.6680648962645187e-07,7.8901438903501235,,False
8.78421,2,2539.689383,True,False,True,0.004696456197843105,1.8785461067088063,,False
0.023494,1,2541.049338,True,False,True,0.005062032056372872,17.84467003908197,,False
8.657665,1,2542.38589,True,False,True,0.0010439940814576706,2.2638214278815574,,False
2.795396,2,2544.986881,True,False,True,0.0029316807883068736,12.427228490150814,,False
6.886247,2,2547.415204,True,False,True,0.009159625208612356,4.934578255253215,,False
6.909067,6,2554.097293,True,False,True,0.0019315335582503063,3.21399070523673,,True
6.244796,3,2558.257062,True,False,True,0.0028541026714671153,6.347210487413623,,False
7.036522,1,2559.605391,True,False,True,0.004757961028339397,5.195874644678756,,False
9.908582,1,2561.033964,True,False,True,8.427186109398442e-09,0.002562984688038143,,False
9.253553,1,2562.301547,True,False,True,9.382563054666974e-10,1.1858514135298666,,False
1.470262,8,2568.80149,True,False,True,0.004980192173172243,11.231213563938063,,False
8.20941,5,2575.724884,True,False,True,0.004113207658631112,2.2343397961568017,,False
7.524792,2,2578.36793,True,False,True,2.933152184383054e-10,3.000143494541814,,False
5.144492,2,2579.667296,True,False,True,0.0023544417505818997,7.820146426878571,,False
8.529581,2,2581.140616,True,False,True,0.0049732315358798195,2.0065336786828696,,True
8.918932,2,2582.398011,True,False,True,0.00402661746503143,0.8744050388746505,,False
8.897188,2,2583.929301,True,False,True,1.6579106294960464e-10,2.6512645061533338,,True
7.874656,1,2585.302616,True,False,True,0.00027922690409562523,3.67426711366225,,False
10.201085,8,2590.610084,True,False,True,1.5545751183590646e-05,0.5893161870484968,,False
9.302575,1,2592.411564,True,False,True,0.0031527527668082705,1.1011166115831443,,False
7.560239,4,2598.31491,True,False,True,0.002258450844581206,2.8226822234035174,,False
8.686705,2,2601.377181,True,False,True,0.006039237129549156,1.6721752543611383,,False
9.484957,2,2603.162749,True,False,True,0.0042193479643217804,0.6929674619262783,,False
6.595008,1,2604.541878,True,False,True,0.004807107412925957,5.992617137602753,,False
9.854669,1,2606.209587,True,False,True,0.0005224422993163168,0.10076130632354142,,True
8.123687,6,2610.151533,True,False,True,0.007497690729052157,3.5050026487008155,,False
6.815921,9,2614.608585,True,False,True,0.008335375833786645,4.484937335483551,,False
1.747338,1,2615.946105,True,False,True,0.000663234940372931,14.734641442768988,,True
8.436696,1,2617.560191,True,False,True,0.002086007429814686,2.6648076836730232,,False
7.261272,3,2619.316679,True,False,True,0.0007978862020251026,3.2250240632465292,,False
5.819199,3,2623.813944,True,False,True,0.005428204883748587,4.723475175495279,,False
6.06338,1,2625.219966,True,False,True,3.585550342876713e-11,6.9478551890700695,,True
-1.408845,4,2628.294446,True,False,True,0.0011862586869860426,16.87139163599485,,False
8.288009,1,2629.939239,True,False,True,3.589311348140001e-10,2.930439608823139,,False
2.986253,3,2633.000166,True,False,True,0.00406155302067834,10.141238561941602,,False
8.473994,3,2634.720445,True,False,True,2.701792061909555e-05,1.7440268856264756,,False
2.786104,8,2643.428264,True,False,True,0.0040279942804845635,10.359095780349586,,False
8.764168,1,2645.005346,True,False,True,0.002608264590567621,2.0722585679211067,,False
7.835995,3,2646.452696,True,False,True,3.9619038065346896e-05,3.2728921487427987,,False
-9.355604,34,2656.957468,True,False,True,0.0034612307120538465,15.758584581222449,,False
5.884498,5,2659.706002,True,False,True,0.0022447877564906655,7.933705370900645,,False
3.760501,1,2661.041708,True,False,True,0.0005548729509132766,11.103777029512898,,False
8.247348,1,2662.3859,True,False,True,4.751511723085848e-13,2.9999685536493983,,True
2.649587,2,2663.794979,True,False,True,3.9262226109171294e-10,12.983084517406045,,True
6.688353,3,2666.536295,True,False,True,0.005519863804882409,5.560123468924373,,False
1.548836,1,2667.765527,True,False,True,0.0006747872705307502,15.0925732886342,,False
8.627978,1,2669.340952,True,False,True,0.00033138482316774485,2.3164827925919074,,False
8.237224,5,2673.649491,True,False,True,4.0599345137482066e-05,2.629049213805915,,True
7.907038,1,2675.226384,True,False,True,0.003760722062946635,3.6232405383914146,,False
6.755736,1,2676.543643,True,False,True,0.006023310808205838,5.703386996295376,,False
7.913392,4,2680.83318,True,False,True,0.0055513819556722785,2.5650630277634714,,False
8.903344,1,2682.36253,True,False,True,0.005826467846737418,1.8229030971330251,,False
5.788745,1,2683.677648,True,False,True,3.93715117947592e-06,7.443567721907987,,False
6.102839,2,2686.680406,True,False,True,0.0055880949239249765,7.073188433302008,,False
8.036211,1,2688.236021,True,False,True,0.00423901453131913,3.3905148919610437,,False
7.468788,1,2689.984415,True,False,True,0.005740851594421945,4.413054750559104,,False
2.182526,2,2692.7993,True,False,True,0.00047270199663174833,13.7864996963655,,False
6.71696,2,2695.83443,True,False,True,0.006218641886814864,5.649926905865297,,False
9.906092,1,2697.726609,True,False,True,7.87537916824288e-12,0.002562407989029403,,False
7.876178,4,2704.14047,True,False,True,0.003040649999652617,2.461346342124145,,True
-6.503114,24,2729.735203,True,False,True,0.005329890619031634,12.316550327748745,,False
6.614988,1,2731.491144,True,False,True,0.011417024098787892,5.958816318576921,,False
5.853539,5,2735.845772,True,False,True,4.88049383461823e-09,5.997772821397672,,False
0.208536,5,2737.65397,True,False,True,0.0013909524380089746,9.864045470793391,,True
8.530734,12,2740.69701,True,False,True,0.010166110306050103,1.1717141332225955,,False
7.216581,7,2749.340257,True,False,True,0.005390441801583906,3.3535659301175738,,False
-16.427044,26,2769.52762,True,False,True,0.0011204876148666236,14.93041792495791,,False
7.564783,1,2771.200269,True,False,True,1.3034201418284625e-05,4.237135973255811,,True
8.305324,1,2772.45611,True,False,True,0.0001386970783952557,2.8993394672472546,,False
-2.303385,5,2774.959215,True,False,True,0.005389772210690841,15.232059654538777,,False
7.037758,5,2777.875513,True,False,True,0.003656121708800338,3.986927856279558,,False
8.475426,1,2779.572512,True,False,True,0.008376320427603346,2.6018931437532555,,False
8.979504,2,2780.828013,True,False,True,0.005685775980719704,1.5360492998479673,,True
9.103569,1,2782.633765,True,False,True,0.006069706089429115,1.4585485411803443,,False
7.397131,2,2785.610533,True,False,True,0.0024263308482519023,3.676303361942338,,False
9.908215,1,2786.765736,True,False,True,3.070617371481177e-11,0.002563931586681587,,True
8.114735,3,2789.14995,True,False,True,0.0012196439186754483,3.15759480178196,,False
5.477196,4,2792.692614,True,False,True,0.005338237560794529,7.390759841315439,,False
8.161062,3,2795.721799,True,False,True,0.000542418552142333,2.8596322087763233,,False
10.06416,3,2799.309438,True,False,True,2.2855613625223007e-09,0.29680270171349127,,False
6.158615,2,2800.572049,True,False,True,0.0058341502495491415,6.170162907535397,,False
9.908578,1,2802.346459,True,False,True,2.1679639420485453e-10,0.002570424486375642,,False
5.368008,2,2804.671009,True,False,True,0.0002744922736911421,8.269696485504758,,False
4.277804,1,2806.421562,True,False,True,2.7919828645209255e-09,10.170108276424404,,False
8.249539,1,2808.106391,True,False,True,1.0149254914568316e-09,2.9999560929056086,,False
6.692376,5,2816.071939,True,False,True,0.009449640825482511,5.275772692074322,,False
7.803651,1,2817.811522,True,False,True,0.005580996180616319,3.811196817246754,,False
8.75056,1,2819.531391,True,False,True,4.299898533144687e-10,2.0948492127774467,,False
8.690428,1,2821.24177,True,False,True,0.0047611842500290364,2.20912870558984,,True
7.663574,5,2824.165249,True,False,True,0.006126132770763945,2.408589868610299,,False
8.172769,1,2825.316023,True,False,True,0.0013820460393637588,3.1394575850194775,,True
9.908151,1,2826.54748,True,False,True,1.2874001864560114e-10,0.0025658523185121684,,False
7.558222,2,2828.263149,True,False,True,1.8245453582022482e-05,3.344976469562477,,False
9.126849,1,2829.527916,True,False,True,2.167171877430238e-10,1.4147808270073676,,False
6.458959,3,2832.439724,True,False,True,0.0001972398502268196,4.741494749771061,,False
6.588475,1,2834.218273,True,False,True,1.7848519378135305e-10,5.9999603296217865,,False
9.230287,1,2835.869776,True,False,True,0.004231486066032068,1.2339085703741495,,True
6.722947,5,2841.11582,True,False,True,0.008993735664921952,2.149855297396171,,False
7.131754,2,2842.935732,True,False,True,0.011082063984024101,4.204130407190655,,False
8.727269,1,2844.688,True,False,True,0.00207283149344522,2.1399261040253514,,False
6.582774,1,2845.814632,True,False,True,6.708072227031014e-11,6.010251657634514,,False
8.699183,3,2847.105231,True,False,True,6.189240786547145e-11,1.2936515371852273,,True
6.156895,1,2848.218758,True,False,True,0.003995115682876777,6.782791399932401,,True
7.61795,3,2849.454661,True,False,True,0.0015892765533193928,4.040803272725395,,False
2.328098,1,2850.573763,True,False,True,0.009539835522013537,13.692600904527026,,False
6.066885,8,2855.465777,True,False,True,6.145505214387247e-11,4.2818085636145655,,False
5.887948,4,2858.271119,True,False,True,0.0011582286486607472,6.61598218864402,,False
7.872722,2,2860.714357,True,False,True,0.001956266258880776,3.4085017782858293,,False
8.654204,4,2865.050195,True,False,True,1.8594530082349792e-10,2.7823091127361357,,False
9.908343,1,2866.843743,True,False,True,1.6236525950047047e-10,0.002562905764026289,,False
5.789348,1,2867.930636,True,False,True,0.004086255487736522,7.446150704805813,,False
-0.483154,3,2869.196305,True,False,True,0.0003851133085697989,17.35207830176371,,True
8.935257,2,2870.49014,True,False,True,0.003051892875719553,0.8832509620565182,,False
-31.766195,60,2916.271994,False,False,True,0.021050361072827387,12.384421384305085,,False
4.264538,3,2918.612622,True,False,True,0.004223170622285007,9.650762746621435,,False
8.55098,2,2919.913757,True,False,True,0.005666493444200005,2.3356587032652127,,False
4.089274,1,2921.042775,True,False,True,1.5617720873932809e-06,10.51024371049759,,False
9.905548,1,2922.308892,True,False,True,2.9514983761236294e-05,0.008015811785697727,,False
6.405117,2,2923.506272,True,False,True,0.0008812729228898213,6.192103948870639,,True
7.192007,1,2924.640945,True,False,True,0.0024075266213717085,4.912829067602583,,True
9.75653,1,2925.803444,True,False,True,2.5105982450470214e-09,0.2737219884889846,,False
6.689555,2,2926.987084,True,False,True,0.00017287985574183882,6.517617439633957,,False
8.121844,1,2928.138359,True,False,True,0.0010765115992690997,3.2316764134108182,,True
8.19995,1,2929.357651,True,False,True,0.00010497242335285571,3.086461093634488,,False
7.833107,2,2930.521691,True,False,True,0.004206747748140185,3.4130514264212692,,False
10.318825,4,2931.835129,True,False,True,0.0010295554043436295,0.25065164702583337,,True
2.515839,2,2933.090056,True,False,True,0.002052708545527601,10.441153173922505,,False
9.389469,1,2934.309926,True,False,True,0.0008244429852742874,0.9412575454525551,,True
3.181749,1,2935.510547,True,False,True,0.0025951442601159867,12.149136446320124,,False
8.294131,2,2937.307247,True,False,True,0.0051143114464651945,2.846099527800458,,False
8.557355,3,2939.69961,True,False,True,0.0049490079756740885,1.9324111066742549,,True
8.173451,1,2940.966955,True,False,True,0.005968410431705561,3.1445721069700645,,True
7.886262,6,2945.174326,True,False,True,0.008294220494921466,2.731025639152318,,False
8.765012,1,2946.389474,True,False,True,0.0023344378032648452,2.0720661582416784,,False
-5.127253,8,2952.094279,True,False,True,0.0004521357443820009,16.439920313129644,,False
6.232475,1,2953.500082,True,False,True,0.0006095509059786536,6.6400369844949125,,False
2.512355,2,2955.284974,True,False,True,0.004763683236384222,13.18719780168688,,True
8.249331,1,2956.445449,True,False,True,4.806385295956015e-10,2.999979687402401,,True
-0.568083,8,2963.075865,True,False,True,0.00597998912823954,15.485270467758502,,False
7.908661,3,2966.069957,True,False,True,0.0067630940602305045,2.53782666897699,,False
8.294706,1,2967.739454,True,False,True,1.5776630002406478e-10,2.9184738882192427,,False
2.008003,3,2971.166349,True,False,True,0.0005955119037447873,13.953779721168829,,True
4.733102,1,2972.793051,True,False,True,0.004205383390092059,9.352000643960682,,True
7.740573,5,2978.528601,True,False,True,0.002751198457833626,2.11208205113944,,False
0.06756,5,2988.790864,True,False,True,0.008554607104632581,17.194112428501693,,False
7.740555,6,2997.894464,True,False,True,0.0003100431502231632,3.1877425162044672,,True
6.691256,1,2999.689508,True,False,True,1.3538467569240709e-10,5.8085673752552704,,False
7.649862,5,3005.514159,True,False,True,0.0030241923532759807,2.2010831597463483,,False
8.60474,1,3007.004932,True,False,True,0.003716883487433668,2.363212439659186,,False
3.279813,3,3011.250527,True,False,True,0.009390914649952689,11.74239553761044,,False
8.521392,2,3013.832352,True,False,True,1.7160840630470187e-10,2.120059865079069,,True
9.792706,2,3017.230082,True,False,True,3.959400269146819e-11,0.04206864681513517,,False
3.270049,4,3021.248116,True,False,True,0.004626918853273966,10.421326561116398,,False
1.160683,7,3025.496706,True,False,True,0.0065689461157529385,15.017836261148075,,False
6.019414,2,3026.778582,True,False,True,0.0031365888817468965,7.08918913011991,,False
-7.043573,28,3039.129519,True,False,True,0.0009263324127297811,16.103880034674344,,False
8.36028,1,3040.920448,True,False,True,4.961251143235733e-10,2.7992181047238356,,False
8.829268,3,3043.420981,True,False,True,0.008998663191964995,2.2254434283712654,,False
8.539433,4,3047.822581,True,False,True,0.002994700677643944,1.9702725819054565,,False
9.707403,1,3049.525593,True,False,True,0.001927370521502356,0.3688681754892904,,False
6.640707,1,3050.725558,True,False,True,0.0047381078737689306,5.910292257272771,,False
7.497749,3,3053.109251,True,False,True,1.4023785153971513e-09,4.234807892615696,,False
-2.308084,3,3057.516776,True,False,True,0.004686092745475202,17.776167311399636,,False
7.605804,1,3059.214345,True,False,True,0.00256141643359653,4.165870255869326,,False
5.031739,4,3064.093296,True,False,True,0.00604312316627857,8.5086022542635,,False
3.094169,7,3075.129653,True,False,True,5.0231122194412114e-05,11.564126214030592,,False
8.330865,1,3076.846872,True,False,True,1.1231686255678813e-09,2.8530144853364416,,False
4.235641,3,3079.227859,True,False,True,0.00249082844891833,9.680671456902884,,False
9.907796,1,3081.020399,True,False,True,2.251512046797232e-09,0.0025628150339610774,,False
-40.568559,60,3109.027963,False,False,True,0.021353815904663218,15.679753021872234,,False
9.908377,1,3110.659899,True,False,True,1.4565608380068866e-11,0.0025630562152683914,,False
8.631214,8,3119.571594,True,False,True,4.2006440211796546e-10,0.8431094032349344,,False
3.702952,1,3121.394062,True,False,True,0.011322726997228874,11.214322423264745,,False
9.522225,1,3123.154161,True,False,True,7.122691307317422e-10,0.7005894050644692,,False
8.693904,1,3124.919053,True,False,True,4.932865761001109e-11,2.19587839775071,,False
6.805998,4,3130.735931,True,False,True,0.0028858746697940744,3.5729477918334744,,False
-17.626153,60,3183.052804,False,False,True,0.021202827089602777,8.440080448347924,,False
9.134295,1,3184.757122,True,False,True,0.005915752953040032,1.4057658069183314,,False
8.774616,1,3186.430101,True,False,True,0.0008739985892536851,2.052612588389826,,False
4.523893,1,3187.594417,True,False,True,0.003966300647827908,9.729230837638763,,False
8.6907,1,3188.823134,True,False,True,2.4347884819420074e-12,2.202757829598764,,False
5.991022,2,3191.166799,True,False,True,0.0019199444866846752,6.970892282354045,,True
-50.473988,60,3235.551486,False,False,True,0.021515737456020853,9.008642074843033,,False
5.365598,6,3242.558848,True,False,True,0.0038607695558273225,5.735621991565658,,False
-14.073671,60,3294.643264,True,False,True,0.011890701344618046,14.28139652537824,,False
8.152957,2,3297.725525,True,False,True,0.0002764183700345686,3.0373237711113767,,False
9.897305,1,3299.441504,True,False,True,0.00010347370799748679,0.022275394248626852,,False
9.092608,1,3300.664785,True,False,True,0.00526198593728798,1.4833635696189298,,False
8.362017,5,3306.866474,True,False,True,6.402117949386515e-05,1.5082342692833934,,False
6.356636,5,3310.511816,True,False,True,0.0010426836945311001,4.152982931591102,,False
9.45467,1,3311.580534,True,False,True,0.004100731342328152,0.8283851599147883,,False
2.16811,5,3314.520036,True,False,True,0.00041424202870886167,12.431545899498225,,False
8.370557,1,3316.319428,True,False,True,0.011960453423771547,2.794822112161935,,False
8.334979,1,3317.674551,True,False,True,0.0005719404354602879,2.8461563462674553,,True
-0.664486,5,3321.338619,True,False,True,0.006928070587946385,16.276654743928432,,False
4.683247,1,3323.040185,True,False,True,5.608280013516542e-07,9.438578565911097,,False
6.639811,1,3324.67503,True,False,True,0.0005631394459480534,5.907854166997116,,False
8.516076,2,3327.599333,True,False,True,6.935173660869987e-08,2.3655779111378896,,False
0.595866,3,3331.892915,True,False,True,0.00015645935743326968,15.795760996395122,,False
7.890143,10,3339.689169,True,False,True,0.004481963450504296,2.2866633064478665,,False
5.856674,2,3342.044398,True,False,True,4.2278947520720594e-05,5.994715254067921,,False
7.216923,2,3343.816263,True,False,True,0.004750219504132699,4.3023156850982955,,True
6.919836,1,3345.035377,True,False,True,0.0015048419241586706,5.402649585051593,,False
7.415335,2,3347.44649,True,False,True,0.0018976470441883489,4.798989805494689,,False
9.078229,1,3349.157412,True,False,True,1.711876126964107e-11,1.4997612031783059,,False
8.292698,1,3350.44593,True,False,True,7.634165409296882e-11,2.9218724524547453,,False
7.606913,13,3361.285474,True,False,True,0.00013295303190908464,2.574542805717688,,False
6.701292,2,3363.101158,True,False,True,0.003505018118124182,5.661095182870209,,False
4.070465,2,3364.309609,True,False,True,0.005388713563172012,9.820850904166969,,True
7.363101,3,3368.467299,True,False,True,1.0223655255714448e-11,2.9786540095750045,,False
7.042816,4,3371.377147,True,False,True,0.005395127382464582,4.405817001042199,,False
7.488653,4,3375.16796,True,False,True,0.0024694432122136316,3.7841124090105005,,False
8.264221,1,3376.86655,True,False,True,2.795102175885648e-10,2.9738411325457648,,False
2.765103,12,3383.590034,True,False,True,0.0004103573477033984,11.194797197778469,,True
1.006435,1,3385.262945,True,False,True,0.0006004308623305567,16.0704862754445,,False
2.654256,2,3387.528325,True,False,True,0.0030501400908314567,12.97866795625053,,False
3.944191,3,3391.67423,True,False,True,0.0007574825692399194,10.515058575293198,,False
9.534237,3,3392.874504,True,False,True,0.0023536244647844855,1.8706517689687059,,False
6.396646,6,3398.429099,True,False,True,0.011287888173862845,5.420111121972346,,False
9.185554,1,3399.667145,True,False,True,0.002829305761712031,1.3071624869583107,,False
8.072319,4,3406.066606,True,False,True,0.0003251737727248145,3.2158878882074435,,False
8.973274,1,3407.828369,True,False,True,0.005847183797876906,1.699819983562266,,True
8.737949,2,3410.894863,True,False,True,4.523263708033909e-11,1.381976815742258,,False
8.153929,3,3413.734095,True,False,True,0.0007970677939712657,2.8345841275891344,,False
8.649475,1,3414.956395,True,False,True,0.0028470071758368454,2.2807403085247144,,False
7.791716,2,3417.838662,True,False,True,0.004203888431066184,3.6880888518587494,,False
9.908582,1,3418.994183,True,False,True,2.1968894758916946e-10,0.0025638013733160344,,False
6.286771,1,3420.293228,True,False,True,0.010171587297176779,6.553424085667585,,True
-21.671786,30,3449.663618,True,False,True,0.011780109342080446,5.810345265770295,,False
4.931683,2,3452.599463,True,False,True,0.0019992587019092315,8.905312132621702,,False
7.902438,2,3454.392953,True,False,True,2.423965386050275e-10,3.3534636405619223,,False
4.497461,1,3456.27211,True,False,True,0.009161347940195491,9.780635823035642,,False
8.381239,1,3457.866555,True,False,True,0.005908058856118267,2.7689884135893776,,False
9.908421,1,3459.714464,True,False,True,3.422209835548002e-12,0.0025628210068854534,,False
8.685629,2,3463.189882,True,False,True,4.2263768458157024e-05,3.0070703361516373,,False
8.301974,4,3469.509894,True,False,True,3.643228583399827e-10,2.929429876059716,,True
-2.035074,8,3479.785161,True,False,True,0.0006788907436685518,17.128099874117904,,False
8.238774,1,3481.238627,True,False,True,0.0007502595296273416,3.0207098450613747,,False
6.115134,2,3482.85504,True,False,True,0.005429027640095091,6.7634002658866486,,False
3.526082,1,3484.126196,True,False,True,0.0035894891738768976,11.52878701206339,,True
9.834126,1,3485.322182,True,False,True,0.00021684900555021813,0.13213419615595728,,False
5.898082,4,3488.377921,True,False,True,0.00464023719791826,5.673555635881324,,False
6.298327,2,3491.140809,True,False,True,0.001909830735655933,6.335377369874296,,False
7.046599,5,3497.531158,True,False,True,0.004178581437935793,5.946492157788401,,False
9.90556,1,3499.310771,True,False,True,4.6327441882709763e-11,0.0025623751324779197,,False
9.591177,1,3500.986336,True,False,True,0.0024497272849558077,0.5793854558216767,,False
5.92081,1,3502.185388,True,False,True,0.005863117753442283,7.210447000802599,,True
6.214728,4,3505.231584,True,False,True,0.0038878510221280332,6.2656159905618685,,False
8.790144,1,3506.419023,True,False,True,0.006078429523689894,2.0301977118419985,,False
6.779263,6,3510.052454,True,False,True,0.011226675125771211,4.03645546511932,,False
7.246245,1,3511.887422,True,False,True,0.005644179123117052,4.818165996093506,,False
7.496328,1,3513.61017,True,False,True,0.006015913215319845,4.361893716953204,,False
8.901264,1,3515.422152,True,False,True,0.0029206845120408644,1.8235250799065144,,False
9.883219,1,3516.601774,True,False,True,3.123344377462282e-05,0.045554886473001655,,False
6.578056,1,3518.421733,True,False,True,0.0012370760592004676,6.020012550848952,,False
7.075909,3,3523.225402,True,False,True,0.005974213688033192,4.686903342142125,,True
9.380253,1,3524.984236,True,False,True,4.1101634157039715e-11,0.9569334797393563,,False
8.373559,1,3526.112742,True,False,True,0.002438200219793147,2.779257487502341,,True
8.711214,1,3527.27934,True,False,True,0.0021127018220566986,2.1689767708527503,,True
2.3442,3,3530.255875,True,False,True,5.1441257503670457e-11,13.385234451277165,,False
9.156744,1,3531.933092,True,False,True,0.0030486457906561976,1.3640574416313003,,False
9.905856,1,3532.986001,True,False,True,1.3195018146492175e-09,0.002562353512352748,,False
8.728482,1,3534.817298,True,False,True,4.4706928186872265e-09,2.134781116017279,,False
6.855553,1,3536.465678,True,False,True,0.010671854537205743,5.526366048709877,,False
-14.270981,60,3588.026674,False,False,True,0.016279025479297358,19.96811821584846,,False
8.886803,2,3590.540213,True,False,True,0.006047531433273516,1.7079051090681006,,False
-30.259433,60,3647.894835,False,False,True,0.03541176240383393,89.93414999646077,,False
8.341868,3,3652.198355,True,False,True,0.0024584032875011666,2.996017070134175,,False
9.306053,2,3655.344929,True,False,True,0.00014563620563764945,0.9096243705124096,,False
8.30005,1,3656.97354,True,False,True,4.482836058172258e-11,2.908811996878498,,True
9.88857,1,3658.532679,True,False,True,0.0026025259224769573,0.042394078448184824,,False
6.598083,9,3668.331695,True,False,True,0.00942956614097021,4.897952905307779,,False
1.743593,1,3669.549052,True,False,True,0.0025051015143171427,14.74248636804059,,False
8.186195,1,3670.654624,True,False,True,1.8413860713994978e-11,3.114781826487662,,False
7.549672,1,3672.318183,True,False,True,0.00522950774359898,4.269907661975628,,False
6.235014,1,3673.601793,True,False,True,0.006034734325352108,6.64148894540407,,False
7.116849,2,3676.957713,True,False,True,0.005213165183570014,5.571392189809679,,True
7.849924,3,3681.210011,True,False,True,0.001950651415119276,3.241365852438893,,False
8.599388,3,3684.001327,True,False,True,0.0001439588667488453,1.4667343221886708,,False
8.734891,1,3685.239488,True,False,True,7.034677894693106e-12,2.12082940699044,,True
4.693095,3,3688.130993,True,False,True,0.0005165570992565192,8.4687288500976,,True
5.932966,2,3691.061242,True,False,True,0.004602232764100887,7.828845069396836,,False
3.818736,1,3692.730907,True,False,True,3.9253872990627214e-09,10.998304898042596,,False
9.537359,1,3694.363719,True,False,True,0.0024170088522219016,0.6743024463217396,,True
2.520437,3,3697.905392,True,False,True,0.00046785362168796224,13.122124155864569,,False
8.29369,1,3699.03927,True,False,True,0.0023625793652251176,2.9234217028842036,,True
7.968412,2,3701.365917,True,False,True,0.006547345062469179,3.1257060253893956,,False
9.908554,1,3702.466596,True,False,True,1.6521111735612326e-12,0.0026145381797162913,,False
6.538206,1,3704.041752,True,False,True,0.0013509698696370918,6.091259623777262,,False
2.599178,1,3705.199667,True,False,True,3.0812266725559895e-06,13.198071823612912,,False
7.255725,2,3707.999361,True,False,True,3.0921301630293385e-10,4.229580741302237,,False
7.337025,1,3709.227762,True,False,True,0.003683997419517513,4.65152810973273,,True
7.274235,1,3710.480951,True,False,True,6.639802596630773e-11,4.757839087554467,,False
8.706822,1,3712.047787,True,False,True,0.0024503113270595914,2.177319688303464,,False
3.872468,3,3716.066347,True,False,True,0.0006674295870723513,10.879721653518558,,False
6.257327,3,3721.817101,True,False,True,0.01199161939622675,5.733486032378605,,True
-14.890191,14,3738.078096,True,False,True,0.0004961270237716199,16.496562031811113,,True
8.061893,9,3746.47782,True,False,True,0.005990160736732117,2.2503674135635663,,False
8.47245,4,3750.014707,True,False,True,3.224424338643672e-10,2.1046846130507935,,False
-10.956248,15,3770.627844,True,False,True,0.00428282175526811,17.897633875329294,,False
7.619027,2,3774.11699,True,False,True,0.004663350043412442,3.228786827199882,,False
9.785418,2,3777.153352,True,False,True,3.1638118139522807e-06,0.06278200017206052,,False
3.260034,2,3779.513025,True,False,True,1.6571722813440992e-10,12.193421006713345,,True
7.06712,1,3781.197119,True,False,True,0.005281140454580749,5.1411490399675515,,False
8.295251,1,3782.930835,True,False,True,7.67923894585476e-10,2.9172328672328396,,False
6.285427,3,3786.445686,True,False,True,0.00464117957481004,6.114408877464779,,False
2.462538,4,3792.168317,True,False,True,5.6058126890468074e-12,13.33829834541212,,False
7.651705,1,3793.869946,True,False,True,0.00018337008506617267,4.079736749414215,,False
7.458491,1,3795.067828,True,False,True,0.003488118102398706,4.4328329782199924,,False
3.265092,6,3798.812593,True,False,True,0.0016354345289969312,11.370034093951523,,False
8.23349,1,3800.643844,True,False,True,0.0018450598254917683,3.0312200043245636,,False
7.562841,3,3803.147682,True,False,True,0.004884213868245889,3.9461867945461235,,True
7.734442,1,3804.327983,True,False,True,0.000457774299586219,3.931245413291141,,False
8.140375,2,3807.416863,True,False,True,0.0010678729572336475,2.9760330227651517,,False
3.831834,1,3809.130958,True,False,True,6.829907909624948e-06,10.974681240593384,,False
2.724449,3,3813.142844,True,False,True,0.003128918705667059,12.620818198990726,,True
0.831335,1,3814.846021,True,False,True,0.0051829893518153015,16.388579648890993,,False
6.68074,1,3816.578599,True,False,True,0.0004859353643647535,5.833515771621939,,False
-27.756627,60,3863.478341,False,False,True,0.0036473284578159093,19.51032384047833,,False
6.238071,5,3869.349506,True,False,True,2.287437713701317e-10,6.053284205257505,,False
9.362492,4,3874.45502,True,False,True,0.0010897066208600933,0.25088560420808287,,False
9.337346,1,3875.617994,True,False,True,0.0035264115304235876,1.0393978740566228,,False
8.561647,1,3877.33722,True,False,True,0.005269554983061781,2.4419920890038007,,False
8.24677,1,3879.166566,True,False,True,1.0351922286737015e-11,3.00006303115994,,False
6.013142,1,3880.88576,True,False,True,0.0022984081703279896,7.040690095741568,,True
6.983317,1,3882.635643,True,False,True,0.0022785015723569783,5.289458722265016,,False
3.189768,6,3888.671188,True,False,True,0.00943988000956962,9.26339148848802,,False
2.019694,2,3891.458517,True,False,True,6.513174527788353e-05,13.952209655557061,,False
6.122465,2,3894.327681,True,False,True,0.004216354262447686,6.709985176523527,,False
9.818584,2,3896.648218,True,False,True,3.946662202962229e-10,0.0025710447499910083,,False
8.273741,1,3898.559483,True,False,True,0.0003045218314191296,2.9560145370485396,,False
9.404979,1,3900.270159,True,False,True,2.0104405595053121e-10,0.9124970731613516,,False
2.694376,2,3902.526839,True,False,True,2.6333563847561e-05,12.554697193778914,,False
3.967643,1,3903.724185,True,False,True,3.912734669467635e-09,10.729673491563165,,False
7.54063,1,3904.979127,True,False,True,0.00016518718795102184,4.279675317598679,,False
8.249653,1,3906.859586,True,False,True,5.658112867124032e-11,3.0001123557252627,,False
8.654012,2,3908.644774,True,False,True,2.8126562190422533e-10,2.1072901220229547,,False
8.703106,1,3909.824474,True,False,True,0.004788196329412046,2.1862450069808705,,False
6.500798,1,3911.025162,True,False,True,0.0008459273578178272,6.158835880345574,,False
9.75844,6,3915.080915,True,False,True,0.0030259505931619158,1.455879475706103,,False
7.143875,1,3916.256753,True,False,True,0.0029055379519273136,4.999646163477484,,False
7.843236,1,3917.495225,True,False,True,0.00022556100814350035,3.733728928647009,,False
-0.890248,13,3930.172447,True,False,True,0.0018531667911336185,14.120967790239337,,False
9.744198,2,3931.91754,True,False,True,0.00027586742705270543,0.0701248865336601,,False
4.086102,2,3934.802465,True,False,True,0.001177061873682498,10.388161775861526,,False
4.576828,3,3937.752851,True,False,True,0.004615831459287575,8.231759204500275,,False
7.532636,8,3943.172238,True,False,True,0.004664365186749928,5.6986643851212095,,False
9.387932,1,3944.485356,True,False,True,2.6189599100501226e-10,0.9388207302523239,,False
5.227307,1,3946.326551,True,False,True,2.2805692963559035e-11,8.456376732016437,,False
3.598239,1,3947.545001,True,False,True,0.00589640966465379,11.40020308893769,,False
-24.588916,60,3998.986414,False,False,True,0.01104553360486571,18.601001426868994,,True
-41.335071,49,4046.26758,True,False,True,0.005565157450173969,16.340775686840594,,False
9.905454,1,4048.009786,True,False,True,6.795945366660169e-10,0.002568900908973088,,False
5.502516,3,4050.440533,True,False,True,0.004810040594641959,7.693344934298296,,False
9.798108,1,4052.168685,True,False,True,0.00038490755464794246,0.19997111149091995,,False
8.832449,1,4053.905448,True,False,True,0.005941524200827358,1.9492932394811335,,False
9.905888,1,4055.657936,True,False,True,3.117243616013177e-11,0.0025630057340308445,,False
9.63679,1,4057.381677,True,False,True,0.0023753913756735055,0.497075607704957,,False
9.102584,1,4058.953763,True,False,True,0.0021109826485027038,1.4619533214266285,,False
6.25259,5,4066.650353,True,False,True,0.009517105721010836,5.996278913067343,,False
7.622497,2,4070.11306,True,False,True,0.005696341397753403,3.460384635750596,,False
8.257276,1,4071.81418,True,False,True,0.00019239336248805407,2.986619832514508,,False
3.532185,8,4081.830781,True,False,True,0.009508845018255309,9.752146088454857,,False
7.168905,1,4083.510434,True,False,True,0.007120234720586288,4.9585253844530595,,False
8.363464,2,4085.238668,True,False,True,0.0061753672358029225,2.2864784003543877,,False
5.854989,5,4091.490834,True,False,True,0.004026752110222394,6.169050310284758,,False
9.908582,1,4093.18201,True,False,True,1.7071546112509828e-09,0.002562345689236194,,True
-2.064929,5,4099.514697,True,False,True,0.011549953007792362,17.767000117273053,,False
8.685646,2,4103.043972,True,False,True,0.002020087090909492,2.077960763266237,,False
-12.012888,60,4149.148988,False,False,True,0.0007046419579934413,40.762362944695056,,False
9.787592,1,4150.716131,True,False,True,1.0381054786579157e-10,0.21957749730204765,,False
7.837207,2,4151.909365,True,False,True,0.0052899325930465336,3.564007496132723,,True
6.755777,3,4154.479122,True,False,True,3.187104727258444e-05,6.1215241167074685,,False
4.864194,12,4164.303478,True,False,True,1.5667296170932855e-05,6.581571581602825,,False
4.787618,2,4165.997698,True,False,True,0.0002460228828114219,9.108974050112943,,False
5.595135,3,4168.479671,True,False,True,0.004644171774007585,7.52851616575818,,False
8.097742,2,4171.205429,True,False,True,0.005377022147890243,3.122759730611659,,False
9.648847,1,4172.937419,True,False,True,0.0025750658855886203,0.4755564069268205,,False
9.487534,1,4174.018547,True,False,True,4.340806173006712e-10,0.7630110870979517,,False
9.005721,2,4175.846879,True,False,True,0.00021360038467051583,1.4171206211087963,,True
6.588052,1,4177.063863,True,False,True,9.593436914755254e-12,6.000026638084051,,False
6.962004,2,4180.522711,True,False,True,0.002195136816219221,5.603690648975905,,False
7.901469,1,4182.276906,True,False,True,5.074140690952689e-10,3.62731363996306,,False
7.528243,2,4184.998451,True,False,True,0.0024420160988368952,3.094731078153216,,False
5.8313,1,4186.191606,True,False,True,9.341212786246559e-05,7.366844313859281,,False
-1.432275,5,4190.757825,True,False,True,0.009455679858212732,16.369706806050303,,False
9.175655,1,4192.548116,True,False,True,0.005013103198819594,1.3331811352915919,,False
6.22458,4,4196.476596,True,False,True,0.006139148800202266,4.620670237425212,,False
8.250806,1,4198.001662,True,False,True,8.230664465952442e-10,2.9980725676491606,,False
3.170512,1,4199.421413,True,False,True,1.8807436857892768e-10,12.167604749492998,,False
6.817054,1,4200.806592,True,False,True,0.005602288200851638,5.588688365722943,,False
7.997563,1,4202.002521,True,False,True,0.0028280040813320065,3.4580061431770575,,False
6.017517,2,4204.606281,True,False,True,0.0024857870627405937,6.500645184133097,,False
5.119006,2,4207.071719,True,False,True,0.003246580537062965,8.660251497018024,,False
7.955133,1,4208.452095,True,False,True,0.0003755973630402065,3.532574630636814,,False
5.411717,6,4212.480152,True,False,True,0.010749700821480527,6.228947783261113,,False
8.011193,1,4213.728116,True,False,True,0.003117921887901596,3.4290338775368085,,False
7.268314,1,4214.987205,True,False,True,0.004570680985664905,4.77674032649861,,True
2.512924,1,4216.182885,True,False,True,0.00020787099235419423,13.353766615609167,,False
9.905886,1,4217.454804,True,False,True,2.7438360631331354e-10,0.002567832504345725,,False
6.974091,5,4221.225318,True,False,True,0.004120041452464918,3.9462305395364314,,False
8.098817,3,4224.911343,True,False,True,0.005134122260473703,1.6379915792499455,,False
7.442515,3,4227.384618,True,False,True,1.1165341828184294e-10,3.0000396237239664,,False
6.227141,1,4228.70667,True,False,True,0.0005013244568386867,6.652740947255721,,False
8.249752,1,4230.08759,True,False,True,4.479469919993484e-10,2.999976587807592,,False
8.791086,2,4232.74667,True,False,True,0.005211003441881398,1.860707228686649,,False
5.162402,1,4234.166287,True,False,True,1.0786102340644248e-05,8.573963481222604,,False
8.092325,1,4235.580633,True,False,True,0.002818938674282491,3.2876085657895575,,False
2.148988,1,4236.865333,True,False,True,0.010461129021803878,14.01597814010656,,False
8.364297,2,4238.071305,True,False,True,0.004997078750796818,2.6525945356967178,,False
9.434757,1,4239.581022,True,False,True,0.002727775779864619,0.8588303370411496,,False
8.865793,3,4245.048151,True,False,True,0.0030755315686977844,1.8306083765326426,,False
9.32272,1,4246.379668,True,False,True,6.434962285251089e-11,1.0563073625582726,,True
7.61379,1,4247.675208,True,False,True,4.162363365145961e-05,4.148663925486786,,False
7.513182,2,4250.320396,True,False,True,2.2777585334799438e-10,3.000001837670041,,False
1.264146,2,4252.866142,True,False,True,0.00034018760296160647,15.197237833027724,,False
7.060194,1,4254.310721,True,False,True,0.00040374291099339304,5.148717355640129,,False
2.275675,1,4255.669203,True,False,True,2.7232716949543434e-10,13.781489827723489,,False
9.908563,1,4256.908201,True,False,True,7.477274485342966e-11,0.0025978819742875398,,True
9.492905,1,4258.110194,True,False,True,1.0645671925513592e-05,0.7538747860264273,,False
7.48875,1,4259.527352,True,False,True,0.004985295943440757,4.374046251110862,,True
8.037171,13,4276.100226,True,False,True,0.00024078162662181588,2.251681037669261,,False
10.337322,4,4278.726979,True,False,True,0.0006744623707726593,1.862179874968704,,False
2.402703,1,4280.14143,True,False,True,2.530290400815094e-09,13.552407583773237,,True
7.863645,3,4284.054975,True,False,True,0.00024316644249292377,3.3706692520314103,,False
6.405063,1,4285.454748,True,False,True,0.0011167239040423842,6.331750607178694,,False
6.860068,1,4286.769819,True,False,True,0.01006486894135103,5.514583901462897,,False
9.908329,1,4288.110807,True,False,True,7.467701414601333e-11,0.0025623516632546275,,True
-40.522365,60,4323.539591,False,False,True,0.0266890537082618,27.324461861393704,,False
6.253667,1,4324.949643,True,False,True,0.0047933097245524345,6.608862002228764,,True
3.601391,1,4326.373332,True,False,True,0.0032683149929489987,11.392734952920618,,False
7.433674,2,4329.084098,True,False,True,0.0033052698206192713,4.401735138542838,,False
9.038493,2,4331.720745,True,False,True,0.0020844742048912773,1.2230932397761696,,False
7.889786,3,4335.801869,True,False,True,2.894615530007587e-11,2.9994774674705535,,False
8.298413,1,4337.148969,True,False,True,3.6511530233042016e-10,2.9120766891758665,,False
8.115232,2,4339.854117,True,False,True,0.0004426238833911411,3.0933591831321405,,False
2.187094,5,4345.240361,True,False,True,0.010550088061151194,11.860404012852749,,False
6.24322,4,4349.340259,True,False,True,0.0025449652326512973,5.229694814212209,,False
6.539374,1,4350.566278,True,False,True,0.0061821477272688136,6.093851051456189,,False
7.97599,1,4351.869808,True,False,True,0.0037378959190995566,3.4987097755115983,,False
9.463004,1,4353.147273,True,False,True,0.002576785100669582,0.8056720990085936,,False
8.251359,1,4354.248127,True,False,True,4.630866165330074e-10,2.995838978669393,,False
8.249758,1,4355.396494,True,False,True,1.706301048370884e-09,2.9999661469355505,,False
8.701348,1,4356.837736,True,False,True,4.799737551852701e-10,2.1838125860251103,,False
9.904651,1,4358.149443,True,False,True,2.2326810539263775e-11,0.002564105857541009,,False
9.737048,1,4359.411776,True,False,True,0.0013643174263998276,0.31452179894913246,,False
7.889915,1,4360.594184,True,False,True,3.298569401715543e-11,3.649486116042408,,False
6.856191,1,4361.82567,True,False,True,0.007021096842983495,5.522523461083408,,False
7.610715,1,4363.008333,True,False,True,0.0040867528682870325,4.157769076880764,,False
3.5118,2,4364.281452,True,False,True,0.00014233048190691322,11.424891595722599,,True
5.966812,1,4365.573954,True,False,True,0.0025912525048519047,7.124571652915604,,False
7.543444,2,4366.926791,True,False,True,9.881144146663711e-10,2.97492533472613,,False
7.287981,2,4368.107574,True,False,True,2.899812571047775e-06,4.183202680438348,,False
7.903715,2,4369.421074,True,False,True,0.004191558460207405,2.6070634664432037,,False
4.68712,1,4370.896019,True,False,True,0.0020728840798070465,9.432586773857718,,False
7.313642,2,4373.522125,True,False,True,0.006305995267882164,4.513490354459533,,False
7.656418,1,4374.988821,True,False,True,0.0045693036808562276,4.073613502568632,,False
8.25338,1,4376.323071,True,False,True,0.0010814725750374343,2.994722241077066,,False
9.74079,1,4377.460622,True,False,True,0.0007782609247585397,0.30498814640203475,,False
7.671013,1,4378.807053,True,False,True,0.004480399423615444,4.049046560854524,,False
3.162799,2,4379.957294,True,False,True,0.00010100614274673181,10.589029706845626,,False
6.596803,1,4381.086355,True,False,True,9.997465524119537e-10,5.9849242153463775,,True
8.100398,1,4382.292048,True,False,True,0.0032939217486614844,3.273290670500319,,False
8.211969,1,4383.381572,True,False,True,0.00022054833225711396,3.0679984788892716,,False
9.905066,1,4384.628602,True,False,True,2.6518426343713486e-11,0.002572013621290376,,False
6.158949,1,4385.84682,True,False,True,0.0014216572448698798,6.77608561797519,,False
9.908573,1,4387.033075,True,False,True,3.503558109391318e-11,0.0025795217622672367,,False
9.908582,1,4388.207221,True,False,True,2.0205679664153653e-10,0.0025631769396044194,,False
2.413782,9,4389.669125,True,False,True,4.795918927389168e-05,9.448212604596494,,False
9.620112,1,4390.982319,True,False,True,0.0008388428966746228,0.5251259100174592,,False
5.020598,1,4392.204509,True,False,True,0.004103637193360483,8.832735377828424,,False
7.541161,6,4397.085924,True,False,True,3.7467263615562334e-05,4.45129950802239,,True
9.878458,2,4398.478173,True,False,True,0.0028348539436747443,0.7742557350882311,,False
9.301508,2,4400.887547,True,False,True,0.002418735679076633,0.4446999854330766,,False
6.043636,2,4403.591967,True,False,True,0.0005301318808916063,6.845782682601119,,True
8.557854,1,4404.988,True,False,True,0.00447741719288763,2.448771995158373,,False
7.237378,1,4406.18905,True,False,True,0.000139650703476647,4.828416949850146,,False
9.858395,1,4407.536148,True,False,True,0.0003613315225545242,0.09217900653450523,,False
1.087535,2,4409.015142,True,False,True,1.0279483479702645e-09,15.80502086559408,,False
9.904168,1,4410.369557,True,False,True,3.9012954000140765e-11,0.010541191600335585,,False
9.134459,1,4411.655082,True,False,True,0.0014934795819878527,1.402760064702646,,True
8.696711,1,4412.981375,True,False,True,2.6859334201212448e-11,2.1890574221446397,,False
7.911981,1,4414.227284,True,False,True,0.001818345356880427,3.611635390780148,,False
7.618166,2,4416.819525,True,False,True,0.004033316321355087,3.950821578564418,,False
8.813919,1,4418.149894,True,False,True,0.0020736591431471008,1.9833981321864769,,True
7.547427,2,4419.291878,True,False,True,0.0003330948035744595,4.076009602328362,,False
6.785795,1,4420.574466,True,False,True,0.0009132479537150153,5.644660915155217,,False
4.147689,7,4425.682467,True,False,True,0.011261870699196177,8.77367093482293,,True
7.336247,1,4427.127049,True,False,True,0.0014141588758450603,4.650757031932556,,False
2.343476,1,4428.462912,True,False,True,0.007183051195177882,13.663577648910112,,False
7.280814,4,4431.127879,True,False,True,0.004262989138935974,2.4785501033699444,,False
0.669267,2,4433.958442,True,False,True,0.002594314948604574,16.563159222501742,,False
0.089624,3,4437.819635,True,False,True,0.0022602052329846497,14.620816965532978,,False
8.077206,2,4439.290709,True,False,True,2.06509382026302e-11,3.4284786649917027,,False
8.371352,1,4440.568587,True,False,True,0.0003031709048527814,2.7779741590886053,,False
7.554306,1,4441.977234,True,False,True,0.005814025896884276,4.259437931224199,,False
9.877121,1,4443.220922,True,False,True,1.5929510220995258e-06,0.0565202142190554,,False
9.70276,1,4444.521664,True,False,True,0.0022016873997997635,0.3776309575879272,,True
9.908274,1,4445.858608,True,False,True,3.5227409878046956e-10,0.002563026922051628,,False
-4.654253,15,4452.408942,True,False,True,0.00905173729369893,17.917060816370658,,False
7.562971,1,4453.74866,True,False,True,5.236491795734821e-10,4.24039364903527,,False
8.890793,1,4455.056785,True,False,True,0.007856756437027249,1.8503261500321668,,False
8.259638,1,4456.392489,True,False,True,2.080864331760468e-05,2.982145159633947,,False
8.53619,1,4457.827585,True,False,True,0.00013229731692530888,2.481911728977545,,False
-18.155712,60,4509.946147,False,False,True,0.003996522835425714,50.2614095436484,,False
7.345581,1,4511.138213,True,False,True,0.005307360047589582,4.632824989690211,,False
6.188354,1,4512.345211,True,False,True,0.004096762805670728,6.72610884879198,,False
7.968148,1,4513.442218,True,False,True,0.004084227863412088,3.5132477274886,,False
7.594564,1,4514.640097,True,False,True,0.005292424332695486,4.188055041343714,,False
8.274932,1,4515.892403,True,False,True,1.8063320283978612e-10,2.9511671447721013,,False
9.453484,1,4517.165972,True,False,True,0.004119766655464657,0.8305515207690294,,True
6.899125,1,4518.396299,True,False,True,2.227630122031421e-09,5.439104964697214,,False
3.526278,5,4520.824274,True,False,True,0.004823807676953411,9.507112095191054,,False
8.259239,2,4522.023813,True,False,True,0.005854105731917926,3.41622724244384,,False
8.70863,1,4523.365079,True,False,True,7.930856824507138e-06,2.1710183172800677,,False
9.866641,1,4524.608483,True,False,True,2.8149810280125864e-05,0.0784133903550789,,False
7.94154,2,4527.335505,True,False,True,1.5566114387888344e-10,3.3367459883426704,,False
2.349997,1,4529.116735,True,False,True,3.5207937607029116e-10,13.647459095982393,,False
4.176221,1,4530.835037,True,False,True,1.3185992016519904e-06,10.353381150120324,,False
6.656204,1,4532.14738,True,False,True,0.0009255053587120611,5.878625110687065,,False
9.195173,2,4533.916386,True,False,True,0.005376411631368844,1.4791763612241495,,False
7.213878,1,4535.413625,True,False,True,0.010755100481955007,4.8809395532186945,,True
7.906892,2,4536.613266,True,False,True,0.001001108154174679,3.399861589881547,,False
9.90783,1,4537.877057,True,False,True,3.5845623981919596e-09,0.002562416380894921,,False
9.103643,1,4539.070577,True,False,True,0.006074839166587126,1.4600969715970944,,False
8.713435,1,4540.210111,True,False,True,0.00024029212167664196,2.161619339296073,,True
9.907126,1,4541.432481,True,False,True,1.0037167712897995e-10,0.00256249802235568,,True
9.908577,1,4542.717566,True,False,True,2.9352410259309014e-11,0.002571824156011238,,False
10.458572,2,4544.025068,True,False,True,1.1593111867216875e-11,0.002564812627615834,,False
7.54126,2,4546.890924,True,False,True,0.004149602437024458,4.138276839336052,,True
4.994022,1,4548.620535,True,False,True,1.021585744587195e-06,8.877805720351526,,False
6.110317,1,4549.74583,True,False,True,0.0009846682724174128,6.864075556966512,,False
3.904123,6,4556.97594,True,False,True,0.009567378027131727,7.9852597328136765,,False
-29.035545,60,4622.245546,False,False,True,0.01698278390250217,40.98277094590746,,False
9.907806,1,4623.941033,True,False,True,5.416496434970773e-10,0.0025625463801824395,,False
9.77046,1,4625.790293,True,False,True,0.000535458488957795,0.2529804755495282,,False
4.89028,2,4627.292644,True,False,True,0.0055675827259571,8.207728879743808,,False
3.792527,1,4629.04583,True,False,True,0.004674078001758786,11.048970792379091,,True
9.719654,1,4630.64973,True,False,True,0.001866863362152688,0.34664558830140313,,False
7.719322,2,4631.807077,True,False,True,1.7895129069238347e-06,2.963289878609459,,False
9.466091,4,4633.035432,True,False,True,0.0040059957589640835,0.8726095817997219,,False
9.86737,1,4634.111358,True,False,True,0.0003679937873697335,0.07701032610860194,,False
5.585109,1,4635.152898,True,False,True,0.004843643458791694,7.81460525352532,,False
9.719407,1,4636.623572,True,False,True,0.0019263893645180045,0.3471733726021156,,False
9.326216,1,4637.794862,True,False,True,0.004419373558174246,1.0602211810306201,,False
7.143863,1,4639.486857,True,False,True,0.004332966270064895,5.001436270770925,,False
1.641867,6,4646.320448,True,False,True,0.0012564108945850232,13.839729389204116,,False
8.048158,1,4647.88996,True,False,True,0.0020760366031503754,3.366529102884201,,False
8.249457,1,4648.928923,True,False,True,0.0003284431668867129,3.000907316700274,,False
8.946277,1,4650.535825,True,False,True,0.008671308621087684,1.752030782018495,,False
7.974833,1,4651.867823,True,False,True,0.004271452693057051,3.500593526487265,,False
8.019838,1,4653.438126,True,False,True,0.004199651926013095,3.4200356728399277,,False
7.34898,1,4655.016049,True,False,True,0.002266082976981893,4.62927195931522,,False
6.214926,1,4656.558332,True,False,True,0.0006548479246872296,6.674939470861212,,False
6.328176,2,4659.195847,True,False,True,0.006958762346724885,5.820035706321186,,False
9.799084,1,4660.830214,True,False,True,0.000359271977215303,0.19790559310177636,,False
9.908435,1,4661.829202,True,False,True,1.1658073126948506e-11,0.002579177270378542,,False
8.223403,1,4663.375338,True,False,True,0.00014807756362569813,3.0433237974599217,,False
7.413027,1,4665.059198,True,False,True,0.004422458656507639,4.515873639760092,,False
9.261764,4,4666.61709,True,False,True,0.0025293962192543995,0.49005545280805607,,False
9.894701,1,4667.721234,True,False,True,0.00013517506256605864,0.027848009659448274,,True
8.32225,1,4668.793007,True,False,True,0.005517110396879066,2.87484829577838,,False
8.252168,1,4670.389266,True,False,True,2.9308112846349044e-09,2.995612666976007,,False
6.804682,1,4672.10143,True,False,True,0.00014412052790104815,5.6097712411075795,,False
0.259214,8,4684.241197,True,False,True,0.0060832358956700305,8.634539169018273,,False
9.908574,1,4685.850665,True,False,True,1.2473727079509725e-13,0.002577598066483926,,False
-21.181893,60,4730.713656,False,False,True,0.027062997393329867,25.74761750954997,,False
5.38724,3,4733.368069,True,False,True,1.3542792555790162e-09,6.70629883297964,,False
7.807666,5,4739.723586,True,False,True,0.006111128140997493,2.950698022472914,,False
8.66821,4,4745.698174,True,False,True,4.640568478424526e-10,1.7750531350445518,,False
-8.823364,18,4763.468373,True,False,True,0.0024288268880543413,17.99277331921528,,False
6.481247,3,4766.322743,True,False,True,0.009133597887976143,5.194745743435514,,True
8.5974,1,4767.348186,True,False,True,2.6601554318809088e-11,2.3711925336678616,,True
9.112346,1,4768.538596,True,False,True,0.002856972352910863,1.4416132156417696,,True
4.666225,3,4769.711132,True,False,True,0.0063545970600302655,8.289140585884708,,False
8.360895,1,4771.36464,True,False,True,4.707492035072036e-10,2.7989880821095237,,False
7.434534,1,4772.801857,True,False,True,4.872229009134088e-10,4.471126048462381,,False
8.122183,1,4774.565302,True,False,True,0.000823890350190574,3.2304304997826403,,False
7.564976,1,4775.541147,True,False,True,1.2354851404806026e-09,4.23677252449572,,False
7.624107,1,4776.596576,True,False,True,0.008254329801245162,4.138625768093925,,False
8.096571,1,4778.150967,True,False,True,0.003013885540032025,3.2801601319783744,,False
5.029382,2,4781.040856,True,False,True,0.004699396581770825,9.27348807260289,,False
8.250905,1,4782.125836,True,False,True,1.9766701142557867e-10,2.9937050773794787,,False
8.249457,1,4783.200423,True,False,True,5.342061211791038e-12,3.0000682889518333,,False
9.66599,2,4784.34695,True,False,True,0.0006610926341458871,0.1322438307141913,,False
9.789846,2,4785.488928,True,False,True,0.00026273227234394395,0.05499649155339133,,False
9.908575,1,4787.274921,True,False,True,3.864333526781838e-09,0.002576202241227467,,False
7.584777,1,4788.932018,True,False,True,0.0004887385124086874,4.200137521727986,,True
2.674753,1,4790.541784,True,False,True,0.0019004927311049675,13.063028015540494,,False
8.234094,2,4793.502218,True,False,True,0.010960783371207386,2.9967021425586706,,True
9.428245,2,4796.452987,True,False,True,0.0019899751688978243,0.6655417484301278,,False
6.507085,1,4797.527585,True,False,True,8.797830531442216e-10,6.146893781717201,,False
9.496496,1,4798.7149,True,False,True,0.00027724130088144054,0.7477525167951201,,False
7.471421,3,4802.234985,True,False,True,0.0024445946436475975,3.1489334444712154,,False
7.166394,3,4804.950593,True,False,True,0.0004492135176720202,3.177604721359384,,False
8.208837,2,4809.337708,True,False,True,0.00549834870200909,1.9049971869576372,,False
9.260365,2,4813.88207,True,False,True,0.0026079064131425164,1.6132589822984769,,False
8.247315,1,4816.195666,True,False,True,2.2785542548413285e-10,2.9999950319680426,,False
8.649836,2,4818.307503,True,False,True,0.002987674486043405,1.9026104283457486,,False
8.512514,1,4821.430374,True,False,True,0.00043223721827098573,2.5232910504895902,,True
9.004543,3,4827.321389,True,False,True,0.0023928730632181852,1.3289801856445467,,False
8.43897,1,4829.184861,True,False,True,1.7236391563195834e-10,2.6580283494128913,,True
9.202265,2,4832.317005,True,False,True,0.005071522106533371,1.1341195597016025,,False
5.682221,1,4833.936557,True,False,True,0.00027564525254965624,7.636081307842427,,False
-10.931726,15,4863.611554,True,False,True,0.009492906572420134,14.660924639343165,,False
1.286686,1,4865.732925,True,False,True,0.00036177962679522467,15.565062856902605,,False
9.818638,1,4867.76038,True,False,True,0.00023891704184957063,0.1654818623858917,,False
8.502996,1,4869.475174,True,False,True,0.004581718127924532,2.5475039379938416,,False
9.908289,1,4871.569714,True,False,True,1.1106579735709036e-10,0.002562406139970594,,False
8.03028,2,4873.572124,True,False,True,0.001387075063184542,3.248376354567287,,False
9.013857,1,4875.650377,True,False,True,0.0059999677595348345,1.6269668459445568,,True
7.884695,3,4881.800026,True,False,True,1.265535755389468e-09,3.226024514496516,,True
5.249211,1,4883.804592,True,False,True,0.004065001801669495,8.420752043776421,,False
9.230778,1,4885.749994,True,False,True,0.004138673128247558,1.2325190459879811,,False
8.968784,2,4889.348337,True,False,True,1.1826831096403066e-11,1.0909697308344257,,True
7.336757,1,4891.325612,True,False,True,5.460911011902277e-10,4.648018620561508,,False
9.654252,1,4893.171964,True,False,True,0.0023371047490911376,0.4654708632912085,,False
1.8473,1,4895.114904,True,False,True,0.00045347397819116286,14.554263755175333,,False
8.750191,1,4897.107692,True,False,True,2.742111410009693e-10,2.094942289752362,,False
9.554152,1,4899.040531,True,False,True,1.1653400466826724e-10,0.6427390238166584,,False
3.697692,2,4902.774917,True,False,True,0.004811260445838366,11.095569323867792,,False
4.954757,2,4906.559157,True,False,True,0.004246032896486566,7.138073651519584,,False
9.437564,1,4908.496259,True,False,True,0.003277992215345031,0.8522969800427966,,False
8.485839,2,4910.135787,True,False,True,0.004120990739917802,2.1633088166111625,,False
8.092884,1,4911.606112,True,False,True,0.0030191286893501527,3.286824858298248,,False
7.728986,3,4917.048047,True,False,True,0.005014676126379028,3.162149820376733,,False
9.859452,1,4919.00048,True,False,True,2.1519157983318493e-13,0.08495385637857314,,False
3.622845,2,4922.461368,True,False,True,0.0004394772897496346,11.235205208704386,,False
6.700225,2,4926.394367,True,False,True,0.002403201832794792,4.976270552486491,,False
2.541718,2,4929.173693,True,False,True,0.0005121782106538679,12.0383289622923,,False
3.106971,1,4931.167161,True,False,True,0.00130861302793273,12.283127207064936,,False
5.01446,1,4933.164309,True,False,True,0.00393234665125374,8.844186361696782,,False
7.296368,2,4936.521145,True,False,True,0.0007437702751102536,4.577835076329515,,True
8.228609,7,4946.643234,True,False,True,3.6643705188972586e-06,2.293855896698818,,False
4.469864,1,4948.391776,True,False,True,0.0014814193771693403,9.824777653019593,,False
3.098161,2,4950.702536,True,False,True,0.0005227741700591267,9.917020925425213,,False
8.083706,1,4952.441767,True,False,True,0.0012912865425386997,3.2996621347247514,,False
8.02462,4,4953.629944,True,False,True,0.005868920577550063,1.5796672911482823,,False
4.145782,2,4954.766797,True,False,True,0.004131975678059228,8.733234489566684,,False
5.218835,7,4956.125314,True,False,True,0.004442353258814006,6.554261897209491,,False
-2.423671,8,4964.443703,True,False,True,0.00679583398338216,17.994261553356804,,False
5.025651,1,4965.673664,True,False,True,0.011566399519066798,8.826328560068308,,False
2.577226,1,4966.947805,True,False,True,0.0015369259521565669,13.238672160289235,,False
8.524339,1,4968.391388,True,False,True,0.004211803149606643,2.5089944365824235,,False
7.710307,1,4969.533778,True,False,True,0.00765252235006432,3.9821860302016887,,False
3.484148,2,4970.639316,True,False,True,0.005175733188418616,10.57614349696709,,False
7.940423,1,4971.786788,True,False,True,0.0042865970544764525,3.562565815507067,,False
8.522007,1,4973.441436,True,False,True,0.011876764633631142,2.521162217536909,,False
5.599926,2,4976.420266,True,False,True,0.001365053147051547,6.935627721825722,,False
1.863679,1,4977.723452,True,False,True,1.8096970363229437e-10,14.524448822208937,,True
8.249475,1,4979.867895,True,False,True,2.174973150342561e-10,3.000009279033976,,False
8.636331,3,4982.454984,True,False,True,0.01010059369761689,1.7794849867144737,,False
9.440575,1,4984.368904,True,False,True,1.81922671371737e-11,0.8432270164029493,,False
8.848174,2,4987.735576,True,False,True,0.006798058983106979,1.7799581505578979,,False
0.421197,8,4994.965721,True,False,True,0.0026781509185441242,13.169338711352914,,True
-34.74475,60,5049.388821,False,False,True,0.006480778977567738,36.80123975645989,,False
4.784986,1,5052.670645,True,False,True,0.00156117378852208,9.256296687980257,,False
9.537745,1,5053.816514,True,False,True,0.0028620986281346476,0.676689438645565,,False
9.908572,1,5055.315847,True,False,True,3.976045952105883e-09,0.0025807209078124505,,False
8.099999,1,5056.577884,True,False,True,0.0024867532597572573,3.273374425502815,,False
6.465981,6,5063.116204,True,False,True,6.2180721999317314e-06,4.603161246546064,,False
0.533213,1,5065.069693,True,False,True,0.0016497283249447348,16.923267386081022,,False
0.414615,1,5066.503713,True,False,True,0.0004815395704204223,17.13738033937909,,True
9.376795,1,5068.528556,True,False,True,0.0028904361411378615,0.9632460310123844,,True
4.856742,1,5070.174443,True,False,True,0.0010472365039726908,9.126402255798409,,False
8.372201,1,5072.074481,True,False,True,0.000452772040513489,2.779339860549943,,False
7.555883,1,5073.409986,True,False,True,0.0025390809585168817,4.2559850990762955,,False
5.365475,1,5075.661308,True,False,True,0.004050981537163208,8.210965172094081,,True
6.405229,1,5078.187492,True,False,True,0.002033003604088795,6.332761814412159,,False
4.787601,1,5080.37369,True,False,True,0.011444166476658607,9.25720881895747,,False
8.378271,2,5084.669802,True,False,True,7.624609277279149e-12,2.9234641788205886,,False
8.734691,1,5086.485181,True,False,True,0.005811050526257272,2.129228554605499,,False
9.512555,1,5088.461723,True,False,True,0.002999235606447088,0.7155764528795153,,False
6.801407,1,5090.746394,True,False,True,0.0030319447505482086,5.618334247592452,,False
9.19144,1,5092.980784,True,False,True,2.5082561028177963e-11,1.2933011607283957,,False
9.801877,1,5094.64042,True,False,True,2.7163968296939345e-10,0.19543530561242106,,True
9.212437,1,5096.540222,True,False,True,0.005362419725957417,1.2675329305168261,,False
9.908575,1,5098.033603,True,False,True,2.145060592959316e-11,0.002576463105420191,,False
8.718551,1,5099.398755,True,False,True,0.0090917811370413,2.163211486162731,,False
7.54367,1,5100.808663,True,False,True,0.005464433722224243,4.276865707989466,,False
8.163132,3,5103.960717,True,False,True,0.003073224757903888,2.5046894974672393,,False
8.82762,2,5106.441669,True,False,True,0.002952643244872875,1.8040221658256672,,False
8.376325,3,5108.977541,True,False,True,0.011270505469694327,2.59427525666124,,True
7.900451,4,5113.851996,True,False,True,0.0035153475421466048,3.3822001631362366,,False
6.272779,6,5117.91473,True,False,True,6.150017479246471e-05,6.048824477617562,,False
8.037612,5,5122.176875,True,False,True,0.00285547974178256,1.7115944777541567,,False
8.650495,1,5123.953338,True,False,True,0.004879732873484737,2.2813840364407048,,False
7.570201,1,5125.462229,True,False,True,0.00604306053018357,4.233509240041077,,False
8.075365,1,5127.086673,True,False,True,0.0026478844768011976,3.31804474639104,,True
5.791779,2,5128.610901,True,False,True,0.0006653818117953192,6.601657086830874,,False
5.421258,1,5130.86621,True,False,True,0.0058675175583196276,8.111795159538474,,False
7.289255,1,5132.646359,True,False,True,0.0008342444341482369,4.734114549223243,,False
9.660653,1,5133.973237,True,False,True,0.00246824852409359,0.45407852059326326,,False
3.701519,1,5135.651526,True,False,True,0.003982475909187997,11.211491747801611,,False
-2.143832,9,5145.020252,True,False,True,0.0032771707274032585,12.244782205089559,,False
7.372134,4,5153.897254,True,False,True,0.00025352670933687636,2.9977227219470457,,False
6.547326,2,5158.516328,True,False,True,0.0024387977275171376,5.762018776197932,,False
2.989056,2,5163.364117,True,False,True,0.004834768891754793,12.37606762111955,,False
8.129424,1,5165.223675,True,False,True,0.000673860131114281,3.2181294165047563,,False
5.804227,1,5167.104947,True,False,True,0.004699279742359407,7.419826895049383,,False
8.231037,1,5169.323158,True,False,True,0.0047270361558369705,3.038839459199085,,False
4.982733,1,5170.675737,True,False,True,0.00014722050557523146,8.898301992583725,,False
5.84251,1,5172.348224,True,False,True,1.0281401963884926e-06,7.346525198646222,,False
3.500684,1,5174.382404,True,False,True,0.004365775372119013,11.575120961729942,,False
8.313445,1,5176.285531,True,False,True,0.0011850136541683163,2.885578511545299,,True
4.759263,2,5180.16157,True,False,True,0.0023945854185760326,9.172825394287823,,False
9.536039,3,5184.432646,True,False,True,0.0010464517577352594,0.1894779927840378,,False
7.649996,2,5187.353044,True,False,True,0.00013717655274614327,3.9327390070386827,,False
-10.43832,44,5232.457538,True,False,True,0.009905443849925758,11.130459908047575,,False
8.185919,1,5234.121392,True,False,True,0.002937074826302903,3.117571720945119,,False
6.101482,2,5236.283374,True,False,True,0.0047819571794529316,6.748961542917998,,False
8.274288,1,5238.161503,True,False,True,3.647765423053784e-11,2.9520757079395623,,True
8.250668,1,5239.537474,True,False,True,5.744393147220613e-05,2.9983927594722832,,True
4.384083,1,5241.542682,True,False,True,0.00265120265721813,9.980444755103534,,False
6.727232,6,5250.523514,True,False,True,0.0026565727218463096,4.6338703767599005,,False
4.031718,2,5253.700147,True,False,True,6.907529582908861e-05,10.510543151787282,,False
9.783145,1,5255.622243,True,False,True,0.0008736949588971366,0.2305294734733374,,False
10.300964,3,5261.19823,True,False,True,0.0002707319578043581,0.08326197783605581,,False
9.454261,2,5264.399093,True,False,True,0.0015640188964690833,0.31710326415500883,,False
6.297499,1,5266.192496,True,False,True,2.6439185366203264e-11,6.522671510475101,,False
7.951346,2,5267.960541,True,False,True,0.00010800982336786613,3.3529711128756805,,True
8.979496,3,5270.029854,True,False,True,0.003066792135706233,1.4001794003995358,,False
0.852563,9,5271.765689,True,False,True,0.0008272063313231595,12.638457551817227,,False
3.523574,1,5273.270322,True,False,True,0.0028522458703953563,11.532800531503401,,False
9.908582,1,5274.683502,True,False,True,3.261159918499512e-10,0.0025625469490926176,,False
0.011138,2,5276.16298,True,False,True,0.0050714988237542434,17.798068004760882,,False
3.999239,1,5277.782678,True,False,True,0.0005609784879208896,10.673106591029399,,False
7.898746,1,5279.065089,True,False,True,0.0046753091786383245,3.6367565656126986,,False
1.171373,5,5280.554926,True,False,True,0.004578231530448323,14.27304136956813,,False
9.275442,2,5284.099224,True,False,True,0.002443243663531245,0.5139808215418383,,True
8.093064,2,5285.979412,True,False,True,0.00038550831147900986,3.1261606565729574,,True
8.047338,1,5287.867161,True,False,True,0.002092178610295401,3.368029653355822,,False
7.809401,4,5292.56384,True,False,True,0.011620739636041086,1.3041786072110089,,False
1.713663,8,5300.274755,True,False,True,0.004797786676856,9.311790506699785,,False
6.499696,4,5302.9464,True,False,True,0.004426216904579382,5.7507167622749815,,False
3.903541,3,5305.97328,True,False,True,0.005221223726434556,9.512251350941048,,True
8.373618,1,5307.838901,True,False,True,0.00043167646131967395,2.7749754292893276,,False
7.05192,2,5311.965072,True,False,True,0.0031349643895005764,4.575427147869418,,True
5.421259,1,5313.687349,True,False,True,3.097785069882059e-05,8.106834475402144,,False
8.988851,2,5317.092369,True,False,True,0.0003301779903577306,1.9828965217695003,,False
6.749724,2,5318.82926,True,False,True,0.004553274710534922,5.123259422476531,,False
1.113565,5,5327.01326,True,False,True,0.00929641948975936,14.669150244305193,,False
9.90857,1,5328.363636,True,False,True,2.0830335676833012e-10,0.0025844609674011585,,False
7.268768,3,5331.968064,True,False,True,2.358040741834433e-10,4.414205329769232,,False
1.652011,11,5345.874276,True,False,True,0.002541407510742299,12.604069414183025,,False
-22.090007,60,5427.761711,False,False,True,0.002335414192230484,14.189190547347605,,False
8.288327,1,5429.244328,True,False,True,3.772108525540168e-05,2.929910718727311,,False
9.908415,1,5430.996292,True,False,True,4.2618658718967244e-10,0.0025734335289401057,,False
8.380435,2,5433.823071,True,False,True,0.004063211572889105,2.3592576032079906,,False
4.913689,2,5436.854989,True,False,True,0.0003396215265764231,8.653731707178306,,False
3.464674,4,5443.68729,True,False,True,0.002749735684052748,10.194373897425063,,False
7.805189,1,5445.391177,True,False,True,0.00609573963313283,3.808403013112688,,False
6.8847,1,5446.872607,True,False,True,0.004679265045520787,5.46984373449136,,False
9.316588,1,5448.205435,True,False,True,6.752854014378631e-11,1.0723032330220532,,False
3.265617,1,5449.69028,True,False,True,0.0013258155832198346,11.996998946657387,,True
-1.058003,18,5473.819543,True,False,True,0.0001080651932328612,13.734058712348428,,False
6.599261,3,5476.36621,True,False,True,0.0050292241464488345,5.940802991579992,,False
7.68398,3,5480.214123,True,False,True,0.00027567569855730886,3.662970043925474,,True
8.143881,2,5481.564545,True,False,True,1.1017994663284347e-05,3.0403855217848026,,False
3.016732,3,5483.139043,True,False,True,0.001794013286824412,12.092565424046061,,False
9.908416,1,5484.558985,True,False,True,2.5647277623684067e-10,0.0025623454047587783,,False
5.72623,2,5487.137164,True,False,True,0.00029669379485627,5.9210203891926065,,False
9.533946,1,5488.727202,True,False,True,0.003937582021251733,0.6843841461900532,,False
-16.284539,60,5541.978231,False,False,True,0.010009949295892478,40.98865674211037,,False
5.903676,1,5543.310449,True,False,True,0.007054227801329677,7.2418983493702855,,False
8.271919,1,5545.295614,True,False,True,2.9635953868308474e-10,2.9597230836328916,,False
7.345491,1,5546.962702,True,False,True,0.001075410269857931,4.6336847275429465,,False
9.538355,1,5548.667669,True,False,True,4.3487017001816344e-10,0.6714826449593144,,False
4.700669,2,5551.606591,True,False,True,0.001428872992544266,9.354368238979529,,False
6.441448,1,5553.39525,True,False,True,0.0007153986488016467,6.265100836288443,,False
9.894449,1,5555.165622,True,False,True,2.364315420506219e-05,0.026421796786538512,,False
3.051308,1,5556.875901,True,False,True,0.0006868094105997487,12.383092034353512,,False
9.565435,1,5558.473608,True,False,True,0.0009052900065553719,0.6238526601246895,,False
8.736083,1,5560.188745,True,False,True,7.016703546874892e-05,2.1160741070639677,,True
9.613073,1,5561.907491,True,False,True,0.0002292631255573956,0.5370024845797782,,False
7.206431,5,5565.974962,True,False,True,0.0020999636597089583,5.0021352378138895,,False
0.568981,3,5569.666375,True,False,True,0.008466026449983215,14.705382779694931,,False
6.681589,1,5571.502376,True,False,True,4.5640574652949795e-11,5.831177004200447,,False
9.121212,1,5573.462373,True,False,True,0.004646137833020937,1.4309908911453557,,False
6.485862,6,5581.14186,True,False,True,4.441695003721451e-05,7.658038709646145,,True
9.78008,1,5582.415111,True,False,True,2.589936923387565e-10,0.230758165286296,,False
9.908421,1,5583.600463,True,False,True,7.136855791486673e-10,0.0025631263185491846,,False
4.074122,1,5584.750687,True,False,True,0.005007763401436284,10.541302189947608,,False
8.290882,1,5585.803722,True,False,True,0.0005513126397986021,2.9263496232373964,,False
8.584212,1,5587.396123,True,False,True,0.009281237561929376,2.405891909563038,,False
9.146295,2,5589.847233,True,False,True,0.005324823207896166,1.3350307469886489,,False
6.878353,1,5591.312538,True,False,True,7.4462432022583906e-06,5.476616797830818,,False
10.348421,2,5595.115519,True,False,True,0.0002929976362298359,0.1606529973889561,,True
8.782942,1,5596.921345,True,False,True,0.0013033888274081584,2.0382694261442778,,False
-0.132982,15,5612.631738,True,False,True,0.0047479449825866705,14.105293802977501,,False
9.908274,1,5614.604056,True,False,True,3.0765916719266444e-11,0.0025636012071238146,,False
8.1309,3,5616.120592,True,False,True,0.0005733511564159047,2.914142570714547,,False
7.050402,4,5618.871392,True,False,True,0.0005545198717010107,4.260893155418144,,False
7.633176,1,5620.192125,True,False,True,0.0032812119742159276,4.117219133602602,,False
8.287357,1,5621.175622,True,False,True,6.41167871523983e-06,2.9320571525302563,,False
7.18609,1,5623.087487,True,False,True,2.567927129173763e-10,4.920195446130331,,False
8.641122,2,5626.085001,True,False,True,0.0027879414849588907,1.997845015697558,,False
9.74706,1,5627.986781,True,False,True,0.00024637181854338444,0.29029062723641413,,False
7.53035,4,5631.746869,True,False,True,3.748316236601311e-05,4.048834667540915,,False
8.251398,1,5633.604205,True,False,True,2.9893498440514144e-10,2.9970046633779743,,True
5.91602,1,5635.343561,True,False,True,1.871777558937887e-07,7.2138416004411505,,False
5.403539,1,5636.619517,True,False,True,0.005017757919422036,8.142805308198676,,False
8.246348,1,5637.884804,True,False,True,5.220458214023353e-11,2.999893555558309,,False
8.368867,2,5639.123312,True,False,True,0.0026267001937552285,2.4966961225514357,,True
1.324404,3,5641.515067,True,False,True,0.005052706028114065,14.947223317082416,,False
3.613102,3,5644.879007,True,False,True,0.00017826352920242636,8.897735613664167,,True
7.640636,4,5649.468157,True,False,True,0.00311326074542964,3.405216710570607,,True
-19.0539,21,5677.138884,True,False,True,0.010510431011607061,13.28831989594237,,True
10.517806,2,5681.289949,True,False,True,9.189676450360729e-11,0.0025623823865579933,,False
8.318879,2,5684.144928,True,False,True,0.0025279675433488875,2.733594422413808,,False
9.90728,1,5686.046173,True,False,True,7.016289294247832e-10,0.002562607679527721,,False
9.907671,1,5687.503931,True,False,True,9.649725366856208e-10,0.0025623892139087154,,True
8.403262,1,5688.727898,True,False,True,0.010715121619271573,2.734203196558229,,False
8.456972,4,5692.229064,True,False,True,3.4775430754342063e-12,2.130914113727784,,False
7.326799,1,5693.68983,True,False,True,6.754394682451093e-10,4.660973196906957,,False
7.623527,1,5695.692297,True,False,True,0.00036419494737934335,4.13144504497473,,False
9.908582,1,5697.237244,True,False,True,1.918477258778615e-09,0.0025623611932075823,,False
6.45895,1,5698.946588,True,False,True,0.005042566998594747,6.235490600376053,,False
8.230212,1,5700.274723,True,False,True,8.337390456844562e-10,3.0352732797389046,,False
5.90786,1,5702.17975,True,False,True,0.008790259987370368,7.236210369591001,,False
7.055177,1,5703.659404,True,False,True,0.005744980201424776,5.161245587760074,,False
7.20247,3,5706.577893,True,False,True,0.003140933111246381,3.9954746274738557,,True
6.717956,2,5709.062799,True,False,True,0.0061577008865443955,5.538936763606544,,True
9.90844,1,5710.634734,True,False,True,1.9144741793466655e-10,0.002563418371219917,,True
8.268795,1,5711.869769,True,False,True,3.7607749101074554e-05,2.965212241537565,,False
8.31073,2,5714.696766,True,False,True,0.005532879870287445,2.7396596182597395,,False
7.800839,1,5715.708472,True,False,True,1.2653103694262001e-05,3.810822298737669,,False
8.458833,2,5718.887736,True,False,True,3.3516364866873256e-10,2.21970855724815,,False
9.662436,1,5720.639336,True,False,True,0.0024497825290352776,0.45083270370942513,,False
7.489891,2,5723.183568,True,False,True,0.0008283072513401119,3.250523300101036,,False
9.9051,1,5724.853619,True,False,True,2.344260390825576e-10,0.0025754443969203925,,False
3.245239,4,5731.187488,True,False,True,0.0003424646410095152,11.472765044397088,,False
7.676976,4,5735.631177,True,False,True,0.0019616221923306216,3.340240211228823,,False
9.166195,1,5737.417073,True,False,True,0.00568474864106288,1.3456991707615498,,False
6.900505,10,5750.940466,True,False,True,0.002999749239141822,3.41678701691743,,False
0.811589,2,5752.580126,True,False,True,0.0002322165437276735,14.142913285116391,,False
6.797773,4,5757.475495,True,False,True,0.002067305487670321,5.069501544099373,,True
3.945052,1,5759.116033,True,False,True,0.002824314733282207,10.772546719546716,,True
9.5024,1,5760.801688,True,False,True,0.005245940106842942,0.7412504771650983,,False
1.251223,2,5764.070053,True,False,True,0.003106017820765984,15.51291576368777,,False
9.510392,1,5765.808003,True,False,True,2.2675851450222055e-09,0.7220100314703132,,False
8.313084,3,5771.165077,True,False,True,0.00012203929663549503,2.579978896006463,,False
6.896427,2,5773.958158,True,False,True,0.0016487499166244627,5.302946752784124,,False
9.908436,1,5775.638237,True,False,True,1.6039827463681255e-10,0.002562399028193508,,False
3.244975,1,5777.356031,True,False,True,3.662751230787409e-10,12.033292567543759,,True
9.590342,1,5778.534411,True,False,True,0.005398847313407799,0.5842889563401255,,True
9.907557,1,5780.161633,True,False,True,8.270259477249908e-13,0.002562665279664389,,False
8.24803,1,5781.637812,True,False,True,3.102147875613725e-11,2.999941899460814,,False
9.33421,1,5783.026196,True,False,True,0.00496675304202654,1.0470834651918708,,False
8.570932,2,5785.873127,True,False,True,0.0031045571910856135,2.272538629818501,,False
7.552259,1,5786.9415,True,False,True,0.000396730473934678,4.258757332405765,,False
9.744415,2,5789.919174,True,False,True,0.00046871287461031373,0.11986536421332644,,False
8.701532,1,5791.40527,True,False,True,0.005921887398056059,2.1902680342424894,,False
6.895188,3,5794.640119,True,False,True,0.005162660863014796,4.253729082580072,,False
1.418519,2,5797.237237,True,False,True,0.004979798220459258,12.976003738217514,,True
5.300515,2,5800.058897,True,False,True,0.0003068857313922868,7.917467410715305,,True
-3.959276,7,5808.092879,True,False,True,0.0036033531801121406,17.77427733351261,,True
6.985729,1,5809.558186,True,False,True,0.0021041572564742413,5.284486076688256,,False
7.408059,2,5812.715676,True,False,True,2.614825950424224e-06,4.373851580012589,,False
7.186487,2,5815.460753,True,False,True,0.004149712036384046,4.479476258178738,,False
6.50963,2,5818.180615,True,False,True,7.968552018739972e-11,6.000005989199365,,False
5.809693,1,5819.682226,True,False,True,1.9176152332711638e-10,7.40284715999847,,False
3.220059,1,5821.207145,True,False,True,0.0026662089611483985,12.080091114452177,,True
4.319916,1,5822.878624,True,False,True,0.009354083837833413,10.100972048425744,,False
6.588596,1,5824.522169,True,False,True,2.97929933965078e-10,5.999741449756996,,False
9.90662,1,5825.634123,True,False,True,1.9198488487911473e-10,0.002564348338720682,,False
9.907909,1,5826.765075,True,False,True,3.4014873391986245e-11,0.002562355645925845,,False
7.417458,1,5828.222203,True,False,True,1.1038146612019073e-10,4.500011018165768,,False
7.177786,7,5832.770736,True,False,True,0.004795430778455489,4.7663343848823505,,False
8.006211,1,5834.205848,True,False,True,0.0042418031400331445,3.444688492766374,,False
8.594369,2,5836.373515,True,False,True,0.0049715996051439395,2.081760329615728,,True
-0.095543,8,5845.389679,True,False,True,0.0057962262944191234,16.770770563413905,,False
5.05984,1,5846.71455,True,False,True,0.004216066672105709,8.762187173096217,,False
1.845454,2,5849.984422,True,False,True,0.0031159119922733475,14.45638550043322,,False
4.679192,2,5853.081879,True,False,True,2.24356181130286e-09,9.349554056195386,,False
-18.69053,60,5927.920471,False,False,True,0.005281281523640142,2.6561344406189646,,False
6.311145,2,5930.640056,True,False,True,0.0022932948553600636,6.3636526379884595,,False
9.784941,1,5932.098634,True,False,True,1.3874200399666137e-11,0.2202669738386455,,False
8.824594,1,5933.752536,True,False,True,0.002780147747482045,1.9609330397798241,,True
5.309159,2,5935.9406,True,False,True,0.004786889414237338,8.295981501580313,,True
8.575456,2,5938.867385,True,False,True,0.002064065581430806,1.7723853495851665,,True
8.999307,1,5939.974906,True,False,True,0.0011219284465709065,1.6464676308101396,,False
9.908582,1,5941.452136,True,False,True,6.570215018019794e-11,0.0025623697274637287,,True
8.954484,1,5942.99791,True,False,True,0.00012646221641609493,1.7269765096505114,,False
7.963574,2,5944.656034,True,False,True,0.0049593379627102556,3.544054076083248,,False
1.942689,2,5947.28004,True,False,True,0.0003946847266340795,14.448107351680868,,False
8.84535,1,5948.785273,True,False,True,0.0001019206790004723,1.9194504688193124,,True
7.933685,1,5950.461471,True,False,True,0.0018249999910862173,3.572977435280074,,False
0.968212,8,5959.215315,True,False,True,0.00029754141334356176,13.749488835709244,,False
5.927744,1,5960.708319,True,False,True,0.004644305505101714,7.196893153409286,,False
2.849156,1,5962.36219,True,False,True,0.002838128394640524,12.749118307467917,,False
7.590155,3,5966.740533,True,False,True,0.0027315292063015972,3.5434280806595035,,False
3.419761,2,5969.645702,True,False,True,0.003719824134334147,11.549475798429546,,False
-33.547375,60,6023.562691,False,False,True,0.00989314088545324,8.312529117139087,,True
8.811353,2,6025.268521,True,False,True,2.7873495007608163e-11,1.294445330040018,,False
8.207444,1,6026.876156,True,False,True,6.615013741907208e-11,3.0763998312791765,,False
7.268645,1,6028.377236,True,False,True,0.0006469133925969773,4.76950989444135,,False
9.064696,1,6029.962724,True,False,True,0.0030014385078308095,1.5256418047644584,,False
6.632274,1,6031.729141,True,False,True,2.90710096273461e-09,5.917642814916538,,False
1.151155,6,6040.876898,True,False,True,0.004744222073454811,11.362307447793647,,True
7.878042,2,6043.581167,True,False,True,0.005744706718764148,3.654831092450624,,True
9.023827,1,6044.744274,True,False,True,0.0003404899305306658,1.5958665596524235,,False
9.804462,1,6045.771364,True,False,True,0.0008148153143332779,0.19053344463213515,,False
7.456057,2,6046.921093,True,False,True,1.0572353604555718e-10,3.00001709077023,,False
7.750597,1,6048.062851,True,False,True,0.0015451086132087781,3.90329840443631,,False
2.237471,2,6050.134254,True,False,True,0.0032910652628984297,12.552959917166632,,False
2.855778,1,6051.779178,True,False,True,0.0018780975140342054,12.736546680519352,,False
8.208288,1,6052.851396,True,False,True,0.00018384266105596347,3.0716841783397255,,False
8.187017,1,6054.060489,True,False,True,0.0046305900166004055,3.1186280954478853,,False
9.814292,2,6056.731733,True,False,True,1.1407380595684913e-10,0.002562360197542514,,False
8.318952,3,6057.853233,True,False,True,0.00027692884398237017,2.230994079307381,,False
4.909613,1,6058.960748,True,False,True,0.0021855987865938772,9.031945233154875,,False
9.840873,1,6060.061463,True,False,True,4.657682055850664e-10,0.124581609799742,,True
7.563883,1,6061.155473,True,False,True,0.000377958154548025,4.2385625524399035,,False
8.18957,2,6062.347482,True,False,True,0.006123641722803837,2.9709983656681067,,False
-40.570001,60,6126.654171,False,False,True,0.021202652702874386,17.769357787716334,,False
7.216878,8,6135.571503,True,False,True,0.0023066290280903713,4.3637159270096495,,False
0.30886,1,6137.20077,True,False,True,0.002095476005190407,17.32885793006926,,False
9.907915,1,6138.559375,True,False,True,4.2940598902532904e-10,0.002562345120281331,,True
9.908392,1,6140.331322,True,False,True,5.0755633015195954e-11,0.0025626560352852287,,False
8.685402,1,6142.14761,True,False,True,0.004889157480736511,2.2188910390210883,,False
1.004387,5,6149.480302,True,False,True,0.011992723283996837,4.721127770020087,,False
8.321605,1,6150.886166,True,False,True,6.72124323728802e-11,2.8695311901391887,,False
6.910799,1,6152.051971,True,False,True,4.369337100631274e-11,5.418027391167139,,False
7.54154,2,6154.3546,True,False,True,0.00034183885134223755,3.008683096525395,,False
9.818588,2,6155.436678,True,False,True,7.136352728530595e-11,0.0025625170811375353,,True
9.326572,1,6156.579167,True,False,True,0.00011850113078303026,1.0504864967880605,,True
8.309479,1,6158.216563,True,False,True,0.0058515558658631854,2.89865376998121,,False
6.209065,1,6159.325201,True,False,True,0.00546314193985982,6.689752292294873,,False
7.695292,1,6160.164782,True,False,True,0.005026057681279228,4.000966285520116,,True
8.287532,1,6161.560967,True,False,True,0.0003902974026433331,2.9312008485459753,,False
7.653583,3,6163.94348,True,False,True,0.011776222791040928,3.2094737668838107,,False
5.091205,1,6164.988082,True,False,True,0.00017533734285456138,8.702586088372312,,False
6.196519,1,6166.554374,True,False,True,1.3610524020778097e-10,6.707529067777785,,False
4.981649,3,6171.727856,True,False,True,0.005785227971741122,8.040171970724717,,False
9.716311,2,6174.621235,True,False,True,3.6214167532799824e-09,0.1882075546474191,,False
8.398538,2,6177.685193,True,False,True,4.776619377810931e-11,2.9999705874313833,,False
6.714428,2,6180.008984,True,False,True,0.004196823765848742,5.627441890036144,,False
7.146388,1,6181.671559,True,False,True,6.069476321519564e-09,4.9922808448994385,,False
8.246948,1,6182.782182,True,False,True,2.12333345350757e-11,2.999952589760135,,False
7.505473,1,6184.441511,True,False,True,0.008398741493038464,4.352839923381263,,False
8.405797,1,6186.277122,True,False,True,5.119553641347735e-10,2.7180966716567556,,True
7.710138,2,6189.085145,True,False,True,0.0001823062581103802,2.8608275064944153,,True
8.220999,1,6190.851421,True,False,True,0.00034025850375825594,3.0471664885427043,,False
2.426997,1,6192.531492,True,False,True,0.0033538084085884337,13.510726208313937,,False
6.218193,2,6194.202593,True,False,True,0.004545346227253157,6.580258929411691,,False
8.247939,3,6197.213454,True,False,True,0.005463517518061983,2.701233646652508,,False
9.908574,1,6199.112221,True,False,True,3.1721482766922104e-09,0.0025769127653606986,,False
8.248498,2,6201.954844,True,False,True,2.2821160262746776e-07,3.1942224311974496,,False
8.567136,1,6203.751916,True,False,True,0.00012955630759115428,2.4266119452922394,,False
8.286335,2,6207.598603,True,False,True,0.005984155112856539,1.4240998336203388,,False
5.662682,2,6209.862699,True,False,True,0.009021899848408975,7.66219398688402,,True
8.839093,3,6214.648073,True,False,True,0.00033069499992703644,1.112253060920443,,False
7.252928,1,6216.533937,True,False,True,0.010132860861269176,4.809926682311515,,False
6.916275,1,6218.327733,True,False,True,0.005155974864141696,5.409939253994069,,True
-31.917995,60,6245.321271,False,False,True,0.011841309818960111,13.536064646438216,,False
5.035928,1,6246.396204,True,False,True,0.0047238088681549216,8.806081808999346,,False
3.98667,2,6247.471518,True,False,True,1.1299464836023176e-11,9.718637401217178,,False
0.672403,5,6254.550026,True,False,True,0.01134758474824471,6.043645088179795,,False
7.58642,2,6257.50079,True,False,True,2.0959051085804178e-11,2.9227947563556107,,False
9.678851,1,6259.010831,True,False,True,0.0003005379565496219,0.4178491299687344,,False
6.95039,2,6261.373124,True,False,True,0.00417584414215829,5.054562277582335,,True
9.611062,3,6265.856711,True,False,True,9.947047242883644e-05,0.11453833668061336,,False
0.920637,5,6272.1239,True,False,True,0.0004662242484124372,15.054979814674306,,False
9.522939,2,6274.393891,True,False,True,0.00249329181013358,0.5406950964059837,,True
9.57973,2,6275.51183,True,False,True,0.002391442083798411,0.44270148559825107,,False
9.166976,3,6277.437547,True,False,True,0.002608771997157252,1.0945768640721087,,False
9.90554,1,6278.595074,True,False,True,1.7027195127400926e-10,0.0025629784310880663,,False
9.545052,1,6279.758602,True,False,True,9.163963881499645e-11,0.6591231787891111,,False
8.869551,1,6280.855405,True,False,True,1.8778434705387682e-05,1.8802930687638892,,False
5.444386,1,6282.019276,True,False,True,0.005636905980571819,8.069662644262992,,False
9.388987,1,6283.20015,True,False,True,2.159729062256588e-10,0.9373996668550704,,False
6.567932,1,6284.371883,True,False,True,1.2098055196529955e-11,6.037046566559522,,False
6.588107,1,6285.556329,True,False,True,3.1361026368129234e-10,5.999953977133461,,False
8.230536,1,6287.222026,True,False,True,0.00041891251399002363,3.0351923296236483,,True
8.056359,3,6289.569705,True,False,True,2.624879757995302e-10,3.032362126548868,,False
0.949091,9,6291.763052,True,False,True,0.00011226108285179509,11.662440888294723,,False
9.908251,1,6293.409692,True,False,True,8.455383564499168e-11,0.0025696945811390735,,False
8.003339,1,6294.77141,True,False,True,0.0032781799768691238,3.4486409873414416,,False
3.059862,4,6296.12084,True,False,True,0.005869338620408618,10.944182709207846,,False
9.089976,1,6297.493039,True,False,True,0.0047468490078539085,1.4869881972152437,,False
8.451488,2,6298.808255,True,False,True,0.005512408267258961,2.2866790649567794,,False
8.340836,1,6300.050558,True,False,True,5.145261025779655e-10,2.8345541880687875,,False
9.316659,2,6301.532774,True,False,True,0.005632670673496338,0.8131242224765367,,False
4.756649,1,6302.803094,True,False,True,0.004689105081327156,9.309892741650673,,False
9.361629,1,6303.92136,True,False,True,0.003358628072466509,0.9951360492205712,,False
-8.387282,11,6305.472281,True,False,True,0.008790389105668978,16.875393731453325,,True
8.279391,1,6307.369335,True,False,True,0.002286118887246746,2.9491576241324733,,False
1.060131,18,6336.798663,True,False,True,0.009697841603476049,9.418552738193167,,False
7.383656,3,6341.644242,True,False,True,1.2349403813869753e-10,4.237340483740925,,False
7.875403,3,6345.096585,True,False,True,0.002703094140522916,3.088385605173645,,False
9.378745,3,6347.92793,True,False,True,0.005157001653755367,0.8276601610368028,,False
8.583136,2,6350.655643,True,False,True,0.0014006650023857814,2.469750935617648,,False
9.908582,1,6352.716478,True,False,True,8.391475465885367e-10,0.0025623865114178966,,True
-0.27146,5,6357.227688,True,False,True,3.224298236351175e-05,14.812482613523862,,False
7.846874,5,6359.899791,True,False,True,0.0015640670690137003,6.85303734369044,,True
3.461154,2,6361.113532,True,False,True,0.001485150557930734,11.121181778914568,,False
9.908414,1,6362.717584,True,False,True,1.445160796587075e-10,0.0025669764949947617,,False
9.908577,1,6364.301888,True,False,True,4.27270078123712e-10,0.0025726738773677225,,False
8.969784,3,6366.850967,True,False,True,1.9228266140453032e-05,1.2188026001512067,,False
6.036447,2,6369.711867,True,False,True,4.13020530988694e-10,5.896325425518326,,False
6.543185,3,6373.782013,True,False,True,0.009578820823673492,4.500705027935461,,False
7.302596,6,6380.08652,True,False,True,1.8253852369053136e-06,5.550959538194574,,False
9.908575,1,6381.658769,True,False,True,2.7735246703464167e-09,0.002576288538705124,,False
9.787884,1,6382.776997,True,False,True,1.8386314147284624e-10,0.21581441640094728,,False
6.292341,1,6384.380866,True,False,True,6.355574400096486e-10,6.532106460138084,,True
2.935811,2,6386.699526,True,False,True,0.0017570802273686563,12.468230670337691,,False
6.238862,1,6388.297278,True,False,True,0.0046860895993885866,6.634762564454076,,False
8.736988,1,6389.396989,True,False,True,1.709697357202947e-09,2.1197745795648393,,False
6.711192,2,6391.885611,True,False,True,0.005778753351071475,4.9127892394375525,,True
8.406484,1,6392.996073,True,False,True,0.004535250202670949,2.7222034283461696,,False
9.285477,2,6394.02007,True,False,True,0.0024542447318592372,0.4511916792505612,,False
8.038063,1,6395.044473,True,False,True,0.0023857759844304926,3.3851114637544413,,False
5.371118,3,6398.508954,True,False,True,0.007497637927343967,7.770209123788595,,False
7.529877,2,6399.667039,True,False,True,2.8104820581830354e-09,2.994996105652495,,False
6.485991,1,6400.803535,True,False,True,3.9596884010871023e-10,6.184463531793164,,False
9.004253,1,6401.934497,True,False,True,2.8957697988052367e-05,1.6316212354058794,,False
9.90842,1,6403.362752,True,False,True,1.6182944812608888e-11,0.0025771809114797893,,False
1.054798,2,6406.402928,True,False,True,0.009738622549440332,15.874298778142707,,False
7.313488,1,6407.441509,True,False,True,0.0023277996820250633,4.693419144888683,,False
7.960995,5,6413.596259,True,False,True,9.816332469103628e-11,2.9386277023846636,,True
5.777829,1,6414.969403,True,False,True,0.000555111684682176,7.46378424313524,,False
9.05834,1,6416.3517,True,False,True,8.581913093912673e-05,1.5342986559248695,,False
8.243475,3,6420.596109,True,False,True,0.00951457562003519,2.1141455759436325,,False
6.586329,1,6422.272153,True,False,True,0.0018795100139776082,6.005711943516019,,False
9.884142,1,6423.879216,True,False,True,6.184560393154848e-05,0.042045414013002075,,False
6.808084,5,6431.807522,True,False,True,0.003924836937088932,3.4129507564887995,,False
9.245294,1,6433.328564,True,False,True,0.005075837962794972,1.207578997896691,,False
8.111705,1,6434.966644,True,False,True,0.0013272435152050946,3.2507227628951774,,False
8.966054,3,6439.919375,True,False,True,0.002520857697030283,1.1396685448380968,,False
7.596013,1,6442.098179,True,False,True,1.601684201935072e-10,4.18021064404596,,False
7.507001,2,6448.964484,True,False,True,0.0011890161740709525,3.798967028736326,,False
7.47527,1,6450.889935,True,False,True,0.0019817039146883117,4.400053219144764,,False
8.242779,1,6452.349051,True,False,True,2.5301567486349433e-05,3.010457444619575,,False
8.166869,2,6453.8703,True,False,True,4.632899367850314e-06,2.9972544216636843,,False
-34.534478,60,6533.594457,False,False,True,0.009949851713632064,25.67040531317594,,False
9.908324,1,6534.96436,True,False,True,3.416872345576411e-10,0.002562550220323689,,False
9.569058,1,6536.105896,True,False,True,0.0028894573215441258,0.6199697623847471,,False
5.355632,2,6538.679191,True,False,True,2.5513807432565915e-05,7.272211505376121,,False
7.24485,2,6541.507343,True,False,True,0.009861055896427776,4.689272950243541,,False
8.906641,1,6542.891866,True,False,True,0.0049372868293767885,1.8142521751531175,,False
7.561389,1,6544.283225,True,False,True,3.632500984035447e-12,4.242058660767638,,True
7.670127,1,6545.430661,True,False,True,0.004536178700382991,4.050970054281125,,False
2.120445,1,6546.572876,True,False,True,0.0003707033198000857,14.061661080645372,,False
6.561536,2,6547.690153,True,False,True,0.0005183623364027263,5.9081745235213505,,True
8.260474,3,6550.130032,True,False,True,0.0008009822836381136,2.2796762604841447,,True
9.906702,1,6551.369077,True,False,True,3.057067449092838e-11,0.0025624934709838217,,False
8.167756,1,6552.444184,True,False,True,0.005071295007361613,3.153519361581571,,False
7.528513,1,6553.437911,True,False,True,0.00234870814696566,4.305201153425386,,True
1.309773,10,6556.136049,True,False,True,0.0047501419326689545,13.940407984851753,,False
7.458693,1,6557.242627,True,False,True,0.006373157204322209,4.435385289909949,,False
6.494415,2,6558.444062,True,False,True,0.0020954700487584854,6.391470455306826,,False
7.356867,1,6559.656016,True,False,True,0.0018742168753660277,4.614025446797433,,False
7.321252,4,6563.122244,True,False,True,0.0025326309393451747,3.9537418273697975,,False
7.771031,2,6565.213278,True,False,True,0.004176338071247729,3.7254946891368323,,False
9.205167,1,6566.436462,True,False,True,0.004270217556346843,1.279334458324391,,False
5.800812,4,6567.625672,True,False,True,0.0004934997586517557,7.0051271123561785,,False
6.981009,3,6568.809903,True,False,True,0.009327317210114084,3.76293445172529,,False
8.905219,3,6569.887347,True,False,True,0.003573314383720094,0.7298947724811355,,False
8.274787,5,6574.231549,True,False,True,0.003598139355332222,1.8366995206069068,,False
9.308891,1,6575.419889,True,False,True,0.0006490289681154865,1.0838400769456857,,False
9.907569,1,6576.542381,True,False,True,2.099566062674363e-09,0.0025765493941606117,,False
5.63598,1,6577.531265,True,False,True,0.00023050476295894892,7.719497173704568,,False
7.390093,4,6582.034162,True,False,True,2.5712378082590193e-08,2.9515363818118248,,False
9.327344,1,6583.163549,True,False,True,0.004506293068349095,1.0589173648772328,,False
9.76663,2,6585.378369,True,False,True,5.38896982593684e-11,0.09648589327032202,,False
9.63359,1,6586.476659,True,False,True,0.002563300735383332,0.5031097342676013,,False
8.488176,2,6587.673081,True,False,True,0.0018292240305809032,2.420692062724457,,False
5.001944,1,6588.824935,True,False,True,0.005050545293465138,8.867649348297787,,False
9.787839,1,6589.965026,True,False,True,0.0014238857944757263,0.22281257658430215,,False
6.598966,1,6591.076459,True,False,True,6.419004318060076e-10,5.981019834723507,,False
9.153179,1,6592.136381,True,False,True,0.0017641871256333665,1.368298977976922,,False
9.254639,1,6593.215091,True,False,True,0.0025373720250806996,1.1874474331479965,,False
6.234143,1,6594.206871,True,False,True,0.0037984544463565196,6.643201721868382,,False
6.197107,2,6595.296156,True,False,True,6.714076810560772e-10,6.550557839871613,,True
7.840128,1,6596.465264,True,False,True,0.0017203857596715666,3.741813649648777,,False
1.909063,1,6597.552693,True,False,True,0.00021695457058439668,14.44274613047409,,False
7.576634,1,6598.731724,True,False,True,3.502156712277511e-11,4.215190376204518,,False
8.285505,1,6599.819567,True,False,True,0.00038531368543989405,2.93586139925925,,False
9.817984,2,6600.95642,True,False,True,4.314917034786703e-10,0.0025957316549267695,,False
9.9057,1,6602.112366,True,False,True,1.0853629330355087e-11,0.0025660753183868036,,False
6.362775,1,6603.292261,True,False,True,0.0002448340435699803,6.407255504583859,,True
6.543282,1,6604.535678,True,False,True,0.0008491587363832348,6.081793903106671,,False
9.908578,1,6605.69032,True,False,True,4.617738511626247e-09,0.0025695531708226156,,False
6.325595,1,6606.767781,True,False,True,0.004786047828217881,6.47904762906447,,False
7.63455,2,6607.897408,True,False,True,0.0026818160001575025,3.9591256743077663,,False
8.480997,3,6608.935634,True,False,True,0.002080937961796883,1.8661209665516403,,False
9.870216,1,6610.064571,True,False,True,7.35754018474366e-11,0.06824954788815771,,True
8.966464,2,6613.070009,True,False,True,0.0018028935088120887,1.5534674725181927,,False
6.298175,2,6615.357887,True,False,True,8.702432953227712e-06,6.642031871446917,,False
8.864089,2,6617.716053,True,False,True,0.004098587892489836,0.8371354678317486,,False
7.729544,4,6621.187451,True,False,True,0.004967723706630089,3.5642259024625647,,False
9.902599,1,6622.417427,True,False,True,3.465474682061864e-10,0.013377149151315819,,False
4.108085,1,6623.683527,True,False,True,3.4275589311238974e-11,10.476305432367997,,True
4.11815,1,6625.65356,True,False,True,0.002103528204470805,10.459765855659645,,False
5.309565,4,6633.977369,True,False,True,0.00016905974409534182,8.190455875320167,,False
9.349483,2,6636.64077,True,False,True,1.9524482149158424e-10,0.8517119020742069,,True
9.060404,1,6638.241224,True,False,True,0.0050614218566367025,1.5411514243460807,,False
10.587025,2,6641.147908,True,False,True,1.1093014236351895e-08,0.0025641391183328774,,True
4.74249,1,6643.60035,True,False,True,2.029090610811135e-11,9.331681835788226,,False
-0.482143,3,6646.371643,True,False,True,0.009173380365628902,17.668219951475194,,False
8.072622,5,6651.815647,True,False,True,0.004179553370097296,2.261221718839246,,True
4.067371,1,6652.83809,True,False,True,8.828011238692923e-12,10.549757589203075,,False
6.813854,1,6653.915144,True,False,True,0.005295518409352063,5.59784327897329,,False
8.547948,1,6655.187971,True,False,True,5.9984596536850204e-06,2.461307129195888,,True
8.544974,1,6656.293061,True,False,True,0.0018510503683669376,2.468947431020508,,False
9.181893,1,6657.392057,True,False,True,0.005502606803029272,1.3223272946403966,,False
6.238291,3,6659.81804,True,False,True,1.9814655845730098e-05,5.428889536075763,,False
9.15352,3,6663.127205,True,False,True,2.7229059882559123e-06,1.0504800447699185,,False
-24.680036,60,6713.607852,False,False,True,0.0130570707095523,16.086919792720842,,True
8.246669,1,6714.799907,True,False,True,2.6782856488161144e-10,2.9999810287957978,,False
8.568428,1,6715.918202,True,False,True,2.652240640455857e-10,2.4236310917512176,,False
7.933623,2,6717.101398,True,False,True,0.006083438939667646,2.986538584444369,,False
8.952272,3,6718.312135,True,False,True,0.0008954108639687092,2.831955948144004,,False
6.42191,3,6719.392284,True,False,True,6.712874066740447e-11,4.237302592675088,,False
5.828267,1,6720.372732,True,False,True,8.278605904703598e-06,7.372238519427988,,False
-38.180434,60,6770.112614,False,False,True,0.015180155292395303,4.561767528686396,,False
8.029324,1,6771.514132,True,False,True,0.0030831325403772726,3.4016323721081787,,False
9.566293,1,6772.798579,True,False,True,0.003181108686838131,0.6255246607090622,,False
9.449141,1,6774.084501,True,False,True,0.004128165506609695,0.8384082633926072,,False
9.628513,2,6776.567353,True,False,True,0.000463271848214427,0.2699675345573586,,False
9.496664,3,6780.372609,True,False,True,5.391447027757248e-07,0.6819731735069068,,False
5.989696,1,6781.716032,True,False,True,0.00011990200622000744,7.0809710546048,,False
4.608229,1,6784.291556,True,False,True,0.00023809017662621392,9.574132860980455,,False
8.989692,1,6785.543935,True,False,True,0.004016981309326124,1.6682588419727695,,False
7.992476,3,6788.951549,True,False,True,1.1159626001067124e-10,2.9446795565357244,,True
-4.318383,19,6801.760635,True,False,True,0.003398753689444244,13.56124948707241,,False
6.759154,2,6803.029689,True,False,True,0.004034170625388941,5.450338631305185,,False
9.816601,2,6804.244576,True,False,True,3.37106477265983e-10,0.00256567276822338,,False
8.227093,2,6806.504362,True,False,True,0.00033927666051155464,2.8685132407432583,,False
8.564055,1,6807.702826,True,False,True,0.003745217873366384,2.436726017768898,,False
9.375535,1,6808.938933,True,False,True,0.005261206643973727,0.9727942375813916,,False
8.238133,1,6810.071095,True,False,True,0.00010415030806838968,3.0185191892756356,,False
6.660614,1,6811.398605,True,False,True,0.00540532054438142,5.874981320288304,,False
5.950317,2,6813.859856,True,False,True,0.0007221806229382559,7.350416298876736,,False
7.04063,3,6816.35589,True,False,True,4.01449636840516e-05,5.499714036709909,,False
6.588124,1,6817.599685,True,False,True,2.2408395802456737e-11,5.999905683797189,,False
0.145534,5,6823.159148,True,False,True,0.002590046662725179,10.6621986797919,,False
8.165478,1,6824.409384,True,False,True,0.0008999269941995918,3.1529940860619314,,False
9.853088,1,6825.625541,True,False,True,0.00015679844221813677,0.09687460345509,,False
8.246195,1,6826.805112,True,False,True,1.6157463422761253e-09,2.9998319673875464,,False
7.812004,2,6828.137143,True,False,True,1.937115338563819e-05,3.6419337274720274,,False
8.249741,1,6829.229503,True,False,True,6.002281623118666e-10,2.9999967560296223,,False
9.052552,1,6830.31455,True,False,True,0.001658124531921046,1.551272866520151,,False
3.245463,6,6831.709509,True,False,True,0.0061233523045218724,10.378328119497974,,False
8.019933,2,6834.0458,True,False,True,0.00620584307685218,3.0560173909096586,,True
5.722385,2,6835.257418,True,False,True,0.005573865163926108,7.244793538926373,,False
5.744518,2,6836.416185,True,False,True,0.0004211672997927098,7.431727795152713,,False
8.251447,4,6838.900525,True,False,True,0.0029453977935864225,2.3832935359173164,,False
9.905194,1,6840.308125,True,False,True,4.94648123777628e-11,0.0025682247820906566,,False
5.417557,1,6841.684179,True,False,True,0.004421073415811488,8.117297334008857,,False
-15.942498,60,6885.303538,False,False,True,0.004408270955345242,9.91915651351938,,False
8.25513,2,6887.57679,True,False,True,0.0010887280901677894,2.7857618796717762,,False
2.771721,3,6888.742134,True,False,True,0.001483273181683696,12.492163673778554,,False
6.079209,3,6892.197608,True,False,True,0.011119101908063226,6.115356063951186,,False
9.861552,1,6893.286341,True,False,True,0.00020084522199096452,0.08786013256092408,,False
1.617946,1,6894.476796,True,False,True,0.004790020806385855,14.970313347924444,,True
4.828146,3,6895.748147,True,False,True,0.004266872269516258,9.01082990474302,,False
9.908196,1,6896.86419,True,False,True,1.0653229687296317e-10,0.002563928317212955,,False
2.967805,2,6899.501365,True,False,True,0.0020170277598096815,12.41076650543396,,False
5.247769,2,6901.944315,True,False,True,0.004787250883012679,7.48587930955888,,False
8.791827,1,6903.209311,True,False,True,0.0043395090023206,2.026037176831606,,False
-14.768636,60,6955.305281,False,False,True,0.005038974560217159,49.863584666446776,,False
8.367986,1,6956.575957,True,False,True,0.010081748865945386,2.7923774634795295,,False
7.461188,3,6959.098919,True,False,True,0.005394106477254024,3.7230878466433777,,False
9.121466,1,6960.474612,True,False,True,0.0026324169849245987,1.4226885424443079,,False
8.886564,3,6962.874106,True,False,True,0.0029151273835822528,0.8065006028993145,,False
8.659881,2,6965.191458,True,False,True,4.996632513561228e-10,1.4997388247107668,,False
7.846068,1,6966.357128,True,False,True,0.006114238302774302,3.731432351746086,,False
9.774575,1,6967.558994,True,False,True,0.0009588882151223346,0.24613745559129052,,False
2.386275,3,6970.996695,True,False,True,0.00030556954181882017,11.797024141968276,,True
-29.35692,60,7016.715918,False,False,True,0.00585555200031883,45.53311241574197,,True
2.64353,1,7018.062774,True,False,True,0.005183491537271728,13.121393002578282,,True
9.165657,1,7019.346592,True,False,True,0.005752730388107483,1.3491620699013196,,False
8.796149,1,7020.54801,True,False,True,0.006868785657835673,2.0209243549274016,,False
7.512304,2,7022.849163,True,False,True,2.6340170387710582e-11,3.0000000688547104,,False
7.233093,2,7024.152724,True,False,True,3.2216410713910027e-10,4.237010378940718,,False
9.907424,1,7025.317693,True,False,True,7.828594855707749e-10,0.002574207539455244,,False
7.748982,1,7026.510079,True,False,True,0.005462508292586252,3.906319276328633,,True
4.740135,3,7027.691922,True,False,True,0.010509752435410786,8.469071840125302,,False
8.330041,1,7028.827735,True,False,True,0.00015636187837521354,2.851598658483013,,False
1.062309,1,7029.909074,True,False,True,0.00014900221521963256,15.969493142646002,,False
7.647531,1,7031.083243,True,False,True,0.0002535576644746874,4.087168588459282,,True
7.606061,1,7032.117659,True,False,True,4.2581997574058584e-10,4.161632862838643,,False
9.906043,1,7033.274739,True,False,True,3.951704241611509e-11,0.002562444543225785,,False
0.156809,3,7036.56839,True,False,True,3.9403484674762485e-06,17.1291461819529,,False
8.843115,2,7037.868018,True,False,True,0.0002352074277932048,1.91401378876098,,False
2.341302,1,7039.044966,True,False,True,0.0037061590181681533,13.665465418367422,,False
7.320068,1,7040.151838,True,False,True,1.7081436681776196e-09,4.6762504988968345,,False
4.466441,1,7041.298061,True,False,True,0.009689757711997513,9.836937870036387,,False
9.034754,2,7043.399485,True,False,True,0.005738374592482722,1.4385023139644255,,False
7.500191,2,7044.541449,True,False,True,9.481254323318034e-12,3.023066288039708,,False
2.979526,5,7046.84676,True,False,True,0.01195200599654273,10.379125458218315,,False
6.34526,1,7048.038206,True,False,True,0.0011569971228283847,6.440162415719866,,False
2.400503,4,7052.437171,True,False,True,0.004916481562233944,9.6697410938768,,False
8.981536,1,7053.687156,True,False,True,0.0061433012638095405,1.6854334429766566,,True
8.250224,1,7054.735277,True,False,True,1.3022979552385072e-09,2.999124138832646,,False
9.310373,1,7055.876228,True,False,True,1.0206479152406571e-05,1.0837411382289768,,True
4.295839,1,7057.112339,True,False,True,0.0015462341097799881,10.138523644702488,,False
8.37263,1,7058.260894,True,False,True,0.0006285515073091996,2.777579359091476,,False
7.895828,4,7059.438855,True,False,True,0.0005913305826244237,2.4948665797002247,,False
6.449069,6,7063.989989,True,False,True,6.447803005150445e-05,6.428308612906033,,False
9.715649,2,7065.09814,True,False,True,0.0004446554292044002,0.08994429566399978,,False
9.903336,1,7066.217851,True,False,True,8.925669483156318e-06,0.007142975103323451,,False
9.1417,1,7067.31349,True,False,True,0.0012079662782813212,1.390118669446996,,False
5.005153,4,7070.671549,True,False,True,0.00548144737227799,7.242662434505095,,False
8.251083,1,7071.397542,True,False,True,1.4958025579117195e-05,2.9975912817993673,,False
7.613674,1,7072.527046,True,False,True,0.00539368441471816,4.154126148856838,,False
7.382432,1,7073.905081,True,False,True,2.113327323934001e-06,4.5664223517327,,False
4.54577,2,7075.304938,True,False,True,0.002295452646008781,9.558744757315388,,False
8.749185,1,7077.057068,True,False,True,0.0031413868320981073,2.094930962248158,,False
6.835989,1,7078.714389,True,False,True,4.735759839835652e-10,5.552691398915096,,False
10.212789,3,7081.340823,True,False,True,1.5017087209694913e-09,0.20176779706610842,,False
6.945286,2,7084.163975,True,False,True,0.004831256820445245,5.22199995035606,,True
8.056113,1,7085.790663,True,False,True,0.0009601743517379281,3.3508766555730514,,False
6.613083,2,7088.438167,True,False,True,0.008491352405742784,5.939651711326514,,False
8.587082,4,7093.669173,True,False,True,0.002390051853935933,1.8247462787764788,,False
8.527935,4,7097.423769,True,False,True,0.009328658039411769,2.2949421393182967,,False
8.531019,2,7099.806216,True,False,True,0.0036602854573670614,2.1801607446028934,,True
6.869317,1,7101.253625,True,False,True,0.007062328171488219,5.499832266711232,,False
9.448692,1,7102.54578,True,False,True,0.00022070888417607945,0.828579062526223,,False
6.946434,1,7103.653226,True,False,True,0.0053276124985971755,5.358768010451803,,False
-32.402741,60,7165.658846,False,False,True,0.012335961692233947,14.9700975119138,,False
8.54988,1,7166.990631,True,False,True,0.0006950792753716573,2.454192604373897,,False
9.560492,1,7168.549156,True,False,True,0.002439589749311021,0.6334325860072133,,False
4.808971,1,7170.016841,True,False,True,0.0025915309313514247,9.21385491053217,,False
5.834709,1,7171.381958,True,False,True,0.0004264176883153163,7.361003499030879,,False
8.290458,1,7172.772124,True,False,True,0.005055599734622663,2.931522145093595,,False
7.634754,1,7174.116185,True,False,True,6.290243334781655e-10,4.109858803660184,,False
6.720118,2,7176.809567,True,False,True,0.0002636769443215063,5.620495574051699,,False
3.355346,1,7178.240263,True,False,True,0.0017259104065968527,11.833809724585574,,False
7.835829,1,7179.45419,True,False,True,2.10302798675149e-09,3.7471363162004048,,False
9.908457,1,7180.691605,True,False,True,1.1555274533908095e-10,0.0025692364231900983,,False
8.158198,1,7181.940606,True,False,True,0.007555994938205482,3.1731616965782794,,False
7.936418,1,7183.244305,True,False,True,0.0037731924389981107,3.5691593784295264,,False
7.415243,1,7184.597588,True,False,True,0.008118600675986439,4.515495103747013,,False
7.08646,1,7186.023835,True,False,True,0.00459316331725277,5.105570761813376,,False
9.284261,1,7187.4154,True,False,True,0.0003302399090392705,1.124936101305337,,False
4.928222,1,7188.883823,True,False,True,0.01073944203154378,9.004257112713875,,False
5.631437,1,7190.073086,True,False,True,0.005123882087743703,7.731712835076062,,False
2.9565,1,7191.820719,True,False,True,0.0006386956671134422,12.55320951615037,,False
7.864573,2,7194.903117,True,False,True,0.002584708549380227,3.1772662420997024,,False
7.902441,2,7197.646758,True,False,True,8.914378089863728e-11,3.353881415840356,,False
8.127271,2,7200.487194,True,False,True,0.0053761991881663635,3.082825372488626,,True
9.908576,1,7202.267419,True,False,True,7.297964567257722e-10,0.002573360448962107,,False
9.602028,1,7203.98785,True,False,True,3.4863414626522347e-06,0.5566486286350834,,False
9.667779,1,7205.401403,True,False,True,0.002304386768355346,0.4409821788491051,,False
9.017425,1,7206.771264,True,False,True,0.0025071497133132164,1.6160998251189909,,False
0.208042,11,7215.167357,True,False,True,0.0027777284094633757,15.221420774163532,,False
9.231212,1,7216.908871,True,False,True,0.002954831431991531,1.2302167306477876,,False
8.247668,1,7218.311996,True,False,True,3.603572301669189e-12,2.9999788506503045,,True
1.659819,1,7220.064962,True,False,True,0.0007412995528580726,14.892497627768062,,False
9.908582,1,7221.986511,True,False,True,6.87791679512828e-10,0.0025625827901791932,,False
5.272675,1,7224.083071,True,False,True,0.0023649564011370117,8.377002984612991,,False
8.235979,5,7229.841748,True,False,True,0.0015339957285772782,2.4573697071439153,,False
8.422202,3,7240.161804,True,False,True,7.531512448231276e-07,2.809027478801896,,False
7.587436,2,7245.4104,True,False,True,0.005084307408346228,3.9729753425244256,,True
9.089535,1,7247.558194,True,False,True,0.0061302854200984535,1.4854370081221084,,False
7.03637,1,7249.507018,True,False,True,0.006230448602591772,5.197555675933886,,False
8.494489,1,7251.904381,True,False,True,0.0024958426675895733,2.5609062061159236,,False
9.145258,2,7257.190797,True,False,True,1.2375980680263147e-10,0.8853630108075995,,False
9.457867,2,7260.482195,True,False,True,0.00457344966916748,2.435671368500064,,False
5.139891,3,7267.910988,True,False,True,0.00010300882448406427,8.551639603825159,,False
8.725114,1,7270.736327,True,False,True,0.0009155757217225608,2.141768641478372,,True
7.579474,4,7275.265821,True,False,True,7.281340381139254e-12,4.382653077989808,,False
9.887644,1,7277.016088,True,False,True,0.000190921521874169,0.040084542096732026,,False
2.059701,2,7279.662103,True,False,True,0.005322458419385312,12.929495932364691,,False
8.719802,1,7282.292429,True,False,True,5.199502744292873e-05,2.147832806067322,,False
6.207506,1,7284.927084,True,False,True,1.7807122065396715e-09,6.687696268477926,,False
8.300394,1,7286.596979,True,False,True,0.0008735378937309839,2.9095548474243844,,False
6.645118,1,7288.298572,True,False,True,1.7934985488258538e-06,5.897701486308297,,False
9.22579,1,7290.054307,True,False,True,0.007638689937947723,1.2454394256644574,,False
7.336619,1,7295.98156,True,False,True,0.0005857244619294667,4.649791380827964,,False
6.761306,3,7302.244067,True,False,True,0.004196490654678868,3.5471390900456985,,False
9.908563,1,7305.771185,True,False,True,7.090641992828217e-10,0.0025970473773158755,,False
9.731543,1,7309.616461,True,False,True,2.0107437144092626e-11,0.31716349212787354,,True
6.352985,2,7314.262348,True,False,True,3.4617091485000806e-10,6.247944799970161,,False
2.001122,1,7316.472417,True,False,True,0.0006859128418955449,14.277031980821475,,False
5.411693,2,7320.220748,True,False,True,0.0002180209778818356,7.9888737113673995,,False
9.30728,1,7322.710528,True,False,True,0.004193588868543666,1.0946159161098676,,False
6.931289,1,7324.580713,True,False,True,0.003993802715312827,5.38464580356032,,False
-17.608142,60,7422.676179,False,False,True,0.030299746446456815,12.898167737862023,,False
6.331941,3,7427.061894,True,False,True,0.0006513229736771317,6.088846493846164,,False
8.338363,1,7428.926578,True,False,True,6.555923880866163e-12,2.8391531161557353,,False
7.322507,1,7430.498905,True,False,True,0.00916995383557246,4.683848579335382,,False
7.251534,5,7431.962969,True,False,True,0.003673469543838053,4.246151372758508,,False
8.542815,3,7433.493231,True,False,True,0.002646252849790698,2.158441173689289,,False
6.899936,1,7435.200358,True,False,True,0.0011582508527316904,5.4378855572931135,,False
6.183944,1,7436.759515,True,False,True,0.0003540586040965748,6.725138200925058,,False
8.075101,2,7437.959868,True,False,True,0.0015908028687998087,3.1688116742547803,,False
8.581945,2,7440.43494,True,False,True,0.00945602099906066,2.0487813264701873,,False
7.426371,3,7445.3232,True,False,True,8.369399876573085e-05,4.258632696152171,,False
5.598045,2,7448.527015,True,False,True,0.00014547086898003677,7.289698707351974,,False
8.229976,1,7449.730425,True,False,True,0.0005939987491703815,3.03498815698302,,False
9.536827,1,7451.410138,True,False,True,0.002590517324096516,0.6776736724891096,,False
-1.456857,17,7456.295673,True,False,True,0.006308073613358495,5.03549771396057,,False
9.01239,1,7458.113871,True,False,True,0.006191292578539315,1.6296763104666583,,True
3.047444,2,7460.6925,True,False,True,0.005153967547324089,12.076872019680186,,False
8.246392,1,7462.673674,True,False,True,3.2603271471476347e-10,3.0000131973527973,,False
8.571774,1,7464.681134,True,False,True,0.0013346302786889648,2.4198477120700175,,False
3.994765,1,7466.627795,True,False,True,0.002107510677457243,10.682343956631385,,False
4.979646,1,7468.307198,True,False,True,2.580154658535401e-06,8.903748698022886,,False
2.787982,5,7475.278726,True,False,True,0.004726225197548431,11.143977783956977,,False
4.809915,4,7483.092761,True,False,True,0.004784446310513781,8.70901019629909,,True
9.374376,1,7484.896521,True,False,True,3.4704060306730887e-10,0.9674569055884796,,True
8.667796,4,7491.179388,True,False,True,0.004089816417506921,0.8753223162029177,,False
6.405822,2,7493.753062,True,False,True,0.004662483314607362,5.708235720847644,,False
7.143665,2,7497.304164,True,False,True,1.7348263373249354e-06,5.413687944241912,,False
9.706206,2,7500.616252,True,False,True,0.0018658534487545498,0.3398318667545179,,False
3.331491,1,7502.157595,True,False,True,0.004487453851682124,11.880341405939776,,True
8.431134,2,7505.861719,True,False,True,0.009360653929327879,2.494846962940791,,False
-5.756479,14,7532.088298,True,False,True,0.011923744489343177,11.687683333807195,,True
9.151517,1,7534.159047,True,False,True,0.005686282924143464,1.3744897723781933,,True
9.678093,3,7540.916466,True,False,True,0.00012793986070578888,0.05779727238742739,,False
5.459696,1,7542.704609,True,False,True,0.004892869325435334,8.040921863996994,,False
6.876427,2,7544.561749,True,False,True,0.008895507781163783,5.354160294757237,,False
6.61322,1,7545.96207,True,False,True,1.7679814556803564e-10,5.951584001982417,,False
8.597903,2,7547.311829,True,False,True,0.006749578732193659,2.2315363388916776,,False
7.169371,1,7548.573559,True,False,True,0.009517331501535707,4.960531657497627,,False
2.289313,1,7549.884623,True,False,True,0.004984161634000211,13.759970160496888,,False
4.671908,1,7551.247409,True,False,True,0.005292228221733183,9.462442784213103,,False
8.470826,1,7552.656799,True,False,True,1.7329262816424829e-06,2.600625297962972,,False
1.212679,3,7558.359388,True,False,True,0.0010362462571153284,15.460569219107645,,False
8.79388,1,7560.424892,True,False,True,0.002228430910955163,2.0197879996885466,,False
9.870135,1,7562.550569,True,False,True,0.00015086594531035376,0.06549317228815442,,False
7.543504,2,7564.40773,True,False,True,0.004692032087224244,4.138643916441841,,False
3.140726,2,7568.826066,True,False,True,0.009774425800125774,11.987468849049499,,False
7.250415,2,7572.58621,True,False,True,1.2284756545355435e-11,4.236884598305285,,False
6.265538,6,7582.143434,True,False,True,0.0024193938171990386,7.2322651891437655,,False
7.531983,4,7589.948043,True,False,True,0.00481302551437632,4.113837363744493,,False
-5.607654,25,7617.291529,True,False,True,0.009050531308259228,7.801977163180791,,False
6.665081,16,7642.173596,True,False,True,0.00941277089179838,4.969818373716646,,False
6.582423,3,7647.16641,True,False,True,0.004366836179358343,4.47720093379465,,False
7.511823,2,7648.835522,True,False,True,1.1714350021698274e-11,3.0000154359024402,,False
4.146945,1,7650.676458,True,False,True,0.006019172808644346,10.41066417222625,,False
-22.945671,49,7733.436134,True,False,True,0.00953968422758815,2.9634295303771996,,False
1.83762,4,7740.701866,True,False,True,0.004702799911853714,13.21457235265648,,True
9.760744,3,7744.821007,True,False,True,0.0008110287018702314,0.1702195187893436,,False
8.166535,1,7746.535537,True,False,True,0.008896578369729551,3.1596703581383117,,False
8.347141,3,7751.738043,True,False,True,0.0007231490426205245,2.7182020686057182,,False
7.274953,1,7753.421147,True,False,True,0.011869345435558327,4.768820572579407,,False
7.31975,2,7756.44957,True,False,True,1.0218075474887038e-11,2.9973752898179544,,False
3.855222,1,7758.087313,True,False,True,0.0019449545789682783,10.933941291361116,,False
9.040873,2,7759.550407,True,False,True,0.0032244768276053597,1.418541831182246,,False
9.908575,1,7760.952087,True,False,True,2.683259014285566e-10,0.002576072365148185,,False
6.992062,3,7765.654692,True,False,True,0.0020082508631872505,4.637250450074157,,False
8.633115,2,7768.641526,True,False,True,0.010721935810615696,2.162550538253767,,False
4.646355,1,7770.384327,True,False,True,4.0802356226054236e-05,9.50517819907981,,False
3.073482,3,7773.415808,True,False,True,0.000388379608466011,12.100469331190073,,True
9.908428,1,7775.056286,True,False,True,3.314784141617011e-10,0.00259471194311242,,True
9.905623,1,7776.49603,True,False,True,5.577857759009319e-10,0.002562472136320476,,False
4.913117,1,7778.060373,True,False,True,0.004815162077942416,9.02771644645397,,False
9.598443,2,7780.74205,True,False,True,7.065930132665876e-11,0.26688077353083267,,False
6.837857,1,7782.524777,True,False,True,0.0040918858999515525,5.553832566589788,,False
5.288426,4,7787.24636,True,False,True,0.0031046693590994767,6.997510778152934,,False
8.502288,2,7790.608864,True,False,True,0.00786300608830451,1.5479761517353376,,False
7.437707,2,7793.925944,True,False,True,0.001196050009423756,4.201455457632486,,False
7.593338,2,7796.634871,True,False,True,0.002752588544530629,3.5406019987771304,,False
8.749045,3,7799.610207,True,False,True,0.005016474702046569,2.9005278741687905,,True
7.843029,1,7801.316801,True,False,True,0.00013610328274367423,3.73235085659141,,False
9.900555,1,7802.628409,True,False,True,2.616226659112042e-06,0.017076615000365374,,False
6.99851,1,7804.003917,True,False,True,0.0005600666105618768,5.257979496167529,,False
-7.937037,50,7847.505165,True,False,True,0.004778386118181442,13.38333213170379,,False
8.800297,1,7849.257443,True,False,True,0.009496707337875703,2.016511007499413,,False
7.840559,1,7851.103032,True,False,True,0.0041662570301907054,3.7437142581655123,,False
-0.597546,11,7863.979879,True,False,True,0.00010313672431637357,14.019184649615672,,False
7.405232,2,7866.620957,True,False,True,7.442720918737766e-12,2.9998144110121676,,False
2.079971,1,7868.360576,True,False,True,0.0014013261878300107,14.135290111859623,,False
4.293674,2,7871.770238,True,False,True,3.0761806849388905e-09,9.309865773573357,,False
8.236658,1,7873.366717,True,False,True,0.0001106770447338451,3.0237627329527013,,True
3.247739,2,7876.922147,True,False,True,0.001967791732861242,11.655518865299726,,False
9.885183,1,7878.705953,True,False,True,0.00021038701265750637,0.044826473410512796,,False
4.811184,2,7882.073892,True,False,True,3.2988253884724296e-05,9.406031802750062,,True
7.637304,1,7883.779892,True,False,True,0.006202798222744569,4.11217835715548,,False
9.88064,1,7885.610342,True,False,True,2.9965011436176078e-05,0.05311284057324701,,False
-2.072201,7,7893.927179,True,False,True,0.0004515076808926208,15.921647790308352,,False
8.453036,1,7895.709721,True,False,True,8.724377620802914e-05,2.6325153016632727,,False
5.934051,1,7897.054434,True,False,True,0.000884110374655608,7.181548173866618,,False
9.815977,2,7898.352021,True,False,True,8.989201295771616e-10,0.002575418782528413,,False
9.899131,1,7899.767642,True,False,True,5.390653680366515e-05,0.01963639000943647,,False
8.368978,1,7901.542185,True,False,True,0.0045525194543752905,2.7896447744660895,,False
-1.145668,6,7902.90517,True,False,True,0.0017441276927558404,17.810691271662222,,False
9.908343,1,7904.335789,True,False,True,8.643335878516798e-10,0.0025627796227663704,,False
-39.712062,60,7962.437996,False,False,True,0.024141545240164555,10.335191786510155,,False
3.585927,1,7963.848977,True,False,True,0.0026226461538690574,11.42017493282389,,False
6.839523,1,7965.140948,True,False,True,0.004675469823281063,5.551163789535131,,False
8.351207,4,7966.673964,True,False,True,0.0001843754491603076,2.304548084694644,,False
9.423711,1,7968.231239,True,False,True,0.0001211149278246837,0.8787487089473761,,True
8.249733,1,7969.497231,True,False,True,2.5854647901779604e-09,3.0000120648218402,,False
9.01825,3,7970.896124,True,False,True,0.0013182508445120813,1.3021192623572853,,False
8.84314,1,7972.261366,True,False,True,0.00566065796675879,1.9316105243218862,,True
6.604872,1,7973.581285,True,False,True,1.504199993729305e-10,5.9703571911672775,,False
6.21069,1,7974.899515,True,False,True,6.920166739990408e-11,6.681948880946906,,False
8.033529,2,7976.409535,True,False,True,0.005522060265473817,2.2370442902321876,,False
9.188017,3,7979.591083,True,False,True,0.006155361491650605,0.5426291535731389,,True
9.853545,2,7981.099774,True,False,True,1.7247919072327966e-10,0.0025626991280296462,,False
8.583145,1,7982.441441,True,False,True,0.0059930668836013536,2.4027110384628934,,False
9.080733,1,7983.639601,True,False,True,7.756441005314483e-10,1.4986924736913396,,False
8.368116,1,7984.800782,True,False,True,0.0014729258427483918,2.787948624086142,,False
7.770936,3,7986.157668,True,False,True,0.002952309837348401,2.7831295474592626,,False
6.238136,2,7987.524142,True,False,True,1.363885004934673e-09,6.612546844018461,,False
9.908582,1,7988.895301,True,False,True,6.297756136031119e-10,0.0025623951878256746,,False
6.496721,2,7990.177595,True,False,True,1.701606969720798e-06,5.638033149369271,,False
4.604216,1,7991.487787,True,False,True,0.004326460322689916,9.5846035324823,,False
8.951347,1,7992.843645,True,False,True,0.0030262872370022276,1.7357326945514668,,False
5.910804,3,7995.895108,True,False,True,0.0014219491375270484,5.923933851280142,,False
7.640227,1,7997.24646,True,False,True,2.1843277091841993e-11,4.100389389085118,,False
4.758829,15,8015.525676,True,False,True,0.008890067091879885,5.0999481582305295,,True
8.969866,1,8017.355287,True,False,True,0.005950236414052974,1.706125627237331,,False
7.292266,1,8019.031773,True,False,True,9.137894332805806e-11,4.729238696796386,,False
2.213108,8,8028.344847,True,False,True,0.009260472019452974,12.188778057147333,,True
8.126977,3,8030.122222,True,False,True,0.0029204621481777396,2.235428934813233,,False
8.469114,2,8031.467206,True,False,True,0.0044551853256193106,1.3413217053785966,,False
7.804079,2,8033.915481,True,False,True,0.004213710167302923,3.6653623067769314,,True
9.908331,1,8035.749095,True,False,True,1.7221805925782263e-10,0.0025664565038685063,,False
3.644295,1,8037.067938,True,False,True,7.553935269558676e-11,11.312564820103391,,False
7.173517,1,8038.796004,True,False,True,0.0007852050541919071,4.944509440337531,,False
9.790435,2,8041.964775,True,False,True,0.00019129676153497796,0.05421888007174451,,False
7.115742,2,8045.07613,True,False,True,0.005253192477384647,4.373611946143165,,False
8.608181,1,8046.725833,True,False,True,0.0024889334938204485,2.3555431562156426,,False
8.243028,2,8048.640078,True,False,True,0.005790305781163171,2.832944385589715,,True
9.32279,1,8050.414759,True,False,True,0.0012628160940644935,1.0539401164740227,,True
8.543854,1,8052.217695,True,False,True,0.00188034951677786,2.4710051969432865,,False
9.760589,1,8053.883625,True,False,True,1.0990893471480944e-10,0.26897447803115604,,True
8.924208,2,8055.729765,True,False,True,0.0022759142365640934,1.6312902512577154,,False
2.495137,1,8057.488171,True,False,True,0.0036881779318728948,13.387752552013566,,False
9.326065,1,8059.224003,True,False,True,0.005051632355823355,1.0612666006717058,,False
8.285413,1,8061.01719,True,False,True,2.915574726092274e-11,2.9343698139088117,,False
8.139203,1,8062.378233,True,False,True,0.004613042400491141,3.204947984464014,,False
9.063073,1,8064.269066,True,False,True,0.004623882389306139,1.5357538324254887,,False
9.908582,1,8066.089483,True,False,True,1.5873448389047695e-12,0.0025623830977412093,,True
9.38322,1,8067.861671,True,False,True,0.0038685062170139765,0.957173408167553,,False
-6.813947,13,8077.848019,True,False,True,0.0001729174664459967,17.338574330177092,,True
8.453723,1,8079.610999,True,False,True,0.005324662137635333,2.6312024958894797,,False
8.6838,2,8081.355534,True,False,True,3.082413059264841e-12,2.0605663450881138,,False
7.107184,1,8083.064811,True,False,True,6.243321470608774e-06,5.063446356990254,,False
8.240301,6,8091.29694,True,False,True,0.0009955868420295497,1.6126008277211974,,False
8.14609,3,8095.333197,True,False,True,0.00618686425239599,1.5757517453927348,,False
8.923786,1,8097.086956,True,False,True,0.00575118585023283,1.7893538975666676,,True
7.505527,5,8103.798038,True,False,True,0.010928028544805825,3.262640768205744,,False
9.364926,1,8106.344827,True,False,True,0.004407959442214213,0.9906992633579516,,False
4.254396,2,8111.123634,True,False,True,0.003944678653201685,10.088091030620316,,False
1.322522,3,8115.120949,True,False,True,0.0040894226495009865,14.70994015856111,,True
9.886366,2,8118.622002,True,False,True,1.4220549972029015e-10,0.0025755587387236156,,False
8.093195,1,8119.91725,True,False,True,0.001890053457880383,3.2849804097320208,,True
8.408924,1,8121.859258,True,False,True,1.3909206267592197e-10,2.7123761567359796,,True
-0.4413,2,8124.930623,True,False,True,6.460810866999907e-05,17.058452417202506,,False
7.928449,1,8126.687883,True,False,True,0.0012457230618989935,3.5817730521315245,,False
8.213659,1,8128.603719,True,False,True,0.00011271545589692088,3.063796391636227,,False
4.531808,1,8130.549466,True,False,True,0.0025110021182108214,9.713833857980298,,False
8.7678,1,8132.426973,True,False,True,0.00029848086910071045,2.0637908547878445,,False
8.743214,1,8134.33394,True,False,True,9.529005827284276e-08,2.1085261024778,,True
8.103534,2,8137.658743,True,False,True,0.004687758693290356,3.1764211353669682,,False
9.567749,4,8143.677215,True,False,True,0.00016833318673484254,0.1139175708588466,,False
8.084026,1,8145.745072,True,False,True,0.00018436167076541662,3.2980483777210923,,False
9.818295,2,8149.23025,True,False,True,3.8274799996074194e-11,0.0025624530772043338,,True
8.408363,2,8150.776539,True,False,True,0.004208015000650621,2.3091112668138085,,False
6.875311,1,8152.262447,True,False,True,0.005070938624039694,5.4871200104596465,,True
1.915599,1,8153.681499,True,False,True,3.477475672740947e-05,14.43084725225855,,False
8.261442,2,8155.127753,True,False,True,3.2649901109249305e-10,2.9020250571969752,,False
7.340194,2,8156.579588,True,False,True,0.0008470983590200976,4.498671957954973,,False
9.908459,1,8158.044529,True,False,True,2.2809595590394777e-10,0.002564270025207657,,False
3.357673,3,8159.684668,True,False,True,0.0006525484925577283,12.052783193392662,,False
9.905238,1,8161.13986,True,False,True,1.3044169418263926e-09,0.0025623929120494274,,False
7.475905,3,8162.523239,True,False,True,0.004781994498346807,4.661614880598008,,False
7.69132,5,8164.009908,True,False,True,0.007463962670821219,1.5194950085603443,,False
7.302483,2,8165.531999,True,False,True,0.002017149472326063,4.232022010190333,,False
9.001064,2,8167.034208,True,False,True,0.005688813487489077,1.4916931672988711,,False
-6.684163,27,8171.073403,True,False,True,0.009225846152505695,1.1294491570274638,,False
8.249799,1,8172.500136,True,False,True,1.4085535082059009e-09,2.9998919795543397,,False
2.584633,2,8176.152228,True,False,True,0.003085975806329528,13.151664268293306,,False
5.791386,5,8183.769973,True,False,True,0.009465548845085874,6.7285834987223305,,False
8.534769,2,8187.267762,True,False,True,0.008411918269021532,2.351273198607048,,False
9.733072,1,8188.998665,True,False,True,0.001620340231375808,0.32206085860782535,,False
8.056521,1,8190.79344,True,False,True,0.0023196446359052955,3.3517029228142454,,True
7.790773,1,8192.447366,True,False,True,0.00457195167689374,3.8340366423834453,,True
6.467648,3,8197.576072,True,False,True,0.004688912337064869,5.374579821540262,,False
8.573617,3,8202.520047,True,False,True,0.0026975907460246255,1.306089156575948,,False
0.50894,1,8204.102538,True,False,True,0.00041825399586543216,16.967301203635877,,False
8.519495,1,8205.938375,True,False,True,0.004195342945612156,2.517724691482319,,False
9.907721,1,8207.612545,True,False,True,2.0417071507380166e-09,0.0025740805361295885,,False
3.70847,4,8213.258268,True,False,True,0.006010354333686086,10.523797128987248,,False
3.230023,2,8215.548087,True,False,True,0.004711825079178396,12.135872633421615,,False
9.908079,1,8217.589031,True,False,True,7.223512004661452e-11,0.0025623863691814587,,False
8.774005,1,8219.758298,True,False,True,0.002115498447002584,2.052539180505853,,False
9.282579,2,8224.323261,True,False,True,0.009319313439486795,1.0017021254146872,,True
7.467379,1,8226.395098,True,False,True,0.0023613615089205942,4.415597290271867,,False
2.972221,3,8231.836078,True,False,True,2.8227429071592952e-05,11.897744989901973,,False
2.476365,1,8233.615645,True,False,True,0.0004838755962721271,13.419880249558087,,False
3.454143,4,8240.59614,True,False,True,0.000326051300497468,10.7600782205981,,False
9.908576,1,8242.696069,True,False,True,5.794703744621543e-10,0.0025743311386821847,,False
4.559907,2,8246.333654,True,False,True,3.513582463171572e-10,9.529450656312457,,False
6.358258,1,8248.122261,True,False,True,0.003894840675902669,6.419288193474336,,False
6.260406,2,8250.064039,True,False,True,0.005404493583705261,6.098318986848242,,False
2.333283,3,8255.626815,True,False,True,0.004932072700820956,12.64735529799379,,True
9.841311,1,8257.393263,True,False,True,0.0005632747218863119,0.12496240751438019,,False
9.64631,1,8259.159577,True,False,True,0.00019042451959041043,0.4728335584158874,,False
3.289312,5,8262.218381,True,False,True,0.004468321659537251,12.126853239859146,,False
5.183602,1,8263.482626,True,False,True,0.0024069750222675533,8.537760966818906,,True
1.477255,4,8264.951655,True,False,True,0.002781762235579829,14.789778878648217,,False
7.619427,1,8266.348928,True,False,True,0.004039728519168243,4.142124130639762,,False
9.535128,1,8267.950102,True,False,True,0.0008360345832713344,0.6781492842702981,,False
7.552619,19,8283.627554,True,False,True,0.009363806881437568,2.6969331136978005,,False
9.293907,1,8285.081435,True,False,True,0.0037528205434819127,1.1183806556640146,,False
4.819801,6,8294.990245,True,False,True,5.519788642369128e-06,8.468581710762697,,False
9.905433,1,8296.874264,True,False,True,5.195721904031721e-11,0.002562379826296783,,False
7.056576,1,8299.323612,True,False,True,7.984318647234415e-10,5.154281637247607,,False
5.099822,7,8303.193048,True,False,True,0.00014675546597292533,9.520970909759079,,True
8.296246,2,8304.915579,True,False,True,0.005527414745038789,2.3309784279530263,,False
5.191049,5,8313.592104,True,False,True,0.000699464592615006,6.997294389599048,,False
9.750422,1,8315.258558,True,False,True,0.0060092417590877426,0.2925598859339752,,False
7.419134,1,8317.150341,True,False,True,3.481222711714166e-10,4.499993130971467,,False
3.928708,1,8318.472522,True,False,True,0.009212400321597753,10.806389110075468,,False
1.178707,1,8320.075856,True,False,True,0.0013241077416547616,15.7602975038507,,False
9.908582,1,8321.676261,True,False,True,5.630729910111043e-11,0.0025627113588415854,,True
6.200064,1,8323.496459,True,False,True,3.81614993065939e-11,6.701129774505376,,False
9.819536,1,8325.288417,True,False,True,0.0008142435260694704,0.16398512222817083,,True
9.077179,1,8326.999697,True,False,True,0.0037323979201102494,1.5085798995598074,,False
-4.000245,4,8334.233642,True,False,True,0.0005979135258904077,17.99457248483799,,False
7.290559,1,8336.312509,True,False,True,0.0027213477263482175,4.734512321661988,,False
7.641895,1,8338.42117,True,False,True,3.1755342799755226e-10,4.097377112245241,,True
9.432978,2,8342.227453,True,False,True,0.000950917947584259,1.2085055968270566,,False
7.270529,2,8345.555046,True,False,True,0.004748172682320585,4.282668234399502,,False
8.625798,1,8347.469213,True,False,True,0.0063257606011923335,2.3253501550209186,,False
9.079359,1,8348.897886,True,False,True,1.7830084658720935e-08,1.500283604736367,,False
0.538882,4,8356.300585,True,False,True,0.0008864946280619558,16.147530881301773,,False
6.711924,1,8358.235669,True,False,True,0.0003581596092261724,5.7759730893083665,,False
5.20615,6,8366.844445,True,False,True,0.0028663083660916047,7.363228643757029,,False
7.68111,1,8368.611765,True,False,True,0.0011064435989550632,4.027647347725573,,False
2.020233,1,8370.486586,True,False,True,0.0002451235023610025,14.242295034483263,,False
9.908573,1,8372.658456,True,False,True,5.5335253500875606e-11,0.0025792865010490535,,False
8.248902,1,8374.45185,True,False,True,5.7403460108028364e-09,2.999998795467144,,False
-2.472072,22,8408.075241,True,False,True,0.004202490605829354,10.819207157983467,,False
8.981194,1,8409.941368,True,False,True,3.196376496816811e-11,1.6728684711797739,,False
6.095029,1,8411.294059,True,False,True,7.218370305403813e-05,6.890796858838217,,False
9.813343,1,8413.145857,True,False,True,1.3512918733825696e-10,0.16900410935592344,,False
6.502529,1,8414.915784,True,False,True,2.1803065151926315e-09,6.155118482959081,,False
2.047299,2,8418.013717,True,False,True,0.00060965180242286,14.205291675008572,,True
1.183122,2,8421.239175,True,False,True,0.004923480961061551,14.914947411983563,,False
9.908581,1,8422.972468,True,False,True,1.2505512715551602e-10,0.002564579712043801,,False
5.221538,1,8424.689624,True,False,True,8.937873862954662e-05,8.467315433672315,,False
7.874876,2,8426.096737,True,False,True,5.013921916541264e-10,3.338834984882423,,True
7.377944,4,8427.715729,True,False,True,0.006241962037404499,5.032822979785839,,False
6.210381,1,8429.424575,True,False,True,0.00014431207587024407,6.682648053833612,,False
9.816682,2,8432.793567,True,False,True,8.198731354381718e-10,0.002566499674809739,,False
6.870199,1,8434.549563,True,False,True,0.0001732656866665211,5.487853558574822,,False
2.242104,3,8437.623375,True,False,True,0.0008724311328594248,13.554733424749172,,True
6.27138,1,8439.238467,True,False,True,0.00105763464183315,6.573424568073943,,False
4.964541,1,8441.467129,True,False,True,9.546374380993254e-05,8.931084296792875,,False
6.607109,2,8445.546951,True,False,True,0.005214548333569782,5.0486972947321025,,False
8.214576,1,8447.926264,True,False,True,1.0984734386964652e-09,3.062179603448575,,False
9.762596,2,8450.147834,True,False,True,0.00043142352455578754,0.10470179835797458,,True
9.899357,1,8451.87928,True,False,True,9.381415533277372e-05,0.01937299129426444,,False
6.1539,1,8453.944045,True,False,True,0.00546677268430142,6.78913778987654,,True
4.855262,2,8457.518388,True,False,True,1.0510394806618854e-05,8.704110376451144,,False
9.906841,1,8459.093759,True,False,True,2.1678546345716867e-10,0.0025623583484492172,,True
6.417135,1,8460.741445,True,False,True,0.006846321849124789,6.315677371468392,,False
6.582662,1,8462.363991,True,False,True,2.1640968515590497e-05,6.00534633879488,,False
8.011411,1,8463.698221,True,False,True,0.0040676227929365505,3.4351093035182454,,False
9.822149,1,8465.569355,True,False,True,0.0032725951025178524,0.1590960445198248,,False
9.293414,1,8467.514843,True,False,True,0.0052236927175294155,1.120739495298212,,False
2.412863,1,8469.48718,True,False,True,0.004566347621531858,13.536949119049417,,True
9.813854,1,8471.067543,True,False,True,0.0003846089790795655,0.17011358538086133,,False
7.985022,1,8473.873379,True,False,True,8.17586956469718e-10,3.4779392094672668,,False
7.355043,1,8475.282342,True,False,True,0.0037935836839333536,4.619913016956633,,False
9.562411,1,8477.101646,True,False,True,0.0033556017954182275,0.6327663382880122,,True
8.032634,1,8479.005929,True,False,True,0.005241860001494472,3.3975958525849888,,False
5.670426,1,8480.737398,True,False,True,0.001396954908478838,7.657764817564127,,False
9.580281,2,8483.969126,True,False,True,5.33177952492022e-05,0.43524391993057976,,False
9.906018,1,8485.782052,True,False,True,7.034821423307358e-10,0.002563521022531886,,False
7.919813,2,8488.937954,True,False,True,0.0043446739709294,3.5719412044222048,,True
9.236766,1,8490.588648,True,False,True,0.005216509028125176,1.2227404745014157,,False
3.439915,1,8491.918164,True,False,True,0.00044455501529571534,11.681985911193184,,False
9.839645,1,8493.557029,True,False,True,0.0007357252182881111,0.12821819399748347,,False
9.16458,2,8496.883898,True,False,True,4.5245817162364865e-10,1.1089460777736093,,False
4.130775,9,8508.925866,True,False,True,6.016209202049745e-05,10.642306180377833,,False
6.588341,1,8510.796544,True,False,True,2.6371541896168813e-11,5.999964188565058,,False
6.269565,2,8512.540082,True,False,True,1.5575433304215736e-11,6.314904953876928,,False
9.904179,1,8513.835324,True,False,True,2.544619376321222e-11,0.002562947003903235,,False
10.566585,3,8517.661941,True,False,True,4.190020070024558e-05,0.03156258065247902,,True
9.72996,1,8519.434272,True,False,True,0.001033178065744689,0.3268738095533793,,False
6.055502,2,8522.259106,True,False,True,0.004683531976259611,6.371142208141609,,False
5.91136,1,8523.943011,True,False,True,0.0049289535293156805,7.2267047629203995,,False
8.34528,1,8525.652894,True,False,True,4.539595800105379e-10,2.8269310120652675,,False
1.390761,6,8534.578532,True,False,True,0.002722575509348445,11.155864169780948,,False
5.050612,2,8537.418758,True,False,True,0.005768775522795653,7.874601719929145,,False
7.853543,2,8540.298278,True,False,True,0.005943393381447178,2.88073996199111,,False
0.085732,3,8544.70611,True,False,True,0.00010517977918425656,17.437311040148955,,False
8.231393,1,8546.474587,True,False,True,0.005728839747151893,3.0374284817998265,,False
9.835806,1,8548.521473,True,False,True,0.0006734519167355642,0.13506765857934602,,False
-25.650072,60,8599.235157,False,False,True,0.02602470886523154,14.435024028124015,,False
8.039836,1,8600.380692,True,False,True,0.0010721287372910011,3.380404718153638,,True
8.275731,1,8601.600247,True,False,True,2.1059217258223393e-10,2.952697520160744,,False
7.629694,1,8602.927617,True,False,True,1.58228012218827e-10,4.119163463307246,,False
8.879785,1,8604.201305,True,False,True,0.002911471182664188,1.862432033120347,,False
1.208927,3,8607.097244,True,False,True,0.003774298827402739,12.58709530239294,,False
7.562123,1,8608.651366,True,False,True,6.72441782943293e-12,4.2405131700612735,,False
6.224701,1,8610.020462,True,False,True,0.004082111517974912,6.660498707966165,,False
2.779797,8,8613.528518,True,False,True,0.009512158088648526,13.189221047894925,,False
8.086087,3,8615.718769,True,False,True,0.005079323485141897,3.0652354280514884,,False
3.697243,5,8621.538972,True,False,True,0.00019445727951641466,10.702564103239382,,False
3.558825,7,8626.706432,True,False,True,0.006298276880638668,7.378076469567088,,False
8.401578,1,8628.554898,True,False,True,4.0419552403576746e-05,2.7257679026203276,,False
8.481908,1,8630.137479,True,False,True,0.002767201360603415,2.583949897230764,,False
-2.363936,8,8634.241334,True,False,True,0.004683904495689021,13.964978521114343,,False
9.047845,1,8635.950199,True,False,True,0.004843917936938558,1.563445021228477,,False
9.740635,1,8637.678262,True,False,True,2.264942909031795e-10,0.3029810433090318,,False
6.021775,1,8639.415895,True,False,True,0.005170855258734411,7.022416275013131,,True
8.74534,1,8641.169722,True,False,True,6.782510284541665e-10,2.1045619350842384,,False
8.121845,1,8643.392883,True,False,True,4.2632893743066447e-11,3.231017100281853,,True
7.405316,1,8644.684236,True,False,True,0.0014049285868121693,4.526634375464024,,False
9.110404,1,8646.548088,True,False,True,0.006047204862888182,1.4490438728832271,,False
8.041061,2,8650.106493,True,False,True,2.2306971578876615e-09,3.2267359082311513,,False
9.757752,2,8653.149245,True,False,True,7.568012390542984e-10,0.11220869008989014,,False
8.031452,4,8657.701364,True,False,True,0.005277364195032985,2.4914130410802073,,True
6.588375,1,8659.448034,True,False,True,7.624775389482359e-10,6.000044276273889,,False
9.28245,1,8660.692519,True,False,True,0.005423389648447163,1.1404527794100403,,False
7.940321,2,8663.555944,True,False,True,0.005843797814500215,3.590280535343001,,False
9.47261,1,8665.125569,True,False,True,0.004012851706693658,0.7958609809461442,,True
9.901315,1,8666.714317,True,False,True,4.3057588169285836e-05,0.015760727049254887,,False
5.733179,2,8668.417817,True,False,True,0.008531856563554789,7.177920126954039,,False
6.431975,1,8669.931952,True,False,True,0.000755785361022318,6.283240071955614,,True
7.769298,1,8671.627544,True,False,True,0.005976894087032577,3.872461031874673,,False
7.399241,1,8673.330701,True,False,True,0.00843436336912589,4.542382096640914,,False
8.299608,2,8676.233069,True,False,True,2.3376570266923324e-09,2.249544834781936,,False
9.908577,1,8677.96677,True,False,True,9.136593781653274e-10,0.0025717625094741608,,False
3.067208,1,8679.349156,True,False,True,0.0045412317352053625,12.356986844439431,,False
1.276235,6,8687.021295,True,False,True,0.001989257036097291,6.736514364425333,,True
9.340496,1,8688.212361,True,False,True,0.00020547348444961897,1.0290602153553368,,False
6.427306,1,8689.791247,True,False,True,0.0023854023348781096,6.293249818757986,,False
1.344954,4,8693.637903,True,False,True,0.0002951894166521073,15.103617485127288,,True
7.859461,1,8695.273584,True,False,True,0.006191304823056364,3.711711434444151,,False
9.155945,1,8696.485166,True,False,True,0.0057910590680831635,1.3694608269107829,,False
8.277993,2,8699.277045,True,False,True,1.9344383502449432e-05,3.032954501089466,,False
5.316676,1,8700.815343,True,False,True,0.0002891839696531618,8.29580439958238,,False
2.56983,1,8702.049488,True,False,True,7.905806859859199e-09,13.250999354430853,,False
8.134452,2,8704.46718,True,False,True,0.0012868353790083105,3.5716224886862946,,False
4.997988,1,8706.279923,True,False,True,0.0006734843898823361,8.871224854402133,,False
8.144503,2,8709.28962,True,False,True,2.5751231372943924e-05,3.030278117825784,,False
9.908376,1,8710.896658,True,False,True,9.753350863777917e-11,0.002573877346093987,,False
7.075407,1,8712.650295,True,False,True,0.0052415249750999565,5.121850087568276,,False
6.195114,2,8715.210588,True,False,True,7.086431001133986e-07,6.552795713062005,,True
7.242335,2,8716.852826,True,False,True,3.133476953081672e-05,3.7275006588564716,,False
7.342882,3,8718.192346,True,False,True,0.004479213109826519,3.5525412531189224,,False
5.216336,1,8719.407972,True,False,True,0.0058902620325830815,8.480747025461632,,False
7.303347,1,8720.532864,True,False,True,4.717937481870348e-06,4.709235491514572,,False
8.112799,2,8721.872801,True,False,True,7.439582165735081e-11,3.047215875111225,,False
6.661864,2,8723.058619,True,False,True,2.892571578591736e-10,5.245719455082457,,False
8.902745,3,8724.391351,True,False,True,0.003210911717634563,1.1552245993682309,,False
10.649577,2,8725.626237,True,False,True,0.004976182099585129,2.1225329323969175,,False
4.386592,2,8726.958365,True,False,True,0.0005565922982580171,10.298295229432997,,False
2.169902,2,8729.943079,True,False,True,0.0012670700825453476,13.779974283813758,,False
9.321691,2,8732.978746,True,False,True,0.004667238271824768,0.9295478137629374,,False
8.399612,2,8735.941656,True,False,True,4.2207394858428165e-11,3.0000122008991412,,True
9.908582,1,8737.636391,True,False,True,9.871989948916896e-10,0.0025629187048867063,,False
7.667054,1,8739.291681,True,False,True,0.005828955153821187,4.058111045879534,,True
4.531616,4,8741.247947,True,False,True,1.3141358002729392e-05,6.947541357262802,,False
9.281283,1,8742.401534,True,False,True,3.1562441280648043e-07,1.1362964843988745,,False
9.280528,2,8743.600716,True,False,True,0.0024688368030054007,0.4562572380596815,,False
9.908333,1,8744.85467,True,False,True,4.579359114131876e-11,0.002563673996638338,,False
8.511283,1,8746.083758,True,False,True,0.0029610194040093204,2.5311219513774366,,True
8.356606,1,8747.385636,True,False,True,0.0008572735084200994,2.8080001681355578,,False
3.668099,1,8748.553473,True,False,True,0.003966026309645729,11.272901747494506,,False
3.897669,7,8752.740684,True,False,True,0.00013510414734314684,8.066322242082435,,False
6.429779,2,8755.748221,True,False,True,0.00019732115775668302,6.4222947155575705,,False
7.175803,2,8759.239914,True,False,True,0.00041867099218892857,5.450820665472063,,False
5.96401,1,8760.956303,True,False,True,0.00840937170106592,7.134599819221941,,False
9.877673,1,8762.371911,True,False,True,0.00029372759804949,0.058342412258470894,,False
9.094453,1,8764.257517,True,False,True,4.749150686803811e-10,1.4736626779361996,,False
8.165376,1,8766.463211,True,False,True,0.0033213315501787496,3.155793366978137,,False
8.069036,1,8768.225693,True,False,True,0.0023619729521082993,3.329150320109241,,False
9.119185,1,8769.976385,True,False,True,0.005975137789019314,1.4333636465771447,,False
4.796254,1,8771.714889,True,False,True,0.003180767617816273,9.23726859453792,,True
9.906278,1,8772.864936,True,False,True,1.0741443395262475e-09,0.0025655625317575373,,False
7.540749,1,8774.73462,True,False,True,1.6066436375750115e-12,4.279215061165949,,False
6.541393,1,8776.350575,True,False,True,0.0007030077354985004,6.085665127567537,,False
2.200096,1,8777.956628,True,False,True,0.006265698261535491,13.921567252641635,,False
6.547112,1,8779.695213,True,False,True,2.453742077579424e-09,6.074516173179299,,False
3.9271,1,8781.377278,True,False,True,0.0003057106170412092,10.803048937512052,,False
1.776979,2,8784.381907,True,False,True,0.0008527343790145896,14.084578446211879,,False
4.856895,2,8787.74297,True,False,True,0.00938143508229011,8.489942659162194,,False
2.207616,5,8796.005435,True,False,True,0.00014806401642073743,14.517121462911945,,False
7.524747,2,8798.986233,True,False,True,0.0044605666135222165,3.885738675972576,,False
-14.161884,26,8831.964172,True,False,True,0.006020980577883781,1.2004254183304186,,True
9.727261,3,8835.118572,True,False,True,1.4288887759425837e-11,0.0025625249037308485,,False
3.364981,1,8836.679084,True,False,True,1.3618277460575312e-09,11.81683008918572,,False
9.90821,1,8838.281447,True,False,True,5.068741121272424e-10,0.00256563427123294,,False
8.935626,1,8840.207539,True,False,True,0.005888743736275598,1.7650779837498904,,True
9.333897,1,8841.851015,True,False,True,0.0056063705985478106,1.0483339161485157,,True
8.273672,1,8843.520068,True,False,True,0.0003808162056895248,2.9550246808997978,,False
6.202474,1,8845.171637,True,False,True,2.8028075632077854e-09,6.696779068714606,,False
8.344857,2,8848.011707,True,False,True,0.007628112596995857,3.738015299965409,,False
7.589406,1,8849.698154,True,False,True,0.0044045454548295535,4.197425477000912,,False
9.727289,3,8854.342266,True,False,True,5.5610793697627754e-11,0.002564522297023989,,False
9.283164,2,8857.214945,True,False,True,2.9019658732564745e-09,0.9737439270950315,,False
6.044441,2,8858.479954,True,False,True,0.006915790330105174,6.204595957244085,,False
9.413183,2,8861.230715,True,False,True,2.0062593253378225e-10,0.7379001632219988,,False
7.982793,1,8862.898606,True,False,True,0.0007217548346406671,3.482438947824622,,False
6.732532,1,8864.625764,True,False,True,0.00462525025022782,5.7444513267641515,,False
8.248455,1,8866.181566,True,False,True,1.3140960918783806e-05,2.996347454045712,,False
9.125241,3,8871.319906,True,False,True,0.004184703862072654,0.9388840533662898,,False
8.837687,2,8873.081744,True,False,True,2.108733729300205e-09,1.772817618578524,,False
6.852212,3,8876.433872,True,False,True,0.0025002352536050497,4.950995481122047,,True
7.045157,1,8877.964731,True,False,True,4.127013734629906e-11,5.175181199408781,,False
8.797696,1,8879.626912,True,False,True,0.005834333660461182,2.0161842574480486,,False
0.404383,3,8884.2633,True,False,True,0.009435623605466775,16.706774261276173,,True
6.88203,2,8887.515243,True,False,True,0.010883186481809137,5.363081671085092,,False
6.403246,1,8889.291639,True,False,True,0.00016187726497132894,6.333895867425991,,False
5.008246,1,8890.851946,True,False,True,0.00020962945810993304,8.852317761123414,,False
6.037058,3,8894.17706,True,False,True,0.0012205913595040446,8.267440627183158,,False
9.90615,1,8895.859038,True,False,True,5.124867726892524e-07,0.006960234699333174,,True
8.831453,1,8897.568288,True,False,True,0.005336987702722941,1.9511531873553718,,False
4.168874,1,8899.118937,True,False,True,0.0009409396531829452,10.367371411824747,,True
