r,l,t,success,freeze_attempted,d_m,alpha_deg,cum_timesteps,d_mm
8.867865,1,1.654474,True,True,0.000286372644501,1.8836850749719367,1,0.28637264450100003
1.016261,2,2.877168,True,True,0.0004894453787289,15.692779091406155,3,0.48944537872890004
4.593596,3,4.006535,True,True,0.0031169115997217,9.404840800619953,6,3.1169115997217
5.446756,6,5.085187,True,True,0.001082802144765,7.630656654203316,12,1.082802144765
7.76435,8,6.234492,True,True,0.0003064327959085,2.289108035602569,20,0.3064327959085
2.166222,5,7.425147,True,True,0.0047275302373571,13.621952523102204,25,4.7275302373571
4.620251,4,8.767402,True,True,0.009487853553049,7.775861949081336,29,9.487853553049
2.236947,15,9.927777,True,True,0.0014825260764962,12.266031743687307,44,1.4825260764962
0.286806,22,9.937747,True,True,0.0048307697726755,12.363286669097509,66,4.830769772675501
-2.48927,24,11.870502,True,True,0.0006914505249928,15.355732865583294,90,0.6914505249928
4.87652,35,13.358267,True,True,0.0047666145509704,3.30165239536592,125,4.7666145509704005
6.333145,15,14.338883,True,True,0.002392543261902,3.788596128982939,140,2.392543261902
-16.869587,60,15.55779,False,True,0.0209981103897025,68.93132057756371,200,20.9981103897025
2.620756,7,16.670226,True,True,0.0094443704646131,9.710125872233233,207,9.444370464613101
3.711509,3,17.615838,True,True,5.3929133728147776e-11,10.841645620234578,210,5.3929133728147776e-08
-0.190166,17,18.870699,True,True,0.0051491519954646,15.091208344036932,227,5.1491519954645995
2.182034,3,20.048477,True,True,7.468560561663117e-10,13.641696150723307,230,7.468560561663117e-07
-23.256798,60,21.146281,False,True,0.0114537352765334,56.76813818779213,290,11.4537352765334
8.052615,20,22.283831,True,True,0.0074219870873846,2.194664770375712,310,7.4219870873846
3.155367,3,23.438539,True,True,0.0046585475913339,11.00472047956318,313,4.6585475913339005
7.053882,15,24.717116,True,True,0.0048131630244888,3.6779293061608818,328,4.813163024488801
2.980164,3,25.888109,True,True,0.0001527906257966,12.262796137297151,331,0.15279062579660002
0.560307,24,27.700206,True,True,0.0067473616558092,11.752374603410331,355,6.7473616558091996
-19.47059,60,28.775286,False,True,0.0114515309116455,17.769422935400968,415,11.4515309116455
4.579235,3,30.673949,True,True,0.0024625775750159,9.329952759809892,418,2.4625775750159
4.952846,8,31.99389,True,True,0.0005601588269704,6.378315338134386,426,0.5601588269704
-7.834156,60,31.998896,False,True,0.0072663149653421,17.88768149035015,486,7.2663149653421
3.597913,19,33.225623,True,True,7.148115731915009e-05,5.140898895135858,505,0.07148115731915008
-13.098004,60,34.401916,False,True,0.0136765276446116,51.94625187798712,565,13.6765276446116
1.525969,14,35.47611,True,True,0.0046616333607477,9.826922986826393,579,4.6616333607477
-1.360102,10,36.619068,True,True,0.0042648035119464,15.90151131782424,589,4.2648035119464005
2.208877,4,37.755392,True,True,6.129463807321225e-06,14.946521803757904,593,0.006129463807321225
3.719334,13,38.961236,True,True,0.0103940261237246,6.571619729924611,606,10.3940261237246
0.66661,10,40.028109,True,True,0.0022772063738962,12.469647394836036,616,2.2772063738962
6.356628,5,41.08003,True,True,7.424967452297499e-05,5.60374937810851,621,0.07424967452297498
7.459788,3,42.230442,True,True,1.1648439862389956e-05,4.175664679614468,624,0.011648439862389956
2.113812,16,43.285768,True,True,0.002537524008963,9.505490946285056,640,2.537524008963
1.411663,32,43.302736,True,True,0.0080853323066946,10.277721406820818,672,8.0853323066946
5.739366,3,44.485775,True,True,0.00024275859868,7.392542496724602,675,0.24275859868
2.114208,9,45.741073,True,True,0.0051497669070498,10.489890179767215,684,5.1497669070498
3.187299,5,46.925347,True,True,0.004584466869788,8.412442142388333,689,4.584466869788
3.320509,2,47.981661,True,True,0.0039352678864144,11.178662653119732,691,3.9352678864144
4.891016,20,49.12592,True,True,0.0043943349042991,5.315258910261543,711,4.394334904299099
2.285824,2,50.211908,True,True,2.8066794027781224e-09,13.640395942376966,713,2.8066794027781224e-06
-0.109642,14,51.742313,True,True,0.00735535964605,12.229350964821156,727,7.355359646049999
8.976126,1,52.86082,True,True,0.0002178965448263,1.6879914924424089,728,0.2178965448263
-0.112602,11,54.240839,True,True,6.110199499143043e-11,16.06258013181157,739,6.110199499143043e-08
-17.428114,60,55.867768,False,True,0.0116910287211471,33.51882245191581,799,11.691028721147099
-12.212351,60,57.047736,False,True,0.0200853587059899,23.72997867331268,859,20.0853587059899
-12.786701,60,58.434327,False,True,0.0035403099238477,67.85173307401702,919,3.5403099238477
-5.293157,44,61.039634,True,True,0.0110981935061821,17.449308457610943,963,11.0981935061821
-10.386658,60,61.051622,False,True,0.022594514198684,36.2019222010948,1023,22.594514198684
4.173112,1,62.313129,True,True,0.0023033911818403,10.360767710061523,1024,2.3033911818402997
8.888338,29,63.308517,True,True,6.991580563003343e-05,1.6173218292682223,1053,0.06991580563003343
2.555963,6,64.609792,True,True,0.0006069309279973,11.02727113953068,1059,0.6069309279973
-16.872737,60,66.187513,False,True,0.0149487170035854,24.676764348900846,1119,14.948717003585399
6.26423,14,67.34889,True,True,6.273201518648599e-05,4.234146849848043,1133,0.062732015186486
-20.786964,60,69.536435,False,True,0.0440405958603384,23.10975491934731,1193,44.0405958603384
-14.881978,60,70.698019,False,True,0.0261019631119364,33.372436492400006,1253,26.1019631119364
-12.52892,60,72.229785,False,True,0.0025494230394597,6.961859050882139,1313,2.5494230394597
-11.121761,60,73.306714,False,True,0.0100141577626268,69.07895948349024,1373,10.0141577626268
-0.270968,22,73.316704,True,True,0.0072472425354403,13.59506405070316,1395,7.2472425354403
5.496381,2,74.572335,True,True,0.0047363688878651,7.843520483326323,1397,4.7363688878651
8.478952,3,75.572909,True,True,0.0006298539795488,1.7099806119127106,1400,0.6298539795488001
6.043061,2,76.704793,True,True,0.0009871013040466,7.989883198502657,1402,0.9871013040465999
4.35321,10,77.789435,True,True,0.0001641106688051,8.539382574927906,1412,0.1641106688051
-1.966347,6,78.956091,True,True,0.0031811676157942,16.6731335773889,1418,3.1811676157942
9.057082,10,80.136743,True,True,1.5967818917969438e-06,1.6006970900945194,1428,0.0015967818917969438
2.039794,16,81.302432,True,True,0.0119995758107369,10.66727230493375,1444,11.9995758107369
4.79595,7,82.407093,True,True,0.0024171184838553,7.692030568698988,1451,2.4171184838552997
2.404332,5,83.461736,True,True,0.000186228187893,11.308843785885797,1456,0.186228187893
2.143221,2,84.491862,True,True,0.0001461132070093,12.142486330527902,1458,0.1461132070093
3.465588,3,85.501487,True,True,0.002785397637213,10.94578426644336,1461,2.785397637213
5.140903,11,87.463715,True,True,0.0047725460140007,7.875937057978611,1472,4.772546014000699
-21.936122,60,88.705362,False,True,0.034320688739375,15.26362077274564,1532,34.320688739375
-1.810064,12,89.81606,True,True,0.0114102576516877,15.426238034563267,1544,11.4102576516877
7.998969,6,91.024862,True,True,0.0045083440357439,2.6127974767953197,1550,4.5083440357439
2.086569,3,92.149791,True,True,0.0028550051293348,13.327128008554295,1553,2.8550051293348
8.517861,16,93.27599,True,True,0.0026748536407246,3.1669434531352136,1569,2.6748536407246
4.453249,2,94.318556,True,True,0.0001685671145586,9.722634749734755,1571,0.1685671145586
3.350254,5,94.336539,True,True,9.118607952052216e-11,11.250385786372396,1576,9.118607952052216e-08
6.40382,5,95.626291,True,True,0.0001840673984747,6.001079435377533,1581,0.18406739847470002
8.626846,2,96.784005,True,True,0.0031451953313694,2.4545239222616924,1583,3.1451953313694
2.382219,8,97.900244,True,True,0.000165879411326,13.031995570609816,1591,0.165879411326
-1.206041,4,98.997678,True,True,7.631649716764353e-06,15.382266001580174,1595,0.007631649716764353
0.620225,5,99.008669,True,True,0.0091844320270235,14.632925031210709,1600,9.184432027023501
0.548306,6,100.43947,True,True,0.0094950411970332,16.210069697933218,1606,9.4950411970332
-15.637797,60,101.546349,False,True,0.0047908183497715,9.002654650785361,1666,4.7908183497715
0.293219,10,102.558164,True,True,0.0037837085339754,15.823235876351792,1676,3.7837085339754
6.589543,4,103.724797,True,True,0.0005963968658989,6.488116970488457,1680,0.5963968658989001
-15.455183,60,104.708783,False,True,0.0202356016738709,37.357231438483545,1740,20.2356016738709
-0.480183,11,105.828602,True,True,0.0020498721355837,14.184312626435792,1751,2.0498721355837
-0.094352,14,107.081244,True,True,0.005187832879072,17.94859957675012,1765,5.187832879072
4.639393,12,108.143666,True,True,0.0072460733560421,8.193715457498,1777,7.2460733560421
0.860342,4,109.279064,True,True,0.0046466838095036,17.06541015611387,1781,4.6466838095036
4.446655,20,110.452215,True,True,0.0074434459895123,6.958710553051786,1801,7.4434459895123
0.797848,6,111.5058,True,True,0.0072512804633736,15.912824793622216,1807,7.251280463373599
9.255256,2,112.623714,True,True,0.0119146888344119,1.053818133639206,1809,11.9146888344119
1.953656,19,113.813854,True,True,0.0067737848883434,12.045021133131536,1828,6.773784888343401
3.13612,6,115.088634,True,True,0.0005858150425903,11.69121086270514,1834,0.5858150425903
1.687927,9,116.419281,True,True,0.0001928418358088,14.269474144632436,1843,0.19284183580880002
-13.80487,60,118.186382,False,True,0.0068730474049245,33.03495708132965,1903,6.873047404924501
2.442282,5,119.503717,True,True,0.0027982054344184,12.843516203182734,1908,2.7982054344183998
-1.791698,30,120.688793,True,True,0.0018964477226985,16.572099642699246,1938,1.8964477226985
-29.064228,60,122.622849,False,True,0.0314868983506402,19.75968756996861,1998,31.486898350640196
2.365776,14,123.659642,True,True,0.0016766386027552,11.897420236252056,2012,1.6766386027552
9.809934,2,124.659908,True,True,0.0009929718054709,0.6549764599977134,2014,0.9929718054709001
-30.595087,60,125.744117,False,True,0.0055558515547212,31.96078032094884,2074,5.5558515547212
1.215937,11,125.759105,True,True,0.0028773875663944,14.471839147881395,2085,2.8773875663944
6.499768,7,127.075291,True,True,0.0044500032651663,4.805830214810441,2092,4.450003265166299
2.535085,10,128.132676,True,True,0.0033937455259321,12.383367301884917,2102,3.3937455259321
7.755668,6,129.220178,True,True,1.2403960786734592e-05,3.609247336781464,2108,0.012403960786734593
-0.453412,20,130.387801,True,True,0.0070975281603339,12.422513465837914,2128,7.0975281603339
6.637169,10,131.490245,True,True,0.0003488165771558,4.469806529726838,2138,0.3488165771558
-2.598364,5,131.503234,True,True,0.0044477252387107,17.22915846636054,2143,4.4477252387107
6.408529,3,132.737468,True,True,0.0020719648784185,4.972954353406977,2146,2.0719648784185
-2.965887,30,133.923285,True,True,0.0023855521429305,14.810424938212702,2176,2.3855521429305
6.974538,15,135.249721,True,True,0.0003240962653165,5.110472240916131,2191,0.3240962653165
0.210168,14,136.389803,True,True,0.0021574031851743,15.36979373365442,2205,2.1574031851743
0.627625,32,137.507849,True,True,0.0102170344844503,12.4486769993845,2237,10.217034484450298
1.602718,19,138.734299,True,True,8.751253525904161e-05,12.092696414621336,2256,0.08751253525904161
-1.805589,3,139.828318,True,True,0.0049169363909365,16.238249168710567,2259,4.916936390936501
-8.679211,49,142.015508,True,True,0.0095699618934928,12.980046454128956,2308,9.5699618934928
2.474259,3,143.115338,True,True,0.0026947837585228,12.465576174570808,2311,2.6947837585228003
-2.465059,41,144.242743,True,True,0.0045357897017948,13.1136893840595,2352,4.5357897017948
-2.679303,51,145.353071,True,True,0.001486933595727,8.255536456178724,2403,1.486933595727
-1.691859,4,146.586179,True,True,0.0022278257809564,17.14411924898845,2407,2.2278257809563997
1.240228,6,147.66612,True,True,0.0047583665033941,14.183277849513711,2413,4.758366503394099
-18.227285,60,148.809977,False,True,0.0071376966484306,73.794666098411,2473,7.1376966484306
6.038934,5,149.905261,True,True,0.0004308410820023,6.712395747285113,2478,0.4308410820023
2.695175,4,151.006428,True,True,0.0047399673750548,11.784247873476271,2482,4.7399673750548
7.643915,2,152.107298,True,True,0.0058548979775072,3.959217092836953,2484,5.8548979775072
3.661616,19,153.272462,True,True,0.0027564478414463,7.984977313152884,2503,2.7564478414463003
2.330895,12,153.284465,True,True,0.0051164141496619,13.74601517351016,2515,5.1164141496619
1.492514,8,154.438482,True,True,0.0086227229896899,14.063002306431832,2523,8.622722989689901
3.727547,8,155.487733,True,True,0.0080555310792422,10.988494956696089,2531,8.0555310792422
5.001982,8,156.692041,True,True,0.0035500452577971,7.720174662359525,2539,3.5500452577971
-2.604465,17,158.744354,True,True,1.3279506834440458e-10,16.444592639395168,2556,1.3279506834440458e-07
5.464973,5,159.973486,True,True,0.0012167937273144,6.606992876799923,2561,1.2167937273144
-0.150238,6,161.240597,True,True,0.0090770026898816,17.215560088828855,2567,9.077002689881601
4.348738,2,162.27466,True,True,0.0039978832006755,9.915853053878564,2569,3.9978832006755005
-0.882984,29,163.498348,True,True,0.0012640517457737,15.755970605719186,2598,1.2640517457737
4.239103,6,164.692054,True,True,0.0045294896335508,8.344931968867858,2604,4.5294896335508
4.160556,6,165.889311,True,True,0.0043408362964045,9.846128408158926,2610,4.3408362964044995
8.652471,2,166.985267,True,True,8.988714141303956e-06,3.2921331396647,2612,0.008988714141303956
0.724169,9,168.279625,True,True,0.0044321175115258,15.114619365667563,2621,4.4321175115258
4.591624,2,169.35789,True,True,0.0031615972900748,9.42606750550684,2623,3.1615972900748
7.116225,1,170.474435,True,True,0.004743307981995,5.051986570231099,2624,4.743307981995
-25.515496,60,170.4814,False,True,0.0237493093631575,20.597725129391225,2684,23.7493093631575
-18.278287,60,171.656184,False,True,0.0122056590003262,12.391552820538262,2744,12.2056590003262
6.252149,1,171.656197,True,True,0.0047916486968461,6.611600567727785,2745,4.791648696846099
8.915013,2,172.855821,True,True,0.0037456008241585,1.3606820479680528,2747,3.7456008241585
-3.439573,35,172.869791,True,True,0.0001072931583792,15.10471190091752,2782,0.1072931583792
3.405544,2,174.02803,True,True,0.0021497975625081,11.213107829410191,2784,2.1497975625081
7.453975,2,175.05691,True,True,0.0043358363125006,4.291364077392981,2786,4.3358363125006
2.13588,8,176.251969,True,True,0.0011488910343655,13.318760198482348,2794,1.1488910343655
4.155386,7,177.463198,True,True,0.0031584375596568,9.797024019426434,2801,3.1584375596568
-6.254493,21,178.677932,True,True,0.0026952282420722,16.273806825307823,2822,2.6952282420722
4.106668,32,180.38984,True,True,0.0023808936230971,1.7008702459280838,2854,2.3808936230971
-16.858756,60,181.769829,False,True,0.0238995593764621,13.447356013379824,2914,23.899559376462097
-16.584289,60,182.856298,False,True,0.0234114787807812,25.094005589595323,2974,23.4114787807812
-0.650083,14,182.861291,True,True,0.0017365321485747,16.46011462529874,2988,1.7365321485746998
-3.567443,39,184.124491,True,True,0.0027335979205481,4.662335492555311,3027,2.7335979205481
7.598266,2,185.244652,True,True,0.0023510814561358,3.7151344622457514,3029,2.3510814561358
2.237719,4,186.325145,True,True,0.0032519955984762,11.517124629333171,3033,3.2519955984762
5.322204,2,187.350862,True,True,5.2279841518622274e-05,7.386656448076683,3035,0.05227984151862228
5.209616,2,188.505339,True,True,0.0024029409478811,8.4703397164403,3037,2.4029409478811
4.842288,2,189.706457,True,True,0.0034888342233002,9.40833565380542,3039,3.4888342233002
4.529523,15,191.635984,True,True,0.00946932692106,6.713182574672715,3054,9.469326921059999
0.327165,1,192.674691,True,True,0.000501807543401,17.295041445714794,3055,0.5018075434010001
-0.099894,14,193.801116,True,True,0.0104536567842914,14.95766878205165,3069,10.4536567842914
3.002699,1,193.808103,True,True,0.0037715717182116,12.472824987890585,3070,3.7715717182116
3.856668,1,194.970591,True,True,0.0005340357115448,10.930281859480807,3071,0.5340357115447999
1.901632,1,196.08253,True,True,0.0005731087402178,14.456365234328157,3072,0.5731087402178
3.102254,1,197.158714,True,True,2.13024998118802e-09,12.290722764040508,3073,2.13024998118802e-06
7.125629,5,198.217532,True,True,0.0067278987960671,4.23589975096712,3078,6.7278987960671
6.712971,1,199.294235,True,True,0.0097129905305659,5.784305082438974,3079,9.7129905305659
-0.557137,27,200.386711,True,True,0.0052136561182202,15.200183908435967,3106,5.2136561182202
-1.330448,27,201.867583,True,True,0.0095614893870426,8.337223935671936,3133,9.5614893870426
6.777886,4,203.059959,True,True,0.0002971110482751,5.622474661948052,3137,0.2971110482751
3.914402,4,204.268689,True,True,0.0027219863921772,10.436972487530506,3141,2.7219863921772
-1.262293,24,205.413698,True,True,0.0044727944406579,15.652320691233538,3165,4.472794440657901
-0.306728,5,206.477884,True,True,0.0065092251225939,17.910282230605375,3170,6.5092251225939
-6.578515,23,208.13292,True,True,0.0048109381456047,16.131673751874235,3193,4.8109381456047
-18.733069,60,209.45804,False,True,0.0088480358740284,49.17840128716783,3253,8.848035874028401
-30.96072,60,210.62153,False,True,0.0060561739195971,33.46219558823498,3313,6.0561739195971
5.192496,3,210.624521,True,True,0.0038349205245477,7.694153260321582,3316,3.8349205245477
5.240248,6,211.982645,True,True,0.0003471087744766,8.415981722870537,3322,0.3471087744766
6.366686,9,213.128085,True,True,0.0022974353258283,6.141533264968462,3331,2.2974353258283
5.169237,8,214.353989,True,True,6.296550098468592e-05,7.570717295467601,3339,0.06296550098468592
-0.087225,14,215.515148,True,True,0.0076340065120649,16.215620628366025,3353,7.634006512064899
4.745793,4,216.543971,True,True,0.0047795888872039,6.260912495551853,3357,4.7795888872039
-17.184202,60,217.797623,False,True,0.0162229973111667,20.81113358094049,3417,16.2229973111667
-26.730488,60,219.594881,False,True,0.009259311799287,14.058027008349017,3477,9.259311799287
1.97433,1,220.718228,True,True,0.0024328613788709,14.326404619029628,3478,2.4328613788709
-2.160237,31,221.875252,True,True,0.0019166427629657,15.129636945421458,3509,1.9166427629657001
2.763442,8,223.897803,True,True,0.0069399190403642,11.249649845581056,3517,6.9399190403642
2.256884,19,225.275554,True,True,0.0044042709716635,7.230976999542193,3536,4.404270971663499
-19.692769,60,226.719244,False,True,0.0117790772776726,18.231137369562056,3596,11.7790772776726
5.375801,3,227.881773,True,True,0.002732204620983,7.489183637363122,3599,2.732204620983
1.384926,1,228.978374,True,True,6.078492570393834e-11,15.387719984073492,3600,6.078492570393834e-08
5.938896,16,228.990361,True,True,0.0072570106080536,3.1005113878687456,3616,7.2570106080536
-12.96257,60,230.188872,False,True,0.0091013275184263,35.71239543192006,3676,9.101327518426299
3.833987,5,231.214125,True,True,5.977330010387171e-05,8.784347941002627,3681,0.05977330010387171
9.416172,1,232.29944,True,True,0.0002629624480146,0.8928934385200459,3682,0.2629624480146
4.835115,11,233.531018,True,True,0.0046096461006008,8.269062659081868,3693,4.609646100600799
7.375175,6,234.784347,True,True,0.0040690037719784,4.779981080601897,3699,4.069003771978401
-2.260023,44,235.898209,True,True,0.007199983356315,11.00768736677059,3743,7.199983356315
8.626751,1,237.10646,True,True,9.004689920755898e-06,2.318947243860604,3744,0.009004689920755898
0.666069,3,238.197006,True,True,0.0003826694572697,15.990309322805745,3747,0.3826694572697
-2.113698,23,239.340814,True,True,0.0049803474723434,16.992518539697517,3770,4.9803474723434
6.082086,6,240.552055,True,True,0.0020334821339785,4.44771821507435,3776,2.0334821339784996
3.872132,5,241.766597,True,True,0.0069020302036415,10.598338891554736,3781,6.9020302036415
2.27555,10,243.178041,True,True,0.0025917738096476,11.813781485054555,3791,2.5917738096476
-12.173321,60,244.834779,False,True,0.0091056458503706,49.589273134398674,3851,9.1056458503706
-1.236059,12,246.339513,True,True,0.0071633945835272,16.99287602498843,3863,7.163394583527199
-15.742178,60,247.464047,False,True,0.0062783684603022,52.53804331509191,3923,6.2783684603022
-18.546613,60,248.61807,False,True,0.0045020517559384,38.1210167404497,3983,4.502051755938401
6.791875,4,249.865918,True,True,1.0102701874882003e-05,5.3205033647042255,3987,0.010102701874882004
4.797687,4,250.94353,True,True,0.0050870908317647,7.56276144354927,3991,5.087090831764701
4.392518,17,253.144818,True,True,0.0070832401492455,6.576202298539013,4008,7.0832401492454995
7.903169,1,254.159008,True,True,0.0011789688467463,3.62722053565454,4009,1.1789688467463002
-19.812994,60,255.273897,False,True,0.0366540236482026,22.739980336919103,4069,36.654023648202596
7.146587,4,256.457514,True,True,0.0053844987845915,5.0682554343771695,4073,5.3844987845915
7.07269,1,257.575233,True,True,0.0028852617728235,5.126876347567127,4074,2.8852617728235
1.68115,1,258.621076,True,True,0.0006207860088748,14.853963467896351,4075,0.6207860088748
-9.912581,36,259.844003,True,True,0.000157293915078,14.113853417348729,4111,0.157293915078
4.76914,11,261.051338,True,True,0.0029855184805189,6.357057849434418,4122,2.9855184805189
-0.156945,47,262.152536,True,True,0.0093985066060137,6.364667824846312,4169,9.3985066060137
4.174169,3,263.304464,True,True,0.0078046914800007,10.760472134973382,4172,7.8046914800007
4.132865,15,264.566197,True,True,0.0044735651639002,6.624571913916392,4187,4.473565163900201
7.298764,7,265.526423,True,True,0.0098374044096358,3.9048618430069806,4194,9.8374044096358
5.274925,16,266.713838,True,True,0.0023294384776129,4.6961345983392615,4210,2.3294384776129
4.304591,1,267.769147,True,True,2.000697931717893e-08,10.12177912125398,4211,2.000697931717893e-05
3.684893,1,268.813304,True,True,0.000395616394208,11.240047576115492,4212,0.395616394208
0.925703,7,269.91726,True,True,5.0876516541342725e-11,15.231390804198464,4219,5.0876516541342725e-08
5.938572,11,271.127758,True,True,0.0023388729357385,5.8248883900076285,4230,2.3388729357385
6.106068,5,272.252993,True,True,0.0045524293462371,6.386297515135068,4235,4.5524293462371
7.331022,4,273.486622,True,True,0.0013101875836499,3.960146153467665,4239,1.3101875836499002
0.510115,7,274.718688,True,True,0.0069377624930387,15.013119353785752,4246,6.9377624930387
-1.604635,17,275.842393,True,True,0.0119060471856157,14.139362853632967,4263,11.9060471856157
2.684107,4,277.095278,True,True,0.0048692186988711,12.929349727726754,4267,4.8692186988711
-1.811601,16,277.105291,True,True,0.0046017669289408,17.72907829992639,4283,4.6017669289408
-25.74309,60,278.312143,False,True,0.0100376021999501,63.361488397368205,4343,10.037602199950099
7.995459,5,279.348964,True,True,0.0039658954446982,3.486467363555447,4348,3.9658954446981998
6.8175,2,280.41459,True,True,0.0047819424169417,3.5628163221695592,4350,4.7819424169417
-2.096063,6,281.508562,True,True,0.007124337097925,16.864499306242273,4356,7.124337097925
-1.417234,7,281.511541,True,True,0.0031570375550488,16.413545092971003,4363,3.1570375550488
2.502639,1,282.638576,True,True,0.0048569492584608,13.375244195336354,4364,4.8569492584608
7.371634,9,283.7436,True,True,0.0048826358584495,5.481767153611017,4373,4.8826358584494995
0.123243,5,284.96278,True,True,1.832200537121853e-11,16.65111838258327,4378,1.832200537121853e-08
9.066379,1,286.130416,True,True,6.638692320465496e-06,1.5246371876577656,4379,0.006638692320465496
4.757135,1,287.210924,True,True,0.0045691546186056,9.308923371666154,4380,4.5691546186056
-0.715563,12,288.276,True,True,0.0040203644574225,17.969743749638422,4392,4.020364457422501
1.152945,16,289.409797,True,True,0.0026200612983175,13.080445972767484,4408,2.6200612983175
2.883926,7,290.566713,True,True,5.130502766868394e-07,9.854035643322424,4415,0.0005130502766868394
7.735011,4,290.572725,True,True,0.0022491771905685,3.4528528218322827,4419,2.2491771905685
5.856989,1,291.69315,True,True,5.088533005227725e-07,7.320391185113761,4420,0.0005088533005227725
6.920674,18,293.175777,True,True,0.0004149505627846,3.1110783558673494,4438,0.41495056278459996
5.130097,16,294.232073,True,True,0.0043926502193555,5.750218360884328,4454,4.3926502193555
6.821152,7,295.491789,True,True,0.0090969930247892,3.7926062843892328,4461,9.0969930247892
2.901716,12,296.673223,True,True,0.0059565381088315,9.402969547543924,4473,5.9565381088315
5.424652,1,297.762969,True,True,0.0049576366916724,8.104935878018917,4474,4.9576366916724
2.522847,10,298.866802,True,True,0.004715739928298,11.226806613975008,4484,4.715739928298
6.457209,5,300.058735,True,True,0.0022360025550451,6.67084758253904,4489,2.2360025550451
3.995023,1,301.124432,True,True,0.0047172916521412,10.683767870381056,4490,4.7172916521412
-18.682488,60,303.00666,False,True,0.0164681496827582,12.634197412013748,4550,16.4681496827582
-0.395249,4,304.155674,True,True,0.0005142694384345,17.78491075371393,4554,0.5142694384345
7.550168,10,305.46739,True,True,0.0023008604406179,3.353077590907365,4564,2.3008604406179
-31.73161,60,306.576371,False,True,0.0170332788296292,30.298537032171847,4624,17.0332788296292
2.319434,10,307.866894,True,True,0.0046314388589616,10.45292742257537,4634,4.6314388589616
-4.5999,32,308.999365,True,True,0.0069116442388599,16.614977227518292,4666,6.911644238859901
-6.757308,48,310.173477,True,True,0.009753799804838,6.969410378241166,4714,9.753799804838
2.141995,20,311.270089,True,True,0.001744088197551,11.32550863070025,4734,1.744088197551
6.841152,3,312.321512,True,True,0.002815408045576,5.320076174359525,4737,2.815408045576
3.793847,12,312.332513,True,True,0.0023484753206475,8.484781382244623,4749,2.3484753206474998
-3.179201,25,313.983809,True,True,0.0057629319559645,15.770275116756466,4774,5.7629319559645005
-4.722462,18,315.027914,True,True,0.0095984757620863,11.73375676066384,4792,9.5984757620863
2.515879,3,316.06148,True,True,0.0057766579129317,12.722045039651352,4795,5.7766579129317
5.176592,7,317.208728,True,True,0.006298742621941,6.3471460404244775,4802,6.298742621941
6.041279,1,318.264641,True,True,0.0043292067386382,6.991735731477162,4803,4.3292067386382
3.127809,9,319.30952,True,True,0.0047050839217763,9.691304220169869,4812,4.7050839217763
0.48085,6,320.535592,True,True,0.0011613497955681,13.690461805500778,4818,1.1613497955681
0.728664,6,321.611349,True,True,0.0048561832006258,15.008756134403296,4824,4.8561832006258
5.645138,4,322.747752,True,True,0.0071693322570552,6.237838802260019,4828,7.1693322570552
4.640228,1,323.792284,True,True,0.0002283110449816,9.516387914323332,4829,0.2283110449816
-22.907332,60,325.46966,False,True,0.0144211123642546,10.043045192404504,4889,14.4211123642546
-34.125442,60,325.471673,False,True,0.0088232798863862,31.687629746928923,4949,8.823279886386201
4.240753,2,326.713122,True,True,0.0008160006846683,9.724201185790577,4951,0.8160006846683
9.179448,5,327.886139,True,True,2.633220852581294e-05,0.5410813630807705,4956,0.02633220852581294
8.80309,2,328.99011,True,True,0.0003238963358444,1.4444807390683203,4958,0.3238963358444
-0.748863,9,328.993116,True,True,0.0027980214804017,16.19953282652815,4967,2.7980214804017
7.323571,7,330.398288,True,True,0.0046740403351458,2.9115335479417954,4974,4.6740403351458
2.80397,11,331.569117,True,True,0.0025690752694506,9.746943167052814,4985,2.5690752694506
4.448351,3,332.734114,True,True,4.628805998002465e-05,9.601619593172664,4988,0.04628805998002465
-1.839621,52,332.741117,True,True,0.0117037137856881,2.971536501247141,5040,11.7037137856881
0.905139,1,333.853453,True,True,0.0052999575129307,16.255597225507397,5041,5.2999575129307
6.962895,2,335.015815,True,True,0.0001017533391391,4.50890972963789,5043,0.1017533391391
1.862297,10,336.042384,True,True,0.0042390267914539,10.943371900284948,5053,4.2390267914539
7.658875,3,337.068487,True,True,0.0048919235009006,3.869111161606103,5056,4.8919235009006
4.89239,1,337.073492,True,True,0.0001643265870017,9.061338568880002,5057,0.1643265870017
9.805271,1,338.273859,True,True,2.962857087359435e-05,0.1798120523871747,5058,0.02962857087359435
5.836356,5,339.429581,True,True,0.0023895483436158,7.670718945048774,5063,2.3895483436158
3.795798,4,341.11955,True,True,1.5745316587004175e-09,10.743373408940426,5067,1.5745316587004175e-06
7.5678,3,342.225218,True,True,0.0104108738191563,5.049350292857463,5070,10.410873819156299
1.989044,6,342.230222,True,True,3.249686551072111e-05,12.006345310631158,5076,0.03249686551072111
-23.278811,60,343.391154,False,True,0.0304743255376931,14.46179400217211,5136,30.474325537693097
6.788224,2,344.480594,True,True,0.0042190881311541,5.941198083094765,5138,4.2190881311541
3.406251,6,345.669351,True,True,0.0027374622622399,11.313613310951084,5144,2.7374622622399
8.759863,2,346.730209,True,True,3.851820763840124e-05,2.886747525993143,5146,0.03851820763840123
1.079116,24,347.920283,True,True,0.0052373435060292,5.249935336376696,5170,5.2373435060292
5.872503,2,349.098838,True,True,0.0023791346816737,7.3154724225020304,5172,2.3791346816737
4.901698,1,350.193696,True,True,0.0006489351772109,9.044951696226851,5173,0.6489351772109
9.543407,2,351.38625,True,True,0.0046730726167593,1.3844725314342436,5175,4.6730726167593
0.764426,13,352.540727,True,True,0.0071387309259174,14.141020319183395,5188,7.1387309259174
6.507009,1,353.648732,True,True,3.438111962933768e-05,6.147065301654976,5189,0.03438111962933768
1.848919,30,354.697381,True,True,0.0061675097734667,10.552792903913565,5219,6.1675097734667
2.324924,4,355.749713,True,True,0.0009173061757223,12.927381401170107,5223,0.9173061757223
5.886525,1,356.835472,True,True,0.0015133007429979,7.268488816755888,5224,1.5133007429979
0.622729,11,357.955257,True,True,0.0043832738401175,12.741365340789592,5235,4.3832738401175
7.444231,10,359.233877,True,True,0.0027314107262709,5.845400858047874,5245,2.7314107262708998
-8.39016,14,360.276911,True,True,0.0041864752101797,15.537221996705176,5259,4.1864752101797
6.888181,8,360.286896,True,True,0.0047411039613227,4.669069566698814,5267,4.7411039613227
5.857096,3,361.554915,True,True,0.0097775569513962,6.848089678683317,5270,9.7775569513962
6.216178,3,361.563918,True,True,8.413192098140863e-07,7.179677996537913,5273,0.0008413192098140863
6.590885,2,362.799909,True,True,0.0094985047588779,5.798451512731076,5275,9.4985047588779
1.304495,4,363.899733,True,True,0.004837688513316,15.411670879031366,5279,4.8376885133159995
5.339959,5,364.932372,True,True,0.0030114115772447,7.468311739266436,5284,3.0114115772447
-12.273455,54,364.941371,True,True,0.0012541180198289,10.343624967083322,5338,1.2541180198289001
5.037015,1,366.048453,True,True,0.0010963252404351,8.801160017720063,5339,1.0963252404351
4.248147,16,367.151035,True,True,8.948291074549822e-06,7.73610971391548,5355,0.008948291074549822
4.54206,3,368.230608,True,True,0.0013709344034905,9.352404938969862,5358,1.3709344034905
3.889071,8,369.275244,True,True,0.0049590092258971,11.504275353633991,5366,4.9590092258971
9.576885,3,370.338123,True,True,0.0007956643547816,1.6540835525920936,5369,0.7956643547816
4.286517,3,371.518277,True,True,0.0019641780602181,9.121712506453491,5372,1.9641780602181
-2.745867,17,371.529267,True,True,0.0013845377241155,16.78126502641264,5389,1.3845377241155
3.967826,6,372.704811,True,True,0.0029317360892226,9.999568487205137,5395,2.9317360892226003
6.042433,6,373.930289,True,True,0.0022479255851714,6.595619664729727,5401,2.2479255851714
8.001025,5,373.939269,True,True,0.0020850106006106,3.562940265078147,5406,2.0850106006106
0.972978,5,375.150601,True,True,0.0043013441805012,15.934780248356011,5411,4.3013441805012
3.69773,6,376.195233,True,True,0.0022880989689015,8.940911810099044,5417,2.2880989689015
7.131392,1,377.32038,True,True,0.0047144067955163,5.024580958713364,5418,4.7144067955163
6.208112,4,378.507316,True,True,0.0029046400577733,5.40211288716485,5422,2.9046400577733
0.220279,20,380.270889,True,True,0.0029934402961731,13.99775786773604,5442,2.9934402961731
2.448903,2,381.377946,True,True,0.0014794781001036,13.301411285931293,5444,1.4794781001036001
1.159453,29,382.518693,True,True,0.0100916286716587,2.115069106149268,5473,10.091628671658698
5.057832,3,383.736794,True,True,0.0044847035897424,8.49638069119549,5476,4.4847035897424
5.880241,3,384.838261,True,True,0.0022591829479045,6.984354016432532,5479,2.2591829479045
8.669719,2,385.836976,True,True,0.0045567812002941,1.5147514807444615,5481,4.5567812002941
4.652662,1,385.83855,True,True,4.2305748834681184e-10,9.493764064237944,5482,4.2305748834681184e-07
-24.470998,60,386.94378,False,True,0.0107972506471472,25.950818648937897,5542,10.7972506471472
2.523872,5,388.033937,True,True,0.0018098480853282,13.090042642290523,5547,1.8098480853282
2.921222,3,389.101334,True,True,6.8546036902095145e-12,12.223404536908326,5550,6.8546036902095145e-09
4.967431,1,390.224839,True,True,9.755792618923325e-05,8.9245496917486,5551,0.09755792618923324
0.146249,4,392.074769,True,True,0.0054103063132655,15.6975992296673,5555,5.4103063132655
1.194816,13,393.09909,True,True,0.0075628464802134,13.525991812124674,5568,7.5628464802134
3.355669,3,394.049924,True,True,6.0176768803507294e-05,11.624153440304196,5571,0.060176768803507294
-22.847337,60,394.050935,False,True,0.0146152236228536,23.389171757921886,5631,14.6152236228536
2.611247,3,395.347289,True,True,4.0807635048878416e-14,12.978138910900247,5634,4.0807635048878417e-11
6.904104,5,396.41789,True,True,0.0050513208433254,4.208018425610234,5639,5.051320843325399
-0.252329,2,396.428885,True,True,0.008180791374137,17.379929059215513,5641,8.180791374137002
7.765344,7,397.525063,True,True,0.0015067032747239,2.8523721565674247,5648,1.5067032747239
8.05824,1,397.526062,True,True,0.0026010926979426,3.3469328874728967,5649,2.6010926979426
4.397774,5,398.805128,True,True,0.0117219531197051,8.332278181961371,5654,11.7219531197051
0.714402,7,399.914327,True,True,0.0001268937048807,13.91315445576391,5661,0.1268937048807
-1.049788,9,400.999214,True,True,0.0097361162874947,16.376329277030855,5670,9.7361162874947
7.92033,4,402.084341,True,True,0.0047835673117798,3.0286384087050964,5674,4.7835673117798
1.310897,4,403.112747,True,True,0.0002923098991371,14.94689036502932,5678,0.2923098991371
3.942602,5,404.188655,True,True,0.0024304953832782,10.26842161600332,5683,2.4304953832782
3.864148,1,405.195092,True,True,3.954083241386464e-11,10.916382175630783,5684,3.954083241386464e-08
0.902844,8,406.292452,True,True,0.0043906480516255,14.924075058407992,5692,4.3906480516255
5.231959,7,407.55532,True,True,0.0050946576880951,7.045233824991189,5699,5.0946576880951
7.600169,8,408.726599,True,True,0.0045649296427345,4.918659105429516,5707,4.5649296427345
1.540785,3,409.780479,True,True,0.0015853186550391,14.75096444204971,5710,1.5853186550391
5.319935,5,411.063346,True,True,0.0023903498749471,7.484152430987038,5715,2.3903498749471
1.916538,10,412.325796,True,True,0.0077481517263355,13.648042674038502,5725,7.7481517263355
-27.159658,60,413.575227,False,True,0.0173137316122743,7.357479903981503,5785,17.3137316122743
3.103037,4,413.576208,True,True,0.002954368379729,12.070169992191696,5789,2.9543683797290003
6.226433,1,414.781989,True,True,0.0047515934617204,6.657974264384544,5790,4.7515934617204
6.159628,9,414.794978,True,True,0.004673981925837,5.611252708359052,5799,4.6739819258369995
4.352913,2,415.94595,True,True,0.0037602224285495,9.834762189746948,5801,3.7602224285494996
5.741635,3,417.089114,True,True,1.1555411247138672e-05,6.247274937241128,5804,0.011555411247138672
2.276863,2,418.145209,True,True,0.0036576161084003,13.32889136134431,5806,3.6576161084003
9.907532,1,419.214815,True,True,7.817088576401662e-07,0.0044627695041087,5807,0.0007817088576401662
3.383088,8,420.406514,True,True,0.001343777448084,11.014384056935342,5815,1.3437774480840001
8.138157,8,421.486319,True,True,0.0048014969353232,2.727789547533191,5823,4.8014969353231995
7.767508,1,421.494316,True,True,0.0001489198679168,3.871175328763948,5824,0.1489198679168
1.449283,9,422.783472,True,True,7.772471264341427e-06,13.544368771546605,5833,0.007772471264341427
9.299964,6,422.795465,True,True,0.0021966565691177,2.3423120717417363,5839,2.1966565691177
5.519452,7,424.07817,True,True,0.0012181683875253,7.12130350215295,5846,1.2181683875253
6.181457,1,424.086176,True,True,0.0024953145595272,6.737093312604143,5847,2.4953145595272
6.023508,3,425.153452,True,True,0.0001060351400546,6.228568640289537,5850,0.10603514005459999
8.277922,2,425.159438,True,True,1.2973012068132192e-05,2.34524111341606,5852,0.012973012068132192
3.896098,3,426.32476,True,True,0.0047656760146252,9.29336715974736,5855,4.765676014625201
0.492051,5,426.332759,True,True,0.0001582102652252,16.66295978819129,5860,0.15821026522520001
8.227436,9,427.738974,True,True,0.0051138403289359,6.233993068520399,5869,5.1138403289359
0.950528,1,428.757536,True,True,0.0047788901935132,16.1735116982719,5870,4.778890193513201
-32.610907,60,429.79898,False,True,0.0072729264518998,19.196168837845217,5930,7.272926451899799
0.711535,5,430.882575,True,True,3.760793130263077e-06,12.388183595771949,5935,0.003760793130263077
1.454233,10,432.116802,True,True,0.0010305342477953,14.245665310827835,5945,1.0305342477953
8.431656,7,433.281226,True,True,4.1298154411050295e-05,3.507071625562807,5952,0.041298154411050295
4.671959,2,434.418764,True,True,0.0016428663967164,9.32949462633694,5954,1.6428663967164
6.237191,4,435.52441,True,True,2.9692503530379284e-05,5.76312590975025,5958,0.029692503530379284
3.495601,1,435.528404,True,True,0.0065753785689459,11.585745845187573,5959,6.5753785689459
-7.589215,30,436.717437,True,True,0.01009586039575,17.14492631277435,5989,10.09586039575
1.191449,4,437.895938,True,True,0.0025792343909436,14.824109052307426,5993,2.5792343909436
2.108992,8,439.072355,True,True,0.0009324275487694,12.994819642034544,6001,0.9324275487694
1.918511,7,440.208291,True,True,0.0080819336702902,12.134319868026603,6008,8.0819336702902
5.275585,2,441.271981,True,True,0.0112101160833082,8.332344519555779,6010,11.2101160833082
3.57706,6,442.545451,True,True,0.0068204589130862,10.496069205543252,6016,6.8204589130862
1.000332,5,442.558443,True,True,0.0072533819022648,15.259358848260582,6021,7.2533819022648
-1.675149,11,442.559438,True,True,0.0090702976783959,16.98869335332053,6032,9.0702976783959
5.42906,1,443.863479,True,True,0.000249263488522,8.092953221218746,6033,0.24926348852199998
1.568583,3,445.008283,True,True,0.005672951871221,14.44509986998085,6036,5.672951871221
1.297602,9,446.25581,True,True,0.0043392058139782,14.072383540796649,6045,4.339205813978199
-0.804522,13,447.462192,True,True,0.0002548838576022,16.657037351040103,6058,0.2548838576022
1.902247,2,448.617687,True,True,0.0046552563022474,14.507182045374584,6060,4.6552563022474
1.181445,10,450.441243,True,True,0.0046124807745767,14.65815118357155,6070,4.6124807745767
-28.125739,60,451.55989,False,True,0.0224097686071348,59.79574566557299,6130,22.4097686071348
5.406599,4,452.653615,True,True,0.00213946816342,7.030770729749724,6134,2.13946816342
4.489824,3,453.786781,True,True,0.0006565717844186,9.392613267108388,6137,0.6565717844186
5.289337,9,454.90435,True,True,0.0020184800147283,5.533287001187474,6146,2.0184800147283
4.955232,7,455.996888,True,True,0.0052457585863429,7.883407493857916,6153,5.2457585863429
5.543787,4,457.209976,True,True,0.0046581047573088,6.05468534511704,6157,4.6581047573087995
3.18596,14,458.698433,True,True,0.0045180519096912,8.165008704825304,6171,4.5180519096912
-5.623135,39,459.892722,True,True,0.0017874374185979,7.522668994604104,6210,1.7874374185979
9.112192,1,460.971587,True,True,0.000197431945427,1.4421102864831032,6211,0.19743194542700002
1.863833,4,462.068442,True,True,0.0098315907046545,12.532532393672344,6215,9.8315907046545
-35.309315,60,463.283173,False,True,0.0404196732011773,9.792496011216176,6275,40.419673201177304
0.7174,12,463.297169,True,True,0.0047999499252498,12.31410777119716,6287,4.7999499252498
3.925824,4,464.492454,True,True,0.0055815939469892,9.469774412218358,6291,5.5815939469892
1.540942,1,465.606851,True,True,0.0041418130832908,15.108787364932237,6292,4.1418130832908
-9.717685,39,465.609858,True,True,0.0051943258724665,17.64451584044197,6331,5.1943258724665
3.490314,1,466.733834,True,True,0.0036692710953599,11.593351577615818,6332,3.6692710953599
2.366822,1,466.74087,True,True,0.0003803667275856,13.617364093472649,6333,0.3803667275856
7.855274,10,467.816641,True,True,0.0005036223823768,3.69003884908902,6343,0.5036223823768
4.501054,4,468.914234,True,True,0.0004397616914271,9.827709184505164,6347,0.4397616914271
7.174758,5,469.873851,True,True,0.0048499210226173,6.56293030615619,6352,4.849921022617299
4.809185,2,470.83159,True,True,0.0023238863636741,9.082428022199878,6354,2.3238863636741
7.22469,2,471.928067,True,True,0.0022014053464674,4.3804335935290135,6356,2.2014053464674
2.131157,3,472.966618,True,True,9.378046868482046e-05,11.450651983601986,6359,0.09378046868482046
5.71441,8,474.271438,True,True,0.0023972285628866,5.800594003135766,6367,2.3972285628866
-20.415543,60,476.400085,False,True,0.0367926046257766,28.167630688974093,6427,36.7926046257766
9.585031,1,477.376202,True,True,3.059594672192266e-06,0.5873673012250878,6428,0.003059594672192266
2.513889,3,478.443986,True,True,0.0096970053948955,11.90931511193781,6431,9.6970053948955
-23.318259,60,479.519865,False,True,0.0169059547840723,34.641315499928645,6491,16.9059547840723
2.697772,2,480.667241,True,True,0.0015966484918557,12.942951531108944,6493,1.5966484918557
-23.584032,60,481.722036,False,True,0.0066824758110976,18.509280304000512,6553,6.6824758110976
5.604097,2,482.855237,True,True,0.0003731702354837,7.646212265128609,6555,0.3731702354837
3.879617,1,483.967611,True,True,0.0044652426057271,10.891746184538686,6556,4.4652426057270995
5.88563,5,485.278357,True,True,1.1669011553507023e-05,6.169616663057702,6561,0.011669011553507023
-3.01149,19,486.45153,True,True,0.0069941991651756,16.05699626630191,6580,6.9941991651756
-23.244799,60,488.277459,False,True,0.0031797090717288,30.184981608211128,6640,3.1797090717288
9.657369,3,489.452956,True,True,0.0044922675658601,0.8502480704816823,6643,4.4922675658601
2.545116,2,490.474434,True,True,0.0004049385978259,13.422484037390635,6645,0.40493859782589997
3.258723,1,490.489408,True,True,0.0001129982747725,12.00857643526727,6646,0.1129982747725
9.226255,5,491.825762,True,True,0.0071083692533112,1.0954673199690133,6651,7.1083692533112
2.736732,15,492.885675,True,True,0.0023955091285448,10.384941703376931,6666,2.3955091285448
7.458967,2,493.983902,True,True,0.0014874585463925,6.519283565332676,6668,1.4874585463924999
6.232844,29,495.117798,True,True,0.004992651036598,4.881391679066613,6697,4.992651036598
6.467013,1,496.202647,True,True,0.0003762248833693,6.219612287153538,6698,0.3762248833693
2.788518,7,496.209634,True,True,0.004808138478346,12.13989406518497,6705,4.808138478346
9.200347,4,497.453777,True,True,0.0004692702861519,0.8975990198004904,6709,0.46927028615190003
4.859493,6,498.42373,True,True,0.0027958051650107,6.544763925522584,6715,2.7958051650107003
2.478391,19,499.457528,True,True,0.0077217934965562,6.668977555666022,6734,7.7217934965562
5.149849,3,500.661991,True,True,0.0004614048162285,7.684537481019682,6737,0.4614048162285
0.646648,8,501.869958,True,True,0.002071905059925,12.500327185190937,6745,2.071905059925
6.131787,6,503.007208,True,True,0.0048343789013269,6.139179946410386,6751,4.834378901326899
1.562989,4,504.167234,True,True,0.0048545645974192,12.84346750188153,6755,4.854564597419199
9.438789,3,505.238198,True,True,0.0018714270740876,0.5280146440623192,6758,1.8714270740876
5.414593,3,506.503386,True,True,0.0002394025658017,7.884948217503576,6761,0.2394025658017
3.193182,1,507.599184,True,True,0.0049674355204731,12.130082878907062,6762,4.967435520473099
-20.100848,31,508.644524,True,True,0.0028993313389803,15.765091072367516,6793,2.8993313389803004
6.044561,2,509.649949,True,True,0.0022969490621774,7.085092578266086,6795,2.2969490621774
2.207059,2,510.698026,True,True,0.0010105930307423,13.80996659468176,6797,1.0105930307423
5.337194,2,511.714483,True,True,0.0046673845562829,7.335146920760662,6799,4.6673845562829
-0.049451,2,512.824176,True,True,0.002562574538897,17.72263476842849,6801,2.562574538897
2.616734,1,513.914927,True,True,0.0019656688889477,13.16769985105083,6802,1.9656688889477
9.134281,4,515.210919,True,True,1.00140675156693e-07,1.502312920659367,6806,0.000100140675156693
4.00063,2,516.238667,True,True,0.0005793282004469,10.58206344129573,6808,0.5793282004469
9.764929,1,517.222633,True,True,0.0005585746157931,0.254669584604025,6809,0.5585746157931001
-12.368303,39,518.321785,True,True,0.002648358580633,4.027956516716759,6848,2.648358580633
0.128002,8,519.618092,True,True,0.0069154981075184,15.8210516263984,6856,6.915498107518401
4.906819,1,520.714431,True,True,0.004608787706062,9.038917783437729,6857,4.608787706062
-4.431164,20,520.719424,True,True,0.0029212871563325,15.3637972670254,6877,2.9212871563325002
1.891005,2,521.948259,True,True,0.0069116499805638,12.022405250462818,6879,6.9116499805638
2.623994,3,523.064776,True,True,0.0051263096041958,12.820284713663836,6882,5.1263096041958
1.804303,11,524.08286,True,True,0.0015570280254331,12.669568378669286,6893,1.5570280254331001
3.971672,1,525.24544,True,True,0.0009552276779792,10.72313769315801,6894,0.9552276779792
6.083216,4,526.543324,True,True,0.0007190146702581,6.4901100002130105,6898,0.7190146702581001
6.372082,5,527.742563,True,True,0.0022052932892553,5.056298400201342,6903,2.2052932892553
3.659184,3,528.961696,True,True,0.0007160826552496,11.337930656416804,6906,0.7160826552495999
-2.949,9,530.297275,True,True,0.0096063516497783,17.36590233144817,6915,9.6063516497783
1.43753,1,531.374219,True,True,0.0001948138543974,15.29298458165461,6916,0.1948138543974
-24.779494,60,532.488031,False,True,0.0239022393813044,13.113549282413793,6976,23.9022393813044
-10.146724,26,533.690932,True,True,0.0073064179617335,14.50464642048488,7002,7.3064179617335
5.002004,7,534.758659,True,True,7.478151638965272e-06,8.341200304477365,7009,0.007478151638965272
1.643839,6,534.759654,True,True,0.0018045856539904,14.394491823058008,7015,1.8045856539904002
5.701893,9,536.212075,True,True,0.0025511869268075,5.330892020949104,7024,2.5511869268075
3.348747,9,536.215071,True,True,5.988689371488019e-06,9.094197027692406,7033,0.005988689371488019
1.680395,1,537.340987,True,True,2.209735796317148e-05,14.854962489073172,7034,0.022097357963171478
5.364406,7,538.544841,True,True,0.0117244066497459,8.02002318250519,7041,11.7244066497459
7.826121,10,539.574745,True,True,0.0022250024609462,2.727252088388338,7051,2.2250024609462
-26.618693,60,541.759296,False,True,0.014886640143824,20.877003829157477,7111,14.886640143824
0.925704,1,542.73321,True,True,0.0097004013414034,16.220651674695084,7112,9.7004013414034
3.429946,13,544.080085,True,True,0.0048305616921626,7.561373732790578,7125,4.8305616921626005
2.103112,8,545.386127,True,True,0.0023620165631447,12.610852993426368,7133,2.3620165631447
-19.700995,60,546.488355,False,True,0.0115963461667243,25.07316352793016,7193,11.596346166724299
8.587954,3,547.57137,True,True,4.597744948771354e-06,1.6997369337359776,7196,0.004597744948771354
9.337234,4,548.702365,True,True,0.0024078419430453,0.9842730693086884,7200,2.4078419430453
5.404844,7,550.131849,True,True,6.254024448612474e-05,6.990793668730596,7207,0.06254024448612475
2.683418,1,551.356815,True,True,0.0035796807008494,13.048474229679664,7208,3.5796807008493996
2.187714,1,552.534977,True,True,0.0002176481394058,13.940255894525968,7209,0.2176481394058
-25.110242,53,552.541994,True,True,0.0010881218129344,17.71701902662873,7262,1.0881218129344
0.967493,2,554.326887,True,True,0.0001121649580751,16.152578908100168,7264,0.1121649580751
4.200854,14,555.569783,True,True,0.0003204484941123,8.672991977288902,7278,0.3204484941123
3.536451,1,556.609984,True,True,0.0028045553160564,11.509541700593063,7279,2.8045553160564
-33.029018,60,557.745542,False,True,0.0192136682615271,22.361582333581268,7339,19.213668261527097
6.125759,8,559.078313,True,True,0.0041060447848038,5.815786626519145,7347,4.1060447848037995
5.643567,2,560.313728,True,True,1.082668653369992e-05,7.725862331738763,7349,0.01082668653369992
4.756834,6,561.619932,True,True,0.0093489840504763,8.541621566772472,7355,9.3489840504763
8.305769,1,562.655716,True,True,2.110093123800492e-05,2.8988161636280347,7356,0.021100931238004918
2.830654,5,563.881698,True,True,0.0092361167735172,11.541371090957108,7361,9.236116773517201
2.92736,31,565.303282,True,True,0.0025262366940056,8.01874515006859,7392,2.5262366940055996
6.205385,7,566.488733,True,True,0.0002580861482338,5.609964655010632,7399,0.2580861482338
6.434339,8,567.801359,True,True,0.0093288882550311,5.012868116991045,7407,9.328888255031101
4.547489,2,568.905385,True,True,0.0048422442435301,8.857352264707623,7409,4.842244243530099
3.343053,5,570.124362,True,True,6.090270128489284e-11,11.213422935750842,7414,6.090270128489284e-08
-5.337997,16,571.410834,True,True,0.0015109866431476,15.365220967224658,7430,1.5109866431476
6.67185,4,572.4698,True,True,0.0045745859132155,4.876371610484751,7434,4.5745859132155
5.29773,2,573.641235,True,True,0.0043047782414053,8.017182232206025,7436,4.3047782414053
4.907724,1,574.818841,True,True,0.0051864203561692,9.037731333856774,7437,5.1864203561692
3.503305,12,576.121933,True,True,0.007263571916542,7.681236791122145,7449,7.263571916542
-15.404218,60,577.215554,False,True,0.0044857286893848,22.09744390534137,7509,4.4857286893848
-23.882453,60,578.494828,False,True,0.0281447933815354,30.23052968253104,7569,28.144793381535397
6.242225,6,579.695325,True,True,1.1278501005457587e-05,4.839028285529672,7575,0.011278501005457587
2.34126,3,579.698327,True,True,0.0050900664220006,12.115623445870805,7578,5.0900664220006
6.644535,6,581.621672,True,True,0.0048799209884847,5.26622878819694,7584,4.8799209884847
1.064519,14,582.908845,True,True,0.0095384907145425,5.908958921454931,7598,9.5384907145425
5.007321,8,582.917837,True,True,0.0052399984558966,7.422808950766928,7606,5.2399984558966
-1.262956,22,584.730202,True,True,0.0057984454273639,10.650375034573312,7628,5.7984454273639
4.019681,2,586.050979,True,True,0.0046846127984847,9.501597655478092,7630,4.6846127984847
2.950267,3,587.276121,True,True,0.0048649508853449,10.581187003157588,7633,4.8649508853449
-1.045968,35,588.403309,True,True,0.0074454696993582,1.4687584430464828,7668,7.445469699358201
2.716563,2,590.270607,True,True,0.0014541426575635,12.940848263595498,7670,1.4541426575635
6.954492,6,591.478655,True,True,0.0044573762345,3.739405900069503,7676,4.4573762345
-2.396724,18,592.797665,True,True,0.0080554703669793,8.977733693899415,7694,8.0554703669793
5.326349,12,593.879116,True,True,0.0048996185975703,6.187760853106812,7706,4.8996185975703
4.294556,4,595.067925,True,True,0.0048300330541261,6.426473510628772,7710,4.8300330541261
7.0548,12,595.08191,True,True,0.0023964548958828,5.476622850966155,7722,2.3964548958828
7.813086,1,596.857138,True,True,0.0046456736916842,3.793828128854871,7723,4.6456736916842
-12.754848,25,597.957018,True,True,0.0027376712619062,16.905640020555147,7748,2.7376712619062
8.142241,1,599.106819,True,True,0.0003027129029399,3.1937441549143424,7749,0.3027129029399
3.164292,6,600.243246,True,True,0.0007138073958844,11.700562939392915,7755,0.7138073958844
-0.406249,5,601.406054,True,True,0.005288690860871,14.88313166013173,7760,5.288690860871
2.280496,7,602.708618,True,True,0.0010765302486313,12.874264932690142,7767,1.0765302486313
-0.006959,12,602.728603,True,True,0.0071747117576201,10.291582945452287,7779,7.174711757620099
1.851835,1,604.562801,True,True,0.0017268203974219,14.54685788551256,7780,1.7268203974219
8.778048,1,605.789143,True,True,0.000191097502249,2.043321749455553,7781,0.191097502249
-1.069826,4,606.97449,True,True,0.0057517936800234,16.262785867514562,7785,5.7517936800234
3.74304,10,608.118956,True,True,0.0001292383047594,10.01824756338945,7795,0.1292383047594
8.195216,4,609.261534,True,True,0.0072570016566568,2.235991045631279,7799,7.2570016566568
5.663151,2,610.592512,True,True,0.0046196844775879,7.603197077422546,7801,4.6196844775879
5.26509,4,611.63168,True,True,0.0001982258002276,7.133209592101821,7805,0.1982258002276
6.640952,1,611.641618,True,True,0.0095393138603944,5.914112538614425,7806,9.539313860394401
3.539954,3,613.434464,True,True,0.0044583215142502,10.617548339197713,7809,4.4583215142502
7.975627,3,614.643214,True,True,0.0046030933005744,1.89905937025902,7812,4.6030933005744
5.345575,5,615.736444,True,True,0.0003131684762721,8.595826358658304,7817,0.3131684762721
3.474057,1,616.891294,True,True,0.0043431908948296,11.6231277991615,7818,4.3431908948296005
8.662399,2,616.903319,True,True,6.093346526221547e-06,1.4910960505795914,7820,0.006093346526221547
4.562627,1,618.767404,True,True,0.0001502649142716,9.656341105132231,7821,0.1502649142716
8.764178,2,619.78084,True,True,4.622939191016584e-05,1.3949689950860693,7823,0.04622939191016584
-6.420061,16,621.185565,True,True,0.0033224421100673,17.866731047239625,7839,3.3224421100673
-26.128783,60,622.809653,False,True,0.055575668505953,49.01937371178596,7899,55.575668505953004
-3.273049,21,623.859988,True,True,4.02446874868314e-06,14.152606815086257,7920,0.00402446874868314
8.04286,5,625.139183,True,True,0.0002000073555128,3.132287816763333,7925,0.20000735551280002
3.100609,5,626.26641,True,True,0.0013763410628333,11.392196215140656,7930,1.3763410628333002
2.615626,1,627.463587,True,True,0.0039449242935159,13.170949672235954,7931,3.9449242935159
5.565064,2,627.481594,True,True,0.0047237810806253,6.418251349563739,7933,4.7237810806253
-21.533188,40,629.45101,True,True,0.0076222347395392,2.780098690380349,7973,7.6222347395392
3.211383,1,630.635984,True,True,0.004886706303172,12.09720867697273,7974,4.886706303172
3.556549,2,631.840808,True,True,0.0046869472937131,11.468021674239663,7976,4.6869472937131
5.920236,5,633.02326,True,True,0.0027255684647699,7.308777124195125,7981,2.7255684647699
-40.618967,60,634.468537,False,True,0.0143692021404718,4.543539857710083,8041,14.3692021404718
1.287476,12,635.700082,True,True,0.004690578621063,14.357284285415878,8053,4.690578621063
6.169716,7,636.959358,True,True,4.3999487998732864e-05,4.989925163473036,8060,0.043999487998732864
1.878264,7,638.055067,True,True,2.8044402390625667e-10,13.749630318186258,8067,2.8044402390625667e-07
2.450019,1,639.257304,True,True,1.8786841435390784e-05,13.467088403541617,8068,0.018786841435390784
4.680165,1,640.53252,True,True,0.0039955294604121,9.447337995824824,8069,3.9955294604121003
-15.982001,39,641.849417,True,True,0.0032452254863527,17.802649755342184,8108,3.2452254863527
5.496602,1,642.933895,True,True,0.0050285659851995,7.975175364165556,8109,5.028565985199499
6.379256,2,644.114725,True,True,0.0045803280225459,5.784091819804058,8111,4.5803280225459
5.520531,6,646.213585,True,True,0.0023979967799752,7.005349565652849,8117,2.3979967799752
3.318462,14,646.225582,True,True,0.0025110992617091,10.427577551637825,8131,2.5110992617091
0.057256,1,648.035273,True,True,6.348250171018914e-05,17.78138197748481,8132,0.06348250171018914
7.937923,1,649.126148,True,True,2.827369169212642e-05,3.563252064569628,8133,0.02827369169212642
2.868275,3,650.425876,True,True,0.0046786125754798,11.706583616865531,8136,4.6786125754798
5.696367,3,651.692123,True,True,0.0003155883599452,7.405497627275783,8139,0.3155883599452
7.545061,1,652.858342,True,True,0.0041525683078805,4.277225392356283,8140,4.1525683078805
-22.839209,60,654.029505,False,True,0.0085670812668136,15.123677016516409,8200,8.5670812668136
6.064742,2,655.210689,True,True,0.0038235529660298,6.616500757260352,8202,3.8235529660298
4.433485,6,656.286827,True,True,9.695998996789908e-05,11.467554797847836,8208,0.09695998996789909
1.136278,16,657.892283,True,True,0.0052929609386467,11.809868206511211,8224,5.2929609386467
-25.654353,60,659.416273,False,True,0.0015837966798785,26.608073969641552,8284,1.5837966798785
4.226426,1,660.51599,True,True,0.0002565902836622,10.263005892419972,8285,0.25659028366220005
5.637277,1,661.648881,True,True,0.0002032096263273,7.717130411098773,8286,0.20320962632730002
8.478727,4,662.838558,True,True,1.7970881565079554e-05,2.379499192241508,8290,0.017970881565079554
1.704548,1,663.959935,True,True,0.002549850914345,14.81291174466764,8291,2.549850914345
-7.657238,41,665.138558,True,True,0.0003830829493454,14.082672299577538,8332,0.3830829493454
5.777197,1,666.337879,True,True,0.0001196892548298,7.464519458115917,8333,0.1196892548298
-19.996244,60,667.495655,False,True,0.0206124186109758,28.732178995081867,8393,20.6124186109758
4.122119,6,668.840146,True,True,0.0096158569131501,7.452484152087089,8399,9.6158569131501
0.693657,12,669.929248,True,True,0.0060534262187351,10.528958179082302,8411,6.0534262187351
4.06648,1,671.089199,True,True,0.0001306270636378,10.550762275144873,8412,0.1306270636378
4.047095,5,672.10417,True,True,0.0016696977015297,10.171436814250296,8417,1.6696977015296999
2.247015,1,673.2042,True,True,1.1316225734248064e-11,13.833174865629797,8418,1.1316225734248064e-08
5.253477,9,674.607773,True,True,0.0026769086466585,8.133274026400837,8427,2.6769086466585
3.144979,1,675.675167,True,True,1.0588132107192115e-10,12.21365877198519,8428,1.0588132107192115e-07
2.800921,1,676.813674,True,True,0.0012145833866365,12.835038135179635,8429,1.2145833866365
-3.043256,37,678.067354,True,True,0.0006633578904879,1.0079959655094386,8466,0.6633578904879001
3.475884,9,679.185602,True,True,0.0007654645669063,10.668575502589563,8475,0.7654645669063
-43.573488,60,680.297223,False,True,0.0201191423554838,39.08591821455582,8535,20.119142355483802
3.61331,5,681.513502,True,True,0.0027947935371228,10.72681212943205,8540,2.7947935371228
8.019432,2,682.631189,True,True,2.617286169960369e-05,4.240917116567961,8542,0.02617286169960369
2.637078,4,682.641181,True,True,0.0067463803928367,12.323389059157387,8546,6.7463803928367
1.300918,8,683.996805,True,True,0.00539353595477,12.385256360042616,8554,5.39353595477
8.09785,9,684.007791,True,True,0.0047082145742007,2.558627813361116,8563,4.708214574200699
8.152876,2,685.222167,True,True,5.945603623848384e-05,3.024197863585789,8565,0.05945603623848384
3.986605,2,686.371242,True,True,3.278071893791923e-10,10.56623736307423,8567,3.278071893791923e-07
5.731614,2,687.4747,True,True,0.0016485816459012,7.737434849015513,8569,1.6485816459012
9.783522,3,688.542844,True,True,0.0022766347895904,2.0165312795474706,8572,2.2766347895904
9.32358,1,689.623473,True,True,0.0064213513764364,1.0680484044370613,8573,6.4213513764364
2.462662,12,691.022832,True,True,0.0070125507958389,11.698507651415824,8585,7.012550795838901
1.094827,5,693.076453,True,True,0.0041613245498535,15.51507002808534,8590,4.161324549853499
-36.512705,60,694.407624,False,True,0.011673955717245,22.911028027433247,8650,11.673955717244999
3.651568,6,696.076451,True,True,0.0051884588404749,10.60431222092521,8656,5.1884588404749
2.698375,4,697.73409,True,True,0.009671562205127,11.85664997577496,8660,9.671562205127
9.038871,2,697.735081,True,True,0.0004479078937581,2.45921101611609,8662,0.44790789375810003
-10.692638,45,699.169396,True,True,0.0053814506494023,12.232040506854124,8707,5.3814506494023
7.534322,3,700.275846,True,True,0.0031990856856578,4.0038084671865946,8710,3.1990856856578
8.668023,3,700.289396,True,True,4.668200530698764e-05,1.4030152145239445,8713,0.04668200530698764
1.200299,4,701.964996,True,True,3.0027584875611663e-05,15.858915582660666,8717,0.030027584875611663
5.198959,4,701.979991,True,True,5.195143852783357e-07,7.447557357282143,8721,0.0005195143852783357
0.377712,1,703.435789,True,True,0.0006223477679925,17.20090172724211,8722,0.6223477679925
9.77358,7,704.626641,True,True,0.0022022631235209,1.0273856516146818,8729,2.2022631235209
3.740186,2,704.631631,True,True,0.0027268334044315,11.00070330446006,8731,2.7268334044315
2.455666,1,706.067463,True,True,0.0043791709601496,13.459656278777794,8732,4.3791709601496
9.488524,2,707.333815,True,True,0.0049094853779819,1.456801140264482,8734,4.9094853779819
0.790982,5,708.790325,True,True,0.0048551935623275,15.785519129947074,8739,4.8551935623275
7.182453,6,710.023263,True,True,3.767377825986389e-05,3.486179030619184,8745,0.03767377825986389
3.131842,4,711.743373,True,True,0.0069295679385742,11.582236741346971,8749,6.9295679385742
6.383696,4,712.978687,True,True,0.0004500457229631,4.701796626986422,8753,0.4500457229631
4.977995,4,714.34058,True,True,0.0047816532718764,8.54965095148728,8757,4.7816532718764
0.258834,5,715.703138,True,True,0.0046199963819874,14.490234559283126,8762,4.6199963819874
-24.625576,60,716.874264,False,True,0.0208528553503882,33.85390190140529,8822,20.8528553503882
2.113028,4,716.87525,True,True,0.0042087742031545,13.491201540522372,8826,4.2087742031545
7.695531,1,716.881253,True,True,0.0054159480492172,4.006869761790873,8827,5.4159480492172
9.873471,17,718.420255,True,True,0.0048248949588489,0.750399557963836,8844,4.8248949588489
4.676712,6,719.660195,True,True,0.0091289091177377,6.772655028714812,8850,9.1289091177377
5.827739,9,720.846749,True,True,0.0066120845016751,5.251730574858053,8859,6.6120845016751
-1.982497,9,720.858742,True,True,0.0094258992683515,10.674762664944328,8868,9.4258992683515
7.537002,2,722.161458,True,True,0.000547181584294,4.456679067666901,8870,0.547181584294
6.666861,3,723.310017,True,True,0.0017369943039041,5.583820921777533,8873,1.7369943039041
3.624343,9,724.418128,True,True,0.0096416870976526,10.770070789371507,8882,9.6416870976526
5.371784,2,725.504137,True,True,0.0097304974029471,7.362026674186661,8884,9.730497402947101
6.095469,2,726.726754,True,True,0.0046784899188429,6.759657292582991,8886,4.6784899188429
6.027173,11,727.983855,True,True,0.0096580245795563,5.707990621570591,8897,9.6580245795563
6.228898,4,729.225808,True,True,0.0044206894335684,4.004524905016597,8901,4.4206894335684
3.191913,8,730.473109,True,True,0.0041773688109775,10.92767872360686,8909,4.177368810977501
2.676719,3,731.689031,True,True,0.0019812166532159,12.813391515557516,8912,1.9812166532159
7.498572,2,732.906999,True,True,1.7461554572277722e-05,3.795687385184568,8914,0.017461554572277722
-7.115689,20,733.953266,True,True,0.0050819122484256,17.002304129686244,8934,5.081912248425599
1.847233,10,733.964255,True,True,0.0091180263053792,13.198192903906032,8944,9.118026305379201
5.622587,5,735.504666,True,True,3.8501212686179245e-05,6.4233349967756,8949,0.038501212686179245
0.625591,2,736.691665,True,True,0.0002146965567282,16.11873694315753,8951,0.2146965567282
-9.668959,42,737.979611,True,True,0.0045211618233065,15.641794015115222,8993,4.5211618233065005
1.211731,6,739.06723,True,True,0.0017780745562857,14.751482794727233,8999,1.7780745562856999
0.952529,5,740.387408,True,True,0.005979825634779,15.533444910525056,9004,5.979825634779
4.207265,1,741.612452,True,True,0.0053386914414626,10.301386533104674,9005,5.3386914414626006
2.197174,7,742.805717,True,True,0.0071689112781036,11.024668088664628,9012,7.1689112781036
7.426627,8,744.145605,True,True,0.0050739833323003,2.86908424361909,9020,5.0739833323003
-11.675503,33,744.156589,True,True,0.0044347937348861,15.39913113388415,9053,4.4347937348861
8.862215,3,745.499397,True,True,0.0048173135193101,1.536591791277555,9056,4.8173135193101
1.779355,1,746.625664,True,True,0.0003086219600651,14.6766950792711,9057,0.3086219600651
6.768596,3,747.819441,True,True,0.0047545385872801,5.565831700274613,9060,4.7545385872801
0.110252,17,749.366423,True,True,0.0045894488499059,10.651615493004016,9077,4.5894488499059
-12.774313,60,750.48687,False,True,0.0139852143322647,69.1455716237148,9137,13.9852143322647
-3.842181,25,750.496793,True,True,0.0049621149492685,6.931857707241423,9162,4.9621149492685
4.165841,7,752.823925,True,True,0.0053987219646987,9.281055235259808,9169,5.3987219646987
-0.028253,7,753.970815,True,True,0.0040820341867716,17.060554043708603,9176,4.0820341867716
2.89354,1,753.97582,True,True,0.0049783495512812,12.670442858015113,9177,4.9783495512812
2.360844,2,755.288125,True,True,0.0043807586208362,12.893733744730383,9179,4.3807586208362
5.447915,4,756.48044,True,True,0.0018602066988022,5.498440813308343,9183,1.8602066988022
7.20253,2,756.484447,True,True,2.907428983170944e-05,4.291738629121361,9185,0.02907428983170944
8.438648,2,757.870305,True,True,0.0051647665668043,3.2474034350375267,9187,5.1647665668043
-24.617293,60,758.917146,False,True,0.0002473792171181,19.42262706542355,9247,0.24737921711810001
3.65535,4,758.925114,True,True,0.0029344503681,10.863325856972573,9251,2.9344503681000003
4.466399,1,760.299067,True,True,0.0047327627526057,9.833518370336977,9252,4.7327627526057
4.321953,1,760.300054,True,True,0.0030825180637752,10.092852915353443,9253,3.0825180637752
7.988702,16,760.306055,True,True,0.0046813637027604,0.7794762484524246,9269,4.6813637027604
4.099066,11,762.215868,True,True,2.520121985537336e-05,7.080462339946831,9280,0.02520121985537336
5.006084,2,763.310154,True,True,0.0005714483079403,8.72334582653228,9282,0.5714483079403
-0.015956,14,764.355633,True,True,0.0007907939948087,13.641732456549317,9296,0.7907939948086999
2.358915,2,765.737393,True,True,0.0101830011970634,13.639841839159637,9298,10.1830011970634
2.01079,5,767.123305,True,True,0.0011175599467988,13.761113525863884,9303,1.1175599467988
-3.365067,26,769.135846,True,True,0.0008482589906786,5.050222011258099,9329,0.8482589906786
3.444818,2,770.812115,True,True,0.0012394706327885,11.547575423300968,9331,1.2394706327885001
-0.120988,4,772.229221,True,True,0.010213540343695,16.963045729553983,9335,10.213540343695
7.667385,3,773.608335,True,True,0.0095563904570042,3.262360780833324,9338,9.5563904570042
9.885083,1,774.687891,True,True,2.4581844502694745e-05,0.0434411708023113,9339,0.024581844502694745
-15.322676,60,775.983201,False,True,0.0046336066986119,8.75129938967912,9399,4.6336066986119
-30.608455,60,777.261708,False,True,0.0086661949599794,36.60237251970695,9459,8.6661949599794
3.299345,16,778.607661,True,True,0.0001624272990053,8.58911990859075,9475,0.16242729900529998
5.860342,7,779.884287,True,True,7.464959252822926e-05,5.708350215692519,9482,0.07464959252822927
-19.782483,60,781.086373,False,True,0.0081368007177181,30.66968880800876,9542,8.1368007177181
0.325067,22,781.099359,True,True,0.0099565258031084,13.976829905668536,9564,9.9565258031084
6.388535,10,782.519847,True,True,0.0015193522818145,5.339941496537454,9574,1.5193522818145
9.135199,5,782.528856,True,True,0.0024493588368915,1.3037877832185845,9579,2.4493588368915002
7.858557,1,783.798525,True,True,0.0011343745721485,3.707869538458322,9580,1.1343745721485001
5.525317,2,784.895967,True,True,0.0017415338681231,8.446600903119343,9582,1.7415338681231
6.444189,3,786.150276,True,True,0.0070041926978714,5.839898860042645,9585,7.0041926978713995
5.380822,1,787.414064,True,True,0.005113476460652,8.184142776520304,9586,5.113476460652
3.71652,2,788.768673,True,True,0.0045972681282642,11.1939814296928,9588,4.597268128264201
6.80196,1,789.850411,True,True,4.5021428058306725e-05,5.614581495752926,9589,0.04502142805830672
8.865681,14,790.968267,True,True,0.0074003625052852,2.0002047527998146,9603,7.4003625052852
7.328451,1,790.971261,True,True,1.789317066689007e-05,4.663917103929392,9604,0.01789317066689007
0.109153,1,792.335275,True,True,0.0014424803826137,17.68852745301009,9605,1.4424803826137
0.844351,9,793.470925,True,True,0.0094004912730134,14.363867852081857,9614,9.400491273013401
6.427744,2,793.473943,True,True,2.855883080340321e-05,5.126261051431147,9616,0.02855883080340321
4.348575,3,794.832833,True,True,0.0015503013260417,9.511779497975573,9619,1.5503013260417
1.98508,1,795.900332,True,True,0.0050107594142755,14.308524096618385,9620,5.0107594142755
4.620162,2,797.022198,True,True,0.0047489932247124,8.710701892015463,9622,4.748993224712399
0.832252,7,798.160489,True,True,0.0017051455401589,15.198511385383153,9629,1.7051455401589
1.317758,9,799.573632,True,True,0.001513252321732,3.616513141909723,9638,1.513252321732
3.852332,19,800.759557,True,True,0.0022984072432513,8.95508295925001,9657,2.2984072432513
8.821036,2,800.769543,True,True,0.0002885271171799,2.1054321057504004,9659,0.28852711717990004
5.86237,2,803.01318,True,True,3.835058318985701e-07,6.3764328827631225,9661,0.0003835058318985701
6.471647,3,804.169104,True,True,0.0021191138912391,4.432033411029168,9664,2.1191138912391
2.358194,3,805.246861,True,True,2.927254575887939e-11,13.584756997719747,9667,2.9272545758879387e-08
4.531478,1,806.407226,True,True,0.0035459074119701,9.715227667278764,9668,3.5459074119701
9.478094,1,807.58589,True,True,1.6510320901903103e-05,0.7803864379402528,9669,0.016510320901903103
-46.808781,60,807.600857,False,True,0.000768296154991,35.011997038995965,9729,0.768296154991
6.265168,1,808.961262,True,True,0.0023833186016384,6.585900121361831,9730,2.3833186016384
3.147006,9,810.180201,True,True,0.0010550767797301,10.55524638301118,9739,1.0550767797301
2.340063,6,811.294055,True,True,0.0046238998301331,14.21140944873752,9745,4.6238998301331
8.472086,1,812.385792,True,True,0.0023026943818136,2.601142769235378,9746,2.3026943818136
1.916182,10,813.733497,True,True,0.0008843818930348,13.377357428931711,9756,0.8843818930348001
3.832881,5,814.905914,True,True,0.0048782307744916,7.990169430168329,9761,4.8782307744916
-1.807202,30,816.290466,True,True,0.0049611177841076,7.948169204426089,9791,4.9611177841076
9.700076,2,817.47036,True,True,0.0052721437738581,0.5600516200652694,9793,5.2721437738581
-24.280943,60,818.910052,False,True,0.0114943377194523,69.10904552576761,9853,11.4943377194523
1.46434,5,820.177683,True,True,0.0068207513963287,14.539434507421642,9858,6.8207513963287
-15.58835,41,821.38003,True,True,0.0039793194549875,16.472908637328704,9899,3.9793194549875004
0.464987,4,822.564598,True,True,0.0002327106365947,15.73245993196461,9903,0.2327106365947
2.308702,2,823.705924,True,True,0.0028262963777525,13.406469069968477,9905,2.8262963777525
6.724817,10,824.874424,True,True,0.0004463972108111,3.744630204029175,9915,0.4463972108111
2.308993,8,826.195583,True,True,0.0046230493698474,12.334626475225908,9923,4.6230493698474
2.277545,8,827.277086,True,True,0.0014958093802674,13.011924800091151,9931,1.4958093802674002
3.224103,3,828.451388,True,True,0.0004547005415999,11.756786453982112,9934,0.45470054159990003
-15.051195,45,829.877027,True,True,0.0038702541272174,16.38383657858801,9979,3.8702541272174
4.016393,10,829.887034,True,True,0.0061860484463046,9.147770113050727,9989,6.1860484463046
5.54536,1,831.243439,True,True,0.005036376909482,7.886590380655225,9990,5.036376909482
6.270037,1,831.250416,True,True,0.000121779745263,6.574938944836164,9991,0.12177974526299999
5.709667,1,832.577413,True,True,0.0048776023513713,7.5906054207190525,9992,4.8776023513713005
-9.462518,17,833.717216,True,True,0.0019971635771016,16.055075986918098,10009,1.9971635771016
-19.786076,60,833.721223,False,True,0.0019570394888768,30.309174194964484,10069,1.9570394888768
0.143895,2,835.111387,True,True,0.0026550588731205,16.62626375661128,10071,2.6550588731205
8.819968,1,835.135376,True,True,0.0001106034484344,1.9699954328226983,10072,0.11060344843440001
9.461527,2,836.544467,True,True,0.0017604483214133,0.6554344082134076,10074,1.7604483214133
2.530062,2,837.660323,True,True,0.0048568489766182,11.146344208327678,10076,4.8568489766182
8.378729,4,838.873232,True,True,0.0023437167811634,2.251655588147215,10080,2.3437167811634
5.222823,8,840.054951,True,True,0.0046235444527952,5.592784159665077,10088,4.6235444527952
3.742572,1,841.165304,True,True,1.2203091627471794e-09,11.135702521794808,10089,1.2203091627471794e-06
0.772145,14,842.589192,True,True,0.002410529543001,13.619933568909182,10103,2.410529543001
0.238135,13,843.806849,True,True,0.0020672570596421,15.281657636427926,10116,2.0672570596421003
5.401225,2,843.815835,True,True,0.0059289855030866,6.787500063435536,10118,5.9289855030866
2.390926,2,845.183671,True,True,0.0047663013366921,12.646821557901236,10120,4.7663013366921
8.401347,2,845.194662,True,True,0.0044400114260602,2.584204190430475,10122,4.4400114260602
4.280149,1,846.480202,True,True,0.0003207192679117,10.16613315061162,10123,0.3207192679117
6.919056,1,847.653191,True,True,0.0047193437520688,5.4078684650852695,10124,4.7193437520687995
2.781941,6,848.98565,True,True,0.0001177014964129,12.214693231728956,10130,0.1177014964129
0.291713,8,848.991634,True,True,0.0031113989383127,16.98914610927422,10138,3.1113989383127003
1.806985,1,850.337908,True,True,0.0040649208804971,14.629086273682756,10139,4.0649208804971
5.210736,1,851.480727,True,True,0.0096860894979054,8.494486188714776,10140,9.6860894979054
1.353734,2,852.6933,True,True,0.0001601430330145,11.852054357465276,10142,0.1601430330145
-17.974897,60,855.653366,False,True,0.0058646847479679,27.237793491034772,10202,5.8646847479679
4.174748,1,856.822451,True,True,0.0096413892367537,10.362962347856223,10203,9.6413892367537
6.587387,1,857.917324,True,True,0.0002041193181215,6.002132494228087,10204,0.2041193181215
-31.07768,60,859.100373,False,True,0.0046978984583941,28.4777264090495,10264,4.6978984583941
7.286338,2,859.110374,True,True,0.0001357133309627,3.4695180835547053,10266,0.1357133309627
2.812097,2,860.473012,True,True,0.00496976781904,12.491376696138111,10268,4.969767819039999
6.683545,4,861.766963,True,True,0.0047060269422821,4.332703121241441,10272,4.7060269422821
2.228629,6,861.781954,True,True,8.515556960606886e-05,11.007689782290129,10278,0.08515556960606886
1.771427,1,863.114675,True,True,0.0005962776501427,14.691165632226964,10279,0.5962776501427
8.735296,1,863.126672,True,True,0.0058129297288228,2.1298386982037325,10280,5.812929728822801
1.748176,2,864.431334,True,True,3.2965975782506263e-10,14.611739800715792,10282,3.2965975782506263e-07
1.068993,12,865.970936,True,True,0.010211545736298,13.954964871622597,10294,10.211545736298001
-24.66936,60,867.186143,False,True,0.0008778570707299,16.54907691008667,10354,0.8778570707299
-14.970183,57,868.323295,True,True,0.0047393980662355,9.528717437099454,10411,4.7393980662355
0.04632,1,868.332288,True,True,0.004912888632621,17.803459676227376,10412,4.912888632621
0.715161,5,869.697652,True,True,0.0047962714446698,15.94260232232808,10417,4.7962714446698
1.188359,8,869.712638,True,True,0.0049354884798879,11.398347490965543,10425,4.9354884798879
5.227334,2,871.106827,True,True,0.0001041056216223,8.511493052959798,10427,0.1041056216223
4.892742,8,872.256405,True,True,0.0041759852428466,8.036838359482825,10435,4.1759852428465996
3.057733,1,873.516211,True,True,1.623118445204241e-10,12.37102434600392,10436,1.623118445204241e-07
2.125498,3,874.705519,True,True,6.063357299074777e-05,13.636478393985614,10439,0.06063357299074777
0.147699,2,875.809814,True,True,7.173147522600461e-05,17.262471396517668,10441,0.0717314752260046
3.523251,7,876.92802,True,True,9.228215207701284e-07,10.613453109819195,10448,0.0009228215207701284
2.119981,5,878.151614,True,True,0.0024672485941424,13.58030362631266,10453,2.4672485941424
4.810525,7,879.341322,True,True,0.0002502622214569,9.66276498639308,10460,0.25026222145689997
7.025207,12,880.905761,True,True,0.0032658324509361,4.409548496985282,10472,3.2658324509360996
-31.378986,60,882.726179,False,True,0.0112623433851791,33.223735481189124,10532,11.2623433851791
1.112925,10,884.10476,True,True,0.0078519830326172,13.001370613213046,10542,7.8519830326172
-11.962299,40,884.116763,True,True,0.0118307761623173,11.430461214806812,10582,11.8307761623173
5.793844,2,885.442292,True,True,0.0090860010654858,6.881509443939989,10584,9.086001065485801
0.18961,3,886.627601,True,True,0.0024866587986487,16.76531147300495,10587,2.4866587986487
3.686154,7,887.744316,True,True,0.0009940412867725,9.90946872247407,10594,0.9940412867725
5.511055,2,888.943508,True,True,0.0001733394033209,7.949505073544378,10596,0.1733394033209
1.12445,7,890.220954,True,True,0.0023361987879557,8.401352185437888,10603,2.3361987879557002
-39.489311,60,891.412951,False,True,0.0187594148733206,33.503892261253895,10663,18.759414873320598
7.932642,2,892.635239,True,True,0.0046474814295834,2.561168467550442,10665,4.6474814295834
8.18866,10,893.91245,True,True,0.0023829464612231,3.475219128499428,10675,2.3829464612231
6.485428,3,895.084501,True,True,0.004519753690034,5.874231657083493,10678,4.519753690034
6.575569,2,896.287303,True,True,0.0047438498582736,3.917147366456677,10680,4.743849858273601
-1.402198,10,898.105715,True,True,0.0117481840445171,15.955885176068293,10690,11.7481840445171
2.226813,1,899.267265,True,True,0.0029139628243853,13.871430099492828,10691,2.9139628243853
2.07263,3,900.34639,True,True,0.0053748817614131,13.685268727308948,10694,5.3748817614131
1.712248,3,901.584082,True,True,4.958273375210709e-12,14.335242714778014,10697,4.958273375210709e-09
-41.097014,60,902.761339,False,True,0.008321540039354,22.186045390400924,10757,8.321540039354
4.368361,5,903.929099,True,True,0.0048512418130737,7.850767325630292,10762,4.8512418130737
3.544601,1,905.077349,True,True,1.9748567857050432e-05,11.492838929631455,10763,0.019748567857050432
4.730484,2,906.337689,True,True,2.815794300637578e-05,8.52421766424164,10765,0.02815794300637578
6.988057,27,907.446424,True,True,0.0042819370465392,2.3968178679859355,10792,4.2819370465392
7.817813,1,907.456438,True,True,0.0006588927310049,3.780909660992872,10793,0.6588927310049
9.568752,2,908.753069,True,True,0.0002815624366751,0.4568100706884919,10795,0.2815624366751
3.421311,8,908.764093,True,True,0.0003650950077355,10.737490922164785,10803,0.3650950077355
4.503911,1,910.036614,True,True,0.0053519045718273,9.766309144934077,10804,5.3519045718273
7.582125,2,911.275137,True,True,3.544580366278069e-05,4.340229029561306,10806,0.03544580366278069
4.907796,2,912.38279,True,True,0.0081865372308926,8.708175195703344,10808,8.1865372308926
6.320578,2,913.500199,True,True,4.8851942543969126e-05,6.687037230577183,10810,0.04885194254396913
5.377473,10,914.669263,True,True,0.0048877804854462,5.4914928937219045,10820,4.8877804854462
7.494969,3,915.750208,True,True,2.815611384672685e-05,3.490930102988889,10823,0.02815611384672685
2.957932,4,916.968754,True,True,0.0042202353348598,11.34092411464529,10827,4.2202353348598
7.382861,1,918.02539,True,True,3.261566578512034e-05,4.565681435100987,10828,0.03261566578512034
0.508324,9,919.175508,True,True,0.0047782759549445,12.318701251983311,10837,4.778275954944499
3.973264,3,920.408672,True,True,0.0005680306986646,10.503701400732004,10840,0.5680306986646
7.417682,7,921.678782,True,True,0.0047297770446109,4.3608607303420825,10847,4.7297770446109
6.34291,1,922.878356,True,True,0.0001724308223666,6.44344041888987,10848,0.1724308223666
5.301308,1,923.983565,True,True,0.0053104388616654,8.327761004187423,10849,5.3104388616654
8.129122,4,923.990568,True,True,0.000358841656609,2.446666675184803,10853,0.358841656609
0.359973,4,925.43295,True,True,0.0024442818618063,16.67991851376769,10857,2.4442818618063
3.283153,7,926.662981,True,True,6.648216982061946e-05,8.675726390892098,10864,0.06648216982061946
5.71221,5,927.961643,True,True,0.0004693634409048,6.755687361875714,10869,0.46936344090480003
8.01235,6,929.320694,True,True,0.000112080649562,2.173398816426137,10875,0.11208064956199999
-2.521832,10,930.484432,True,True,0.0042354415706271,16.773160556120317,10885,4.2354415706271
3.630982,4,931.71387,True,True,0.004584215766399,10.450563854059816,10889,4.584215766399
-25.768246,60,933.136107,False,True,0.0142431860659198,32.42527314984161,10949,14.2431860659198
2.854917,2,933.145092,True,True,0.0083517041716186,12.682276061311526,10951,8.3517041716186
8.279487,1,934.54755,True,True,0.0003665020372441,2.946708682965168,10952,0.3665020372441
3.461848,2,935.751381,True,True,0.0006514262385061,9.979213425979014,10954,0.6514262385061
1.144999,1,935.756372,True,True,0.0042466564633235,15.822657758326663,10955,4.2466564633235
-0.030087,7,937.452933,True,True,0.0031376576748284,17.890547750038035,10962,3.1376576748284
1.764726,2,938.858041,True,True,0.0047318566549932,14.58742879595034,10964,4.7318566549932
9.352827,1,938.863041,True,True,9.555156062386603e-06,1.007020944909044,10965,0.009555156062386603
7.290656,3,940.593867,True,True,9.56355599534848e-06,4.099295919148922,10968,0.00956355599534848
4.171353,1,941.720651,True,True,0.0031146661470543,10.364547502664912,10969,3.1146661470543
6.078438,1,942.956051,True,True,7.398365859077362e-05,6.920746848124685,10970,0.07398365859077362
0.868558,1,944.009615,True,True,0.0053469576466549,16.32156243803028,10971,5.3469576466549
5.623091,4,944.018596,True,True,1.636248943808448e-05,7.105145202523597,10975,0.01636248943808448
5.334136,5,945.931345,True,True,0.0019600018551179,5.951697686253008,10980,1.9600018551179
-35.079853,60,947.18374,False,True,0.0065891997559042,18.83686585759851,11040,6.5891997559041995
0.797478,13,948.544954,True,True,0.0030490603669914,14.767165442729432,11053,3.0490603669914003
-0.229726,10,949.812188,True,True,0.0069512650662581,14.63965504953266,11063,6.9512650662581
7.624541,4,951.004722,True,True,0.0004263628389586,5.02491826861986,11067,0.4263628389586
4.831235,7,952.226553,True,True,0.0010438696251951,6.379067049098568,11074,1.0438696251950998
9.598019,2,953.724244,True,True,2.448611708734394e-06,0.5586268718829597,11076,0.002448611708734394
2.856959,1,954.854124,True,True,0.003920677024205,12.735741796234215,11077,3.920677024205
3.475106,1,955.970814,True,True,7.438756476481952e-06,11.618189464431705,11078,0.007438756476481952
4.002211,5,955.97382,True,True,0.004557755180157,9.9415054708891,11083,4.557755180157
4.021175,1,957.301778,True,True,0.0021557689594358,10.634739009388989,11084,2.1557689594358003
1.353687,4,958.561507,True,True,9.260179366346166e-05,14.922964728248886,11088,0.09260179366346166
7.588842,1,959.79143,True,True,0.001276001227379,4.195098161047328,11089,1.276001227379
1.592851,12,959.802409,True,True,0.0022341337510297,11.588657747942928,11101,2.2341337510297
5.694025,1,961.232582,True,True,0.0023379454300202,7.616640853434184,11102,2.3379454300202003
4.58767,1,961.23458,True,True,0.0009570137269889,9.61181389497468,11103,0.9570137269889
1.977319,9,963.378879,True,True,0.0043377030877486,12.068310811378984,11112,4.3377030877486
4.951139,8,964.765162,True,True,0.0046774118037572,6.953124771816154,11120,4.6774118037572
-2.610188,28,967.601749,True,True,0.0070078505611741,13.960511730598492,11148,7.0078505611740995
-16.196879,60,968.845227,False,True,0.0002981480072053,29.495560250032423,11208,0.2981480072053
5.110865,7,970.125968,True,True,0.0075276021207077,6.882375574550244,11215,7.527602120707701
-25.367436,60,971.460961,False,True,0.0143119374685272,50.57553764574496,11275,14.3119374685272
6.420704,4,972.67291,True,True,0.0047682267181096,6.3602210358296905,11279,4.7682267181096
6.527345,4,974.05286,True,True,0.0045853162467493,5.006383996284111,11283,4.5853162467493
8.640081,1,975.345328,True,True,0.0049418158345109,2.3008010300792896,11284,4.9418158345109005
-24.738401,60,975.353318,False,True,0.0043573096769973,24.79703974363143,11344,4.357309676997301
3.714603,1,976.745062,True,True,0.000670783435902,11.186658458842285,11345,0.6707834359020001
6.967175,2,977.828813,True,True,0.0024156926514546,4.359165062004979,11347,2.4156926514546
6.880259,9,978.888591,True,True,0.0008173578590955,3.5977632224404084,11356,0.8173578590955001
4.937535,1,980.137611,True,True,0.0040754576844849,8.983086075451347,11357,4.0754576844849
0.605861,1,981.459812,True,True,0.0043265327139049,16.794594510969663,11358,4.3265327139049
0.67193,7,982.798199,True,True,0.0048550170154798,15.95968011066866,11365,4.855017015479801
9.36501,4,984.314696,True,True,0.0004622252452955,0.4250905660837233,11369,0.46222524529549996
-0.987931,15,985.492604,True,True,0.00461969902087,12.22370528595676,11384,4.61969902087
6.991334,5,986.894495,True,True,0.0019191430430446,7.899910719559555,11389,1.9191430430446
-4.29069,14,988.400938,True,True,0.0005120399778313,17.680630765996483,11403,0.5120399778313001
6.73605,1,989.545827,True,True,2.9300899037042194e-06,5.7335350524832975,11404,0.0029300899037042194
5.150917,1,990.865565,True,True,0.001012978658645,8.59555876080562,11405,1.012978658645
-3.541355,27,992.087268,True,True,0.0064639553138974,13.921973373128557,11432,6.4639553138974
1.417064,6,993.339407,True,True,0.0001939030942735,11.35733176710242,11438,0.1939030942735
2.775771,4,994.438163,True,True,0.0047121499405351,12.13785623216193,11442,4.7121499405351
6.955756,1,995.57893,True,True,0.0032945108116262,5.340231923230685,11443,3.2945108116262
4.563082,2,996.852178,True,True,0.0089249883421041,8.294149563764996,11445,8.9249883421041
6.579155,8,998.144643,True,True,0.0047189214034653,4.543278916810998,11453,4.7189214034653
-27.817614,60,999.361742,False,True,0.0147302787934836,5.849762447286331,11513,14.730278793483599
8.279179,1,1000.812457,True,True,0.0023977631510104,2.9496711771996256,11514,2.3977631510104
9.466808,1,1001.873739,True,True,0.0002368110323825,0.8013493556132343,11515,0.2368110323825
7.272191,1,1002.970336,True,True,0.004684469954518,4.770383128945658,11516,4.684469954518001
8.933012,2,1004.093919,True,True,0.0004230750025005,1.475054297210596,11518,0.4230750025005
4.440303,1,1005.226103,True,True,0.0005291504771388,9.87735255936696,11519,0.5291504771387999
9.527513,9,1005.243053,True,True,0.0008283081465827,1.300884882704339,11528,0.8283081465827
9.425158,1,1006.588652,True,True,0.0045515497811593,0.8822694840558517,11529,4.5515497811592995
2.039021,1,1007.629721,True,True,0.0035019512900592,14.210394243713,11530,3.5019512900592
3.210749,3,1008.706035,True,True,3.559768061919821e-10,11.876710909465274,11533,3.559768061919821e-07
3.775166,1,1014.067296,True,True,0.0001371075160174,11.077006953551518,11534,0.1371075160174
4.158838,3,1015.467431,True,True,0.0024551984043257,9.098854538663128,11537,2.4551984043257002
9.876636,1,1016.988366,True,True,6.776957946689642e-05,0.0604057391831175,11538,0.06776957946689642
8.449369,2,1016.99931,True,True,0.0047570081344975,2.49791428505568,11540,4.7570081344975
0.584136,1,1018.60435,True,True,0.0049372628694063,16.83405788986492,11541,4.9372628694063
3.132979,4,1019.972688,True,True,0.0055716834667436,11.614889453489717,11545,5.5716834667436
-41.905388,60,1021.718367,False,True,0.0305240109542873,16.919738653067235,11605,30.5240109542873
3.934538,3,1022.992778,True,True,0.0047582969958586,10.551889302378711,11608,4.7582969958586
-4.467062,21,1024.3459,True,True,0.0097876562795807,10.595825580012514,11629,9.7876562795807
8.287248,1,1025.553449,True,True,0.0049000856941206,2.937930231146346,11630,4.9000856941206
7.829132,1,1026.794618,True,True,0.0047691098234414,3.764987843121357,11631,4.7691098234414
5.707505,5,1028.144105,True,True,0.0049239710712934,6.503616456011853,11636,4.9239710712934
1.310984,14,1029.517922,True,True,0.0049709888709757,6.791206896456739,11650,4.970988870975701
1.810818,3,1030.903135,True,True,0.000958239595253,13.970412451452072,11653,0.9582395952530001
4.619941,2,1032.20823,True,True,0.004397045949303,9.85949059571158,11655,4.397045949303
-16.821188,60,1032.21226,False,True,0.0285911070255396,25.985675903346205,11715,28.5911070255396
7.916385,8,1032.213266,True,True,0.0004607141784788,2.5093479077137912,11723,0.46071417847880003
2.700936,1,1033.87158,True,True,0.0049733816598384,13.017749487440607,11724,4.9733816598384
6.055197,2,1035.105507,True,True,0.0002801900615182,5.921091289841686,11726,0.28019006151820003
6.013282,2,1035.107964,True,True,0.0039041879012314,7.058219915621748,11728,3.9041879012314
1.260244,2,1038.037508,True,True,7.068535556277932e-05,15.31111402091688,11730,0.07068535556277933
8.560526,5,1039.43707,True,True,9.570138522739872e-05,1.612569305768566,11735,0.09570138522739872
-27.368137,60,1041.005876,False,True,0.0166613785973748,34.472725962238655,11795,16.6613785973748
0.420194,1,1042.190145,True,True,0.0002080242541526,17.12717867308101,11796,0.20802425415259998
3.485905,18,1042.193135,True,True,0.0111668373793719,9.778412477407931,11814,11.1668373793719
4.748448,8,1043.786265,True,True,5.955955518440338e-05,8.679510820778745,11822,0.059559555184403375
8.456895,2,1045.078208,True,True,2.1591704973700568e-05,2.6618207591377754,11824,0.021591704973700568
1.344959,13,1046.286929,True,True,0.0041207872791515,13.21703552707554,11837,4.1207872791515
-0.953839,24,1046.294599,True,True,0.0094221816514329,9.155529309470618,11861,9.4221816514329
6.318074,2,1047.607382,True,True,0.0008206802963935,6.815035618028596,11863,0.8206802963934999
4.226203,2,1047.616379,True,True,5.486245166872253e-05,10.329441403667856,11865,0.05486245166872253
4.952293,10,1048.998199,True,True,1.3627321503370364e-05,6.543884728133752,11875,0.013627321503370364
5.476243,3,1050.205501,True,True,0.0045999538152256,7.431812943844568,11878,4.5999538152256
6.738714,12,1051.463596,True,True,1.146529585113222e-07,4.289152351667368,11890,0.0001146529585113222
4.483455,2,1052.753587,True,True,0.00243973117622,9.70299840921438,11892,2.43973117622
4.017677,1,1054.041587,True,True,0.0003018392400116,10.639643937717349,11893,0.3018392400116
3.038119,9,1055.340295,True,True,0.0037462354783484,10.56163915623412,11902,3.7462354783484
-3.0849,20,1056.605523,True,True,0.0044738487836847,15.511232417815568,11922,4.4738487836847005
6.051956,10,1057.901856,True,True,0.0024271598622531,7.510826806605888,11932,2.4271598622531
-27.785395,60,1059.040076,False,True,0.0183504764901681,34.18410841866384,11992,18.350476490168102
5.51132,2,1060.187475,True,True,1.408599456932712e-05,7.403562812757614,11994,0.01408599456932712
3.144929,8,1061.43812,True,True,0.0027989865019651,11.370781283676427,12002,2.7989865019651
6.53061,2,1061.446274,True,True,0.004903655578763,5.972674174149785,12004,4.903655578763
6.38876,2,1062.799554,True,True,0.0026985466828454,5.826662789403619,12006,2.6985466828454
5.378266,3,1062.800559,True,True,0.0008543201107017,6.551693479108121,12009,0.8543201107017
9.465574,4,1064.260978,True,True,0.0003990616198076,1.7827768322254012,12013,0.3990616198076
6.385433,2,1065.442836,True,True,0.0047765692040498,6.070903221815464,12015,4.7765692040498005
2.799899,2,1066.652334,True,True,0.0005974172020366,12.712264697785496,12017,0.5974172020366
2.092891,15,1068.145487,True,True,0.0049363744120846,10.997420586379894,12032,4.9363744120846
5.654784,1,1069.359576,True,True,0.0004734820895452,7.685781417995568,12033,0.4734820895452
6.485035,7,1070.606259,True,True,0.0024021678392829,5.024277232954992,12040,2.4021678392829
5.108504,2,1071.88748,True,True,0.0049848701272988,8.545414764505555,12042,4.9848701272988
8.963409,4,1073.176447,True,True,0.0048554739895856,0.7408740837336986,12046,4.8554739895856
7.921194,1,1073.194462,True,True,8.160337271993605e-05,3.593530110456911,12047,0.08160337271993605
4.666266,3,1074.71685,True,True,7.538551333632067e-05,9.205867710437907,12050,0.07538551333632067
8.794858,2,1075.9766,True,True,0.0038100450817119,1.629268286265252,12052,3.8100450817119
5.700096,1,1077.124325,True,True,0.004804913307406,7.607814376252512,12053,4.804913307406
0.868071,4,1078.317717,True,True,2.0406351356958012e-09,15.703255485443613,12057,2.0406351356958012e-06
2.513367,2,1079.565079,True,True,0.0032435523383603,13.132253858320768,12059,3.2435523383603
1.247507,1,1080.766106,True,True,0.004813518988067,15.638160370528832,12060,4.813518988067
6.556281,21,1082.170459,True,True,0.0066839612883645,5.758126246382864,12081,6.6839612883645
4.338779,2,1083.357114,True,True,0.0058048092015479,10.256520611089016,12083,5.8048092015479
4.024944,2,1084.602449,True,True,0.0018904981265586,10.35988116835466,12085,1.8904981265586
4.172901,13,1085.805232,True,True,0.0074560061441688,7.093083920161684,12098,7.456006144168801
3.995146,2,1086.935145,True,True,0.0043976420332438,9.438918324555836,12100,4.3976420332438
2.794174,1,1088.065149,True,True,0.0091849830283928,12.852119710291491,12101,9.1849830283928
-27.602811,60,1089.340937,False,True,0.0262384254566218,28.925484183878044,12161,26.238425456621798
10.218718,3,1089.349937,True,True,0.0001802017664064,3.315640977073187,12164,0.18020176640639998
8.650184,2,1090.753875,True,True,3.113113191453246e-05,1.5854879305834988,12166,0.031131131914532463
7.061777,6,1091.945595,True,True,0.0046977018909037,4.056029919492176,12172,4.6977018909037005
0.888484,4,1091.956858,True,True,0.0004960220480692,15.590574867068888,12176,0.49602204806920003
4.612896,9,1093.362358,True,True,0.0067449095393883,5.803894153201616,12185,6.7449095393883
2.145412,3,1094.572668,True,True,3.88606585163172e-05,13.470892463823498,12188,0.0388606585163172
-16.501882,60,1095.953146,False,True,0.0188625325252878,20.395448272383703,12248,18.8625325252878
5.413941,9,1097.227116,True,True,0.0050650407055516,6.004745727001692,12257,5.0650407055516
0.473186,13,1099.503342,True,True,0.0028865278350901,15.40125588752974,12270,2.8865278350901002
4.360553,10,1100.654001,True,True,0.0001895246877845,6.443310168459733,12280,0.18952468778450002
6.812951,2,1101.912276,True,True,5.681242030049216e-07,4.136407240946067,12282,0.0005681242030049216
-1.262505,7,1103.284506,True,True,0.0050382696239244,16.77195989034245,12289,5.0382696239244
4.836312,5,1104.49652,True,True,0.0046057513867655,8.05143753060245,12294,4.605751386765499
7.06352,1,1105.752634,True,True,0.0036398415825896,5.144540203313786,12295,3.6398415825895998
-0.13687,3,1107.067535,True,True,0.0003976854538679,17.201272225132893,12298,0.3976854538679
7.343505,4,1108.455216,True,True,0.000388052258887,3.897243020837585,12302,0.388052258887
-0.62669,16,1110.231093,True,True,0.0080506106597643,15.466070141722357,12318,8.0506106597643
6.717778,1,1111.594071,True,True,0.0092286873791281,5.775218438209086,12319,9.2286873791281
4.600831,14,1113.396745,True,True,0.0088411157662917,7.397451111416175,12333,8.8411157662917
-13.610924,60,1114.565415,False,True,0.0049554775826374,25.04389085030456,12393,4.9554775826374
3.536426,3,1115.816067,True,True,0.0028327660342879,11.22911528888101,12396,2.8327660342879
3.384825,3,1117.110174,True,True,0.0051414608148184,10.6470260234834,12399,5.1414608148184
9.573128,1,1118.293798,True,True,0.0067576538288751,0.6176920931983055,12400,6.7576538288751005
3.788279,7,1119.500085,True,True,0.0027077583155824,10.184461894607178,12407,2.7077583155824
-23.719084,60,1119.506071,False,True,0.022650538872189,15.556085036583054,12467,22.650538872189
1.786079,1,1120.834996,True,True,0.0003566229048587,14.664598541215094,12468,0.35662290485869996
7.225111,6,1122.196157,True,True,4.5404427673230896e-05,2.9988793068365407,12474,0.0454044276732309
3.61871,2,1123.323558,True,True,0.0048859471862648,11.895736982657942,12476,4.885947186264801
3.715858,2,1124.621657,True,True,4.5173817624678976e-05,10.376515699929373,12478,0.04517381762467897
6.31548,2,1125.914751,True,True,2.2673099277698877e-06,7.084141720065967,12480,0.0022673099277698877
-41.413838,60,1127.286996,False,True,0.0195609032370827,35.447423870727256,12540,19.5609032370827
-3.4436,17,1128.551008,True,True,0.0027268273426071,14.879877710824664,12557,2.7268273426071
5.16922,3,1129.7053,True,True,0.003393944613425,8.368972655003269,12560,3.393944613425
0.055664,22,1131.033781,True,True,0.0052127062614439,9.476300106735035,12582,5.212706261443899
0.223082,11,1131.049773,True,True,0.0022954483159601,13.595318410810249,12593,2.2954483159601
3.43837,2,1132.491332,True,True,0.0039861970751844,11.912832941718388,12595,3.9861970751844
9.460847,2,1132.510312,True,True,1.2143677685601262e-05,1.6790573064633756,12597,0.012143677685601262
6.619083,1,1133.932826,True,True,3.5221861506067216e-05,5.944737166242982,12598,0.035221861506067216
6.065684,1,1133.942809,True,True,0.0047116487982173,6.94803149035711,12599,4.7116487982173005
2.638952,1,1135.374256,True,True,9.841774390009163e-06,13.12634416660333,12600,0.009841774390009163
4.715445,8,1135.377241,True,True,0.009596163346761,6.810814229476534,12608,9.596163346761
3.788624,1,1136.784498,True,True,0.0004945171315903,11.052999548034052,12609,0.49451713159030003
5.350934,2,1136.793503,True,True,0.0059506372379331,7.450849555292718,12611,5.9506372379331
2.941312,8,1136.796503,True,True,0.0019273083227902,11.058392601381485,12619,1.9273083227902
6.751139,1,1138.285477,True,True,0.0003038523639688,5.7066034779597805,12620,0.3038523639688
6.369285,1,1139.594007,True,True,0.0043881938822488,6.399839557075056,12621,4.3881938822488005
3.068496,1,1140.762774,True,True,0.0094846136376861,12.357686125405134,12622,9.484613637686099
2.825706,5,1141.923436,True,True,0.0002151052362772,12.060108753806334,12627,0.2151052362772
7.163443,3,1143.130729,True,True,0.004786893238579,4.557335379046234,12630,4.786893238579
7.456631,1,1144.422386,True,True,0.0045620596039698,4.437295192041148,12631,4.5620596039698
8.131765,2,1145.751922,True,True,0.0035735504988081,3.5651224941731634,12633,3.5735504988080997
7.169174,1,1147.025714,True,True,0.0030059880919613,4.954667369725232,12634,3.0059880919613
2.944455,3,1148.259166,True,True,0.0036805496081228,12.241654407274206,12637,3.6805496081227997
8.102072,15,1149.542061,True,True,0.0003411291555697,2.1549033048904254,12652,0.34112915556969997
0.959952,1,1149.553539,True,True,0.0097469600321166,16.158944922889468,12653,9.7469600321166
5.421885,1,1150.980705,True,True,2.4575245328252275e-05,8.105699009589534,12654,0.024575245328252275
5.02225,3,1152.293875,True,True,0.0073825098257835,8.634730806582793,12657,7.3825098257835
4.902569,1,1153.484968,True,True,0.0001282421765656,9.042940089152578,12658,0.1282421765656
8.82788,1,1154.774778,True,True,0.0003367258424998,1.9559918960427365,12659,0.33672584249980003
4.064292,16,1156.035971,True,True,0.0020383346332838,8.126989537360737,12675,2.0383346332838
9.743384,1,1157.250378,True,True,0.0012735461626538,0.3029454397985789,12676,1.2735461626537998
7.163467,1,1158.387852,True,True,0.006501060497363,4.968408666384174,12677,6.501060497363
8.584193,1,1159.712922,True,True,0.0001250156082209,2.395978042716475,12678,0.1250156082209
3.940925,9,1159.716974,True,True,0.0024906673891704,7.240686981808349,12687,2.4906673891704
3.182661,9,1161.213634,True,True,0.009990413589701,6.884909101886687,12696,9.990413589701
9.377525,1,1162.426679,True,True,0.000173145542632,0.9626115189079216,12697,0.173145542632
-0.44188,6,1163.637,True,True,0.009265666445106,15.210155653181593,12703,9.265666445106
1.68997,4,1164.922443,True,True,0.004629920357295,14.563588593785902,12707,4.629920357295
0.56734,4,1166.060369,True,True,0.0037526962204208,16.087095790850164,12711,3.7526962204208
5.393308,3,1167.191182,True,True,0.0044873274857223,8.089946933487052,12714,4.4873274857223
3.176029,3,1168.542953,True,True,0.0017874733352348,11.743963091137273,12717,1.7874733352348
4.728066,2,1169.725979,True,True,0.0083736268117685,9.238325258291896,12719,8.3736268117685
-10.121586,17,1169.73297,True,True,0.0012422851058114,16.90876406665942,12736,1.2422851058114002
5.088858,1,1171.102308,True,True,0.0046177702194757,8.71050621794787,12737,4.6177702194757
4.587037,1,1172.331091,True,True,0.0020685532315739,9.613846145751465,12738,2.0685532315739
0.710829,1,1173.394696,True,True,0.0048029894050927,16.60561691944508,12739,4.8029894050927
-3.154953,14,1175.608799,True,True,0.0047270534145911,11.119881839775354,12753,4.727053414591101
2.183005,7,1175.615802,True,True,0.0016924005796396,13.12199326470496,12760,1.6924005796396
4.167332,1,1176.951559,True,True,0.0024157222639103,10.371279202043114,12761,2.4157222639103
7.460352,6,1178.180922,True,True,0.0031039383030425,3.1035117577542013,12767,3.1039383030425
5.111183,2,1178.184981,True,True,0.0001834999675132,8.601999170958447,12769,0.1834999675132
4.908522,1,1178.191984,True,True,0.0007862925992112,9.03275395005522,12770,0.7862925992112001
6.655586,2,1179.682799,True,True,2.571014842458379e-05,6.056988949107924,12772,0.02571014842458379
1.735077,1,1181.000954,True,True,0.004119687027291,14.7587645260758,12773,4.119687027291
6.948055,2,1182.263835,True,True,0.0046407237342712,5.5261965461443,12775,4.6407237342712
-36.551918,60,1183.673558,False,True,0.0004203287816626,41.40605985464354,12835,0.4203287816626
3.647455,1,1184.823668,True,True,1.1391776758018499e-10,11.307286245958323,12836,1.1391776758018499e-07
3.92722,7,1186.027019,True,True,0.0003516036177779,9.76232438660261,12843,0.3516036177779
7.178245,1,1186.029558,True,True,7.621153912144765e-05,4.9350337873099965,12844,0.07621153912144765
4.989703,1,1187.400181,True,True,4.65490418449676e-05,8.885637390177985,12845,0.0465490418449676
2.544997,3,1188.696203,True,True,0.0005080821207509,13.042986160283474,12848,0.5080821207509
3.218106,4,1189.820662,True,True,0.0030060069060694,11.864578219296687,12852,3.0060069060694
2.404091,4,1191.076326,True,True,0.0003636936021157,12.819942367717774,12856,0.3636936021157
5.519821,4,1192.373186,True,True,0.0046912813618609,5.140485192100053,12860,4.6912813618609
-11.813565,23,1193.618488,True,True,0.0099781427022577,17.078907805362157,12883,9.978142702257701
8.899089,4,1193.626491,True,True,0.0041915361244283,1.421648601276224,12887,4.1915361244283
1.721096,5,1195.059512,True,True,0.008036720977976,13.56986829458455,12892,8.036720977976
3.788925,6,1196.33116,True,True,0.0042293524634934,9.198795791688784,12898,4.2293524634934005
7.823222,3,1197.645155,True,True,2.653539227309536e-06,2.502786240341033,12901,0.002653539227309536
7.579887,2,1198.921927,True,True,3.03155419701176e-06,4.75532703647192,12903,0.00303155419701176
1.049854,1,1200.118207,True,True,0.0032933973159875,15.993678747810073,12904,3.2933973159875
6.761953,2,1201.411971,True,True,9.94532045003006e-05,5.543510094500808,12906,0.0994532045003006
-2.526629,16,1202.759657,True,True,0.0004283419150345,5.501764212541201,12922,0.4283419150345
4.674471,5,1203.969543,True,True,0.0002421348821666,8.95092472275865,12927,0.24213488216659998
0.595043,3,1203.977548,True,True,0.004112172465993,15.749507836358026,12930,4.112172465993
6.233032,2,1205.367778,True,True,0.0044655454186683,6.51036856421792,12932,4.465545418668301
0.783176,3,1206.702363,True,True,0.0033763890799859,16.14300846689266,12935,3.3763890799858998
3.227343,1,1207.990986,True,True,7.337622422859402e-09,12.065097767454596,12936,7.337622422859402e-06
7.356157,3,1209.350426,True,True,0.0009067894835364,4.761019934042061,12939,0.9067894835364
-28.926427,60,1210.74402,False,True,0.0009311869659951,23.61710731480088,12999,0.9311869659951
0.122156,4,1212.135605,True,True,0.0048340539175397,16.179231793588627,13003,4.8340539175397
2.529719,2,1213.455934,True,True,0.0005224325108984,13.151469033630816,13005,0.5224325108983999
3.611693,3,1214.690752,True,True,2.162245729686596e-11,11.116604981589488,13008,2.162245729686596e-08
7.458806,1,1216.010181,True,True,0.0047639321531826,4.433574223489412,13009,4.7639321531825995
4.514766,1,1217.304557,True,True,0.0008144387941057,9.74323352926147,13010,0.8144387941057001
-1.307592,29,1217.315322,True,True,0.0017615023014276,4.286157003308309,13039,1.7615023014276
8.288919,2,1218.630625,True,True,4.619455539996717e-05,3.239461698316627,13041,0.04619455539996717
4.459597,2,1219.806126,True,True,0.0006584576297703,7.79518173398508,13043,0.6584576297703
0.102551,25,1220.974618,True,True,0.0025373415082013,13.407987023373138,13068,2.5373415082012998
5.315162,1,1220.985616,True,True,0.0046588475232749,8.302241139822996,13069,4.6588475232749
-1.225582,7,1222.288504,True,True,0.0040219029191762,17.466858950162912,13076,4.021902919176201
1.462226,3,1223.520951,True,True,0.0008237999752589,13.921280059020653,13079,0.8237999752588999
8.206653,1,1224.779766,True,True,0.0041645987904644,3.0826551251795924,13080,4.1645987904643995
7.319557,2,1226.055828,True,True,0.0064392750252423,4.146722714068461,13082,6.4392750252423
7.197023,2,1227.336684,True,True,6.265011364744305e-06,4.75617976093216,13084,0.006265011364744305
-25.46088,60,1227.342677,False,True,0.0242770691196447,17.989779551286663,13144,24.2770691196447
7.22379,1,1228.570001,True,True,0.0075084727193433,4.860479383352455,13145,7.5084727193433
6.808033,11,1228.574996,True,True,0.0053824009939466,7.0027128827299165,13156,5.3824009939466
1.543609,1,1228.58,True,True,0.0049204765822585,15.103656062028223,13157,4.9204765822585
-1.705853,11,1228.580994,True,True,0.0093923291083638,16.660691285424413,13168,9.3923291083638
9.369089,2,1230.137286,True,True,0.0004755513971577,1.6769473095229197,13170,0.4755513971577
0.703039,2,1230.148278,True,True,0.0048692657916228,16.336371525513453,13172,4.8692657916228
4.373482,1,1231.41025,True,True,0.0092270240016181,10.004281132811212,13173,9.2270240016181
7.105793,3,1231.418007,True,True,0.0070136679701257,3.1109283488829265,13176,7.0136679701257
7.766167,1,1232.747084,True,True,1.457316154548048e-05,3.8734435139623407,13177,0.01457316154548048
9.605744,1,1233.942144,True,True,1.390703946305312e-05,0.5499477511696899,13178,0.01390703946305312
7.145348,9,1235.343663,True,True,0.008766702616253,4.1917729164023125,13187,8.766702616253
2.624433,1,1236.572889,True,True,4.79089684590761e-11,13.15252187071599,13188,4.79089684590761e-08
6.499397,8,1236.578899,True,True,0.0046924080042681,5.69224588047536,13196,4.6924080042681
8.202601,8,1237.985829,True,True,0.0040824471942618,2.9191699297158764,13204,4.0824471942618
8.635648,1,1237.991789,True,True,0.0023236576467793,2.3057305043835266,13205,2.3236576467793
1.189287,3,1239.44647,True,True,0.0024153265236622,15.62398216013624,13208,2.4153265236622
7.876184,5,1240.864049,True,True,0.0050373595600382,1.828573446217836,13213,5.0373595600382
1.858361,9,1242.077452,True,True,0.0023279162523663,10.838129957099838,13222,2.3279162523663
5.639894,2,1243.376224,True,True,0.0011901817320949,8.366534913243019,13224,1.1901817320949
6.693422,2,1244.581602,True,True,6.031069927014358e-07,4.631682179112096,13226,0.0006031069927014358
-13.279417,26,1245.942982,True,True,0.0049955775729249,8.240910282328716,13252,4.9955775729249
4.404398,3,1247.197529,True,True,0.004675156458223,9.351106490208924,13255,4.675156458223
4.421384,14,1249.374761,True,True,0.0049138984830067,10.331643959118033,13269,4.913898483006699
0.669755,11,1250.884966,True,True,0.0015898654612378,15.415325849627669,13280,1.5898654612378
5.321289,1,1252.05183,True,True,0.0045475225210745,8.291095646989058,13281,4.547522521074501
6.104854,5,1253.576769,True,True,0.0024075516408447,5.989661854228739,13286,2.4075516408447
8.922759,2,1254.932015,True,True,0.0073534790509199,1.8549711941924831,13288,7.3534790509198995
-6.872327,39,1256.143478,True,True,0.0116602882942045,1.8216183287268368,13327,11.6602882942045
4.036265,2,1257.359478,True,True,0.0003044113020698,10.734063511637432,13329,0.3044113020698
6.301947,5,1258.772583,True,True,0.0049801485660667,5.564241305176319,13334,4.9801485660667
-33.062849,60,1260.129177,False,True,0.033560046965052,23.60087955978852,13394,33.560046965052
7.630477,1,1261.44955,True,True,5.16502871770368e-05,4.118539740116246,13395,0.0516502871770368
5.967715,1,1262.795164,True,True,0.0012699068653766,7.121729665635908,13396,1.2699068653766
1.734518,14,1262.795169,True,True,0.0034260889968442,13.121510389472451,13410,3.4260889968442
1.708825,9,1264.140669,True,True,0.0036455963993326,12.33478459680999,13419,3.6455963993326
10.424921,2,1265.263663,True,True,0.0009809869001667,0.0414061979785011,13421,0.9809869001667
6.827626,2,1265.266681,True,True,0.0004156063157933,5.979045725163158,13423,0.4156063157933
4.995632,1,1266.592678,True,True,0.0117691004792851,8.883927152810438,13424,11.7691004792851
0.5,1,1266.597507,True,True,0.0048133587213149,16.9856573486483,13425,4.8133587213149
7.721603,1,1267.972445,True,True,0.0047322814980449,3.959091064681485,13426,4.7322814980449
4.932212,7,1269.338003,True,True,0.0047910621267383,5.655615643247116,13433,4.7910621267383
7.23536,2,1270.561054,True,True,0.0045971049491541,4.216477466537579,13435,4.5971049491541
2.761023,2,1271.770564,True,True,0.0017122335767768,12.784014328730894,13437,1.7122335767768
2.58883,8,1271.779537,True,True,0.0018406824311629,12.015071459018772,13445,1.8406824311629
3.22348,9,1271.79089,True,True,0.0056383989883056,9.954590024166691,13454,5.6383989883056
1.470387,2,1273.130674,True,True,0.0063242200533071,14.889302855566138,13456,6.3242200533071005
4.564822,3,1274.300682,True,True,0.0001081647727564,8.858336206420399,13459,0.10816477275639999
7.958929,1,1274.310644,True,True,0.0001234829693236,3.5254233891197333,13460,0.12348296932359999
5.720525,2,1275.759598,True,True,0.0025049169722882,5.9140860207271055,13462,2.5049169722882
4.320547,5,1275.766602,True,True,0.0024599699814296,7.728406019234044,13467,2.4599699814296003
0.220187,4,1277.073195,True,True,0.004760428605399,16.90876053583351,13471,4.7604286053989995
9.059189,2,1277.076173,True,True,0.0001874526502739,1.874304349748078,13473,0.1874526502739
5.349872,2,1277.086185,True,True,2.508532639056973e-05,8.124089000686224,13475,0.02508532639056973
9.876213,1,1278.440296,True,True,0.0005424906023613,0.0532444148738375,13476,0.5424906023613
3.410138,1,1279.67971,True,True,0.0023621751786452,11.737056187242388,13477,2.3621751786452
1.115451,1,1281.001129,True,True,0.0012095871834684,15.874279135230491,13478,1.2095871834684
-14.136623,60,1281.018188,False,True,0.0266701452798899,34.09320712334579,13538,26.670145279889898
6.532486,2,1282.421575,True,True,0.0012121712646769,5.2917395640783,13540,1.2121712646768998
6.66952,3,1283.603207,True,True,0.0056203621240517,6.344914032585524,13543,5.6203621240517
0.163367,5,1284.979812,True,True,0.0072185790763823,17.32644724118538,13548,7.2185790763823
0.322669,5,1286.28017,True,True,0.0070759963569783,16.694172852208634,13553,7.0759963569783
1.349652,11,1286.28315,True,True,0.0072223715217967,12.227722942401147,13564,7.2223715217967
-0.15248,11,1286.297149,True,True,0.0026711466588592,13.55378144354074,13575,2.6711466588592
1.173097,3,1287.763718,True,True,0.0082326896849385,15.42825405932902,13578,8.2326896849385
7.923906,3,1287.780301,True,True,0.0038484053730718,2.4417400524208968,13581,3.8484053730718
1.677623,5,1289.03817,True,True,0.0051213153045069,14.067717292082769,13586,5.1213153045069
2.54995,4,1290.327222,True,True,0.0008220583259429,12.976376998043031,13590,0.8220583259429001
4.968097,4,1290.335066,True,True,0.0022260434729937,7.060229996584545,13594,2.2260434729937
5.308377,1,1291.734066,True,True,0.0032460455856766,8.31332110869383,13595,3.2460455856766
8.3707,1,1291.745065,True,True,0.0046339370351647,2.7869354067223493,13596,4.6339370351647
8.232843,4,1291.748113,True,True,7.281426690664678e-05,3.692751561224448,13600,0.07281426690664677
2.65559,2,1293.160367,True,True,0.0002015277192395,12.632866040078694,13602,0.2015277192395
7.115381,4,1294.326542,True,True,9.259214618240892e-07,4.201976481155657,13606,0.0009259214618240892
6.716457,6,1295.680744,True,True,0.0001600332524261,6.066057104396698,13612,0.1600332524261
4.669192,5,1296.957195,True,True,0.0048051731931538,6.916308987632498,13617,4.8051731931537995
5.229415,1,1296.972198,True,True,0.0004396402553906,8.453408277778378,13618,0.4396402553906
8.118721,1,1298.290024,True,True,0.0002603439868293,3.236971134598291,13619,0.2603439868293
6.098468,1,1298.302013,True,True,0.0004223860526082,6.884927635797079,13620,0.4223860526082
3.405212,1,1299.603329,True,True,2.895452384799046e-10,11.74425989821148,13621,2.895452384799046e-07
0.281755,3,1300.978266,True,True,0.0007247907656523,16.897019066631998,13624,0.7247907656523
9.018331,2,1302.250912,True,True,0.0045257554824691,1.4394837029396987,13626,4.5257554824690995
3.028937,5,1303.451525,True,True,0.0024572881700688,10.332077554062256,13631,2.4572881700688
3.256715,2,1304.642421,True,True,0.0023220824816171,11.570793330573284,13633,2.3220824816171
-2.180805,23,1304.651405,True,True,0.0009564147825078,10.26377887999761,13656,0.9564147825078
4.098715,2,1305.977792,True,True,0.0004261753053235,10.364186673471767,13658,0.4261753053235
0.652872,1,1307.108979,True,True,3.6640579875735205e-09,16.70759193917691,13659,3.6640579875735205e-06
2.748017,3,1308.32672,True,True,0.0014327772306024,12.52788876438905,13662,1.4327772306023998
7.503426,4,1309.507208,True,True,0.0046452868754188,3.5064896818357374,13666,4.6452868754188
1.376576,2,1310.707316,True,True,0.0046157387728839,14.627476985749164,13668,4.6157387728839
1.388039,5,1311.876334,True,True,0.0046954933783626,13.714766196742533,13673,4.6954933783626
3.327989,2,1313.091521,True,True,0.0001462593712571,11.811264490536026,13675,0.1462593712571
4.632757,7,1314.267622,True,True,3.538139432318057e-05,6.797757890051403,13682,0.035381394323180576
1.047153,4,1315.499326,True,True,0.0025866557503272,15.204661217995438,13686,2.5866557503272
1.863279,1,1316.790901,True,True,0.0089287454599066,14.530237158917403,13687,8.928745459906601
4.973335,5,1317.925375,True,True,0.0048947037658664,8.781125638684442,13692,4.8947037658664
3.169157,2,1319.120979,True,True,3.3108068370202304e-11,11.965229144264272,13694,3.3108068370202304e-08
2.599642,3,1319.137938,True,True,0.0002518692902218,13.020489736201895,13697,0.2518692902218
5.158387,2,1320.562333,True,True,0.0007280806643662,8.553531204454492,13699,0.7280806643661999
-16.170344,28,1320.57031,True,True,0.0049662837286536,17.90159705967764,13727,4.9662837286536
4.507065,1,1321.970242,True,True,4.45321330605963e-06,9.756470827859069,13728,0.00445321330605963
6.256903,4,1323.176883,True,True,0.0001340164262234,6.6815424675958255,13732,0.13401642622340001
4.315519,2,1324.425386,True,True,0.0007696322082602,10.049313829407025,13734,0.7696322082602001
9.0286,2,1325.629617,True,True,0.0041652558915884,1.0532222853887898,13736,4.1652558915884
5.884848,1,1326.900886,True,True,0.0001992182246331,7.27029326867605,13737,0.1992182246331
-0.528839,6,1328.126268,True,True,0.0048375837780574,17.590518455526784,13743,4.8375837780574
2.969641,3,1329.350416,True,True,0.0012556159238377,12.281550404101033,13746,1.2556159238377
6.768495,1,1330.515226,True,True,0.0055549453317563,5.677459291870609,13747,5.5549453317563
9.565504,1,1331.806139,True,True,1.8642475059461525e-05,0.6226800043393322,13748,0.018642475059461525
7.761472,3,1333.195589,True,True,0.0001484277570644,3.5918677218271777,13751,0.14842775706439998
8.890591,3,1334.577283,True,True,0.0030891881242462,2.4885152436541085,13754,3.0891881242461996
1.771849,2,1335.878597,True,True,0.0094712480669933,14.843590052284034,13756,9.471248066993299
5.175692,12,1335.880589,True,True,0.0048352103202995,6.308533741252857,13768,4.8352103202995
-3.657654,18,1337.278845,True,True,0.0095088875144922,13.00777002731662,13786,9.5088875144922
1.281805,3,1337.293829,True,True,0.0043765146434605,14.514915360533111,13789,4.3765146434605
2.702469,1,1338.636826,True,True,0.0088026260572263,13.017244157233067,13790,8.802626057226298
-0.919486,4,1338.656488,True,True,0.0046102317037478,17.92696393561523,13794,4.6102317037478
8.282957,6,1340.98734,True,True,0.0094682464888157,1.835567902800894,13800,9.4682464888157
1.602334,5,1340.992355,True,True,0.0084605398728886,12.758330237501305,13805,8.4605398728886
6.281125,8,1342.272505,True,True,0.0024989930603265,5.427189241518598,13813,2.4989930603265
3.766915,3,1342.288827,True,True,2.693610651770956e-05,9.036921589737515,13816,0.02693610651770956
6.848524,3,1342.289829,True,True,0.000604199520902,5.150800414940601,13819,0.6041995209019999
9.297791,2,1343.803925,True,True,0.0003636684465843,1.4254427577583253,13821,0.36366844658430003
8.65418,1,1344.991136,True,True,1.2754747790607451e-05,2.269398050529203,13822,0.012754747790607451
0.760027,5,1346.150801,True,True,0.0018805813923498,15.248223820931392,13827,1.8805813923498
7.107035,7,1347.555808,True,True,1.0106077466996537e-05,3.4564148266751733,13834,0.010106077466996537
4.249935,4,1348.945207,True,True,0.0023276597862505,9.3089374052758,13838,2.3276597862505004
3.817208,2,1350.253589,True,True,0.0004128184127222,11.170451368157067,13840,0.41281841272220005
-0.997507,9,1351.510424,True,True,0.0020333115526922,13.7018085631355,13849,2.0333115526922
0.168646,2,1352.73913,True,True,0.0091408819448334,17.1194024281205,13851,9.140881944833401
6.644853,2,1354.063377,True,True,4.766037791293157e-05,6.5038973976508885,13853,0.04766037791293157
-26.198279,55,1355.329448,True,True,0.0089753641693588,16.50840938547482,13908,8.975364169358802
5.786189,11,1355.331507,True,True,0.0018956920807129,6.147579256821275,13919,1.8956920807128999
6.555333,3,1356.752168,True,True,0.0008556436432502,4.642053545359502,13922,0.8556436432501999
-0.28435,7,1357.881085,True,True,0.0010367670897167,17.744538105530864,13929,1.0367670897167
-2.90381,10,1357.883603,True,True,0.0003367003772016,14.006654953365254,13939,0.33670037720159995
4.110522,1,1359.246678,True,True,0.0005369515865095,10.472327582995774,13940,0.5369515865094999
3.882083,1,1359.250682,True,True,0.0052183064454365,10.887821998644135,13941,5.2183064454365
3.459597,1,1360.549009,True,True,0.0093998165068723,11.652436434001164,13942,9.3998165068723
7.485375,1,1360.554999,True,True,3.7165645724358994e-05,4.380563878716431,13943,0.037165645724358994
2.889713,1,1361.859171,True,True,0.0021885184681155,12.675550340271558,13944,2.1885184681155
5.318545,1,1363.161402,True,True,2.6009609623518564e-06,8.292176348411154,13945,0.0026009609623518564
2.111528,6,1364.322831,True,True,0.0029669914145578,12.930927472692217,13951,2.9669914145578
8.13043,1,1364.330863,True,True,0.001173652199249,3.2169005475732657,13952,1.1736521992489999
1.944088,3,1364.332861,True,True,3.410057999864158e-11,13.945351083546065,13955,3.410057999864158e-08
-0.658157,10,1365.82665,True,True,0.0002652259349326,17.748884950910735,13965,0.2652259349326
5.402813,1,1365.838068,True,True,1.2602023617973477e-06,8.140098214236636,13966,0.0012602023617973477
8.284521,1,1367.22417,True,True,3.961383673125631e-06,2.937176303300308,13967,0.003961383673125631
0.190415,3,1368.473686,True,True,0.0001498353426583,15.356814738484406,13970,0.1498353426583
2.911287,4,1368.489681,True,True,0.001659896185801,12.247053301001674,13974,1.659896185801
3.555931,4,1368.497665,True,True,5.826559373867113e-11,11.087364728971718,13978,5.826559373867113e-08
8.999083,2,1369.936459,True,True,0.0001010293366292,1.4898734704651786,13980,0.10102933662920001
6.12206,3,1371.323307,True,True,0.0016018298136218,6.478561089076663,13983,1.6018298136218
-1.993846,7,1371.329293,True,True,0.0020141568705727,17.902518311654926,13990,2.0141568705727
4.951759,5,1371.334298,True,True,0.0047617508556741,7.174170013257292,13995,4.7617508556741
1.742344,5,1371.336296,True,True,0.0033313975656627,13.980988204557288,14000,3.3313975656627
2.081177,1,1372.818762,True,True,0.000250892788559,14.132397910443444,14001,0.250892788559
3.530636,2,1373.992711,True,True,0.0046511568273065,11.397247446133742,14003,4.6511568273065
2.616698,6,1375.33742,True,True,0.0065012108104921,10.594775457521823,14009,6.5012108104921
1.676153,5,1375.339418,True,True,1.6449184897472094e-05,14.07238726234112,14014,0.016449184897472095
4.896303,2,1376.693577,True,True,0.0051401483001462,8.835461615828816,14016,5.1401483001462
7.524732,3,1377.877617,True,True,0.0022265020349551,3.5924638540732783,14019,2.2265020349551
2.551419,1,1379.143436,True,True,0.000425899312617,13.284486380443251,14020,0.425899312617
8.48579,2,1380.435536,True,True,0.004476183129177,2.062611694694134,14022,4.476183129177
-0.556347,11,1381.70123,True,True,0.0042078921238525,14.367166037979798,14033,4.2078921238525
5.951962,5,1381.714223,True,True,1.0275539267768589e-05,6.699465687522791,14038,0.010275539267768589
5.779126,1,1383.105313,True,True,3.226372352673032e-05,7.460956250388787,14039,0.03226372352673032
8.785899,1,1384.462375,True,True,6.917267920254538e-05,2.031495722333887,14040,0.06917267920254538
2.468827,3,1384.469385,True,True,4.695126759601821e-09,13.313970474728247,14043,4.695126759601821e-06
2.052289,2,1385.84311,True,True,5.3064831175009264e-11,13.883445681243105,14045,5.3064831175009264e-08
3.071821,4,1387.315001,True,True,0.0026442271889673,11.845468883276736,14049,2.6442271889673
3.134621,2,1388.570538,True,True,0.0004289665754284,12.037572841321092,14051,0.4289665754284
6.067765,1,1389.7645,True,True,0.0093569234923896,6.948166030041082,14052,9.3569234923896
3.457429,5,1389.768467,True,True,0.0048730942147058,11.38000573410026,14057,4.8730942147058
6.586991,1,1391.238965,True,True,3.788960788939089e-07,6.002639552038134,14058,0.0003788960788939089
8.630266,2,1392.456882,True,True,0.009088413926686,2.8986546193719853,14060,9.088413926686
7.75397,13,1394.053482,True,True,0.0091412490849401,3.163800223186907,14073,9.141249084940101
-22.713321,30,1395.276965,True,True,0.0016313076511846,13.219331188354982,14103,1.6313076511846
-2.534368,6,1396.528605,True,True,0.0002281488905553,17.195805758418686,14109,0.2281488905553
1.626302,5,1397.819839,True,True,7.898022431525006e-05,13.281996210846623,14114,0.07898022431525005
1.206291,5,1398.994728,True,True,0.0092889568762989,13.532446653926064,14119,9.2889568762989
8.175763,1,1399.006706,True,True,0.0056268936659926,3.1400317048044286,14120,5.6268936659926
6.546565,1,1400.359782,True,True,0.0001441826902283,6.075766771501574,14121,0.1441826902283
6.828517,1,1400.371345,True,True,0.0051486461670715,5.571698486136409,14122,5.1486461670715
7.799585,1,1401.719654,True,True,0.0009626870920617,3.814174909777081,14123,0.9626870920617
6.446562,2,1403.018893,True,True,0.000238748986296,5.664352378827554,14125,0.238748986296
-20.008573,53,1404.335789,True,True,0.0045559793301425,17.258087607293795,14178,4.5559793301425
-5.506058,32,1405.509306,True,True,0.0029152297733878,14.69322486984642,14210,2.9152297733878
1.678502,1,1406.80743,True,True,0.0002571253778871,14.858519456003789,14211,0.2571253778871
8.810164,5,1408.098197,True,True,0.004739567713195,1.4015068520003735,14216,4.739567713195
4.65267,1,1409.262657,True,True,0.0023998850671277,9.495696376889851,14217,2.3998850671277
1.104457,2,1409.271651,True,True,0.00153256340968,15.64908501554965,14219,1.53256340968
6.978355,6,1410.535675,True,True,0.0045734994340966,5.772808703316129,14225,4.5734994340965995
4.207923,3,1411.822734,True,True,0.0022226837881045,9.57631519040805,14228,2.2226837881045003
5.822537,1,1413.054523,True,True,0.0001275691194311,7.3826932222045105,14229,0.1275691194311
3.70473,5,1414.41268,True,True,0.0018035448662393,10.64903664250672,14234,1.8035448662392999
7.516402,1,1415.667318,True,True,4.740000008426892e-06,4.324497215644568,14235,0.004740000008426892
-2.453627,8,1415.674307,True,True,0.0044452572375361,17.116338987795043,14243,4.445257237536101
5.831377,1,1417.009366,True,True,2.0653263256873583e-05,7.366637069123362,14244,0.020653263256873583
8.762744,1,1417.009369,True,True,0.004744747871951,2.079038950851749,14245,4.744747871951
6.689772,2,1418.485055,True,True,0.0047291789264178,5.564272868468342,14247,4.7291789264177995
5.436173,4,1419.7271,True,True,1.3418467173068743e-05,6.7807883220432,14251,0.013418467173068743
-0.30734,2,1419.732094,True,True,0.000602918525021,17.892150993603988,14253,0.602918525021
-1.434321,16,1421.148202,True,True,0.0094140431614836,6.340645966133812,14269,9.4140431614836
3.845318,2,1422.26683,True,True,0.0022297612217311,10.482392279978086,14271,2.2297612217311
6.03095,2,1423.524957,True,True,0.0066518218011634,5.491035216149297,14273,6.6518218011634
8.954633,2,1424.702296,True,True,3.180063295804168e-05,1.126710667549864,14275,0.03180063295804168
-0.647432,5,1425.95992,True,True,0.0047381153830008,16.489317084207247,14280,4.7381153830008
6.042678,2,1425.978912,True,True,0.0047012465338529,4.64641574235842,14282,4.7012465338529
7.279244,1,1427.232126,True,True,0.0005978437956687,4.753405010229268,14283,0.5978437956687
6.938588,2,1428.518961,True,True,5.457652242979623e-06,5.633300743728592,14285,0.005457652242979623
-13.244878,18,1430.91289,True,True,0.0104214628882344,17.770717481153724,14303,10.4214628882344
-19.054329,41,1432.158408,True,True,0.0036502162832393,17.872968952257025,14344,3.6502162832393
7.580112,2,1433.472461,True,True,0.0093315525536187,4.786459995230893,14346,9.3315525536187
10.994474,9,1434.877052,True,True,0.0001920798380029,1.3129953901308755,14355,0.19207983800290002
6.915983,1,1436.191156,True,True,2.238392103354886e-05,5.408691803148803,14356,0.02238392103354886
1.758809,5,1437.553468,True,True,0.0096492326556418,14.385752078647297,14361,9.6492326556418
3.295226,1,1438.811672,True,True,2.6971023002108664e-05,11.942672040825215,14362,0.026971023002108664
9.501613,1,1439.917511,True,True,0.0024256851856562,0.7414011872716738,14363,2.4256851856562
1.602712,3,1441.143943,True,True,0.0047769609402099,14.610066917266018,14366,4.7769609402099
3.57557,3,1442.527623,True,True,0.0048327879585862,11.700936509863274,14369,4.8327879585861995
-28.233684,54,1444.414855,True,True,0.0007728029137761,17.914927087533258,14423,0.7728029137761
3.545798,5,1445.771363,True,True,0.0028796119215083,11.088995687380493,14428,2.8796119215083
4.306093,4,1447.163733,True,True,0.0009863054913559,9.849559850222056,14432,0.9863054913559001
-35.202275,60,1447.176722,False,True,0.0081814390436096,21.622862316395008,14492,8.1814390436096
2.542213,1,1448.488616,True,True,2.570264903689612e-10,13.30080719316132,14493,2.570264903689612e-07
2.835854,1,1448.504614,True,True,0.0054461771599764,12.774754704343325,14494,5.4461771599764
0.094486,1,1449.852434,True,True,0.0096285504879217,17.71874036851285,14495,9.628550487921698
6.836642,1,1451.054339,True,True,0.0048046231639237,5.556619643957153,14496,4.8046231639237
7.980729,3,1452.41151,True,True,8.984649790054304e-07,2.5908905650366294,14499,0.0008984649790054304
2.149725,2,1453.677843,True,True,0.0048048956605025,13.651684329952255,14501,4.8048956605025
8.526871,5,1455.079738,True,True,6.531459010827162e-05,4.202124772693345,14506,0.06531459010827162
-24.025864,60,1455.081988,False,True,0.0179614392377368,14.981618556679864,14566,17.9614392377368
3.283652,4,1456.486067,True,True,0.0070848135494698,11.976891855992386,14570,7.0848135494698
3.271933,6,1457.676492,True,True,0.0077716887711848,10.139148197482225,14576,7.7716887711848
4.804429,2,1457.68449,True,True,0.0002979143166045,8.862992182249153,14578,0.29791431660449996
4.488935,1,1458.957881,True,True,5.765428391733959e-05,9.78922624767159,14579,0.057654283917339594
4.59806,4,1460.326538,True,True,0.0044807597015618,7.963747305875671,14583,4.4807597015618
1.938363,6,1461.635614,True,True,0.0002961074216059,14.362882989504111,14589,0.2961074216059
8.270059,2,1463.002945,True,True,0.0002273168394441,3.395355482431725,14591,0.2273168394441
1.203891,6,1464.225334,True,True,0.0010889987024102,14.81811878770119,14597,1.0889987024102
9.516769,1,1465.512987,True,True,2.6335040668618373e-05,0.7107692777211085,14598,0.026335040668618373
-28.140181,60,1465.515952,False,True,0.016695646739535,45.58633322362427,14658,16.695646739535
4.226263,4,1465.520957,True,True,0.0048111723961049,11.242088118655618,14662,4.8111723961049
8.845146,1,1466.900138,True,True,7.64272975913808e-06,1.924372624204273,14663,0.00764272975913808
5.181517,2,1467.976634,True,True,0.0001366209398281,8.498887107374587,14665,0.1366209398281
6.695029,1,1467.979625,True,True,0.0029766875293979,5.8105678492078505,14666,2.9766875293979003
8.731547,3,1469.419564,True,True,0.0057810792778489,1.808138550555341,14669,5.7810792778488995
3.589649,1,1469.432612,True,True,0.00435987026251,11.414664352191489,14670,4.35987026251
0.493538,1,1470.694306,True,True,0.0004409204983584,16.99507999917718,14671,0.44092049835839997
4.165115,3,1471.961113,True,True,0.0032404192653384,10.117450949146969,14674,3.2404192653384003
1.857461,3,1473.369292,True,True,0.0001589411065203,12.343278344526992,14677,0.1589411065203
6.668371,1,1474.670816,True,True,1.0485219600966282e-05,5.855729738952187,14678,0.010485219600966282
0.827289,7,1475.901272,True,True,0.0024152927974397,14.99048585831382,14685,2.4152927974397
7.158404,3,1475.906277,True,True,0.0042956129601427,4.218031036777782,14688,4.2956129601427
8.610154,1,1477.267223,True,True,0.0001772291321269,2.3491414916118507,14689,0.1772291321269
7.188377,1,1477.277222,True,True,0.0001575885564627,4.917003182885812,14690,0.1575885564627
5.099596,1,1478.577714,True,True,0.0049827047178304,8.686972354866993,14691,4.9827047178304005
4.345063,3,1478.580727,True,True,0.0045308962459189,9.461417800178726,14694,4.530896245918901
3.676944,1,1478.581717,True,True,0.0081842456035528,11.259749364358257,14695,8.1842456035528
3.370108,1,1480.053543,True,True,0.004746086237095,11.810868032323684,14696,4.746086237095
3.462401,2,1481.313164,True,True,0.0032449365357869,11.29539116358544,14698,3.2449365357869002
6.986627,4,1482.582139,True,True,1.4154414451350572e-06,4.2547247605198,14702,0.0014154414451350572
4.389883,4,1483.727546,True,True,0.0012019974617004,9.662930435813966,14706,1.2019974617004
2.37087,2,1485.086239,True,True,4.010737922333085e-12,13.422263357857844,14708,4.010737922333085e-09
9.121094,3,1486.254713,True,True,0.0003377113544197,1.1172311283376497,14711,0.3377113544197
3.387525,3,1487.610095,True,True,0.0010091859630966,8.704887398167982,14714,1.0091859630966
5.63394,2,1488.928592,True,True,0.0039967188172847,7.194476786469795,14716,3.9967188172847
2.186338,3,1490.229967,True,True,0.0001965184433167,13.786862583773845,14719,0.1965184433167
1.210602,2,1491.509868,True,True,0.0047830058265718,15.588075795497558,14721,4.7830058265718
4.881878,13,1492.761343,True,True,0.0001021882607708,5.515740167516872,14734,0.10218826077080001
7.343583,1,1492.768344,True,True,1.0391701531914377e-07,4.636572983994503,14735,0.00010391701531914377
5.610717,2,1494.09916,True,True,0.0046534082468864,7.521579582883015,14737,4.6534082468864
2.714008,2,1495.357203,True,True,0.0007016021613512,9.809958726142002,14739,0.7016021613512
-36.567864,60,1495.362193,False,True,0.0193892109273057,61.73854920291314,14799,19.3892109273057
3.613204,5,1496.630824,True,True,0.0002697924184211,9.67588076467772,14804,0.2697924184211
2.683592,1,1496.641816,True,True,0.0048517457803305,13.048949872697298,14805,4.8517457803305
8.977808,1,1496.642814,True,True,0.0024084058155966,1.6877486087478473,14806,2.4084058155966
5.159724,1,1498.02643,True,True,9.740241877778492e-06,8.57879466290164,14807,0.009740241877778492
4.440218,2,1499.334267,True,True,0.0002391225424073,9.47028170514963,14809,0.2391225424073
5.219585,2,1499.34127,True,True,0.0048103942331823,7.7867728884381,14811,4.8103942331823
7.709502,2,1500.746385,True,True,7.00417356370997e-08,3.607236637868408,14813,7.00417356370997e-05
6.501805,1,1502.017655,True,True,0.0043435115964344,6.160624417777554,14814,4.3435115964344
8.965229,2,1502.017657,True,True,0.0018956934694047,1.2030119035957074,14816,1.8956934694046998
2.865683,4,1503.289161,True,True,0.0043685196449019,10.368859125494597,14820,4.3685196449019
4.353282,4,1505.467559,True,True,0.000101110234848,7.1359835704697785,14824,0.101110234848
-0.003556,3,1506.840077,True,True,0.0001212445561157,17.440918207425874,14827,0.12124455611570001
5.250981,1,1508.039777,True,True,0.0048911854991916,8.418225995512651,14828,4.891185499191599
4.240388,11,1509.385975,True,True,9.305360835646162e-05,10.05914724053467,14839,0.09305360835646162
2.306846,3,1510.688744,True,True,0.0004384839910856,13.347783340125655,14842,0.43848399108560004
4.81707,3,1512.012488,True,True,0.0009497423707469,9.091223700305052,14845,0.9497423707469
8.160013,1,1512.018319,True,True,0.0048344980734602,3.1676127544839763,14846,4.8344980734602006
6.619288,1,1513.475163,True,True,0.0065463445262325,5.950599761078645,14847,6.546344526232501
-5.377997,30,1514.634118,True,True,0.0029429489830414,5.345759099067976,14877,2.9429489830413997
5.094367,1,1514.653187,True,True,0.0003451128506048,8.697027394675876,14878,0.3451128506048
2.775204,2,1515.99822,True,True,0.0034141833803227,12.760616753364184,14880,3.4141833803227
5.60925,4,1517.331265,True,True,0.0025284109840991,7.103981803796434,14884,2.5284109840991
0.135296,2,1518.591135,True,True,0.0061126583182953,17.487629855741307,14886,6.1126583182953
-10.632588,25,1519.767609,True,True,0.0097550990463445,14.065213557217572,14911,9.7550990463445
9.907486,1,1519.77361,True,True,8.601317017832567e-08,0.0041026005617828,14912,8.601317017832567e-05
1.151605,2,1521.036196,True,True,0.009363105921832,15.795758545415046,14914,9.363105921832
8.738423,3,1522.265066,True,True,0.0008661014809158,2.108104778511159,14917,0.8661014809158
9.316102,2,1523.401731,True,True,0.0015747572458962,1.5513800567529836,14919,1.5747572458962
-13.331592,14,1524.725608,True,True,0.0055547610303866,17.560429548443913,14933,5.554761030386601
4.246765,2,1524.727577,True,True,0.0026873717025675,10.155690825591934,14935,2.6873717025675
3.113333,1,1526.076832,True,True,0.0019627859550175,12.272098562088145,14936,1.9627859550174998
0.252338,1,1526.078822,True,True,0.0001526098670416,17.42975293426616,14937,0.1526098670416
6.254085,2,1526.091815,True,True,0.0044472035993657,5.580646347316296,14939,4.447203599365699
6.685853,1,1527.702814,True,True,0.0001918621650196,5.824353962868975,14940,0.19186216501960002
6.467446,2,1528.886757,True,True,0.0001337700364417,6.077755342961794,14942,0.1337700364417
5.935785,2,1529.990037,True,True,0.0023958606910894,6.830047733037651,14944,2.3958606910894003
8.253676,3,1531.217409,True,True,0.004439288979923,4.378996517023716,14947,4.439288979923
5.361759,3,1532.491759,True,True,0.0005873999220364,7.492680270513191,14950,0.5873999220364
2.952023,7,1533.694069,True,True,0.004799528674625,11.306379208998512,14957,4.799528674625
3.0439,2,1533.699074,True,True,3.796454635038304e-10,12.270456355287868,14959,3.796454635038304e-07
6.423057,2,1535.037328,True,True,0.0012464312865271,5.351368461615353,14961,1.2464312865271001
8.816955,1,1535.039762,True,True,0.0047875464611025,1.981177934424392,14962,4.7875464611025
6.531786,1,1535.052379,True,True,0.004783237697571,6.106920132296746,14963,4.783237697571
4.981075,3,1536.607457,True,True,2.7055091549685805e-05,9.435482774074634,14966,0.027055091549685807
5.369416,4,1537.867379,True,True,0.0002061972709227,7.434448704737965,14970,0.2061972709227
1.832131,10,1539.126666,True,True,0.0044778595535545,13.159463567950214,14980,4.4778595535545
6.045921,10,1539.134677,True,True,0.0024249140385624,4.695756200744463,14990,2.4249140385624
-0.342766,3,1540.516697,True,True,0.0037718139394148,16.211863854652247,14993,3.7718139394148
4.018704,1,1541.706085,True,True,1.1713740953878116e-06,10.637557035838226,14994,0.0011713740953878116
-0.553828,5,1542.856029,True,True,0.0046189740440773,16.359811621889584,14999,4.6189740440773
9.470457,1,1542.86304,True,True,0.009532534881549,0.8064018722531048,15000,9.532534881549
5.380019,1,1544.096766,True,True,0.0003793877033261,8.181573074636976,15001,0.3793877033261
7.769924,10,1545.387325,True,True,0.0084575589862241,3.1765556621231155,15011,8.457558986224099
4.632165,4,1546.736693,True,True,0.0022606316128028,9.114454284103218,15015,2.2606316128028
2.513358,8,1548.162475,True,True,0.0005025467607641,7.642079203769217,15023,0.5025467607641
8.432305,1,1549.324441,True,True,9.978939470016868e-06,2.670222684150324,15024,0.009978939470016868
-0.817075,11,1550.463938,True,True,0.0007456676207299,15.748276441028514,15035,0.7456676207299
7.772932,1,1550.464935,True,True,7.535800601430123e-06,3.8612163720869943,15036,0.007535800601430123
10.450393,3,1551.802404,True,True,2.4045189429330177e-06,1.8236282470825995,15039,0.0024045189429330177
3.305244,3,1551.809417,True,True,0.0022207444190427,12.010210923726298,15042,2.2207444190427
1.938617,9,1553.111202,True,True,0.0003573159956318,11.579432499434326,15051,0.3573159956318
7.134901,2,1554.311518,True,True,0.0051303626168175,4.401895963217068,15053,5.1303626168175
9.594474,1,1555.582767,True,True,0.0032834466425963,0.5747407776997049,15054,3.2834466425963003
3.16076,2,1556.88903,True,True,0.0025232855197365,12.022029653833028,15056,2.5232855197365
-20.780103,60,1558.092886,False,True,0.0071293208982292,20.56633009232923,15116,7.1293208982292
9.749392,2,1559.184334,True,True,0.0037704462631178,0.1378297478618312,15118,3.7704462631177997
7.75365,7,1560.379494,True,True,0.0119104266862453,3.782348540926242,15125,11.9104266862453
7.577115,8,1560.381902,True,True,0.002729678575299,4.050686753183132,15133,2.729678575299
4.455345,2,1560.38778,True,True,0.0048095573725143,9.47252960867032,15135,4.809557372514299
5.102419,2,1561.912575,True,True,0.0049170348875875,8.664499981944152,15137,4.9170348875875
9.617395,2,1563.139345,True,True,0.0087489938314646,3.521034418207196,15139,8.7489938314646
5.054971,2,1563.14635,True,True,0.0008539205920031,8.947510972342874,15141,0.8539205920031
5.782215,2,1563.148352,True,True,0.0046585353034897,6.062126030711357,15143,4.6585353034897
4.353863,4,1564.732292,True,True,0.0036549590374563,9.098565599566385,15147,3.6549590374563
5.803878,6,1565.95915,True,True,0.004544259852553,6.290790933619151,15153,4.544259852553
6.101013,1,1567.249742,True,True,0.0066673469151823,6.885964172579617,15154,6.6673469151823
3.266358,1,1568.536013,True,True,1.6522880286196084e-11,11.99472340984859,15155,1.6522880286196084e-08
6.907667,3,1569.849291,True,True,0.0023612210932715,5.706034281352218,15158,2.3612210932715
5.517972,13,1571.266266,True,True,0.0044774993427013,5.968960745167975,15171,4.4774993427013
6.609039,2,1572.450177,True,True,0.0048442471906471,5.570548199425957,15173,4.8442471906471
8.854854,2,1573.689203,True,True,2.078721060863641e-05,1.2514804305944764,15175,0.02078721060863641
8.957515,1,1574.938376,True,True,0.000356452290592,1.7217982828653453,15176,0.356452290592
2.217487,1,1576.142274,True,True,0.0020744410819288,13.887732208402312,15177,2.0744410819288
8.933159,13,1577.864579,True,True,1.173427217648947e-05,1.2872462834034375,15190,0.01173427217648947
-10.275369,37,1577.877573,True,True,0.0007412106507266,17.927172575393968,15227,0.7412106507266
5.32409,1,1579.219754,True,True,0.0090689271687301,8.289560913533428,15228,9.0689271687301
1.627485,2,1580.487354,True,True,0.0021840350575575,14.831285021967524,15230,2.1840350575575
1.054792,5,1581.769541,True,True,0.0051263075098069,15.126965589819802,15235,5.1263075098068995
9.266242,1,1583.010215,True,True,0.0031163864042238,1.1675574843900414,15236,3.1163864042238
-2.919553,7,1584.263637,True,True,0.004718282812581,15.862179758361751,15243,4.718282812581
-2.507991,5,1585.529948,True,True,0.0010590312794599,17.91623749988443,15248,1.0590312794599002
4.381497,6,1586.998491,True,True,0.0040856715071517,8.089749740517872,15254,4.0856715071517
1.888393,2,1589.161507,True,True,0.0009557388640991,14.187442083567072,15256,0.9557388640991
1.275318,11,1589.179721,True,True,0.0119688546500624,6.258715808337836,15267,11.9688546500624
1.149768,2,1590.592745,True,True,0.0033271383792891,15.6089865379529,15269,3.3271383792891
8.365588,3,1591.82924,True,True,3.967210441940556e-05,2.48516635283204,15272,0.03967210441940556
6.63839,1,1591.842227,True,True,0.0063884968360884,5.915986011527694,15273,6.3884968360884
3.488018,1,1593.131023,True,True,0.0049692623433066,11.598368891133132,15274,4.9692623433066
-38.232396,60,1593.137009,False,True,0.0197256164002947,14.30094450240139,15334,19.7256164002947
5.158474,1,1593.142014,True,True,0.0047148137982188,8.584985395932176,15335,4.7148137982188
6.390785,1,1594.583715,True,True,0.0028152753863631,6.359576467410226,15336,2.8152753863631
7.989167,3,1595.783348,True,True,0.0048391062976172,3.0525254692005097,15339,4.8391062976172
2.550776,4,1597.059533,True,True,0.0009464653602558,12.786763196774409,15343,0.9464653602558
4.212164,1,1597.059555,True,True,1.4920882161761906e-08,10.288533449513986,15344,1.4920882161761906e-05
6.475212,2,1598.389285,True,True,0.0047365612490884,5.8766295184033925,15346,4.736561249088401
5.961467,5,1599.708594,True,True,0.0047016689101956,5.957761924602956,15351,4.7016689101956
7.556872,3,1599.708608,True,True,3.812256667941566e-05,3.955682486066508,15354,0.03812256667941566
6.957655,1,1601.080558,True,True,4.601279213929492e-05,5.333477472236089,15355,0.04601279213929492
-27.0879,60,1602.326556,False,True,0.0118882831146253,16.27109163732594,15415,11.8882831146253
10.420995,2,1603.546666,True,True,0.0041934807989278,1.0242232969006608,15417,4.1934807989278005
6.420098,3,1603.550187,True,True,0.0005224595266497,5.336935162087757,15420,0.5224595266497001
8.453835,1,1603.552663,True,True,6.959992612561115e-06,2.6313259778456035,15421,0.006959992612561115
4.770641,1,1605.00545,True,True,0.0100842941303794,9.28856570108196,15422,10.084294130379401
8.464913,5,1606.245285,True,True,0.0002817182306284,2.942855198160661,15427,0.28171823062839996
1.875555,7,1607.368213,True,True,0.000769740171006,13.450687900398954,15434,0.769740171006
2.582717,8,1607.369228,True,True,0.0025053563924608,11.92219185747525,15442,2.5053563924607998
-10.16467,20,1608.687597,True,True,0.0001368499926086,8.589684399140628,15462,0.1368499926086
4.224062,1,1608.696595,True,True,0.0050372372855156,10.270872345156407,15463,5.0372372855156
4.998247,6,1610.109965,True,True,0.0034723224488973,6.051990812868223,15469,3.4723224488973
9.803142,2,1610.111955,True,True,4.147547500167083e-06,0.0306131007131032,15471,0.004147547500167083
7.29687,3,1611.367645,True,True,0.0005019599771575,4.437509725035353,15474,0.5019599771575001
7.19157,1,1611.378629,True,True,0.0047039658896893,4.913648301176035,15475,4.703965889689299
8.455749,1,1612.767965,True,True,0.0045253372751143,2.6332243379246085,15476,4.525337275114301
3.144915,1,1614.029639,True,True,0.0029879251613169,12.215831259878255,15477,2.9879251613169
8.669176,3,1615.264688,True,True,0.0005187827931605,1.6084380008083554,15480,0.5187827931605
1.952522,3,1616.500696,True,True,0.0049043033488355,14.028824465016656,15483,4.9043033488355
7.879493,1,1617.682753,True,True,2.347299668468625e-06,3.6687541432971287,15484,0.002347299668468625
0.311128,4,1618.837216,True,True,0.0026180880855874,16.79856515234252,15488,2.6180880855874
7.814075,2,1620.052585,True,True,0.0002550840886017,3.638731336709716,15490,0.2550840886017
1.619077,9,1620.059555,True,True,0.0003041353596653,12.308990426744062,15499,0.30413535966530003
9.843772,1,1620.061553,True,True,0.0063159324382824,0.1282253413303757,15500,6.3159324382824
6.780474,14,1621.573191,True,True,0.0023101343024835,4.128841655987729,15514,2.3101343024835
5.115573,3,1622.809546,True,True,0.0020781540329217,8.535841448133798,15517,2.0781540329217
1.612291,1,1622.811663,True,True,3.499713429006295e-05,14.977774312426584,15518,0.034997134290062945
8.611018,1,1624.128674,True,True,1.0188351460017724e-05,2.347371700406882,15519,0.010188351460017724
4.621824,1,1624.136661,True,True,0.0042454996277025,9.55277639455474,15520,4.2454996277025
3.858089,5,1625.415019,True,True,0.0066372699648334,11.205287482881996,15525,6.6372699648334
7.05483,8,1626.699643,True,True,0.0023095274531767,3.540245761400452,15533,2.3095274531767003
3.677259,4,1626.700641,True,True,0.0003255478333177,10.2540776617391,15537,0.3255478333177
7.282003,2,1628.036089,True,True,1.4206494414496573e-06,4.597318967151683,15539,0.0014206494414496572
7.154917,2,1628.040081,True,True,1.97785877762216e-06,5.6399793873837085,15541,0.00197785877762216
5.967168,7,1629.402138,True,True,0.0020463265605197,8.033613304982431,15548,2.0463265605197
6.697098,2,1629.411128,True,True,0.0022019762689467,5.024580184414994,15550,2.2019762689467
9.824841,1,1630.723247,True,True,7.31424155430043e-05,0.1540329030677515,15551,0.0731424155430043
2.102893,1,1632.012414,True,True,0.0050534212036436,14.096131726363929,15552,5.0534212036436
0.713562,6,1633.333801,True,True,0.0096804102125651,13.887482831485398,15558,9.6804102125651
6.255714,9,1634.646149,True,True,0.0100866850168361,3.3098266478622658,15567,10.0866850168361
6.098373,14,1635.73033,True,True,0.0025233709161062,5.182129129580761,15581,2.5233709161062
9.611523,1,1637.002774,True,True,0.0045935339814384,0.5456298202423372,15582,4.5935339814384
3.08867,1,1638.303596,True,True,0.0036594040835886,12.317711439703196,15583,3.6594040835886
-1.519981,23,1639.628923,True,True,0.0001127642994943,16.778001132700144,15606,0.1127642994943
5.769721,1,1639.635926,True,True,0.0016065853889632,7.4793787947169985,15607,1.6065853889632
2.662386,1,1641.159806,True,True,0.0034828925462943,13.086341127813272,15608,3.4828925462943
1.54308,2,1642.531767,True,True,0.000572718165263,15.087873112162988,15610,0.5727181652629999
3.330835,3,1643.759398,True,True,0.0042932769531745,11.350817264917508,15613,4.2932769531745
0.585243,10,1643.765402,True,True,0.0027652819208256,14.831341222796125,15623,2.7652819208256
2.422349,1,1645.353843,True,True,0.0010176542052811,13.517637924541658,15624,1.0176542052811
-0.985932,8,1646.545833,True,True,0.003984955257864,17.280015598264683,15632,3.984955257864
2.881191,6,1648.001247,True,True,0.0002055827311513,11.907618852806538,15638,0.20558273115130002
9.47749,2,1649.235433,True,True,1.2079132694943484e-08,0.5661699199824962,15640,1.2079132694943484e-05
6.510105,1,1650.44298,True,True,1.1291138465830894e-06,6.141444145383667,15641,0.0011291138465830894
9.118147,1,1651.671478,True,True,0.0054606754251758,1.4379653005228596,15642,5.4606754251758
6.633466,1,1652.948358,True,True,0.0088963875860107,5.927072567242799,15643,8.8963875860107
-0.355246,12,1654.250838,True,True,0.0013238927224695,17.229544464065267,15655,1.3238927224694998
0.307649,3,1655.522107,True,True,0.0043741244890424,16.55029050425327,15658,4.3741244890424005
9.828457,1,1656.760237,True,True,1.426801888874344e-05,0.1474135027573279,15659,0.01426801888874344
5.395762,2,1658.051825,True,True,5.8663554283701e-06,8.16987155132088,15661,0.0058663554283701
-2.144676,19,1659.313346,True,True,0.004112176663497,10.745060627498669,15680,4.112176663497
1.046353,5,1659.327379,True,True,0.0006868609543019,12.349472723562553,15685,0.6868609543019
7.460925,2,1660.962044,True,True,0.0045086164831618,4.366894553375391,15687,4.508616483161799
-0.198106,4,1662.255674,True,True,0.0095905193217074,17.21839220993693,15691,9.5905193217074
3.218489,1,1662.257731,True,True,0.001119357190426,12.081859104711263,15692,1.119357190426
3.498205,1,1663.887773,True,True,1.4600935738240395e-10,11.57651659037157,15693,1.4600935738240395e-07
6.919139,1,1665.098697,True,True,3.155577067686516e-06,5.402973069377635,15694,0.003155577067686516
5.169557,3,1666.327211,True,True,0.0020945125870613,8.867035569397977,15697,2.0945125870613
7.139173,6,1666.336224,True,True,0.0014457963106963,4.695406117994295,15703,1.4457963106962999
7.593086,2,1667.959008,True,True,0.0007214906120947,2.9406273004063306,15705,0.7214906120947
8.415706,4,1669.381356,True,True,0.0007578251866081,5.583916222432463,15709,0.7578251866081
2.75083,3,1669.386342,True,True,0.0007876050991935,12.66050673639889,15712,0.7876050991935
8.435555,2,1671.122791,True,True,0.0001234393045208,2.511885499360152,15714,0.1234393045208
6.506608,2,1672.353462,True,True,0.0048199942900712,6.677362408782942,15716,4.8199942900712
6.71832,3,1673.66079,True,True,0.0046477035065915,6.373328399050327,15719,4.6477035065915
0.766709,3,1674.867455,True,True,0.0001588054569642,16.081827863117343,15722,0.15880545696419998
0.239921,2,1676.13647,True,True,0.0013676392572552,17.685506376632766,15724,1.3676392572551999
0.525808,5,1677.39263,True,True,0.0045832323791181,16.2147878258796,15729,4.5832323791181
6.263322,6,1678.606289,True,True,1.0262666426726769e-05,4.26062987202754,15735,0.010262666426726769
7.616604,1,1679.819109,True,True,0.0049441268515626,4.141517996189084,15736,4.9441268515626
1.223244,4,1681.008596,True,True,0.0071961502678638,16.148393084077558,15740,7.1961502678638
8.444925,1,1681.019588,True,True,0.0011447304453647,2.648814372466336,15741,1.1447304453647
9.282966,1,1682.776153,True,True,0.002283706627309,1.13627657844258,15742,2.283706627309
3.454157,7,1684.066175,True,True,0.0073035781355259,10.968662815556703,15749,7.303578135525901
2.539799,2,1684.068987,True,True,0.0002254473856488,13.387808772741888,15751,0.22544738564879999
8.121381,2,1685.660936,True,True,1.0408202792593429e-06,2.964422177515611,15753,0.0010408202792593429
3.205247,2,1685.669941,True,True,0.0020415112363709,11.68675864310431,15755,2.0415112363709
4.089048,1,1687.16069,True,True,5.14687413728154e-05,10.51068979797257,15756,0.0514687413728154
-30.987277,60,1688.41024,False,True,0.0225109711588253,12.542455122334887,15816,22.510971158825303
3.874375,1,1688.42223,True,True,1.6297729519442437e-05,10.897944489557254,15817,0.016297729519442437
1.018426,6,1690.066245,True,True,0.0053076272287598,15.063672116705227,15823,5.3076272287598
-1.89737,5,1691.334178,True,True,0.0006392428130972,17.351285438369427,15828,0.6392428130972
3.718389,1,1692.439443,True,True,0.0029339610835726,11.181472638439184,15829,2.9339610835726
1.746633,5,1693.910719,True,True,0.0003361645164153,11.49615250707283,15834,0.33616451641530004
7.078118,5,1693.926706,True,True,0.0014711229977047,5.5927558765470256,15839,1.4711229977047
2.752456,1,1695.673454,True,True,0.0023001264336178,12.923156997151011,15840,2.3001264336178
8.354073,2,1695.675553,True,True,6.047063128185185e-05,2.1922770477359337,15842,0.060470631281851844
3.932948,2,1697.30249,True,True,5.8094295519204014e-05,10.872055458808202,15844,0.05809429551920402
7.518297,3,1699.342922,True,True,0.0006366019692506,2.908285243331295,15847,0.6366019692506
-0.64139,3,1699.349109,True,True,0.0002310934958594,17.959630385896833,15850,0.2310934958594
0.424409,8,1699.349925,True,True,0.0025535623268561,16.009741152871154,15858,2.5535623268561
1.916367,5,1701.242387,True,True,0.0053943933337423,12.518306447278997,15863,5.3943933337423005
5.911493,1,1704.049563,True,True,0.002378598710604,7.224215608542581,15864,2.3785987106040003
1.07319,5,1705.692703,True,True,0.0076760334662083,15.660163426425274,15869,7.6760334662083
9.023747,1,1707.080438,True,True,0.0025163898466451,1.604892684934902,15870,2.5163898466451
3.683947,6,1707.088415,True,True,0.0096807266477176,8.727594631210678,15876,9.6807266477176
5.472203,1,1708.925798,True,True,0.00468178476429,8.018914626986989,15877,4.68178476429
6.131264,8,1710.455024,True,True,0.0005418987577087,5.604084324080392,15885,0.5418987577087
7.123443,2,1710.461507,True,True,0.0032277021711509,4.896266762191976,15887,3.2277021711509
4.560689,5,1713.18961,True,True,0.0021646839118634,9.136425743631722,15892,2.1646839118634
9.904794,1,1715.791214,True,True,1.037122890104158e-05,0.0094255071681962,15893,0.010371228901041581
8.119172,3,1715.796182,True,True,9.167749386347276e-05,4.401234485968035,15896,0.09167749386347276
1.600751,1,1718.526098,True,True,0.00049095012289,14.99885513918199,15897,0.49095012289
5.923459,6,1721.23822,True,True,8.974382400078404e-05,5.948161539894365,15903,0.08974382400078404
5.840556,4,1724.435322,True,True,1.0673724952997912e-06,6.889735609583208,15907,0.0010673724952997912
9.54225,1,1724.439056,True,True,0.0046479143353636,0.6708525822614498,15908,4.6479143353636
1.879405,1,1727.185922,True,True,0.0029150019349068,14.497848974440828,15909,2.9150019349068
8.828362,6,1727.201913,True,True,0.0054963344152179,1.9377348775888543,15915,5.4963344152179
8.790589,1,1729.841883,True,True,0.0015772424396963,2.0249278660089405,15916,1.5772424396962998
6.448202,2,1731.767436,True,True,0.0048709089043661,5.658436415915951,15918,4.8709089043661
8.588289,3,1731.778397,True,True,2.5343562105014164e-06,1.4759723922988006,15921,0.0025343562105014164
5.339268,1,1731.778427,True,True,0.0014781440948268,8.256077446257965,15922,1.4781440948268
1.445047,1,1734.084286,True,True,0.0039738276230963,15.28158162838847,15923,3.9738276230963003
-4.932336,11,1734.099276,True,True,0.0007008642557159,14.84802287490919,15934,0.7008642557158999
0.445117,1,1736.248368,True,True,0.0041664796445394,17.084272118186156,15935,4.1664796445394
5.491036,2,1736.258354,True,True,0.0050844786643716,7.914167422551809,15937,5.0844786643716
4.132919,1,1736.264884,True,True,0.008704197516832,10.437784729662436,15938,8.704197516832
2.719072,1,1738.051571,True,True,2.348215372149909e-12,12.981837439615123,15939,2.348215372149909e-09
4.34336,3,1738.058645,True,True,0.0038462425914947,9.762238701471189,15942,3.8462425914947
0.513904,1,1738.065648,True,True,0.0003130333459513,16.958294976311016,15943,0.3130333459513
4.812195,3,1740.512288,True,True,0.0023964525530519,7.876625280511464,15946,2.3964525530519003
9.744099,3,1742.480377,True,True,0.0004753043547674,1.859343148214119,15949,0.47530435476739996
1.517333,1,1743.998147,True,True,0.009993933831596,15.154387876216576,15950,9.993933831596001
9.447412,1,1745.440886,True,True,8.365393872496706e-05,0.8361910090905348,15951,0.08365393872496706
6.210213,3,1745.446891,True,True,0.0049484795794956,5.723313701291785,15954,4.948479579495601
-0.423876,6,1747.251809,True,True,0.0020858969310472,17.505340800769748,15960,2.0858969310472
5.736127,1,1748.569372,True,True,0.0049051325722935,7.542884499684877,15961,4.905132572293501
1.843025,3,1750.027551,True,True,0.0045209964685239,14.457442190807612,15964,4.5209964685239
8.250985,1,1750.031558,True,True,1.0198523556272012e-05,2.9977621051147203,15965,0.010198523556272012
7.909759,4,1752.213618,True,True,1.8411530368010957e-05,3.356328315076229,15969,0.018411530368010957
7.347037,1,1752.215616,True,True,2.2671050439789647e-06,4.6303388749171,15970,0.0022671050439789647
7.992855,10,1754.069645,True,True,0.0068668129008544,2.843161400447447,15980,6.866812900854399
4.868768,2,1754.081182,True,True,2.774048080095119e-07,8.97076869023352,15982,0.0002774048080095119
6.854914,1,1754.088185,True,True,0.0043763851097764,5.520276134817817,15983,4.3763851097763995
2.860529,1,1756.097712,True,True,0.0115534919712053,12.733804763783253,15984,11.553491971205299
4.018637,4,1758.810648,True,True,0.0002637369949228,11.615988942335711,15988,0.2637369949228
8.911746,4,1762.956736,True,True,0.0026831041453859,1.4973692870850996,15992,2.6831041453859
5.273807,2,1766.283095,True,True,0.0046953184712207,7.869320103702471,15994,4.6953184712207
8.249964,1,1766.294143,True,True,0.0025142762087461,3.002570392288089,15995,2.5142762087461
2.46302,2,1768.88921,True,True,0.0018135701888066,13.322590160195524,15997,1.8135701888066
7.859974,8,1768.899392,True,True,0.0043101590067749,2.5671043324200857,16005,4.3101590067749
7.35768,3,1771.164956,True,True,4.16897010614703e-05,5.329867670913545,16008,0.0416897010614703
3.568587,1,1771.168947,True,True,0.0020552673420801,11.451048448260543,16009,2.0552673420801
-2.335984,11,1773.291377,True,True,0.0071263775452857,12.488516238782529,16020,7.1263775452857
3.990403,2,1775.064435,True,True,0.0041653580867607,9.820384472396944,16022,4.1653580867607
3.013515,2,1777.020745,True,True,0.0092456490791667,11.895142027740894,16024,9.2456490791667
7.03471,5,1778.942839,True,True,1.8579247358609628e-05,4.60708983892813,16029,0.018579247358609628
2.580264,8,1780.512397,True,True,0.0045909009926466,10.92742749613043,16037,4.5909009926466
1.198082,5,1782.373312,True,True,0.0005727871745134,15.682085962150875,16042,0.5727871745134
3.453373,2,1782.374721,True,True,2.089209363558865e-06,11.3059815794396,16044,0.002089209363558865
2.915927,2,1784.576476,True,True,5.159421695332886e-05,12.529545876986637,16046,0.05159421695332886
5.971238,12,1785.991965,True,True,0.0023016720462953,5.683408032190854,16058,2.3016720462953
1.666037,6,1786.006472,True,True,0.0029115680471075,14.189476177710512,16064,2.9115680471075
9.604633,1,1786.009491,True,True,3.135648786384325e-05,0.5519803377730936,16065,0.03135648786384325
7.551519,1,1788.455929,True,True,0.0047908439785433,4.266224566636008,16066,4.7908439785432995
3.701041,5,1790.497822,True,True,0.0027252317708635,10.746531682307578,16071,2.7252317708635
5.722273,2,1790.506839,True,True,0.004184938720339,7.433971269223925,16073,4.184938720339001
-0.181588,3,1792.773028,True,True,8.537613326243967e-05,17.74025516453746,16076,0.08537613326243967
1.718376,1,1792.782018,True,True,0.0025097662249457,14.787956495771498,16077,2.5097662249457002
4.488175,1,1792.789021,True,True,0.0100116449302523,9.797956959460668,16078,10.0116449302523
2.177964,1,1795.078307,True,True,0.0002766480078148,13.957877419674949,16079,0.27664800781480003
2.748815,1,1795.092294,True,True,0.0011538861978703,12.928970740431604,16080,1.1538861978703001
1.488561,1,1797.435664,True,True,0.009049531227368,15.205786113673309,16081,9.049531227368
0.37624,1,1797.447307,True,True,0.0044485594442815,17.208563729403757,16082,4.4485594442815
7.471294,3,1799.581,True,True,0.0003988705811641,4.660857870231916,16085,0.39887058116409996
3.998726,2,1801.239862,True,True,0.0040456057499542,10.111541311662023,16087,4.0456057499542
1.786006,6,1801.254456,True,True,0.0070122777268129,14.482687170133428,16093,7.0122777268129
7.509364,2,1801.256454,True,True,0.0093118438688448,3.4917847416664998,16095,9.3118438688448
6.337267,3,1803.731046,True,True,0.0003818022332034,4.616320901947005,16098,0.3818022332034
9.127466,3,1803.734284,True,True,0.0020357618259872,1.697714171420414,16101,2.0357618259872003
1.808508,1,1805.847034,True,True,0.0001336317439711,14.62401739401986,16102,0.1336317439711
-0.855482,6,1807.429469,True,True,0.0011056092033134,15.692068078041858,16108,1.1056092033134
5.908391,1,1807.432473,True,True,3.4600089315354673e-05,7.227645470078299,16109,0.03460008931535467
6.124498,2,1810.557675,True,True,0.0048803421596533,6.270886331456185,16111,4.8803421596533
2.693654,1,1813.037071,True,True,0.0012477822055991,13.028513550033924,16112,1.2477822055991001
6.160766,9,1814.673045,True,True,0.0038099582780392,4.829721955425636,16121,3.8099582780392
9.137566,1,1814.688546,True,True,0.0051721453665467,1.4023228325637958,16122,5.172145366546699
-1.06132,6,1816.89282,True,True,0.0005336980628595,15.080595500639042,16128,0.5336980628595
7.896213,3,1818.634433,True,True,0.004630755013224,3.253652951118973,16131,4.630755013224
3.895919,3,1818.641943,True,True,0.004156746386103,10.556838244794507,16134,4.156746386102999
8.9099,1,1821.001894,True,True,0.000836151416908,1.8084459780570088,16135,0.836151416908
2.101536,4,1822.872555,True,True,0.0001763297530299,10.62935911876964,16139,0.17632975302989998
8.660705,1,1824.601668,True,True,0.0021252508874439,2.2602293331935823,16140,2.1252508874439
6.794552,1,1826.362891,True,True,0.0048943241487168,5.632763387812379,16141,4.894324148716801
6.737179,1,1828.12679,True,True,1.755270750238892e-07,5.73118428745649,16142,0.0001755270750238892
6.774197,7,1829.98858,True,True,0.0009858759169033,4.66364615354357,16149,0.9858759169033
9.703577,1,1829.990579,True,True,3.517985370407248e-05,0.3731580547347387,16150,0.03517985370407248
3.982601,1,1832.463578,True,True,0.0031348891573898,10.705041718776986,16151,3.1348891573898
8.758231,1,1832.471137,True,True,0.0030516032425678,2.0851858218118973,16152,3.0516032425678
2.74284,10,1835.074106,True,True,0.0048223431702942,10.694568950610323,16162,4.8223431702942
1.831199,3,1835.07857,True,True,5.2937688954646226e-12,14.340056242555573,16165,5.2937688954646225e-09
9.123787,1,1837.450754,True,True,0.0044420247319781,1.4265500663045731,16166,4.442024731978099
2.404936,1,1839.015159,True,True,0.0050470157090291,13.551527841514512,16167,5.0470157090291
1.610786,4,1840.826658,True,True,8.84795212039186e-05,15.083437178972591,16171,0.0884795212039186
4.759502,2,1840.831624,True,True,0.0042440424207148,8.690036500317282,16173,4.2440424207148
8.2765,1,1843.214931,True,True,3.0365675428897357e-05,2.951697716487095,16174,0.030365675428897357
-9.393715,8,1843.222361,True,True,0.006654291429346,16.454926825733715,16182,6.654291429346
8.110981,2,1845.713282,True,True,1.583461938565317e-05,3.024727744493678,16184,0.01583461938565317
9.646571,1,1845.717293,True,True,0.000288300773123,0.4765442686948118,16185,0.288300773123
7.72656,2,1848.200357,True,True,0.0035273182695616,2.892200783155986,16187,3.5273182695616
5.563913,2,1850.260937,True,True,7.123192699487121e-05,6.850334045365501,16189,0.07123192699487121
7.776943,5,1851.966846,True,True,0.0001649964029377,2.4747038278599964,16194,0.1649964029377
4.637258,1,1853.69409,True,True,0.004716619424411,9.52529117480022,16195,4.716619424411
8.9854,4,1855.343273,True,True,1.3449755603658214e-05,4.162198455826568,16199,0.013449755603658214
4.813735,1,1855.351218,True,True,0.0002363336643597,9.203325721981216,16200,0.2363336643597
1.6488,2,1857.543786,True,True,0.0009822262908808,14.562874915553326,16202,0.9822262908808
7.640782,5,1859.26037,True,True,0.0049751212048954,4.225049225877944,16207,4.9751212048954
-1.59703,4,1860.938073,True,True,0.0053693706082113,17.045762014684968,16211,5.3693706082113
3.693534,3,1862.654,True,True,0.0014701739161509,10.942671557225204,16214,1.4701739161509
8.193503,2,1862.662986,True,True,0.0001587420750001,2.279930523213572,16216,0.1587420750001
8.43391,1,1864.90075,True,True,1.3397285555410976e-05,2.6673284120452605,16217,0.013397285555410976
8.260855,1,1864.909738,True,True,6.099043221166264e-05,2.979995992201823,16218,0.06099043221166264
2.173944,1,1867.083449,True,True,0.0015464133299069,13.965923789483004,16219,1.5464133299068998
7.130983,1,1868.744179,True,True,0.0047904312187707,5.025392842349563,16220,4.7904312187707
8.632226,1,1870.318839,True,True,0.0007130164779258,2.309938328100307,16221,0.7130164779257999
6.163536,3,1870.324825,True,True,0.0002971260927386,6.252131159718606,16224,0.29712609273859997
5.304362,1,1872.422664,True,True,0.0050905457720502,8.322075072735455,16225,5.0905457720502
3.478221,3,1874.06303,True,True,0.0010552667707774,11.60857449246454,16228,1.0552667707774
3.817891,1,1875.541606,True,True,0.0047844383273011,11.00330151211807,16229,4.7844383273011
9.096686,4,1876.945298,True,True,4.208356070120774e-07,0.9763964428487772,16233,0.0004208356070120774
6.064316,2,1879.433053,True,True,5.330377740241435e-06,8.376242201011356,16235,0.005330377740241435
-14.777214,26,1882.359315,True,True,0.0093375296380712,17.896002368615633,16261,9.337529638071201
1.131467,1,1884.321734,True,True,0.0013460066847644,15.84547944009402,16262,1.3460066847643999
3.840883,5,1887.396277,True,True,0.0046452070256352,8.256702200209368,16267,4.6452070256352
9.606342,4,1887.403285,True,True,0.0081053397511417,0.3016614388350427,16271,8.1053397511417
5.257252,5,1889.792879,True,True,7.380087132099686e-07,7.507165853484943,16276,0.0007380087132099686
1.472854,1,1891.260172,True,True,0.0001079794621858,15.22924114458318,16277,0.1079794621858
-18.611154,60,1892.760357,False,True,0.0151494877771148,8.852224673759816,16337,15.1494877771148
3.698136,1,1894.329228,True,True,0.0003030357270578,11.216089031271729,16338,0.30303572705779996
5.333822,2,1894.335782,True,True,0.0023276198464397,8.133486536878898,16340,2.3276198464397
4.480422,7,1896.68131,True,True,0.0003514420701252,7.32479922834226,16347,0.3514420701252
8.16766,1,1896.691262,True,True,1.210072499840606e-05,3.139589459333868,16348,0.01210072499840606
2.855913,1,1896.702909,True,True,0.0016346639060779,12.736140624607602,16349,1.6346639060779
7.133238,1,1898.754086,True,True,0.0047619067389148,5.021295711975871,16350,4.7619067389148
8.40642,1,1898.760553,True,True,0.0008926696612787,2.718063367705185,16351,0.8926696612787
5.061196,3,1901.093311,True,True,0.0049343501989733,8.500498255267342,16354,4.9343501989733
2.128042,5,1902.828171,True,True,0.0020579047450897,12.566866008111134,16359,2.0579047450897003
5.949915,3,1906.065664,True,True,0.0015948011936795,6.827216276288277,16362,1.5948011936795001
9.428262,5,1908.959011,True,True,0.0001428776308264,0.5547522877839395,16367,0.1428776308264
2.075636,3,1911.086018,True,True,1.3442085292081352e-10,14.39275137277057,16370,1.3442085292081352e-07
4.494433,1,1913.816556,True,True,0.0012200052299029,9.780245049388126,16371,1.2200052299029
-4.478674,17,1915.32497,True,True,0.00813517184624,15.801449478197464,16388,8.13517184624
4.788898,3,1916.479544,True,True,0.0096093176652145,9.118386582973876,16391,9.609317665214501
5.425838,4,1917.924513,True,True,0.0066198758753673,7.267963533980019,16395,6.6198758753673
3.006541,6,1919.308235,True,True,0.0003144451165222,9.32208593443229,16401,0.3144451165222
2.318264,2,1920.602724,True,True,0.0002301568401411,13.336345413264082,16403,0.2301568401411
9.886936,1,1921.92673,True,True,8.870698099235942e-05,0.0418180491768208,16404,0.08870698099235942
3.077402,1,1923.22577,True,True,5.038286281233706e-11,12.335548574334531,16405,5.038286281233706e-08
2.122832,6,1924.43812,True,True,0.0003179866500315,13.492308312952924,16411,0.3179866500315
2.087728,2,1925.643657,True,True,1.821618108091561e-08,13.770835581189932,16413,1.821618108091561e-05
9.381379,3,1925.660211,True,True,8.895705468887818e-05,0.6963793825525483,16416,0.08895705468887818
0.776277,2,1927.245673,True,True,0.0043039845183892,17.566096977580173,16418,4.3039845183892
5.242404,1,1928.594506,True,True,0.0095061982114029,8.437232059314699,16419,9.5061982114029
2.595134,4,1929.920555,True,True,0.0024145289671908,12.706937018022892,16423,2.4145289671908
0.631946,2,1931.187534,True,True,0.0004945737443332,12.88670598718209,16425,0.4945737443332
7.594209,2,1932.598795,True,True,0.0011955387848141,4.300371538518044,16427,1.1955387848141001
2.603174,6,1933.758795,True,True,0.000178149744758,12.211512849256264,16433,0.17814974475800002
4.307819,2,1935.093452,True,True,0.0051686727132775,7.160623218492896,16435,5.168672713277499
5.829485,1,1936.261777,True,True,0.0046602775561798,7.374216558482657,16436,4.6602775561798
1.825402,1,1937.513762,True,True,0.0002310411655912,14.593614241631627,16437,0.23104116559120003
-0.961343,3,1937.535655,True,True,0.0012356299273665,16.009416676874146,16440,1.2356299273665001
3.807404,2,1939.137389,True,True,0.0009340314276426,10.913837892641824,16442,0.9340314276426
9.903615,1,1940.455311,True,True,3.3117541876577505e-05,0.0115900658836458,16443,0.033117541876577505
2.358093,3,1941.779329,True,True,0.0089938396166383,12.585679039900274,16446,8.993839616638299
8.657296,7,1943.040033,True,True,0.0023917247784951,1.1740474416806894,16453,2.3917247784951
8.431654,2,1944.289591,True,True,0.0053499553527527,2.116063463704906,16455,5.3499553527527
-28.528136,60,1944.301577,False,True,0.0118264286370474,22.908972572350105,16515,11.8264286370474
8.513215,2,1945.939936,True,True,0.0047656709884354,2.725836966172748,16517,4.7656709884354
4.023472,2,1947.189784,True,True,0.0047961745583314,10.50045070819566,16519,4.7961745583313995
-7.664947,54,1947.19417,True,True,0.01198011354723,3.33558817442433,16573,11.98011354723
4.630563,1,1947.201749,True,True,0.0046475611674982,9.537316893946624,16574,4.6475611674982
8.165909,1,1948.940335,True,True,1.936218960777152e-06,3.1514279450612586,16575,0.0019362189607771518
1.964132,3,1950.239287,True,True,0.0096272612352557,13.70308139420753,16578,9.6272612352557
5.615958,2,1950.255279,True,True,1.804309075516004e-05,7.883317366735949,16580,0.01804309075516004
-1.540914,7,1951.876559,True,True,0.0009862960533305,17.04516697791849,16587,0.9862960533305
7.2883,2,1953.14976,True,True,0.002423245221744,4.42617128422319,16589,2.423245221744
1.16535,4,1953.158262,True,True,0.0030033829690206,15.882105920146412,16593,3.0033829690206
8.078517,5,1954.6622,True,True,0.0045860102426779,3.498122063805327,16598,4.5860102426779
6.814422,1,1954.66518,True,True,0.0023502401552546,5.594429892623484,16599,2.3502401552545997
7.191813,1,1954.673181,True,True,0.0048736828460279,4.915668219951257,16600,4.873682846027901
5.548698,1,1956.419539,True,True,0.0002430260376818,7.877032918611806,16601,0.2430260376818
5.960634,1,1956.435657,True,True,0.0010116396403363,7.134269728560263,16602,1.0116396403363
9.89881,2,1958.07406,True,True,8.306608315160856e-07,0.5747038623439507,16604,0.0008306608315160856
8.011519,1,1959.254281,True,True,0.0006528166044998,3.4310598042659524,16605,0.6528166044998001
5.192339,2,1959.256142,True,True,0.0047859267053935,8.634699284058923,16607,4.7859267053935
3.125279,1,1960.949595,True,True,0.0012792673910489,12.25008639577332,16608,1.2792673910489
6.659553,1,1960.959604,True,True,3.781675304743992e-06,5.8716431677101255,16609,0.003781675304743992
5.550024,1,1962.494493,True,True,6.020836676712184e-05,7.874473338871643,16610,0.06020836676712184
6.326156,1,1962.505498,True,True,0.0018964023478498,6.475357574987198,16611,1.8964023478498
0.858489,1,1964.06705,True,True,0.0075406133182522,16.34078878445227,16612,7.540613318252199
2.238184,2,1965.340049,True,True,3.5913512497483084e-05,11.537465904904744,16614,0.035913512497483084
-2.359965,7,1966.505803,True,True,0.0006373759731025,17.46533416660356,16621,0.6373759731024999
3.263913,1,1966.518792,True,True,0.0002565705503494,11.99931695506804,16622,0.2565705503494
2.368615,1,1968.116943,True,True,0.0046542321467866,13.61678509301365,16623,4.6542321467866
9.84411,1,1968.13194,True,True,2.482995108847585e-05,0.1124276700485165,16624,0.02482995108847585
9.570504,1,1969.793194,True,True,0.0007037450018304,0.6145925335382281,16625,0.7037450018304
7.173611,5,1970.981949,True,True,0.0031490569282108,3.1351422801849447,16630,3.1490569282107996
4.725753,3,1972.32717,True,True,0.0023325952249372,8.985580403552314,16633,2.3325952249372004
3.840692,1,1973.63027,True,True,0.0005819589291467,10.959137159521603,16634,0.5819589291467
7.800409,5,1975.016233,True,True,8.280234572632245e-05,2.464048455466,16639,0.08280234572632245
1.971344,2,1975.03322,True,True,0.0082374297920125,14.21817693952347,16641,8.2374297920125
4.511892,1,1976.748713,True,True,0.0014603900695414,9.7489363314105,16642,1.4603900695414
4.068153,3,1978.059369,True,True,0.0045328673347743,10.06392738506949,16645,4.532867334774299
1.914059,3,1979.364966,True,True,0.0019680147192845,14.06292633605414,16648,1.9680147192845001
5.924569,8,1979.374946,True,True,0.0067411426690065,5.22764945807127,16656,6.7411426690065
6.812136,2,1980.946876,True,True,0.0104780962135206,5.473225015978855,16658,10.4780962135206
6.167316,3,1980.96245,True,True,0.0002970860814488,7.171393458222717,16661,0.2970860814488
1.254662,3,1982.517258,True,True,0.0010020042682071,11.961424478760494,16664,1.0020042682071002
7.251458,1,1983.805188,True,True,0.0040797316662312,4.807206294267692,16665,4.0797316662312
7.850763,4,1985.109616,True,True,9.172421770160456e-05,2.489639207243817,16669,0.09172421770160456
8.184966,6,1985.124679,True,True,0.0001510681273855,1.7455190705108805,16675,0.1510681273855
5.194694,2,1986.759283,True,True,0.0021292795242004,8.289347289561016,16677,2.1292795242004
1.552849,1,1987.983936,True,True,0.0026457078777061,15.08648131441313,16678,2.6457078777060996
9.794693,1,1989.384084,True,True,1.815827111747905e-05,0.208447046314781,16679,0.01815827111747905
1.557229,1,1990.568891,True,True,0.0047317654053725,15.079747299168163,16680,4.7317654053725
6.426836,1,1991.791322,True,True,2.2410059181903028e-08,6.291765175431401,16681,2.2410059181903028e-05
3.531899,4,1993.052069,True,True,5.276668679431249e-05,11.21323174445132,16685,0.05276668679431249
5.921764,3,1994.411259,True,True,2.0662582670306386e-05,7.763625164748843,16688,0.020662582670306386
6.259696,2,1995.69173,True,True,5.8916778557078185e-05,6.69989992353263,16690,0.058916778557078185
1.242857,3,1997.000061,True,True,0.0024903749431579,15.86702484344996,16693,2.4903749431579
8.216788,1,1998.188397,True,True,4.1654090465487886e-07,3.0595217979033507,16694,0.00041654090465487886
9.328134,1,1999.546706,True,True,2.5812713567237477e-05,1.0516666081906707,16695,0.025812713567237477
0.285993,5,2000.920177,True,True,0.0053125461301857,15.3736258788126,16700,5.312546130185701
-29.141877,60,2000.926035,False,True,0.0050537587144516,2.3882505612539204,16760,5.053758714451599
7.112148,3,2002.517654,True,True,0.0021506274217865,3.727060826060296,16763,2.1506274217865
2.233695,1,2003.669952,True,True,0.0002618676178549,13.857364331068691,16764,0.2618676178549
5.744682,2,2004.945819,True,True,0.0001576488944186,7.247239390205959,16766,0.1576488944186
5.963904,3,2006.180109,True,True,0.0049577846652604,6.82835938107724,16769,4.957784665260401
5.658988,1,2007.39962,True,True,0.0048392933260765,7.682018759387106,16770,4.8392933260765
7.904448,2,2008.637887,True,True,2.141830341561256e-05,2.7382708512188265,16772,0.02141830341561256
-22.02801,38,2009.88903,True,True,0.0045955422008376,5.770345127683198,16810,4.5955422008376
8.310602,1,2011.205173,True,True,0.0002359019910137,2.890347038984028,16811,0.23590199101370002
2.937518,3,2012.481968,True,True,0.0029556787625125,12.30712040732678,16814,2.9556787625125
-19.575652,46,2012.493987,True,True,0.0102396954953792,11.925338896288212,16860,10.2396954953792
3.505719,1,2014.035456,True,True,0.0001799648491383,11.563094606563205,16861,0.1799648491383
7.313359,1,2014.042443,True,True,2.0448126328131283e-06,4.691152745013295,16862,0.0020448126328131283
4.94533,1,2015.640921,True,True,5.346434892028461e-10,8.965669250607359,16863,5.346434892028461e-07
2.47122,1,2016.926572,True,True,0.0042624780333287,13.431539083742436,16864,4.2624780333287005
7.704782,4,2016.935563,True,True,0.0002067414653247,3.8868044834248177,16868,0.2067414653247
9.052887,1,2018.475736,True,True,6.868689076866379e-05,1.5473334580415254,16869,0.06868689076866379
4.755668,3,2020.597752,True,True,2.2533166884394253e-05,7.97662340954317,16872,0.022533166884394253
5.035591,7,2021.816468,True,True,0.0026192449269874,8.012321146625466,16879,2.6192449269874003
0.280936,4,2023.095867,True,True,0.0040321314782461,16.467552415633584,16883,4.0321314782461
7.425533,4,2024.388321,True,True,0.0048090092668871,3.941999631694695,16887,4.8090092668871
-11.794456,27,2024.392193,True,True,0.00462792773031,7.226230421402801,16914,4.627927730310001
1.675171,2,2024.396183,True,True,0.0040783069098971,12.88742543972123,16916,4.078306909897099
4.803765,1,2025.942093,True,True,0.0007594639424291,9.221752410530808,16917,0.7594639424291
6.546484,1,2025.951084,True,True,4.405577545538815e-06,6.075771286120757,16918,0.0044055775455388154
5.48118,1,2025.957073,True,True,0.0044532863471379,8.002528275492878,16919,4.4532863471379
9.288735,1,2027.577125,True,True,0.0002037237533975,1.1231051921039945,16920,0.2037237533975
1.409177,2,2029.025631,True,True,0.0056274616931176,15.124306522982655,16922,5.6274616931176
3.142069,3,2030.582043,True,True,0.0014601539140751,12.002129829317806,16925,1.4601539140750999
5.44306,3,2031.822423,True,True,0.0009752014263541,7.021278720774898,16928,0.9752014263541
3.041379,2,2033.114828,True,True,2.0881334855671338e-11,12.318074966623566,16930,2.0881334855671337e-08
3.44001,6,2033.124833,True,True,0.0023229373309507,10.248259255173515,16936,2.3229373309507
3.613287,1,2033.125824,True,True,0.0041315649388156,11.371876483581625,16937,4.1315649388155995
8.229758,1,2034.886065,True,True,0.0004577857097265,3.0366455669868184,16938,0.4577857097265
5.286095,1,2036.198858,True,True,0.0055235839182814,8.355378777629845,16939,5.5235839182814
6.590765,1,2037.418909,True,True,0.0024421668440807,5.998253258677499,16940,2.4421668440807
5.197998,4,2038.656613,True,True,0.0028242415861009,7.114751560265421,16944,2.8242415861009
5.261706,1,2038.657617,True,True,6.927122024757808e-05,8.394809489910976,16945,0.06927122024757808
3.512367,1,2040.359793,True,True,0.0003996550753609,11.551263815494572,16946,0.3996550753609
5.585221,4,2041.584341,True,True,0.0048331579659891,7.635552944615273,16950,4.833157965989099
2.548063,2,2042.915,True,True,0.0002637352845829,13.166898892621,16952,0.2637352845829
2.339421,1,2044.145442,True,True,0.0065672917092972,13.670540085201116,16953,6.5672917092972005
3.524332,13,2045.450568,True,True,7.105766571106302e-05,6.089456324930077,16966,0.07105766571106302
3.752214,4,2046.669181,True,True,0.0022881202343618,8.369182299237796,16970,2.2881202343618003
8.284488,5,2048.107981,True,True,0.000214544545885,2.202504594126752,16975,0.214544545885
0.581214,9,2049.450992,True,True,0.0095520054782671,13.824332369955458,16984,9.5520054782671
5.682113,6,2050.837388,True,True,0.0003424978631623,7.067877489256119,16990,0.34249786316229996
9.89353,1,2052.123955,True,True,0.0001313604197518,0.0299591957507601,16991,0.13136041975180002
-16.015466,44,2053.345546,True,True,0.0048217817133429,5.980132293104196,17035,4.8217817133429
1.938844,8,2054.557317,True,True,0.0031559068783825,13.44211878251172,17043,3.1559068783825
5.383465,1,2055.714388,True,True,0.0046091175500896,8.178964471734933,17044,4.6091175500896
9.423236,2,2055.721371,True,True,2.803155773463753e-05,1.4309715241397445,17046,0.02803155773463753
4.235702,4,2055.732369,True,True,0.0096609495835981,9.980410957311223,17050,9.6609495835981
4.824195,2,2057.49081,True,True,0.0011661582367046,9.183907366419644,17052,1.1661582367046
2.043968,3,2058.828278,True,True,0.0011877933957551,13.883491433372294,17055,1.1877933957551001
8.197356,3,2058.834264,True,True,1.1430552269466045e-07,2.85428439530596,17058,0.00011430552269466045
3.479355,3,2060.561831,True,True,0.0019800893332752,11.769863923382523,17061,1.9800893332751999
4.169239,4,2061.765584,True,True,0.0027166304364856,9.988787490384953,17065,2.7166304364856
4.132456,5,2061.770597,True,True,0.0010873565453196,9.644165894302114,17070,1.0873565453196001
3.80473,1,2063.497327,True,True,1.1731584596140444e-05,11.023579718562829,17071,0.011731584596140444
5.61545,2,2064.807197,True,True,0.0003649154329901,7.804658627126967,17073,0.3649154329901
1.761888,5,2066.001113,True,True,0.0038451516506375,13.928424564134268,17078,3.8451516506375
6.342479,5,2067.300029,True,True,0.0029779385252148,4.782323231794354,17083,2.9779385252148
7.640406,1,2068.490969,True,True,2.812109819996453e-07,4.100550152016622,17084,0.0002812109819996453
-22.239439,40,2069.784667,True,True,0.0072599909400675,13.714573992306912,17124,7.2599909400675005
8.395462,1,2071.079022,True,True,2.946789186453365e-06,2.736769316042818,17125,0.002946789186453365
-1.320393,6,2072.444987,True,True,0.0039147455797496,13.65072137160304,17131,3.9147455797496
5.812723,4,2073.666159,True,True,0.0028861635469845,5.87882294875425,17135,2.8861635469845
2.114235,2,2073.670163,True,True,0.0011421764898723,14.10837720027855,17137,1.1421764898723
8.626851,1,2073.674159,True,True,0.0004571876977877,2.319329944152564,17138,0.45718769778769996
6.382083,1,2075.378528,True,True,0.0034541880312408,6.375880493850659,17139,3.4541880312408
0.766495,2,2076.549355,True,True,0.0049441987139556,14.751229685145947,17141,4.9441987139556
7.482627,1,2076.553359,True,True,0.0046839840120988,4.39048892599946,17142,4.6839840120988
8.031926,1,2078.22443,True,True,5.819694951334322e-05,3.3921793467497614,17143,0.05819694951334322
5.16971,5,2079.442193,True,True,0.0027739652693921,8.085139363167182,17148,2.7739652693920998
4.703225,3,2080.647222,True,True,0.00513292394982,7.712242529741971,17151,5.132923949819999
3.118648,4,2080.658374,True,True,0.0083761102571594,11.482104443143502,17155,8.3761102571594
9.390857,1,2082.289781,True,True,3.848194284252621e-07,0.938282596968096,17156,0.0003848194284252621
8.49366,2,2082.298096,True,True,0.0022665988671041,2.630873395419114,17158,2.2665988671041
7.989591,1,2083.94184,True,True,0.0047419660720366,3.475237632645412,17159,4.7419660720366
1.451993,3,2085.382382,True,True,0.0054641663149658,14.71992012971798,17162,5.464166314965801
6.700133,1,2086.675022,True,True,0.0043376146881168,5.802657766128629,17163,4.337614688116799
0.704522,6,2087.843924,True,True,0.0039053577613103,14.852035312815335,17169,3.9053577613103
-0.601925,8,2089.464391,True,True,0.0115232298277228,17.433809933075086,17177,11.5232298277228
-9.208859,15,2090.687432,True,True,0.0004397793520782,17.165395823458827,17192,0.4397793520782
4.709506,1,2090.697006,True,True,0.0001531406867626,9.391324273658936,17193,0.1531406867626
7.24334,1,2092.331991,True,True,0.0003277403632394,4.817942692088815,17194,0.32774036323940003
6.109477,1,2093.571927,True,True,0.0043046010658205,6.868642792951026,17195,4.3046010658205
0.038549,30,2094.863634,True,True,0.0069723961776313,0.5203995493006967,17225,6.9723961776313
2.726153,1,2094.868622,True,True,2.081246754798149e-09,12.969067714794996,17226,2.081246754798149e-06
6.766204,3,2094.875625,True,True,0.0023719915826689,4.699114825787917,17229,2.3719915826689
0.8784,1,2096.652304,True,True,0.0047492061607091,16.303519182570163,17230,4.7492061607091
1.852437,7,2098.217002,True,True,0.0005793155971291,10.61622684800082,17237,0.5793155971291
4.782547,6,2098.228449,True,True,0.0034549200125667,8.482043758277305,17243,3.4549200125667
3.525452,1,2099.877359,True,True,0.0044049808894945,11.530433139717967,17244,4.4049808894944995
-0.250318,3,2101.204716,True,True,0.0013820142418274,17.812013103439185,17247,1.3820142418274002
6.724399,3,2102.546748,True,True,0.0045677497930967,4.818774054946995,17250,4.5677497930966995
0.145787,7,2102.554858,True,True,0.0021606977859193,16.645544537047073,17257,2.1606977859193
3.843052,3,2104.342727,True,True,0.0001481800234005,10.878361559624906,17260,0.1481800234005
4.958508,8,2105.776286,True,True,0.0053288476369437,6.563070228034398,17268,5.3288476369437
8.086619,1,2106.951127,True,True,4.367371719102807e-05,3.294697019553362,17269,0.04367371719102807
8.469092,1,2108.279965,True,True,0.0045585060480702,2.609164591911489,17270,4.5585060480702
7.593488,1,2109.50863,True,True,0.0051880049941561,4.190861587494146,17271,5.1880049941561
3.987488,1,2110.678232,True,True,0.002839475534059,10.696010665236182,17272,2.839475534059
4.080714,1,2111.887513,True,True,0.0001781286076003,10.525824689965685,17273,0.1781286076003
1.380737,2,2113.253481,True,True,1.2425665964904686e-10,15.485610072238652,17275,1.2425665964904686e-07
0.715656,3,2114.601951,True,True,0.0002096062684735,16.50130422288366,17278,0.2096062684735
4.518641,6,2116.039812,True,True,0.0001017230584974,7.121228918721097,17284,0.1017230584974
-1.343881,4,2117.381877,True,True,0.0047864614501555,17.35637819605403,17288,4.7864614501555005
9.090786,2,2119.600232,True,True,0.0095919988772068,1.6836326219242996,17290,9.5919988772068
4.789623,4,2120.850851,True,True,9.814556635693836e-05,7.918401509758099,17294,0.09814556635693836
-37.183357,60,2122.026749,False,True,0.0176891711760986,34.9168629671739,17354,17.6891711760986
9.180964,1,2123.365079,True,True,0.0065599302063986,1.325804970666774,17355,6.5599302063986
5.056498,4,2124.646937,True,True,1.0280294864342677e-07,10.85504757455751,17359,0.00010280294864342677
4.159138,7,2125.839224,True,True,0.0049144370163865,7.451331520982592,17366,4.9144370163865
7.821397,2,2127.151402,True,True,0.0015269701599011,3.6283960680042697,17368,1.5269701599011
4.632353,1,2128.380587,True,True,5.7014302374616e-05,9.530456564680264,17369,0.057014302374616
8.265542,1,2129.662272,True,True,1.617793050110502e-05,2.9714738067113675,17370,0.01617793050110502
-27.911194,60,2130.801663,False,True,0.0045017327914387,24.317789769185783,17430,4.5017327914387
2.815957,8,2132.070718,True,True,0.0006467991125527,11.595434221478577,17438,0.6467991125527
2.903742,2,2133.377862,True,True,0.0046140668010693,11.700889397883024,17440,4.6140668010693
2.62854,5,2134.678504,True,True,0.0002067036116781,12.934878944392798,17445,0.2067036116781
0.682045,1,2134.683831,True,True,0.00434335733444,16.65727306719417,17446,4.34335733444
8.404816,3,2136.347502,True,True,0.0001188349533527,2.429899423192326,17449,0.1188349533527
-0.133792,2,2137.594911,True,True,0.0047728182592945,17.367842595694476,17451,4.7728182592945
3.932703,5,2138.983244,True,True,0.0047558380317757,9.272061979572824,17456,4.7558380317757
-0.155894,16,2138.999288,True,True,0.0047742654284808,0.2053156408342557,17472,4.7742654284808
-20.696605,60,2140.529281,False,True,0.0207213105258167,40.12278424910868,17532,20.721310525816698
6.607099,1,2141.785563,True,True,0.0002904983775733,5.966632709730443,17533,0.2904983775733
5.770311,4,2143.037333,True,True,0.009799359250152,9.00677274468034,17537,9.799359250152
5.856643,14,2143.046315,True,True,0.0060192629693263,7.941904134529722,17551,6.0192629693263
6.552229,1,2144.778358,True,True,8.065278715847779e-05,6.065476769884092,17552,0.08065278715847779
2.729403,8,2146.189782,True,True,0.0029876045737062,12.032677295330965,17560,2.9876045737062
2.614412,4,2147.456374,True,True,0.0006448891899407,12.722227953364955,17564,0.6448891899407001
8.085068,1,2148.866606,True,True,0.0001557174903505,3.2964851961886685,17565,0.1557174903505
5.408882,1,2150.151123,True,True,0.0044370406431286,8.132962478011512,17566,4.4370406431286
4.481472,7,2150.161127,True,True,0.0047755010728009,8.204987971306759,17573,4.775501072800901
3.915864,3,2151.87046,True,True,0.0051689044172211,10.407656495983924,17576,5.1689044172211
-2.385697,11,2151.885858,True,True,0.0001391432746503,3.834500596180067,17587,0.1391432746503
7.015061,7,2153.363401,True,True,0.0003340458517234,5.047692693908017,17594,0.3340458517234
1.314577,2,2154.669172,True,True,0.0011277146450066,15.33226795363231,17596,1.1277146450066
7.45561,2,2155.877319,True,True,0.0029692998363902,3.325323638848265,17598,2.9692998363902
3.330356,7,2157.389183,True,True,0.0042362617041544,11.133386891365353,17605,4.2362617041544
4.908979,4,2157.400401,True,True,0.0044655747193103,6.032917382234949,17609,4.4655747193102995
3.190405,3,2159.183208,True,True,0.0008354606238556,11.417954931194696,17612,0.8354606238555999
8.084295,3,2160.535639,True,True,0.0001367392974804,2.175458762675025,17615,0.13673929748039998
1.239089,5,2161.948082,True,True,0.0048236481609702,11.26260790948891,17620,4.823648160970199
2.864033,1,2163.242656,True,True,5.8083266844442816e-05,12.7204304692828,17621,0.058083266844442816
4.512558,4,2164.622394,True,True,0.0001896514333846,9.390240123576376,17625,0.1896514333846
4.358316,1,2165.805485,True,True,1.0893995025670033e-07,10.024848506358657,17626,0.00010893995025670033
8.751878,1,2167.083713,True,True,0.0003630324702861,2.093337140963012,17627,0.3630324702861
1.199773,2,2168.482861,True,True,0.0008864183894323,15.599642840390734,17629,0.8864183894323
2.237071,1,2169.886502,True,True,6.16637071265691e-11,13.8511092990756,17630,6.16637071265691e-08
-2.411287,7,2171.337164,True,True,0.0008491118697237,15.712670939499334,17637,0.8491118697237
7.387325,2,2172.697931,True,True,0.0047182009505063,6.163274209969578,17639,4.7182009505063
-4.649512,12,2174.451454,True,True,0.0002553369472131,17.734136873651188,17651,0.2553369472131
5.521554,3,2175.826636,True,True,0.0070295213755999,5.507229173629495,17654,7.0295213755998995
7.924446,2,2177.130222,True,True,3.642982098813613e-06,3.402887013558542,17656,0.003642982098813613
-26.145867,60,2178.581198,False,True,0.0197136473260972,43.28809612810854,17716,19.7136473260972
4.828485,3,2178.588491,True,True,0.0025514362663348,8.709827718639406,17719,2.5514362663348
9.4513,1,2180.110589,True,True,0.0003578310809889,0.8295417286190996,17720,0.35783108098890004
7.596904,2,2181.363357,True,True,0.0026440814497757,4.086944171854841,17722,2.6440814497757
-35.275115,60,2182.703282,False,True,0.0341564181355995,20.574691370385803,17782,34.156418135599495
6.183128,1,2184.037164,True,True,0.0002658864481233,6.731960661384452,17783,0.2658864481233
3.220319,4,2185.410517,True,True,0.0044788164335443,11.28962379623136,17787,4.4788164335443
8.623395,2,2186.727526,True,True,0.0001310419683606,2.3751107500952986,17789,0.1310419683606
7.876177,2,2188.155738,True,True,0.0045178791995444,3.3874921216387244,17791,4.5178791995444
-35.928897,60,2189.471639,False,True,0.0359825213623224,28.715154354609105,17851,35.982521362322395
4.52835,3,2190.825032,True,True,1.0121102811270002e-06,9.018481601386938,17854,0.0010121102811270002
5.162173,2,2190.832463,True,True,0.0057166709309061,8.449524883308486,17856,5.7166709309060995
2.99674,1,2192.290761,True,True,0.000483861842218,12.481371914475377,17857,0.483861842218
3.618418,2,2193.661317,True,True,5.34585663930498e-10,11.231932245068728,17859,5.34585663930498e-07
4.664763,1,2195.110121,True,True,0.0041101841542136,9.47521285985066,17860,4.1101841542135995
8.414814,5,2196.411269,True,True,3.6088675210772586e-05,3.579446119144425,17865,0.03608867521077259
7.252567,1,2196.420254,True,True,0.0015714700767179,4.80261475540235,17866,1.5714700767179
5.184589,5,2197.990204,True,True,0.0048571740819354,6.341711400864647,17871,4.8571740819354
2.059454,3,2199.236822,True,True,4.9915716355187394e-05,11.530576412300956,17874,0.04991571635518739
6.28643,2,2200.493095,True,True,0.0050580456940494,6.547058432743913,17876,5.0580456940494
7.027755,5,2200.500093,True,True,0.0048590755473934,4.831361781486908,17881,4.8590755473934
2.855364,7,2202.150606,True,True,0.0044287824846297,9.592389749126385,17888,4.4287824846297
2.099641,4,2202.164598,True,True,0.0062091019137637,11.865167003978362,17892,6.2091019137637
2.313705,7,2204.949114,True,True,0.002405086959672,11.792194648423996,17899,2.405086959672
8.62467,1,2206.235808,True,True,0.0001961037519254,2.322942101863435,17900,0.1961037519254
2.965261,2,2207.520872,True,True,0.0026892626530604,12.47116236876426,17902,2.6892626530604
3.475826,2,2209.075294,True,True,0.0049940754645124,11.225467057637449,17904,4.9940754645124
-10.130439,18,2210.517175,True,True,0.0086020552560523,15.860865130123464,17922,8.6020552560523
-2.169289,39,2211.954397,True,True,0.0049242172644933,6.85612990027094,17961,4.924217264493301
7.03566,4,2213.159993,True,True,0.0042896111734109,4.3552831703467,17965,4.2896111734109
3.204329,4,2214.508272,True,True,2.5037704028119107e-10,11.728843998910326,17969,2.5037704028119107e-07
6.203084,4,2215.81636,True,True,0.0049726375281342,6.247483970240795,17973,4.9726375281342
1.477497,10,2217.035328,True,True,0.0044481311179914,11.551653232094198,17983,4.4481311179914
6.126778,1,2218.249456,True,True,0.0047883155639824,6.837847422604191,17984,4.7883155639824
0.569797,6,2218.255487,True,True,0.0074176799189026,8.585021402604402,17990,7.4176799189026
8.584256,1,2219.791723,True,True,0.0049867090990188,2.401671416693228,17991,4.9867090990188
6.691564,1,2219.794765,True,True,6.98173898736644e-05,5.81391953488899,17992,0.0698173898736644
5.442909,2,2221.423391,True,True,0.0029217412688376,6.034685764286751,17994,2.9217412688376
9.683294,1,2222.696008,True,True,0.0050813056138807,0.4165866103000595,17995,5.0813056138807005
4.162873,3,2222.703011,True,True,0.0015444788408841,10.40195447461935,17998,1.5444788408841
2.021695,1,2224.190233,True,True,0.0048645519218758,14.242424025261078,17999,4.864551921875799
5.153447,1,2225.524599,True,True,0.0004964075011555,8.590546902110727,18000,0.49640750115550003
2.440984,1,2226.636793,True,True,0.0001966624141956,13.482926753266456,18001,0.1966624141956
6.77541,5,2227.871364,True,True,0.0095654476285808,5.433711463336002,18006,9.5654476285808
7.416052,1,2229.21698,True,True,0.0008740529961737,4.506671995288864,18007,0.8740529961737
5.396928,1,2230.61956,True,True,1.349502363763534e-06,8.150719356655072,18008,0.001349502363763534
1.82914,5,2231.736696,True,True,0.0022286539737834,14.647987005366112,18013,2.2286539737834
8.985678,4,2233.1516,True,True,0.0028902595660909,2.8017936663142486,18017,2.8902595660909
4.606813,1,2234.515133,True,True,0.0011930059262541,9.577467056925308,18018,1.1930059262541
8.565506,1,2235.770226,True,True,1.2661317199949215e-05,2.4295947034777585,18019,0.012661317199949215
5.105428,2,2237.025587,True,True,0.0001131074172788,8.542029694334556,18021,0.1131074172788
1.0793,12,2238.368455,True,True,0.0001759580565267,12.42434340603958,18033,0.1759580565267
1.527324,4,2239.624805,True,True,0.0095984110713645,13.554669049841715,18037,9.5984110713645
9.178668,1,2239.632773,True,True,1.775936648888525e-06,1.3217280496655912,18038,0.001775936648888525
8.701173,3,2241.442238,True,True,4.115313598887418e-05,2.082049849380674,18041,0.04115313598887418
3.646649,2,2242.669028,True,True,0.0057922916604392,11.320285042390871,18043,5.7922916604392
-2.60153,39,2244.142692,True,True,0.0065239673827353,11.02674553357772,18082,6.5239673827353
-26.725021,60,2245.490532,False,True,0.0208840490120557,22.59715243188029,18142,20.884049012055698
4.026437,6,2245.503521,True,True,0.0024035970190944,7.581866155824748,18148,2.4035970190944003
2.361776,2,2247.058775,True,True,0.0003211452377719,12.156280700635136,18150,0.3211452377719
3.963823,2,2248.27937,True,True,0.0071539626303214,9.561194996378978,18152,7.1539626303214
-0.454087,3,2249.629509,True,True,0.0048008894832314,14.229619072462196,18155,4.8008894832314
9.907299,1,2250.937946,True,True,1.9000774703625824e-06,0.0048857880793557,18156,0.0019000774703625824
2.930813,3,2250.956109,True,True,0.0053454993991355,12.442043243631844,18159,5.3454993991355
-1.057588,2,2250.959103,True,True,0.0009096526506066,15.45009674748272,18161,0.9096526506066
2.614811,1,2252.615016,True,True,0.000298197718797,13.170074961035471,18162,0.29819771879699997
7.008765,4,2254.052772,True,True,0.0001225375512602,5.069614355462467,18166,0.12253755126019998
4.100114,5,2254.057723,True,True,0.0005736298786764,9.14744320418908,18171,0.5736298786763999
7.669939,1,2255.657777,True,True,0.005995520340128,4.053662573499095,18172,5.995520340128
9.391704,1,2256.87724,True,True,9.119230933492088e-05,0.9368767134277431,18173,0.09119230933492088
1.583298,7,2256.891228,True,True,0.0038553445194466,10.644786244890234,18180,3.8553445194466
2.081179,3,2258.523897,True,True,0.0047368871180482,13.523918032118248,18183,4.7368871180482
8.3843,2,2259.720203,True,True,0.0002953463360326,2.142043956909186,18185,0.2953463360326
6.935295,3,2261.031226,True,True,0.005138820013472,5.428058627496927,18188,5.138820013472
2.733679,1,2261.045198,True,True,3.843766753683451e-05,12.955519111250975,18189,0.03843766753683451
2.997157,2,2262.634125,True,True,0.0027814471737234,12.240645736697411,18191,2.7814471737234
7.120984,4,2262.641586,True,True,0.004604215281278,3.667977958060863,18195,4.604215281278
5.860213,3,2264.337325,True,True,0.0045448627075424,6.734258687850451,18198,4.5448627075424
3.805564,2,2265.605176,True,True,0.0003424771614983,10.894103774273049,18200,0.34247716149830004
8.323496,2,2265.620175,True,True,2.8872875391060086e-05,2.949645237785799,18202,0.028872875391060086
5.873557,1,2265.622174,True,True,0.0047691658431717,7.29478269831727,18203,4.7691658431717
3.492963,3,2267.361557,True,True,0.0029751199499067,11.214993960416654,18206,2.9751199499067003
8.934847,1,2268.859391,True,True,0.0008219042371838,1.7609282502688888,18207,0.8219042371838
6.884587,1,2270.218534,True,True,0.0037882574231608,5.469186788962085,18208,3.7882574231608
2.286513,2,2271.404322,True,True,0.0021020828803749,13.510560010113815,18210,2.1020828803749
7.735433,8,2272.661138,True,True,6.701540002261672e-05,4.299861446575199,18218,0.06701540002261672
2.117109,1,2273.891279,True,True,0.0045825056828757,14.070228516404253,18219,4.5825056828757
-5.727568,10,2275.089418,True,True,0.003265067456375,17.22896080560955,18229,3.2650674563749997
6.970863,2,2276.247242,True,True,0.0024748257863816,4.192535340099267,18231,2.4748257863816
6.275558,2,2277.488025,True,True,0.0029938649701713,6.430696921802295,18233,2.9938649701712996
2.020025,5,2277.49703,True,True,0.0015332379489457,13.409698149654384,18238,1.5332379489457
1.440282,4,2278.952047,True,True,0.0068360773038573,12.42065569720778,18242,6.8360773038573
5.302082,1,2280.182224,True,True,0.0072257603245609,8.327868061382128,18243,7.2257603245609
4.276727,5,2281.559547,True,True,0.0049341530638942,9.533740024484755,18248,4.9341530638942
-16.647137,14,2282.962707,True,True,0.0030558290644312,17.6475098445177,18262,3.0558290644312
0.225826,1,2284.200488,True,True,0.0035119323420082,17.479235900745024,18263,3.5119323420082003
-37.914151,60,2285.540843,False,True,0.0282284149073512,8.51085384338649,18323,28.2284149073512
4.764447,3,2286.863883,True,True,0.0039105712435381,8.912904096256899,18326,3.9105712435381
7.506453,4,2288.264784,True,True,0.0045717994345702,4.1043900924522685,18330,4.5717994345702
5.645188,11,2288.266798,True,True,0.0048723856774319,5.972658013349947,18341,4.8723856774319
5.776639,1,2289.617508,True,True,0.0047471419184568,7.469649305040568,18342,4.7471419184568004
3.115783,1,2290.82494,True,True,5.697447045399651e-10,12.266320195036318,18343,5.697447045399651e-07
5.921574,4,2292.193007,True,True,0.0023243584838115,5.1357207966844,18347,2.3243584838115
7.344058,1,2293.427239,True,True,2.4963113506158277e-05,4.635742607717185,18348,0.024963113506158277
5.01203,1,2294.753196,True,True,0.0046073860716842,8.849105291573562,18349,4.6073860716842
4.131039,6,2295.843684,True,True,0.0024295644679137,9.72088576236754,18355,2.4295644679137
3.42266,3,2297.039631,True,True,7.579217477892385e-05,10.790840722049085,18358,0.07579217477892385
2.548324,1,2298.125842,True,True,0.0009568948948956,13.290416080838291,18359,0.9568948948956
5.991644,1,2299.340713,True,True,0.0042781266985532,7.081263586958372,18360,4.2781266985532
3.706848,2,2301.359863,True,True,0.0061864531999679,10.82377072861534,18362,6.186453199967899
1.892982,1,2302.764775,True,True,0.0073469668900378,14.475855107840548,18363,7.3469668900378
3.753581,2,2304.056159,True,True,0.0001112780284096,10.38655303182799,18365,0.11127802840960001
9.188824,1,2305.310918,True,True,0.0015511831645753,1.3051567742812205,18366,1.5511831645753
-24.648186,37,2306.544147,True,True,1.134182380995146e-05,13.435668253330508,18403,0.01134182380995146
3.677131,4,2307.745517,True,True,0.0048464586655223,8.72897038809603,18407,4.8464586655223005
2.922386,1,2308.916827,True,True,0.0003058436861687,12.615353922433387,18408,0.3058436861687
7.467399,2,2308.924849,True,True,0.0048838142850317,4.035200551382221,18410,4.8838142850317
7.854,2,2310.305228,True,True,0.0044937066474544,3.5758985128267127,18412,4.4937066474544
10.145031,2,2310.315232,True,True,0.0048552271566992,0.644729125863759,18414,4.8552271566992
4.34595,1,2311.548075,True,True,0.004817862242682,10.05085269324237,18415,4.817862242682001
7.772451,2,2312.862834,True,True,9.082325598154983e-06,3.812280344868321,18417,0.009082325598154983
9.697248,1,2312.863767,True,True,0.0039345356818243,0.3898950839904594,18418,3.9345356818243005
5.592037,1,2314.28266,True,True,0.0006619024973174,7.799196550397139,18419,0.6619024973173999
3.505156,2,2315.494213,True,True,0.0049576486945536,11.719504892218575,18421,4.957648694553599
4.74974,2,2316.781449,True,True,0.0025215367215585,9.24919349711586,18423,2.5215367215585
5.169877,4,2318.011224,True,True,0.0031699782815307,10.371816647329842,18427,3.1699782815307
-21.526661,60,2319.162407,False,True,0.037960738931939,26.53381844751132,18487,37.960738931939
2.012567,1,2319.163399,True,True,0.0003949622618791,14.25621184375878,18488,0.3949622618791
1.425329,1,2320.590768,True,True,0.0001330964704382,15.31494765135442,18489,0.1330964704382
2.393111,1,2321.854292,True,True,6.32256958593702e-10,13.569705188381112,18490,6.32256958593702e-07
5.345385,2,2323.211903,True,True,0.0001193997007307,7.261611381010363,18492,0.1193997007307
6.335258,1,2324.444638,True,True,7.516834149469019e-05,6.457157411497239,18493,0.07516834149469019
6.210355,1,2325.683677,True,True,4.535031461135519e-06,6.682556865851753,18494,0.004535031461135519
9.354456,8,2326.846814,True,True,0.0025329064010443,1.0941944960660202,18502,2.5329064010443
4.014582,1,2328.141772,True,True,0.0047332311382943,10.648502039561173,18503,4.7332311382942995
1.415012,4,2329.412683,True,True,0.0001640441506212,14.81076167447606,18507,0.16404415062119998
1.935898,1,2330.702292,True,True,0.0054969820451631,14.397470233375016,18508,5.4969820451631
2.829365,3,2331.868693,True,True,0.0037178037475215,11.351462197711852,18511,3.7178037475215
2.263725,3,2333.133969,True,True,0.0020446478001833,12.650713070752758,18514,2.0446478001833
4.185602,2,2333.136962,True,True,0.0022972490292775,10.334054888075178,18516,2.2972490292775
4.495729,1,2334.420245,True,True,0.00130604305468,9.777973985564246,18517,1.30604305468
3.812025,1,2335.659065,True,True,0.0001525966779973,11.010527471992548,18518,0.1525966779973
-25.247059,60,2337.509605,False,True,0.0139927168255607,13.810756376291137,18578,13.9927168255607
6.395729,2,2338.853865,True,True,0.0022611879858775,6.441109283254682,18580,2.2611879858774997
3.645909,1,2340.023453,True,True,0.0001188935001128,11.3101638467057,18581,0.11889350011279999
9.11191,2,2341.20068,True,True,2.1843375548515585e-05,2.1508411001773173,18583,0.021843375548515585
2.05689,1,2342.424799,True,True,0.0001104943803138,14.17610583302818,18584,0.1104943803138
4.571976,1,2343.710752,True,True,0.0047831153128411,9.643106817015282,18585,4.7831153128411
6.068806,1,2344.96681,True,True,3.5655011850974083e-06,6.938065503814582,18586,0.0035655011850974083
4.762405,1,2346.250354,True,True,0.0007123316966173,9.296340714539042,18587,0.7123316966173
-1.090743,10,2347.803993,True,True,0.0100957585994099,16.244836011072007,18597,10.0957585994099
-21.56171,60,2348.998869,False,True,0.0056062717814789,25.078329567554523,18657,5.6062717814789
6.242525,3,2350.28485,True,True,0.0046580867258493,8.675744902698028,18660,4.6580867258493
3.923469,2,2350.285831,True,True,0.000433044521407,11.251552161396402,18662,0.433044521407
5.600922,2,2351.679712,True,True,0.0076871064704941,7.382261573718375,18664,7.687106470494101
4.744979,3,2353.005526,True,True,0.0012279902911882,9.165317294835354,18667,1.2279902911882001
3.604997,1,2354.163797,True,True,0.0021149022922738,11.385417123650257,18668,2.1149022922737997
8.514934,1,2355.277942,True,True,0.0001800733856795,2.5211642453626686,18669,0.1800733856795
7.142727,2,2356.571313,True,True,0.0084645977088134,4.796614085211923,18671,8.464597708813399
4.385087,7,2357.937381,True,True,0.003837838170317,9.439175425755383,18678,3.837838170317
3.812995,2,2357.943367,True,True,0.0044096587686887,11.156090218623785,18680,4.4096587686887
0.534461,1,2359.30288,True,True,0.0046115514668243,16.923441296127997,18681,4.6115514668243
8.75823,1,2360.608901,True,True,0.0007736230074605,2.082380028162895,18682,0.7736230074605
2.398703,3,2361.830141,True,True,0.0032996399793079,13.051004566141565,18685,3.2996399793079
0.953092,1,2361.84214,True,True,6.055324111529643e-11,16.166324602878028,18686,6.055324111529643e-08
9.155063,4,2363.287463,True,True,0.0002386454143024,1.627117634430565,18690,0.2386454143024
0.027794,1,2364.645011,True,True,0.0087293074187428,17.837320708627978,18691,8.729307418742799
7.741126,1,2365.821035,True,True,8.814818266408841e-05,3.918753191914963,18692,0.08814818266408841
-26.06844,60,2365.831037,False,True,0.0091957954540604,17.58930265541792,18752,9.1957954540604
2.373392,1,2367.210068,True,True,0.005021463660679,13.608390369092811,18753,5.021463660678999
-29.088745,60,2368.481706,False,True,0.0167431187611419,31.57718295606689,18813,16.7431187611419
4.450343,10,2369.801518,True,True,0.0068193241082648,6.242697043103727,18823,6.8193241082648
2.836309,4,2369.808521,True,True,3.898187328488234e-12,12.410134801834277,18827,3.898187328488234e-09
2.317222,2,2369.810514,True,True,0.001923764758938,13.58613985395109,18829,1.923764758938
3.206269,4,2371.288121,True,True,0.0071027413119456,11.365461863410252,18833,7.1027413119456
2.845724,2,2372.555489,True,True,0.0004682637195627,12.733677863439684,18835,0.4682637195627
9.301298,2,2372.559501,True,True,6.2274454915804e-07,2.7420742265787235,18837,0.00062274454915804
3.607414,2,2373.839406,True,True,0.0007913034688521,11.214052466577389,18839,0.7913034688521
7.34938,2,2373.843412,True,True,0.0018508974159993,3.157533522647116,18841,1.8508974159993
4.056336,4,2375.182782,True,True,4.871457882752589e-06,9.493493360439082,18845,0.004871457882752589
4.079962,1,2375.188769,True,True,2.8058100037337e-05,10.52706479831277,18846,0.028058100037337
9.906929,1,2375.19476,True,True,2.4700172610789277e-06,0.0055547697116762,18847,0.0024700172610789277
4.976379,1,2377.091304,True,True,0.0096909432163611,8.917210916477472,18848,9.6909432163611
4.986639,2,2379.77045,True,True,0.0047127268965795,8.765351443347667,18850,4.7127268965795
6.349853,8,2379.777003,True,True,0.0016487182826048,5.518905720318857,18858,1.6487182826048
7.994975,2,2382.43641,True,True,0.004316662545142,3.593126807472894,18860,4.316662545142
2.814888,6,2384.26552,True,True,3.45893904055497e-05,12.962954757650676,18866,0.0345893904055497
3.053437,1,2386.388573,True,True,1.1867295340861617e-12,12.378772891661196,18867,1.1867295340861617e-09
9.007944,1,2388.553329,True,True,0.0045427120604257,1.635921929606325,18868,4.5427120604257
8.813489,3,2388.56432,True,True,0.004425626476505,1.6851097634854575,18871,4.425626476504999
7.48697,1,2391.217819,True,True,0.0047446470331661,4.382709345746031,18872,4.744647033166101
1.084918,1,2393.204371,True,True,0.0077765349677671,15.932756781417664,18873,7.7765349677671
7.743892,2,2395.016325,True,True,2.5763292764383744e-05,4.234184269867335,18875,0.025763292764383744
3.12704,16,2397.142799,True,True,0.0069381717506102,8.248383897553463,18891,6.938171750610199
0.74374,3,2398.698341,True,True,3.648280365309287e-09,16.352063778890297,18894,3.648280365309287e-06
6.736826,2,2400.187352,True,True,0.0070522103171916,5.603446892868762,18896,7.0522103171916
1.834271,1,2401.423856,True,True,0.0002954326853208,14.577662018784451,18897,0.29543268532079997
9.47009,1,2402.733231,True,True,0.0047688050046375,0.801369983587943,18898,4.7688050046375
2.356243,11,2402.739254,True,True,0.0094998875551702,10.695885818292288,18909,9.4998875551702
-7.039755,16,2405.89581,True,True,0.009556814395226,5.0892156364289365,18925,9.556814395226
2.036993,1,2405.905799,True,True,0.0039136323803425,14.214292024047785,18926,3.9136323803425
6.440661,1,2408.208988,True,True,0.00550559950219,6.27203515161115,18927,5.505599502190001
7.350117,3,2409.615089,True,True,0.0004830477839354,3.850822438015917,18930,0.4830477839354
2.200188,1,2411.284382,True,True,0.0052934585324345,13.920846775750514,18931,5.2934585324345
3.737706,5,2411.296659,True,True,0.0050002801292763,10.677986058557526,18936,5.0002801292763
8.034161,1,2413.30669,True,True,0.0012969051277458,3.3909144664661164,18937,1.2969051277458
6.992163,3,2415.056128,True,True,0.0001980926627215,4.983104703404775,18940,0.1980926627215
2.301049,3,2416.804052,True,True,0.0043859391703141,13.498631361849553,18943,4.3859391703141
5.414319,1,2418.28031,True,True,0.0021260978390251,8.121205959526279,18944,2.1260978390250997
7.900601,2,2418.282987,True,True,0.0047211514011852,5.896368418727083,18946,4.7211514011852005
7.312901,1,2420.038027,True,True,0.0048522427277084,4.697060688921098,18947,4.852242727708401
7.260121,2,2421.238292,True,True,3.878590187707969e-06,4.223490572672517,18949,0.0038785901877079693
3.674501,1,2421.247286,True,True,0.0001678816109891,11.258624490821456,18950,0.1678816109891
8.130536,1,2423.351328,True,True,7.110914568271218e-06,3.215327678334629,18951,0.007110914568271218
-2.829679,11,2423.355333,True,True,0.0078080251475671,4.69066441080997,18962,7.8080251475671
1.188716,2,2425.637333,True,True,0.0092566916345125,15.546863214485386,18964,9.256691634512501
5.05178,1,2427.441221,True,True,0.0047341913038618,8.777492254289175,18965,4.7341913038618
4.945856,2,2427.44671,True,True,0.0023082934617996,7.216360392373966,18967,2.3082934617996003
2.616575,2,2427.457936,True,True,0.0051784045440181,12.944952804627931,18969,5.1784045440180995
3.110988,1,2430.117686,True,True,0.0095468673420397,12.280051071347833,18970,9.546867342039699
7.354803,3,2432.734598,True,True,0.003158369592222,4.647639156021586,18973,3.158369592222
7.263307,1,2434.523342,True,True,0.0001856372072775,4.7817340229850025,18974,0.18563720727750002
-4.616361,8,2436.380968,True,True,0.002931528469571,15.642525476530468,18982,2.931528469571
3.81714,3,2436.389902,True,True,0.0017230933818734,10.524805738812452,18985,1.7230933818734
1.850537,9,2438.748043,True,True,0.0095527536160933,13.435850727145532,18994,9.5527536160933
3.068615,2,2440.089587,True,True,6.994990281321972e-06,11.98095965102788,18996,0.006994990281321972
9.187501,1,2440.098102,True,True,5.542569858034158e-05,1.3058392935296388,18997,0.05542569858034158
5.144343,2,2440.104124,True,True,0.0002313837799686,6.935956515968273,18999,0.23138377996860002
9.795362,1,2441.844321,True,True,3.839074642366031e-05,0.2072657271761736,19000,0.03839074642366031
3.351847,1,2441.85006,True,True,5.4485714551244506e-11,11.840520454806752,19001,5.4485714551244506e-08
7.549672,2,2444.079807,True,True,1.8805735118249903e-05,4.352393019095333,19003,0.018805735118249903
4.061395,1,2445.61869,True,True,0.0051558379295884,10.56436235356422,19004,5.1558379295884
2.320436,2,2445.625216,True,True,0.0048865328238109,13.452179316057164,19006,4.8865328238109
6.995778,3,2447.828671,True,True,0.0046734255055428,4.270953857819154,19009,4.6734255055428
9.552107,1,2447.839662,True,True,6.13215029384058e-07,0.6468674101409629,19010,0.000613215029384058
7.551932,1,2449.876939,True,True,6.431225979163652e-06,4.260335509901575,19011,0.006431225979163652
9.297202,1,2449.883411,True,True,1.618740984843034e-06,1.1075321905117972,19012,0.001618740984843034
3.670853,1,2452.111103,True,True,0.0033156194323101,11.26607339163512,19013,3.3156194323101
3.894709,1,2452.121094,True,True,0.0023674747756238,10.86302398353576,19014,2.3674747756238
4.012088,1,2454.235116,True,True,0.0022458087070579,10.651197878814015,19015,2.2458087070579
-1.385447,4,2454.237971,True,True,0.0041867400446015,16.841183543357836,19019,4.1867400446015
7.946446,1,2456.48314,True,True,0.0047154180714852,3.553113117631231,19020,4.7154180714852
4.65629,1,2456.489763,True,True,0.0049042211256192,9.49110082947751,19021,4.9042211256192
3.5489,1,2458.857971,True,True,0.0024644733016455,11.486847828039224,19022,2.4644733016454996
6.767789,1,2458.864928,True,True,0.0004345830662682,5.676679038591675,19023,0.43458306626820004
3.547205,1,2460.956863,True,True,1.7889998510378646e-11,11.488127326373338,19024,1.7889998510378646e-08
3.008874,2,2462.34687,True,True,0.0001289685596165,12.29408128939336,19026,0.1289685596165
8.146344,2,2463.767144,True,True,0.0001103137773481,3.4253178008029708,19028,0.11031377734810001
6.851997,1,2465.145314,True,True,4.11274822759882e-06,5.524198966869338,19029,0.00411274822759882
-18.794921,60,2466.801052,False,True,0.0066604758155386,28.108621854604305,19089,6.6604758155386
9.888925,1,2468.127788,True,True,3.954656189923385e-06,0.038099255445245,19090,0.003954656189923385
6.939906,1,2469.379693,True,True,0.0025448121183445,5.368096747198143,19091,2.5448121183445
4.047303,4,2470.854959,True,True,0.0050821641736532,9.618809515968907,19095,5.0821641736532
7.80313,1,2472.374885,True,True,0.0076978088894638,3.814926254404218,19096,7.6978088894638
7.309749,2,2472.380376,True,True,0.00133826893006,4.972431352236319,19098,1.3382689300600001
9.833714,1,2474.510725,True,True,0.0001775132622889,0.1255244004857203,19099,0.17751326228890002
6.161514,1,2474.51529,True,True,0.0048725966099396,6.775236555715039,19100,4.8725966099396
2.321809,2,2476.519783,True,True,0.0082660635937761,14.505043651593736,19102,8.2660635937761
7.431618,1,2477.824562,True,True,0.0001906517715399,4.477810951174706,19103,0.19065177153989998
3.474274,2,2479.255086,True,True,0.0053622980429347,12.407911359502169,19105,5.362298042934699
7.61672,1,2480.604529,True,True,0.0045337446665311,4.148245829262299,19106,4.5337446665311
4.168582,6,2482.376708,True,True,0.0070467331656326,7.387568598259358,19112,7.0467331656326
4.530749,2,2483.790898,True,True,0.0011429671580844,9.587316591327424,19114,1.1429671580843999
-3.236421,15,2485.139567,True,True,0.0020786116323168,15.535326512340008,19129,2.0786116323168
3.803377,2,2486.564507,True,True,0.0001885021141487,11.757339290149504,19131,0.1885021141487
2.288252,2,2487.877222,True,True,0.0032126288667914,13.624076250817067,19133,3.2126288667914
2.97944,2,2489.180169,True,True,0.0012190031123416,10.140079492750164,19135,1.2190031123415999
5.463828,1,2489.189177,True,True,0.0056895571457158,8.034846390307566,19136,5.6895571457158
3.251556,1,2491.170953,True,True,0.0042538240664124,12.02434594714688,19137,4.2538240664124
2.879865,1,2491.177956,True,True,0.0041607577862492,12.694586709102117,19138,4.160757786249199
8.101296,2,2493.346496,True,True,0.0022263732253526,5.092623299723719,19140,2.2263732253526003
8.704207,2,2493.353499,True,True,0.0094606260464645,2.046630135016636,19142,9.460626046464501
8.992001,1,2495.350698,True,True,0.000169252394656,1.6592443255654712,19143,0.16925239465599998
1.367896,2,2497.03522,True,True,0.0016490363364402,11.86042518590284,19145,1.6490363364401999
8.995335,1,2497.043277,True,True,0.0045245909364636,1.6586759747750983,19146,4.5245909364636
1.316125,3,2499.162522,True,True,0.0006899457496544,14.83651408987362,19149,0.6899457496544
2.766853,3,2499.167485,True,True,0.0020150858585826,12.611550481324958,19152,2.0150858585826
2.633075,1,2501.201968,True,True,0.0005971759571994,13.13733615586328,19153,0.5971759571994
7.141687,3,2502.601883,True,True,0.0034537256308637,5.270622871128008,19156,3.4537256308637003
-18.448303,45,2504.120438,True,True,0.0075220708230119,10.664128435168458,19201,7.5220708230119
8.631673,3,2505.480092,True,True,7.90237325997015e-05,2.8803942469288226,19204,0.0790237325997015
1.986866,1,2506.902885,True,True,0.0003498120565933,14.30252962396347,19205,0.3498120565933
5.237307,3,2508.296643,True,True,0.0001655538344215,7.027473356476446,19208,0.1655538344215
3.263844,1,2508.299669,True,True,5.547687545460079e-06,11.999262575948343,19209,0.005547687545460079
5.969921,2,2510.294033,True,True,0.008617496026122,6.971111439256361,19211,8.617496026122
8.338589,2,2511.635068,True,True,0.004804732672782,1.8369665542430955,19213,4.804732672782
5.021174,3,2513.11538,True,True,2.544583759460199e-07,8.306444331633069,19216,0.0002544583759460199
-1.475338,8,2514.557456,True,True,0.0082870419027216,12.60929739663223,19224,8.287041902721601
6.24944,3,2516.044827,True,True,0.0046024255588068,6.915636313545507,19227,4.6024255588068
9.686096,2,2517.483866,True,True,4.894509925701743e-05,0.2431894074264171,19229,0.04894509925701743
-42.503249,60,2518.877463,False,True,0.0205966919111677,39.79028741995021,19289,20.5966919111677
6.467895,4,2520.388435,True,True,0.0023291735202507,5.941385107188165,19293,2.3291735202507002
1.005242,12,2522.115593,True,True,0.0003483818857397,12.086519830611552,19305,0.34838188573969997
9.797416,4,2523.947602,True,True,0.0004449646519297,0.846311713729114,19309,0.44496465192970003
7.058533,1,2525.243483,True,True,2.957342042313269e-05,5.151317315654,19310,0.02957342042313269
-21.046427,60,2528.266656,False,True,0.0211085028975615,25.57943785370917,19370,21.1085028975615
7.350403,2,2529.713415,True,True,5.412081792769818e-06,4.478314696346446,19372,0.005412081792769818
4.411972,1,2531.168704,True,True,0.0002351328967261,9.928230135014768,19373,0.2351328967261
8.280707,1,2532.509415,True,True,0.0010184593441032,2.945288211402012,19374,1.0184593441032
8.128598,3,2534.091355,True,True,6.864172304443805e-07,2.5663643248878563,19377,0.0006864172304443805
4.536654,2,2535.476108,True,True,0.0023476486714691,9.659461917097117,19379,2.3476486714691
-33.141284,60,2537.019609,False,True,0.0012317319594387,31.201125914154893,19439,1.2317319594387
8.75196,8,2538.454903,True,True,0.0068870546966608,2.8237316989687216,19447,6.8870546966608
8.096182,2,2538.469451,True,True,3.1579497364060856e-05,3.852800169894276,19449,0.031579497364060856
5.259291,1,2540.417179,True,True,0.0047773084568234,8.401511529131998,19450,4.7773084568234
7.253318,1,2541.979441,True,True,2.0254482020530196e-05,4.799591237662788,19451,0.020254482020530196
-41.260173,60,2541.984446,False,True,0.0095559810425796,34.34885272809972,19511,9.5559810425796
7.296016,2,2541.988438,True,True,0.0023995000271743,4.168001454357068,19513,2.3995000271743
4.126342,1,2543.945044,True,True,0.0051213783771363,10.447193691178482,19514,5.1213783771363
4.190367,2,2545.202399,True,True,0.0050328830950629,10.205428665386078,19516,5.032883095062901
6.716687,2,2546.60437,True,True,8.870596391278608e-06,5.407607367248315,19518,0.008870596391278608
8.722143,1,2546.606352,True,True,3.429051354714163e-05,2.146639806833127,19519,0.03429051354714163
2.430675,1,2548.580947,True,True,1.9867565578812751e-10,13.50196078961476,19520,1.9867565578812751e-07
5.190727,1,2549.913862,True,True,0.0078992806219995,8.52926176038412,19521,7.8992806219995
3.47004,1,2551.314302,True,True,0.0018151708378547,11.628628833109362,19522,1.8151708378547
5.311118,3,2551.323298,True,True,0.0055659977538525,7.081899305685632,19525,5.5659977538525
6.263284,1,2553.381719,True,True,0.0051559778788205,6.591830209054279,19526,5.1559778788205
3.679323,4,2555.010892,True,True,0.0006079429936323,10.647454175228876,19530,0.6079429936323
-8.409621,14,2556.420783,True,True,0.0008420752932084,17.29591617769456,19544,0.8420752932084
-0.282943,8,2557.871777,True,True,0.004849872371377,15.470559417512089,19552,4.849872371377
3.250003,2,2559.208021,True,True,0.0021304408858147,11.342568238274955,19554,2.1304408858147004
1.730974,3,2560.63028,True,True,0.0009086771164657,11.368390832739813,19557,0.9086771164657
2.680537,4,2560.63827,True,True,0.0010884715808065,12.316595620653173,19561,1.0884715808065
3.500257,2,2562.556938,True,True,0.0005462141474132,8.58135794954118,19563,0.5462141474132
8.247037,2,2563.967542,True,True,0.0033301536032845,2.538655375178964,19565,3.3301536032845
-47.893232,60,2565.136899,False,True,0.0148569357415715,23.164021921220492,19625,14.856935741571501
8.862171,3,2566.370441,True,True,0.001093258320148,1.3756968312483897,19628,1.0932583201480002
4.210308,2,2567.451321,True,True,0.0041454087766002,9.543973729824778,19630,4.1454087766002
8.013214,1,2568.678321,True,True,0.0055659387033944,3.43346388446141,19631,5.5659387033944006
3.875428,1,2569.881303,True,True,0.0046012291898736,10.89939736626908,19632,4.6012291898736
7.872441,1,2571.053499,True,True,3.3268847478755284e-05,3.6815260365511415,19633,0.03326884747875528
-24.881806,33,2573.319153,True,True,0.0096707210623537,16.74747004828132,19666,9.670721062353701
7.255749,1,2574.59288,True,True,4.615788062843629e-06,4.795185167376829,19667,0.004615788062843629
-18.127858,60,2576.102421,False,True,0.0282648424158928,11.184463542186204,19727,28.2648424158928
8.430166,1,2577.315775,True,True,0.0046021329377562,2.679510810119792,19728,4.6021329377562
-2.689681,6,2578.721551,True,True,0.0002286655963131,15.644665386206183,19734,0.2286655963131
-31.40621,60,2579.957407,False,True,0.0119192250932404,24.408162984731256,19794,11.9192250932404
9.757141,4,2581.224676,True,True,0.0025152615203967,3.069305459802542,19798,2.5152615203967
9.724758,1,2582.500976,True,True,0.0017642496748725,0.3372828066796497,19799,1.7642496748725
3.347834,4,2583.681758,True,True,0.0025689595530117,11.358339926144268,19803,2.5689595530117
-21.069386,60,2584.965148,False,True,0.0187172828600852,25.16035321581785,19863,18.7172828600852
-0.483959,13,2584.974766,True,True,0.011001375065101,17.096872895423864,19876,11.001375065101
6.252971,1,2586.656218,True,True,0.0034651786793334,6.608916004678563,19877,3.4651786793334
1.841365,1,2586.664203,True,True,0.0062898558242603,14.56834039047183,19878,6.2898558242603
6.98403,1,2588.359956,True,True,0.0048080571684217,5.290673476949043,19879,4.8080571684217
2.247287,4,2588.365971,True,True,0.0047234689625095,13.298980204141609,19883,4.7234689625095
3.805949,2,2590.054912,True,True,0.0011537722664577,10.894634486084998,19885,1.1537722664577001
9.61111,1,2590.071892,True,True,0.000155995382928,0.5404474501331131,19886,0.155995382928
9.800142,1,2591.851458,True,True,1.0473854779850626e-05,0.1985854710008582,19887,0.010473854779850626
6.062513,1,2593.097455,True,True,5.637032442629164e-06,6.949426648277203,19888,0.005637032442629164
4.652072,1,2594.31846,True,True,0.0052724643582685,9.498985799371546,19889,5.2724643582685005
4.737905,1,2595.411777,True,True,0.0093762299092972,9.34711862382012,19890,9.3762299092972
5.245666,1,2596.635005,True,True,0.0024926506806219,8.425845890773598,19891,2.4926506806219
9.907326,1,2597.861698,True,True,1.1004896584778864e-05,0.0048488881217946,19892,0.011004896584778864
7.829808,4,2599.095643,True,True,0.0024198430008747,3.398980433735624,19896,2.4198430008747
7.529372,2,2600.195748,True,True,3.174138176596458e-05,3.0238856329036685,19898,0.031741381765964576
6.605114,3,2602.183447,True,True,0.0047106576974233,5.0023858780694095,19901,4.7106576974233
2.745591,3,2603.422698,True,True,0.0045732028069839,12.006909366992137,19904,4.5732028069839
5.769419,1,2604.670555,True,True,0.0001555786521785,7.478591400492222,19905,0.1555786521785
6.126525,1,2605.81658,True,True,0.0025968080909329,6.836330258258917,19906,2.5968080909329
2.717277,4,2607.079718,True,True,5.171906009232216e-05,11.951257767237482,19910,0.05171906009232216
2.480592,3,2608.352364,True,True,0.0024523162125421,12.7310028376836,19913,2.4523162125421
-17.226342,60,2608.35336,False,True,0.0303007237535003,28.57916782684156,19973,30.3007237535003
1.39302,2,2610.084042,True,True,0.0060935136931,14.981834560163762,19975,6.0935136931
5.053997,1,2611.255416,True,True,0.0009820145002193,8.770420497534337,19976,0.9820145002193
4.783301,4,2612.411697,True,True,0.0013445074964459,7.18135791333751,19980,1.3445074964459
10.123412,3,2613.648108,True,True,5.232695294701058e-05,0.108392564166554,19983,0.052326952947010584
6.36406,1,2614.752364,True,True,0.0047950397850584,6.40963758225037,19984,4.795039785058401
6.899421,1,2615.893836,True,True,0.0027661885194947,5.441403526257945,19985,2.7661885194947002
4.680958,2,2617.048261,True,True,0.0022624505671308,9.44530814470424,19987,2.2624505671308
1.871205,2,2618.349102,True,True,0.0047746968138666,13.874541647964357,19989,4.7746968138666
9.894403,1,2619.587107,True,True,1.2468284216436698e-06,0.0281945003234608,19990,0.0012468284216436698
7.320841,11,2621.1561,True,True,0.002510103953922,2.4580340016508324,20001,2.510103953922
-30.599387,60,2622.607749,False,True,0.0035419051223769,34.035021041835336,20061,3.5419051223769
-29.843595,60,2623.718224,False,True,0.01009348394727,11.264409947934292,20121,10.09348394727
4.76949,1,2624.893465,True,True,6.808342377791557e-06,9.282967786804422,20122,0.006808342377791557
8.709072,1,2626.035038,True,True,5.075208335025665e-06,2.170216303490072,20123,0.005075208335025665
2.550579,4,2627.235624,True,True,0.0009757806102183,12.882381549873518,20127,0.9757806102183
7.531902,2,2628.477096,True,True,7.042246422068126e-08,2.9948561331861168,20129,7.042246422068126e-05
5.59871,2,2629.700157,True,True,0.0005847469868991,7.492756246439671,20131,0.5847469868991
2.419604,2,2630.994594,True,True,0.0042402545528934,13.624008480841631,20133,4.2402545528934
-3.225039,15,2631.008117,True,True,0.0041523127445521,15.65792463347201,20148,4.152312744552099
7.415703,5,2632.859123,True,True,0.0025646020146156,4.010944736618344,20153,2.5646020146156
5.788452,2,2632.865109,True,True,0.0023945858189038,6.9464310125032185,20155,2.3945858189038
6.084536,2,2632.870119,True,True,0.0088464833802313,7.312322357947348,20157,8.8464833802313
2.443206,1,2634.44237,True,True,0.0006188375557722,13.479766987012251,20158,0.6188375557722
3.418102,2,2635.504763,True,True,1.1763845675890729e-05,11.802869683651348,20160,0.011763845675890729
3.250439,2,2636.69945,True,True,0.000265487187106,11.9541347489222,20162,0.265487187106
6.575142,1,2636.70445,True,True,0.0033362941246056,6.027312537945918,20163,3.3362941246056
6.499566,1,2638.434035,True,True,1.5150153301364024e-05,6.160482958582102,20164,0.015150153301364024
9.378137,2,2639.637075,True,True,0.0058037675329936,0.8546172561681603,20166,5.8037675329936
4.838246,5,2639.656061,True,True,0.003748945478277,8.641862981966414,20171,3.748945478277
4.733892,3,2641.381995,True,True,0.0046318968625271,7.775866711467867,20174,4.6318968625271
8.47991,3,2641.393985,True,True,3.612242878463928e-06,2.2811221648019213,20177,0.003612242878463928
1.32208,4,2641.395493,True,True,0.0001417170598708,13.360662607401,20181,0.1417170598708
6.71097,4,2643.130319,True,True,0.0003922036832038,5.760442628345265,20185,0.3922036832038
1.437208,5,2644.329612,True,True,0.0008287801001022,12.782563636048309,20190,0.8287801001021999
4.090966,1,2645.551493,True,True,0.002483119053536,10.50908663184404,20191,2.483119053536
1.851836,4,2646.800462,True,True,0.0006507401744213,12.422329178751095,20195,0.6507401744213
3.475426,2,2648.028969,True,True,0.0003389024873346,11.490935804463213,20197,0.3389024873346
-39.232395,60,2649.25888,False,True,0.0072834029158465,17.72462012904865,20257,7.2834029158465
8.503923,1,2650.418529,True,True,0.0022136312231896,2.543531233476762,20258,2.2136312231895996
6.133426,1,2651.585143,True,True,0.0038104886732181,6.824979175367639,20259,3.8104886732181003
5.511956,10,2652.766731,True,True,0.0046887814161944,5.619206753987581,20269,4.6887814161943995
4.591594,1,2654.192176,True,True,0.0045531160249675,9.607543164591428,20270,4.553116024967499
2.264946,8,2655.375522,True,True,0.0002456329199852,11.927222750194929,20278,0.2456329199852
3.50612,1,2655.398733,True,True,0.0017499344851417,11.563505481158408,20279,1.7499344851416998
6.029773,1,2657.044851,True,True,0.0009559352188317,7.009427586437309,20280,0.9559352188317001
6.326137,1,2658.204519,True,True,0.000253750480352,6.473798956492821,20281,0.253750480352
4.764447,7,2659.471353,True,True,0.000212820399159,7.425381897540828,20288,0.212820399159
4.347644,1,2660.693047,True,True,0.0091910449889944,10.0508562405147,20289,9.191044988994399
3.120695,1,2661.851941,True,True,0.005087282946704,12.260880938751844,20290,5.087282946704001
3.478417,8,2663.083981,True,True,0.0009345721918649,10.619938006552347,20298,0.9345721918649
1.375161,2,2664.288627,True,True,0.0030006190237701,15.288990989877082,20300,3.0006190237701
4.31655,2,2665.496794,True,True,0.0024533808051649,10.114531059216189,20302,2.4533808051648998
2.396149,1,2665.512535,True,True,0.0003296649213187,13.56444261658797,20303,0.3296649213187
4.992415,1,2667.248311,True,True,6.213263066373945e-06,8.880710163575975,20304,0.006213263066373945
6.714924,2,2668.46933,True,True,0.0027019794758904,5.232338157658172,20306,2.7019794758904
7.648059,2,2669.883998,True,True,0.0044412102685672,2.5037694560602,20308,4.4412102685671995
4.290817,2,2671.107813,True,True,0.0048688589456646,10.125884089448212,20310,4.868858945664599
5.414005,5,2671.113812,True,True,1.0352130545886531e-06,8.999350873750089,20315,0.0010352130545886531
1.658911,1,2672.855854,True,True,0.0030420768595703,14.89547934703588,20316,3.0420768595702996
0.724908,3,2674.033196,True,True,0.0039899094789811,16.545984137521003,20319,3.9899094789811
9.635988,1,2675.220152,True,True,0.0039338476434762,0.5005798099053933,20320,3.9338476434762
4.400404,3,2675.231131,True,True,0.0072818579639963,9.703093411229537,20323,7.2818579639963
7.247707,2,2676.993134,True,True,0.0048062950311167,4.674469419641228,20325,4.8062950311167
7.602066,1,2678.219652,True,True,1.414209800275389e-06,4.169791318172407,20326,0.001414209800275389
6.624459,3,2678.232641,True,True,0.0092204986415082,5.785922547433711,20329,9.2204986415082
5.812086,4,2680.067884,True,True,0.0001726824130815,7.202110783348583,20333,0.1726824130815
2.216498,7,2681.408905,True,True,0.0046729936201763,12.224436147345337,20340,4.6729936201763005
7.325075,6,2682.710236,True,True,0.0023223996834301,4.662814520554721,20346,2.3223996834301
-34.655513,60,2682.716222,False,True,0.0021255786533089,32.85958641083897,20406,2.1255786533089
9.008733,2,2684.468698,True,True,0.0002717428840451,2.536548596087927,20408,0.2717428840451
3.344986,3,2686.602829,True,True,0.0022452105423522,11.664683693226204,20411,2.2452105423522
5.902202,3,2687.857557,True,True,0.0046689971217816,6.482184675933438,20414,4.6689971217816
4.198209,15,2689.290995,True,True,0.0117090873911676,2.2530075951221504,20429,11.7090873911676
-32.702055,60,2689.307377,False,True,0.0109843448166849,40.6145216857934,20489,10.984344816684901
3.313087,13,2691.202274,True,True,0.0114940786020395,8.536604727924642,20502,11.4940786020395
8.320475,1,2692.269801,True,True,1.0712292679059337e-06,2.8722253365537456,20503,0.0010712292679059337
1.118875,8,2693.496241,True,True,0.0061453015902855,15.005484472213269,20511,6.1453015902854995
2.547381,2,2694.694497,True,True,0.0095219538187655,13.348019125426502,20513,9.5219538187655
6.801003,1,2695.92766,True,True,0.0047137871254543,5.620948230203553,20514,4.7137871254543
0.829481,10,2697.321329,True,True,0.0014932608225758,14.910034296753432,20524,1.4932608225758
8.154128,18,2698.533446,True,True,0.0049292549632512,3.4358029044060965,20542,4.9292549632512
0.718399,8,2699.66453,True,True,0.0005883751774318,15.357611698863336,20550,0.5883751774318
0.326139,1,2700.794161,True,True,0.0002234484505027,17.296746596032264,20551,0.2234484505027
5.464238,3,2702.023242,True,True,0.0001748967981859,6.133094661990718,20554,0.1748967981859
3.560048,1,2702.031715,True,True,0.0024729280919835,11.466747430286745,20555,2.4729280919835
3.869473,2,2703.639278,True,True,0.0068804010709288,13.242589831181922,20557,6.8804010709288
5.212063,6,2703.651262,True,True,0.0002272054462435,4.62188192534731,20563,0.22720544624349998
4.264943,1,2705.335937,True,True,0.0007258933841269,10.193886919336432,20564,0.7258933841269
6.927953,1,2705.340928,True,True,0.0093979702688309,5.396097399177346,20565,9.3979702688309
2.476547,1,2707.094487,True,True,7.527036563481636e-10,13.419233581389928,20566,7.527036563481636e-07
2.275564,3,2708.285186,True,True,0.0019443381136151,14.029472815680382,20569,1.9443381136151001
1.25341,1,2709.433969,True,True,6.45136632778185e-05,15.62488860640886,20570,0.0645136632778185
3.061814,7,2709.446939,True,True,0.0099647376717853,12.65741187273928,20577,9.9647376717853
-24.748708,60,2709.449938,False,True,0.0048363722224663,27.55531424449043,20637,4.8363722224663
6.03502,1,2711.086286,True,True,0.0011424123890658,7.000131207370361,20638,1.1424123890658
8.77716,1,2711.099275,True,True,0.0005354861005266,2.047879343763775,20639,0.5354861005266001
6.26617,1,2711.106278,True,True,0.0047670823884045,6.586276182723962,20640,4.7670823884045
2.970085,1,2712.641256,True,True,0.0005152795408018,12.529468534754924,20641,0.5152795408018
6.957572,5,2712.655627,True,True,0.0056692722767502,4.667376907430265,20646,5.6692722767502
9.227669,1,2712.659652,True,True,0.0002409310422185,1.2335038463230843,20647,0.24093104221849998
3.62126,2,2714.361999,True,True,1.4837891559957989e-10,11.226793084084536,20649,1.4837891559957989e-07
9.542241,2,2715.549112,True,True,2.63988589214309e-07,0.8066581521035525,20651,0.000263988589214309
4.141661,2,2715.571101,True,True,0.0003113310169122,10.268507722410648,20653,0.3113310169122
5.242265,2,2717.086653,True,True,6.577804148658831e-05,7.910378985356063,20655,0.0657780414865883
8.538387,4,2718.202887,True,True,0.0046199437173644,1.846826698014431,20659,4.6199437173644
8.479542,3,2719.426771,True,True,1.0554739896191047e-05,3.7010135965359336,20662,0.010554739896191047
1.216901,1,2719.432757,True,True,2.6183897064435687e-11,15.690679626395015,20663,2.6183897064435687e-08
7.399568,3,2721.089883,True,True,2.897241447134824e-07,4.18552081821503,20666,0.0002897241447134824
8.073385,2,2722.198604,True,True,2.457937324279241e-05,3.1682045273042774,20668,0.02457937324279241
3.426421,2,2723.351431,True,True,0.0001657537323352,11.579267183380408,20670,0.1657537323352
1.517708,4,2723.358934,True,True,0.0001075488205584,14.9611459525769,20674,0.10754882055840001
-0.368583,7,2723.366969,True,True,0.0028804500856772,17.926454970784214,20681,2.8804500856771997
7.030839,4,2725.042593,True,True,0.0001225246306503,5.213660275701652,20685,0.12252463065029999
4.517454,1,2725.04659,True,True,0.0003156204904833,9.73798028466697,20686,0.3156204904833
7.288411,2,2726.666792,True,True,0.0002319267358415,3.946888131282342,20688,0.2319267358415
5.940313,4,2727.865474,True,True,0.0043934337783849,6.59129809910156,20692,4.3934337783849005
2.355095,3,2729.106829,True,True,6.168202486732518e-05,11.60918419074951,20695,0.061682024867325186
-2.058967,4,2729.109056,True,True,0.0006737596726482,17.133869266090397,20699,0.6737596726481999
6.303422,1,2730.859318,True,True,0.0048490538384813,6.5178872683281295,20700,4.8490538384813
2.952497,3,2732.033488,True,True,0.000724081724804,11.384218757467524,20703,0.724081724804
4.78542,2,2733.23774,True,True,7.9213106512167e-06,9.405216100558958,20705,0.0079213106512167
2.119165,8,2733.246727,True,True,0.0068160602331932,12.774284862945178,20713,6.8160602331932
1.939427,5,2734.985245,True,True,0.0042666507786532,14.222543729605464,20718,4.2666507786532
0.226516,2,2736.241122,True,True,0.0004498995312635,17.310746142442884,20720,0.4498995312635
2.411578,2,2736.253107,True,True,0.0075935641363999,13.55413465593666,20722,7.5935641363999
8.711633,1,2737.942746,True,True,0.0005580862545313,2.1612622179793624,20723,0.5580862545313
4.161064,2,2737.955736,True,True,9.457487128378476e-07,9.886246352042969,20725,0.0009457487128378476
8.532388,1,2739.638983,True,True,0.004797055595745,2.4951259435759074,20726,4.797055595745
8.117518,3,2740.75715,True,True,0.0009195376390636,2.932558963199647,20729,0.9195376390636
0.804851,9,2740.772149,True,True,0.0048842713686732,12.506902979017443,20738,4.8842713686732
3.308642,2,2742.3284,True,True,0.000268030221774,12.042255007047526,20740,0.268030221774
4.779139,2,2742.335382,True,True,0.0002575780708543,9.342451960724736,20742,0.2575780708543
2.498214,3,2744.100597,True,True,0.0043150087004949,12.774214931733669,20745,4.3150087004949
3.509238,2,2745.290118,True,True,1.3308445317994355e-10,11.429311923369692,20747,1.3308445317994355e-07
3.204912,1,2746.37897,True,True,9.860800223975572e-05,12.105626654611982,20748,0.09860800223975572
-2.126727,9,2747.81615,True,True,0.0024354879060017,17.59914684860771,20757,2.4354879060017
6.155494,15,2747.824125,True,True,0.0007139241245708,0.553992541957731,20772,0.7139241245708
3.037546,4,2749.693606,True,True,0.0029348846340293,11.965827182971143,20776,2.9348846340293
0.919901,4,2749.702594,True,True,0.00508389000638,12.852706535160433,20780,5.08389000638
6.014441,2,2751.571453,True,True,0.0023257280277504,7.014826942964588,20782,2.3257280277504
6.869439,2,2751.581434,True,True,0.0003056802157864,4.844008784749233,20784,0.3056802157864
6.039604,2,2753.168893,True,True,0.0017460536202423,7.1526708172818765,20786,1.7460536202423
7.046755,2,2753.180247,True,True,6.581128747999015e-05,5.396820167310526,20788,0.06581128747999015
6.85036,2,2754.902484,True,True,5.0155094489888e-05,4.828607702720365,20790,0.050155094489887996
3.335485,2,2754.916461,True,True,0.0091717128267062,11.755638051388162,20792,9.1717128267062
0.779512,2,2756.679024,True,True,0.0010465733677788,16.407160266458956,20794,1.0465733677787998
7.694477,2,2756.685011,True,True,0.0083171999651973,4.189748349273247,20796,8.3171999651973
-0.045202,16,2758.996515,True,True,0.006827992363522,13.196561896258563,20812,6.827992363521999
0.58919,2,2760.100395,True,True,0.0048594670413193,16.474528773639552,20814,4.8594670413192995
0.137122,1,2761.326269,True,True,0.0072250903365776,17.64085128989712,20815,7.2250903365776
7.546937,2,2762.557281,True,True,0.0036383090833004,3.548499402477587,20817,3.6383090833004004
4.281009,3,2763.699499,True,True,0.0001549811020918,9.63311519066559,20820,0.1549811020918
-20.831597,60,2764.931904,False,True,0.0048864301730029,7.484778089141906,20880,4.8864301730029
1.424082,1,2766.14384,True,True,0.0061663197408057,15.320550402267877,20881,6.1663197408057
-30.158825,60,2767.366212,False,True,0.0149748860384644,10.315244095749511,20941,14.9748860384644
0.182007,7,2768.476361,True,True,0.0046032772903151,16.627275872703915,20948,4.6032772903151
1.748113,3,2768.483377,True,True,0.004855473090125,13.359307637447992,20951,4.855473090125
10.693599,2,2768.486374,True,True,6.2760611287075024e-06,1.2454129271264358,20953,0.0062760611287075024
6.560375,1,2770.133836,True,True,0.000364343324342,6.0510586561998405,20954,0.364343324342
2.792831,2,2771.246073,True,True,0.0049375047109948,12.551800990881173,20956,4.9375047109948
4.795842,2,2773.197129,True,True,5.044107901127899e-05,8.904065887857964,20958,0.05044107901127899
3.841728,1,2774.41398,True,True,3.5425282123085697e-06,10.95682912419998,20959,0.0035425282123085697
5.283173,1,2775.638732,True,True,2.319810624590649e-06,8.356010401658036,20960,0.002319810624590649
5.403618,3,2775.650727,True,True,0.0049690248332129,8.072441348840325,20963,4.969024833212901
7.100703,1,2777.413466,True,True,2.738382149800045e-05,5.075172183332894,20964,0.02738382149800045
8.718679,7,2778.492017,True,True,0.0001033948238063,1.7459182904046635,20971,0.1033948238063
2.782598,2,2779.709817,True,True,0.0002777820016822,12.45125619596717,20973,0.2777820016822
8.171352,4,2780.856484,True,True,0.0025623770222896,3.578548420465128,20977,2.5623770222896
8.681248,1,2781.982157,True,True,0.0023929279180631,2.223447014851744,20978,2.3929279180631
5.27114,2,2781.994146,True,True,0.0086698591767439,7.208713111915926,20980,8.669859176743898
3.692317,7,2783.655961,True,True,7.671609829608276e-05,4.152533669508957,20987,0.07671609829608275
4.939508,1,2784.812088,True,True,0.0024727569131496,8.97824083564762,20988,2.4727569131496003
6.441061,3,2786.111656,True,True,9.313705812035616e-05,6.102004368266096,20991,0.09313705812035615
4.263897,7,2787.24016,True,True,0.0009043833289897,9.361978830559115,20998,0.9043833289897
8.914902,1,2788.440672,True,True,5.513862307449796e-07,1.7983296275603802,20999,0.0005513862307449796
2.982702,3,2788.440678,True,True,0.0002192229490797,12.299670500593782,21002,0.21922294907970002
8.199381,4,2790.326666,True,True,0.0030264684066893,1.8075903635782689,21006,3.0264684066893
2.605181,7,2791.531878,True,True,0.0055432419171614,8.980891563105443,21013,5.543241917161399
-23.24495,60,2792.841165,False,True,0.0256175859168419,17.445154818267934,21073,25.6175859168419
8.307614,3,2792.848168,True,True,0.009901544062991,4.608402657439543,21076,9.901544062991
5.696985,1,2794.631274,True,True,0.0060948885809985,7.614500859963069,21077,6.0948885809985
0.274578,7,2794.634284,True,True,3.197945297300688e-05,12.85465219885378,21084,0.03197945297300688
9.232994,2,2796.533077,True,True,1.4523388340792476e-05,1.3949695191145788,21086,0.014523388340792476
6.294418,3,2796.53909,True,True,2.006680393863572e-06,5.86432585228342,21089,0.002006680393863572
4.649575,1,2798.333339,True,True,0.0039636928173917,9.502499856496057,21090,3.9636928173917
9.611824,3,2799.572609,True,True,0.0001615992758058,0.2161030047636025,21093,0.1615992758058
1.771714,5,2799.577614,True,True,0.0050077371675455,11.725246736716494,21098,5.0077371675455
2.418954,1,2801.284827,True,True,0.0028279675890269,13.524904882127826,21099,2.8279675890269
6.667083,1,2801.289832,True,True,0.0051650868421853,5.860351225065733,21100,5.1650868421853
2.896964,3,2801.292836,True,True,1.3810811593743114e-09,12.630625018643636,21103,1.3810811593743114e-06
6.24279,1,2803.030365,True,True,0.0049667521991469,6.628646271947534,21104,4.9667521991469
5.624564,1,2803.045357,True,True,0.0001349791221435,7.740013080885732,21105,0.1349791221435
8.28178,1,2804.730858,True,True,0.0053236083190971,2.948271032721252,21106,5.3236083190971
2.927017,1,2804.735867,True,True,2.6103294872847904e-11,12.60679006016783,21107,2.6103294872847904e-08
-12.464932,29,2806.495821,True,True,5.490089020913935e-06,16.644191207956755,21136,0.005490089020913935
8.424464,1,2807.721033,True,True,0.0020951583376575,2.686470169723159,21137,2.0951583376575
7.149668,1,2808.939432,True,True,0.0023720232545034,4.9892329024273225,21138,2.3720232545034
8.568899,1,2810.147497,True,True,6.676524965175488e-05,2.4235338040955057,21139,0.06676524965175487
3.733266,8,2811.315084,True,True,0.0048504596353973,8.607078577700689,21147,4.850459635397301
4.444014,2,2812.494105,True,True,0.0097334097786239,9.483088143047054,21149,9.7334097786239
8.834989,1,2813.652724,True,True,0.0046790050794578,1.9484779216399937,21150,4.6790050794577995
1.853945,2,2813.660701,True,True,3.01406689922918e-07,13.822425294181324,21152,0.000301406689922918
1.057503,1,2815.382796,True,True,0.0098307583400062,15.983154681975256,21153,9.8307583400062
6.438003,9,2815.386317,True,True,0.0056614344486687,5.213629015785047,21162,5.6614344486687
3.115132,2,2817.131094,True,True,0.0047812228237106,11.666386253503047,21164,4.7812228237106
8.106456,2,2818.191987,True,True,0.0019345795858297,3.412573542946914,21166,1.9345795858297
3.699263,2,2819.430595,True,True,3.3387361816211714e-09,11.229465790809613,21168,3.3387361816211714e-06
1.947923,1,2820.587074,True,True,0.0001299225633017,14.37261749769628,21169,0.1299225633017
5.493699,4,2820.602062,True,True,0.0046346344764283,7.745597191037847,21173,4.6346344764283
2.149687,2,2822.377808,True,True,0.0051935615611519,13.144036988854811,21175,5.1935615611519
3.084114,6,2823.556064,True,True,0.0032819486213043,11.761545358716686,21181,3.2819486213043
7.929084,3,2824.756399,True,True,9.088369902078348e-06,2.7317308207091675,21184,0.009088369902078348
8.359212,1,2824.76739,True,True,0.00386975229053,2.806819396275092,21185,3.86975229053
8.842969,1,2826.474076,True,True,0.0001852382141251,1.9285345737450983,21186,0.1852382141251
6.679724,1,2827.563377,True,True,1.1059941710017151e-05,5.83523342076367,21187,0.011059941710017151
7.489277,3,2828.761416,True,True,0.0023310867878139,4.143101516159553,21190,2.3310867878139
8.549642,2,2829.913493,True,True,8.204727925560477e-06,2.304735055375764,21192,0.008204727925560477
6.074773,1,2831.024771,True,True,0.0003223655030264,6.9276010278221065,21193,0.3223655030264
3.192778,2,2832.202987,True,True,0.000222929411379,12.4063132884566,21195,0.222929411379
-0.063745,15,2832.207984,True,True,0.0048865738768903,15.71031300667898,21210,4.8865738768903
8.364023,1,2834.026165,True,True,0.0024531854351762,2.796498511751335,21211,2.4531854351762
3.572812,1,2835.140947,True,True,5.652175949499848e-10,11.441935466440908,21212,5.652175949499848e-07
-12.082733,14,2836.292731,True,True,0.0027440910611462,17.07889142186045,21226,2.7440910611461997
6.672843,2,2837.578568,True,True,0.0047029127215894,6.051637980746672,21228,4.7029127215894
1.819305,4,2837.589559,True,True,4.305609372271631e-07,12.197225117028504,21232,0.0004305609372271631
4.963774,6,2837.591557,True,True,0.0072722820963296,7.91730987848242,21238,7.2722820963296
5.18866,1,2839.202446,True,True,0.0007358508504264,8.525449107778782,21239,0.7358508504264
8.58179,2,2840.360942,True,True,0.0081605519532188,2.5989968384986724,21241,8.1605519532188
0.821037,2,2841.59625,True,True,0.0003024538700792,12.542382351805154,21243,0.3024538700792
0.156909,3,2841.606235,True,True,0.0044863918190328,17.227348821871285,21246,4.4863918190328
4.815884,1,2843.242433,True,True,0.0043735370125162,9.202786909535906,21247,4.3735370125162
3.155068,3,2844.485713,True,True,2.0762347985258355e-06,10.630903670754082,21250,0.0020762347985258355
5.286258,3,2845.582772,True,True,0.0046680276286451,5.636325430941446,21253,4.6680276286451
6.590408,1,2845.594758,True,True,6.104513327473662e-05,5.996532176331542,21254,0.06104513327473662
9.594262,1,2847.308344,True,True,0.0003012847668331,0.5711001564843218,21255,0.30128476683309996
6.913192,2,2848.481531,True,True,0.007310512277878,5.263377086179958,21257,7.310512277878
3.510936,1,2848.493533,True,True,1.6548313240549726e-09,11.553551119290924,21258,1.6548313240549726e-06
3.002831,1,2850.837965,True,True,7.4226544528877e-10,12.470049689617433,21259,7.4226544528877e-07
6.394783,5,2850.846956,True,True,0.0003804138323471,5.8564594469306,21264,0.3804138323471
7.096577,2,2853.162498,True,True,0.0046701030268417,4.947809633387681,21266,4.6701030268417
9.430234,2,2855.049327,True,True,0.0043735823934531,0.7190444247187628,21268,4.3735823934531
5.675287,1,2856.573539,True,True,0.0048659597332487,7.652632124038837,21269,4.8659597332487
6.798572,3,2858.034083,True,True,9.98809206998602e-07,4.895632149117868,21272,0.000998809206998602
2.051247,7,2859.832134,True,True,0.0041103022268183,13.095273186896614,21279,4.1103022268183
9.388989,4,2859.8407,True,True,4.484775538018265e-06,0.7155006260697674,21283,0.004484775538018265
1.134556,3,2859.843697,True,True,0.0048240033102384,15.55068749025418,21286,4.824003310238401
-1.450499,6,2862.002208,True,True,0.0071992077210424,17.38824367312621,21292,7.1992077210424
9.507425,1,2863.65922,True,True,2.4641369169957353e-08,0.7276200229136605,21293,2.4641369169957353e-05
-19.077468,60,2865.438105,False,True,0.0273177611796008,26.326668230109476,21353,27.317761179600797
2.318807,3,2867.118985,True,True,0.000606664859373,13.208263729716522,21356,0.606664859373
9.883067,1,2868.791815,True,True,8.927450266747218e-06,0.0486952110154182,21357,0.008927450266747218
8.038121,1,2870.381822,True,True,0.0018493208092423,3.384397479094557,21358,1.8493208092423
9.537669,1,2871.96651,True,True,0.004710676681809,0.6792090960345326,21359,4.710676681809001
-0.733161,4,2873.529207,True,True,0.0060082250969013,14.956636585556168,21363,6.0082250969013
4.731133,1,2875.206712,True,True,0.0046259799689847,9.355875178224633,21364,4.6259799689847005
8.058758,1,2876.894304,True,True,0.0039391459248338,3.349472321132094,21365,3.9391459248337997
3.393806,4,2878.439672,True,True,3.963883108016458e-06,11.547871913333063,21369,0.003963883108016458
-2.343096,8,2880.355423,True,True,0.0034964586642808,17.137001965600188,21377,3.4964586642808
3.766359,4,2881.965855,True,True,2.182772139999484e-05,8.918451098864054,21381,0.02182772139999484
1.439641,5,2884.601302,True,True,0.0002855348153313,14.01500051229941,21386,0.2855348153313
6.452342,2,2886.201722,True,True,0.0002286660419559,5.984766885001794,21388,0.2286660419559
5.792265,5,2887.895016,True,True,0.0021263432267984,6.742306679478317,21393,2.1263432267984
5.033687,6,2889.714357,True,True,0.0042423205383998,6.862984159187255,21399,4.242320538399801
-18.878867,60,2891.716968,False,True,0.0045856777622336,24.85264407523241,21459,4.5856777622336
-26.728734,60,2891.72596,False,True,0.0144253809272784,26.288185417988533,21519,14.4253809272784
7.393184,1,2893.75642,True,True,0.0048401601045188,4.552118124929189,21520,4.840160104518801
0.894363,1,2895.403528,True,True,0.0005927853451227,16.27253860061925,21521,0.5927853451227
9.800005,1,2896.939255,True,True,0.0001543512857695,0.199039287889883,21522,0.1543512857695
3.92734,7,2898.632345,True,True,0.0047370864914132,10.00633530358525,21529,4.7370864914132
2.058452,4,2898.641326,True,True,0.0022622976517394,13.319623615914784,21533,2.2622976517394
-29.103844,60,2898.646333,False,True,0.0107836622182237,21.038934471178475,21593,10.7836622182237
7.910659,1,2900.529484,True,True,0.0046243931920728,3.61763152062769,21594,4.6243931920728
2.950372,1,2900.532465,True,True,0.0005782380525443,12.565066928308124,21595,0.5782380525442999
5.750796,1,2902.533504,True,True,0.0043100748785052,7.515910097926789,21596,4.310074878505199
3.173828,1,2902.534228,True,True,0.0009119477156157,12.162267222029753,21597,0.9119477156157
3.575305,5,2905.101815,True,True,0.0023285113935501,10.031114329815084,21602,2.3285113935501003
4.450144,1,2907.046789,True,True,0.0032880514665012,9.861756796926088,21603,3.2880514665011997
0.706883,7,2909.285152,True,True,0.0094247768337271,15.737342989961451,21610,9.424776833727101
0.940106,8,2911.296278,True,True,0.0049029174872557,12.06348861317952,21618,4.9029174872557
3.480725,8,2913.418948,True,True,0.000112127505529,9.104686584017854,21626,0.112127505529
-22.772187,43,2915.373973,True,True,0.0003193777118466,17.99131651014765,21669,0.31937771184659997
6.476828,4,2917.424071,True,True,0.0008457946582863,5.6227785856007015,21673,0.8457946582863
3.77219,1,2919.395519,True,True,0.0027457231154565,11.084296475791756,21674,2.7457231154565003
2.798286,1,2921.190622,True,True,1.2408477023662101e-12,12.838971178582424,21675,1.2408477023662101e-09
3.245301,1,2922.993929,True,True,3.2311935418971593e-10,12.032704860009284,21676,3.2311935418971593e-07
2.37203,7,2924.947116,True,True,0.0090871743253855,11.683206701403302,21683,9.087174325385499
6.208839,2,2926.988989,True,True,0.0046693231310375,5.664483908429944,21685,4.669323131037499
0.241312,1,2928.874949,True,True,0.0097637089269321,17.454184363654626,21686,9.7637089269321
0.459721,5,2930.642395,True,True,0.0004568699675652,15.948297708523851,21691,0.4568699675652
5.97256,2,2932.406006,True,True,0.0051890485885261,6.847704628177249,21693,5.1890485885261
0.262508,1,2932.406011,True,True,0.0008766067029332,17.411794876300274,21694,0.8766067029332
3.894649,3,2934.655491,True,True,0.0006862620209934,10.59676797618749,21697,0.6862620209934001
6.517756,4,2936.241671,True,True,0.0038995476980943,4.650003057431416,21701,3.8995476980943
5.251829,2,2937.768552,True,True,0.0016178521261716,8.169094255254619,21703,1.6178521261716
5.369977,3,2939.384669,True,True,0.003738099118058,7.505195112909765,21706,3.738099118058
1.3614,4,2939.386668,True,True,0.0002892427747199,11.482922420117312,21710,0.2892427747199
7.253772,1,2941.304549,True,True,2.5596552216539115e-06,4.798752128419227,21711,0.0025596552216539115
9.850822,1,2942.900735,True,True,0.0007546521350298,0.0970110172136392,21712,0.7546521350298
-24.680145,60,2944.81878,False,True,0.0068612723603384,23.84061636933841,21772,6.8612723603384
-0.124521,6,2944.824767,True,True,2.6559831895831085e-05,17.58353336852315,21778,0.026559831895831085
3.245527,1,2946.810199,True,True,0.0021309358235509,12.032911422964553,21779,2.1309358235509
-27.94567,60,2948.91952,False,True,0.0055776838702924,26.19663118867349,21839,5.577683870292399
8.209926,5,2950.825263,True,True,0.0015365481998406,4.589425166057195,21844,1.5365481998406
5.974541,3,2950.830984,True,True,0.002275445829537,5.086162948871873,21847,2.275445829537
6.108862,2,2953.335149,True,True,0.0046559537323435,6.409983707967656,21849,4.6559537323435
2.623071,2,2953.341152,True,True,0.0042821822317786,13.001715635534122,21851,4.2821822317786
5.500691,1,2955.476775,True,True,0.0046458716855165,7.967482553820171,21852,4.6458716855165
2.044292,2,2957.438463,True,True,0.0007970794042445,15.131775387952642,21854,0.7970794042445
-5.629335,9,2959.093446,True,True,0.0009507297608917,16.737235140312972,21863,0.9507297608917
4.779101,1,2959.099432,True,True,0.0007811489360861,9.26627383858846,21864,0.7811489360860999
8.247447,1,2960.982751,True,True,1.1450910586702915e-05,3.004154480319421,21865,0.011450910586702915
5.331898,1,2962.648872,True,True,2.0267200446772923e-05,8.26809381331726,21866,0.020267200446772923
9.069495,4,2962.655875,True,True,0.0002022052257299,1.5569427836674847,21870,0.2022052257299
2.676484,3,2964.677578,True,True,0.0065729659759533,12.658968713770266,21873,6.5729659759533
7.065533,1,2964.683564,True,True,1.6992060260637154e-05,5.138663646812935,21874,0.016992060260637154
6.627661,1,2966.677719,True,True,0.0007370539052121,5.929964565761984,21875,0.7370539052121
4.679692,3,2968.359706,True,True,0.0035883942790591,9.148561696801009,21878,3.5883942790591
0.391003,2,2970.038302,True,True,0.0020163930003843,16.986034119206106,21880,2.0163930003842996
8.815207,1,2971.795793,True,True,0.0001092291927896,1.9785966826952013,21881,0.1092291927896
7.218058,2,2971.800805,True,True,0.0014249641098943,4.435099360802576,21883,1.4249641098943
5.930293,2,2973.873157,True,True,0.0026137032393982,7.057688687580073,21885,2.6137032393982
-15.376239,29,2975.701009,True,True,0.0075345723318326,14.110425748685808,21914,7.5345723318326
0.055494,3,2977.491454,True,True,0.0049138037713625,17.61278958409052,21917,4.913803771362501
7.477739,1,2979.163964,True,True,5.76899592626013e-05,4.394377000812511,21918,0.0576899592626013
5.504672,7,2980.778784,True,True,0.0042392532671847,7.469224417629725,21925,4.2392532671847
3.506627,2,2982.349246,True,True,0.0048293215157395,11.530351665135136,21927,4.8293215157395
7.175124,3,2982.355257,True,True,4.938672809098703e-06,4.64998994595294,21930,0.004938672809098703
-7.086123,17,2984.159817,True,True,0.0118161077476172,6.315540637491876,21947,11.8161077476172
6.64533,2,2984.169811,True,True,0.0023680229794068,5.760172832246357,21949,2.3680229794068
4.323788,4,2986.205082,True,True,1.3381201046945394e-05,9.344204577135203,21953,0.013381201046945394
7.525396,2,2986.214634,True,True,9.919796576480587e-05,4.495570717121324,21955,0.09919796576480587
3.607411,4,2988.174493,True,True,0.0043899968248317,10.853957307919796,21959,4.3899968248317
3.148373,1,2989.747528,True,True,0.0050681825088805,12.210955273817014,21960,5.068182508880501
0.872099,2,2991.386768,True,True,0.0048243095213812,14.309876383035128,21962,4.8243095213812
6.692052,6,2993.172961,True,True,0.0019047981505665,3.915040240206896,21968,1.9047981505665001
-15.78965,21,2993.172979,True,True,0.006941454128845,17.601219885676038,21989,6.941454128845001
8.304709,1,2995.256683,True,True,0.0045110366018234,2.905967486506808,21990,4.5110366018234
6.884091,3,2997.020996,True,True,0.0003119385447193,4.608991553049747,21993,0.3119385447193
1.775351,8,2997.024983,True,True,0.0024970802044858,13.840754562353318,22001,2.4970802044858
2.11868,1,2997.029988,True,True,0.0007097785312315,14.065057870287918,22002,0.7097785312314999
1.772562,4,2999.148345,True,True,7.231947753323642e-09,13.90415086219325,22006,7.231947753323642e-06
6.803656,5,3002.017571,True,True,9.396122141370004e-05,5.518100712437619,22011,0.09396122141370004
3.450228,1,3003.605721,True,True,0.0029563088536242,11.665161689688077,22012,2.9563088536241997
3.981272,5,3005.147002,True,True,0.0007779059997105,10.007247875315713,22017,0.7779059997105
-0.402858,8,3006.550153,True,True,0.00733842739815,10.77261175935906,22025,7.3384273981499994
-5.919968,10,3007.869532,True,True,0.0047248384588864,16.57991250262943,22035,4.7248384588864
4.891844,3,3007.876535,True,True,0.0002899640396876,7.502634367416037,22038,0.28996403968760004
5.659845,3,3009.477008,True,True,1.81901513931354e-06,7.496983546777888,22041,0.00181901513931354
7.231533,1,3009.477021,True,True,0.0047139338898562,4.843809997239274,22042,4.7139338898562
4.577464,1,3011.19798,True,True,9.010823714571646e-06,9.629453860527592,22043,0.009010823714571646
5.139944,1,3011.198983,True,True,0.0065674201460173,8.619863448148486,22044,6.5674201460173
1.718429,1,3013.009258,True,True,0.0023893113045871,14.787790569807274,22045,2.3893113045871
5.821175,1,3013.017248,True,True,3.362047096606199e-05,7.385063336796121,22046,0.03362047096606199
2.913173,10,3014.855188,True,True,0.0074596753383147,10.174862410129348,22056,7.4596753383147
7.7715,3,3014.865178,True,True,0.0047387856545869,3.979668705034561,22059,4.7387856545869
7.467368,1,3016.654648,True,True,0.0057431514085131,4.419102463400889,22060,5.7431514085131
2.85862,2,3017.892525,True,True,0.003056410912384,12.73809236588084,22062,3.056410912384
8.987635,2,3019.323959,True,True,7.240880898984206e-05,1.4710926973183691,22064,0.07240880898984206
9.747346,1,3019.341946,True,True,0.0001334485595714,0.2836419594481805,22065,0.1334485595714
9.190419,1,3021.125005,True,True,2.6391358920525854e-05,1.3005281155092758,22066,0.026391358920525854
5.626029,3,3022.317959,True,True,0.0049853378269432,7.82358816203892,22069,4.9853378269432
1.34236,4,3022.334044,True,True,8.681002361551893e-06,13.910804366238196,22073,0.008681002361551893
7.059739,1,3023.985492,True,True,0.0014600534728673,5.150647742961497,22074,1.4600534728673
7.689882,2,3025.228145,True,True,0.0017357805800593,3.818001989064096,22076,1.7357805800593
4.846667,1,3026.6635,True,True,0.004905100474191,9.147664869389908,22077,4.905100474190999
-8.343235,17,3027.882714,True,True,0.0045877944798412,16.762768012112783,22094,4.5877944798412
7.186696,1,3029.034945,True,True,0.0031914375483379,4.923222478262,22095,3.1914375483379
8.292706,2,3029.042949,True,True,0.0001004511703187,3.934404578529018,22097,0.1004511703187
-1.969882,17,3030.75421,True,True,0.002407288056279,2.2338919040655205,22114,2.407288056279
3.937792,4,3031.954243,True,True,0.0001661831584543,10.037146598331695,22118,0.1661831584543
4.184788,2,3031.960246,True,True,0.0044703520902119,9.997820032634555,22120,4.4703520902119
4.447152,5,3033.551347,True,True,0.0105822387419864,9.600499376599029,22125,10.5822387419864
2.57014,2,3034.746136,True,True,0.0053315040986114,13.20193868281294,22127,5.331504098611401
3.15361,3,3036.013413,True,True,0.0023115752936794,11.319376155351446,22130,2.3115752936794
4.506614,5,3037.239766,True,True,0.0002019525529697,9.44470345362034,22135,0.20195255296970002
3.72176,4,3038.443057,True,True,0.0005920404521984,8.897751902725755,22139,0.5920404521984
1.901101,2,3039.741678,True,True,0.0028059611450693,14.194579709915986,22141,2.8059611450693
7.032251,4,3040.93731,True,True,0.0009211594016093,3.651132495961107,22145,0.9211594016093
9.123957,1,3042.096198,True,True,0.0023506750627247,1.4236440861919737,22146,2.3506750627247
-9.784712,23,3043.327169,True,True,0.0043606362628727,16.875447612437924,22169,4.3606362628727
3.419025,2,3043.343697,True,True,0.00025334975481,9.409327005007158,22171,0.25334975481
3.10472,6,3043.346728,True,True,0.0048599432841411,11.646979440021342,22177,4.859943284141099
2.570979,1,3044.894985,True,True,0.004908662798036,13.252048180915544,22178,4.9086627980360005
4.064811,2,3046.206032,True,True,0.0023214503427185,10.428401050386526,22180,2.3214503427185
4.301938,4,3047.393479,True,True,0.0050790502331438,9.885731875724018,22184,5.0790502331438
5.782381,1,3047.40447,True,True,0.0028419455521662,7.457635772591204,22185,2.8419455521662003
4.970285,2,3049.214979,True,True,0.000481666261646,8.651658529885824,22187,0.481666261646
7.124608,1,3050.330864,True,True,0.0015323593871437,5.032106265627932,22188,1.5323593871437
1.883297,5,3051.498251,True,True,0.0024015451738988,13.63830857303977,22193,2.4015451738988
6.529073,7,3052.738863,True,True,0.0047655861699231,4.991466392765467,22200,4.7655861699231
-5.822321,15,3053.968139,True,True,0.0041661685955852,12.236897341106967,22215,4.1661685955852
-1.389203,7,3055.076752,True,True,0.0078085918896783,15.502029373365833,22222,7.8085918896783
7.681021,2,3055.082757,True,True,2.3871537055629747e-05,3.432162435937129,22224,0.02387153705562975
1.981969,1,3056.806952,True,True,0.0024628058561321,14.312648588802192,22225,2.4628058561321
8.651035,2,3056.821907,True,True,4.422363620529973e-06,1.5370488244494116,22227,0.004422363620529973
-7.715347,33,3058.579057,True,True,0.0064268461367002,14.539998927683978,22260,6.4268461367002
8.963496,2,3059.770671,True,True,0.0001324282887086,1.8783621884614423,22262,0.1324282887086
8.821242,2,3060.900024,True,True,0.0030631062907285,1.8199293989115155,22264,3.0631062907285003
5.359389,4,3060.91107,True,True,0.0040713158531392,7.2188519606154,22268,4.0713158531391995
3.379698,3,3062.766368,True,True,0.004813355904126,11.991598236730749,22271,4.8133559041259995
1.121522,4,3064.02868,True,True,0.0003241974495976,14.855600098253344,22275,0.3241974495976
8.412391,1,3065.148396,True,True,0.0093676626277296,2.7167248471950254,22276,9.3676626277296
6.077419,6,3066.343858,True,True,0.0042241720115336,7.056604918985799,22282,4.224172011533599
6.593568,2,3067.507493,True,True,0.002660131140051,5.854450384009468,22284,2.660131140051
6.127086,5,3067.514496,True,True,0.0047036542729372,6.505976967328218,22289,4.703654272937199
4.199445,2,3069.224636,True,True,0.0052103090251286,10.187316182210024,22291,5.2103090251286
2.7541,2,3070.468225,True,True,0.0004102775167809,12.790583224055975,22293,0.41027751678089996
6.229784,4,3071.753355,True,True,0.0007752925991028,6.0632102583077785,22297,0.7752925991028
3.201347,7,3071.757354,True,True,0.00256927132964,11.080968148059297,22304,2.56927132964
-3.178223,18,3073.4833,True,True,0.0024088114721528,14.55491605232192,22322,2.4088114721528
4.888878,1,3073.494832,True,True,0.0002424630832551,9.067741923306237,22323,0.2424630832551
3.321542,1,3075.243959,True,True,0.0029012217737722,11.897220023186712,22324,2.9012217737721997
7.26735,2,3075.250976,True,True,0.0001937323019674,4.62919434986139,22326,0.19373230196740002
4.359697,1,3075.256948,True,True,0.0015256204436751,10.023566505864007,22327,1.5256204436751
7.741613,1,3076.834578,True,True,1.730651956931284e-06,3.917773271771787,22328,0.001730651956931284
3.306023,2,3078.002848,True,True,0.0048305645049993,12.053603528009122,22330,4.8305645049993
7.353619,1,3078.016838,True,True,2.61781204759547e-05,4.618479371963267,22331,0.0261781204759547
5.588024,2,3078.017836,True,True,1.696387412876768e-07,7.309015932570483,22333,0.0001696387412876768
9.897236,1,3079.608579,True,True,1.813209680612011e-05,0.0230988094865434,22334,0.01813209680612011
7.291277,2,3080.771746,True,True,3.868537470329064e-06,4.142677347198528,22336,0.003868537470329064
3.596335,1,3081.9139,True,True,2.2739135227545224e-10,11.399502878284787,22337,2.2739135227545224e-07
6.767034,2,3083.111523,True,True,1.1253237946048412e-05,5.042372530151803,22339,0.011253237946048412
4.561148,2,3084.377656,True,True,0.0118521982443306,9.315289642245483,22341,11.8521982443306
4.033229,2,3085.595386,True,True,0.0041069411102767,10.494105907630315,22343,4.106941110276701
0.964432,4,3086.89592,True,True,0.0048113805850168,15.774389194735186,22347,4.8113805850168
3.400695,1,3087.962973,True,True,0.0034810777858983,11.754857041137813,22348,3.4810777858982997
1.169102,1,3089.112153,True,True,0.004068084200144,15.779112626384505,22349,4.068084200144
6.134946,1,3090.240499,True,True,8.269922670434832e-06,6.818683003609586,22350,0.008269922670434832
4.532679,1,3091.483594,True,True,0.0043178360909773,9.71364527061096,22351,4.3178360909773
5.190552,1,3092.709884,True,True,5.135534953239554e-06,8.523159515266617,22352,0.005135534953239554
9.486862,1,3093.870553,True,True,0.0027717309983865,0.7685103868477925,22353,2.7717309983865
2.33688,2,3095.079792,True,True,0.002579836810565,13.551448607316685,22355,2.579836810565
9.003276,1,3096.197758,True,True,0.0020441349484669,1.6412822248047096,22356,2.0441349484669002
6.978338,1,3097.332349,True,True,0.0001215739304251,5.296213234871371,22357,0.1215739304251
5.55105,3,3098.659071,True,True,0.0022336519779497,6.8886491634907,22360,2.2336519779497
4.724358,2,3099.80278,True,True,0.0047449733405739,9.23964898839572,22362,4.7449733405739005
10.150747,6,3101.100108,True,True,0.0047677769069979,0.8023528943313105,22368,4.7677769069979
8.551622,2,3102.333544,True,True,0.0090907331449278,2.832245150371989,22370,9.090733144927801
8.541922,2,3103.465719,True,True,2.576701587429613e-05,2.630406806481996,22372,0.02576701587429613
7.182686,2,3104.707407,True,True,1.2861089779043005e-05,4.3121942529871005,22374,0.012861089779043005
8.152784,1,3105.905773,True,True,0.0018608833221668,3.1773275237682834,22375,1.8608833221668
7.148994,1,3106.980495,True,True,0.0001260486002956,4.988082161177202,22376,0.1260486002956
1.87987,2,3108.295605,True,True,0.0012157450512621,12.998102942315263,22378,1.2157450512621002
8.944848,1,3109.509332,True,True,7.711854723253114e-05,1.7443217156603177,22379,0.07711854723253114
-16.480316,60,3111.580585,False,True,0.0124332348833386,17.872006387706936,22439,12.4332348833386
4.480154,4,3112.794435,True,True,0.0093393035321375,8.095446762421075,22443,9.3393035321375
3.025787,3,3114.120043,True,True,0.0038112401942381,12.23329991333727,22446,3.8112401942381
5.195197,4,3114.128568,True,True,0.0042005722228046,6.4447164478228975,22450,4.2005722228046
3.074028,1,3115.847249,True,True,0.0094831388588211,12.347710364616772,22451,9.4831388588211
3.331612,4,3117.090926,True,True,3.143492063872877e-10,11.630414087707084,22455,3.143492063872877e-07
4.924146,5,3118.37369,True,True,0.0010708968004491,6.229297502688039,22460,1.0708968004491
6.197281,1,3119.508299,True,True,0.004772112514482,6.710601196404945,22461,4.772112514482
-18.876823,60,3119.512314,False,True,0.0142959448679044,10.462835734751692,22521,14.295944867904401
-39.358758,60,3119.514312,False,True,0.0179286946141767,29.767043935736854,22581,17.928694614176703
3.670643,1,3121.225789,True,True,0.0089647998261232,11.271605431154548,22582,8.9647998261232
8.376894,2,3122.360903,True,True,0.0043393622794188,2.385979217813712,22584,4.3393622794188
5.913971,2,3123.476789,True,True,0.0047587401393129,4.842067104721125,22586,4.758740139312899
2.751535,8,3124.667107,True,True,0.0003827118155533,9.79215681823981,22594,0.3827118155533
0.036169,7,3125.890545,True,True,0.0029387994434934,16.864065097171576,22601,2.9387994434934
7.818504,1,3127.241223,True,True,0.0001322386375881,3.779056221671058,22602,0.1322386375881
-0.711894,11,3128.433484,True,True,0.0077823567748028,16.09810876171863,22613,7.7823567748028
0.985542,14,3128.435482,True,True,0.0102785738501634,10.403018749244191,22627,10.2785738501634
5.364817,2,3130.088397,True,True,0.0020395452261958,7.660015510751483,22629,2.0395452261958003
-4.246694,13,3130.092383,True,True,0.0047305624883056,15.998783968927633,22642,4.7305624883055994
6.561007,1,3131.923478,True,True,7.309214137476115e-05,6.049622186490531,22643,0.07309214137476115
4.290198,1,3131.929465,True,True,0.0046563916225211,10.150641840873202,22644,4.6563916225211
6.171931,1,3133.601936,True,True,0.0005133214413378,6.752410202229006,22645,0.5133214413378
4.423495,3,3133.607939,True,True,1.4369997143545005e-05,8.575250909871947,22648,0.014369997143545005
3.028204,2,3135.288848,True,True,0.0002669991939283,12.190263296577347,22650,0.26699919392829996
0.301733,2,3135.293853,True,True,0.0004622909743311,17.144685248579158,22652,0.4622909743311
7.576004,1,3137.106018,True,True,6.807320035816591e-06,4.216863962937091,22653,0.006807320035816591
2.393604,5,3138.347302,True,True,0.0009956414700247,12.840777648769638,22658,0.9956414700246999
2.595283,2,3138.356302,True,True,0.0001737489033315,12.677379515699643,22660,0.1737489033315
6.518578,2,3139.998658,True,True,0.000336786438149,6.358719708155657,22662,0.336786438149
3.817787,1,3141.099797,True,True,0.0001374503821091,11.000120919426298,22663,0.13745038210910002
4.3733,1,3142.24805,True,True,0.0003648218535535,9.998107762156394,22664,0.3648218535535
6.895362,3,3142.253055,True,True,0.0034435350308152,4.997334720560255,22667,3.4435350308152
-2.364058,10,3142.255053,True,True,0.0001556034355713,10.701556170101082,22677,0.15560343557130002
2.605011,4,3143.994946,True,True,0.0020742741530245,12.526553985259811,22681,2.0742741530244997
5.371561,1,3144.005913,True,True,0.0049449290067354,8.200715734942104,22682,4.9449290067354
9.902818,1,3144.006955,True,True,5.856390491559057e-06,0.0129899764451407,22683,0.005856390491559057
8.038109,2,3145.538302,True,True,2.4545077530921305e-05,3.232145586270254,22685,0.024545077530921305
2.119549,2,3146.694876,True,True,0.00462884809748,13.946495876557137,22687,4.628848097480001
6.315748,3,3147.840472,True,True,6.843621657619129e-06,7.081000266224982,22690,0.006843621657619129
3.220326,1,3149.053423,True,True,0.0045129132616789,12.08083726647678,22691,4.5129132616789
-0.592861,4,3149.064415,True,True,0.0096351876232361,16.683155839461435,22695,9.6351876232361
1.44078,4,3150.810693,True,True,1.731002569581308e-09,14.952632659164554,22699,1.731002569581308e-06
7.551204,4,3151.972759,True,True,4.926399762080684e-05,3.867103038570437,22703,0.04926399762080684
0.120377,2,3153.280521,True,True,0.0088983827197599,17.004202586160396,22705,8.898382719759901
-1.300746,9,3154.50437,True,True,0.0007473767488451,17.19778699384079,22714,0.7473767488451
8.741656,1,3154.507381,True,True,6.262635308673659e-07,2.1113427392792348,22715,0.0006262635308673659
0.515476,4,3156.300627,True,True,0.0048778230305713,13.307482262035991,22719,4.8778230305712995
1.696463,3,3157.445797,True,True,1.2904896942722566e-10,14.020867019566293,22722,1.2904896942722566e-07
7.684782,1,3158.65359,True,True,0.0094765359531952,4.030274470469159,22723,9.4765359531952
-0.366167,8,3158.654596,True,True,0.006922709135229,14.566314598530324,22731,6.922709135229
7.451728,1,3160.313153,True,True,2.451223483081969e-06,4.441286374775783,22732,0.002451223483081969
4.322888,4,3161.511333,True,True,0.0094192980250482,9.72587963432752,22736,9.4192980250482
-1.082033,7,3162.76064,True,True,0.0073619431715578,16.44805940402105,22743,7.3619431715578
2.723581,3,3163.897832,True,True,1.824506674213966e-10,12.71197792227542,22746,1.824506674213966e-07
6.423491,1,3165.111413,True,True,0.0065644646993152,6.303959763713631,22747,6.5644646993152005
5.195327,3,3166.285234,True,True,1.39052316746463e-06,7.926145935937152,22750,0.00139052316746463
7.423383,3,3167.516963,True,True,0.0029737191250743,3.7090697861961663,22753,2.9737191250743
-4.767083,14,3169.014549,True,True,0.0050813452523943,3.365301346623859,22767,5.0813452523943
1.030924,19,3170.363585,True,True,0.0033776599041803,2.9894256237258245,22786,3.3776599041803
8.032326,1,3171.638901,True,True,0.0054235772303454,3.398803743145895,22787,5.4235772303453995
-9.912529,51,3172.94796,True,True,0.0029522606904047,7.816544576777104,22838,2.9522606904047
2.178523,1,3174.131539,True,True,0.0072997439603065,13.961040343316904,22839,7.2997439603065
1.149225,16,3175.316448,True,True,0.0067932671627384,7.079221170221309,22855,6.793267162738401
2.465735,3,3176.448081,True,True,0.0004582537540064,13.169962354932922,22858,0.4582537540064
8.172555,1,3176.463065,True,True,2.462607082726921e-06,3.1394229754518896,22859,0.002462607082726921
8.540019,1,3178.047087,True,True,0.000830261593216,2.476654091565732,22860,0.830261593216
7.595055,1,3178.06443,True,True,0.0046476890317771,4.1874773599801385,22861,4.6476890317771
3.568144,9,3179.743861,True,True,0.0027953827673612,10.276038358767572,22870,2.7953827673612
3.948093,1,3179.747848,True,True,0.0048165705413583,10.768484910704482,22871,4.8165705413583
4.292835,1,3181.454223,True,True,1.4091358982448732e-10,10.142989325768577,22872,1.4091358982448732e-07
7.672508,1,3181.457219,True,True,1.9719396257469185e-07,4.042575739685756,22873,0.00019719396257469185
6.694903,3,3183.175587,True,True,0.0009896773536936,5.7577109358930345,22876,0.9896773536936
7.355715,1,3183.185587,True,True,0.0001645314046405,4.614847163221666,22877,0.1645314046405
5.469311,2,3184.858261,True,True,0.006897913420211,7.896000136695846,22879,6.897913420211
-25.989444,60,3184.862285,False,True,0.0051401617683009,27.067111255717336,22939,5.1401617683009
8.221175,4,3186.567935,True,True,0.0020862396825725,2.362332435469823,22943,2.0862396825725
6.388184,2,3187.782641,True,True,9.079261238838232e-07,6.140735003291763,22945,0.0009079261238838232
7.543685,2,3187.786651,True,True,0.0047442231306869,5.711143606663169,22947,4.7442231306869
1.800119,2,3189.614052,True,True,0.002460301831009,14.532004250876836,22949,2.460301831009
5.362787,1,3189.614108,True,True,0.0052137430328516,8.21676435935058,22950,5.2137430328516
5.684449,2,3191.291167,True,True,0.0048249683521544,7.120897266204223,22952,4.8249683521544
8.876637,1,3191.298171,True,True,4.270139682251671e-05,1.8675210492984184,22953,0.04270139682251671
9.546458,1,3193.061401,True,True,4.607172283752157e-06,0.657081592172769,22954,0.004607172283752157
8.703344,1,3194.378037,True,True,0.0011175817376722,2.1819661958511567,22955,1.1175817376722001
1.288058,4,3195.699046,True,True,1.1974343477822887e-05,14.973578178962972,22959,0.011974343477822887
7.139844,1,3196.914266,True,True,0.0004486185089727,5.004950609397052,22960,0.4486185089727
2.958118,1,3198.034323,True,True,0.0022511709277606,12.552226110679005,22961,2.2511709277606
-1.021405,10,3199.23918,True,True,0.0096645413592481,8.099715372039629,22971,9.664541359248101
3.476837,2,3199.245672,True,True,1.556700977974881e-06,10.701823847081766,22973,0.001556700977974881
3.160832,2,3201.080117,True,True,0.0014173505930851,12.061110248672392,22975,1.4173505930851
4.498399,1,3202.255829,True,True,0.0025326206103708,9.774121537818996,22976,2.5326206103708
7.305321,5,3203.481492,True,True,0.0046799621215182,6.574268125030715,22981,4.679962121518201
2.921304,2,3203.489488,True,True,0.0059509964474873,12.461995575076037,22983,5.9509964474873
7.336077,3,3205.325077,True,True,0.0001634144679057,4.361811922854458,22986,0.1634144679057
-20.921782,25,3206.412277,True,True,0.0086798778039872,12.195581351684496,23011,8.6798778039872
2.067622,1,3206.427265,True,True,2.0748397375203176e-09,14.15668329566462,23012,2.0748397375203176e-06
4.507539,1,3208.022133,True,True,9.262160843501177e-08,9.755612724509788,23013,9.262160843501177e-05
8.289767,1,3208.030776,True,True,4.025820153731076e-05,2.927744397011256,23014,0.04025820153731076
3.746007,1,3210.671992,True,True,0.0002879089939269,11.126859116338736,23015,0.2879089939269
4.689428,1,3210.685978,True,True,3.298530134099699e-05,9.427452828031818,23016,0.03298530134099699
-1.60079,8,3212.510952,True,True,0.000202053362228,14.174650810408265,23024,0.202053362228
6.538466,2,3212.52201,True,True,0.003449856219814,5.931157307754004,23026,3.4498562198140004
2.382829,1,3214.250628,True,True,0.0027249606666086,13.58998466509612,23027,2.7249606666086
-2.930356,25,3214.254633,True,True,0.0021683793855999,4.037479343428658,23052,2.1683793855999
3.686181,1,3214.255631,True,True,0.0025444386048969,11.239290873255412,23053,2.5444386048969
1.32302,1,3215.965423,True,True,2.688522552271908e-05,15.499357628951042,23054,0.026885225522719082
3.437665,2,3217.069992,True,True,4.682607426809149e-11,11.473998265786229,23056,4.682607426809149e-08
4.89394,2,3218.278617,True,True,0.0047860825921493,9.051098637694048,23058,4.7860825921493
4.799119,1,3218.279608,True,True,0.0013654183601308,9.230636467383537,23059,1.3654183601307999
10.055146,5,3220.002851,True,True,0.001866684459447,1.6063599392658754,23064,1.866684459447
7.591037,1,3221.145583,True,True,4.2966496533072655e-06,4.189712795914388,23065,0.0042966496533072655
4.049139,3,3221.151581,True,True,0.0025350054336272,10.322599896611733,23068,2.5350054336272
4.607564,10,3222.92098,True,True,0.002793195441655,8.443967273201665,23078,2.793195441655
4.086773,2,3224.136755,True,True,0.0046176224713964,9.945682119260232,23080,4.6176224713964
9.709324,3,3225.23961,True,True,6.128225304513971e-07,0.0376925486106451,23083,0.0006128225304513971
6.019344,3,3226.355473,True,True,0.0025618216864757,5.998495419259048,23086,2.5618216864757
5.775443,2,3226.36746,True,True,0.0047919696736252,6.940860413162828,23088,4.7919696736252
8.494109,1,3228.092782,True,True,0.0045276664746832,2.5639512033285543,23089,4.5276664746832
2.335715,2,3228.093767,True,True,0.0100228792687679,13.56217718607126,23091,10.0228792687679
1.744944,1,3230.084687,True,True,0.004864434568073,14.741392510701294,23092,4.864434568073
6.464073,1,3230.087678,True,True,0.0034839884624031,6.227925255452984,23093,3.4839884624031
2.61282,9,3230.097676,True,True,0.0084254185656749,7.978430368510977,23102,8.4254185656749
6.379947,1,3231.794827,True,True,0.0039425500239495,6.380187533540224,23103,3.9425500239495
7.943341,1,3231.800813,True,True,0.0051788329761359,3.5589911217537784,23104,5.1788329761359
3.840234,2,3233.513523,True,True,1.353053086239342e-12,10.73624057121263,23106,1.353053086239342e-09
7.532553,2,3233.519509,True,True,0.0013937782291192,4.151410866415894,23108,1.3937782291192
7.121541,1,3235.255361,True,True,0.0047090263437527,5.042358040742491,23109,4.7090263437527
7.72227,1,3236.430461,True,True,0.0003499779799777,3.9531049549578663,23110,0.3499779799777
6.059516,7,3236.441453,True,True,0.0100128455438881,5.149226577798572,23117,10.012845543888101
2.570511,2,3236.443486,True,True,0.0030603862535618,13.129979109935524,23119,3.0603862535618
9.564945,1,3238.100348,True,True,0.0048836150931368,0.6301495582991472,23120,4.8836150931368
5.373728,1,3238.105331,True,True,0.000278719960026,8.19283506516786,23121,0.278719960026
1.300637,2,3239.918837,True,True,0.0087563602304369,15.429596989556932,23123,8.7563602304369
6.983323,7,3239.926835,True,True,0.0050249714862122,2.787488482349809,23130,5.0249714862122
8.212893,2,3241.467272,True,True,0.0049246277249872,2.0070992026728334,23132,4.924627724987199
4.036099,1,3241.478268,True,True,0.0067017869134751,10.611057403389951,23133,6.701786913475099
7.961292,1,3243.145917,True,True,7.735390453118655e-06,3.5210193040032807,23134,0.007735390453118655
7.951345,2,3243.150916,True,True,1.9102188867294208e-06,3.027749024299066,23136,0.0019102188867294208
6.744966,1,3245.036689,True,True,1.4287005215760096e-06,5.717435139692301,23137,0.0014287005215760096
5.930992,1,3245.043707,True,True,0.0090918638949175,7.194716693410363,23138,9.0918638949175
9.514729,1,3246.792902,True,True,0.0002978693009542,0.7107276263832096,23139,0.2978693009542
8.912622,1,3246.79789,True,True,1.6885179273399306e-05,1.8024704033258916,23140,0.016885179273399307
5.318758,3,3246.802911,True,True,0.0047395800719046,6.870141774749266,23143,4.7395800719046
7.416736,1,3248.394852,True,True,0.0045799062395129,4.509336893994892,23144,4.5799062395128995
2.847585,6,3248.405843,True,True,0.0002603282958662,12.213798925315707,23150,0.26032829586620004
8.572198,3,3250.218031,True,True,0.0042350420977141,2.2785226257005773,23153,4.2350420977141
6.056725,4,3251.474223,True,True,0.0044208176631156,6.559740902397768,23157,4.4208176631156
5.675921,1,3251.48421,True,True,0.0049426150980791,7.651552633177586,23158,4.9426150980791
6.117157,1,3253.196121,True,True,0.0048349492958351,6.855250364362727,23159,4.8349492958351
8.236184,1,3253.210105,True,True,2.742524279958532e-05,3.02451880493108,23160,0.02742524279958532
1.287536,1,3254.891833,True,True,0.0051121148936748,15.566154302147265,23161,5.1121148936748
-4.304334,5,3256.197975,True,True,0.001524573952983,17.994331673373093,23166,1.524573952983
8.691195,2,3257.311949,True,True,0.0030350471922036,2.392882239887608,23168,3.0350471922036
2.168793,1,3258.549755,True,True,4.899904267052779e-09,13.974238526733265,23169,4.899904267052779e-06
-7.555403,15,3259.886289,True,True,0.0005963252389606,10.162755236564722,23184,0.5963252389606
-2.11894,3,3261.138902,True,True,0.0046528465003838,17.990105064879245,23187,4.6528465003837995
5.856421,3,3262.32152,True,True,0.0017338480937534,6.115247394168358,23190,1.7338480937534
1.824239,1,3263.52646,True,True,2.0987674445582802e-10,14.595568594431732,23191,2.0987674445582802e-07
8.267153,1,3264.837108,True,True,6.726319236463954e-06,2.96855319281994,23192,0.006726319236463954
-17.113338,25,3266.344092,True,True,0.0117326773745036,14.752856393884624,23217,11.7326773745036
2.377297,12,3267.559584,True,True,0.0032136099438904,12.133174923756332,23229,3.2136099438904
6.509442,2,3268.807663,True,True,0.009330562814747,5.7521750488912655,23231,9.330562814747
6.384019,2,3269.958269,True,True,0.0034983034569156,5.851341787919627,23233,3.4983034569156
7.440712,3,3271.21042,True,True,2.442635151276261e-07,4.803293745260348,23236,0.0002442635151276261
4.654326,2,3271.222403,True,True,0.0067976116423308,8.127825467996532,23238,6.7976116423308
5.629197,2,3272.893801,True,True,8.312540865923652e-05,7.595030973558421,23240,0.08312540865923652
6.902896,2,3272.897787,True,True,0.0046248458853807,3.486940761204574,23242,4.6248458853807
9.330476,1,3274.58786,True,True,0.0003331376265676,1.047850482668879,23243,0.3331376265676
7.051316,1,3274.596866,True,True,0.0005740453581779,5.1649271861620285,23244,0.5740453581779
4.588653,1,3276.176517,True,True,9.840441169829595e-05,9.609338824136822,23245,0.09840441169829596
4.082761,3,3277.404584,True,True,0.00941515275554,10.282658334271508,23248,9.41515275554
3.082517,1,3278.625255,True,True,0.000532899269692,12.326694616176836,23249,0.5328992696920001
5.65559,2,3279.841899,True,True,2.081827505909413e-06,7.658175457292386,23251,0.002081827505909413
3.648361,1,3281.029051,True,True,1.0866802249709371e-11,11.30565318077183,23252,1.0866802249709371e-08
-19.560092,60,3282.342079,False,True,0.0047170035696188,4.335135950410715,23312,4.7170035696188
5.218795,5,3282.351085,True,True,0.0119528494688886,8.006040683760164,23317,11.9528494688886
-28.14271,60,3282.358497,False,True,0.0166377626907231,12.684936646899835,23377,16.6377626907231
7.482025,1,3283.970844,True,True,7.465932062980518e-06,4.386579809717767,23378,0.007465932062980518
6.105083,1,3283.983278,True,True,0.0001163306261451,6.872691531570308,23379,0.1163306261451
3.548932,1,3285.484596,True,True,8.499781503634728e-10,11.485012026117191,23380,8.499781503634728e-07
5.242005,3,3286.702758,True,True,0.004619035913403,9.319117578885242,23383,4.619035913403
2.411483,2,3287.972311,True,True,0.0075688276435276,13.422644332488453,23385,7.568827643527601
3.286886,1,3289.161973,True,True,0.0034320594040536,11.960082636748377,23386,3.4320594040536
-0.397872,4,3289.163971,True,True,0.0095561238225175,17.083653916436443,23390,9.5561238225175
3.541647,3,3290.817603,True,True,0.0030851102727508,11.438751400507218,23393,3.0851102727508
0.175631,1,3290.8246,True,True,0.0003030739027485,17.568111622902276,23394,0.3030739027485
4.70576,1,3290.825606,True,True,0.0001298177975058,9.398064082002382,23395,0.12981779750580003
4.293054,3,3292.461181,True,True,0.0048501444810441,10.383145352016632,23398,4.8501444810441
6.516684,5,3293.621755,True,True,0.0062301471771127,6.2902279383306405,23403,6.230147177112699
1.977458,3,3294.773775,True,True,0.0009800944086444,14.32303282250663,23406,0.9800944086443999
6.75736,3,3295.923866,True,True,0.0040032871287778,5.420376380527519,23409,4.0032871287778
3.382558,3,3297.111447,True,True,2.8829478752061613e-05,11.765612105233648,23412,0.028829478752061613
5.76907,1,3298.294665,True,True,2.8349120907945544e-06,7.479078363707671,23413,0.0028349120907945544
3.865229,2,3298.297655,True,True,0.002640642426007,10.470270646234974,23415,2.640642426007
8.347528,1,3300.083652,True,True,0.00249169654003,2.8263355428745403,23416,2.49169654003
3.316183,3,3301.31482,True,True,0.0009577744607369,11.641533888788564,23419,0.9577744607369
9.240565,2,3301.317832,True,True,0.0003606217541085,1.0525095996280514,23421,0.3606217541085
1.682345,2,3302.994202,True,True,0.0059109960814917,14.71612993302014,23423,5.9109960814916995
2.481198,4,3304.267411,True,True,0.0039437151203943,9.75098773475077,23427,3.9437151203943
2.030385,3,3305.651203,True,True,0.0077590121458257,13.994519811793866,23430,7.759012145825699
4.711378,4,3306.864283,True,True,0.0001547094337355,7.926806553177069,23434,0.1547094337355
3.574395,1,3308.024806,True,True,0.0002750215914533,11.439283622475113,23435,0.27502159145329996
-3.618777,16,3309.55972,True,True,0.0038704067847399,8.002010679485162,23451,3.8704067847399
4.766553,5,3311.067263,True,True,2.2739240708100075e-07,8.557258847389182,23456,0.00022739240708100075
3.327747,4,3312.35901,True,True,0.0032110170151379,9.384570636591512,23460,3.2110170151379003
3.838095,1,3313.838693,True,True,0.0034794407014712,10.965944111304143,23461,3.4794407014712
8.136937,2,3313.844692,True,True,0.0013111178883321,3.0560885261869197,23463,1.3111178883321
6.399403,3,3316.461485,True,True,0.0076468039669618,6.053774134471817,23466,7.646803966961801
5.960359,5,3317.868852,True,True,0.0024880133801397,5.682110922504895,23471,2.4880133801396997
-23.33108,60,3319.135719,False,True,0.0083135876733121,58.08199668101974,23531,8.3135876733121
4.331145,1,3319.143702,True,True,0.0044723803761737,10.077305534895777,23532,4.4723803761736995
7.948621,1,3320.766991,True,True,0.0001201323331325,3.5440367564785986,23533,0.1201323331325
6.952052,1,3322.006596,True,True,0.0001136314974363,5.34366379299968,23534,0.11363149743630001
4.663193,2,3322.019749,True,True,0.0001690097638487,9.399457824656537,23536,0.1690097638487
7.656205,1,3323.683043,True,True,0.0046706047826883,4.077099088405961,23537,4.6706047826883
1.739618,1,3323.690522,True,True,0.0037052233257462,14.75034410740908,23538,3.7052233257462
7.796137,1,3325.267467,True,True,0.0027103043475508,3.8223506108482415,23539,2.7103043475508
6.460285,1,3326.571767,True,True,1.7920304099795087e-05,6.231398299681867,23540,0.017920304099795087
6.17763,5,3327.96235,True,True,0.0047989380058193,7.407887568201193,23545,4.7989380058193
9.906941,1,3329.098594,True,True,0.0015998640014974,0.0065695335168465,23546,1.5998640014974
9.853936,1,3330.321345,True,True,1.1049763902779527e-05,0.1013544220313417,23547,0.011049763902779527
-12.882061,53,3330.335338,True,True,0.0092700291659768,5.91402228096968,23600,9.270029165976801
5.267102,4,3332.009414,True,True,0.0017506142395212,7.72433417657682,23604,1.7506142395211999
6.060256,5,3333.235524,True,True,0.0045993775379524,5.750629540609292,23609,4.5993775379524
5.324492,1,3333.247516,True,True,0.0071547706292607,8.287383953876576,23610,7.1547706292607005
7.866137,1,3334.833152,True,True,0.0003700606559424,3.693303059404135,23611,0.3700606559424
3.057214,1,3336.17042,True,True,0.002063103596463,12.373379567290394,23612,2.063103596463
0.555792,2,3336.182411,True,True,0.000870802174845,17.09742656261467,23614,0.870802174845
9.295881,1,3337.948057,True,True,7.023984244670239e-07,1.1099180777047426,23615,0.0007023984244670239
6.437727,1,3339.22908,True,True,0.0046924073382018,6.276594643873398,23616,4.6924073382018
7.019904,4,3340.476055,True,True,0.0001261864174845,6.263562806582271,23620,0.1261864174845
1.838759,3,3341.71536,True,True,0.0004597908353975,14.20333824853548,23623,0.4597908353975
6.891205,1,3343.008295,True,True,0.0001245394707004,5.453535352257832,23624,0.1245394707004
9.864393,1,3344.323997,True,True,8.831754521110464e-06,0.082449050628434,23625,0.008831754521110464
7.512424,4,3345.652265,True,True,0.0047994295081272,3.623558583594308,23629,4.7994295081272
2.01151,1,3345.665255,True,True,0.0054037177651306,14.261092888596242,23630,5.4037177651306
1.543055,1,3347.274439,True,True,0.0035421195273159,15.104643926149196,23631,3.5421195273159
5.412322,1,3347.291446,True,True,0.0038668552110942,8.126283924393332,23632,3.8668552110942
6.489037,1,3348.948294,True,True,0.0007714683073295,6.180247417117458,23633,0.7714683073295
4.112,1,3348.97045,True,True,8.925227709677407e-10,10.469242536426185,23634,8.925227709677407e-07
7.859851,1,3350.513802,True,True,0.0047340438977466,3.70948591421831,23635,4.7340438977466
8.378852,3,3351.879646,True,True,0.004645474962012,2.2868911242441965,23638,4.645474962012
2.355455,4,3353.13606,True,True,0.0035778657007147,11.027389880053256,23642,3.5778657007147
7.416661,1,3354.406797,True,True,0.0001854334288939,4.50481430066237,23643,0.18543342889390002
3.060214,1,3355.697787,True,True,1.5745812449036167e-09,12.366550274131647,23644,1.5745812449036167e-06
-8.866379,11,3356.959745,True,True,0.0001087992623568,12.538096536222788,23655,0.1087992623568
6.815093,1,3356.973724,True,True,1.0795932647982356e-05,5.590836053460046,23656,0.010795932647982356
7.003675,1,3358.49388,True,True,0.0039022011099385,5.254329502581495,23657,3.9022011099385
0.799477,4,3359.875015,True,True,0.0034417561157416,15.553626261840424,23661,3.4417561157416
1.941715,7,3361.071588,True,True,0.0067943474808735,9.972362180753146,23668,6.7943474808735
-25.695655,60,3362.380793,False,True,0.0260122584630962,8.866693433492614,23728,26.0122584630962
4.443808,1,3363.646828,True,True,2.895765474977656e-05,9.870623076545204,23729,0.02895765474977656
6.531062,1,3364.896408,True,True,7.923432175570072e-05,6.103689701292806,23730,0.07923432175570072
0.629342,1,3366.169563,True,True,0.0006253172625359,16.750351433988076,23731,0.6253172625359
3.909695,1,3367.498682,True,True,9.786709092261814e-07,10.834214371845585,23732,0.0009786709092261814
8.906152,1,3368.747379,True,True,5.6942496638641166e-05,1.814211826340552,23733,0.05694249663864116
2.328917,11,3368.747383,True,True,0.0049165806787105,10.23785795497158,23744,4.9165806787105
8.177663,1,3370.292591,True,True,0.0043474306827009,3.1266103512047865,23745,4.3474306827009
8.30816,1,3370.304574,True,True,6.842811319904881e-06,2.894478486284877,23746,0.006842811319904881
8.5155,1,3371.890622,True,True,0.0019118939388532,2.522258370119564,23747,1.9118939388532001
6.866587,1,3371.89542,True,True,0.0092828730735328,5.506735791979438,23748,9.2828730735328
7.022243,1,3373.443438,True,True,0.0046975996777239,5.221590280603645,23749,4.6975996777238995
4.822671,1,3374.730842,True,True,0.00465177656789,9.190758898432108,23750,4.65177656789
3.322347,2,3374.73183,True,True,0.009534131448459,12.041270844315417,23752,9.534131448459
2.235484,1,3376.354703,True,True,0.0035244018918773,13.85616251423164,23753,3.5244018918772997
6.842085,1,3376.358695,True,True,0.0009435593339832,5.543068279335396,23754,0.9435593339832
8.691053,1,3377.917885,True,True,0.0012075433013342,2.20189984797444,23755,1.2075433013341998
7.858238,2,3379.364882,True,True,0.0017920603013881,3.997774420493932,23757,1.7920603013881
8.806731,2,3380.588767,True,True,0.0050164247319426,2.227150381562777,23759,5.0164247319426
9.538918,1,3380.594788,True,True,0.0053465813495328,0.6777516065363997,23760,5.3465813495328
4.106534,1,3382.089299,True,True,0.002330654223873,10.48088970146499,23761,2.330654223873
-28.125736,60,3382.089321,False,True,0.0182177983020425,16.36473756122867,23821,18.2177983020425
9.631095,1,3382.095323,True,True,0.0026293060100642,0.5077063900635992,23822,2.6293060100642
1.577804,1,3383.774774,True,True,0.0034939675763753,15.041968211543534,23823,3.4939675763753
6.434051,1,3383.78577,True,True,0.0015228154906028,6.280244095940507,23824,1.5228154906028
4.298546,2,3385.416056,True,True,0.0001023746161264,8.25807059769017,23826,0.1023746161264
7.922271,1,3385.422451,True,True,0.0047944684769335,3.5968469860494934,23827,4.7944684769335
7.524941,2,3387.104333,True,True,0.0021252642470707,3.69551436670674,23829,2.1252642470707
7.326146,1,3387.109341,True,True,0.0042570369009088,4.672553251276171,23830,4.2570369009088
8.434832,1,3388.654733,True,True,0.0047710205123294,2.671274487275842,23831,4.7710205123294
6.672466,2,3388.658747,True,True,0.0088750155309215,5.723129600950179,23833,8.8750155309215
9.523718,1,3388.660745,True,True,0.0045396068677042,0.7041951614118777,23834,4.5396068677042
0.006427,1,3390.284891,True,True,3.822911785340968e-05,17.8724686928722,23835,0.038229117853409676
4.467169,2,3391.699524,True,True,0.0027036475508766,9.661402612955872,23837,2.7036475508766
7.732002,2,3392.919857,True,True,0.0046588533316383,3.701835537554727,23839,4.6588533316383005
4.382843,4,3394.182349,True,True,0.0026750363560483,9.800842579573906,23843,2.6750363560483
5.218903,1,3395.449127,True,True,0.0043878014216541,8.475696867666727,23844,4.3878014216541
2.550878,3,3395.455134,True,True,0.000106084489559,12.889494773445607,23847,0.106084489559
7.472441,1,3397.060547,True,True,0.0001684975685825,4.40406737429635,23848,0.1684975685825
5.180639,1,3398.303926,True,True,0.0048715759468633,8.545119925739794,23849,4.8715759468633
9.028527,2,3398.310929,True,True,0.0019611005749239,2.2227082270223524,23851,1.9611005749239
8.701351,2,3399.937846,True,True,0.0048823161188688,1.7951657139768356,23853,4.8823161188688
4.458548,1,3401.196844,True,True,1.5676972029560199e-09,9.844005625620785,23854,1.5676972029560199e-06
6.021364,2,3402.439001,True,True,0.0002722325616883,6.3589711690615776,23856,0.2722325616883
0.821895,1,3403.732324,True,True,0.0021647702254983,16.404039600366712,23857,2.1647702254983
4.201336,1,3404.988278,True,True,5.294311502474641e-05,10.308110754063115,23858,0.05294311502474641
5.93545,1,3406.290766,True,True,0.0003388210141593,7.17909238892215,23859,0.3388210141593
9.233337,1,3407.464042,True,True,1.853873195796252e-06,1.220645930895256,23860,0.001853873195796252
6.674132,1,3408.716289,True,True,0.004781764983227,5.850004700298999,23861,4.781764983227
1.434536,2,3410.142972,True,True,1.9295990768795088e-09,15.178287058791422,23863,1.9295990768795088e-06
6.050059,1,3411.407266,True,True,0.0062125675762721,6.9775213427234615,23864,6.2125675762721
8.194101,2,3412.731438,True,True,0.0042768140827068,2.268291666940283,23866,4.2768140827068
5.281722,6,3414.218523,True,True,0.0002760182657333,8.350207592872703,23872,0.2760182657333
0.416649,4,3415.630197,True,True,0.0004897266025935,15.351157030825078,23876,0.4897266025934999
3.966721,1,3416.946218,True,True,0.001237402189633,10.732282339095107,23877,1.2374021896329999
-14.497696,60,3418.149967,False,True,0.0175521810901083,17.417179125547438,23937,17.5521810901083
-30.76897,52,3421.138583,True,True,0.0045995401368551,17.245635680946798,23989,4.5995401368551
1.061203,1,3422.346569,True,True,0.0003371047562852,15.971594491044913,23990,0.33710475628520004
7.981006,2,3423.692533,True,True,0.0013692908372108,2.071918619541213,23992,1.3692908372108001
-10.216158,25,3424.990865,True,True,0.0019304382376336,15.86867944838506,24017,1.9304382376336
2.347904,1,3426.123583,True,True,0.0002079775950763,13.65136768956339,24018,0.2079775950763
5.936218,2,3426.134574,True,True,0.0079502794140269,7.391571331461377,24020,7.950279414026901
7.168981,1,3427.688348,True,True,4.018620777368476e-05,4.951900070051991,24021,0.04018620777368476
6.23017,1,3429.034362,True,True,7.384701070747932e-06,6.646790981317164,24022,0.007384701070747932
5.826621,1,3430.260328,True,True,5.188476583915802e-05,7.375251628526499,24023,0.05188476583915802
5.811855,1,3431.648026,True,True,0.0037403701183232,7.405103104967325,24024,3.7403701183232
5.480179,4,3431.657019,True,True,8.003328502835717e-05,9.389458563970331,24028,0.08003328502835717
5.922165,1,3433.22691,True,True,0.0045635327562004,7.206891522509123,24029,4.5635327562004
6.65385,1,3433.236882,True,True,9.611559466313287e-05,5.882032760169621,24030,0.09611559466313288
3.627624,1,3434.928246,True,True,0.0002415107690793,11.34324037573981,24031,0.2415107690793
8.489116,1,3436.141527,True,True,0.0049164776568701,2.57340768883855,24032,4.9164776568701
-20.601486,60,3436.144517,False,True,0.0151286195995832,21.57509430673436,24092,15.1286195995832
2.903193,3,3437.764431,True,True,0.0002631766161048,12.742017269113592,24095,0.2631766161048
5.987977,1,3437.780408,True,True,0.0045166710686919,7.088088550031296,24096,4.5166710686919
6.265131,1,3439.334333,True,True,8.824699615319134e-05,6.58376181633638,24097,0.08824699615319134
7.545291,2,3440.609445,True,True,3.228035685345736e-05,4.3807953741933625,24099,0.03228035685345736
-0.007618,3,3440.621151,True,True,0.0047750119583868,17.656579132704717,24102,4.775011958386799
6.944627,1,3442.274791,True,True,7.47793006866497e-07,5.356952037058626,24103,0.000747793006866497
2.5068,2,3443.48082,True,True,0.0053366094165275,13.332881447236629,24105,5.3366094165275
7.066938,1,3444.733908,True,True,0.0002904572923576,5.136419480047966,24106,0.2904572923576
9.427141,2,3446.043816,True,True,0.0096147084161257,0.930535566294231,24108,9.6147084161257
1.62888,6,3447.281392,True,True,0.0049915364397545,13.822346855953349,24114,4.9915364397544995
5.183685,3,3448.543987,True,True,4.6993128543886e-07,8.26829008370678,24117,0.00046993128543886
2.460509,2,3449.894264,True,True,0.0019590546318371,13.300466625967928,24119,1.9590546318371
2.630308,2,3451.05537,True,True,0.0017895439189459,11.622549302254964,24121,1.7895439189459001
5.229632,5,3452.546706,True,True,0.0011472236773755,8.111770409418279,24126,1.1472236773755
-20.725743,60,3453.803555,False,True,0.0392869048404265,33.45250318786361,24186,39.286904840426494
-0.275387,2,3455.215952,True,True,0.0041794424892594,17.8666865691313,24188,4.1794424892594
-3.074647,5,3455.222955,True,True,0.0045241951304007,16.09235799834475,24193,4.5241951304007
2.368904,3,3456.941788,True,True,0.0096754755773208,11.80282605671219,24196,9.6754755773208
6.454147,2,3458.229159,True,True,0.004036712043316,4.988795705342008,24198,4.036712043315999
8.605598,3,3459.511291,True,True,0.0004201063354956,1.4779281262259667,24201,0.4201063354956
4.167949,1,3460.822028,True,True,0.0025926146433498,10.370298822218125,24202,2.5926146433498003
3.057452,2,3462.287122,True,True,0.0001276085933885,12.358713808213244,24204,0.12760859338849997
-4.661087,34,3463.596358,True,True,0.007272274490024,8.54479101764054,24238,7.272274490024
9.169978,4,3463.61825,True,True,1.2714301700612015e-06,1.895611321774228,24242,0.0012714301700612015
7.97926,1,3465.16516,True,True,4.300708485154708e-06,3.4885630768456357,24243,0.004300708485154708
9.537247,1,3466.419318,True,True,2.8314434352954412e-05,0.673762020951913,24244,0.02831443435295441
0.849964,2,3466.435291,True,True,0.0005485398073327,16.234677897213288,24246,0.5485398073326999
0.571332,2,3468.008561,True,True,0.0040078029403403,16.27399473779064,24248,4.0078029403403
2.91445,1,3469.301142,True,True,0.0026045336066983,12.63121260131145,24249,2.6045336066983
6.008353,3,3469.32025,True,True,0.0046692309857357,7.052586479360822,24252,4.6692309857357
3.462747,1,3470.919287,True,True,0.0044854349293206,11.64362202004029,24253,4.4854349293206
8.920719,1,3472.185757,True,True,0.0001417233150673,1.7776368833363154,24254,0.14172331506730002
5.464519,2,3472.201745,True,True,9.25914814584915e-05,6.402501070700549,24256,0.0925914814584915
2.43828,2,3473.868173,True,True,0.0025291440318654,13.3277289112352,24258,2.5291440318654
-0.212046,2,3475.149616,True,True,4.678476840467378e-06,14.110018863292987,24260,0.004678476840467379
6.274215,5,3476.347552,True,True,3.636028163840968e-05,4.923121569817627,24265,0.03636028163840968
7.228678,1,3476.360541,True,True,0.0049066527954042,4.849153491645287,24266,4.9066527954042
9.743442,1,3478.156023,True,True,8.620452335573146e-05,0.3011770309930329,24267,0.08620452335573146
4.556263,1,3478.171067,True,True,1.5055315273640024e-05,9.667711514207568,24268,0.015055315273640024
5.207783,1,3479.741305,True,True,0.0008589113372139,8.492808988085722,24269,0.8589113372139
3.138824,1,3479.753309,True,True,0.0002656878840065,12.22494864324265,24270,0.2656878840065
2.18981,1,3481.33492,True,True,0.0053579099315369,13.939595714287004,24271,5.357909931536899
4.852184,2,3482.525577,True,True,0.0085124322836073,8.618590192681586,24273,8.5124322836073
-24.252382,60,3483.699634,False,True,0.0153157638313653,19.130506553393783,24333,15.3157638313653
1.439904,2,3483.703621,True,True,2.4493337913433777e-11,15.482145866611134,24335,2.4493337913433777e-08
8.713931,1,3485.38245,True,True,0.0012627664282413,2.1630209224649155,24336,1.2627664282413
5.817677,3,3486.5205,True,True,0.0044913308175704,5.134118590878534,24339,4.4913308175704
3.409818,2,3486.534476,True,True,8.501204594392838e-05,11.609162673431811,24341,0.08501204594392839
3.148177,2,3488.138753,True,True,0.0001651045392282,12.285240129657192,24343,0.1651045392282
5.997998,3,3488.155741,True,True,0.002422472257155,6.980476831047424,24346,2.4224722571550004
9.22132,1,3489.762026,True,True,1.035505314429027e-05,1.2446679234309412,24347,0.01035505314429027
5.691416,4,3491.042622,True,True,0.0023378237196113,7.5221626358318865,24351,2.3378237196113
4.629646,1,3491.051011,True,True,0.0099295669541972,9.54275457732464,24352,9.929566954197199
4.4984,1,3492.657189,True,True,3.8827768777949245e-10,9.772102069865753,24353,3.8827768777949245e-07
7.205358,2,3494.114002,True,True,0.0047310714757793,3.871178957895194,24355,4.7310714757793
5.165681,1,3494.121377,True,True,0.0003428949737231,8.568337580592443,24356,0.34289497372309996
9.85307,1,3495.826771,True,True,1.14413939073469e-05,0.1029194727578214,24357,0.0114413939073469
7.38493,1,3497.002117,True,True,0.0003095369207313,4.562251108344797,24358,0.3095369207313
3.034717,2,3498.300364,True,True,0.0007372017178587,11.99132465524504,24360,0.7372017178587
2.792919,4,3498.303366,True,True,0.0005205759812946,13.328374202343644,24364,0.5205759812945999
2.908869,1,3499.935611,True,True,0.0037137269945206,12.641998058211048,24365,3.7137269945206
8.392464,1,3501.242534,True,True,0.0037055716775605,2.7465804523854893,24366,3.7055716775604997
3.463232,1,3502.456226,True,True,0.0034978053044652,11.64207962312229,24367,3.4978053044652
3.768351,4,3503.792945,True,True,0.0023911117741236,10.710253026488976,24371,2.3911117741236
9.408208,1,3503.799964,True,True,0.0047627731015077,0.9131547011728994,24372,4.7627731015077
8.172045,1,3505.456879,True,True,0.001566599189553,3.14219849644712,24373,1.566599189553
-0.023493,2,3506.702366,True,True,0.0053996548489848,17.607451326149057,24375,5.399654848984801
8.213231,2,3507.975426,True,True,4.630388626015308e-07,3.07685556943798,24377,0.0004630388626015308
6.89166,1,3509.400994,True,True,5.046411974836222e-06,5.452588191555169,24378,0.005046411974836223
3.246609,4,3510.658172,True,True,0.0073850416750059,11.690654828895472,24382,7.3850416750059
3.238884,3,3511.756974,True,True,0.0003960485674786,10.8821550366629,24385,0.3960485674786
-11.728874,21,3512.937416,True,True,0.0027650294687467,16.048050180785154,24406,2.7650294687467
7.612653,3,3514.224075,True,True,0.0047896730556434,3.347054901623108,24409,4.7896730556434
2.708364,1,3515.555289,True,True,1.031156889041984e-09,13.001149780817425,24410,1.031156889041984e-06
-23.790597,60,3516.886572,False,True,0.0056135622015592,30.226351860456923,24470,5.6135622015591995
7.720679,1,3516.899767,True,True,1.4865979509627245e-05,3.9555960395897314,24471,0.014865979509627245
9.619926,1,3518.565828,True,True,0.0001749872842785,0.5245411072744642,24472,0.1749872842785
3.220654,5,3519.807473,True,True,0.002276387237939,10.896767955247524,24477,2.276387237939
4.46811,1,3521.097146,True,True,0.0076044623555582,9.832500426333944,24478,7.6044623555582005
2.788804,2,3521.106145,True,True,0.0041911079570507,10.649481267790392,24480,4.191107957050701
1.767715,1,3522.680068,True,True,0.0016422663550969,14.6984858619413,24481,1.6422663550969
9.549289,2,3523.830084,True,True,0.0010833747228399,0.4943616403859894,24483,1.0833747228399
2.275136,1,3525.070327,True,True,7.185129588134274e-05,13.782509801746215,24484,0.07185129588134274
8.67372,12,3525.076293,True,True,0.00481850996566,2.755887381839897,24496,4.818509965660001
4.434776,2,3526.726837,True,True,0.0002170642914797,9.793621362837902,24498,0.2170642914797
4.789876,2,3526.735831,True,True,0.0027988024625825,9.257601885647864,24500,2.7988024625825
4.655904,1,3528.458184,True,True,0.0047409514712784,9.491673256813945,24501,4.7409514712784
6.91478,1,3528.473719,True,True,0.0003118855694789,5.411167102386951,24502,0.3118855694789
7.180849,2,3530.145866,True,True,0.0001349609066897,3.694346535184093,24504,0.1349609066897
1.217337,2,3531.629857,True,True,0.0100798222260834,15.581245027637522,24506,10.079822226083401
0.440283,9,3531.641845,True,True,0.0003758483380777,16.184945556415016,24515,0.37584833807769996
5.757113,2,3533.273213,True,True,0.000429429802456,7.468869780130359,24517,0.429429802456
6.098837,6,3533.284204,True,True,0.0024013468034339,4.305010883684356,24523,2.4013468034339
7.624409,3,3534.930199,True,True,0.004560708323315,3.6059725137645326,24526,4.560708323315
5.05506,1,3534.933213,True,True,0.0049956464085147,8.771780466111164,24527,4.9956464085147
4.818852,1,3536.672441,True,True,0.000741364946749,9.19451488187384,24528,0.741364946749
5.312406,2,3537.896537,True,True,0.008122109389524,7.256702762577775,24530,8.122109389524
5.823503,1,3537.900541,True,True,0.0021530804299019,7.382810896844474,24531,2.1530804299019
6.317741,1,3539.498044,True,True,0.0077098761427622,6.495776319086852,24532,7.7098761427622
-7.735298,11,3542.012592,True,True,0.0070849361018897,15.85415608514162,24543,7.0849361018897
8.089442,2,3543.295554,True,True,6.432590777414671e-05,3.3733910127533115,24545,0.0643259077741467
7.507014,1,3544.757565,True,True,0.0002175116894376,4.339352723366997,24546,0.21751168943760002
4.410599,1,3546.073558,True,True,0.0028140520622827,9.932734489297426,24547,2.8140520622826997
5.643796,1,3547.368193,True,True,0.0049895913027395,7.709557037182061,24548,4.9895913027395
4.144539,2,3548.624954,True,True,0.0001446962988006,9.44249194441973,24550,0.1446962988006
8.060462,1,3549.772795,True,True,0.0048359405835447,3.347371831724099,24551,4.8359405835447
3.193486,2,3551.049035,True,True,1.0073161055279556e-11,12.000083924615982,24553,1.0073161055279556e-08
9.201083,1,3552.290928,True,True,0.0024030867435669,1.2830018089748405,24554,2.4030867435669
6.175387,1,3553.41598,True,True,0.0015283540446979,6.747142685978766,24555,1.5283540446978998
8.850755,1,3554.811802,True,True,9.355171016027336e-05,1.9143502874957463,24556,0.09355171016027336
0.495363,1,3556.196171,True,True,0.0048418972971251,16.994029534269004,24557,4.8418972971251
7.53599,1,3557.579891,True,True,1.938337343772821e-05,4.289139191184178,24558,0.01938337343772821
2.979323,1,3558.861357,True,True,0.0001120767625553,12.512527879943828,24559,0.1120767625553
3.849331,1,3560.267728,True,True,0.0012099507771829,10.944024984241638,24560,1.2099507771829001
9.695325,3,3561.640276,True,True,0.0018662347686567,0.437981299539749,24563,1.8662347686567
4.360893,2,3562.961646,True,True,3.412033107712525e-05,8.439331326903535,24565,0.03412033107712525
7.104652,2,3564.571164,True,True,1.924918814310509e-05,4.619983345006742,24567,0.01924918814310509
6.084377,1,3565.801693,True,True,0.0049017598722896,6.9144635847928,24568,4.9017598722896
-28.993975,60,3567.188871,False,True,0.0045555774664873,23.424083614823974,24628,4.5555774664873
5.930464,1,3568.390356,True,True,0.0030725695254547,7.189544975503765,24629,3.0725695254547
-5.27629,10,3569.714178,True,True,0.0026502306927554,15.639079417307906,24639,2.6502306927554
4.4071,4,3571.067456,True,True,0.0063479307704542,9.459704384751252,24643,6.347930770454201
-29.091608,54,3572.384123,True,True,0.0007309812045955,15.445100863110875,24697,0.7309812045955
-0.834125,5,3573.655421,True,True,0.0045910905992727,16.9262817206854,24702,4.5910905992727
2.01608,2,3574.801548,True,True,0.0001033632256559,13.513694045867531,24704,0.1033632256559
1.634626,2,3576.023709,True,True,1.3287161942959e-05,14.81687582687943,24706,0.013287161942959
2.063118,9,3577.213872,True,True,0.0071429775378761,11.122888270264284,24715,7.142977537876099
2.466087,3,3578.41015,True,True,0.0024540640896322,13.212293403358233,24718,2.4540640896321997
4.978861,2,3578.423139,True,True,0.0040087353638995,8.373794688650333,24720,4.0087353638995005
4.205239,1,3580.155198,True,True,2.0302968802704542e-09,10.301026634162248,24721,2.030296880270454e-06
7.514329,1,3581.417453,True,True,0.000350302887573,4.328628267089964,24722,0.350302887573
4.251866,3,3581.424439,True,True,0.0009953295044367,9.91434328498631,24725,0.9953295044367
-1.390467,3,3583.130454,True,True,0.0023454300878415,17.616937166512177,24728,2.3454300878415
-26.15137,60,3584.378545,False,True,0.0095838266360319,22.7315454705055,24788,9.5838266360319
4.574845,3,3585.728758,True,True,0.001479969875867,9.32542348693502,24791,1.4799698758670001
5.224057,2,3586.822386,True,True,2.2164137762782816e-05,8.66982013903957,24793,0.022164137762782816
6.343534,1,3588.09147,True,True,5.830804957543227e-05,6.442201032230524,24794,0.05830804957543227
3.85692,3,3589.400596,True,True,6.457999066067366e-11,10.206433214880176,24797,6.457999066067366e-08
1.888371,1,3590.685407,True,True,0.0078130601585093,14.48441711937318,24798,7.8130601585093
6.134495,2,3590.686405,True,True,0.0038292776470095,6.33074750914641,24800,3.8292776470095
9.824692,1,3592.468101,True,True,2.0601665157216065e-05,0.1542267621805234,24801,0.020601665157216065
6.399493,1,3593.72295,True,True,0.0001233833974567,6.341249323858269,24802,0.1233833974567
4.235078,3,3595.264265,True,True,0.0044810893113632,10.165838013010829,24805,4.4810893113632
4.200907,2,3596.708924,True,True,0.0009164436022775,9.897919690607814,24807,0.9164436022775
2.98714,17,3598.132102,True,True,0.0064959635674048,3.08042122694494,24824,6.4959635674048
7.590596,2,3599.520626,True,True,0.0091887133758857,5.323496249656626,24826,9.188713375885701
4.467874,1,3600.919132,True,True,0.0045926032632833,9.830753524090516,24827,4.5926032632833005
3.158765,2,3602.183397,True,True,3.310549022114321e-05,11.957190416589205,24829,0.03310549022114321
-2.02283,6,3603.662831,True,True,0.0028219181996095,14.810222601207755,24835,2.8219181996095
6.335155,1,3605.069869,True,True,0.0067723430087498,6.463549588119456,24836,6.772343008749799
-22.006259,21,3605.084548,True,True,0.004856080394153,15.79865989842379,24857,4.8560803941529995
3.344547,2,3607.174286,True,True,0.0005126995978817,11.727771794962209,24859,0.5126995978817
7.212751,1,3608.667872,True,True,0.0001203414846167,4.872952519744352,24860,0.12034148461670001
4.529989,3,3608.680861,True,True,0.0044926775936109,6.247858142895778,24863,4.4926775936109
5.449489,2,3610.447572,True,True,0.0039837210488865,7.926280734492454,24865,3.9837210488865
-6.569349,8,3611.991321,True,True,0.0097369918887083,14.733650005026334,24873,9.7369918887083
2.791345,1,3613.364121,True,True,0.0014637098589292,12.852474622660152,24874,1.4637098589292
5.344025,1,3614.710258,True,True,2.5994664822637963e-05,8.245729999723252,24875,0.025994664822637962
-10.883963,27,3614.720252,True,True,0.0049955124302411,10.415983191945838,24902,4.9955124302411
8.504096,1,3616.550809,True,True,0.0046970197818961,2.5461070257851013,24903,4.6970197818961
-1.61895,4,3617.936268,True,True,0.0002048241716476,17.200401603456722,24907,0.2048241716476
8.601417,5,3619.430512,True,True,0.0025425800318441,3.7409776004945496,24912,2.5425800318441
6.357628,1,3620.903467,True,True,0.0006081730128973,6.417301625034686,24913,0.6081730128973001
4.069067,1,3622.269113,True,True,0.0095645611869274,10.553498564303192,24914,9.5645611869274
1.932657,4,3622.278019,True,True,0.0030865788900267,13.86672891164895,24918,3.0865788900266997
1.667474,1,3624.141153,True,True,0.00960314367854,14.883551099103103,24919,9.60314367854
2.795587,2,3625.444733,True,True,0.0010006587755861,12.720603476813668,24921,1.0006587755861
8.302397,1,3625.455724,True,True,0.0046303799492691,2.910275334055733,24922,4.6303799492691
4.124421,2,3627.316148,True,True,0.0012808296785659,10.85320592611263,24924,1.2808296785659
-24.353298,60,3628.841466,False,True,0.0142818960323143,9.410120200970226,24984,14.281896032314298
4.614157,2,3630.164086,True,True,0.0005374593353613,9.6854874781987,24986,0.5374593353613001
6.605358,2,3631.515947,True,True,0.0094022919017939,5.676193756213444,24988,9.4022919017939
7.14852,2,3632.888462,True,True,1.6793954473292476e-05,5.239418835094328,24990,0.016793954473292474
7.594215,1,3634.383012,True,True,0.0001658694736644,4.18415621876442,24991,0.1658694736644
1.402738,4,3635.947251,True,True,0.0029548427720361,14.7572888311073,24995,2.9548427720361
4.676244,1,3637.344615,True,True,0.0002456639334128,9.451418692602012,24996,0.2456639334128
2.60987,11,3640.074937,True,True,0.0117268501643432,11.225860346972722,25007,11.7268501643432
2.029694,1,3641.512824,True,True,0.0025654277394939,14.226656212043316,25008,2.5654277394939
3.012146,1,3642.813429,True,True,0.0047311957955381,12.45486394619757,25009,4.731195795538101
3.11021,1,3644.068542,True,True,0.0005156183039788,12.276735459454532,25010,0.5156183039788
-20.682753,60,3645.60605,False,True,0.0071896919117977,24.538090830765764,25070,7.189691911797699
3.442932,1,3647.018267,True,True,0.0060244367779782,11.680371605777191,25071,6.024436777978201
5.914228,1,3648.827073,True,True,0.0057707829047435,7.222246436057637,25072,5.7707829047435
1.587922,2,3650.326054,True,True,1.1682425860026768e-11,14.62282778498235,25074,1.1682425860026768e-08
7.581559,1,3651.710288,True,True,0.0099941771802686,4.217065334916971,25075,9.9941771802686
-23.501457,60,3653.4525,False,True,0.0179215633992288,39.28848189334545,25135,17.921563399228802
-32.760895,60,3654.8273,False,True,3.390623955694177e-05,6.322848480619724,25195,0.033906239556941775
9.82494,1,3656.157923,True,True,0.0029905568872951,0.1579092002855776,25196,2.9905568872951
-0.727073,4,3657.596685,True,True,0.0049692639172594,16.791401582611314,25200,4.9692639172594
9.11845,1,3658.859239,True,True,1.9535263861026123e-05,1.4305663349998716,25201,0.019535263861026123
7.117511,2,3658.868221,True,True,0.0022221578860187,3.6736923324823794,25203,2.2221578860187
8.641046,1,3660.627395,True,True,0.0005139590617491,2.2937554526964647,25204,0.5139590617491
8.569352,1,3660.637388,True,True,6.058453539642449e-06,2.422638340439561,25205,0.006058453539642449
7.379564,1,3662.325754,True,True,1.0777598205761844e-06,4.571600567311653,25206,0.0010777598205761844
4.56427,1,3663.622819,True,True,0.0002104302156965,9.6503422143637,25207,0.2104302156965
5.411067,3,3664.884313,True,True,0.0033591060271891,6.736466682768363,25210,3.3591060271891
3.518366,2,3666.032285,True,True,0.0043898228602939,11.39264648175866,25212,4.3898228602939
-1.978293,2,3667.244729,True,True,0.0027809156492436,17.500531691420132,25214,2.7809156492436
5.235325,2,3668.449756,True,True,3.2361592681093287e-06,8.324212458393193,25216,0.0032361592681093287
6.24188,1,3669.658546,True,True,0.0049281350735082,6.630254186834658,25217,4.9281350735082
4.892805,2,3669.669538,True,True,0.0001154274727005,8.400313860265788,25219,0.11542747270050001
9.620338,1,3671.38846,True,True,0.0014933598510741,0.525614449625273,25220,1.4933598510741
1.720631,1,3671.402441,True,True,0.0012768349824891,14.783166821081185,25221,1.2768349824890999
9.080602,1,3673.292533,True,True,0.0046987327967849,1.5048690570586292,25222,4.6987327967849
4.649475,1,3673.30452,True,True,4.933328964090711e-09,9.499514626027144,25223,4.933328964090711e-06
8.285045,1,3675.040063,True,True,0.0019239237730582,2.9385243711308737,25224,1.9239237730582
8.723895,2,3676.671621,True,True,0.0070956298222961,2.4252434100950526,25226,7.0956298222961
-36.742255,60,3678.648186,False,True,0.0092376509688612,28.032226240884683,25286,9.2376509688612
2.04105,1,3680.229673,True,True,0.0012508760851792,14.205380878962831,25287,1.2508760851792
8.108425,4,3681.907264,True,True,0.0036385712775986,3.6041392465561897,25291,3.6385712775986
2.911722,3,3683.522519,True,True,0.0009681333033,12.250297560795342,25294,0.9681333032999999
8.166211,2,3685.218446,True,True,8.172839591241384e-05,3.258493946217655,25296,0.08172839591241385
9.773959,1,3686.6765,True,True,0.0027327455274054,0.2496866173845457,25297,2.7327455274054
4.775537,1,3688.281259,True,True,5.5168628516294536e-05,9.272098186484074,25298,0.05516862851629453
-24.71114,60,3690.13612,False,True,0.0083771751104075,23.50274962165767,25358,8.3771751104075
6.202737,3,3691.949133,True,True,0.0003146463428834,4.779563367014814,25361,0.31464634288340004
5.79165,2,3691.957414,True,True,0.0047527790429522,5.847463606115358,25363,4.7527790429522
2.153871,1,3694.063298,True,True,0.0050526258656457,14.004218394628973,25364,5.0526258656457
6.044534,2,3695.534819,True,True,5.3684962074465256e-05,5.866975087249614,25366,0.053684962074465256
7.960698,1,3697.100347,True,True,0.0007637724013815,3.522976438457013,25367,0.7637724013815
8.8188,2,3698.649643,True,True,0.002389317712895,1.3727612080808376,25369,2.389317712895
6.576514,1,3700.233276,True,True,0.0049574237286973,6.026353761882223,25370,4.9574237286973
6.143107,1,3701.875917,True,True,0.0007354683936181,6.80465317537632,25371,0.7354683936181
8.59179,1,3703.432853,True,True,1.4838295879704077e-06,2.382097983879961,25372,0.0014838295879704077
6.318604,1,3704.921662,True,True,0.0013661125594733,6.488481466422933,25373,1.3661125594733
0.91369,7,3707.092873,True,True,0.0069667767173538,14.506624192959087,25380,6.9667767173538
0.367096,1,3708.892033,True,True,0.0045969328777466,17.225117228914943,25381,4.5969328777466
4.677399,1,3710.482139,True,True,0.0044497784525143,9.452675260612423,25382,4.4497784525143
1.791371,1,3712.071076,True,True,0.0053644297828383,14.657965936378334,25383,5.364429782838299
1.440846,4,3714.08112,True,True,0.0063034945128345,14.6559846519074,25387,6.3034945128345
-30.06156,60,3715.734899,False,True,0.0018257156806647,7.905485149451734,25447,1.8257156806647001
-18.902968,60,3717.426424,False,True,0.0381621077073581,30.298385690450967,25507,38.1621077073581
7.178039,1,3718.948945,True,True,2.747862649291402e-06,4.935503059035312,25508,0.002747862649291402
4.906386,7,3718.956569,True,True,0.0048530115162728,6.74496377454678,25515,4.8530115162728
7.485509,1,3720.911922,True,True,0.0002373147721146,4.380545226957588,25516,0.2373147721146
0.476607,5,3720.921911,True,True,0.0005855261085849,16.35794695933264,25521,0.5855261085849001
6.952399,1,3722.91101,True,True,0.0024355478221941,5.34543404462333,25522,2.4355478221941
4.692316,2,3724.627,True,True,0.0025200308685108,9.12617471427014,25524,2.5200308685108
8.218153,4,3726.211077,True,True,8.669482160403915e-05,3.113367207701827,25528,0.08669482160403916
2.275215,1,3726.221407,True,True,0.0093923328799581,13.787860039449177,25529,9.392332879958099
5.664874,4,3728.094989,True,True,0.0003077796577324,6.225997326077896,25533,0.3077796577324
9.443049,1,3729.591668,True,True,0.0001057386710669,0.8429606167114496,25534,0.1057386710669
5.595049,1,3731.099351,True,True,0.0094825356515957,7.801079359875988,25535,9.482535651595699
1.34733,5,3732.751088,True,True,0.0007949739226998,12.708002787929376,25540,0.7949739226997999
0.384822,2,3734.546125,True,True,0.0025094481968206,16.830058718197364,25542,2.5094481968205997
4.478918,1,3736.175805,True,True,0.0045712140001178,9.810815767060095,25543,4.5712140001178
10.308723,6,3739.18834,True,True,5.6789508786847086e-05,1.00239175726933,25549,0.05678950878684709
9.803734,1,3740.913541,True,True,7.357074938070659e-06,0.1920897487704258,25550,0.007357074938070659
4.884319,1,3742.952809,True,True,4.907297242173757e-10,9.075761119479196,25551,4.907297242173757e-07
5.329233,2,3744.69095,True,True,3.5556928434802085e-06,7.828942381183592,25553,0.0035556928434802085
5.674398,1,3746.489564,True,True,0.0001664129238789,7.650099855687817,25554,0.1664129238789
8.631725,2,3748.198331,True,True,3.7298614414629262e-06,2.497467203194637,25556,0.0037298614414629262
4.598211,1,3749.865798,True,True,6.4965862099641836e-09,9.592013119665358,25557,6.4965862099641836e-06
9.017295,1,3751.662619,True,True,0.0052318096794027,1.6198542364277355,25558,5.2318096794027005
3.661086,1,3753.298584,True,True,4.79650775044374e-10,11.282696952371843,25559,4.79650775044374e-07
-20.598525,60,3754.961756,False,True,0.0211580367614609,6.737592256372704,25619,21.1580367614609
3.601399,1,3756.498195,True,True,0.0004261386340066,11.390683064292602,25620,0.4261386340066
1.426706,2,3757.890023,True,True,0.0004850651246048,15.13891613982574,25622,0.4850651246048
5.791674,1,3759.237548,True,True,0.00938610680709,7.446290795977411,25623,9.38610680709
2.964208,3,3760.472258,True,True,0.0023380672902802,12.176305223790324,25626,2.3380672902802
-5.205954,10,3761.957172,True,True,0.0023836763005087,16.15032358705391,25636,2.3836763005087
7.972737,1,3763.167948,True,True,0.0003604170095066,3.500762443363413,25637,0.3604170095066
9.027301,1,3764.400606,True,True,0.0047084399093228,1.6011576800720009,25638,4.7084399093228
0.117745,2,3765.66073,True,True,0.0087016021011513,17.564508107022785,25640,8.7016021011513
5.258446,2,3766.783877,True,True,0.0047516051482435,8.27388000735967,25642,4.7516051482435
4.25803,1,3767.88088,True,True,0.0049098125769535,10.209509979098002,25643,4.9098125769535
9.498229,1,3769.217638,True,True,0.0053911339192895,0.7513123598731527,25644,5.3911339192895
8.26114,1,3770.637864,True,True,5.516439491285233e-05,2.9794733959489865,25645,0.05516439491285233
3.875588,1,3771.889639,True,True,0.0003954560213854,10.896044757124674,25646,0.3954560213854
3.261684,1,3773.280568,True,True,6.084158652624929e-05,12.003198512485469,25647,0.06084158652624929
-23.314273,60,3774.584859,False,True,0.0099526860752248,22.223139027682272,25707,9.9526860752248
3.109529,5,3774.592864,True,True,0.0024041952249583,12.407614713299337,25712,2.4041952249582996
4.650032,1,3776.304712,True,True,0.0026165344945457,9.500627461555556,25713,2.6165344945457
0.227842,1,3776.313699,True,True,0.0052596847180208,17.47643677186883,25714,5.259684718020799
6.022593,2,3777.972076,True,True,0.0045248129668434,6.891239400312543,25716,4.5248129668434
3.05433,2,3777.978078,True,True,0.0040303934891011,12.179827054061583,25718,4.0303934891011
9.678971,1,3779.689184,True,True,2.1564649111700116e-05,0.4176101292989557,25719,0.021564649111700116
5.436006,2,3780.859179,True,True,0.0005224010533886,8.271693654862018,25721,0.5224010533886
1.893871,1,3780.866182,True,True,0.0049124749737633,14.47291449459204,25722,4.9124749737633
6.182271,1,3782.587159,True,True,0.0044344482872583,6.737388828005011,25723,4.4344482872583
-23.636827,60,3783.768458,False,True,0.0022206471167264,13.035115197387722,25783,2.2206471167263997
1.798246,1,3783.784436,True,True,7.131746582178522e-12,14.642439759534758,25784,7.131746582178522e-09
8.831439,2,3783.785444,True,True,2.8579813579408635e-05,1.208105616717807,25786,0.028579813579408635
3.072332,1,3785.408063,True,True,0.0042007618079063,12.34752778497526,25787,4.2007618079063
2.915843,1,3785.413078,True,True,0.0026415911051014,12.628725112872266,25788,2.6415911051013996
9.340666,1,3785.418105,True,True,0.004876171879511,1.0353086266254246,25789,4.876171879511
7.480056,1,3787.061779,True,True,6.9097665449931005e-06,4.390135243969345,25790,0.0069097665449931005
4.836281,2,3788.299576,True,True,0.0006386639256172,8.401052018404284,25792,0.6386639256172
3.000921,2,3788.305562,True,True,0.0045861895032216,12.24774260080278,25794,4.5861895032216
2.65472,1,3788.310575,True,True,0.0028937203623869,13.09979291273642,25795,2.8937203623868997
6.577577,2,3789.99318,True,True,1.89943103744432e-05,5.228612781248082,25797,0.0189943103744432
2.618236,2,3790.000183,True,True,0.0002829961998422,12.966959016568955,25799,0.28299619984220004
6.780896,3,3791.663353,True,True,6.046530498987992e-05,5.133782593054405,25802,0.06046530498987992
6.930146,1,3791.670336,True,True,3.756498614436443e-05,5.383135411487899,25803,0.03756498614436443
2.014796,1,3791.676343,True,True,0.0033035701588882,14.253957966982885,25804,3.3035701588882
2.867532,1,3793.361056,True,True,0.0005972775294997,12.714488347543115,25805,0.5972775294996999
5.758428,1,3793.367042,True,True,3.205199723852988e-05,7.498313863519481,25806,0.03205199723852988
7.000154,2,3795.112939,True,True,0.0049372236190351,5.61282746515931,25808,4.9372236190351
6.149443,2,3796.228257,True,True,0.0048354470376033,6.914978089089729,25810,4.8354470376033
1.70488,3,3797.437271,True,True,0.0094962826815734,15.028516708223783,25813,9.4962826815734
6.08688,1,3798.71361,True,True,0.0034393002983188,6.908647495362237,25814,3.4393002983188
-30.306551,60,3800.022528,False,True,0.011394646607092,30.084844547057365,25874,11.394646607092
7.948604,4,3801.183442,True,True,0.001380033193014,3.810368544278354,25878,1.3800331930140002
8.923728,2,3802.393017,True,True,0.0012663238704321,1.2436404225855469,25880,1.2663238704321
8.710826,2,3803.599723,True,True,4.337617884096409e-06,2.5345493413986104,25882,0.004337617884096409
5.607835,1,3803.60374,True,True,0.0001769268141129,7.770243319946159,25883,0.1769268141129
-10.451335,9,3803.606726,True,True,0.0019669769483872,17.92433444512001,25892,1.9669769483872
5.674596,1,3805.276401,True,True,0.0023030821195392,7.651671344983781,25893,2.3030821195391997
2.983205,2,3806.540209,True,True,0.0001486873501838,12.380364673491584,25895,0.1486873501838
3.513351,1,3807.752325,True,True,0.0012455732904614,11.550102608622607,25896,1.2455732904614
2.568954,2,3807.753323,True,True,0.0042967514016554,13.18947466561434,25898,4.2967514016554
3.669657,4,3809.615071,True,True,0.0071626660302491,10.223584813526337,25902,7.1626660302491
8.870969,1,3809.621083,True,True,0.0011083333614168,1.8791274015030648,25903,1.1083333614168
5.011034,1,3809.623081,True,True,0.0050611220140814,8.85125816788568,25904,5.061122014081399
6.590673,1,3811.187835,True,True,0.0005119158427471,5.996510368852019,25905,0.5119158427471
9.72043,1,3811.188828,True,True,0.0019072956335699,0.3452984478901503,25906,1.9072956335698998
3.954635,1,3812.900579,True,True,0.0044192874066401,10.75640541151441,25907,4.4192874066401
4.285554,1,3814.105471,True,True,0.0049496787843207,10.159891721702104,25908,4.9496787843207
6.888396,4,3815.270915,True,True,3.0308645757827143e-06,4.62953257677004,25912,0.0030308645757827143
6.056604,1,3816.498911,True,True,0.0046465537597695,6.964359225648909,25913,4.646553759769501
3.964988,1,3817.655293,True,True,0.0009726159298696,10.73520874762274,25914,0.9726159298696
3.307905,4,3818.870214,True,True,0.0032743833375399,11.803367541525526,25918,3.2743833375399003
2.113287,2,3820.101704,True,True,0.0001753373860204,13.952358088288833,25920,0.1753373860204
6.665623,1,3820.101711,True,True,0.0002347142664046,5.860921701608166,25921,0.2347142664046
5.038828,1,3821.834081,True,True,0.0095130741144168,8.804444252627823,25922,9.513074114416801
8.410751,1,3823.05475,True,True,0.004381952055303,2.714324736523027,25923,4.381952055303
7.582909,3,3824.217067,True,True,0.0052765703908009,3.285944063814187,25926,5.2765703908009
8.25093,1,3824.219103,True,True,1.67596353830516e-06,2.997851571130948,25927,0.00167596353830516
3.356967,1,3825.977263,True,True,0.0006410334615038,11.831746299677029,25928,0.6410334615037999
8.713831,1,3825.982268,True,True,1.7187849190268556e-06,2.161614470847899,25929,0.0017187849190268556
4.09774,2,3827.778568,True,True,1.515374428370797e-09,10.263400119726931,25931,1.515374428370797e-06
7.416582,2,3827.79254,True,True,0.0046300223807536,3.940334675562141,25933,4.6300223807536
9.715235,6,3829.642262,True,True,0.0022926420017033,1.2988459980343874,25939,2.2926420017033
8.407163,1,3830.698519,True,True,7.847256576014837e-05,2.715724915675978,25940,0.07847256576014837
6.465757,1,3831.865474,True,True,0.0046928074923719,6.226005977786061,25941,4.692807492371901
3.0522,1,3833.113438,True,True,1.8723073785809063e-10,12.38100514734024,25942,1.8723073785809063e-07
3.204711,2,3834.255697,True,True,0.00479953716943,10.549243136741156,25944,4.79953716943
2.897201,11,3834.25918,True,True,0.0061938184608839,5.12286178511071,25955,6.1938184608839
2.500515,1,3835.796013,True,True,0.004517285571376,13.3788683832602,25956,4.517285571376
2.346903,2,3837.183722,True,True,9.998352635404162e-09,13.44946383968475,25958,9.998352635404162e-06
7.18526,1,3838.343075,True,True,0.0057610076010474,4.928362996189396,25959,5.7610076010474
3.136141,1,3839.580265,True,True,0.007224746655999,12.234364165403466,25960,7.224746655999
6.469469,4,3840.782423,True,True,0.0044633503866005,5.499657806624596,25964,4.4633503866005
9.679709,1,3841.992396,True,True,0.0005938160350734,0.417080197131558,25965,0.5938160350734
4.992632,1,3843.183855,True,True,0.0027778222660367,8.882639999490168,25966,2.7778222660367002
4.817979,2,3844.463099,True,True,0.0023326772499607,8.950078616614505,25968,2.3326772499607
1.022789,6,3845.603201,True,True,0.004788117471188,10.629785943379362,25974,4.7881174711879995
-4.342509,34,3845.610204,True,True,0.0026472737330306,12.501719481809909,26008,2.6472737330306
7.426247,2,3847.27388,True,True,0.0001757401795092,4.341288472063924,26010,0.1757401795092
8.076899,1,3847.279907,True,True,0.0023961463098778,3.314988615839693,26011,2.3961463098778
8.511581,1,3848.97546,True,True,0.0022757269043882,2.5297726989685136,26012,2.2757269043881996
-0.644956,3,3850.234085,True,True,5.356094040835733e-05,17.67826891619401,26015,0.05356094040835733
1.875563,2,3850.242145,True,True,0.0001810648753051,12.409610748621066,26017,0.18106487530510001
5.721815,1,3851.800698,True,True,0.0043854848486151,7.568269903114981,26018,4.3854848486151
3.271797,1,3851.810683,True,True,3.7509807602943744e-05,11.984939547648668,26019,0.03750980760294374
3.988492,1,3853.45774,True,True,0.0002031047071954,10.692218386747706,26020,0.2031047071954
4.014315,1,3853.46574,True,True,0.0048338778270157,10.649054053469124,26021,4.833877827015701
6.828686,1,3855.213901,True,True,9.825977621984e-06,5.566293464897533,26022,0.009825977621984
5.85506,1,3856.361466,True,True,0.0047812873395256,7.328170605873087,26023,4.7812873395255995
6.046839,2,3856.371466,True,True,0.0095578961140277,6.855868520747399,26025,9.5578961140277
-0.412781,2,3858.051398,True,True,0.0024585765883836,17.10831682072397,26027,2.4585765883836004
5.571695,2,3858.057403,True,True,2.71322984653731e-06,7.936520571341737,26029,0.00271322984653731
8.095507,1,3859.799986,True,True,1.2730438269400663e-05,3.2786047584152875,26030,0.012730438269400663
8.257806,1,3859.808991,True,True,2.0260656921275436e-08,2.9854284604550183,26031,2.0260656921275436e-05
8.148908,1,3861.43489,True,True,0.0003252269423771,3.182522812799943,26032,0.3252269423771
3.18915,1,3861.442891,True,True,0.0002215066166393,12.134143898327572,26033,0.22150661663930002
5.070264,1,3863.202158,True,True,0.0015956296583094,8.741587050266363,26034,1.5956296583093998
6.776462,1,3863.208162,True,True,0.0003362893437427,5.660919591068209,26035,0.33628934374270003
-40.146519,60,3864.916122,False,True,0.0426483675225893,30.67534032764764,26095,42.6483675225893
8.821762,1,3864.923108,True,True,4.744093296101155e-05,1.966673458964912,26096,0.04744093296101155
4.25891,1,3866.608201,True,True,0.0001530881381994,10.204317783280082,26097,0.1530881381994
7.531554,2,3866.62119,True,True,0.0013952199086081,3.0377332199930485,26099,1.3952199086081
5.682525,2,3869.102116,True,True,0.0047796049950655,7.7434410147897,26101,4.7796049950655
1.947739,1,3870.26112,True,True,0.0048743820566782,14.375770588292191,26102,4.874382056678201
5.862859,1,3871.344869,True,True,0.0049880179078164,7.3142744234174675,26103,4.9880179078164
9.317225,1,3872.550253,True,True,0.0007138526870461,1.0723087229690618,26104,0.7138526870460999
4.270353,4,3872.556256,True,True,0.0044165741636107,9.698195886761276,26108,4.4165741636107
0.559786,1,3874.335422,True,True,0.0006949628786813,16.875784260663853,26109,0.6949628786812999
9.8114,1,3874.34342,True,True,0.0005523465385382,0.1790093184379112,26110,0.5523465385382
7.356032,1,3875.949977,True,True,0.0047674699089148,4.619114509745728,26111,4.7674699089148005
9.503009,1,3875.96298,True,True,0.0001281146504119,0.735776751282117,26112,0.1281146504119
7.323842,1,3877.616826,True,True,0.0050135810231084,4.677470984148024,26113,5.0135810231084
3.046009,1,3877.622844,True,True,3.632474581544143e-10,12.392170030465175,26114,3.632474581544143e-07
4.087884,1,3879.348848,True,True,0.0049617927028796,10.516447323790988,26115,4.9617927028796
3.682765,1,3880.518055,True,True,0.0094949442629864,11.25007689460048,26116,9.4949442629864
2.010107,2,3880.524067,True,True,0.0029553503866713,13.885332611818834,26118,2.9553503866713
6.178695,1,3882.377602,True,True,1.7442076421984518e-05,6.738531023298833,26119,0.017442076421984518
7.804238,1,3882.383601,True,True,0.0050451731172082,3.810224040930037,26120,5.0451731172082
8.539242,1,3884.06758,True,True,0.0001000260909482,2.4771522304053497,26121,0.1000260909482
8.144241,1,3885.22709,True,True,0.0067868399351862,3.1981768430562387,26122,6.7868399351862
2.765158,1,3886.375812,True,True,0.0002255872553964,12.89887220573336,26123,0.2255872553964
3.331012,1,3887.537836,True,True,4.109675204311269e-09,11.878101652829884,26124,4.109675204311269e-06
8.133373,2,3888.817819,True,True,1.596638861736492e-06,2.999279976359901,26126,0.001596638861736492
9.586819,1,3889.96769,True,True,8.096134331454785e-07,0.5841321972032996,26127,0.0008096134331454785
0.563034,2,3891.141803,True,True,0.0047647567921376,16.495418879866868,26129,4.764756792137599
6.610662,1,3892.339923,True,True,0.000385534122543,5.960296810750531,26130,0.38553412254299996
5.503179,1,3893.604136,True,True,0.0003480708995405,7.959278010275128,26131,0.3480708995405
6.066693,1,3894.734281,True,True,0.0001908607405528,6.942060007826684,26132,0.1908607405528
2.595664,1,3895.990173,True,True,0.0035487948659217,13.206699560659995,26133,3.5487948659216997
4.886879,14,3897.160071,True,True,0.002181358237229,8.098463715996434,26147,2.181358237229
4.768333,1,3897.167074,True,True,0.0003280201458394,9.284399992722864,26148,0.32802014583940003
7.735675,1,3898.744559,True,True,0.0019660299045432,3.930624112434972,26149,1.9660299045432001
0.650603,9,3900.155245,True,True,0.0005781930564623,14.58240654518992,26158,0.5781930564623
2.967369,7,3901.457568,True,True,0.0017719026649819,6.994380391666936,26165,1.7719026649818999
3.17774,2,3902.686175,True,True,0.0050046144942996,12.227645490578748,26167,5.0046144942996
5.58728,1,3903.84758,True,True,0.0006495230911966,7.807595140218167,26168,0.6495230911966
2.591743,2,3905.111066,True,True,3.993541519813678e-06,12.71212118869316,26170,0.003993541519813678
8.264308,1,3906.319398,True,True,4.966055180775225e-07,2.97311156259568,26171,0.0004966055180775225
8.204154,1,3907.413219,True,True,0.0001023586511515,3.0824662788823938,26172,0.1023586511515
-29.83835,60,3907.418224,False,True,0.0312295080602952,21.00809907691656,26232,31.2295080602952
7.94991,1,3909.019387,True,True,0.0047592039213652,3.546905257322368,26233,4.7592039213652
6.815106,3,3910.169706,True,True,0.0094189532391351,6.680248680890547,26236,9.4189532391351
0.906769,5,3911.285266,True,True,0.0020707557171445,16.326495703493414,26241,2.0707557171445
1.69766,6,3912.552971,True,True,0.0024923649573833,14.36336632357154,26247,2.4923649573833
7.790901,1,3913.800881,True,True,0.0001430437042547,3.826010443407776,26248,0.1430437042547
6.048715,4,3913.805886,True,True,0.0003478226786073,5.722570167097742,26252,0.3478226786073
5.781796,1,3915.626867,True,True,0.0012269001558573,7.457241821472668,26253,1.2269001558572998
8.267443,1,3915.630855,True,True,0.0088801565021014,2.9779075785148,26254,8.8801565021014
-24.458793,60,3917.276399,False,True,0.0219615861666263,11.544271064397332,26314,21.9615861666263
4.933658,1,3917.280383,True,True,0.0046651855308564,8.990542876895177,26315,4.6651855308564
1.344598,1,3917.29038,True,True,0.0002942883403014,15.46060633463781,26316,0.2942883403014
8.456375,1,3919.135421,True,True,8.554665543113871e-05,2.6268340567722728,26317,0.08554665543113871
7.774219,1,3919.14041,True,True,7.037404201032617e-05,3.8589650702464313,26318,0.07037404201032617
7.510019,1,3919.145415,True,True,1.1866877554713058e-06,4.33602042690638,26319,0.0011866877554713058
4.393715,2,3920.695707,True,True,0.0001418838452866,9.904493283498836,26321,0.1418838452866
3.667991,2,3920.701125,True,True,0.0004815752110621,11.449179908975132,26323,0.4815752110621
3.361596,1,3922.548203,True,True,6.939855148879737e-10,11.822936118014946,26324,6.939855148879737e-07
6.999657,1,3922.558192,True,True,2.2600362031523907e-05,5.257614688460921,26325,0.022600362031523907
4.800478,1,3924.328923,True,True,0.0037472993067229,9.230094044223067,26326,3.7472993067229
-24.710399,60,3926.15387,False,True,0.0067020974997948,18.565634411254063,26386,6.7020974997947995
9.031804,7,3927.477176,True,True,2.629264338575073e-05,0.7708551750664255,26393,0.02629264338575073
7.644824,1,3928.62607,True,True,2.8380194203087364e-05,4.092603581344961,26394,0.028380194203087364
7.300581,1,3929.826075,True,True,0.0009465390474954,4.715253692781345,26395,0.9465390474954
8.462152,1,3931.010702,True,True,3.593331641671784e-05,2.6163368958487347,26396,0.03593331641671784
6.234079,1,3932.13143,True,True,0.0047693328282223,6.644102669396141,26397,4.7693328282223
0.01809,6,3933.551496,True,True,0.0019539478280776,17.10329050068004,26403,1.9539478280776001
-3.814124,8,3934.995406,True,True,0.0045298873133144,17.304054896358334,26411,4.529887313314401
1.938444,3,3936.28576,True,True,0.0021660943220642,14.27252983021519,26414,2.1660943220642
6.561731,1,3937.414079,True,True,7.628815071976901e-06,6.048249614393595,26415,0.007628815071976901
2.915096,1,3938.672521,True,True,0.0004833420785876,12.62862439578912,26416,0.48334207858760003
4.777647,1,3939.894967,True,True,0.0050894558266086,9.272316309697434,26417,5.089455826608599
7.858944,1,3941.070265,True,True,0.0001794092686234,3.706072599300733,26418,0.1794092686234
0.606995,3,3942.28737,True,True,0.0015589083226412,16.107816373367132,26421,1.5589083226412
-34.833419,60,3943.533566,False,True,0.0145864704867606,27.734968341099584,26481,14.5864704867606
1.689125,3,3944.70908,True,True,3.931118278122092e-09,15.064059181402966,26484,3.931118278122092e-06
4.631706,1,3944.715088,True,True,0.0038807858216661,9.53467209057938,26485,3.8807858216661
-32.891954,60,3946.490293,False,True,0.000180308987143,30.546775972071732,26545,0.180308987143
3.318631,2,3946.497296,True,True,6.989011626379327e-11,11.773874093664205,26547,6.989011626379327e-08
-22.432726,60,3948.222389,False,True,0.005313521970604,24.178938732016125,26607,5.3135219706039996
4.449038,1,3948.230295,True,True,0.0048211822609781,9.864900526919776,26608,4.8211822609781
5.610369,1,3949.943392,True,True,1.4247346610644918e-08,7.765507405420364,26609,1.4247346610644918e-05
2.895082,2,3949.950395,True,True,0.0045269710225737,12.713682900030276,26611,4.5269710225737
6.675151,1,3951.606063,True,True,2.290458722740106e-05,5.843502269272988,26612,0.02290458722740106
2.945048,5,3951.612091,True,True,0.0032000339568604,11.929792974919978,26617,3.2000339568604
3.412068,3,3954.345493,True,True,0.0046705359502628,11.469900025810508,26620,4.6705359502628
6.146697,3,3955.538743,True,True,0.0093037626427341,6.283520684239434,26623,9.3037626427341
7.03273,1,3955.546751,True,True,8.705400403910633e-05,5.19796819312938,26624,0.08705400403910632
4.108836,6,3957.153814,True,True,0.0026405892473744,9.981184172403047,26630,2.6405892473744
2.270582,1,3957.167807,True,True,0.004722256951222,13.793589255852693,26631,4.722256951222
9.366337,1,3958.925542,True,True,5.785147283684719e-06,0.9826024287803664,26632,0.005785147283684719
6.617317,2,3958.928529,True,True,0.0016662169178859,6.2337154223591575,26634,1.6662169178858999
1.72915,5,3958.931532,True,True,0.002525296180391,12.724074748549612,26639,2.525296180391
4.117225,1,3960.77478,True,True,0.0003967639610186,10.460126108661152,26640,0.3967639610186
10.015478,2,3961.837513,True,True,0.0047749798169171,0.4939363622882208,26642,4.7749798169171
4.19448,1,3962.941363,True,True,0.0001347391581941,10.320544266115942,26643,0.1347391581941
3.232064,1,3964.184503,True,True,0.0005450895217837,12.056969819508767,26644,0.5450895217837001
2.543993,3,3964.195494,True,True,0.004889454403994,12.468186668243392,26647,4.889454403994001
2.101137,1,3965.851028,True,True,0.0004549306038423,14.096532339765998,26648,0.4549306038423
7.263573,1,3966.963325,True,True,0.0096164565144007,4.790615308592719,26649,9.6164565144007
2.350474,6,3966.967318,True,True,0.0022830755542059,12.983451012523762,26655,2.2830755542058996
6.103478,2,3966.974316,True,True,2.359616873583853e-06,6.03920647036473,26657,0.002359616873583853
4.58629,1,3968.583034,True,True,3.9809260785209424e-06,9.61352433882668,26658,0.0039809260785209424
8.167684,2,3969.755371,True,True,2.0569398490801133e-05,2.9972615585042086,26660,0.02056939849080113
3.136584,3,3969.760376,True,True,0.0007094695226701,11.9166819119917,26663,0.7094695226701
1.315833,4,3971.621807,True,True,0.000213708087188,12.413176005943512,26667,0.213708087188
6.913847,1,3971.625797,True,True,3.5164378003682897e-06,5.412527559688893,26668,0.0035164378003682897
6.449297,11,3971.6328,True,True,0.006766227338887,4.079510371407022,26679,6.766227338887
4.63528,1,3973.321388,True,True,0.0048241255389583,9.528940329922936,26680,4.8241255389583
6.259819,1,3974.571415,True,True,7.781011203891915e-05,6.59334107959732,26681,0.07781011203891915
2.777197,2,3974.576406,True,True,1.9250098130113577e-10,12.75247115174602,26683,1.9250098130113577e-07
5.324349,3,3974.581411,True,True,0.0002016463900683,6.690003115242351,26686,0.20164639006829999
4.816868,2,3974.584404,True,True,0.0045663104495172,9.105714294339636,26688,4.5663104495172
4.522366,1,3976.22052,True,True,0.0045966546432896,9.732459456987453,26689,4.5966546432896
6.355455,1,3976.225514,True,True,0.0002751308116951,6.420896347831555,26690,0.2751308116951
3.0888,1,3976.232517,True,True,5.492220636615919e-10,12.314989619716131,26691,5.492220636615919e-07
2.602659,1,3977.863738,True,True,0.0059272808915164,13.195534679523083,26692,5.9272808915164
2.88212,1,3977.868753,True,True,6.463397490830135e-10,12.687767699020815,26693,6.463397490830135e-07
0.631685,3,3979.657044,True,True,0.0087571675476864,13.749107692745111,26696,8.7571675476864
8.317419,3,3980.726475,True,True,1.6763516353848068e-06,1.8529514609873905,26699,0.0016763516353848068
0.434951,1,3980.737466,True,True,0.0049180058372029,17.10296179875488,26700,4.918005837202901
0.801046,1,3982.51404,True,True,0.0034880190796564,16.442318392335203,26701,3.4880190796564
6.154101,2,3983.687706,True,True,0.0081832655405786,6.659630079690058,26703,8.1832655405786
3.855902,2,3984.978304,True,True,0.0002584573705244,8.261890754317792,26705,0.2584573705244
5.571031,2,3986.192973,True,True,0.0003124027678963,6.422549530904063,26707,0.3124027678963
8.303928,2,3987.285735,True,True,4.912341530609889e-05,2.805658458868748,26709,0.049123415306098886
6.734372,7,3987.293686,True,True,5.460828361067774e-06,3.913774116494892,26716,0.005460828361067774
5.031817,1,3989.048143,True,True,0.0001924401935102,8.80976804503818,26717,0.1924401935102
8.407246,2,3989.059134,True,True,0.0046008548324768,3.2588478682919124,26719,4.6008548324767995
2.252653,3,3990.947185,True,True,0.0001790607680682,13.311107159005902,26722,0.1790607680682
3.233985,1,3992.151963,True,True,1.3806463604760372e-09,12.053117413564763,26723,1.3806463604760372e-06
6.694414,5,3992.154957,True,True,0.0001662369964743,3.851241088539549,26728,0.1662369964743
-2.165168,4,3992.155956,True,True,0.0101304566197829,17.35506137031416,26732,10.1304566197829
4.543081,1,3993.790146,True,True,0.0003716537831274,9.691787725363964,26733,0.3716537831274
5.479984,1,3993.795148,True,True,0.0048281762593313,8.004994401173636,26734,4.8281762593313005
1.556614,2,3995.605479,True,True,0.0023555802382889,14.86749070959302,26736,2.3555802382889
5.96167,1,3995.616144,True,True,0.0003800616229547,7.131805349941481,26737,0.3800616229547
5.582195,1,3997.314987,True,True,0.004825290027573,7.820571066845334,26738,4.825290027573
5.07295,2,3997.325978,True,True,0.0002353123954848,7.547011871697856,26740,0.23531239548479999
0.920373,2,3999.142201,True,True,0.0047559298399418,15.868810827944378,26742,4.7559298399418
4.349156,1,3999.147206,True,True,0.0015620539384045,10.0426124662863,26743,1.5620539384045
5.957869,2,4000.89541,True,True,0.0025462706095669,6.989759003666113,26745,2.5462706095669003
8.00797,2,4002.138837,True,True,0.0046223851077869,3.2972862866916373,26747,4.6223851077869
6.401534,6,4003.36281,True,True,0.0086762568805105,6.542724557343249,26753,8.6762568805105
9.785245,2,4004.611676,True,True,0.0009608473381633,0.0658394044677879,26755,0.9608473381633
4.126833,1,4005.83263,True,True,7.395456978623663e-06,10.44248766136704,26756,0.007395456978623663
0.745663,3,4007.112627,True,True,0.0003949096135122,15.754568980089063,26759,0.3949096135122
1.560169,2,4008.439047,True,True,0.001086419800305,14.91450776592738,26761,1.0864198003049998
4.486503,4,4009.83611,True,True,6.687190358043143e-09,9.010785549355475,26765,6.687190358043143e-06
7.802558,3,4011.398234,True,True,0.004485015407714,4.090162837711655,26768,4.485015407714
5.35818,1,4012.911279,True,True,0.0002371692774354,8.220857563522522,26769,0.2371692774354
6.156047,1,4014.055574,True,True,0.0049447829747601,6.785167343867151,26770,4.9447829747601
-4.870344,18,4015.268613,True,True,0.004865101226376,10.066270488020823,26788,4.865101226376
7.96794,2,4016.373115,True,True,0.0081273882289532,3.931310629536586,26790,8.1273882289532
6.980257,1,4016.377103,True,True,5.154013894736326e-06,5.29262373586592,26791,0.005154013894736326
8.098942,2,4018.114462,True,True,0.0049605762343138,2.8938203218932754,26793,4.9605762343138
3.750025,1,4019.345689,True,True,0.0052905784276548,11.126050008797982,26794,5.2905784276548005
4.060735,16,4020.632588,True,True,0.0001230247095763,8.045591683858438,26810,0.12302470957629999
-9.215584,7,4021.807959,True,True,0.0045294825227646,16.494223269348478,26817,4.5294825227646
1.718616,1,4021.813963,True,True,0.0017604812259486,14.787086266515097,26818,1.7604812259486
1.654675,1,4023.533752,True,True,6.152930843130919e-05,14.901364830712671,26819,0.061529308431309195
3.90783,1,4024.756226,True,True,1.8064022620863443e-05,10.837591902153042,26820,0.018064022620863443
4.551487,1,4025.968532,True,True,0.0001689190001723,9.67645508874214,26821,0.16891900017230002
0.193379,1,4027.131612,True,True,0.0052065544070847,17.538531370848116,26822,5.2065544070847
5.862933,1,4028.289704,True,True,1.2847893453009351e-05,7.309674279872087,26823,0.012847893453009351
4.890764,5,4028.294709,True,True,0.0049233241297896,7.397230501720242,26828,4.9233241297895995
-3.816562,10,4030.139209,True,True,0.0002062049922044,10.59866484674396,26838,0.2062049922044
7.536011,1,4030.146569,True,True,9.863523015552673e-06,4.289090733075844,26839,0.009863523015552673
2.084332,1,4031.762673,True,True,0.0044159864843373,14.129229264550752,26840,4.415986484337299
7.788575,2,4031.772666,True,True,0.0007547862012857,3.686099418993999,26842,0.7547862012857001
5.720897,1,4033.486256,True,True,4.589245186557844e-06,7.566027826785025,26843,0.004589245186557844
4.242842,2,4034.702358,True,True,4.148467192891144e-05,10.395739590550766,26845,0.04148467192891144
5.935904,2,4035.848816,True,True,0.0019567341975156,7.224107504397241,26847,1.9567341975156
2.570596,2,4036.892054,True,True,0.0013434135578964,13.06602105247419,26849,1.3434135578964
3.286648,2,4038.312032,True,True,0.0014643796348019,11.82784232233862,26851,1.4643796348019
9.905225,1,4039.534332,True,True,3.2134304803442537e-06,0.0086350878123008,26852,0.0032134304803442537
-0.915238,4,4039.545323,True,True,0.0019292375444112,16.317218368428026,26856,1.9292375444112
-24.181094,56,4039.548309,True,True,0.0025555496407512,10.372674806999411,26912,2.5555496407512
6.778357,1,4041.161046,True,True,0.0070287822918586,5.663961079820199,26913,7.0287822918586
7.578816,1,4041.161052,True,True,0.0044036425980101,4.216543117523823,26914,4.4036425980101
6.301345,1,4042.953291,True,True,0.0001039389248512,6.518405056294492,26915,0.1039389248512
8.472436,1,4044.197884,True,True,0.0053032775517678,2.60396306006743,26916,5.3032775517678
4.034923,3,4045.473461,True,True,0.0097342574842764,9.115307513512612,26919,9.7342574842764
-10.788018,12,4045.474455,True,True,0.0002149341271014,15.725150591049116,26931,0.2149341271014
8.388032,1,4045.47946,True,True,0.0045242229948726,2.75551274330299,26932,4.524222994872599
7.649122,1,4047.130043,True,True,0.0030429830159549,4.088172038020532,26933,3.0429830159549
8.969531,1,4047.137038,True,True,4.896335667907686e-05,1.6996878255789347,26934,0.04896335667907686
9.879484,1,4047.137046,True,True,0.0001616065073785,0.0553928107181178,26935,0.16160650737850002
0.837638,1,4048.866427,True,True,0.0003120461616778,16.374651891812437,26936,0.3120461616778
6.942208,1,4048.873616,True,True,5.577913033344125e-06,5.3613244459106095,26937,0.005577913033344125
9.629832,2,4050.572714,True,True,2.073673704607558e-05,0.3452246601862982,26939,0.02073673704607558
6.174541,2,4051.758917,True,True,0.001067730975423,5.992237050036963,26941,1.067730975423
4.951851,1,4051.759918,True,True,8.335246878452517e-06,8.95390823737262,26942,0.008335246878452517
4.925104,1,4053.481323,True,True,0.0015531151779576,9.003473319598747,26943,1.5531151779576
3.51744,2,4054.650006,True,True,4.488887127148192e-05,11.434977188578724,26945,0.04488887127148192
8.164712,4,4055.851196,True,True,0.0011948160087286,4.996801710919857,26949,1.1948160087286
8.081665,1,4057.054475,True,True,0.0032533883257658,3.3073474858052494,26950,3.2533883257658
3.153894,2,4057.056473,True,True,0.0046411875051981,11.845529578626344,26952,4.6411875051981
8.703286,3,4058.94212,True,True,0.0003454507564912,2.2182067861723835,26955,0.3454507564912
0.427072,5,4060.213487,True,True,0.0119845999233468,16.07667770025765,26960,11.984599923346801
7.210506,3,4061.540135,True,True,0.0052982779936655,4.03070902076331,26963,5.298277993665501
7.690913,1,4062.754771,True,True,0.0039814381156447,4.013714425491787,26964,3.9814381156447
-2.902091,7,4064.012509,True,True,9.142449910092084e-05,12.887621810317327,26971,0.09142449910092085
2.050331,2,4065.256052,True,True,0.0030681411199618,14.06249221106154,26973,3.0681411199618
2.154439,1,4065.257049,True,True,0.000183136276018,14.000240815411724,26974,0.18313627601799998
4.136622,1,4067.039465,True,True,1.8832641387935695e-07,10.424821027174062,26975,0.00018832641387935695
1.35452,1,4068.286055,True,True,5.0072980883358624e-05,15.442572982173187,26976,0.050072980883358625
1.36826,1,4069.500162,True,True,1.585167839695574e-05,15.417780228932912,26977,0.01585167839695574
2.185269,5,4070.765471,True,True,0.0072024500927361,11.603087072818887,26982,7.2024500927361
2.159971,1,4071.900057,True,True,0.0094850405538126,13.995669430616813,26983,9.4850405538126
-11.593703,25,4073.084914,True,True,0.002542668026956,15.153397041734763,27008,2.542668026956
8.747662,1,4073.091359,True,True,0.0016556281943625,2.1025725840630685,27009,1.6556281943625
5.142439,1,4074.891591,True,True,7.660488123244344e-06,8.609986592891515,27010,0.007660488123244344
3.818554,1,4074.898591,True,True,0.0018974337923501,11.00004983046364,27011,1.8974337923501001
5.56532,1,4076.629208,True,True,2.8986292803729122e-08,7.8468118636461455,27012,2.8986292803729122e-05
7.211819,8,4077.857749,True,True,0.0001728670749255,4.0886136139850064,27020,0.1728670749255
1.094524,4,4079.099542,True,True,0.0031868034612097,14.747484304904184,27024,3.1868034612097
4.355861,1,4080.171324,True,True,0.0002865644852467,10.028715280962556,27025,0.2865644852467
8.599639,2,4080.175323,True,True,1.3064111271648277e-06,1.6376653454423853,27027,0.0013064111271648277
9.551691,1,4081.932338,True,True,5.761192211161119e-05,0.6476981853414865,27028,0.05761192211161119
0.288504,1,4081.934337,True,True,0.0074621390762854,17.36547514809095,27029,7.462139076285401
2.102709,1,4083.628553,True,True,0.0057759163778048,14.096876522562136,27030,5.7759163778048
5.071476,1,4083.629532,True,True,0.0003344375602109,8.738325050843438,27031,0.3344375602109
1.425683,1,4085.292782,True,True,0.0004044028825364,15.314469490930623,27032,0.4044028825364
3.465031,2,4086.443357,True,True,0.0045433556281351,10.7131655583878,27034,4.5433556281351
7.795079,1,4086.449342,True,True,0.0049597715697582,3.826670079996125,27035,4.9597715697582
2.726431,1,4088.228098,True,True,0.0007297436633831,12.969057116149216,27036,0.7297436633831
7.581269,1,4088.238841,True,True,8.490562202566679e-05,4.2074439179950485,27037,0.08490562202566679
4.644697,1,4090.00455,True,True,0.0055080982272955,9.511584560704785,27038,5.508098227295499
0.220254,11,4091.093259,True,True,0.0118647786117125,6.214580505797467,27049,11.864778611712499
8.475747,2,4091.10126,True,True,7.78847630701629e-06,2.438721789381301,27051,0.00778847630701629
7.981813,1,4092.832629,True,True,0.0090379317706314,3.493696553326702,27052,9.037931770631399
0.532768,2,4092.841616,True,True,0.0001081684650708,16.80697000313946,27054,0.1081684650708
9.870917,1,4092.841623,True,True,0.0004247304748355,0.0712545658554806,27055,0.42473047483549997
2.004597,1,4094.529344,True,True,0.0022111140340484,14.271697103477392,27056,2.2111140340484
9.617922,1,4094.531342,True,True,0.0024717798263995,0.5312990129983177,27057,2.4717798263995
5.590733,1,4096.243658,True,True,2.219430965577065e-05,7.800967579754534,27058,0.022194309655770652
3.408922,1,4096.244661,True,True,3.5589911226430177e-10,11.737568824184224,27059,3.5589911226430177e-07
6.858047,1,4097.915588,True,True,0.0001297423528616,5.513408396095477,27060,0.12974235286160002
2.047833,2,4099.10375,True,True,0.0008018837640571,14.09044848869032,27062,0.8018837640571
3.468273,1,4100.228749,True,True,0.0004020509210443,11.630803428320462,27063,0.4020509210443
2.711065,6,4101.44914,True,True,0.0014479500307386,12.42948759769471,27069,1.4479500307386
3.695993,1,4102.620368,True,True,0.0051825196834139,11.223426370554565,27070,5.1825196834139
8.492242,2,4102.625372,True,True,0.0044917064661285,2.17609570674064,27072,4.4917064661285
0.69946,1,4104.245862,True,True,0.0042535657018356,16.625835494671765,27073,4.2535657018356
2.412627,1,4105.444898,True,True,0.0006707034709435,13.534947133193674,27074,0.6707034709435
1.743315,2,4105.453892,True,True,0.0045512361960661,14.582649062161632,27076,4.5512361960661005
8.661672,2,4108.054231,True,True,0.0089173203222213,1.600503411907548,27078,8.917320322221299
1.583845,1,4109.270292,True,True,0.0006573789674701,15.02943852408856,27079,0.6573789674701
5.694253,4,4110.392854,True,True,6.827897353653151e-05,6.217551987230995,27083,0.0682789735365315
-24.538738,60,4111.525093,False,True,0.0181895358075759,21.83341752666921,27143,18.1895358075759
6.29477,3,4111.538238,True,True,3.99491404983153e-05,6.677483322875064,27146,0.0399491404983153
4.252516,2,4111.54424,True,True,0.0026652352164538,10.129324987171032,27148,2.6652352164538
2.739644,1,4113.081877,True,True,0.0027700613231819,12.946566921168374,27149,2.7700613231819
3.395203,1,4113.086885,True,True,1.2857983948399987e-10,11.76231542733441,27150,1.2857983948399987e-07
7.118585,2,4114.848558,True,True,0.0046775946306851,4.907981692008305,27152,4.6775946306851
2.553562,1,4114.856573,True,True,0.005031082816772,13.28352772035012,27153,5.031082816772
5.729891,3,4116.63851,True,True,0.0049351456751815,7.566453161167842,27156,4.9351456751815
5.772807,4,4117.795648,True,True,0.0009544588809385,7.068586840050789,27160,0.9544588809385001
2.668207,1,4118.926109,True,True,0.0034307093556579,13.075810961164215,27161,3.4307093556579
4.245675,1,4120.059864,True,True,8.646553708489737e-05,10.22695340701652,27162,0.08646553708489738
2.443317,2,4121.31268,True,True,2.441999793241197e-06,13.47716688139942,27164,0.002441999793241197
6.433236,1,4122.490696,True,True,0.0013308132977462,6.281526649794452,27165,1.3308132977462
0.844336,1,4123.741552,True,True,0.000250680930917,16.36254184711369,27166,0.250680930917
9.184368,1,4124.986011,True,True,2.1379077610022765e-05,1.3114553020177238,27167,0.021379077610022765
0.790246,1,4126.18808,True,True,1.933947064991504e-09,16.45992272587939,27168,1.933947064991504e-06
-8.556559,29,4127.478506,True,True,0.0056223650979617,13.986749832005376,27197,5.6223650979617
2.436856,1,4128.654049,True,True,0.0088231918291898,13.496136817258858,27198,8.823191829189799
6.108677,1,4129.93156,True,True,0.0043863000688161,6.870158921237574,27199,4.3863000688161
7.862211,1,4131.14448,True,True,0.0001182330646175,3.700102467514205,27200,0.1182330646175
-2.431277,7,4132.303521,True,True,0.0015045394283686,13.170320223910132,27207,1.5045394283686
-6.16882,19,4132.31651,True,True,0.0002346991589888,10.308687120973511,27226,0.23469915898879998
9.083873,3,4133.967477,True,True,0.004630760122597,1.1953627365959865,27229,4.630760122597
7.453579,2,4133.969476,True,True,0.0049329583329625,3.0051170420515443,27231,4.9329583329624995
8.679132,1,4135.664166,True,True,0.003802459078735,2.2289500997339844,27232,3.802459078735
8.253248,1,4135.67617,True,True,2.35885664156936e-06,2.993665858315305,27233,0.00235885664156936
3.209137,1,4137.295846,True,True,0.0013725289858499,12.09890215402399,27234,1.3725289858499
5.959196,2,4138.554756,True,True,0.0001525555455882,6.997897155815071,27236,0.1525555455882
-2.325564,7,4139.748292,True,True,0.0098013610320361,17.109277283752633,27243,9.8013610320361
3.566589,4,4139.76228,True,True,0.0047667959282071,8.902633142045199,27247,4.7667959282071
2.891175,1,4141.457234,True,True,0.0033024951994651,12.67364250009719,27248,3.3024951994651
8.276816,1,4141.468213,True,True,0.0033515227807494,2.9550335457154557,27249,3.3515227807494
2.317445,1,4143.096121,True,True,0.0024538436821965,13.70771884265046,27250,2.4538436821965
2.251898,2,4144.196512,True,True,0.0040962163638616,13.878419179784126,27252,4.0962163638616005
7.196177,1,4145.4142,True,True,0.0045515418847191,4.9074726313324,27253,4.5515418847191
6.171432,5,4145.423202,True,True,0.0026382025626077,4.954474005582374,27258,2.6382025626077
9.205959,1,4147.175684,True,True,0.0001422647410688,1.2688965805544812,27259,0.14226474106880002
7.845314,1,4147.192673,True,True,0.004626437106945,3.7276407744825466,27260,4.6264371069450005
-0.021248,1,4148.895714,True,True,0.0011813470954557,17.923459896677077,27261,1.1813470954557
6.89251,6,4150.233836,True,True,0.0084024492384976,6.19427015906204,27267,8.4024492384976
-0.939654,3,4151.597418,True,True,0.0047016499323826,16.596726103665294,27270,4.7016499323826
6.54598,4,4151.60941,True,True,0.0023672214041364,5.702767094183163,27274,2.3672214041364
6.413724,1,4151.612401,True,True,0.0001767949243392,6.315612147717744,27275,0.1767949243392
0.841882,1,4153.363221,True,True,0.0050219520176633,16.369486530933024,27276,5.0219520176633
6.959109,1,4153.367642,True,True,0.0046635324458968,5.335517561546676,27277,4.6635324458968
8.931821,2,4155.207945,True,True,2.335468345314798e-06,1.1536912447413548,27279,0.002335468345314798
0.867677,1,4155.215942,True,True,0.0045584968310989,16.322753217039054,27280,4.5584968310989
3.75064,1,4155.221936,True,True,4.2789669507312106e-10,11.121148048329369,27281,4.2789669507312106e-07
8.888778,1,4157.026051,True,True,1.193576839545775e-05,1.84541337913097,27282,0.01193576839545775
4.493158,1,4157.036003,True,True,5.6495072178617406e-05,9.781605279452776,27283,0.056495072178617406
9.126992,1,4158.550639,True,True,0.0016227834724323,1.4172293863099024,27284,1.6227834724322998
3.407358,1,4159.939065,True,True,0.0004752962939335,11.740733609116914,27285,0.4752962939335
2.506812,3,4159.950056,True,True,0.0088730626133128,9.876625212249644,27288,8.8730626133128
7.736393,2,4159.952054,True,True,0.004828016835745,3.858259076827247,27290,4.828016835745
1.386341,1,4161.711594,True,True,0.0004985647249547,15.385460508989548,27291,0.49856472495469994
7.542106,1,4161.726607,True,True,0.0011652019845395,4.279370879467519,27292,1.1652019845395
4.04351,1,4163.465194,True,True,4.9386763717636235e-08,10.592805134513512,27293,4.9386763717636235e-05
6.242897,1,4165.158579,True,True,0.0044303515776283,6.627974366622448,27294,4.4303515776283
9.183019,1,4166.638199,True,True,0.0047701679117274,1.31995590103716,27295,4.7701679117274
5.255559,3,4166.65319,True,True,0.0048218872566028,7.854397034222735,27298,4.821887256602801
3.570242,1,4168.264625,True,True,0.0014680686734405,11.44764454151822,27299,1.4680686734405002
1.991116,1,4169.821788,True,True,0.0090912333958289,14.299866632951533,27300,9.0912333958289
4.875234,1,4171.044559,True,True,9.649159396076662e-06,9.092163257101184,27301,0.009649159396076662
1.421469,3,4172.362132,True,True,5.440707487962488e-05,14.732771677221756,27304,0.05440707487962488
6.727899,2,4173.821686,True,True,0.0052161770968094,6.486027045375435,27306,5.2161770968094
9.756401,1,4175.033246,True,True,0.0013918520866361,0.2795837069800881,27307,1.3918520866361002
9.362671,1,4176.274637,True,True,8.775814032903914e-05,0.9893378093267652,27308,0.08775814032903914
-4.181613,10,4176.285632,True,True,0.0063353076225607,14.37048888552787,27318,6.3353076225607
7.888776,1,4177.900721,True,True,1.5929486620035963e-05,3.6520042215146407,27319,0.015929486620035963
-8.519625,15,4177.91771,True,True,0.005427068115427,16.870275719068935,27334,5.427068115427
3.770901,1,4179.637941,True,True,0.0005317473839198,11.084999197969625,27335,0.5317473839198
7.564743,1,4180.917793,True,True,5.462251588156305e-05,4.237253662286932,27336,0.05462251588156305
7.394928,2,4180.928784,True,True,0.0089131699890622,3.911582264962928,27338,8.913169989062201
4.059325,3,4180.93478,True,True,0.0054414408868705,9.63118784059757,27341,5.441440886870501
8.269249,1,4182.620022,True,True,0.0038821099099904,2.9693005216480257,27342,3.8821099099904
5.567791,1,4183.865836,True,True,7.825170604462955e-05,7.842425313459024,27343,0.07825170604462955
7.95062,2,4183.885326,True,True,0.0021657075564809,3.395707060937024,27345,2.1657075564809003
5.876322,1,4185.559056,True,True,0.0009986640650307,7.28642969466777,27346,0.9986640650307
3.671327,1,4186.893544,True,True,0.0004520076338535,11.264560510551282,27347,0.4520076338535
5.541154,3,4188.381698,True,True,0.0048677156192448,7.396608819785749,27350,4.8677156192448
-14.244386,60,4188.39068,False,True,0.0304774900336937,10.687002862193804,27410,30.4774900336937
4.264069,1,4190.030681,True,True,2.82253623251627e-10,10.194889127339636,27411,2.82253623251627e-07
7.858826,1,4190.039656,True,True,4.927801889775471e-05,3.705959152830674,27412,0.04927801889775471
3.98777,2,4190.04367,True,True,7.35503123059345e-05,10.437055162942444,27414,0.0735503123059345
4.628961,1,4191.663397,True,True,0.0001611211178969,9.536662123968416,27415,0.1611211178969
4.321394,1,4192.786963,True,True,0.0001297451570394,10.091567778066905,27416,0.12974515703939998
9.194421,1,4193.973704,True,True,0.0045849508353143,1.2990006516451318,27417,4.5849508353143005
6.978426,1,4195.524808,True,True,0.0047564768750651,5.3007402021034284,27418,4.7564768750651005
-5.858762,11,4196.67534,True,True,0.0083789727235056,16.95080487513872,27429,8.3789727235056
8.505484,1,4197.928095,True,True,0.000370108117764,2.5384719830837907,27430,0.370108117764
3.285812,3,4198.993873,True,True,2.2020832563390824e-06,11.463283869692978,27433,0.0022020832563390824
3.283568,2,4200.170856,True,True,0.0007652035807933,11.77382645220522,27435,0.7652035807933
2.478481,1,4200.173848,True,True,0.0035148958748856,13.417987905377217,27436,3.5148958748855996
4.035669,9,4201.86001,True,True,7.187318467859172e-05,8.296297811469866,27445,0.07187318467859172
2.234102,1,4201.870015,True,True,0.0001287123382806,13.856545366503571,27446,0.1287123382806
9.205548,3,4203.72477,True,True,0.0001864711318491,1.4467266392439944,27449,0.1864711318491
0.420852,1,4204.929237,True,True,0.0047181866424338,17.128279448345804,27450,4.7181866424338
3.081636,3,4204.931235,True,True,0.0086568461259239,12.010095885706065,27453,8.6568461259239
-7.750778,13,4206.504432,True,True,0.0068562800964702,14.404615640617196,27466,6.8562800964702
3.04475,2,4207.717101,True,True,0.0042362302231483,12.274671558492988,27468,4.2362302231483
6.686974,3,4208.916068,True,True,6.278566212592797e-05,6.990745939288312,27471,0.06278566212592797
7.55322,1,4208.919599,True,True,0.0106208886849289,4.268786927339619,27472,10.6208886849289
8.132812,3,4210.620645,True,True,0.0029273387532777,2.600624301818696,27475,2.9273387532777
7.21602,1,4210.644609,True,True,4.594537374820961e-05,4.866968968684359,27476,0.04594537374820961
6.637988,1,4212.390215,True,True,0.0049794938007457,5.91542319731697,27477,4.979493800745701
6.652225,2,4213.490722,True,True,1.4503232468690045e-05,5.009203757238875,27479,0.014503232468690045
8.276469,1,4213.506706,True,True,2.9709974517662902e-05,2.951753539675789,27480,0.029709974517662902
0.363429,1,4215.315569,True,True,0.0057107036297726,17.232259583820436,27481,5.7107036297726
8.189299,1,4216.497259,True,True,1.1909942179196692e-06,3.1091774157666485,27482,0.0011909942179196692
8.364381,1,4217.662135,True,True,4.798310091251004e-05,2.79297119645445,27483,0.04798310091251004
7.490235,4,4218.880892,True,True,0.0001610513000331,4.687506379191215,27487,0.1610513000331
3.114421,2,4220.059563,True,True,0.0028836864855792,12.375694325978245,27489,2.8836864855792
3.152174,8,4220.067561,True,True,0.0002541398498242,10.553129673328275,27497,0.2541398498242
5.860706,1,4222.045782,True,True,0.006274618173365,7.319243363462176,27498,6.274618173365
8.110909,3,4223.216871,True,True,7.704826286090679e-05,3.777388596715352,27501,0.07704826286090678
7.01975,2,4224.298096,True,True,0.0002550294324547,5.649711829440276,27503,0.2550294324547
7.211316,3,4224.309087,True,True,0.0039664503089509,4.178043704940352,27506,3.9664503089509004
3.275525,1,4224.312085,True,True,1.5553366580767222e-10,11.978187992252874,27507,1.5553366580767222e-07
5.647447,1,4225.95205,True,True,0.0013482073767916,7.699816619445145,27508,1.3482073767916
6.799184,1,4225.963041,True,True,7.892305131096899e-05,5.619630146952688,27509,0.07892305131096898
4.476712,1,4227.737494,True,True,0.0036808131696143,9.814127576396531,27510,3.6808131696143
4.491216,1,4227.74615,True,True,0.0094665625258717,9.792106683648804,27511,9.4665625258717
4.533217,1,4229.575386,True,True,1.5633725804372473e-05,9.709293989023786,27512,0.015633725804372473
5.646748,3,4229.588375,True,True,0.0094447897366029,8.117168031792383,27515,9.4447897366029
1.354598,2,4231.1616,True,True,0.0030088558009833,15.153576118860135,27517,3.0088558009833
-22.889641,22,4232.307742,True,True,0.0116202137313574,17.490936140951394,27539,11.620213731357401
6.737724,1,4232.313741,True,True,0.0002081419521311,5.730723399184867,27540,0.20814195213109998
1.846911,1,4233.814093,True,True,0.000491613636345,14.55498921720495,27541,0.49161363634500005
0.511268,3,4233.81411,True,True,0.0003620227784443,16.090973809766496,27544,0.3620227784443
6.351267,1,4235.714785,True,True,9.682011938656668e-08,6.42805141076887,27545,9.682011938656668e-05
4.607255,2,4236.905102,True,True,0.000979515099787,9.683711682059958,27547,0.9795150997870001
6.590323,1,4236.909148,True,True,0.0045943138920598,6.001094675330644,27548,4.5943138920598
1.000725,1,4238.708934,True,True,0.0032196875453692,16.082208676413572,27549,3.2196875453692
6.161218,2,4239.957831,True,True,0.0045008835389565,6.834275520921971,27551,4.5008835389565
5.264598,6,4241.154049,True,True,0.009643914788239,7.756608550638653,27557,9.643914788239
5.573458,1,4241.159054,True,True,7.832154716354896e-06,7.832133163980727,27558,0.007832154716354896
2.098074,2,4241.161052,True,True,0.0084265258599285,13.877275003207222,27560,8.4265258599285
6.923029,1,4242.798436,True,True,0.0081934577490133,5.403916884199398,27561,8.1934577490133
6.793193,1,4242.805439,True,True,1.4519399682091406e-06,5.630365706861483,27562,0.0014519399682091406
3.2635,1,4244.398174,True,True,1.8256856973543688e-06,11.999880797955845,27563,0.0018256856973543688
3.993349,1,4245.5609,True,True,0.0001838945571832,10.683441316939604,27564,0.1838945571832
1.416716,2,4245.567903,True,True,0.0076072317971597,14.99171677838268,27566,7.6072317971597005
-10.618786,12,4247.303805,True,True,0.0096331206221644,16.065965124699606,27578,9.6331206221644
2.310264,1,4247.316794,True,True,2.070715491436781e-10,13.719112814141669,27579,2.070715491436781e-07
5.861961,2,4249.053526,True,True,0.000436042165903,9.13592653525238,27581,0.436042165903
2.582035,5,4249.058531,True,True,0.002508596413452,11.09338915461336,27586,2.508596413452
9.070697,1,4249.060529,True,True,0.0001046429465413,1.51696562384755,27587,0.1046429465413
8.56855,1,4250.805145,True,True,4.860451037968019e-06,2.4240863406066757,27588,0.004860451037968019
6.467411,3,4251.965006,True,True,0.0031558260363461,5.759134188443173,27591,3.1558260363461
2.555496,1,4251.975975,True,True,0.0004279113335711,13.2771347569499,27592,0.4279113335711
4.983086,1,4253.608552,True,True,0.0048287071229357,8.901496793040655,27593,4.8287071229356995
7.597539,1,4253.614538,True,True,0.0021913570547469,4.180394122134989,27594,2.1913570547469
8.178899,3,4253.619543,True,True,0.000478189478956,3.872479901413186,27597,0.478189478956
9.467636,1,4255.249665,True,True,0.0045805058107049,0.8055667174924589,27598,4.5805058107049
0.679216,1,4255.257643,True,True,7.403199858386985e-07,16.660096866731294,27599,0.0007403199858386985
6.046632,4,4255.264646,True,True,6.846584277269557e-05,6.135401085699785,27603,0.06846584277269557
3.854854,1,4256.970898,True,True,0.0050337895454413,10.936806210170356,27604,5.0337895454413
5.773691,1,4256.975882,True,True,0.004523143762366,7.474779008162557,27605,4.523143762366
6.958702,2,4256.980886,True,True,3.164117212390563e-05,4.933170331447196,27607,0.03164117212390563
10.256644,2,4258.589941,True,True,5.434310689185658e-06,2.3479442260139405,27609,0.005434310689185658
7.156147,2,4259.766323,True,True,5.249452416936952e-06,4.419061529655635,27611,0.005249452416936952
5.816711,1,4260.963823,True,True,0.0060004267253294,7.398397547002269,27612,6.0004267253294
7.895548,3,4260.9678,True,True,0.0086782589855114,3.8725306974693705,27615,8.6782589855114
5.432866,1,4262.788119,True,True,0.0063026198201493,8.091199216498069,27616,6.3026198201493
1.830639,4,4262.797103,True,True,0.0094981107959378,13.928618497752003,27620,9.498110795937801
3.398354,1,4262.79911,True,True,3.226304293169058e-11,11.756631173305443,27621,3.226304293169058e-08
6.218296,1,4264.446595,True,True,0.0095099589490959,6.676699976499058,27622,9.5099589490959
6.423917,1,4264.453587,True,True,0.0047326803209644,6.301554751230229,27623,4.7326803209644
2.8533,1,4264.460584,True,True,0.0030078073530484,12.74175482077373,27624,3.0078073530484
5.973817,1,4266.026068,True,True,0.0049379879786451,7.114007665149031,27625,4.937987978645101
9.274538,1,4266.039058,True,True,3.619388466917558e-06,1.1474315551023124,27626,0.0036193884669175583
5.509348,1,4266.041052,True,True,0.0001810665262273,7.947993414106289,27627,0.18106652622730002
8.268398,1,4267.595854,True,True,0.0001823950528839,2.966516595065085,27628,0.18239505288389998
3.921462,1,4267.599837,True,True,0.0026311537773108,10.814958187957671,27629,2.6311537773108
8.679531,1,4269.406875,True,True,8.135912386731531e-07,2.2235822139947863,27630,0.0008135912386731531
2.023815,2,4270.607347,True,True,0.0074071714306966,14.143748560942871,27632,7.407171430696599
8.8368,1,4270.61632,True,True,7.596746485449162e-05,1.9359675901672688,27633,0.07596746485449163
9.474737,1,4272.341243,True,True,0.0001040794107229,0.7841470979261614,27634,0.1040794107229
0.650536,1,4274.380267,True,True,0.0011734573536838,16.712434441980715,27635,1.1734573536838
2.876034,2,4274.387248,True,True,1.059581866691417e-09,12.500769751780544,27637,1.059581866691417e-06
7.286777,2,4276.082898,True,True,0.0004304429991849,4.199620722061892,27639,0.4304429991849
2.449235,1,4277.299854,True,True,7.410124942930363e-05,13.468537646240383,27640,0.07410124942930363
7.839652,4,4278.516868,True,True,0.0063172663806114,4.909347584321742,27644,6.3172663806114
5.553712,1,4279.722484,True,True,0.0049727682201738,7.872085275384419,27645,4.9727682201738
3.54078,2,4280.911564,True,True,0.0032209369287649,11.376944616958108,27647,3.2209369287648997
6.538508,5,4282.148555,True,True,0.0001746046289588,5.2010266221439805,27652,0.1746046289588
2.368489,1,4283.346829,True,True,0.0091694822661238,13.619582454440906,27653,9.169482266123799
-15.643321,35,4285.001589,True,True,3.0652293888550584e-05,5.664810338387663,27688,0.030652293888550584
5.275955,1,4286.173429,True,True,0.0021571811740138,8.370906638543113,27689,2.1571811740138003
7.116153,1,4287.447095,True,True,5.27184708595807e-07,5.047246661552086,27690,0.000527184708595807
5.661645,1,4288.923818,True,True,0.0003286895999893,7.673267451655261,27691,0.32868959998930003
3.470282,1,4290.424031,True,True,0.0004374085259581,11.627204296878675,27692,0.43740852595810004
4.523843,1,4292.020205,True,True,0.0043875566229132,9.729638218078115,27693,4.3875566229132
3.14814,3,4293.904483,True,True,0.002840108340969,11.666541820703982,27696,2.840108340969
8.647927,1,4295.973615,True,True,0.0045549384211197,2.28618608921148,27697,4.5549384211197
9.38512,1,4297.257163,True,True,0.0023357452300196,0.951771026076383,27698,2.3357452300196
3.75187,2,4298.589397,True,True,0.0003997444434919,11.00295875412512,27700,0.39974444349189997
-19.649707,28,4299.877943,True,True,0.0085001921405461,11.171174187678393,27728,8.5001921405461
7.814691,1,4301.324017,True,True,6.979766375933528e-05,3.785870333849772,27729,0.06979766375933528
3.339063,3,4302.560688,True,True,0.0047982564389157,11.50168521921081,27732,4.7982564389157
7.619073,1,4303.992759,True,True,8.45310759299946e-06,4.139087116500631,27733,0.00845310759299946
-31.216811,60,4305.285499,False,True,0.0043399117691032,37.23046379786041,27793,4.3399117691032
1.07813,2,4306.655001,True,True,0.0002563451534207,15.710230719338917,27795,0.2563451534207
4.954815,1,4308.129121,True,True,0.0052642987096609,8.952837839992617,27796,5.2642987096609
3.089413,2,4308.14211,True,True,0.0013427394694347,12.073883067676173,27798,1.3427394694347
4.271409,1,4309.959055,True,True,2.238055574199649e-11,10.181646276469966,27799,2.238055574199649e-08
8.623549,1,4311.543808,True,True,1.1016517963900048e-05,2.324734110891779,27800,0.011016517963900048
3.173346,1,4312.825272,True,True,0.0022251849459798,12.16404040098406,27801,2.2251849459798
2.316776,5,4314.196959,True,True,0.0007889148867456,13.331323296332526,27806,0.7889148867456
4.836379,2,4314.217783,True,True,3.972926480421552e-08,8.386174963950777,27808,3.972926480421552e-05
-17.6629,60,4316.166457,False,True,0.0254676517679374,33.83088903547699,27868,25.467651767937397
9.24585,1,4317.560025,True,True,1.8425310516791832e-05,1.2003513130539298,27869,0.018425310516791832
5.544191,2,4318.933281,True,True,0.0071010576482081,7.880459907985711,27871,7.1010576482081005
7.983878,1,4320.247365,True,True,6.835379267768841e-06,3.480223661409302,27872,0.006835379267768841
7.605448,3,4321.577212,True,True,0.0061883614686745,3.050216366572773,27875,6.1883614686745005
5.817922,1,4322.995157,True,True,1.187243494043394e-05,7.390914498767609,27876,0.01187243494043394
5.909714,1,4324.374558,True,True,2.3021309312602246e-06,7.225226609503701,27877,0.0023021309312602246
5.420984,1,4325.799291,True,True,0.0091857347536539,8.11486042258424,27878,9.1857347536539
-9.727377,13,4325.805295,True,True,0.0022301708186155,13.967701151816485,27891,2.2301708186155
9.855699,1,4327.636732,True,True,5.4747469651804815e-05,0.0975244944279931,27892,0.05474746965180481
5.419503,1,4327.645707,True,True,0.000775713401761,8.108730471091352,27893,0.775713401761
9.89661,2,4329.545255,True,True,0.0001381866303563,2.2684738096874857,27895,0.1381866303563
4.256143,1,4330.901581,True,True,0.0085659937794354,10.215459551378382,27896,8.5659937794354
6.837182,3,4330.908584,True,True,0.0045542166291405,4.731316506985276,27899,4.5542166291405
7.317059,1,4332.792549,True,True,0.000188910052873,4.684676411337856,27900,0.188910052873
4.404323,2,4334.222844,True,True,0.0089843125300383,8.92331997871925,27902,8.984312530038299
7.403491,2,4335.678966,True,True,0.0042404967510081,4.2320615412893625,27904,4.2404967510081
7.784896,1,4335.685969,True,True,0.0013663004228991,3.8411579966282,27905,1.3663004228991
3.916383,1,4337.537527,True,True,7.586476368989792e-12,10.82214932334866,27906,7.586476368989792e-09
1.737485,1,4337.540548,True,True,1.3011947395539028e-06,14.752007226892593,27907,0.0013011947395539028
0.536166,1,4339.615534,True,True,0.0078936671441666,16.921928066302545,27908,7.8936671441666
4.259845,1,4340.998762,True,True,0.0020510049857385,10.204110839092984,27909,2.0510049857385
4.402542,2,4342.310246,True,True,4.286329814184853e-06,9.54112909842826,27911,0.004286329814184853
-8.117069,8,4343.786946,True,True,0.0050491866558758,17.321755640263646,27919,5.0491866558758
5.356589,2,4345.192729,True,True,0.0001062028822457,8.211645560621832,27921,0.1062028822457
5.611682,3,4346.579476,True,True,0.0057207450306224,7.631085969097874,27924,5.7207450306224
0.272783,18,4347.927209,True,True,0.0046429323960915,7.245329674623746,27942,4.6429323960915
3.959415,1,4349.125878,True,True,0.0041403165403444,10.747585542083844,27943,4.1403165403444
7.099093,2,4349.133886,True,True,0.0024644281825428,5.154391513591444,27945,2.4644281825428003
1.282695,2,4351.069174,True,True,0.0009871118006195,15.26554054630507,27947,0.9871118006195001
1.414429,3,4352.447682,True,True,0.0048367689090283,13.962517648998531,27950,4.8367689090283
-21.771717,60,4353.786197,False,True,0.0138561075199411,5.1027477737615845,28010,13.8561075199411
3.315988,4,4355.040091,True,True,0.000433432461655,11.39392782769691,28014,0.433432461655
7.154118,1,4355.045096,True,True,0.004768056608728,4.982772547584922,28015,4.768056608728
9.058372,3,4355.049093,True,True,2.58974536162099e-05,2.00006225559383,28018,0.025897453616209903
5.477884,1,4356.868443,True,True,0.0006357272089006,8.005186994100068,28019,0.6357272089006001
8.187887,1,4356.870458,True,True,1.8927993310930216e-05,3.1117487719834034,28020,0.018927993310930216
2.30439,1,4358.685267,True,True,1.094365667531072e-09,13.72970629964752,28021,1.094365667531072e-06
1.080265,1,4358.689261,True,True,0.0005406223389948,15.937341572813216,28022,0.5406223389948001
6.377183,2,4358.693263,True,True,0.0043075964355411,4.95099901902393,28024,4.3075964355411
6.778492,1,4360.425436,True,True,0.0095307419297887,5.665919746658508,28025,9.5307419297887
3.288432,2,4361.736739,True,True,0.0005569696438285,11.990251983541963,28027,0.5569696438285
7.127933,2,4361.738745,True,True,3.118482761309098e-06,5.045826870824176,28029,0.003118482761309098
7.475661,2,4363.621666,True,True,0.0001095331791755,6.43136727833548,28031,0.1095331791755
2.836679,2,4363.623674,True,True,0.0017943314951185,12.601976846178752,28033,1.7943314951184999
8.200014,3,4363.625673,True,True,0.0021066721168688,3.145746073990213,28036,2.1066721168688
7.049671,1,4365.454986,True,True,0.0001964384929117,5.1674951874167645,28037,0.19643849291169999
6.807901,2,4366.726216,True,True,2.264702683843836e-05,5.031979091453072,28039,0.02264702683843836
9.865419,1,4366.730219,True,True,1.804199849175618e-06,0.0805850322674367,28040,0.001804199849175618
3.431427,2,4366.736209,True,True,3.0424382584812716e-05,11.582619956623128,28042,0.030424382584812715
9.603952,1,4368.485281,True,True,0.0004873918394688,0.5538458455598418,28043,0.48739183946880005
9.382341,1,4369.838524,True,True,4.063615043026735e-05,0.9537280496513058,28044,0.04063615043026735
4.574789,1,4371.070589,True,True,0.0021521109599118,9.636008793238954,28045,2.1521109599118
-24.306903,60,4372.412435,False,True,0.0144511218757474,38.6635949414353,28105,14.4511218757474
0.77123,6,4372.428547,True,True,0.0001852631159044,13.558634577416582,28111,0.1852631159044
3.210837,1,4374.236833,True,True,9.913098013422428e-05,12.094940143725958,28112,0.09913098013422428
6.477141,4,4374.247811,True,True,0.0049952285616914,5.5221280747292525,28116,4.9952285616914
2.456037,1,4376.105661,True,True,0.0005264763931591,13.456567337347868,28117,0.5264763931591
2.509175,2,4376.124009,True,True,1.2836866292165183e-10,12.960083535633656,28119,1.2836866292165183e-07
3.480058,1,4378.019986,True,True,6.976005190173494e-11,11.60925129715492,28120,6.976005190173494e-08
8.50387,1,4379.287579,True,True,2.25321049878921e-07,2.54092906309768,28121,0.000225321049878921
3.02945,3,4380.528669,True,True,0.0002155536389944,12.245725167938833,28124,0.2155536389944
6.335031,1,4380.543644,True,True,0.004581182699053,6.461834835520904,28125,4.581182699053
1.389813,1,4382.436681,True,True,8.196521856824925e-05,15.378956846551326,28126,0.08196521856824926
9.558006,1,4382.447685,True,True,9.690413760390058e-05,0.6363397249040129,28127,0.09690413760390058
0.220662,7,4384.142382,True,True,0.0053178046698674,12.61574511729497,28134,5.3178046698674
8.250751,3,4385.560272,True,True,7.781678392091741e-06,3.2150720269502924,28137,0.007781678392091741
2.429472,1,4385.575435,True,True,0.0029416726533595,13.506008663224293,28138,2.9416726533595
6.28471,1,4387.457916,True,True,1.635069211776679e-05,6.548347965405156,28139,0.01635069211776679
1.283539,2,4389.575683,True,True,0.0091064880931672,14.804589055473118,28141,9.1064880931672
3.666154,1,4389.577576,True,True,0.002907924459609,11.275670783985516,28142,2.9079244596089997
4.307463,1,4391.312262,True,True,0.0004416607998351,10.116949990814556,28143,0.4416607998351
5.534489,1,4391.325057,True,True,0.0043471332886725,7.899027117917448,28144,4.3471332886725005
3.787707,1,4393.272909,True,True,0.0005464335029617,11.054691743045565,28145,0.5464335029617
0.566918,2,4394.672722,True,True,0.0035969000121386,16.7483563400527,28147,3.5969000121386
2.159499,8,4394.685711,True,True,0.0026726036647495,12.7443776012192,28155,2.6726036647495004
6.031845,1,4396.525227,True,True,0.0003958131082908,7.005155601525094,28156,0.3958131082908
6.389555,2,4397.899486,True,True,0.0046225817631212,5.083823841950715,28158,4.622581763121199
4.729008,3,4399.22827,True,True,0.0008020798685398,8.32249130420411,28161,0.8020798685398
9.120991,1,4400.511148,True,True,1.0809624687805467e-05,1.4227855244413987,28162,0.010809624687805467
2.727311,7,4401.767648,True,True,0.0104938395127014,10.141515662883808,28169,10.4938395127014
3.158986,1,4401.776648,True,True,1.022713993353852e-09,12.188394791927289,28170,1.022713993353852e-06
-4.845642,6,4403.75876,True,True,0.0094409511517078,16.730307566946262,28176,9.4409511517078
2.914051,2,4403.761746,True,True,0.007228375474842,11.74620389612124,28178,7.228375474842
-0.134329,2,4405.630736,True,True,0.0049185504895839,17.747918521437096,28180,4.9185504895839
1.432955,1,4406.848839,True,True,0.0005323863004836,15.301432501334997,28181,0.5323863004835999
7.545016,1,4408.229017,True,True,0.0001042598562553,4.272935665108257,28182,0.1042598562553
7.181886,4,4408.236983,True,True,0.0047426604788914,4.2718022806739935,28186,4.742660478891399
9.331381,2,4410.116476,True,True,0.0063962066374071,0.8025243895939123,28188,6.3962066374071
7.895739,1,4411.438289,True,True,6.683881524657364e-08,3.6391010520825344,28189,6.683881524657364e-05
1.929047,1,4412.775246,True,True,0.0009569907536777,14.407165240115216,28190,0.9569907536777
6.962011,3,4414.195911,True,True,0.0048012540583277,4.603621772577165,28193,4.8012540583277
4.611908,2,4415.641414,True,True,0.0096559012510058,9.64200961016321,28195,9.6559012510058
0.899555,3,4416.992096,True,True,0.0005052697748874,14.738270831737983,28198,0.5052697748874
6.237122,5,4418.509436,True,True,0.0051862950437679,6.165573986376383,28203,5.186295043767901
1.196619,1,4419.90443,True,True,0.000974689694963,15.727805748583696,28204,0.974689694963
5.031095,1,4421.145437,True,True,1.2202238178216082e-10,8.8109062048902,28205,1.2202238178216082e-07
4.950364,1,4422.41081,True,True,0.0047496695374399,8.960468465714241,28206,4.7496695374399
2.379534,3,4423.924272,True,True,0.0036355151636241,13.28510654066865,28209,3.6355151636241003
3.899303,2,4425.211396,True,True,1.37811218080151e-05,10.046492246525926,28211,0.0137811218080151
6.048208,1,4426.495659,True,True,0.0001232719312875,6.970292486597694,28212,0.12327193128749998
3.107443,1,4427.689481,True,True,0.0094804686466586,12.286359129956342,28213,9.4804686466586
-22.962922,60,4429.093263,False,True,0.0081458984651179,25.05323226887091,28273,8.145898465117899
-0.217227,3,4430.456404,True,True,0.0030375644001981,17.49029934355323,28276,3.0375644001980997
7.45693,2,4430.464406,True,True,3.0427078060804757e-05,3.6887997966998687,28278,0.030427078060804757
4.936845,1,4432.315454,True,True,0.0022126293810603,8.982832339317005,28279,2.2126293810603
3.150358,1,4433.645613,True,True,0.0046963598784983,12.207137212753077,28280,4.6963598784983
0.822144,2,4434.901274,True,True,0.0037163389510341,12.570728366335604,28282,3.7163389510341
3.595577,2,4436.421307,True,True,0.004956680805223,11.280306038375109,28284,4.956680805223
4.519916,8,4437.666631,True,True,0.0047978285262708,7.97419027150123,28292,4.7978285262708
3.72991,3,4438.885211,True,True,0.0029387692720009,10.822623558691843,28295,2.9387692720009
6.961799,1,4438.898252,True,True,4.176482778941656e-06,5.325950927924895,28296,0.0041764827789416556
2.316512,1,4440.615801,True,True,6.980878548834557e-11,13.707845944390874,28297,6.980878548834557e-08
4.785801,5,4441.958668,True,True,0.0095260249849237,9.411867124972476,28302,9.5260249849237
6.011967,4,4441.970659,True,True,0.0024055035290781,6.454707641097088,28306,2.4055035290781
3.134764,1,4443.650237,True,True,5.933956104264836e-10,12.232084376480262,28307,5.933956104264836e-07
4.843703,1,4443.661228,True,True,0.0082978862743653,9.154428734375742,28308,8.2978862743653
5.028413,1,4445.54078,True,True,0.0066517032137486,8.82112714688632,28309,6.6517032137486
1.580766,4,4447.040666,True,True,0.0005952570367173,14.470406745379076,28313,0.5952570367173
6.76107,1,4448.305013,True,True,7.110709968304908e-06,5.688368077181894,28314,0.007110709968304908
7.001262,1,4449.566204,True,True,0.0005094467395644,5.2552329915991685,28315,0.5094467395644
6.903306,2,4450.894971,True,True,4.501615657227255e-06,4.957429625758815,28317,0.004501615657227256
-18.20876,60,4452.193812,False,True,0.0309383260993714,14.255846871914732,28377,30.938326099371398
0.031415,3,4453.605072,True,True,0.0083539001197819,17.087588371880248,28380,8.353900119781901
3.401954,2,4453.619061,True,True,0.0003268773689357,11.618835582273556,28382,0.3268773689357
6.982095,3,4455.488053,True,True,0.0022221684402456,3.934719933638454,28385,2.2221684402456
-25.570855,60,4456.82952,False,True,0.0419528286801938,66.65212202299269,28445,41.952828680193804
2.763704,4,4456.839502,True,True,0.0028847967382803,12.533478352048412,28449,2.8847967382803
7.07687,1,4458.722267,True,True,0.0012955168099847,5.1143017631601415,28450,1.2955168099847
2.142057,2,4460.079748,True,True,0.0008325396827257,13.901215368528453,28452,0.8325396827257
5.894532,2,4461.381085,True,True,0.0045434806927882,6.526119944407985,28454,4.5434806927882
7.810502,5,4462.677678,True,True,0.0109726142529467,2.094782496512314,28459,10.9726142529467
-7.889213,18,4462.686678,True,True,0.0007475661997256,13.286012142458295,28477,0.7475661997255999
3.130412,1,4462.692667,True,True,0.0051105884265068,12.243372626006432,28478,5.1105884265068
1.437857,3,4464.411123,True,True,1.6353709312121284e-05,15.8496581964425,28481,0.016353709312121285
6.815693,2,4465.734723,True,True,0.0094228707538794,5.1706146591237685,28483,9.4228707538794
6.666635,1,4467.067826,True,True,0.0048855617247352,5.863633027059686,28484,4.8855617247352
7.108508,3,4468.287706,True,True,0.0021990168408679,4.482895367998869,28487,2.1990168408679
2.979587,1,4469.63881,True,True,1.9537422894788656e-10,12.511974233168432,28488,1.9537422894788656e-07
7.031686,2,4470.86054,True,True,2.942256165820549e-05,5.866863177376815,28490,0.02942256165820549
6.332502,1,4472.040294,True,True,0.0025663515208693,6.464538060045666,28491,2.5663515208693
1.940749,1,4473.37353,True,True,0.0073471552311556,14.389740870031057,28492,7.3471552311556
-0.760095,8,4474.662979,True,True,0.0049828060320221,16.388042494239915,28500,4.9828060320221
4.315049,2,4476.244341,True,True,0.0041037576961788,10.207018951815602,28502,4.1037576961788
-6.64391,7,4477.56524,True,True,0.0056172142314522,14.702647818679235,28509,5.6172142314522
2.969345,3,4477.571237,True,True,0.0048401548757338,10.37644792652231,28512,4.8401548757338
-13.082814,16,4477.574238,True,True,0.0002959571608073,12.6454578973655,28528,0.2959571608073
1.987837,3,4479.382894,True,True,5.22997805254416e-08,13.17249416473764,28531,5.22997805254416e-05
5.823191,4,4480.80206,True,True,0.0090666344064696,7.096833581239665,28535,9.0666344064696
3.631443,1,4482.068055,True,True,0.0048845374600476,11.339643887906895,28536,4.8845374600476
0.882281,9,4483.416742,True,True,0.0025482662378874,13.606418840394602,28545,2.5482662378874
2.399786,2,4484.758513,True,True,0.0048375958036742,12.943616249379277,28547,4.8375958036742
4.999393,2,4486.114275,True,True,0.0004183481870576,8.452213782431851,28549,0.4183481870576
3.144326,2,4487.379955,True,True,0.0072004013734296,11.945155105698436,28551,7.2004013734296
-0.163874,5,4488.702965,True,True,0.0024256566162302,16.289495340096607,28556,2.4256566162302002
2.30812,3,4490.036901,True,True,0.0046598366333001,13.211427904334377,28559,4.659836633300101
0.190126,16,4490.037903,True,True,0.0097585119958048,15.282849519923852,28575,9.7585119958048
3.740795,4,4491.895287,True,True,0.0001760040646839,10.57505145120816,28579,0.1760040646839
1.453534,4,4493.206493,True,True,0.0017853241416266,14.663727981630556,28583,1.7853241416266
6.944304,2,4494.522207,True,True,0.0001706240082501,5.207087288887813,28585,0.17062400825010002
8.405923,5,4494.525213,True,True,0.0030616094617345,2.06922915800724,28590,3.0616094617344998
8.56337,1,4494.528871,True,True,0.0002769599987132,2.4337846733957216,28591,0.2769599987132
7.871542,1,4496.30812,True,True,5.841253355450687e-06,3.683118779777468,28592,0.005841253355450687
3.927253,1,4496.316127,True,True,0.0032430112234379,10.804956931508125,28593,3.2430112234379003
3.825234,1,4496.317126,True,True,0.0011857959246808,10.98747537896563,28594,1.1857959246807999
4.92574,1,4497.985052,True,True,1.519459167828932e-06,9.001019462018379,28595,0.001519459167828932
5.236029,1,4497.994484,True,True,0.0036091909033907,8.4441624045241,28596,3.6091909033907
7.150059,1,4499.859676,True,True,0.0049892589316598,4.991154194528964,28597,4.9892589316598
8.750553,3,4500.998016,True,True,2.0723641288662636e-05,2.2164939343285472,28600,0.020723641288662636
3.290289,7,4502.466946,True,True,0.0022766582176521,11.13416728829282,28607,2.2766582176520997
1.5219,9,4502.471951,True,True,0.00378763566489,14.095571022887173,28616,3.78763566489
5.015905,1,4505.234737,True,True,2.075267431469736e-05,8.838334498320304,28617,0.02075267431469736
0.931037,1,4505.237741,True,True,0.0008370536401093,16.206554449575627,28618,0.8370536401093001
3.044632,1,4507.037648,True,True,0.0028884212926771,12.396622475367652,28619,2.8884212926771
-6.101141,5,4508.593967,True,True,0.007689634305345,17.709421205632047,28624,7.689634305345
9.147892,4,4508.594954,True,True,0.0001541468308795,0.6623522020655191,28628,0.15414683087949999
0.546378,1,4510.375126,True,True,0.0066852164886322,16.90295863503914,28629,6.6852164886322
2.77022,1,4511.743812,True,True,8.418132788068354e-10,12.889590226532556,28630,8.418132788068354e-07
9.809614,1,4513.123378,True,True,0.0048612163165187,0.1880763479309889,28631,4.8612163165187
5.288673,1,4514.404461,True,True,0.0004230853891349,8.346456537374983,28632,0.4230853891349
-38.949095,60,4515.776948,False,True,0.0114515316119847,0.1518308101863994,28692,11.4515316119847
6.017665,2,4515.791492,True,True,0.0009032243059319,7.044359377573104,28694,0.9032243059319001
8.116119,2,4517.587261,True,True,0.0007596769129345,2.940463646897225,28696,0.7596769129344999
8.214733,1,4518.975562,True,True,0.0004126871190347,3.059981809447573,28697,0.4126871190347
6.513966,1,4520.087926,True,True,0.0036208506451334,6.138001689827455,28698,3.6208506451334
3.570041,1,4521.298149,True,True,0.0001483642407339,11.447042950022013,28699,0.1483642407339
3.361665,1,4522.573155,True,True,4.3160959329116574e-09,11.82281084601373,28700,4.3160959329116575e-06
-1.157917,26,4522.581156,True,True,0.002904280051817,7.30572624555728,28726,2.904280051817
-0.938546,7,4524.409446,True,True,1.3197191294206118e-05,16.25019919985016,28733,0.013197191294206118
7.266922,1,4524.418432,True,True,0.0047131781681359,4.778160766024691,28734,4.7131781681359
7.433936,1,4524.424444,True,True,0.0001596110139101,4.473590763476069,28735,0.1596110139101
3.401485,1,4526.123865,True,True,0.0008458784362604,11.751242031660764,28736,0.8458784362603999
4.16702,1,4526.139382,True,True,0.0041693710369814,10.373136722764484,28737,4.1693710369814
9.859355,1,4528.105152,True,True,3.3916001224501564e-08,0.0915432687792226,28738,3.3916001224501564e-05
1.826377,2,4528.110134,True,True,0.0036879250175656,14.474898193088968,28740,3.6879250175656
7.456359,1,4529.854037,True,True,0.0003112386716354,4.433267289012436,28741,0.3112386716354
2.625908,1,4529.862181,True,True,0.000592596321196,13.150257714220771,28742,0.5925963211959999
2.311613,2,4529.868153,True,True,0.0005215431176203,12.73617739233595,28744,0.5215431176202999
1.902877,1,4531.591739,True,True,0.008580604379505,14.45867030558584,28745,8.580604379505
5.864076,3,4532.995146,True,True,4.342188456412256e-05,7.235147230801483,28748,0.04342188456412256
5.818274,6,4534.474142,True,True,0.0061093463878199,4.9220487699175095,28754,6.1093463878199
3.093944,1,4535.845081,True,True,0.0097242402263773,12.311941344375995,28755,9.7242402263773
-2.717318,14,4537.198608,True,True,0.0030323528112141,7.213811849069499,28769,3.0323528112141003
4.480669,3,4538.630154,True,True,0.0002264206899928,9.31704290619359,28772,0.2264206899928
7.011974,1,4539.90951,True,True,0.0040420049411442,5.238958131868794,28773,4.0420049411442
8.790037,5,4541.386967,True,True,0.0013820342312424,1.6233902019242843,28778,1.3820342312424
3.75654,3,4542.892635,True,True,4.631633785352491e-06,10.5177126847547,28781,0.004631633785352491
4.884266,2,4544.317968,True,True,0.0001002072625,9.126490227710237,28783,0.1002072625
9.397257,1,4545.572913,True,True,0.0045602926302749,0.9326851727407744,28784,4.560292630274899
3.998048,3,4546.971693,True,True,3.213469548688126e-05,9.667504424659793,28787,0.03213469548688126
7.392275,1,4548.198654,True,True,0.0008639639336883,4.549595298747453,28788,0.8639639336883
9.862597,1,4549.464241,True,True,3.231662209709184e-05,0.0857298964139006,28789,0.03231662209709184
6.302366,1,4550.825645,True,True,0.0046140063736849,6.520815662252254,28790,4.614006373684901
5.038859,1,4552.058361,True,True,0.0046908994335851,8.800769120919744,28791,4.6908994335851
7.348478,3,4553.442052,True,True,0.0047607302143525,3.473337534854932,28794,4.7607302143525
1.552679,1,4554.611784,True,True,0.0054506755992255,15.08833927225445,28795,5.4506755992255
2.593882,3,4556.004686,True,True,0.0028034707110875,12.83966050877292,28798,2.8034707110875
3.935131,1,4557.248217,True,True,2.5074541723305037e-06,10.78832937137867,28799,0.0025074541723305037
-18.608157,60,4557.253222,False,True,0.00992418180202,24.025697420836227,28859,9.92418180202
5.505689,2,4559.149518,True,True,0.0046545378703676,6.512069356312175,28861,4.654537870367601
2.104171,1,4560.437186,True,True,0.0001966573898126,14.090898092464853,28862,0.1966573898126
3.6032,1,4561.705196,True,True,0.0050135995759282,11.390666815764668,28863,5.0135995759281995
3.182906,1,4562.947542,True,True,0.0042951830314708,12.148178724818672,28864,4.2951830314708
5.229736,5,4562.952547,True,True,0.0047638449117466,6.544298733374019,28869,4.7638449117466
9.878596,1,4564.79601,True,True,8.090666413974879e-06,0.056775788056453,28870,0.008090666413974879
1.503539,1,4564.798025,True,True,0.0001816555717848,15.173957223428893,28871,0.1816555717848
9.116614,2,4566.56779,True,True,0.0004276887394209,3.186971546843896,28873,0.4276887394209
6.406611,2,4567.987279,True,True,0.0049182025089083,5.927338219957326,28875,4.9182025089083
0.160702,5,4569.243353,True,True,0.0025218259460954,11.438760120986796,28880,2.5218259460954
1.908597,1,4569.246372,True,True,0.0004298116989259,14.443717522022752,28881,0.4298116989259
4.935777,2,4571.069921,True,True,0.0003138778019524,8.585470274194554,28883,0.3138778019524
11.705617,2,4571.070847,True,True,3.3565035253984785e-05,0.0057505459875455,28885,0.033565035253984785
5.285634,2,4573.010729,True,True,0.0050151548831787,8.349418929370938,28887,5.0151548831787
2.432816,1,4574.35012,True,True,4.893048823160703e-05,13.498132618217708,28888,0.04893048823160703
4.498709,1,4575.634315,True,True,0.0003854845425026,9.771857453678368,28889,0.3854845425026
-25.108453,60,4575.636437,False,True,0.0158860510210777,34.176628335394184,28949,15.8860510210777
3.827614,5,4577.37319,True,True,0.0057849817206453,9.735650862756344,28954,5.7849817206453
1.597374,1,4577.378177,True,True,0.0045859723308589,15.007290897782248,28955,4.5859723308589
8.399852,1,4579.177596,True,True,0.0047974685561498,2.734474899020658,28956,4.7974685561498
3.279883,1,4579.185597,True,True,0.0002521075405713,11.970508605389131,28957,0.2521075405713
1.813971,3,4581.128844,True,True,0.0049249084915161,12.844120385998718,28960,4.9249084915161
1.873987,1,4582.289411,True,True,0.0092451557061344,14.511095506822398,28961,9.245155706134401
3.792205,1,4583.577504,True,True,0.004923166942317,11.049724154114262,28962,4.923166942317
5.766182,3,4583.583511,True,True,0.0048675676526978,5.761034554218074,28965,4.8675676526978
9.486782,3,4585.520241,True,True,0.000111632756051,0.4437674361758917,28968,0.111632756051
2.732167,6,4585.524234,True,True,0.0013910148101056,7.844039095750966,28974,1.3910148101056001
-28.117449,60,4587.422276,False,True,0.016171470651633,56.965096247386654,29034,16.171470651633
6.595582,1,4588.766809,True,True,0.0002728646027483,5.987407430825389,29035,0.2728646027483
8.506585,2,4588.783779,True,True,0.0046927361382293,2.394092736005571,29037,4.6927361382293
2.594617,2,4588.787773,True,True,0.0014012056569456,11.52154191199372,29039,1.4012056569456
6.532753,4,4591.124725,True,True,0.0002755879921811,6.627489806240144,29043,0.2755879921811
6.38388,2,4592.539744,True,True,3.3229332959266566e-05,6.615204125820582,29045,0.03322933295926657
7.131992,3,4593.775582,True,True,0.0023676582137153,5.579390116361929,29048,2.3676582137153
3.036078,3,4595.004746,True,True,0.0016438670844406,12.162048399696804,29051,1.6438670844406
0.014584,1,4596.122522,True,True,0.0048164677027811,17.86061678270522,29052,4.8164677027811
5.911615,3,4597.351043,True,True,0.0046242986257667,6.87155977982215,29055,4.6242986257667
-5.895223,22,4598.646814,True,True,0.0036157708675146,13.32684004527977,29077,3.6157708675146
5.007653,1,4598.653816,True,True,0.0001412160553651,8.853329290536786,29078,0.1412160553651
4.571907,2,4599.996325,True,True,0.0011454182921111,9.545869542931538,29080,1.1454182921110998
1.43589,1,4601.187735,True,True,1.1070800300041746e-05,15.295833163371976,29081,0.011070800300041745
6.788033,1,4602.306095,True,True,0.0040154982856747,5.6436935143212015,29082,4.0154982856747
2.23666,1,4603.5578,True,True,0.0051867377326006,13.85502452801876,29083,5.186737732600601
4.897445,5,4603.562805,True,True,1.3190949080203046e-06,6.300648917799129,29088,0.0013190949080203046
-6.724155,22,4603.564803,True,True,0.0067583214710109,17.114082769553253,29110,6.7583214710109
9.734045,1,4605.007806,True,True,0.0001363668562961,0.318232501286056,29111,0.1363668562961
3.644232,2,4606.187247,True,True,0.0089519151843914,10.981471879723802,29113,8.9519151843914
3.534364,1,4606.190431,True,True,0.0015084538518486,11.512387994314924,29114,1.5084538518486
9.07916,1,4607.573054,True,True,0.004696855571384,1.507471525688744,29115,4.696855571384
4.254077,2,4608.834449,True,True,0.0051298447479763,9.934901923647809,29117,5.129844747976301
8.002828,1,4608.843452,True,True,8.973490005330376e-07,3.445990958391327,29118,0.0008973490005330376
9.361828,1,4610.20449,True,True,0.003372780495247,0.995193132125337,29119,3.372780495247
2.439269,1,4610.213483,True,True,1.4255026326015496e-10,13.486461682027429,29120,1.4255026326015496e-07
8.364468,1,4611.550824,True,True,9.022236796180604e-05,2.7928656165121497,29121,0.09022236796180604
1.273636,7,4612.834333,True,True,0.007037963628208,13.68284258621212,29128,7.037963628208
7.757518,1,4612.843334,True,True,0.0014734090760899,3.890718623027288,29129,1.4734090760899
6.15331,3,4614.151421,True,True,0.0046753576640899,5.933895007747286,29132,4.6753576640899
4.753915,3,4615.481749,True,True,0.0051956590993557,8.67315800694764,29135,5.1956590993557
8.539254,2,4615.489754,True,True,0.0002766820149037,2.806946931099513,29137,0.27668201490370004
6.777531,2,4616.920191,True,True,4.989468088601248e-06,5.718744250144889,29139,0.004989468088601248
5.762716,1,4618.122559,True,True,0.0046880409995851,7.494722591952226,29140,4.6880409995851
0.136385,4,4620.257955,True,True,0.0001277567611926,17.296098731849245,29144,0.1277567611926
-1.402999,7,4620.262943,True,True,0.005190521035385,15.91328628573928,29151,5.190521035384999
4.462571,3,4621.694457,True,True,0.0018159590807029,9.369663421709918,29154,1.8159590807028998
6.818463,2,4621.696446,True,True,0.0048735479831362,5.451641972045327,29156,4.873547983136199
1.882394,1,4623.000335,True,True,0.0041286394390232,14.493162393037078,29157,4.1286394390232
2.898063,1,4623.004607,True,True,0.0025779824846534,12.66074843117725,29158,2.5779824846533996
6.61659,3,4623.004727,True,True,0.0003235543196793,6.268367371699708,29161,0.3235543196793
6.956949,1,4624.352746,True,True,6.81950725626209e-06,5.334710113199202,29162,0.00681950725626209
5.981566,1,4624.364747,True,True,0.0047056080127038,7.099823514530937,29163,4.7056080127038
3.437835,2,4625.727494,True,True,0.0008103677788235,11.631306839316146,29165,0.8103677788235001
2.352948,3,4627.055332,True,True,0.0039024651478704,14.51202749872176,29168,3.9024651478703998
8.299272,1,4628.2492,True,True,4.363951672402538e-05,2.910578544015836,29169,0.04363951672402538
-21.088231,60,4629.902566,False,True,0.0140628080095559,22.76428581034568,29229,14.062808009555901
9.441692,1,4631.221932,True,True,0.0001541368754188,0.846625497949136,29230,0.1541368754188
-6.886824,25,4633.192474,True,True,0.0020777006443262,11.142947440896648,29255,2.0777006443262
6.552744,1,4634.389209,True,True,0.0001735188559938,6.064641401275464,29256,0.17351885599380001
7.115568,1,4635.648453,True,True,0.0045615943145062,5.052994689119919,29257,4.5615943145062
7.268497,1,4636.865569,True,True,0.0049183172521839,4.7772842421288,29258,4.9183172521839
-0.993744,5,4638.246173,True,True,0.0039058734797259,13.122192873184131,29263,3.9058734797259
4.942797,1,4639.533769,True,True,0.0093976657441382,8.97757647297002,29264,9.3976657441382
3.015108,1,4640.711221,True,True,0.004887300479409,12.451161113780094,29265,4.887300479409
-29.39618,60,4642.16497,False,True,0.0128484537172485,39.04261730472301,29325,12.8484537172485
0.335199,4,4643.356756,True,True,3.500568323718651e-05,14.40846005641714,29329,0.03500568323718651
-22.983757,60,4643.373736,False,True,0.0188045039880835,29.337687435158426,29389,18.8045039880835
9.623107,1,4644.774838,True,True,0.0011518506393548,0.5201450980424989,29390,1.1518506393548
7.865727,1,4645.925199,True,True,0.0046158806745329,3.698752025399896,29391,4.6158806745329
9.990398,3,4647.193,True,True,0.0029810721144189,0.0609688151300891,29394,2.9810721144189003
6.856397,2,4648.430965,True,True,0.0005297981969251,4.983490102989632,29396,0.5297981969251
-26.81213,60,4649.676149,False,True,0.0242804269314161,13.07964498564394,29456,24.280426931416102
3.990542,2,4650.895979,True,True,0.0067175317744807,10.252720309807543,29458,6.7175317744807
2.254829,5,4652.30528,True,True,0.0047877396223929,12.247063481844462,29463,4.7877396223929
2.16485,9,4653.632785,True,True,0.0073104120163325,11.537945696277925,29472,7.3104120163325
4.851324,13,4653.636472,True,True,6.626693401734496e-05,4.316646029035404,29485,0.06626693401734496
9.143342,1,4654.984839,True,True,0.0022282522275417,1.388466449155201,29486,2.2282522275417
4.104895,5,4656.37703,True,True,0.001343656730764,8.816654033653665,29491,1.343656730764
4.167169,2,4656.39101,True,True,0.0043774909541383,10.38576383971659,29493,4.3774909541383
8.441835,1,4657.824017,True,True,0.0047031076836908,2.6585518184176657,29494,4.7031076836908
2.259135,2,4657.830003,True,True,0.0003912522864903,13.05061463545632,29496,0.39125228649029997
6.881397,1,4657.837992,True,True,0.003650150440936,5.474810522281975,29497,3.650150440936
6.710297,1,4659.309777,True,True,8.298258473376152e-05,5.780111746191401,29498,0.08298258473376152
2.750801,1,4659.315764,True,True,1.831689730447117e-10,12.924613089901634,29499,1.831689730447117e-07
8.497846,1,4660.614598,True,True,0.0025117932258671,2.5548612971917257,29500,2.5117932258671
2.696885,2,4660.627587,True,True,0.0007526806652478,11.777245532153705,29502,0.7526806652478
7.90632,1,4661.947555,True,True,0.0047200980306815,3.624862782580951,29503,4.7200980306815
8.753892,1,4663.16752,True,True,6.031743384812133e-06,2.089242591788393,29504,0.006031743384812133
6.410683,1,4664.430607,True,True,0.0005471125123589,6.321468493974851,29505,0.5471125123589
4.029167,4,4664.437591,True,True,0.0048947819348929,8.65723589252884,29509,4.8947819348929
7.824055,1,4665.818403,True,True,0.0046625856088143,3.7740413359678207,29510,4.662585608814299
8.36936,2,4667.062427,True,True,4.7785040817295565e-05,1.9031904621651936,29512,0.047785040817295565
1.442548,5,4667.071425,True,True,0.0039789654307216,13.773382344864348,29517,3.9789654307216
1.668089,1,4667.074405,True,True,0.0004408430814884,14.877405681522731,29518,0.4408430814884
8.837019,1,4668.535567,True,True,0.0054850133416841,1.9457524645123327,29519,5.4850133416841
8.987704,1,4668.549569,True,True,0.0045181455846247,1.6724516836443262,29520,4.518145584624699
7.787451,2,4669.848263,True,True,0.0053625363468072,3.330270864157161,29522,5.3625363468072
3.70056,2,4671.142334,True,True,0.0025650401200345,11.087221629119178,29524,2.5650401200345
-1.964839,4,4672.477506,True,True,0.0001663018268293,15.073788991394766,29528,0.1663018268293
7.540141,3,4673.703359,True,True,0.0064200857946222,5.461359663097942,29531,6.4200857946222
1.750538,1,4675.021981,True,True,3.6962048005628745e-11,14.728468010627845,29532,3.6962048005628745e-08
-5.227317,8,4676.220963,True,True,0.0024882346187597,13.533568399409823,29540,2.4882346187596998
9.28426,1,4676.227967,True,True,3.522447097712052e-05,1.1309648213695938,29541,0.03522447097712052
3.783539,1,4677.671274,True,True,0.0037071070381424,11.06450777627481,29542,3.7071070381424
8.93859,2,4678.922957,True,True,0.0005146159989146,2.500323577885665,29544,0.5146159989146
1.661115,1,4680.210411,True,True,0.0029755285804621,14.89146649401591,29545,2.9755285804621003
7.245687,2,4681.456635,True,True,0.0045340000179066,3.524618034760171,29547,4.5340000179066
6.746797,1,4682.647235,True,True,0.0018313515524818,5.715990351224107,29548,1.8313515524818
2.717547,1,4683.91681,True,True,3.8438071302271393e-10,12.984588581250328,29549,3.8438071302271393e-07
1.019746,2,4685.144334,True,True,2.45018526995322e-09,15.787682377016097,29551,2.45018526995322e-06
3.073672,1,4686.404542,True,True,0.0003569638812859,12.342525225609055,29552,0.3569638812859
5.615877,1,4687.591083,True,True,1.1722585172260942e-05,7.755577693606919,29553,0.011722585172260942
5.021759,1,4688.758471,True,True,1.085829520558858e-06,8.827753120733961,29554,0.001085829520558858
2.72434,1,4689.880904,True,True,0.0001524774171204,12.97244075618594,29555,0.1524774171204
-19.396718,50,4689.891929,True,True,0.0107048382746723,9.594156146355392,29605,10.7048382746723
8.485875,1,4691.20614,True,True,0.0045819065725913,2.5788827014478746,29606,4.5819065725913
1.853103,1,4692.250238,True,True,0.002047285143196,14.544761733693576,29607,2.047285143196
5.114282,1,4693.473436,True,True,1.5088490606673685e-05,8.660803588875623,29608,0.015088490606673685
7.578681,4,4694.6266,True,True,0.0039891866218403,4.312792674026845,29612,3.9891866218403003
3.978166,1,4694.631605,True,True,6.276597785256997e-05,10.71073930162646,29613,0.06276597785256996
5.427247,1,4695.971273,True,True,0.0020527794400739,8.09781315412992,29614,2.0527794400738997
5.30543,1,4695.985888,True,True,0.0005057576407493,8.31629057739343,29615,0.5057576407493
1.949603,2,4697.351109,True,True,0.0045206009164783,13.59003319535783,29617,4.5206009164783
6.832025,2,4697.363801,True,True,0.0063861337453524,4.565185381454081,29619,6.3861337453524
8.033831,1,4698.759459,True,True,0.0002697614972042,3.3903109219169263,29620,0.2697614972042
5.066557,3,4700.383212,True,True,0.0025893575550226,8.392053757637482,29623,2.5893575550226
8.183621,2,4700.385217,True,True,0.0070499663899127,3.112121672466217,29625,7.0499663899127
0.369039,1,4702.360708,True,True,0.0001021533323015,17.217847278291938,29626,0.1021533323015
3.771965,1,4703.598398,True,True,0.0094768574379036,11.089214677994562,29627,9.4768574379036
0.386042,1,4704.710886,True,True,0.0001965050344274,17.188740310968484,29628,0.1965050344274
4.129649,3,4704.714903,True,True,0.0008786126874649,10.214222183001157,29631,0.8786126874649
5.886897,1,4706.424183,True,True,0.0004159694703359,7.266800207675619,29632,0.4159694703359
3.017838,4,4708.503015,True,True,0.0014766354326646,11.689825306985854,29636,1.4766354326645998
8.416342,1,4709.616441,True,True,6.472745371626561e-05,2.699127809820434,29637,0.06472745371626562
6.111141,7,4710.970329,True,True,0.007162600171167,3.021708985853382,29644,7.162600171167
6.225752,1,4712.199524,True,True,0.0041474975622361,6.658661390709864,29645,4.1474975622361
-0.102191,6,4713.423074,True,True,0.0039176075351378,15.056709432305643,29651,3.9176075351378006
9.35535,1,4714.507554,True,True,7.85982092129777e-06,1.0024599959929128,29652,0.00785982092129777
4.918284,1,4715.638549,True,True,2.924426832924041e-06,9.014475963306325,29653,0.0029244268329240413
5.822888,1,4716.76279,True,True,0.0109298320834713,7.391161294526759,29654,10.9298320834713
7.826707,7,4718.000986,True,True,0.0021665975906175,2.693340768810946,29661,2.1665975906175
5.384109,4,4719.202292,True,True,0.0003886358648742,7.290345672310108,29665,0.3886358648742
4.92527,2,4719.209292,True,True,7.059663121448609e-06,8.868568372905045,29667,0.007059663121448609
4.791153,1,4720.900106,True,True,0.002699522549919,9.24608842321922,29668,2.6995225499189996
9.497857,2,4722.0579,True,True,3.24843647193933e-05,0.5847639083410183,29670,0.0324843647193933
8.384586,4,4723.277743,True,True,1.2204802450045248e-05,2.297848273888609,29674,0.012204802450045248
2.994492,3,4723.280753,True,True,0.0001711946867821,12.235145903523778,29677,0.1711946867821
-18.974575,60,4724.856244,False,True,0.0157073301183295,33.53873581837299,29737,15.707330118329502
4.876075,1,4724.867235,True,True,0.0042922550784579,9.092725964565515,29738,4.2922550784579
3.423954,1,4726.565295,True,True,0.0026329024061782,11.71232633869001,29739,2.6329024061782
2.053091,2,4727.83059,True,True,0.0003635047675825,12.26634057314244,29741,0.3635047675825
9.873234,1,4729.017815,True,True,1.2647258420121418e-05,0.0664741820854237,29742,0.012647258420121418
-19.049754,60,4730.561935,False,True,0.0074035976027982,28.372259334321157,29802,7.4035976027982
5.54193,2,4731.804275,True,True,0.0022727112431434,8.234615052743786,29804,2.2727112431434002
-0.688807,5,4733.079906,True,True,0.004763482222771,16.02246559231594,29809,4.763482222771
5.687556,1,4734.301998,True,True,0.0047024082558218,7.630355530254701,29810,4.7024082558218
-2.601987,18,4735.517166,True,True,0.0023681545277899,10.99884679974278,29828,2.3681545277899
2.852444,1,4736.714107,True,True,0.00623747308557,12.745323393416042,29829,6.2374730855700005
5.917198,10,4738.048122,True,True,0.0047841882350251,7.705048215037659,29839,4.7841882350251
7.19294,1,4739.470646,True,True,0.000132792700677,4.908736949612125,29840,0.132792700677
3.814348,1,4740.833738,True,True,0.0040357907016233,11.00916971095261,29841,4.0357907016233
1.924189,1,4742.087543,True,True,9.39836858023799e-05,14.41539355950555,29842,0.0939836858023799
-3.814252,13,4743.364625,True,True,0.0046726704536957,11.351463218119042,29855,4.672670453695701
3.447975,3,4743.366623,True,True,0.0003234459083892,11.344716187014011,29858,0.3234459083892
-12.044201,37,4745.00449,True,True,0.0013986544601917,11.556325365909649,29895,1.3986544601917
0.9508,2,4746.12618,True,True,0.0012265113022068,16.0533389416258,29897,1.2265113022068
4.471182,1,4747.289614,True,True,3.016349626594928e-05,9.821235752230889,29898,0.030163496265949278
6.221048,5,4748.419162,True,True,0.0026393151726222,6.759472673656924,29903,2.6393151726222
3.303483,2,4749.648788,True,True,3.123203085042548e-12,11.801255998649696,29905,3.123203085042548e-09
8.580585,1,4749.655782,True,True,0.0047583470190145,2.408041491076985,29906,4.7583470190145
3.956004,1,4751.466457,True,True,0.0046548163470205,10.754101757870291,29907,4.6548163470205
9.172402,1,4751.471462,True,True,0.0035133715559431,1.335294050099862,29908,3.5133715559431002
7.283577,3,4753.323111,True,True,0.0045328854710408,3.133463403043757,29911,4.5328854710407995
-1.940879,10,4753.331575,True,True,0.0074369820577812,13.87181928919232,29921,7.4369820577812
9.496468,1,4754.917466,True,True,5.687144761608396e-06,0.747430016743879,29922,0.005687144761608396
4.289553,1,4754.927455,True,True,0.0013691472853591,10.14999150472342,29923,1.3691472853591
0.447457,1,4756.688175,True,True,0.0052746478882841,17.080592255747533,29924,5.2746478882841
2.404816,2,4757.839547,True,True,0.0002488016757507,13.933475995918734,29926,0.24880167575070003
5.841241,1,4759.031455,True,True,0.0070642881408757,7.355014281102312,29927,7.0642881408757
1.820316,8,4760.171091,True,True,0.0049646835809264,12.525883107645836,29935,4.9646835809264
5.651476,4,4761.297303,True,True,0.0071719480786595,10.707249788512245,29939,7.1719480786595
6.486927,3,4762.602378,True,True,0.0080095692228993,4.908403754362061,29942,8.009569222899302
-3.163981,7,4763.768271,True,True,0.0005552183537637,16.37302363274017,29949,0.5552183537637
0.942696,6,4765.054059,True,True,0.0054718802907293,13.388171645374747,29955,5.4718802907293
-34.733451,60,4766.219096,False,True,0.0359155231114245,29.22238870007049,30015,35.9155231114245
8.854468,1,4766.224095,True,True,0.0023342917922336,1.9104709953997996,30016,2.3342917922336
8.149258,1,4767.931875,True,True,5.1736899647382775e-05,3.181563696450846,30017,0.051736899647382775
0.97084,1,4769.114089,True,True,0.0031660966838195,16.136055731828264,30018,3.1660966838194997
7.752652,1,4770.272768,True,True,0.0021846418957874,3.900296151314802,30019,2.1846418957874003
-4.39834,8,4771.727669,True,True,0.0008508495244324,15.991680050649238,30027,0.8508495244324
5.904579,1,4772.791943,True,True,0.0021058262172641,7.236447123439838,30028,2.1058262172641
0.462825,1,4774.014803,True,True,0.0002722403843077,17.04855431455823,30029,0.27224038430770003
-17.553707,24,4774.022784,True,True,0.0093458409189324,14.96278424178316,30053,9.3458409189324
-1.855447,18,4774.025779,True,True,0.0083106211014723,5.618786449329874,30071,8.3106211014723
0.573353,1,4775.663159,True,True,0.0024271743270705,16.852232949398562,30072,2.4271743270705
7.005466,1,4776.757655,True,True,3.6351290335322206e-07,5.2471018995811765,30073,0.00036351290335322206
4.098567,2,4776.76365,True,True,4.441293160670212e-08,10.261878219818175,30075,4.441293160670212e-05
4.447698,3,4778.653444,True,True,0.0019340446262825,8.48701255028064,30078,1.9340446262825
4.939702,2,4779.811673,True,True,7.92215314937908e-05,8.721771764397113,30080,0.0792215314937908
1.159383,14,4781.204888,True,True,0.0071119852730197,9.236973398600488,30094,7.1119852730197
-12.296306,18,4782.46886,True,True,1.0346558981742455e-05,17.61450573377866,30112,0.010346558981742455
7.845114,1,4784.363177,True,True,0.0002280185170243,3.7300044776041994,30113,0.2280185170243
-1.225178,5,4785.629706,True,True,0.002301548375318,16.5677692228732,30118,2.3015483753179997
1.968976,2,4785.648695,True,True,0.0053356258034063,14.187563295617204,30120,5.3356258034063
1.309958,3,4787.466027,True,True,0.0018470947822586,15.240015106746169,30123,1.8470947822586
0.84932,1,4789.383502,True,True,0.0112620681371745,16.355821064069577,30124,11.262068137174499
0.905034,8,4791.301328,True,True,0.0058943499435082,15.095072863547308,30132,5.8943499435082
2.326577,3,4794.115679,True,True,0.0051307374802796,13.205687134457472,30135,5.1307374802796
3.821924,2,4795.680879,True,True,0.0117471175951934,10.41899089687738,30137,11.7471175951934
4.150711,1,4797.141458,True,True,1.8487754459815996e-05,10.399417146561133,30138,0.018487754459815996
1.615147,2,4798.939566,True,True,0.0029908792207434,14.65510628712563,30140,2.9908792207433996
4.548286,1,4800.592659,True,True,0.0029019514639358,9.684410002172667,30141,2.9019514639358004
-19.328593,60,4802.511454,False,True,0.0555321864089459,42.25523167307118,30201,55.532186408945904
-0.464153,12,4804.21068,True,True,0.0076850822491437,12.758918201595709,30213,7.6850822491437
1.160855,4,4805.79089,True,True,0.0118614655594388,14.755660712659598,30217,11.8614655594388
-10.113671,27,4807.352346,True,True,0.0118506925888457,15.61386735167974,30244,11.850692588845702
7.399554,2,4808.948539,True,True,0.0001232034011612,4.826217616216526,30246,0.1232034011612
6.701958,3,4808.957949,True,True,0.0048025367201193,4.66922100767456,30249,4.8025367201193
2.231162,1,4811.080347,True,True,0.0112681055908691,13.86826082378418,30250,11.268105590869101
1.905864,4,4812.718352,True,True,0.0011169745212584,14.17783886931781,30254,1.1169745212584
2.271079,1,4814.154347,True,True,0.0096214255988894,13.795438931608496,30255,9.621425598889399
5.290922,2,4815.790971,True,True,0.0046301374431269,8.143130054352659,30257,4.6301374431269
6.73083,2,4817.345454,True,True,0.0047638223747824,5.718075060058619,30259,4.7638223747824
-20.186161,60,4819.120205,False,True,0.0204347204581379,34.739102427576675,30319,20.4347204581379
8.432775,1,4820.681509,True,True,4.144307557929408e-05,2.6694118588235822,30320,0.04144307557929408
0.497198,2,4822.315878,True,True,0.0069927924945442,16.95524582017986,30322,6.9927924945442
-5.160331,20,4824.150512,True,True,0.0072094898511335,17.86787408776985,30342,7.2094898511335
2.186435,1,4825.588948,True,True,0.0016847931184537,13.943485688494732,30343,1.6847931184537
-5.112381,30,4827.196767,True,True,0.0116754116178625,8.486584122178837,30373,11.6754116178625
-25.402172,60,4829.942552,False,True,0.0237915319485062,14.65655227634156,30433,23.791531948506197
4.549052,1,4831.498809,True,True,0.0023487662256188,9.682596715591531,30434,2.3487662256188
4.171344,5,4833.19083,True,True,0.0003187520037336,8.958410435479477,30439,0.3187520037336
-19.36043,60,4835.283153,False,True,0.0396850922356721,47.29712625757716,30499,39.6850922356721
-38.909888,60,4837.232204,False,True,0.0116495716585238,29.35846771704069,30559,11.6495716585238
4.713755,1,4838.810082,True,True,0.0019520018359208,9.385131096120356,30560,1.9520018359207998
-21.132032,60,4840.261966,False,True,0.0096310286773326,9.181137607113577,30620,9.6310286773326
-1.044244,26,4841.747828,True,True,0.007160985350617,9.578137111200922,30646,7.160985350617
-1.013719,3,4843.371824,True,True,0.0011581717939131,16.439048285348544,30649,1.1581717939131
-4.30461,10,4845.020417,True,True,0.0096816582032522,17.91542613379769,30659,9.681658203252201
8.604174,1,4846.563369,True,True,0.0005569294019787,2.3604205952317017,30660,0.5569294019787
3.597078,2,4848.267061,True,True,0.0048783461171919,11.270663276888564,30662,4.8783461171919
8.825317,1,4849.888037,True,True,0.0010651368239248,1.961548684314291,30663,1.0651368239248
-0.159757,19,4852.852743,True,True,0.0091424459417948,1.4775980937818844,30682,9.142445941794799
0.382752,4,4854.577957,True,True,0.0017273892011491,16.878236898743335,30686,1.7273892011490999
0.408868,2,4856.147793,True,True,0.0087674227962401,16.53586595099085,30688,8.7674227962401
4.15854,1,4857.690256,True,True,0.006062625454413,10.389780940273768,30689,6.062625454412999
0.458316,2,4859.385397,True,True,0.0090758656952072,16.750696420349108,30691,9.0758656952072
-5.636423,9,4861.227149,True,True,0.004424242143317,16.809723970926044,30700,4.424242143317
3.744834,3,4862.981595,True,True,0.0057349681938541,10.761246700140047,30703,5.7349681938541
-22.579881,60,4864.587308,False,True,0.0051139865751631,21.8821113481582,30763,5.1139865751631
3.181539,2,4864.590354,True,True,0.009600512512855,11.700813509954738,30765,9.600512512855
9.20722,1,4866.62474,True,True,0.0010806996261131,1.2715676166249423,30766,1.0806996261131
8.79447,1,4866.629277,True,True,8.085045336296906e-06,2.0159316697973453,30767,0.008085045336296906
2.820804,3,4868.905843,True,True,3.0809309537521695e-05,12.30589049043573,30770,0.030809309537521694
6.708823,1,4870.407209,True,True,3.932475449543367e-05,5.774397963770806,30771,0.03932475449543367
1.732895,7,4872.198595,True,True,0.0001396190186718,14.324130238774984,30778,0.13961901867180002
6.569107,3,4874.159578,True,True,0.0021933860060531,5.953680874357195,30781,2.1933860060531
-21.692696,60,4876.142722,False,True,0.0230875333538018,30.6605011097118,30841,23.0875333538018
5.927237,3,4876.149725,True,True,0.0071431989395543,6.83391448452864,30844,7.1431989395543
5.851751,2,4878.531919,True,True,0.0066779291543136,6.837035631742501,30846,6.6779291543136
2.649704,1,4880.5589,True,True,0.007559100500108,13.111665648736146,30847,7.559100500108
2.00193,5,4882.214584,True,True,0.0023797048162378,9.10806111385584,30852,2.3797048162378
3.609063,3,4883.796812,True,True,0.0069919552387583,10.842217820411715,30855,6.9919552387583
1.916773,3,4885.759074,True,True,0.0006264840768136,14.290575817149032,30858,0.6264840768136001
2.51883,3,4887.361896,True,True,0.0002886669645986,13.095860734869133,30861,0.2886669645986
-17.488989,60,4888.707259,False,True,0.0098763863397631,15.37416091897899,30921,9.876386339763101
-0.092545,2,4889.984882,True,True,0.0059994359162252,17.852021152109433,30923,5.9994359162252
1.195345,2,4891.175862,True,True,0.0050273461567036,15.615881679093194,30925,5.0273461567036
4.464853,11,4891.181848,True,True,0.0023738578936311,6.206578201777335,30936,2.3738578936311003
9.797901,2,4892.885106,True,True,0.0071846859717031,2.1765401440712573,30938,7.184685971703099
6.017062,1,4894.15537,True,True,0.004737209424979,7.03579580721241,30939,4.7372094249789996
-3.921812,9,4895.9721,True,True,0.0045510257322521,17.585823630116302,30948,4.5510257322521
2.550992,15,4897.563675,True,True,0.0095445736038329,11.098470303696208,30963,9.5445736038329
4.167594,1,4899.728795,True,True,0.0026989494123869,10.371017831995788,30964,2.6989494123869
-19.951005,42,4899.738267,True,True,0.002953071835933,17.26629967279587,31006,2.953071835933
0.172023,5,4901.755411,True,True,0.0108584951186291,16.70758736356452,31011,10.8584951186291
5.652511,2,4903.328065,True,True,8.758816964060927e-05,5.965948886588417,31013,0.08758816964060928
-16.313375,60,4905.733318,False,True,0.0164445559114362,2.3414250382172925,31073,16.4445559114362
2.774979,1,4907.248796,True,True,0.0048841973055874,12.884179481698164,31074,4.8841973055874
-30.453656,60,4909.994274,False,True,0.0248584246812544,29.663862443342648,31134,24.8584246812544
8.155457,1,4911.195912,True,True,0.0047218069263173,3.175716718064548,31135,4.7218069263173
-23.217754,60,4912.486265,False,True,0.0197370557596092,33.528455667212995,31195,19.7370557596092
2.746588,5,4913.799802,True,True,0.0023244950053173,11.36866722800087,31200,2.3244950053173
2.239623,1,4914.938231,True,True,7.587301672393578e-05,13.846554661351012,31201,0.07587301672393577
-19.315977,60,4916.089527,False,True,0.0079058965379685,8.478398900096753,31261,7.9058965379685
-0.229614,9,4917.496092,True,True,0.0017094696533291,14.504439279452086,31270,1.7094696533290998
-11.003864,32,4919.409533,True,True,0.0009805266481393,15.669717239013744,31302,0.9805266481393
-7.367406,22,4919.415524,True,True,0.0045471577039779,16.720013800630312,31324,4.5471577039779
1.809655,1,4921.020455,True,True,0.0071464069444833,14.62596903473608,31325,7.1464069444833
-12.533004,60,4921.022454,False,True,0.0204983085978037,26.06512068807748,31385,20.4983085978037
-0.035354,1,4922.555511,True,True,0.0013677778296735,17.94897906221664,31386,1.3677778296735
5.330619,2,4923.70428,True,True,0.0092660976511298,8.46931730004506,31388,9.266097651129801
2.831731,3,4924.99828,True,True,0.0002450415188153,12.531409635842172,31391,0.2450415188153
2.307937,1,4926.198603,True,True,0.0034656826975692,13.725482511914516,31392,3.4656826975692003
0.592312,19,4927.798056,True,True,0.0118992558190678,9.720959331750976,31411,11.8992558190678
-17.880813,60,4927.801032,False,True,0.0208750736805697,16.827870964811456,31471,20.8750736805697
7.986405,1,4929.458502,True,True,0.0071903877766776,3.4835533383759856,31472,7.1903877766776
9.235442,1,4929.462498,True,True,0.0095801668992808,1.2308658418728646,31473,9.5801668992808
-17.660247,60,4932.848977,False,True,0.0028104567888407,4.759264970216494,31533,2.8104567888407
7.647327,5,4934.079406,True,True,0.0002852044138135,5.156152551685101,31538,0.28520441381350004
-34.855654,60,4934.085416,False,True,0.0155088349997729,33.518074275407905,31598,15.508834999772901
1.451397,2,4935.894715,True,True,0.0029392075766882,15.160525266077943,31600,2.9392075766882
-13.59886,60,4937.519508,False,True,0.0088117092011632,13.513240889064775,31660,8.8117092011632
-30.512739,60,4937.527742,False,True,0.0223970989360344,24.27898942960452,31720,22.3970989360344
6.997725,1,4940.052109,True,True,0.0027156841187254,5.26389014865517,31721,2.7156841187254
3.768047,4,4941.270385,True,True,0.0048404286886324,11.21712942671286,31725,4.8404286886324
-1.118824,17,4942.409601,True,True,0.0070655671147739,12.994074206929804,31742,7.065567114773899
9.219743,3,4943.590464,True,True,0.0050326745518653,1.4217029991142625,31745,5.0326745518653
1.48052,1,4944.761215,True,True,0.0035499955751974,15.217393752861549,31746,3.5499955751974
3.984796,1,4945.9809,True,True,0.0070815257965558,10.703842208743628,31747,7.081525796555799
6.89711,7,4947.39248,True,True,0.0082347170023219,4.811434364497769,31754,8.2347170023219
9.906269,1,4948.576577,True,True,3.2607626968181834e-06,0.0067482023297512,31755,0.0032607626968181834
-1.323353,21,4950.166289,True,True,0.0117139869683287,11.391177554990913,31776,11.7139869683287
1.148908,3,4951.401613,True,True,0.0059888083071429,15.747472827773311,31779,5.988808307142899
-1.583113,14,4952.702705,True,True,0.0043048130465542,16.48821329356478,31793,4.3048130465542
6.346853,1,4953.970274,True,True,0.0020529528628542,6.438149107839009,31794,2.0529528628542
-25.345783,60,4955.538478,False,True,0.0016492568819585,31.32989918300996,31854,1.6492568819584998
-3.513614,16,4956.770399,True,True,0.0021118759349198,15.947138854430104,31870,2.1118759349198
0.413456,3,4958.05716,True,True,0.0047606053404353,14.540844211550526,31873,4.7606053404353
8.686097,6,4959.103423,True,True,2.799094735526659e-06,3.640694651693797,31879,0.002799094735526659
0.265994,5,4960.376788,True,True,0.0094636672727326,15.117632920018982,31884,9.4636672727326
3.747081,1,4961.594326,True,True,0.0057145826370849,11.131646912398915,31885,5.7145826370848996
-13.490296,60,4962.770207,False,True,0.0271389400975324,30.451604974047477,31945,27.138940097532398
3.432501,2,4962.776194,True,True,0.0003978263940978,11.760968580889172,31947,0.3978263940978
0.650939,8,4964.61909,True,True,0.0038183726820397,15.60950924680924,31955,3.8183726820397
1.330326,2,4965.750265,True,True,0.0097363773677296,13.53950661189802,31957,9.736377367729599
-16.768719,60,4967.796562,False,True,0.0138057681388381,35.55472913733856,32017,13.8057681388381
5.289788,3,4969.453067,True,True,0.0003509635157944,9.256539678694264,32020,0.3509635157944
1.491341,1,4970.775636,True,True,0.0105853162822879,15.201525378926208,32021,10.5853162822879
7.936201,1,4971.958218,True,True,0.0060619226789835,3.5730297071520254,32022,6.0619226789835
6.320431,1,4973.187753,True,True,0.0049934950642663,6.488553570562503,32023,4.9934950642663
-14.780745,60,4974.880787,False,True,0.0120594748522888,19.188446071459826,32083,12.0594748522888
2.701142,1,4976.088052,True,True,0.0049077410632711,13.017338289408103,32084,4.9077410632711
-6.999903,60,4977.46467,False,False,0.0023452578168848,16.55018218127077,32144,2.3452578168848
8.4774,2,4978.63884,True,True,0.0068046918045033,3.20110754245784,32146,6.8046918045033
1.700867,1,4979.838934,True,True,0.0014094144034302,14.818881989294525,32147,1.4094144034301999
-18.170009,60,4982.067142,False,True,0.017732670791559,36.18681252570446,32207,17.732670791559002
9.892433,1,4983.307167,True,True,1.16726224340738e-07,0.0317531195705385,32208,0.000116726224340738
5.305928,1,4984.480749,True,True,0.0004437149750693,8.315336541712792,32209,0.44371497506929997
0.302752,10,4985.700326,True,True,0.0060071281395776,15.988810500383124,32219,6.0071281395776
4.279824,2,4986.931239,True,True,0.0071063156333657,10.046686703093334,32221,7.106315633365701
-11.202321,60,4988.898677,False,True,0.0220598202961149,14.976976075690024,32281,22.0598202961149
1.932896,1,4990.088517,True,True,1.9769071796238435e-11,14.39963318570749,32282,1.9769071796238435e-08
-5.530316,12,4991.573478,True,True,0.0028171098304596,16.634249396247316,32294,2.8171098304596
7.153707,1,4992.692015,True,True,0.002312920768012,4.980822122932104,32295,2.312920768012
-18.577504,60,4994.129272,False,True,0.0024562423292238,22.445218041956224,32355,2.4562423292238003
7.528243,1,4995.347989,True,True,2.4083704755883256e-05,4.303135617456414,32356,0.024083704755883256
-10.685698,60,4997.087882,False,True,0.0161645506383342,17.92671872903967,32416,16.1645506383342
-21.800278,60,4998.414987,False,True,0.0238274024645729,23.97384777277127,32476,23.8274024645729
2.249357,6,4999.650847,True,True,0.0091520742434083,13.599818332270114,32482,9.1520742434083
5.194953,4,5000.754111,True,True,0.0021946910997208,8.43567960866944,32486,2.1946910997208002
5.610255,1,5001.846166,True,True,0.0024087327685008,7.7678745031318,32487,2.4087327685008
6.083546,2,5001.854144,True,True,0.004337514957396,8.08005999807935,32489,4.337514957396
9.063745,6,5003.74408,True,True,0.0001001975484279,2.329662269871779,32495,0.1001975484279
7.451215,3,5005.034265,True,True,0.0045466756500664,3.4329556291093093,32498,4.5466756500664
8.210997,4,5006.35276,True,True,0.0031062609273755,3.423556156062069,32502,3.1062609273755
2.941561,2,5007.61423,True,True,0.0066812476405494,12.46417852529182,32504,6.6812476405494
1.447116,1,5008.7611,True,True,0.007241422620706,15.279583643963702,32505,7.2414226207059995
-17.565706,60,5010.305618,False,True,0.0143876659556146,27.176860330970147,32565,14.387665955614601
2.503839,3,5011.508968,True,True,0.0053335360586123,13.027978141640633,32568,5.3335360586122995
-20.273285,60,5012.766031,False,True,0.0041383935746699,30.324297785958805,32628,4.1383935746699
6.584902,4,5014.310096,True,True,0.0068931198840503,5.315541251114253,32632,6.893119884050299
-7.214022,45,5015.783179,True,True,0.0088215703159049,15.662980182733568,32677,8.8215703159049
5.703898,2,5017.134493,True,True,0.0002440310409741,7.271213475832255,32679,0.2440310409741
-1.879822,26,5020.004856,True,True,0.0047942465727649,15.324800648288528,32705,4.7942465727649
-16.420327,60,5021.482344,False,True,0.0182080494600284,75.5549705504577,32765,18.208049460028402
6.962663,1,5022.805603,True,True,0.00478923801191,5.329224697857355,32766,4.78923801191
1.825019,2,5024.086328,True,True,2.042548932904703e-05,14.360329360581256,32768,0.02042548932904703
1.045345,1,5025.250012,True,True,0.0003932464409611,16.000218267160434,32769,0.39324644096109995
-8.2108,60,5026.90188,False,False,0.0069700530541567,24.920457364336645,32829,6.9700530541567005
0.738703,5,5028.394725,True,True,0.0033163044826841,12.764447764774456,32834,3.3163044826841
-23.447271,60,5029.889317,False,True,0.0023453899235895,34.54166679047795,32894,2.3453899235895
1.189957,1,5031.373893,True,True,0.0075101537281433,15.743284484696918,32895,7.5101537281433
4.443549,7,5032.987505,True,True,0.0003598578954873,10.11530466008735,32902,0.35985789548729996
8.283266,1,5034.381235,True,True,9.805525665701648e-05,2.939558559070078,32903,0.09805525665701648
2.833973,1,5035.652267,True,True,0.0002165605362711,12.774754527612044,32904,0.2165605362711
1.496505,12,5036.954184,True,True,0.0016945887889081,14.047134555976376,32916,1.6945887889081
-14.22736,60,5039.013599,False,True,0.0100847181740043,27.69335018906391,32976,10.0847181740043
3.507513,5,5040.49601,True,True,0.0031232390351105,12.607624690374848,32981,3.1232390351104997
6.13074,1,5042.005008,True,True,0.0007318363903209,6.826972284009808,32982,0.7318363903209
-24.522732,60,5043.439981,False,True,0.0265151916645533,36.86118692094778,33042,26.515191664553303
8.741418,1,5043.443945,True,True,5.627774354076756e-07,2.1117721663193114,33043,0.0005627774354076756
1.385226,1,5045.139835,True,True,0.0060401058233605,15.390531984805277,33044,6.0401058233605
3.891824,1,5046.607406,True,True,0.0031249838447152,10.86877724624505,33045,3.1249838447152003
6.576515,3,5047.96954,True,True,0.0008528633234063,6.883062357364524,33048,0.8528633234063
1.17514,1,5047.972965,True,True,0.0111516004774933,15.771735210077525,33049,11.1516004774933
4.633878,3,5049.885474,True,True,0.0008752535945709,9.370678773090422,33052,0.8752535945709
8.097281,3,5049.893462,True,True,0.0008944385994985,2.981225016027284,33055,0.8944385994985
-16.727227,60,5052.567126,False,True,0.0064248386954648,19.50726517273438,33115,6.4248386954648
-12.675964,60,5053.988993,False,True,0.0071497705047628,22.510126107289704,33175,7.1497705047628
4.417545,3,5055.296715,True,True,0.0092461012957525,9.476015658514626,33178,9.246101295752501
1.783919,2,5056.764882,True,True,0.0080093747064531,14.75966549205866,33180,8.0093747064531
1.995861,1,5058.186771,True,True,0.003669824912873,14.288312610095764,33181,3.669824912873
0.49886,2,5059.64778,True,True,0.0016221523779441,16.84622360242839,33183,1.6221523779441
-0.31854,9,5060.982576,True,True,0.004868342766561,17.446902774259087,33192,4.868342766561
-6.812964,42,5063.538281,True,True,0.0060341282407454,14.87331541426874,33234,6.0341282407453996
6.054827,12,5064.821983,True,True,0.0003114824177192,5.769942611439367,33246,0.31148241771920004
-1.042016,15,5066.630286,True,True,0.0046552599252277,8.005562448890984,33261,4.6552599252277
-16.558848,60,5067.849092,False,True,0.0257367885301296,16.182002038660805,33321,25.7367885301296
4.542373,2,5069.171048,True,True,0.0046764380975028,9.568568978219746,33323,4.6764380975028
-12.372869,60,5071.566084,False,True,0.0028319790616569,14.456183086947052,33383,2.8319790616569
8.793496,1,5072.898782,True,True,0.0047165447879518,2.023464401979488,33384,4.7165447879518
-13.379886,60,5074.542934,False,True,0.0035424499507413,72.93826422246234,33444,3.5424499507413
0.211115,14,5076.408184,True,True,0.0025314541442823,16.689361907673046,33458,2.5314541442823
-14.075474,60,5077.881968,False,True,0.0170219590258564,66.142497277642,33518,17.0219590258564
2.227276,4,5079.258169,True,True,0.0031772992789528,13.474606655569971,33522,3.1772992789528
-15.173364,60,5080.657646,False,True,0.0049161046950196,21.414883921319145,33582,4.9161046950196
3.41473,2,5081.882968,True,True,0.0014023201903173,11.52292787280468,33584,1.4023201903173
8.42459,2,5083.046848,True,True,8.002419919473334e-06,3.327621262019519,33586,0.008002419919473334
-7.184275,60,5085.279497,False,False,0.001203610793345,12.908462652850458,33646,1.203610793345
4.230419,2,5086.568977,True,True,0.0089529676194967,10.138498159776338,33648,8.9529676194967
-4.740608,31,5087.683241,True,True,0.0073029994127655,7.025254400949079,33679,7.3029994127655
-0.032785,1,5087.693228,True,True,0.0060160345644249,17.946541557619895,33680,6.0160345644249
0.687061,2,5089.562212,True,True,0.0013863907191665,16.365296614695907,33682,1.3863907191665
7.311332,2,5090.779361,True,True,0.0032099444972705,5.234260331852017,33684,3.2099444972705
4.20437,7,5092.237607,True,True,0.0104225048826964,8.171031482043615,33691,10.4225048826964
5.060135,1,5093.446422,True,True,0.0043529101152477,8.762116326205257,33692,4.3529101152477
2.351349,5,5094.750626,True,True,4.850219631077901e-06,12.135785788636618,33697,0.004850219631077901
3.529497,1,5094.759628,True,True,0.0025417153555492,11.52189943784005,33698,2.5417153555492
6.086804,3,5097.519233,True,True,1.4331775327487348e-05,8.376830147894237,33701,0.014331775327487348
2.146733,1,5098.888906,True,True,0.0048051033669685,14.016944637580307,33702,4.8051033669685
3.099565,7,5100.169242,True,True,0.0013895891833189,11.524392667212522,33709,1.3895891833189
8.374376,1,5101.547554,True,True,4.129501755861971e-06,2.774728914923285,33710,0.004129501755861971
-20.880263,60,5102.983317,False,True,0.0080020018933821,45.49059511308485,33770,8.0020018933821
-14.380189,60,5104.470476,False,True,0.0187609289670253,10.184054378196514,33830,18.7609289670253
5.660686,1,5105.700825,True,True,0.0012766430026123,7.675858711069297,33831,1.2766430026123
5.816157,1,5107.082017,True,True,0.0048466525613288,7.398426213119596,33832,4.8466525613288
2.012195,1,5108.478663,True,True,0.0037119678244422,14.25888613794078,33833,3.7119678244422
0.974467,3,5110.048304,True,True,0.0038416664680118,16.631759646617756,33836,3.8416664680118
-0.940567,16,5111.460939,True,True,0.0115190546385182,16.817191715318714,33852,11.519054638518199
6.10965,5,5112.812641,True,True,0.0023100933591521,7.643369081574849,33857,2.3100933591521002
-7.877676,60,5115.673833,False,True,0.0161141547367083,10.179545050776287,33917,16.1141547367083
0.70042,1,5117.304918,True,True,0.0005144721362247,16.622148990782975,33918,0.5144721362247
4.54996,1,5119.074869,True,True,9.4154947727354e-11,9.679072036248847,33919,9.4154947727354e-08
8.360655,2,5120.422943,True,True,0.0006539408975755,2.6489914770958123,33921,0.6539408975755
-13.555767,60,5122.142697,False,True,0.009206390447379,48.31549789108519,33981,9.206390447379
1.259977,10,5123.859677,True,True,0.0060987359203164,13.811466986906002,33991,6.0987359203163996
-16.980766,60,5125.398453,False,True,0.0048876030131218,2.6774504070181058,34051,4.887603013121799
-12.482603,60,5126.806667,False,True,0.0016433009876913,30.426735668328416,34111,1.6433009876912998
-1.524336,11,5128.345846,True,True,0.0025119080047263,16.212624601339094,34122,2.5119080047263
6.8798,8,5129.829457,True,True,0.0083929047796835,3.865107960065795,34130,8.3929047796835
-14.131596,60,5133.973765,False,True,0.021073156498606,87.41194615859095,34190,21.073156498606
0.479423,3,5135.43266,True,True,0.0009791444969612,16.506729098769746,34193,0.9791444969612
0.519724,3,5136.790625,True,True,0.0048174997060154,16.669019339252603,34196,4.8174997060154
2.575192,1,5138.193204,True,True,0.0094984911323794,13.247104281382155,34197,9.498491132379401
-16.738506,60,5139.761552,False,True,0.0298468715288505,31.371303853228333,34257,29.8468715288505
3.721482,1,5141.022087,True,True,0.0024724842413262,11.175564342428576,34258,2.4724842413262
2.934012,2,5142.364938,True,True,7.169201175936252e-05,12.39498954985592,34260,0.07169201175936252
-10.728501,60,5143.733188,False,True,0.0187135576028047,8.28620674872564,34320,18.713557602804702
2.741204,11,5144.994923,True,True,0.0020403625401678,7.510340270303621,34331,2.0403625401678
4.170642,1,5146.22369,True,True,0.0047854556759023,10.367048830253864,34332,4.7854556759023
-10.948892,60,5147.577147,False,True,0.0045800264844061,22.07342017957143,34392,4.5800264844061
-1.685928,7,5148.766392,True,True,0.0029072152512492,17.288145207130697,34399,2.9072152512492
7.123907,2,5149.944093,True,True,0.0005519632734251,4.841480481774767,34401,0.5519632734251
3.222494,5,5149.959285,True,True,1.9449817489089818e-07,11.8204460934021,34406,0.00019449817489089818
4.525952,4,5151.837525,True,True,0.002886877787704,8.161219520367165,34410,2.886877787704
2.207399,2,5152.868731,True,True,0.0096262771270702,13.79344066037501,34412,9.626277127070201
5.194061,1,5152.874717,True,True,0.0046562673123178,8.520732420880886,34413,4.6562673123178
8.812376,1,5154.593929,True,True,0.0004232570281544,1.98411292636746,34414,0.4232570281544
7.941999,11,5155.816846,True,True,0.0072232980784555,3.846647705165932,34425,7.2232980784555005
3.436631,3,5157.042124,True,True,0.0001418732266625,11.458332227891264,34428,0.14187322666250002
7.798043,1,5158.240431,True,True,0.0025644180980843,3.8187495090732737,34429,2.5644180980843
4.819512,4,5159.593445,True,True,0.0086116511528924,8.902455808878758,34433,8.6116511528924
7.409724,8,5160.798001,True,True,0.0059474938075178,4.444631948307333,34441,5.9474938075178
6.102438,2,5162.022271,True,True,0.0048732938229392,7.414700281417247,34443,4.8732938229392
-10.691144,60,5165.166891,False,True,0.0123002899581728,30.40261618710754,34503,12.300289958172801
4.865319,1,5166.548565,True,True,0.0024027496729217,9.112038711993153,34504,2.4027496729217
-13.996046,60,5167.958874,False,True,0.0266884488949734,15.840556732019396,34564,26.6884488949734
-0.914819,7,5169.553616,True,True,0.0023206027858183,12.70602057078714,34571,2.3206027858183
4.20989,1,5170.823332,True,True,0.0001607301878371,10.292762745291874,34572,0.1607301878371
-11.173586,60,5172.200851,False,True,0.004673600174263,34.23250548809073,34632,4.673600174263
-16.556895,60,5173.670447,False,True,0.0090809311029298,33.16154395113596,34692,9.080931102929801
-12.26855,60,5177.674322,False,True,0.0061658762213498,52.24570064395664,34752,6.165876221349801
7.970142,8,5179.198602,True,True,0.0055920216785808,3.3529908684490533,34760,5.5920216785808
-12.214924,60,5180.426808,False,True,0.0071888402150963,19.414568486555627,34820,7.188840215096301
9.36433,1,5180.440788,True,True,0.004628052794361,0.9922527656756196,34821,4.628052794361
2.628734,1,5182.135085,True,True,0.0026914891553417,13.146525403378575,34822,2.6914891553417
-0.281331,2,5183.323889,True,True,0.0024438280342183,14.465857020978804,34824,2.4438280342183
-10.338749,60,5183.333836,False,True,0.0168552430745442,9.124869760156244,34884,16.855243074544198
-9.808595,60,5185.082627,False,True,0.0049169456910078,15.380554081571496,34944,4.9169456910078
5.234343,3,5186.282397,True,True,0.0069567711622915,8.10137162692232,34947,6.9567711622915
7.387648,1,5187.480751,True,True,0.0093166933848521,4.566415674168533,34948,9.316693384852101
6.92182,6,5188.699446,True,True,0.001741606133859,6.873932918023826,34954,1.7416061338589999
0.366337,10,5190.563277,True,True,0.0050217711160341,9.377111242902265,34964,5.0217711160341
6.623143,1,5191.95396,True,True,2.505306171730112e-05,5.937397792737766,34965,0.02505306171730112
3.155196,4,5193.336602,True,True,0.006448369888431,9.996047120727347,34969,6.4483698884309995
9.106319,1,5194.907435,True,True,0.0011608275818309,1.4539833639742517,34970,1.1608275818309
-0.09337,10,5196.634222,True,True,0.0084402726825733,14.120792118885824,34980,8.440272682573301
-8.850813,60,5199.169642,False,True,0.0187621486487472,28.918048898238016,35040,18.7621486487472
9.37484,1,5201.380291,True,True,0.0063981867775558,0.9754311579023872,35041,6.3981867775558
-13.035771,60,5202.949649,False,True,0.0052215306915536,28.2326159787806,35101,5.221530691553601
4.828473,1,5202.950397,True,True,0.0016977843731222,9.17794586559002,35102,1.6977843731222
-11.864494,60,5205.256073,False,True,0.0071533788862253,13.109076490249702,35162,7.1533788862253
4.385774,3,5205.261174,True,True,0.0060098772782082,9.744944604050382,35165,6.0098772782082
-5.017735,8,5207.662244,True,True,7.882636090061627e-05,15.851295238442692,35173,0.07882636090061627
-4.635582,19,5209.588111,True,True,0.0009566191641038,14.08335571676225,35192,0.9566191641038
6.538236,2,5211.173103,True,True,0.0001285438453548,5.583253370856065,35194,0.1285438453548
-15.086455,60,5212.855932,False,True,0.0186715152057712,3.4245968488017344,35254,18.671515205771197
2.803854,1,5214.143001,True,True,0.0012066751021765,12.829743792011168,35255,1.2066751021765
-18.136675,60,5217.970201,False,True,0.0203117749971095,15.78812522282894,35315,20.3117749971095
5.902977,2,5219.471045,True,True,0.0050692616086869,7.10859727597238,35317,5.0692616086869
-22.037224,60,5221.214472,False,True,0.0094668444190797,23.11414383110907,35377,9.4668444190797
2.704231,5,5222.84351,True,True,0.0040708302356756,12.44047994623718,35382,4.0708302356756
4.48434,3,5224.347569,True,True,0.0019483167036925,9.885544140632268,35385,1.9483167036925
-21.406686,60,5225.924192,False,True,0.0104185340444485,36.8062819088974,35445,10.418534044448501
2.135443,1,5227.597172,True,True,0.0042175666725396,14.0369581418244,35446,4.217566672539601
4.765772,1,5229.05786,True,True,2.0686563542010598e-08,9.28967123477564,35447,2.0686563542010598e-05
-19.30734,60,5230.678462,False,True,0.013270121317398,25.678247650402263,35507,13.270121317397999
7.609529,1,5232.104003,True,True,0.0028780233411785,4.157986501407335,35508,2.8780233411785
7.193913,2,5233.470527,True,True,0.0001264778794369,4.618049494931228,35510,0.12647787943689998
-0.138421,2,5234.93184,True,True,0.0070379273143205,17.320533568739442,35512,7.0379273143205
5.417753,1,5236.504233,True,True,0.0029399992405765,8.113634086438292,35513,2.9399992405765003
2.588266,1,5237.986218,True,True,0.0093919193344583,13.223474065091771,35514,9.3919193344583
2.10752,1,5239.437911,True,True,0.004810358038485,14.08764967875321,35515,4.810358038485
7.160099,4,5241.130361,True,True,6.074483744222554e-05,5.649558497972957,35519,0.06074483744222554
-3.754902,25,5241.139357,True,True,0.0065072925178239,13.309046469273174,35544,6.5072925178239
6.99604,3,5243.539797,True,True,0.008742885115319,4.65003705905144,35547,8.742885115319
2.707489,1,5245.122626,True,True,0.0088897848025346,13.008240992978548,35548,8.889784802534601
7.261836,1,5246.805587,True,True,3.126904063732261e-05,4.784221855548721,35549,0.03126904063732261
7.546727,2,5248.64762,True,True,3.030774238668623e-06,2.9930381303538702,35551,0.003030774238668623
-26.955183,60,5250.668356,False,True,0.0157020282965557,80.49965592269552,35611,15.7020282965557
9.892403,1,5252.125401,True,True,3.7395417695146654e-06,0.0318137610736406,35612,0.0037395417695146654
4.106937,11,5254.233449,True,True,9.797859446915488e-05,7.63552368391262,35623,0.09797859446915488
-26.75858,60,5256.262741,False,True,0.026554692900527,51.49248202160352,35683,26.554692900527
8.491036,1,5257.853359,True,True,0.0046502173086084,2.569638527961948,35684,4.6502173086084
0.647504,3,5259.268529,True,True,0.0027798405548723,16.32747652585516,35687,2.7798405548723
-8.97263,17,5260.845548,True,True,0.0101799268915258,17.75394441783989,35704,10.1799268915258
7.847525,2,5262.478569,True,True,0.0038912104954309,3.586324247390197,35706,3.8912104954309
-0.718915,5,5264.133705,True,True,0.0119237544769185,15.485561722519522,35711,11.9237544769185
-0.039846,5,5266.233615,True,True,0.0026804205206108,17.27924947809682,35716,2.6804205206108
1.790319,2,5268.238989,True,True,0.0099085991676441,14.68445530321834,35718,9.9085991676441
-8.262867,60,5270.815223,False,True,0.0143248637951646,1.61719013355322,35778,14.3248637951646
2.933118,1,5272.295992,True,True,0.0085743267536905,12.60124872488296,35779,8.574326753690501
1.144732,5,5273.864619,True,True,0.0001367088780329,14.535491753166305,35784,0.1367088780329
6.802492,3,5275.410779,True,True,0.0003665849607996,5.915101299088068,35787,0.3665849607996
-14.474059,60,5277.125565,False,True,0.00018117794149,19.60508188890454,35847,0.18117794149
1.558757,5,5278.631096,True,True,0.0007129771075346,14.481310444975849,35852,0.7129771075346
4.295353,5,5279.940341,True,True,0.0022107335004346,9.354458453685425,35857,2.2107335004346
1.21606,1,5281.598181,True,True,8.583602782579434e-05,15.692245469469295,35858,0.08583602782579434
5.600658,2,5281.603659,True,True,0.0025292357539873,8.151785414407136,35860,2.5292357539873
3.828333,2,5283.642114,True,True,0.0005286322451067,8.420790100487507,35862,0.5286322451067
4.583154,2,5283.655654,True,True,0.0014598588989263,10.07859321807091,35864,1.4598588989263
1.54486,4,5285.810835,True,True,0.0020002314848316,14.0033805389696,35868,2.0002314848316
3.76972,6,5287.335752,True,True,0.0068418988661958,10.944019965520432,35874,6.8418988661958
2.183732,3,5288.760685,True,True,0.0045853575076622,13.71490563825748,35877,4.5853575076621995
-17.879916,33,5291.154704,True,True,0.0048285682112269,17.79379580185749,35910,4.8285682112269
2.632081,1,5292.622417,True,True,0.003038349498675,13.140708905408443,35911,3.0383494986749997
-6.132595,24,5294.177681,True,True,0.0115458492397797,16.82830881515139,35935,11.5458492397797
0.195101,3,5295.723519,True,True,0.0047836856205271,17.307102483163295,35938,4.7836856205271
1.750664,4,5297.218735,True,True,0.0023471217053289,14.59540193077554,35942,2.3471217053289
-11.113474,60,5298.87851,False,True,0.0077593052768171,41.56178437761843,36002,7.7593052768171
7.374093,3,5298.884522,True,True,0.0001812825901955,3.1240821491769704,36005,0.1812825901955
-13.344602,60,5302.450307,False,True,0.0197927267101207,41.90640971794647,36065,19.7927267101207
-8.123667,60,5305.028607,False,False,0.0040933236542793,20.24575509154985,36125,4.0933236542793
1.8207,1,5306.395692,True,True,0.0081634532699389,14.606595193551437,36126,8.1634532699389
3.292099,2,5307.922022,True,True,0.0091281752875793,11.670247168502048,36128,9.1281752875793
9.014767,1,5309.399537,True,True,0.0107115816656687,1.6305640232476462,36129,10.7115816656687
-25.410495,60,5310.839142,False,True,0.0170715394718386,37.532214785573885,36189,17.071539471838598
-11.06074,60,5310.841671,False,True,0.009517977662376,13.055875332241234,36249,9.517977662376
6.96074,5,5313.016039,True,True,0.0030681493413427,4.91307978151868,36254,3.0681493413427
2.187798,2,5314.54628,True,True,0.0030024588216264,13.863170098455551,36256,3.0024588216264
7.865333,6,5314.562312,True,True,0.0068657571157139,2.7449952692499284,36262,6.8657571157139
8.74832,1,5316.632415,True,True,8.19215530935666e-05,2.0987895971803874,36263,0.0819215530935666
3.605243,2,5318.257147,True,True,0.0041736396063557,11.353257161424866,36265,4.1736396063556995
4.340648,5,5319.794108,True,True,6.155992783384598e-05,10.186595186652282,36270,0.06155992783384598
2.434297,1,5321.351667,True,True,0.0017357988554316,13.49655119347294,36271,1.7357988554316002
0.952555,6,5323.29205,True,True,0.0042425552287362,15.68799517705242,36277,4.2425552287362
5.156337,3,5326.045193,True,True,0.0069172524962964,9.3031275919768,36280,6.9172524962964
3.972268,1,5327.552771,True,True,0.0023607010459064,10.723113538435705,36281,2.3607010459064
-1.747574,7,5329.328579,True,True,0.0040239565668141,17.997906621354744,36288,4.023956566814101
2.915195,1,5330.84651,True,True,0.0044230525626511,12.631042737513043,36289,4.4230525626511
-13.492333,60,5330.857502,False,True,0.0144031615026537,50.4493122592874,36349,14.403161502653699
4.592723,1,5332.861557,True,True,0.0069568687365942,9.607275234615464,36350,6.9568687365942
2.692168,12,5334.796396,True,True,0.0019049222185329,11.874954072656587,36362,1.9049222185329
3.30328,18,5336.318024,True,True,0.0053305101906212,4.166051347436008,36380,5.3305101906212
-16.153408,60,5338.297117,False,True,0.000392432483648,15.669851760850664,36440,0.39243248364800004
2.573976,13,5339.814066,True,True,0.0001835249370232,8.080465064992163,36453,0.18352493702320002
3.347573,2,5341.232914,True,True,0.0010086547490951,11.719486729621115,36455,1.0086547490951001
4.079731,2,5342.854378,True,True,5.085494778094522e-05,10.397924342060966,36457,0.05085494778094522
-18.592387,60,5344.433131,False,True,0.0067968268429833,24.346412464262027,36517,6.7968268429833
-21.512872,60,5347.58997,False,True,0.0173934997545702,72.59138927225699,36577,17.3934997545702
-14.985258,60,5349.791452,False,True,0.0143524479741655,24.182652564607352,36637,14.3524479741655
-13.207706,60,5351.283707,False,True,0.0092608298181426,48.94417683227739,36697,9.2608298181426
-18.990459,60,5352.859555,False,True,0.0102106926950301,14.6531646400303,36757,10.2106926950301
5.24511,7,5354.534542,True,True,0.0048083752747278,8.306737583395764,36764,4.8083752747277995
3.725025,7,5356.245317,True,True,5.122638426022577e-05,10.543569362081524,36771,0.05122638426022577
4.79953,1,5357.633564,True,True,1.7934852858053976e-06,9.228760342724648,36772,0.0017934852858053976
3.659505,2,5359.17105,True,True,0.0046267492944599,10.156801266467332,36774,4.6267492944599
2.903376,3,5361.721424,True,True,0.0017381649079867,12.410494292557685,36777,1.7381649079867
2.649694,8,5363.413103,True,True,0.0072820328310511,10.436217611833186,36785,7.2820328310511
-13.209952,60,5364.997608,False,True,0.0002154077091189,10.184350483083914,36845,0.2154077091189
4.675761,3,5366.501881,True,True,0.004834721485905,8.16230269817182,36848,4.834721485905001
-9.387183,60,5368.613266,False,True,0.0082677696852237,20.036403437072654,36908,8.2677696852237
-11.002343,60,5370.002472,False,True,0.0184916939575295,15.47062366395458,36968,18.4916939575295
-7.646251,60,5373.113884,False,True,0.0194889430789865,26.15211312911416,37028,19.488943078986498
4.610598,1,5374.619472,True,True,0.0019516129843348,9.571246016510196,37029,1.9516129843348
-7.051161,60,5376.428284,False,False,0.0116313937303971,22.10926829588205,37089,11.6313937303971
9.770666,9,5378.336769,True,True,0.0045839879056368,1.2895161072722487,37098,4.5839879056368
5.589825,1,5379.81875,True,True,0.0083836037206614,7.809661481832385,37099,8.3836037206614
-14.729672,60,5381.626554,False,True,0.0045522945382059,20.492340855062817,37159,4.5522945382059
3.977785,1,5383.21011,True,True,0.0047365725797664,10.713905568407831,37160,4.7365725797664
-8.256494,60,5383.212112,False,True,0.0339706732526292,88.49531457224465,37220,33.970673252629204
-17.25569,60,5387.931128,False,True,0.0092571086139131,23.13171592096022,37280,9.257108613913099
4.915007,2,5389.473189,True,True,0.0022489830515013,9.813956168591304,37282,2.2489830515013
6.492286,4,5391.271266,True,True,0.0026026057504481,5.695988913813006,37286,2.6026057504481
2.088102,1,5392.938835,True,True,0.0029076107925897,14.121542702491215,37287,2.9076107925897
-8.429457,60,5394.976085,False,True,0.016326681969616,12.523043218820169,37347,16.326681969616
3.870974,3,5396.466037,True,True,0.0023953930677873,11.39889807524898,37350,2.3953930677873
6.686189,1,5397.940784,True,True,0.0047245901235234,5.825722456820757,37351,4.7245901235234
7.908246,2,5399.497319,True,True,0.0049533105380836,3.5785051713756277,37353,4.9533105380836
-9.790699,60,5400.976649,False,True,0.0160630519918497,12.083266407868487,37413,16.0630519918497
-14.708456,60,5400.982602,False,True,0.0233622015114327,15.330935933770755,37473,23.3622015114327
-7.632753,10,5403.31403,True,True,0.0098138513194445,16.863413448529023,37483,9.8138513194445
3.119817,2,5404.851964,True,True,0.0044489978045548,11.837256896464355,37485,4.4489978045548
1.019758,1,5406.278162,True,True,0.0090304246265315,16.05081121969917,37486,9.0304246265315
-16.050643,60,5409.094234,False,True,0.0276392190156478,11.165920924282837,37546,27.6392190156478
-8.743025,60,5411.433313,False,True,0.0067922632740525,20.02043732718782,37606,6.7922632740525
-9.253543,60,5411.440315,False,True,0.0218277204885969,74.74777248266075,37666,21.8277204885969
9.862947,1,5413.634284,True,True,2.6473164026112085e-05,0.0850896318107043,37667,0.026473164026112085
4.32112,2,5415.17972,True,True,0.0008039134434859,9.962612246618722,37669,0.8039134434859
7.451024,3,5416.763632,True,True,0.0023559749628622,3.602846655518668,37672,2.3559749628622
3.721166,3,5418.23824,True,True,0.0045726939829586,11.01149529569074,37675,4.5726939829586
4.115502,1,5419.779777,True,True,0.008891229819487,10.469318593099317,37676,8.891229819487
5.633974,1,5421.42226,True,True,0.0044530350014517,7.726830315216823,37677,4.4530350014517
0.422166,1,5422.841619,True,True,0.0004724527484241,17.1237629906185,37678,0.47245274842409996
-14.062099,60,5424.452449,False,True,0.0127324399659911,71.11699730846024,37738,12.7324399659911
5.242745,1,5424.456462,True,True,0.0003578183034121,8.42928145400832,37739,0.3578183034121
2.383145,2,5426.534824,True,True,0.0001583781689771,12.927021299648946,37741,0.1583781689771
2.465296,5,5428.149626,True,True,0.0037622939726999,13.284345167250828,37746,3.7622939726999003
6.455084,1,5429.615131,True,True,0.0048442185781147,6.2449667726185085,37747,4.8442185781147
4.405749,2,5431.017123,True,True,0.0048870320351125,9.86242831574284,37749,4.8870320351125
4.977258,1,5432.582571,True,True,0.0046363515496495,8.911861479228298,37750,4.6363515496495
6.290225,2,5434.087894,True,True,0.0004851484741253,6.456616619777799,37752,0.48514847412530004
4.163448,1,5435.552415,True,True,0.0010818837868045,10.377268285189432,37753,1.0818837868045001
7.214534,1,5437.297056,True,True,0.0043019427929365,4.874086225581299,37754,4.3019427929365
5.602206,1,5438.884546,True,True,0.004958202765225,7.784574500703471,37755,4.958202765225
-2.622314,6,5440.553285,True,True,0.0044143734350673,17.874455112679932,37761,4.4143734350673
-22.173279,60,5443.48551,False,True,0.021501809846521,21.438112720865643,37821,21.501809846521
-26.463188,60,5445.74412,False,True,0.0170857212122529,36.748624709991766,37881,17.0857212122529
-22.510378,60,5447.71978,False,True,0.0137742050425939,31.64097756924649,37941,13.7742050425939
2.45173,9,5449.522934,True,True,0.0021804539712745,12.548439681393996,37950,2.1804539712745
-16.302157,60,5451.568135,False,True,0.0166905213378418,5.395087140991643,38010,16.6905213378418
1.984426,1,5453.060807,True,True,0.0005549962707851,14.307056833107776,38011,0.5549962707850999
-9.516001,60,5454.688111,False,True,0.0009293718072969,24.47265900956345,38071,0.9293718072969
3.93658,2,5456.394992,True,True,0.0093372695866463,10.370881724514708,38073,9.3372695866463
-12.043094,60,5458.647036,False,True,0.006729520355034,26.34808546379473,38133,6.7295203550339995
-16.757511,60,5461.176191,False,True,0.0156709963975863,13.076827823335178,38193,15.6709963975863
1.068333,1,5462.666423,True,True,0.00044183623104,15.958799422319297,38194,0.44183623103999997
1.314473,1,5464.170925,True,True,5.308456237371325e-06,15.514754760879145,38195,0.005308456237371325
2.886391,6,5465.883245,True,True,0.0022392566432822,13.690222262266674,38201,2.2392566432822
8.079897,4,5467.366066,True,True,0.0023114375012664,2.1164801464483207,38205,2.3114375012663997
-9.97523,60,5468.868184,False,True,0.0045964352731063,16.594541561077573,38265,4.5964352731063
2.658854,6,5470.581894,True,True,0.0002397265050858,14.031712010463192,38271,0.2397265050858
-15.914397,60,5472.331102,False,True,0.0217642244904839,24.521191908576007,38331,21.764224490483898
5.843361,12,5475.74448,True,True,0.0035104933081844,6.804167926567506,38343,3.5104933081843996
0.592153,1,5477.135051,True,True,0.01028984204592,16.82209881576815,38344,10.289842045919999
6.654801,2,5478.742491,True,True,0.0098663417892031,6.092880781505761,38346,9.8663417892031
-8.079661,60,5480.392441,False,True,0.0011233582540287,21.306441349467654,38406,1.1233582540287002
7.666662,3,5482.032367,True,True,2.777535128405486e-05,3.222336901443516,38409,0.02777535128405486
8.351459,2,5483.508659,True,True,2.261332902067821e-06,2.559178776366476,38411,0.002261332902067821
2.215781,1,5485.047846,True,True,1.6924631973669335e-09,13.889502345577723,38412,1.6924631973669335e-06
7.630683,7,5486.842541,True,True,0.0011663135366255,4.815705928430013,38419,1.1663135366255002
4.969229,5,5488.46551,True,True,0.0009678518115147,8.479057627750825,38424,0.9678518115147
-15.12944,60,5490.846691,False,True,0.0042379163340494,38.61728656140593,38484,4.2379163340494
-20.859104,60,5492.39325,False,True,0.0092207839301965,31.21069743544353,38544,9.2207839301965
6.706931,1,5493.761171,True,True,0.0046770412675114,5.7907074050221095,38545,4.6770412675114
5.879052,1,5495.120897,True,True,0.0001176531971408,7.280678824623139,38546,0.1176531971408
6.872766,1,5496.568766,True,True,0.0072249231798443,5.493755511481451,38547,7.2249231798443
6.287793,1,5497.930604,True,True,0.003855484619489,6.54642792449647,38548,3.8554846194890002
-0.116855,11,5499.378458,True,True,0.0051946390090978,13.773894131038446,38559,5.194639009097799
1.163232,1,5500.900254,True,True,0.0019718724444038,15.788557736250002,38560,1.9718724444038003
-8.254835,60,5503.168415,False,True,0.0149782061407517,17.52578803698818,38620,14.9782061407517
4.808188,1,5504.617548,True,True,0.000302129433644,9.213389847692062,38621,0.30212943364399997
-7.537813,60,5506.824776,False,False,0.0149423283814111,4.46100427380518,38681,14.9423283814111
1.006197,10,5508.886828,True,True,0.0086440206835063,14.336294858468648,38691,8.6440206835063
-1.635899,3,5510.487657,True,True,0.0051194865646534,17.256097609301055,38694,5.1194865646534
1.352525,1,5511.922982,True,True,0.0059458863614187,15.449433873558997,38695,5.9458863614187
0.12502,3,5513.553507,True,True,0.0064459667632246,17.440198722855747,38698,6.4459667632246
-1.954769,15,5515.736117,True,True,0.0051938884937557,14.939451725021812,38713,5.193888493755701
5.480514,1,5517.336129,True,True,0.0004597411882687,8.000282962075552,38714,0.45974118826870003
-10.857648,60,5519.258816,False,True,0.0148075834986104,53.22550347200121,38774,14.8075834986104
-9.483753,60,5520.805821,False,True,0.0023520858083748,5.52881093824939,38834,2.3520858083748
0.351858,5,5522.611858,True,True,0.003498512340269,15.476901998496109,38839,3.498512340269
1.22748,1,5524.11794,True,True,0.0089154490740572,15.676335452329438,38840,8.9154490740572
-1.071296,29,5527.524705,True,True,0.0066885857400716,16.95760471198986,38869,6.6885857400716
-9.454606,60,5528.909389,False,True,0.0137638424494735,5.505022636911787,38929,13.7638424494735
6.847693,1,5530.347729,True,True,0.0075600684788099,5.539307772928564,38930,7.5600684788099
3.556424,2,5531.844808,True,True,0.0005888206483072,11.061370257959064,38932,0.5888206483072
-17.984809,60,5535.248617,False,True,0.0058254350829573,10.33040729926479,38992,5.8254350829573
7.402789,3,5537.252226,True,True,0.0023210057739984,5.003667687318392,38995,2.3210057739984
0.419988,1,5538.56291,True,True,0.0073260858060533,17.13106686532239,38996,7.3260858060533
5.150679,2,5540.078538,True,True,0.0047501017621947,7.381114562623297,38998,4.7501017621947
-17.351092,60,5541.83656,False,True,0.0146094876954174,16.754120831639217,39058,14.6094876954174
8.958348,2,5543.320121,True,True,2.7157388176296104e-06,1.1113461820100687,39060,0.0027157388176296104
-0.231981,12,5543.332117,True,True,0.0006765942835116,12.033315136291854,39072,0.6765942835116
5.543877,1,5545.249178,True,True,0.0025350931577679,7.887768385477814,39073,2.5350931577679
1.716515,3,5546.811486,True,True,0.0003159357925607,14.485731519586228,39076,0.3159357925607
3.662027,4,5548.367682,True,True,0.002402217124887,10.77949258784551,39080,2.402217124887
-0.228308,6,5548.388895,True,True,0.0016225464673157,16.602953531636704,39086,1.6225464673157
7.578775,1,5550.33836,True,True,4.5484851109937885e-05,4.211902839642305,39087,0.045484851109937885
2.77571,2,5551.814883,True,True,0.0025019653132812,12.75851851377692,39089,2.5019653132812003
-4.925494,60,5553.956002,False,False,0.0048058925811032,7.039045263905894,39149,4.8058925811032
-6.891615,60,5555.907678,False,False,0.0112553650253153,7.689777858611068,39209,11.2553650253153
5.279297,5,5557.94092,True,True,0.0047262679488148,7.072809567029813,39214,4.7262679488148
2.761387,7,5559.57353,True,True,0.0016676819090363,12.134993187637262,39221,1.6676819090363
0.621123,1,5561.006598,True,True,0.0046486344027728,16.76724450283453,39222,4.6486344027727995
-0.374815,16,5563.595268,True,True,0.0053957241561335,13.536850234142465,39238,5.3957241561335
-12.979419,60,5565.806442,False,True,0.005558432815083,21.55225799189597,39298,5.558432815083
-11.959236,60,5568.454633,False,True,0.0094158091041124,32.69901800521907,39358,9.4158091041124
5.394385,2,5569.971611,True,True,0.0090422305628,8.091222952898708,39360,9.042230562799999
7.014261,4,5571.552098,True,True,0.0002560711252841,5.478695709784624,39364,0.25607112528410003
1.398158,5,5573.028413,True,True,0.0070091820823789,15.335282082669154,39369,7.0091820823789
5.884569,4,5574.656748,True,True,0.0119697556217124,5.934288516324658,39373,11.9697556217124
-18.569297,60,5574.665737,False,True,0.0152020051404251,41.17281733153144,39433,15.202005140425099
2.945716,1,5576.563266,True,True,0.0023294728630005,12.574644268599984,39434,2.3294728630005
2.936614,3,5578.207508,True,True,0.0065618848189393,12.639228292959812,39437,6.5618848189392995
8.832739,1,5579.662273,True,True,0.0117559704039357,1.9602890836567517,39438,11.7559704039357
0.90782,7,5579.671275,True,True,0.0049251114293756,15.948182952019597,39445,4.9251114293756
4.36274,6,5581.806868,True,True,0.00636808546816,12.433103917312302,39451,6.36808546816
-2.436682,12,5583.757075,True,True,0.0020038802725036,15.466210962897208,39463,2.0038802725036
1.129218,4,5585.251964,True,True,0.004780593025058,15.290902815019937,39467,4.780593025058
6.301066,2,5586.815649,True,True,3.5807010391110394e-05,6.775454068082681,39469,0.035807010391110394
-7.336194,60,5588.381409,False,False,0.0016459671777004,16.55663163390317,39529,1.6459671777004001
-12.508762,60,5591.017967,False,True,0.0077369491421458,28.555871699714835,39589,7.7369491421458
4.332905,1,5592.548295,True,True,0.000427452126823,10.071036651211816,39590,0.427452126823
-12.056953,60,5594.319122,False,True,0.0271418128458047,52.8973047513638,39650,27.141812845804697
2.047994,3,5595.814319,True,True,0.0117553193985219,14.085306932940457,39653,11.7553193985219
9.583431,10,5597.809327,True,True,0.0047747342841493,2.2211001277065856,39663,4.774734284149299
3.659009,1,5599.196183,True,True,0.0048911087628306,11.289931816028606,39664,4.8911087628306
6.08258,1,5600.645792,True,True,0.0011795111586155,6.914323769248282,39665,1.1795111586154998
3.013248,2,5602.281353,True,True,0.0002354414168941,11.639898338747027,39667,0.2354414168941
7.765783,2,5603.908736,True,True,0.0048118976845537,3.736355468687477,39669,4.8118976845537
2.904033,1,5605.546416,True,True,0.0043087273438999,12.65109835819298,39670,4.3087273438999
-11.742458,60,5607.38043,False,True,0.0050392485015887,66.42419452392818,39730,5.0392485015887
4.85522,2,5609.138155,True,True,0.004864066947482,8.488068671286788,39732,4.864066947482001
-10.660975,60,5610.942054,False,True,0.0219385246673563,80.51454649867094,39792,21.9385246673563
7.390718,2,5612.330495,True,True,0.0047551173107718,4.123544667837538,39794,4.7551173107718006
4.695505,1,5613.815157,True,True,0.0112345184547482,9.424854694568008,39795,11.2345184547482
9.251163,1,5615.278288,True,True,0.0004245806925919,1.1912949722498067,39796,0.4245806925919
4.647027,1,5616.719723,True,True,0.0039012983157665,9.507048283161376,39797,3.9012983157664998
-14.325101,60,5620.134588,False,True,0.0024193051926978,33.04139130080712,39857,2.4193051926978
3.979844,2,5621.594738,True,True,0.0023634232633299,10.48717077903144,39859,2.3634232633298997
-22.727554,60,5624.147814,False,True,0.0265903387136511,16.338305462734173,39919,26.5903387136511
-4.084098,60,5625.848908,False,False,0.0046566564381723,3.2714910150200014,39979,4.6566564381723
-8.98279,60,5627.677834,False,False,0.00035092498058,37.82597392155269,40039,0.35092498058
-0.875115,17,5629.539152,True,True,5.414338820450065e-05,12.463564282694996,40056,0.05414338820450065
4.345176,9,5631.017667,True,True,0.0024537457829902,7.638164278886516,40065,2.4537457829902
3.388849,5,5632.716191,True,True,0.0001630654913508,10.116085782284737,40070,0.1630654913508
-10.686997,60,5634.586437,False,True,0.0271269937867645,29.056144478827367,40130,27.126993786764498
0.848182,2,5636.001001,True,True,0.0075252075454685,16.28062399226232,40132,7.525207545468501
2.457923,4,5637.811756,True,True,0.0023199004066141,13.30455202892463,40136,2.3199004066141002
6.504443,2,5639.416578,True,True,0.0023153511484604,6.323421769615737,40138,2.3153511484604
2.438419,1,5640.982929,True,True,0.002242828119508,13.489439764342126,40139,2.2428281195079998
2.265052,1,5642.695189,True,True,0.0069626949566032,13.804847605345328,40140,6.962694956603199
0.452066,5,5644.539348,True,True,0.0018333409021154,15.147467300132591,40145,1.8333409021154001
7.429638,3,5646.297153,True,True,0.0035191576324868,6.293192323876882,40148,3.5191576324868
2.562313,4,5647.986042,True,True,1.6409826102126155e-10,12.891797121077712,40152,1.6409826102126154e-07
-10.588049,60,5648.003688,False,True,0.0094937746137068,15.592169495259377,40212,9.493774613706801
4.707988,2,5650.165536,True,True,0.0066875338782916,9.110218172633074,40214,6.6875338782916
4.606595,3,5651.882729,True,True,0.0117472591398173,9.593599703688335,40217,11.747259139817299
3.280978,4,5653.748337,True,True,0.0109735940945111,9.533798614750074,40221,10.9735940945111
-17.092281,60,5656.09237,False,True,0.0222283735044533,35.579472257729805,40281,22.2283735044533
4.909042,4,5657.811546,True,True,0.0018268759011587,8.874828254910337,40285,1.8268759011587
-12.962994,60,5659.232347,False,True,0.0149175538204678,17.752259487988155,40345,14.9175538204678
0.280316,2,5660.669463,True,True,0.0005340671867423,16.28179717937132,40347,0.5340671867422999
6.460229,7,5662.28226,True,True,0.0010696065191616,7.074259898355552,40354,1.0696065191616
-21.9484,60,5666.103328,False,True,0.0281523000459705,29.03082258690698,40414,28.1523000459705
0.517635,1,5667.626099,True,True,0.0064696254871764,16.954665793417814,40415,6.469625487176399
-19.159893,60,5669.080985,False,True,0.0318816950851914,40.59603725553511,40475,31.881695085191396
5.044541,2,5669.094966,True,True,0.0001684490633165,7.813007820508925,40477,0.1684490633165
10.784288,10,5671.472261,True,True,0.0093709576617229,1.3209659070927178,40487,9.3709576617229
-8.575788,60,5673.528922,False,False,0.0135082611414104,22.265031300084235,40547,13.508261141410399
8.449465,1,5674.967699,True,True,1.562940780902057e-06,2.6392126551414616,40548,0.001562940780902057
-8.24717,60,5676.511487,False,True,0.0136375699798524,31.13712705752985,40608,13.6375699798524
5.032019,2,5677.934577,True,True,0.0048268809658901,8.89333028282921,40610,4.8268809658901
3.628602,1,5679.45742,True,True,0.0006768442042161,11.341796927000312,40611,0.6768442042161
-2.654306,45,5681.359652,True,True,0.0048784257981441,8.982337357501168,40656,4.8784257981441
1.290353,2,5682.888294,True,True,0.0024660183840985,15.724152977612324,40658,2.4660183840984997
2.768932,3,5684.417109,True,True,2.7070070143797587e-10,12.771941801172648,40661,2.7070070143797587e-07
3.073843,6,5686.249371,True,True,0.0041233496489162,10.896584346643529,40667,4.1233496489162
6.925447,1,5687.67385,True,True,0.0044956005386271,5.396117291902634,40668,4.4956005386271
6.545058,2,5689.20301,True,True,0.0004415585062316,6.242359972244862,40670,0.4415585062316
-11.094658,60,5691.003885,False,True,0.0297615253560895,31.07225583246432,40730,29.7615253560895
2.330587,2,5692.522948,True,True,0.0048088787594611,14.048156586419529,40732,4.8088787594611
-5.707419,14,5695.158652,True,True,0.0026414477401389,15.881522086887422,40746,2.6414477401389003
-13.735608,60,5695.161325,False,True,0.0066728119962466,22.12409098227575,40806,6.6728119962466
0.640962,2,5697.686508,True,True,0.0003638426869748,17.007456376016663,40808,0.3638426869748
-14.568232,60,5699.193932,False,True,0.0047735834619004,13.636967306245817,40868,4.7735834619004
7.909673,1,5700.510696,True,True,0.0047233159825846,3.619518786339549,40869,4.7233159825846
1.07025,6,5701.826462,True,True,0.0055946463079585,10.0218916464011,40875,5.5946463079585
-0.21373,6,5703.370556,True,True,0.0113645006329322,17.675388350356187,40881,11.364500632932199
-2.484749,11,5706.136662,True,True,0.0005781853744323,17.82796638029731,40892,0.5781853744323
4.023059,1,5707.516092,True,True,0.0017143229091353,10.631011120837533,40893,1.7143229091352998
-13.051171,60,5709.097124,False,True,0.0133873672365364,79.08273626206078,40953,13.3873672365364
-3.097379,33,5709.115633,True,True,0.000379813108487,16.823021459586997,40986,0.379813108487
2.612628,1,5710.802347,True,True,0.0038203036487487,13.176278430690235,40987,3.8203036487487
2.912684,2,5712.090224,True,True,0.0015597617748137,12.629726023328308,40989,1.5597617748137
6.746972,1,5713.25814,True,True,0.0094706451962088,5.72274588660061,40990,9.470645196208801
-3.829369,8,5714.877043,True,True,0.0095210446284455,17.429052456361394,40998,9.5210446284455
3.36358,1,5716.138531,True,True,0.000310412288083,11.819580800074071,40999,0.310412288083
5.350273,9,5717.558605,True,True,0.0024912128346882,8.283251298660025,41008,2.4912128346882003
0.832427,7,5719.265115,True,True,0.0026697193396963,15.66265701406734,41015,2.6697193396962997
-10.398114,60,5721.327587,False,True,0.0253190542312413,33.933782556201265,41075,25.3190542312413
3.323881,3,5722.731391,True,True,0.0088316052226995,11.584038225149978,41078,8.831605222699501
-18.129767,60,5724.559535,False,True,0.0022721471934058,15.3292784832546,41138,2.2721471934058
-2.171636,5,5725.911278,True,True,0.0033980039935166,17.843962633685944,41143,3.3980039935165998
5.121614,1,5727.187892,True,True,0.0001214592029457,8.647665504661147,41144,0.1214592029457
-12.087307,60,5728.888108,False,True,0.0177151340783502,13.225596556873889,41204,17.7151340783502
3.459048,1,5730.183265,True,True,0.0018285905965136,11.648465118568248,41205,1.8285905965136
-7.574475,60,5731.65527,False,True,0.0146088347510013,7.868601972607321,41265,14.6088347510013
3.502849,3,5732.911656,True,True,0.0002591698226324,9.737901727736936,41268,0.25916982263239996
6.36215,4,5734.315519,True,True,0.0023927929087234,4.833294949079189,41272,2.3927929087233997
1.229923,1,5735.645451,True,True,0.0067076787461377,15.670837397562313,41273,6.7076787461377005
-12.902941,60,5737.214319,False,True,0.0164890256132929,21.76607403635796,41333,16.4890256132929
-10.460938,19,5738.884811,True,True,0.0024348010053246,15.271803466663933,41352,2.4348010053246
8.430518,1,5740.286938,True,True,0.0112104657812731,2.6858531757139814,41353,11.210465781273099
4.809512,2,5741.773215,True,True,0.0119254496713186,8.967604120199788,41355,11.925449671318601
-12.053506,60,5744.691492,False,True,0.0151169398653087,28.68532259426116,41415,15.116939865308701
2.645884,1,5746.03783,True,True,0.0031356571496416,13.115880329883431,41416,3.1356571496416
-6.501267,60,5747.604569,False,False,0.0009848946918123,18.24763322453259,41476,0.9848946918122999
5.946483,6,5749.000596,True,True,0.0002726573416143,7.549596506247727,41482,0.2726573416143
2.685217,4,5750.491003,True,True,0.0047766110254641,11.663442426173882,41486,4.776611025464099
1.102607,9,5752.17807,True,True,0.0072904382107579,15.070026359508908,41495,7.2904382107579
0.267699,2,5753.695107,True,True,0.0004949052177836,17.45354840731103,41497,0.49490521778359997
-10.033584,60,5755.775851,False,True,0.0115672158569599,70.21306534169759,41557,11.5672158569599
-17.636585,60,5758.227521,False,True,0.0460848261221766,67.9230303954695,41617,46.0848261221766
-13.124166,60,5761.594595,False,True,0.0068853788573422,36.60310095301708,41677,6.8853788573422
-14.818871,60,5764.695482,False,True,0.001873673246511,25.6727553020196,41737,1.873673246511
-8.414272,60,5766.514975,False,True,0.0286728164051698,89.53429031965003,41797,28.6728164051698
1.159239,4,5768.496218,True,True,0.0066869227464633,14.847233036060825,41801,6.6869227464633
0.803014,1,5770.258277,True,True,0.0080456058271862,16.441022393401862,41802,8.0456058271862
6.40267,1,5771.911549,True,True,0.0050122353813729,6.340153838996028,41803,5.0122353813729
-14.438675,60,5773.900151,False,True,0.019357274611193,21.83204126690437,41863,19.357274611193
7.547612,7,5775.707599,True,True,4.852317652503761e-06,3.72173780000282,41870,0.004852317652503761
-14.076073,60,5777.206144,False,True,0.0020209825471404,32.48877143317444,41930,2.0209825471404
1.872322,6,5779.754236,True,True,0.0049022644993136,12.592342853890594,41936,4.9022644993136
2.467727,2,5781.156174,True,True,0.001951856677003,13.18836142436472,41938,1.951856677003
5.712405,6,5782.77777,True,True,0.001786987688062,7.17287331738509,41944,1.7869876880620001
-1.956119,8,5784.378865,True,True,0.0044589341610703,17.42447724182344,41952,4.4589341610702995
-7.227348,60,5786.320482,False,False,0.0025527695030955,24.728427139544944,42012,2.5527695030955
-11.334609,60,5787.932763,False,True,0.0071961540428286,42.28535298491248,42072,7.1961540428286
-7.108557,60,5789.962805,False,False,0.0236266360681036,25.612063564962614,42132,23.626636068103597
4.921159,2,5791.449391,True,True,0.0029496270626923,9.112437566159786,42134,2.9496270626923
1.393997,7,5793.321187,True,True,0.000257365607795,11.56144146462092,42141,0.257365607795
-11.400534,60,5794.991194,False,True,0.0119701074940388,22.7284022188606,42201,11.9701074940388
-9.025762,60,5797.096902,False,True,0.0049656167856004,26.7906818660512,42261,4.9656167856004
-15.76305,60,5798.972675,False,True,0.0073947230162838,36.342726379762176,42321,7.3947230162838
-8.839832,60,5801.266314,False,True,0.020183213654714,35.71607809477565,42381,20.183213654714
6.159832,4,5803.593456,True,True,0.0049029762381595,6.600965754541442,42385,4.9029762381595
-8.284294,60,5804.98012,False,False,0.0023101434855696,20.97912364066101,42445,2.3101434855695997
3.01347,1,5806.218911,True,True,0.0102295626728427,12.457327690152985,42446,10.229562672842698
0.021681,1,5807.506379,True,True,0.0095999571990741,17.849938210159134,42447,9.599957199074101
-17.931397,60,5809.448411,False,True,0.0119975018584709,7.332024757869687,42507,11.9975018584709
1.953349,3,5810.896312,True,True,0.0026709532509188,14.112342543198048,42510,2.6709532509188
-10.645751,60,5812.485837,False,True,0.025484094735933,54.274393639497134,42570,25.484094735933002
-2.699282,17,5814.367006,True,True,0.0095228857256173,14.0723060815927,42587,9.5228857256173
5.958605,3,5815.776335,True,True,0.0022294256673321,6.700709977370643,42590,2.2294256673321
-8.215759,60,5817.450958,False,True,0.0034360895080925,45.32780081345989,42650,3.4360895080925
9.167657,3,5818.81843,True,True,0.0003122006161677,1.1051890513298144,42653,0.31220061616769995
-6.614253,60,5820.15727,False,True,0.0021744211816878,4.542381679234247,42713,2.1744211816878
0.365883,9,5821.622759,True,True,0.0060665585266217,16.006745551915778,42722,6.0665585266217
4.654011,3,5823.05741,True,True,0.0020058454470921,10.537563029979282,42725,2.0058454470921
-17.102701,60,5824.494299,False,True,0.0219633130287831,54.8525918844002,42785,21.963313028783098
-9.753309,16,5825.773707,True,True,0.0117403995011417,17.637128456104357,42801,11.740399501141699
0.998502,1,5826.973711,True,True,0.0089869103827425,16.089104358551616,42802,8.9869103827425
6.151492,11,5828.230077,True,True,0.0001677907705581,5.252055090143367,42813,0.16779077055810002
2.93245,5,5829.570704,True,True,0.0012954410433655,12.00227152562396,42818,1.2954410433655
3.16783,8,5831.104296,True,True,0.0048222253587501,10.7954289080097,42826,4.8222253587501
5.811682,1,5832.368483,True,True,0.0045900221927211,7.406281809142396,42827,4.590022192721101
1.868388,2,5833.678915,True,True,0.0038851931960633,14.399252204399644,42829,3.8851931960633
7.210431,7,5835.102233,True,True,0.0093361862716358,4.484731221720708,42836,9.3361862716358
-14.879062,60,5835.108221,False,True,0.0105470034581241,22.600378151400516,42896,10.5470034581241
6.828998,4,5836.68339,True,True,0.0027579602190419,6.047765080942448,42900,2.7579602190419
-5.827157,6,5838.181255,True,True,0.0054837222016977,17.196867834544076,42906,5.4837222016977005
3.447124,1,5839.356302,True,True,0.005076495114619,11.672191741197604,42907,5.076495114619
6.96612,1,5840.591528,True,True,0.0092319114672521,5.327075123247121,42908,9.2319114672521
2.207795,4,5842.813447,True,True,0.0039862429833632,13.496246488873457,42912,3.9862429833632
-7.065176,60,5844.679255,False,False,0.0140478243774718,18.133084524451508,42972,14.0478243774718
-19.974396,60,5845.875841,False,True,0.0090211987652994,20.82686781027212,43032,9.021198765299399
2.299815,5,5847.275658,True,True,0.0015901559636362,14.175242472165715,43037,1.5901559636362
6.953681,1,5848.628483,True,True,0.0011509482909788,5.341807232677006,43038,1.1509482909788
-10.79326,60,5850.620498,False,True,0.0115397418963706,33.754459244441286,43098,11.5397418963706
-26.683529,60,5852.435503,False,True,0.0260698992648226,16.842509057472647,43158,26.0698992648226
3.568412,1,5853.654893,True,True,0.0045070066291532,11.453066180232694,43159,4.5070066291532
5.573159,1,5854.928393,True,True,0.0032037351243257,7.835504268246154,43160,3.2037351243257
0.119756,9,5856.485268,True,True,0.0032205138251399,16.54681806755277,43169,3.2205138251399
5.185907,1,5857.747239,True,True,0.0026004328412188,8.533764682727545,43170,2.6004328412188
-11.191982,60,5859.176148,False,True,0.0148192880216732,24.194530626395416,43230,14.8192880216732
-19.010313,60,5860.461307,False,True,0.022643287522681,7.738049909510424,43290,22.643287522681
-6.453442,17,5861.946341,True,True,0.002408340108727,17.60404233578193,43307,2.408340108727
5.849759,3,5863.249292,True,True,0.0004889782446694,7.277402364203646,43310,0.48897824466940004
1.650355,10,5864.779661,True,True,0.0024091277605692,13.676305259703309,43320,2.4091277605692003
1.78426,1,5865.990378,True,True,0.0093992209444482,14.672925038420791,43321,9.3992209444482
-13.410128,60,5867.171343,False,True,0.0106694661874826,33.61493181469017,43381,10.6694661874826
6.319995,2,5868.50589,True,True,0.002665115665411,6.299033912841126,43383,2.665115665411
8.190187,1,5869.801995,True,True,0.0003428964282205,3.1079843826862583,43384,0.3428964282205
7.376549,3,5870.953551,True,True,0.0001583450528913,5.277266214371715,43387,0.15834505289130002
-0.429529,3,5872.194717,True,True,0.004806859168009,16.264977456946127,43390,4.806859168009
0.748509,36,5873.534225,True,True,3.550686094639906e-05,7.867894720375351,43426,0.03550686094639906
2.821405,1,5874.746334,True,True,0.0044421900436595,12.800186036401223,43427,4.4421900436595
3.051047,1,5876.009382,True,True,0.0068774027131768,12.387593649146307,43428,6.8774027131768
5.219312,11,5876.021399,True,True,0.005061160802251,6.081566095513213,43439,5.061160802251
7.341776,7,5877.800754,True,True,0.0025670251813429,5.182316080170756,43446,2.5670251813429
-9.694918,60,5880.616377,False,True,0.0101177992681331,10.475614414523625,43506,10.1177992681331
-9.36653,60,5882.844088,False,True,0.0099443821887447,35.70430935388306,43566,9.9443821887447
-6.675811,60,5884.233326,False,True,0.002302564998327,5.2596971005154085,43626,2.302564998327
5.753652,1,5885.532044,True,True,3.467818593487319e-05,7.50693581054585,43627,0.03467818593487319
2.754374,3,5886.87085,True,True,0.0020919776881274,12.70808889047837,43630,2.0919776881274004
-12.284365,60,5888.185602,False,True,0.0017278017461656,34.51672669175279,43690,1.7278017461656
7.72631,21,5889.570031,True,True,0.0078714663086142,4.776283096620378,43711,7.871466308614201
4.327806,1,5890.882247,True,True,0.0017460883336596,10.08127326194352,43712,1.7460883336596
4.526178,1,5892.072929,True,True,0.0023415187366642,9.723856870173606,43713,2.3415187366642
-12.28628,60,5893.688876,False,True,0.0170826928531311,88.28398204253261,43773,17.0826928531311
3.877407,11,5894.960577,True,True,0.0019255874073939,8.769498361170134,43784,1.9255874073938999
2.451424,5,5896.390507,True,True,1.1957325836851364e-05,12.607464346063338,43789,0.011957325836851364
1.813198,7,5897.90803,True,True,0.0004249378791102,13.364980171716727,43796,0.42493787911020003
4.522622,2,5899.211938,True,True,0.0086595331473289,9.359601832948687,43798,8.659533147328899
4.597942,1,5900.535973,True,True,0.0001398005223573,9.592612701388209,43799,0.1398005223573
-14.236807,60,5902.672792,False,True,0.0174637051747653,23.270739893532465,43859,17.4637051747653
-10.163526,60,5903.859853,False,True,0.0242445671077292,83.10618761079958,43919,24.2445671077292
-6.814864,14,5906.391491,True,True,0.0030643906347087,17.676004618175256,43933,3.0643906347086998
-8.232379,60,5907.822486,False,False,0.0190760648805851,30.76346530914438,43993,19.0760648805851
9.889438,1,5908.967935,True,True,2.294604346046985e-05,0.0372007228726132,43994,0.02294604346046985
1.810221,9,5910.245351,True,True,2.074074966148393e-05,8.34723242488376,44003,0.02074074966148393
3.004793,1,5911.497487,True,True,0.0032432126457873,12.468131761139809,44004,3.2432126457873
5.237792,6,5912.82988,True,True,0.0052871313393482,8.16710856884109,44010,5.2871313393482
5.514762,1,5914.100782,True,True,2.15633149608141e-05,7.938078671744511,44011,0.0215633149608141
7.099974,1,5915.375945,True,True,0.0044478681234613,5.08103305165213,44012,4.4478681234613
6.632055,1,5916.699319,True,True,0.0046162422654135,5.9257946573480496,44013,4.6162422654135
-12.254202,60,5918.081107,False,True,0.0075988422292627,15.15527597112509,44073,7.5988422292627
2.77608,1,5919.424975,True,True,0.0038236013404508,12.881531986602257,44074,3.8236013404508
6.081852,12,5920.975457,True,True,0.0025678944385859,6.184383189242603,44086,2.5678944385859
-6.25222,60,5922.755167,False,False,0.0168739935841711,13.863155431462886,44146,16.8739935841711
8.797758,6,5924.229624,True,True,0.0023517755374599,2.2657414501173574,44152,2.3517755374599
-6.609336,60,5926.189397,False,False,0.0237297293326848,28.473457568292982,44212,23.7297293326848
-6.4876,60,5927.811464,False,False,0.0142355655246814,2.3826514963148666,44272,14.2355655246814
2.386282,6,5929.313054,True,True,0.0048810317011989,10.770725029424131,44278,4.8810317011989
-11.214064,60,5930.613931,False,True,0.033694250892268,24.947301552017045,44338,33.694250892267995
-0.615872,8,5932.106396,True,True,0.0072595987431828,14.719830763238498,44346,7.2595987431828
1.943934,1,5933.244217,True,True,0.0027423620837801,14.381396546346384,44347,2.7423620837801
0.238064,1,5934.431228,True,True,0.0049178478560958,17.457851307441278,44348,4.9178478560958
6.791869,10,5935.895955,True,True,0.0118732709343422,7.610613633530491,44358,11.873270934342202
-12.339695,60,5937.194313,False,True,0.0021075861496739,31.613033886613717,44418,2.1075861496739
4.807661,2,5938.431962,True,True,0.0012620206622775,8.956380495306915,44420,1.2620206622774999
7.05399,1,5938.435973,True,True,0.00492666217484,5.1645065476916105,44421,4.926662174840001
1.341557,1,5940.064758,True,True,0.0062824246954936,15.4693801374162,44422,6.2824246954936
2.849876,14,5941.706741,True,True,0.0005673799393203,9.61822946996248,44436,0.5673799393203001
-10.950462,60,5943.948438,False,True,0.0045186958391661,30.779338736074354,44496,4.5186958391661
-8.295663,60,5945.86538,False,True,0.0145988146635539,71.88827115575381,44556,14.598814663553899
8.889932,1,5947.217637,True,True,0.0001576477430471,1.8436482870211928,44557,0.1576477430471
1.62291,10,5948.788685,True,True,0.004214541564516,13.882178970786429,44567,4.214541564516001
8.580701,1,5950.055712,True,True,3.439488166804769e-07,2.402129501468178,44568,0.0003439488166804769
1.684693,1,5951.238773,True,True,0.0005168061756708,14.847513179291951,44569,0.5168061756708
-9.176947,60,5952.888903,False,True,0.0010754827844903,18.852241594545752,44629,1.0754827844902999
0.436524,1,5954.219003,True,True,0.0024208076709089,17.098889064537396,44630,2.4208076709089
5.200298,2,5955.465714,True,True,0.0011417578893413,8.526152445619683,44632,1.1417578893413
4.969579,2,5956.663178,True,True,0.0024528362012811,8.73696374656526,44634,2.4528362012811002
-14.570731,60,5958.118525,False,True,0.0083205673779176,49.48773614257763,44694,8.3205673779176
4.577292,1,5959.373741,True,True,0.0025572120590277,9.631811224785295,44695,2.5572120590277
-7.937746,60,5960.656959,False,True,0.0001482380655159,13.826688318736432,44755,0.1482380655159
4.674713,5,5962.005378,True,True,0.007335541296341,8.93367558925758,44760,7.335541296341
4.88211,1,5963.254562,True,True,0.0023902660683036,9.081733584275046,44761,2.3902660683036
5.986233,1,5964.456604,True,True,0.0078403021769217,7.094042532992978,44762,7.8403021769217
0.834761,2,5965.588722,True,True,0.0016371802751334,16.421291378551725,44764,1.6371802751334
2.088508,1,5966.884108,True,True,0.0005063948118116,14.119339527527089,44765,0.5063948118116
1.725369,6,5968.270522,True,True,0.00253539423903,12.83751467665265,44771,2.53539423903
-11.453194,60,5970.029956,False,True,0.0119121419491298,21.694548360045737,44831,11.9121419491298
-10.70164,60,5971.968593,False,True,0.0307450981684611,31.526868463991654,44891,30.7450981684611
0.491122,2,5973.204621,True,True,0.0058229330243202,16.94271694687186,44893,5.8229330243202
4.253898,4,5974.479408,True,True,0.0045812634915112,7.6096631546275155,44897,4.5812634915112005
-10.81023,60,5975.7179,False,True,0.004756982667418,26.799276981489783,44957,4.756982667418
2.618747,4,5977.095568,True,True,0.0041054673459593,12.80185405525465,44961,4.1054673459593
3.50535,6,5979.388212,True,True,0.0027662615664389,11.44198312983542,44967,2.7662615664389
-8.792008,60,5981.095733,False,False,0.031476303013751,24.529342564274195,45027,31.476303013750996
-8.060445,60,5982.779486,False,False,0.0115661500940709,15.714705512793753,45087,11.566150094070899
5.546694,2,5984.023021,True,True,0.004853861275415,7.389528968299467,45089,4.853861275415
7.007373,1,5985.193998,True,True,0.0001308483809157,5.243225128841889,45090,0.1308483809157
2.317018,5,5986.552276,True,True,0.0073110336344121,13.230195113948982,45095,7.3110336344121
-1.788373,26,5987.867339,True,True,0.0119867638251662,11.460544507952848,45121,11.9867638251662
2.65005,1,5989.127592,True,True,0.0008131062446185,13.106864589277905,45122,0.8131062446185
6.536329,1,5990.426247,True,True,0.0001106571826139,6.094211747964888,45123,0.11065718261390001
2.950207,3,5991.699759,True,True,0.0095284478539578,12.09376594458634,45126,9.528447853957799
-15.388772,60,5993.036233,False,True,0.0302177567905503,39.86838716231655,45186,30.2177567905503
1.474411,7,5994.554651,True,True,0.0066808207566012,11.98741349541286,45193,6.6808207566012
-3.059143,13,5995.7922,True,True,0.0071690825215019,9.74311707975964,45206,7.1690825215019
3.854829,1,5995.79719,True,True,0.0050617612035173,10.936870490382727,45207,5.0617612035173
5.640888,1,5997.310297,True,True,0.0102989187671712,7.719003619486688,45208,10.2989187671712
-10.266895,60,5998.62926,False,False,0.0023627274120873,31.933277220511048,45268,2.3627274120873
2.560206,7,6000.137316,True,True,0.0001275611398555,11.975104336530284,45275,0.1275611398555
-18.59061,60,6002.321873,False,True,0.0060821273756261,17.517299085224607,45335,6.0821273756261
-11.559006,60,6004.177147,False,True,0.0027950470559897,1.9404050040527931,45395,2.7950470559897
-9.537681,60,6005.52395,False,True,0.0047918458434844,7.968489081364932,45455,4.7918458434844
6.056957,4,6006.751009,True,True,0.0045339939162282,8.140228828487105,45459,4.5339939162282
6.829452,2,6008.01529,True,True,6.993697941382049e-06,4.955796690381681,45461,0.006993697941382049
-14.916666,60,6010.391085,False,True,0.0140998323214379,28.54014349080177,45521,14.0998323214379
7.112667,1,6011.648188,True,True,0.0096264178775436,5.062961087844014,45522,9.6264178775436
8.610212,2,6012.973781,True,True,0.0003283689030259,2.6672266692211086,45524,0.3283689030259
-0.957351,5,6014.38957,True,True,0.007109842682529,17.545568133469295,45529,7.109842682529
0.180745,4,6015.735755,True,True,0.0038657788390282,17.00250411063304,45533,3.8657788390282
-10.402525,60,6017.359122,False,True,0.002022993187484,24.76103780025552,45593,2.022993187484
8.204903,2,6018.76539,True,True,3.163409577909299e-05,2.3100633810203397,45595,0.03163409577909299
-9.421239,60,6020.75372,False,True,0.0070414878121131,15.458493705685694,45655,7.0414878121130995
-11.27355,60,6022.134674,False,True,0.0051380700424486,34.46459501096691,45715,5.1380700424486
2.571501,1,6023.329907,True,True,0.0097307630336315,13.25388678775476,45716,9.7307630336315
-10.701662,60,6025.139506,False,True,0.0059393986546543,34.66199235614599,45776,5.939398654654299
-12.41399,60,6026.867403,False,True,0.0099468150016778,13.744297262923164,45836,9.9468150016778
6.348993,1,6028.018463,True,True,0.0071880336712761,6.438937471085194,45837,7.1880336712760995
-12.072771,60,6029.868448,False,True,0.0017475929950793,52.480934242199005,45897,1.7475929950793
-11.246151,60,6031.35997,False,True,0.0224910728945549,26.75672300699636,45957,22.4910728945549
4.621411,2,6032.646085,True,True,0.0062190526249386,9.689419640680764,45959,6.2190526249386
5.830342,1,6033.933121,True,True,0.0049411633648171,7.372909727721365,45960,4.9411633648171005
6.922382,4,6035.226816,True,True,0.0035874149472298,6.257827677172607,45964,3.5874149472298
7.044765,34,6036.459451,True,True,0.0023213509158246,0.7588646528424925,45998,2.3213509158246
1.831183,2,6037.724476,True,True,0.0023562570999258,14.464656347195731,46000,2.3562570999258
2.541563,3,6038.963025,True,True,0.0037212065762864,13.55332130486706,46003,3.7212065762864
-23.195616,60,6041.306454,False,True,0.0231874268414681,20.074121746573447,46063,23.1874268414681
-1.799242,24,6042.497503,True,True,0.0107719166307818,15.591843088360688,46087,10.7719166307818
8.467022,2,6043.738137,True,True,1.1899604652372988e-05,2.3041021567216933,46089,0.011899604652372988
-8.786829,60,6046.725495,False,True,0.0366554542849124,23.17560523964992,46149,36.6554542849124
-7.094446,60,6048.12812,False,True,0.0072913475300747,7.504860273594236,46209,7.291347530074701
6.198738,2,6049.320362,True,True,0.0023359872880556,6.580075487372845,46211,2.3359872880556
-8.071731,60,6050.632108,False,True,0.0099736123999431,14.074066196921493,46271,9.9736123999431
-17.122459,60,6051.96642,False,True,0.0132499900575093,37.7483293040744,46331,13.2499900575093
1.723764,6,6053.155991,True,True,0.0026302507928096,12.600627413200414,46337,2.6302507928096
7.379092,2,6053.159938,True,True,0.0083410455249546,4.120064545554556,46339,8.3410455249546
8.797943,2,6054.777469,True,True,0.0022935171505078,1.860268079086831,46341,2.2935171505078
1.218621,14,6056.080001,True,True,0.0069740968644668,13.620425022305977,46355,6.9740968644668
3.454303,2,6057.26953,True,True,0.0049329926538228,11.53556519564386,46357,4.9329926538228
3.870617,5,6058.717041,True,True,0.0023042614703555,10.72430414425996,46362,2.3042614703554998
6.914165,10,6060.116803,True,True,0.0100017687292664,3.836730652900696,46372,10.0017687292664
1.062734,2,6061.273553,True,True,0.0005339493799179,15.785362813192297,46374,0.5339493799179
-3.955458,31,6063.561527,True,True,0.0014701210587692,16.270444986260856,46405,1.4701210587692
7.178174,5,6064.985725,True,True,0.0065747283430353,3.343532021325073,46410,6.5747283430353
4.670114,1,6066.129923,True,True,0.0078095508818658,9.468291234847372,46411,7.809550881865801
5.826398,4,6067.623905,True,True,0.0073188370752409,7.794009778506063,46415,7.3188370752409
3.318226,3,6068.868416,True,True,5.546198833816655e-05,12.045118264645186,46418,0.055461988338166554
3.149169,1,6070.074891,True,True,0.0070146026542251,12.210743023437365,46419,7.0146026542251
-12.854556,60,6071.36786,False,True,0.006259202652732,49.94407605871375,46479,6.259202652731999
3.246729,1,6073.431516,True,True,0.0112145504934327,12.03732526561278,46480,11.2145504934327
-12.96553,60,6074.682752,False,True,0.0268621497257681,17.29759500462102,46540,26.8621497257681
-14.46085,60,6076.075736,False,True,0.0237761386172026,13.526987290815368,46600,23.7761386172026
2.217348,18,6077.744625,True,True,0.0049585792317433,5.545584203141503,46618,4.9585792317433
7.290659,18,6079.453028,True,True,0.0017602310087475,3.1661534650523,46636,1.7602310087475
-6.064417,8,6082.586087,True,True,0.0019459675068849,17.5381111052167,46644,1.9459675068849
-14.710072,60,6084.978658,False,True,0.0073815883450892,16.436125677203734,46704,7.3815883450892
-13.024835,60,6086.646487,False,True,0.0079793650731342,46.65828819972404,46764,7.9793650731342005
-6.252914,6,6088.245731,True,True,0.0003516411066338,17.855576799416585,46770,0.3516411066338
-7.153169,60,6089.752413,False,False,0.0094565724125348,27.20473104469332,46830,9.456572412534799
5.525796,7,6091.036606,True,True,0.0044967354136118,7.65291193431448,46837,4.4967354136118
-8.866185,60,6092.5578,False,True,0.0047268810131136,6.832275539972561,46897,4.7268810131136005
0.446221,4,6093.979742,True,True,0.0024183982483806,15.899767124711984,46901,2.4183982483806
2.658754,1,6095.087482,True,True,0.002449111042072,13.09223320520358,46902,2.449111042072
-0.003699,5,6096.438946,True,True,0.0003758325686547,14.716123654046708,46907,0.3758325686547
-0.229119,16,6098.249686,True,True,0.0010023867517841,16.99650591241834,46923,1.0023867517840999
2.498296,1,6099.450493,True,True,0.0046758973808162,13.382966635351591,46924,4.6758973808162
-6.677679,60,6100.76631,False,False,0.0095444053743061,11.010213921325851,46984,9.5444053743061
2.870216,3,6102.107992,True,True,0.0001218199576261,12.251337448550473,46987,0.1218199576261
-12.783812,60,6104.91473,False,True,0.0127260006609271,15.34543683991553,47047,12.7260006609271
-16.339447,60,6106.175571,False,True,0.0305343626035207,11.468360776110622,47107,30.5343626035207
2.874702,6,6107.507779,True,True,0.0024019347312468,9.942411654919152,47113,2.4019347312468002
0.166,6,6108.996051,True,True,0.0024229241038033,16.850900180129177,47119,2.4229241038033003
5.350883,2,6110.392611,True,True,0.0069772343182488,7.775709502768208,47121,6.9772343182488
8.12588,13,6110.401603,True,True,0.0025117203069422,2.9258362191859297,47134,2.5117203069421996
3.333828,3,6112.132184,True,True,0.0048765878755025,10.660614131362628,47137,4.8765878755025005
3.102623,3,6112.135179,True,True,8.901064913217839e-05,11.84308575018755,47140,0.08901064913217839
1.90711,1,6113.788171,True,True,0.0074556086325266,14.450046589943335,47141,7.455608632526601
3.057074,3,6115.16559,True,True,3.195523529814226e-09,12.218681047796371,47144,3.195523529814226e-06
-3.751775,9,6116.748228,True,True,0.0107723395452588,16.287009617587273,47153,10.7723395452588
-14.846951,60,6118.237109,False,True,0.0178457609340851,10.700953320724247,47213,17.8457609340851
4.149538,1,6119.42017,True,True,0.0053918199543696,10.405545879639192,47214,5.3918199543696
2.932994,1,6120.650766,True,True,0.0029836496699287,12.598019394408452,47215,2.9836496699287
-16.8795,60,6120.65451,False,True,0.0206019688428959,22.969364807159277,47275,20.6019688428959
5.953593,4,6122.422084,True,True,0.0094296500449414,6.61014135747213,47279,9.4296500449414
4.6016,11,6123.899519,True,True,0.0072065996992391,10.146633534722122,47290,7.2065996992391
-6.706779,60,6126.099402,False,False,0.0023335719028565,8.832998682283309,47350,2.3335719028565
6.915793,3,6127.440207,True,True,0.0047393702300191,4.064482858230193,47353,4.7393702300191
-6.988076,60,6128.850399,False,True,0.0071753430642714,7.612557888858896,47413,7.1753430642714
4.728481,9,6130.398368,True,True,0.0095365625085536,5.790738086796835,47422,9.536562508553601
-8.603615,60,6131.952281,False,False,0.0019869457456631,25.1192772387358,47482,1.9869457456631
4.981101,1,6133.274208,True,True,0.0001486343668827,8.901248869038298,47483,0.14863436688270001
-12.469227,60,6134.668848,False,True,0.0352933243876093,14.671022359700746,47543,35.2933243876093
0.337359,8,6137.07233,True,True,0.005845251174722,14.178312263651948,47551,5.845251174722
3.731344,1,6138.334631,True,True,1.326639862186344e-05,11.155966167393371,47552,0.01326639862186344
6.724395,7,6139.803629,True,True,0.0112659304955255,5.883460315821688,47559,11.265930495525499
8.296969,2,6141.096486,True,True,0.0112027769931143,2.86990034649002,47561,11.2027769931143
7.009492,13,6142.818434,True,True,0.0045388054100673,7.66618020928337,47574,4.5388054100673
2.394566,1,6143.952165,True,True,0.0021611338787562,13.568466726014428,47575,2.1611338787562
-12.198847,60,6143.959179,False,True,0.0224148963683769,15.884181857066444,47635,22.414896368376898
3.629,1,6145.659065,True,True,0.0100055629797126,11.347341224670531,47636,10.0055629797126
7.048776,6,6147.080322,True,True,0.0078264767038123,5.590477540172232,47642,7.8264767038123
3.359629,1,6148.318189,True,True,0.0097356940589366,11.83289734649363,47643,9.7356940589366
4.231071,8,6148.323195,True,True,0.0072837064014785,7.033588332451332,47651,7.2837064014785
5.156985,3,6150.004368,True,True,0.0003584732587258,6.9548073954575536,47654,0.3584732587258
-12.048535,60,6151.289632,False,True,0.0055505682403125,15.925996481923198,47714,5.5505682403125
5.558242,2,6151.30862,True,True,0.0094937641514144,7.977736803286605,47716,9.4937641514144
7.803867,7,6153.158165,True,True,0.0035489746493526,3.957424248867651,47723,3.5489746493526004
-18.397746,60,6154.410286,False,True,0.013976672455314,11.42878054981196,47783,13.976672455314
4.044997,2,6154.41529,True,True,0.0003433342452797,10.459988474909602,47785,0.3433342452797
-14.158558,60,6157.705801,False,True,0.0214120010181618,14.330804077666828,47845,21.4120010181618
-9.690662,60,6159.054016,False,True,0.0135119391027093,36.05918211553337,47905,13.5119391027093
2.983343,2,6160.279884,True,True,0.0070076189248363,12.44479084839268,47907,7.0076189248363
4.229142,10,6161.556596,True,True,0.0052410164489297,11.50787909734669,47917,5.2410164489297
1.62105,2,6162.888114,True,True,0.0003849422979914,13.487543891909809,47919,0.3849422979914
8.151202,6,6164.189036,True,True,0.0101414620024188,2.750983250144308,47925,10.1414620024188
8.28619,1,6164.199036,True,True,0.0001285889178078,2.934312795713118,47926,0.12858891780780002
-11.226785,60,6165.885655,False,True,0.0296449184574229,24.614913460409745,47986,29.6449184574229
4.036675,1,6165.888669,True,True,1.7047018657789792e-10,10.605136435626614,47987,1.7047018657789792e-07
-9.391138,60,6165.89167,False,True,0.0153695907633438,17.3450082955908,48047,15.369590763343801
2.87302,1,6167.587733,True,True,0.0010085630164974,12.704869614398795,48048,1.0085630164974
0.635033,2,6168.968582,True,True,0.0037178159398924,16.45097597060419,48050,3.7178159398924002
2.35633,2,6170.301774,True,True,0.0060012496699394,13.520446174720874,48052,6.0012496699394005
3.210366,6,6171.500542,True,True,0.0110495195380277,11.489565930987752,48058,11.049519538027699
-3.056553,7,6172.854634,True,True,0.0005118715459196,15.970556573346144,48065,0.5118715459196
2.136052,6,6174.15543,True,True,0.0001276989804513,11.95938173976,48071,0.1276989804513
2.601309,1,6175.420501,True,True,0.0092715510134112,13.19989186502144,48072,9.2715510134112
0.426363,3,6176.819038,True,True,0.0002685627779126,16.75043595933171,48075,0.2685627779126
7.710922,3,6178.150483,True,True,0.0046887492982234,3.475245294767891,48078,4.6887492982234
-11.600689,60,6181.921757,False,True,0.0460518215670911,48.124903440292286,48138,46.0518215670911
0.029771,2,6183.071342,True,True,0.0067132198335152,17.800337404883933,48140,6.7132198335152
-10.813195,60,6184.285214,False,True,0.0049304093650132,24.74059988637273,48200,4.9304093650132
-11.810666,60,6185.516347,False,True,0.0117632315685291,15.466125249302667,48260,11.763231568529099
-16.684926,60,6187.052611,False,True,0.0038090533311048,37.02247825847402,48320,3.8090533311048
9.163846,2,6188.454915,True,True,0.0012474000690978,1.7455878318637612,48322,1.2474000690978
6.920693,2,6189.687973,True,True,0.0045990260820353,5.462005037027299,48324,4.599026082035301
5.083897,1,6190.899044,True,True,8.747229503612427e-06,8.715630095944036,48325,0.008747229503612427
-12.625402,60,6193.7046,False,True,0.0246192602694321,89.74395310043215,48385,24.6192602694321
2.808697,1,6194.974059,True,True,3.426894185087903e-13,12.820193907832603,48386,3.426894185087903e-10
-10.107007,60,6196.140406,False,True,0.0113007794793494,64.95107651874268,48446,11.300779479349401
-7.064363,60,6197.37735,False,False,0.0186907739930499,8.251626780886745,48506,18.6907739930499
4.025697,4,6198.725072,True,True,0.0047863991732163,10.111096430668692,48510,4.7863991732163
4.669291,2,6199.91009,True,True,0.0049114101701342,9.628016986620713,48512,4.9114101701342
7.046089,2,6201.259466,True,True,0.0025835175688614,5.614247897457951,48514,2.5835175688614
5.519534,6,6202.682505,True,True,0.0023538488069317,7.027595548632955,48520,2.3538488069317
8.956047,1,6204.013299,True,True,0.0023588780352624,1.726997854698348,48521,2.3588780352624
-13.179174,60,6205.376857,False,True,0.0043525679648224,41.92972817612173,48581,4.352567964822399
9.193789,4,6206.676235,True,True,0.0031770075274822,2.137698768804375,48585,3.1770075274822003
3.359072,2,6207.93263,True,True,4.488906825317091e-05,11.475314883606972,48587,0.044889068253170905
7.114204,1,6207.933619,True,True,0.0006992003225141,5.0470148781059,48588,0.6992003225141
1.169328,15,6210.925778,True,True,0.0058285713551674,8.697209127855462,48603,5.8285713551674
-14.589807,60,6213.080724,False,True,0.0111410635464998,12.86181597658294,48663,11.1410635464998
6.776739,3,6214.463217,True,True,0.0069305627581924,4.371558327877633,48666,6.9305627581924
-12.501914,60,6215.774218,False,True,0.0087242115715478,39.44894244249668,48726,8.7242115715478
8.116373,3,6215.784186,True,True,8.376012984582853e-06,2.426148725200445,48729,0.008376012984582853
3.569046,4,6217.621047,True,True,0.000706292115385,11.108192937256494,48733,0.706292115385
8.307189,1,6218.788431,True,True,3.180456961590465e-05,2.896263993563254,48734,0.03180456961590465
6.678819,6,6219.999253,True,True,5.1363881990521e-06,3.9859819306351385,48740,0.0051363881990521
6.4556,1,6221.172425,True,True,0.0002785779020069,6.240118530375281,48741,0.2785779020069
6.604184,3,6222.424239,True,True,0.0002394398803685,4.513859864318745,48744,0.2394398803685
7.22479,2,6223.672795,True,True,0.0023823075868068,5.04399811309711,48746,2.3823075868068
-15.510816,60,6225.095495,False,True,0.0061795171818998,23.26452437840066,48806,6.1795171818998
9.268585,1,6226.375008,True,True,0.0003917333639223,1.1521819785330132,48807,0.3917333639223
1.29754,1,6227.512149,True,True,2.9929714956411495e-11,15.545282775420018,48808,2.9929714956411495e-08
1.379078,1,6228.786002,True,True,0.0069410631377663,15.402079852350708,48809,6.9410631377663
6.523119,4,6230.145509,True,True,0.0097373076604629,5.088072967773412,48813,9.7373076604629
2.593499,1,6231.412168,True,True,0.000628189456426,13.208730503099886,48814,0.628189456426
4.558594,2,6232.723256,True,True,0.009931566015347,9.148101513247507,48816,9.931566015347
-24.855461,60,6234.042922,False,True,0.0192744639907574,27.889541823947468,48876,19.274463990757397
3.938195,7,6235.268784,True,True,0.0071034428278771,11.046294253396184,48883,7.1034428278771
7.004266,1,6236.428724,True,True,0.0025541824839706,5.251918337981787,48884,2.5541824839706
3.520916,4,6237.714197,True,True,0.000391167787141,11.16487465219414,48888,0.391167787141
4.881706,1,6237.718196,True,True,0.0023556142852238,9.082434274618391,48889,2.3556142852238002
-14.193143,60,6240.552229,False,True,0.0145436090558806,14.022933092535984,48949,14.5436090558806
0.127844,1,6241.745248,True,True,0.0003288438313316,17.654270716600788,48950,0.3288438313316
-12.628934,60,6243.044422,False,True,0.0013808352223198,33.82912911525074,49010,1.3808352223198
-1.360697,10,6244.507916,True,True,0.0052322281517016,14.341043791613147,49020,5.232228151701601
1.471526,1,6245.681047,True,True,0.0073106399714813,15.235614781508971,49021,7.3106399714813
-7.727801,60,6248.531972,False,False,0.0040653228945357,18.1935520338756,49081,4.065322894535701
-11.996549,60,6248.534968,False,True,0.0051206911422807,28.653357873043767,49141,5.1206911422807
-13.450706,60,6251.454586,False,True,0.010729736426956,29.886712995918572,49201,10.729736426956
7.508997,1,6252.614813,True,True,0.0019547737100608,4.3400160722961845,49202,1.9547737100608
0.438954,1,6253.830204,True,True,0.0003181301219007,17.093416380123813,49203,0.3181301219007
2.296023,1,6255.055776,True,True,0.0094910945508496,13.750398915599764,49204,9.491094550849601
4.543891,2,6256.361988,True,True,0.0002957691484796,10.370536627156994,49206,0.2957691484796
3.061234,2,6257.670966,True,True,0.0103820625532244,12.079038813360576,49208,10.382062553224399
2.200373,1,6258.888387,True,True,0.0070513414793975,13.921509266358392,49209,7.0513414793975
-12.09649,60,6260.216944,False,True,0.0187249071670904,78.58506894664461,49269,18.7249071670904
1.902891,9,6261.551094,True,True,0.0009170277561343,8.746351846964748,49278,0.9170277561343
6.749268,3,6262.908202,True,True,0.0092959689771666,6.400594619283453,49281,9.295968977166599
-15.849926,60,6264.429038,False,True,0.0093572980864427,9.771897492148726,49341,9.3572980864427
-12.053171,60,6264.437294,False,True,0.0082873643382629,26.32744860574415,49401,8.2873643382629
5.372221,2,6266.175348,True,True,0.0024549733946932,7.672189014848573,49403,2.4549733946932
3.789536,5,6267.590438,True,True,0.0016129386327849,11.074972738762256,49408,1.6129386327849
5.264641,21,6269.519558,True,True,0.0007958493603936,6.4566134282339,49429,0.7958493603936
-12.175141,60,6271.649211,False,True,0.0017910857015981,30.37735513495868,49489,1.7910857015980999
-6.314949,60,6273.104019,False,False,1.7230932988542783e-05,10.066870541866932,49549,0.017230932988542783
-6.317697,60,6275.628486,False,False,0.0001065295082267,3.693508418904727,49609,0.1065295082267
7.97792,1,6276.863459,True,True,0.0074589843927695,3.499146185351651,49610,7.4589843927695005
8.528847,4,6278.226091,True,True,4.173670037395036e-06,2.4146788021101915,49614,0.004173670037395036
-11.539454,60,6279.884461,False,True,0.0193972848137142,59.064541334846695,49674,19.3972848137142
6.904387,1,6281.16063,True,True,2.8308183975103276e-05,5.429635143600214,49675,0.028308183975103277
6.010545,4,6282.515082,True,True,0.0047688670833916,4.572667169762097,49679,4.7688670833916
1.641462,1,6283.791095,True,True,0.0019767162036229,14.92632570636726,49680,1.9767162036229
-13.660541,60,6285.619724,False,True,0.0129900411151467,26.05416238458333,49740,12.9900411151467
4.525268,5,6287.035351,True,True,0.0065373915571285,8.937012047508647,49745,6.537391557128499
-6.670138,60,6288.319398,False,False,0.0051844134875446,28.590912006177916,49805,5.1844134875445995
8.426944,1,6289.539105,True,True,1.1569307503216369e-06,2.6798958027427764,49806,0.0011569307503216369
-0.016467,1,6290.696837,True,True,0.0069545954627478,17.91754924158114,49807,6.9545954627478
5.735122,4,6292.11879,True,True,0.0009300832478356,6.677903674466548,49811,0.9300832478355999
2.98565,9,6293.541362,True,True,0.0004029538734625,13.513374102988823,49820,0.4029538734625
-9.54684,60,6294.831343,False,True,0.0070262390340428,76.01100330010465,49880,7.0262390340428
0.943423,1,6296.034493,True,True,0.0048029929610013,16.18633228810165,49881,4.8029929610013005
6.236102,1,6297.307616,True,True,0.0045842048976737,6.640375729100106,49882,4.5842048976736995
1.036972,1,6298.676404,True,True,0.0075583379861146,16.01907525308689,49883,7.5583379861146
4.63191,23,6300.02815,True,True,0.0119738114049323,6.053007199173878,49906,11.9738114049323
7.484767,2,6300.038143,True,True,0.0047435296918,4.560534209898416,49908,4.7435296918
0.72975,4,6301.872689,True,True,0.0010203716619604,16.28955428802686,49912,1.0203716619604
-10.547865,60,6303.465845,False,True,0.000632128186327,42.15909838996533,49972,0.632128186327
-12.896767,60,6306.115389,False,True,0.0251512193641591,5.524531622633438,50032,25.1512193641591
-11.503752,60,6308.439915,False,True,0.0138279929770284,28.281824493740988,50092,13.8279929770284
8.748819,1,6309.64162,True,True,0.0001380076464119,2.098575897846167,50093,0.1380076464119
-14.199091,60,6310.916011,False,True,0.0163568104442397,8.88260788746574,50153,16.3568104442397
-6.239836,12,6312.164495,True,True,0.0043946530055407,16.140558697007638,50165,4.3946530055407
2.427817,4,6313.490096,True,True,0.0075460317005967,10.88207760220102,50169,7.5460317005967
1.31525,1,6314.756211,True,True,0.0049637297596601,15.516115209183672,50170,4.9637297596601
-1.96488,6,6315.995239,True,True,0.0027286640528343,17.959768212648637,50176,2.7286640528343
-8.177863,60,6317.090792,False,False,0.0293211896070308,58.33187825511399,50236,29.321189607030803
1.347041,2,6318.36973,True,True,0.0067112066691009,14.926995085398186,50238,6.7112066691009
1.59277,1,6319.699032,True,True,0.0044260841436425,15.015503032196916,50239,4.4260841436425
6.563727,1,6320.867551,True,True,5.137678306213825e-06,6.044643387332351,50240,0.005137678306213825
0.304061,2,6322.192063,True,True,0.0052306499809746,17.092080751254596,50242,5.2306499809746
6.864344,1,6323.410634,True,True,0.0051895245675147,5.507069808621434,50243,5.189524567514701
2.503834,6,6324.828569,True,True,0.0109679822401247,13.044657011684372,50249,10.967982240124702
3.257793,5,6326.196412,True,True,0.0053789319457265,11.502063558798865,50254,5.3789319457264995
2.365402,1,6327.348559,True,True,0.0064580567394829,13.62363271112931,50255,6.4580567394829
-8.96828,60,6329.604562,False,True,0.0209830522533597,3.800947399801103,50315,20.9830522533597
-18.591106,60,6331.189441,False,True,0.0026852483977304,4.94802244910548,50375,2.6852483977304002
-12.856839,60,6332.540014,False,True,0.0175406852059754,82.06828602385632,50435,17.5406852059754
7.457382,3,6333.764584,True,True,0.0049645408955545,5.081883899956568,50438,4.9645408955545
-2.25678,14,6333.775575,True,True,0.0114190692406707,11.206118555345045,50452,11.419069240670702
4.172509,2,6335.355723,True,True,0.0007247809830972,10.231220157291128,50454,0.7247809830972
3.227455,5,6336.668004,True,True,0.0022132165299247,12.371399147719153,50459,2.2132165299247
5.770518,1,6337.905501,True,True,0.0021814330178898,7.478457692202327,50460,2.1814330178898
3.467722,1,6339.241627,True,True,0.0001202735897684,11.63159068272988,50461,0.1202735897684
-14.901999,60,6340.77748,False,True,0.0142599119058571,10.856360679461378,50521,14.2599119058571
9.231316,4,6342.19068,True,True,0.0001204907176678,2.129555739690844,50525,0.1204907176678
-4.529602,22,6344.168878,True,True,0.0013236730390286,14.71542543854912,50547,1.3236730390286
-13.110521,60,6346.561525,False,True,0.0024770011426339,2.2997497686567625,50607,2.4770011426339
-14.551183,60,6347.955556,False,True,0.0066396146928829,27.811231429304154,50667,6.639614692882899
2.323702,8,6349.234464,True,True,1.998178515011384e-09,12.873936290362272,50675,1.998178515011384e-06
0.878573,2,6349.243011,True,True,0.0080597318918774,16.056993665552607,50677,8.059731891877401
3.075074,1,6350.863781,True,True,4.429510912435839e-05,12.339778224108644,50678,0.04429510912435839
4.700541,1,6352.131302,True,True,0.0010234418474532,9.40821917909189,50679,1.0234418474532
0.948685,3,6353.280136,True,True,0.003575888171873,15.837739744852591,50682,3.575888171873
2.571539,4,6354.582622,True,True,0.0047770679523993,11.943964956017629,50686,4.7770679523993005
-10.320356,60,6355.685741,False,True,0.0048259570851044,10.779262389006991,50746,4.8259570851044
5.397524,1,6356.964706,True,True,0.0119208104682814,8.15916793166284,50747,11.9208104682814
-11.369364,60,6359.414951,False,True,0.0046640084055279,13.99272400091733,50807,4.6640084055279
0.787732,2,6360.588217,True,True,0.0073993241983544,15.937967495304775,50809,7.3993241983544005
-15.00577,60,6362.535213,False,True,0.0040735920760141,27.33286532088538,50869,4.0735920760141004
4.67748,1,6363.818222,True,True,0.0013847592879862,9.450122341846631,50870,1.3847592879861998
1.212331,1,6365.053356,True,True,0.0068678905103507,15.70263053522532,50871,6.8678905103506995
-5.113782,60,6366.451851,False,False,0.0078102988943526,12.938686078465713,50931,7.8102988943526
-9.974135,60,6367.777144,False,True,0.0045072298135339,31.61560717924788,50991,4.5072298135338995
-3.818594,16,6369.527584,True,True,0.0053573890303102,10.4357787835679,51007,5.3573890303102
2.859754,1,6370.88435,True,True,0.0056489605923867,12.731781871041369,51008,5.6489605923867
6.902846,1,6372.179295,True,True,0.0064051521874355,5.43871574014855,51009,6.4051521874355
2.533201,1,6373.61989,True,True,0.0037314413854439,13.319450246690462,51010,3.7314413854439
8.929315,1,6374.970423,True,True,0.0023327432282839,1.7752584259586324,51011,2.3327432282839
-7.36575,20,6376.468766,True,True,0.009353285106012,11.963386894150576,51031,9.353285106012
-0.027108,2,6377.761639,True,True,0.0118473008007825,17.852347569877114,51033,11.847300800782499
4.394901,1,6377.764152,True,True,0.0031105339850385,9.961278375007405,51034,3.1105339850385
1.598923,1,6379.745928,True,True,0.0025750868350338,15.001124507833795,51035,2.5750868350337996
-10.531362,60,6381.726876,False,True,0.0025230018292493,13.90378169048903,51095,2.5230018292492997
0.950502,15,6384.637333,True,True,0.004677173962948,14.829394288088409,51110,4.677173962947999
-8.67417,60,6386.174426,False,True,0.0250932893420444,19.530706457772087,51170,25.0932893420444
2.476873,1,6387.519415,True,True,0.0008315928746342,13.419189786919135,51171,0.8315928746342
2.367967,1,6389.020563,True,True,0.0002693271376728,13.615226460746564,51172,0.26932713767280003
0.406481,8,6390.421281,True,True,0.0091365768912145,16.100400799284742,51180,9.1365768912145
-15.2475,60,6392.187643,False,True,0.0065592820099612,23.300767458464684,51240,6.5592820099611995
-16.884804,60,6393.551541,False,True,0.0121261769406987,20.987523412493587,51300,12.1261769406987
1.496834,9,6395.161751,True,True,0.0023319082410519,14.023542387111137,51309,2.3319082410519
7.2262,9,6397.287375,True,True,0.0021787758135241,3.5600721608367034,51318,2.1787758135241
5.210231,1,6399.945213,True,True,1.020234580845214e-09,8.48764114598802,51319,1.020234580845214e-06
5.668489,1,6403.06869,True,True,0.0002449084033748,7.660838424287709,51320,0.2449084033748
-10.814737,60,6404.961555,False,True,0.0148124076018867,49.53231253344188,51380,14.812407601886699
-7.970193,60,6407.117893,False,False,0.0040831014726001,21.12569436062473,51440,4.0831014726001005
6.892783,1,6408.568849,True,True,6.910670040441235e-06,5.450564193482638,51441,0.006910670040441235
9.497072,1,6410.479178,True,True,0.0048873547849955,0.7527734424348339,51442,4.8873547849955
2.926312,7,6412.527242,True,True,0.0059945056897241,11.514216280515257,51449,5.994505689724099
4.524237,1,6414.15505,True,True,0.0045230578152583,9.729029200391892,51450,4.5230578152583
-12.133501,60,6414.165039,False,True,0.0108492940184053,32.8502701948625,51510,10.8492940184053
8.371067,2,6416.221962,True,True,0.0023284680346231,2.578763628315593,51512,2.3284680346231004
-13.41567,60,6418.910821,False,True,0.01680952625438,11.102305006576325,51572,16.80952625438
-7.277228,60,6421.30102,False,False,0.0138280830915974,26.06450926169853,51632,13.8280830915974
6.642819,1,6423.37104,True,True,7.311936005555586e-06,5.901857011445936,51633,0.007311936005555586
-3.912311,5,6427.16545,True,True,0.0061921890104908,17.596577795057833,51638,6.1921890104908
4.564792,1,6429.021031,True,True,0.0100818301874174,9.659824568104712,51639,10.081830187417399
9.471699,1,6430.835253,True,True,0.0044767653316558,0.7980074985635607,51640,4.4767653316558
0.62358,1,6432.669506,True,True,0.003511876583176,16.76224533599158,51641,3.511876583176
2.26689,2,6434.570536,True,True,0.0042380122929895,12.76756878224476,51643,4.2380122929895
0.048809,2,6436.547318,True,True,0.0012264112976275,17.680681146410045,51645,1.2264112976275001
-1.521489,3,6438.437486,True,True,0.0020867667760295,16.947289874951828,51648,2.0867667760295
6.567047,2,6440.133203,True,True,0.0049372950579909,5.590836632858684,51650,4.9372950579909
-16.565209,60,6442.225594,False,True,0.0035106948773639,39.346943382597566,51710,3.5106948773638997
4.148557,1,6443.768423,True,True,0.0027873827747735,10.405424801613448,51711,2.7873827747735
2.976898,1,6445.395356,True,True,0.0023547463201705,12.518426272212537,51712,2.3547463201705
-20.178611,60,6445.403887,False,True,0.0127482495556936,70.83167912251567,51772,12.7482495556936
4.288979,1,6447.233442,True,True,0.0047413221223753,10.153563401867558,51773,4.7413221223753
3.915127,3,6449.310573,True,True,0.0031562728962081,10.5731498967915,51776,3.1562728962080997
3.884786,3,6451.084505,True,True,0.0117255673766801,10.36696151420978,51779,11.7255673766801
3.115192,2,6452.521608,True,True,0.0001282567997849,12.204712605913526,51781,0.12825679978489998
-0.81909,19,6452.537647,True,True,0.0101554038494444,16.723601729843548,51800,10.1554038494444
7.247716,1,6454.21532,True,True,0.0069296373489276,4.816748121287888,51801,6.9296373489276
0.000486,1,6454.227314,True,True,0.0030562282246285,17.885198523103615,51802,3.0562282246285
1.031642,5,6456.454546,True,True,0.0028984009904845,15.21264907664126,51807,2.8984009904845003
7.693122,3,6458.368337,True,True,0.0039088013890442,3.139517015855466,51810,3.9088013890441995
4.898193,1,6459.751743,True,True,0.0023889481454105,9.052715309755996,51811,2.3889481454105
6.622742,1,6460.993589,True,True,0.0001466000136532,5.938246318820826,51812,0.1466000136532
-11.812512,60,6462.279162,False,True,0.0150507231011433,21.54380900710659,51872,15.050723101143301
0.793018,4,6462.294106,True,True,0.0011797213951169,16.075622670547713,51876,1.1797213951169
1.36499,1,6463.585464,True,True,0.0022610973012091,15.424966445537104,51877,2.2610973012091
-3.895471,12,6464.933973,True,True,0.0021728447274709,10.76624796191392,51889,2.1728447274709
8.605959,2,6466.284553,True,True,0.0020498127900303,2.288429626258268,51891,2.0498127900303
7.271315,8,6467.645253,True,True,0.0002686456453029,3.251195578311767,51899,0.2686456453029
6.52575,1,6470.187878,True,True,0.0047648085595685,6.117797130453695,51900,4.7648085595684995
3.220425,3,6471.819592,True,True,0.0084871202531787,11.833322269959416,51903,8.487120253178698
-6.133495,18,6473.748874,True,True,0.0051943901546796,13.528581163897984,51921,5.1943901546796
3.476294,3,6475.351786,True,True,0.0002952108376382,11.012440504978896,51924,0.2952108376382
5.80034,2,6476.72587,True,True,0.005868822141068,7.214840025357058,51926,5.868822141068001
-13.950849,60,6479.135197,False,True,0.0051783875458199,13.670962680900203,51986,5.1783875458199
1.562382,33,6481.813697,True,True,0.0025188516250896,10.41432889747877,52019,2.5188516250896003
-13.119332,60,6484.625308,False,True,0.0313658052007685,22.319747601925823,52079,31.365805200768502
2.736817,3,6484.629735,True,True,0.0039636046499603,13.12629061180436,52082,3.9636046499603
4.235113,1,6486.273807,True,True,0.0011815716951025,10.24805834917065,52083,1.1815716951025002
7.364017,1,6487.928776,True,True,0.0025132449725369,4.602383776712024,52084,2.5132449725369
9.923315,2,6489.184001,True,True,0.0045386460640699,0.6088158984800828,52086,4.5386460640699
-13.433899,60,6490.574197,False,True,0.0073035741597236,15.770231319566784,52146,7.3035741597236
-6.07434,8,6491.860836,True,True,0.0001175290391879,17.513104642366358,52154,0.1175290391879
-15.326146,60,6497.965264,False,True,0.0106492826067722,25.275248606058625,52214,10.6492826067722
4.592612,3,6500.810016,True,True,0.0017754710142567,10.370664355610248,52217,1.7754710142567
-18.159668,60,6503.992205,False,True,0.0193590330091517,20.411653220655392,52277,19.3590330091517
-19.887877,60,6506.426589,False,True,0.0121773951905626,20.51563051720468,52337,12.1773951905626
-13.359611,60,6508.439529,False,True,0.0011779499327064,30.94959814314142,52397,1.1779499327064
2.098226,3,6511.83617,True,True,0.004600291037422,13.657070485825296,52400,4.600291037422
1.343264,1,6511.859712,True,True,0.0070100610503163,15.466676610665964,52401,7.0100610503163
1.721666,1,6514.62569,True,True,1.0543250335767753e-05,14.780536138002171,52402,0.010543250335767753
2.171437,15,6517.381854,True,True,0.0041122880633491,10.08041171747414,52417,4.1122880633491
8.004617,1,6519.340204,True,True,0.0047136077683087,3.448075432932534,52418,4.713607768308701
1.197232,4,6520.694996,True,True,0.008080683661596,15.887024257275462,52422,8.080683661596
-9.601506,60,6523.161335,False,True,0.0101084081663721,20.932961262374366,52482,10.108408166372099
7.007801,1,6524.490506,True,True,0.0019430943559007,5.24491463646776,52483,1.9430943559007
4.446367,5,6526.003761,True,True,0.0003753326542319,7.94513221128367,52488,0.37533265423190004
-5.511538,8,6527.397328,True,True,0.0053657770306774,16.65421571830366,52496,5.365777030677401
6.598877,1,6528.636274,True,True,0.002359476698492,5.983531251887695,52497,2.359476698492
5.679906,2,6530.028805,True,True,0.0095786879704588,7.829838075390147,52499,9.5786879704588
-12.746798,60,6531.519587,False,True,0.0237599948838878,13.994479455697164,52559,23.7599948838878
-12.671758,60,6532.822712,False,True,0.0022476030466662,31.28462609170229,52619,2.2476030466662
-6.685635,60,6534.080195,False,False,0.0046160445499717,17.360175247125937,52679,4.6160445499717
4.082297,1,6534.090813,True,True,0.0024600612366895,10.524708608648712,52680,2.4600612366895
4.748316,1,6535.465799,True,True,0.0066445351889925,9.326390025683317,52681,6.644535188992499
7.555567,4,6536.765507,True,True,0.000113844633247,3.53874511897736,52685,0.113844633247
-0.573979,6,6538.000564,True,True,0.0095926327165419,16.739735465819923,52691,9.592632716541901
9.427074,3,6539.223439,True,True,0.0009173021555204,1.3032369568341873,52694,0.9173021555204
-2.0117,22,6541.366083,True,True,0.0110780842113718,16.69017707659187,52716,11.0780842113718
0.83248,1,6542.625696,True,True,0.0046867392905782,16.386265492289738,52717,4.6867392905782
-3.363468,21,6544.016804,True,True,0.0108716760917249,15.105879470890732,52738,10.8716760917249
5.994821,6,6545.237627,True,True,0.0097992580987925,5.420532995323132,52744,9.7992580987925
-4.750339,7,6546.575382,True,True,0.0002578911200165,16.048195343063885,52751,0.2578911200165
-9.878245,21,6547.815358,True,True,9.628826452187222e-05,10.14207195982977,52772,0.09628826452187222
3.905356,3,6549.120252,True,True,0.0027573257620957,10.440135238628985,52775,2.7573257620957
2.804144,1,6550.262191,True,True,0.0047408971109695,12.831498083653589,52776,4.7408971109695
-11.479428,14,6551.811712,True,True,0.009695831224769,17.502534132146472,52790,9.695831224769
-6.876057,60,6553.707909,False,False,0.0164486683191282,26.80263835681836,52850,16.4486683191282
2.398703,6,6554.975395,True,True,0.0118922405268484,13.276463033734505,52856,11.8922405268484
6.724149,2,6556.087569,True,True,0.0047550748339309,5.75341872050952,52858,4.7550748339309
-8.0978,60,6557.415011,False,True,0.0126817283304597,58.84491145234404,52918,12.6817283304597
-18.663436,60,6558.921679,False,True,0.033639116835339,55.998077268212846,52978,33.639116835339
2.232903,1,6560.117499,True,True,0.0003360073051284,13.85884049583137,52979,0.3360073051284
2.297479,1,6561.35928,True,True,0.0005198767349441,13.742505526578585,52980,0.5198767349441
-0.773139,10,6562.967009,True,True,0.0026012382104258,15.168760643650874,52990,2.6012382104258003
6.676435,1,6564.193708,True,True,2.593516144449069e-05,5.841188061303317,52991,0.02593516144449069
2.076693,1,6565.392325,True,True,0.0098648516837643,14.145996484612816,52992,9.8648516837643
2.756565,1,6566.601226,True,True,3.282685367902993e-05,12.914239028526527,52993,0.03282685367902993
6.857811,1,6567.873664,True,True,0.0043729616145982,5.518085765148162,52994,4.3729616145982
-14.585953,60,6569.270638,False,True,0.0110250881607155,18.969921037770444,53054,11.0250881607155
2.060145,2,6570.569277,True,True,0.0001164027238635,13.9137897514052,53056,0.1164027238635
7.045291,6,6571.855231,True,True,0.0048911517188801,4.870208911512435,53062,4.8911517188801
9.458759,1,6573.015105,True,True,0.0072314660646777,0.8248474885532904,53063,7.2314660646777
-11.591501,60,6574.751402,False,True,0.004732704922047,21.016101490638142,53123,4.7327049220470006
-8.091331,60,6576.025634,False,False,0.010626245171188,9.170401712834176,53183,10.626245171188001
1.270571,2,6578.274442,True,True,0.0100768795112572,15.860530849770113,53185,10.0768795112572
5.746608,2,6579.563709,True,True,0.002600160737532,7.366796843422284,53187,2.600160737532
2.574728,1,6580.686803,True,True,0.0021141410922803,13.240510359464354,53188,2.1141410922803
8.633821,1,6581.891518,True,True,0.0046591102485924,2.3117825198671245,53189,4.6591102485924
6.655802,2,6583.035937,True,True,0.0049196989698895,4.828633176708705,53191,4.9196989698895
-8.543959,60,6584.874115,False,False,0.0069149274114949,29.22799973871784,53251,6.9149274114949
6.03029,9,6586.337078,True,True,0.0024543966015052,6.058736318838502,53260,2.4543966015052
3.227486,1,6587.560436,True,True,0.0023142505550361,12.066455530885296,53261,2.3142505550360997
-20.056638,60,6588.920311,False,True,0.0052677644020151,34.01432123395873,53321,5.2677644020151
1.864103,1,6590.061185,True,True,0.0052485323207086,14.5267714995566,53322,5.248532320708599
-0.455333,6,6591.422208,True,True,0.0027295697813842,16.649577470037606,53328,2.7295697813841997
3.868397,1,6592.654399,True,True,0.0098441247718571,10.91554938181164,53329,9.8441247718571
2.718228,5,6594.015626,True,True,0.0046718897574385,12.534653335098016,53334,4.6718897574385005
2.523965,2,6595.305536,True,True,0.0059404313456096,13.241376889377374,53336,5.940431345609601
-22.713468,60,6596.57037,False,True,0.0138023074615718,39.43944811546477,53396,13.8023074615718
1.113944,1,6597.728075,True,True,0.0016681969485723,15.877251635785276,53397,1.6681969485723
-21.533759,60,6599.245319,False,True,0.0021297617321406,29.821504177184867,53457,2.1297617321406
-17.780733,60,6601.29272,False,True,0.0101200427769034,24.669453253992685,53517,10.1200427769034
5.437883,1,6602.463532,True,True,0.009450283680519,8.084572196488999,53518,9.450283680519
5.742356,1,6603.65431,True,True,0.0023458768571646,7.529426890124693,53519,2.3458768571646
1.592346,2,6604.885,True,True,0.0045061620157762,14.777354353006794,53521,4.5061620157762
-12.240093,60,6606.473993,False,True,0.0248766671903076,22.34708274900627,53581,24.8766671903076
-8.504711,60,6607.800646,False,True,0.0140934746160011,27.978974273776835,53641,14.093474616001101
5.81843,2,6608.954797,True,True,5.92902924637889e-05,6.509420324734076,53643,0.059290292463788904
0.550262,7,6610.04385,True,True,0.0094562302249063,12.40286275487548,53650,9.4562302249063
-30.293687,60,6611.571491,False,True,0.0015494256583647,50.7104204015445,53710,1.5494256583647001
-10.495768,18,6614.293659,True,True,0.0051295304751603,17.315580575084287,53728,5.1295304751603
2.420189,9,6615.867205,True,True,0.0025973647923003,12.110595167696262,53737,2.5973647923003
-18.49151,60,6617.26535,False,True,0.0194706422400729,54.31551336919433,53797,19.4706422400729
1.071942,5,6618.505655,True,True,0.0026888050120214,16.398763626238523,53802,2.6888050120214
6.661029,1,6619.715574,True,True,0.0063907095686446,5.875130230414776,53803,6.3907095686446
1.860676,2,6621.042622,True,True,0.0080066304197677,14.417752018947604,53805,8.006630419767701
-14.209074,60,6622.620643,False,True,0.0183099384392307,19.836719496604243,53865,18.309938439230702
-10.52115,60,6623.776606,False,True,0.0086807523534857,21.87412712248519,53925,8.680752353485701
7.744153,1,6623.782592,True,True,0.0005638773946438,3.913828992861783,53926,0.5638773946438
2.9346,1,6625.444596,True,True,8.150284121777448e-05,12.593171247091938,53927,0.08150284121777449
6.102639,1,6626.698417,True,True,0.0006854074895866,6.877649589188074,53928,0.6854074895865999
7.359288,1,6627.882077,True,True,0.0046092289230028,4.613077489563114,53929,4.6092289230028
2.051193,5,6629.461917,True,True,2.2765298627869723e-05,12.34241383663628,53934,0.022765298627869725
6.630322,1,6630.669512,True,True,0.0082168214265343,5.932161566908804,53935,8.2168214265343
-13.386101,60,6632.860212,False,True,0.004368164412071,12.727731557551529,53995,4.368164412071
6.274352,1,6634.069633,True,True,0.0044381117135339,6.571213870462884,53996,4.4381117135339005
1.147086,4,6635.517834,True,True,0.0058409467633056,15.14998269114522,54000,5.8409467633056
4.632481,3,6636.955263,True,True,0.0119634890470477,8.900288273427655,54003,11.9634890470477
3.835755,1,6638.144203,True,True,0.0095249898805904,10.97421232903318,54004,9.5249898805904
-6.893434,60,6639.393041,False,False,0.0036814867811126,17.067962576263707,54064,3.6814867811126
-16.586623,60,6641.360121,False,True,0.0158590181403199,22.79495517152619,54124,15.8590181403199
-13.864185,60,6642.848836,False,True,0.0127420830947499,16.282512707684337,54184,12.7420830947499
3.618523,1,6644.127752,True,True,3.99861515600064e-09,11.359477967266384,54185,3.99861515600064e-06
-5.919475,5,6645.63748,True,True,0.0013148676595601,17.576369013315173,54190,1.3148676595601
2.099112,1,6646.956253,True,True,0.0105248724640601,14.105923320982043,54191,10.5248724640601
-18.700083,60,6650.387152,False,True,0.0167206087424512,40.99493779302544,54251,16.720608742451198
2.01039,1,6651.639912,True,True,0.0094591595963684,14.265311558840368,54252,9.459159596368401
-13.893029,60,6653.027579,False,True,0.0023021301516585,20.231698844724235,54312,2.3021301516585
-16.08442,60,6655.179933,False,True,0.0024293029835957,13.524169888172551,54372,2.4293029835957
5.515027,1,6657.250413,True,True,0.0044122276517563,7.941421285133384,54373,4.4122276517563
2.688879,3,6658.827611,True,True,8.489370055553714e-05,11.770315433275693,54376,0.08489370055553713
2.942321,1,6660.334666,True,True,0.0026796935244935,12.58099812727561,54377,2.6796935244935
8.782526,2,6661.747592,True,True,0.000192301130722,2.0934732257788213,54379,0.192301130722
3.302354,2,6663.273072,True,True,0.0056478405849525,11.929270348617122,54381,5.6478405849525
-16.338545,60,6664.734333,False,True,0.0113090337322279,25.30956914726597,54441,11.309033732227899
1.690757,2,6666.104133,True,True,4.2662823447614517e-10,14.653064401412834,54443,4.266282344761452e-07
-16.151046,60,6668.783127,False,True,0.0184079191133346,59.51439644776865,54503,18.4079191133346
-14.139936,60,6670.401932,False,True,0.025612415111279,43.09165260050404,54563,25.612415111279
1.068024,4,6671.746131,True,True,0.0076312064613001,15.878886165585085,54567,7.6312064613001
4.670829,9,6673.007349,True,True,0.0069822491581058,7.183261183501632,54576,6.982249158105801
-11.575315,60,6674.814976,False,True,0.0111779260748254,29.689797077755035,54636,11.1779260748254
-20.164896,60,6676.029611,False,True,0.004175416289665,30.84968444707652,54696,4.175416289665
2.079014,1,6676.036606,True,True,0.0007003122888634,14.136581136952897,54697,0.7003122888634
-14.75193,60,6679.632445,False,True,0.0232033708023445,21.076719737018287,54757,23.2033708023445
-13.348273,60,6681.406144,False,True,0.0032163098047563,47.45509638957945,54817,3.2163098047562997
4.906696,8,6683.117747,True,True,0.007124695562992,7.509918669853175,54825,7.124695562992
2.287211,1,6684.342571,True,True,0.0067771704619872,13.764791626140209,54826,6.7771704619872
-10.817139,60,6686.134675,False,True,0.0084652292161631,22.608496106349264,54886,8.4652292161631
-20.483484,60,6686.137668,False,True,0.0210434299194841,9.768701146782048,54946,21.043429919484097
6.130512,1,6687.550236,True,True,0.0048369621698291,6.83115305725852,54947,4.8369621698291
0.482783,5,6688.943259,True,True,0.0001310510288993,13.301859493156318,54952,0.1310510288993
1.006592,1,6690.304662,True,True,0.0001706172416469,16.069962853091834,54953,0.1706172416469
5.360992,7,6690.30965,True,True,0.0026161126572566,7.269327842099142,54960,2.6161126572566
3.27249,1,6692.051406,True,True,0.0112459337226584,11.990897279957728,54961,11.2459337226584
6.55147,1,6693.531464,True,True,0.0069395378707252,6.073337715167541,54962,6.9395378707252
4.434906,2,6696.310642,True,True,0.0013678330553553,9.694174624236457,54964,1.3678330553553
0.595747,1,6697.714034,True,True,0.0085551043047379,16.814842740220737,54965,8.5551043047379
-10.101908,60,6700.001837,False,True,0.0205551605820919,25.390907862334096,55025,20.555160582091897
-11.125932,60,6701.549306,False,True,0.0102687483529561,22.60793453585473,55085,10.2687483529561
-6.178463,14,6703.18901,True,True,0.0098054059397,9.251193586075232,55099,9.8054059397
8.682269,8,6704.819966,True,True,0.0119098925418806,2.0650152620092284,55107,11.9098925418806
-8.633408,60,6706.34728,False,True,0.0163123678669935,25.00474098670986,55167,16.312367866993498
-15.532872,60,6708.10883,False,True,0.0486606225664007,44.04723222562518,55227,48.6606225664007
-10.437379,60,6712.762224,False,True,0.0143097756410634,34.228067566046924,55287,14.3097756410634
0.200364,7,6714.693104,True,True,0.0047689798640891,16.527048260295327,55294,4.768979864089101
6.989025,1,6716.330066,True,True,0.0095998951078691,5.286064947564831,55295,9.5998951078691
7.498625,2,6717.878817,True,True,3.520152128604938e-05,3.0995439805958203,55297,0.03520152128604938
6.200485,1,6719.22526,True,True,0.0047659637306803,6.7048143351393445,55298,4.7659637306802995
3.490788,3,6720.704083,True,True,0.00181442760985,10.78385814575538,55301,1.8144276098499998
3.75141,1,6721.949535,True,True,0.0002567911580554,11.119953078933266,55302,0.25679115805540004
-8.594744,60,6723.614121,False,True,0.0047863508017735,22.02153428980176,55362,4.7863508017735
3.869395,2,6724.948204,True,True,0.0024408574730957,10.104444594265647,55364,2.4408574730957002
1.569826,1,6726.439414,True,True,0.0014856904661732,15.055204019924156,55365,1.4856904661732
-0.162827,4,6726.440269,True,True,0.0043927431170059,17.312792637547606,55369,4.3927431170059
5.850602,1,6728.174218,True,True,0.009526171918094,7.340089515110325,55370,9.526171918094
-11.959726,60,6729.508972,False,True,0.0050206790016654,14.03195887098251,55430,5.0206790016654
3.256373,4,6731.178031,True,True,0.0012899827604548,8.782212772517246,55434,1.2899827604548002
5.643862,2,6732.712921,True,True,0.0047544285935009,6.3113069363957495,55436,4.7544285935009
-15.187572,60,6734.330933,False,True,0.0029240295253781,33.12731080060149,55496,2.9240295253780997
0.079923,5,6734.333916,True,True,0.0113318212728055,17.005751926212362,55501,11.331821272805499
-4.689029,35,6737.040744,True,True,0.0119669031924887,8.104809380415773,55536,11.966903192488699
6.438046,5,6738.369868,True,True,0.0048842062736128,5.829865948928452,55541,4.884206273612801
-12.720977,60,6740.635734,False,True,0.0149056804655997,39.14144663913993,55601,14.905680465599701
-15.760221,60,6741.875612,False,True,0.0181137499959335,38.974436036389854,55661,18.1137499959335
-12.518988,60,6741.882593,False,True,0.0056260207522742,12.866216773976396,55721,5.6260207522742
4.54077,5,6743.682748,True,True,0.0026452742464479,8.925283829562135,55726,2.6452742464479
-0.015633,1,6744.999745,True,True,0.0010275456203499,17.913261200114558,55727,1.0275456203499
2.860283,7,6746.397736,True,True,0.000804512144016,11.966304198715935,55734,0.804512144016
6.897433,1,6746.403722,True,True,2.421887761238717e-06,5.442162510585919,55735,0.002421887761238717
6.179748,1,6748.096474,True,True,0.0009137770825751,6.738685900830759,55736,0.9137770825751
3.169732,4,6749.838834,True,True,0.0004753829402421,10.71272218528236,55740,0.4753829402421
2.858634,5,6752.36847,True,True,0.0006099244446137,11.728513231778276,55745,0.6099244446137
-1.071269,2,6753.647864,True,True,0.0008104579789163,17.916777093683372,55747,0.8104579789163
2.970685,2,6754.815676,True,True,0.000375761045434,12.55542952847592,55749,0.375761045434
-8.363641,60,6756.60035,False,False,0.0003496937944072,15.733248742383443,55809,0.3496937944072
-7.891616,60,6758.772026,False,True,0.0093266467515071,37.36783869352122,55869,9.3266467515071
2.751447,1,6760.214815,True,True,0.0029003171847826,12.925364768767666,55870,2.9003171847826
-13.532566,60,6761.849155,False,True,0.0025778804913673,15.474582819097668,55930,2.5778804913673
3.585262,1,6763.07251,True,True,0.0029523007189565,11.42160583315548,55931,2.9523007189565
4.963426,12,6764.420702,True,True,0.0094172966393396,10.117111663000758,55943,9.4172966393396
4.0681,4,6765.786685,True,True,0.0020874041127213,9.906135493729735,55947,2.0874041127213
-19.423819,60,6767.26397,False,True,0.0120101299281708,5.75582472190053,56007,12.0101299281708
-2.413784,16,6768.594655,True,True,0.0115717962474826,12.2103033279081,56023,11.571796247482599
9.473621,1,6769.940355,True,True,0.0016417819024644,0.7909422827556544,56024,1.6417819024644
-22.549199,60,6771.580959,False,True,0.027816048406177,68.97672644568048,56084,27.816048406177
-16.153375,60,6774.331716,False,True,0.0037798510015771,51.327750703425,56144,3.7798510015771
5.298392,1,6775.563559,True,True,0.0048366712660516,8.332642124684888,56145,4.8366712660516
-9.033667,60,6776.789392,False,True,0.0121691654324956,38.27062142334555,56205,12.1691654324956
-12.372058,60,6779.418075,False,True,0.0085021416392657,9.750343609839769,56265,8.5021416392657
5.279688,3,6781.001627,True,True,9.277424430056904e-05,8.935664037187085,56268,0.09277424430056903
-8.238034,60,6782.621889,False,False,4.196813464007478e-05,20.22302598201665,56328,0.04196813464007478
1.913054,6,6783.995514,True,True,0.0089564436457001,12.100166652792886,56334,8.956443645700102
6.872346,1,6785.35382,True,True,0.0042387235630368,5.491146604233265,56335,4.2387235630368005
6.113897,1,6786.772372,True,True,0.0043919377338582,6.857570280487715,56336,4.3919377338582
-0.290162,7,6788.279407,True,True,0.0023307055023557,16.640928002940772,56343,2.3307055023557
5.939161,1,6789.569806,True,True,0.002366891438378,7.174272362473241,56344,2.366891438378
4.033761,2,6790.785052,True,True,0.0017193306753042,10.483626108902124,56346,1.7193306753042
7.500965,1,6792.161659,True,True,0.0002993579929526,4.35270365129986,56347,0.2993579929526
8.107472,3,6793.535713,True,True,0.0007957472948359,3.1610686090016853,56350,0.7957472948359
5.360138,1,6794.847977,True,True,0.0006328980864368,8.217674598348154,56351,0.6328980864368
-10.038593,60,6796.904147,False,True,0.0107100784291348,78.66427684692667,56411,10.7100784291348
-11.2026,60,6798.096293,False,True,0.0211779505816175,4.068965559872415,56471,21.1779505816175
-14.349481,60,6799.901225,False,True,0.0001706806129447,33.5594151336113,56531,0.1706806129447
5.833647,6,6801.419239,True,True,1.556417238195683e-05,5.725241062732343,56537,0.015564172381956828
0.249384,2,6802.722988,True,True,0.0090376243642906,17.040052935166784,56539,9.0376243642906
1.057197,26,6803.908744,True,True,0.0099790742659098,10.841199423373988,56565,9.9790742659098
2.052719,5,6805.167828,True,True,5.445697921228204e-05,13.796828667076332,56570,0.05445697921228204
3.585942,3,6806.543319,True,True,0.0039285088051896,10.973341759792271,56573,3.9285088051895998
-14.325613,60,6807.86127,False,True,0.0087780380727222,11.773597958733344,56633,8.7780380727222
4.346548,3,6809.197807,True,True,0.0006171300699892,7.290161404675868,56636,0.6171300699892001
1.54328,4,6810.52748,True,True,0.0001748210085543,14.51562618690914,56640,0.1748210085543
3.9948,3,6810.535482,True,True,0.004800776883785,8.626841571434815,56643,4.800776883785
6.00143,1,6811.877019,True,True,0.0002543784561894,7.054058548117442,56644,0.25437845618939997
2.924644,4,6813.207478,True,True,0.0064773127409411,12.28629170469201,56648,6.4773127409411
0.760765,4,6814.283479,True,True,0.0030365469932105,16.46719367564304,56652,3.0365469932105
8.120327,3,6815.589748,True,True,0.0027682387425911,3.2268931901294446,56655,2.7682387425911
-21.091435,60,6817.415065,False,True,0.0300278329029362,18.844366245722835,56715,30.0278329029362
1.938749,1,6818.662449,True,True,0.0046986654003492,14.39187953620697,56716,4.6986654003492
1.79147,2,6819.984886,True,True,0.0046545674879317,14.27603860873318,56718,4.6545674879317005
3.466344,2,6821.300669,True,True,7.444716648707939e-10,11.506854384124114,56720,7.444716648707939e-07
4.188231,2,6822.56713,True,True,0.0070154340788693,10.30673484258824,56722,7.0154340788693
9.309158,1,6823.888169,True,True,0.0010088672162964,1.0872792476549302,56723,1.0088672162963999
3.81517,12,6827.167387,True,True,0.0038656085992524,6.885606155721606,56735,3.8656085992523996
-8.791535,60,6828.667359,False,False,0.0204235379792503,39.10562108664747,56795,20.423537979250302
-19.281945,60,6830.502201,False,True,0.0055453500376568,41.35835081470582,56855,5.5453500376567995
-17.154204,60,6831.934728,False,True,0.0055743706301617,25.950078644727054,56915,5.5743706301617
1.109021,2,6833.285844,True,True,0.0008649235628887,15.788983026009802,56917,0.8649235628887
2.862143,5,6834.699675,True,True,0.0004105420790417,12.59369338299516,56922,0.41054207904170004
-2.257508,14,6835.852882,True,True,0.0060299110022553,12.105585011285909,56936,6.0299110022553
-0.454272,4,6837.059765,True,True,0.0014643023935285,14.781923167919434,56940,1.4643023935285
5.757231,3,6838.331047,True,True,0.0020458960409979,6.4733217290708485,56943,2.0458960409979
6.044337,9,6839.804939,True,True,0.0099134295984067,5.431969119429828,56952,9.913429598406701
7.491359,1,6840.980832,True,True,0.0046751443848076,4.374715704985458,56953,4.6751443848075995
-0.873115,10,6842.596428,True,True,0.0009996765431999,14.60939671629762,56963,0.9996765431998998
-6.510829,60,6843.866273,False,False,0.0069139854139762,40.334880922849614,57023,6.913985413976199
8.096707,1,6845.024681,True,True,0.0070447625933088,3.2842664431740167,57024,7.0447625933088
-11.71513,60,6846.437694,False,True,0.0202386590128878,32.855380632276265,57084,20.2386590128878
0.665724,2,6848.116785,True,True,0.0067154351560221,16.5451365953959,57086,6.7154351560221
3.369567,5,6849.377908,True,True,0.0003563756643385,11.887495195311748,57091,0.3563756643385
6.528653,1,6849.388899,True,True,0.0068785273714811,6.114460010432596,57092,6.8785273714811
1.618599,1,6850.798743,True,True,0.0025552112679923,14.96788275925105,57093,2.5552112679923003
3.595683,3,6851.98189,True,True,0.004708111946163,11.23811762693522,57096,4.708111946162999
6.320601,2,6851.993876,True,True,1.3309141627479253e-05,6.34338311949764,57098,0.013309141627479253
4.047764,2,6853.383611,True,True,0.0013905075210616,10.457807214872512,57100,1.3905075210616
1.153183,3,6854.69567,True,True,0.0046109519407883,15.564152151639078,57103,4.6109519407883
-10.110853,60,6856.663167,False,True,0.0219353584751822,50.93599740875459,57163,21.935358475182202
6.637989,4,6858.079543,True,True,0.0048082372714037,6.33825733946302,57167,4.8082372714037
8.87847,3,6859.302633,True,True,5.051684050759019e-06,1.1313713057445267,57170,0.005051684050759019
-4.950052,60,6860.972714,False,False,0.0050948343698193,2.909735628271084,57230,5.094834369819299
-6.404408,60,6863.431488,False,False,0.0039755955751006,39.14164504407953,57290,3.9755955751006002
-14.310371,60,6864.827929,False,True,0.0176269342670606,14.15153584183305,57350,17.626934267060598
5.328201,4,6866.180225,True,True,0.011782727163344,7.748481715649179,57354,11.782727163344
4.608002,10,6867.507024,True,True,0.0094528207190605,11.190866056896462,57364,9.4528207190605
4.903892,2,6868.711213,True,True,0.0092914553002116,8.715288761192374,57366,9.291455300211599
-24.471426,60,6870.911538,False,True,0.0045008276414326,36.90773816995029,57426,4.5008276414326005
4.171097,1,6872.814273,True,True,0.000292364543226,10.36285465534899,57427,0.29236454322600003
-14.461385,60,6876.110105,False,True,0.0024810692444366,11.851742406487745,57487,2.4810692444366
2.600124,5,6878.991163,True,True,0.0043929922884132,12.478469877654954,57492,4.3929922884131996
9.140192,2,6881.301848,True,True,0.002949426085815,1.6018583512454836,57494,2.949426085815
4.81721,1,6883.541424,True,True,0.0025218238042274,9.198935181495312,57495,2.5218238042273997
5.698337,2,6886.006615,True,True,0.0004737061299622,7.849629052382243,57497,0.4737061299622
-8.033464,60,6889.096743,False,False,0.0091631884262572,10.58905176089033,57557,9.1631884262572
-14.95509,60,6893.089925,False,True,0.0200286689459248,86.62090168410737,57617,20.0286689459248
7.664757,1,6895.068893,True,True,0.0073991915986773,4.064416931788635,57618,7.3991915986773
5.010453,4,6896.968899,True,True,0.0095034132837727,7.490589826623876,57622,9.5034132837727
-6.472466,60,6899.541193,False,False,0.0041137228583752,52.61783975320291,57682,4.1137228583752
0.241552,1,6901.421068,True,True,0.0050502122482555,17.45162802892762,57683,5.0502122482555
8.109371,1,6903.159797,True,True,0.0066640095896685,3.261005270424348,57684,6.6640095896685
1.31211,1,6905.959188,True,True,0.0048815138602392,15.521731489937054,57685,4.8815138602392
-0.451305,8,6910.126219,True,True,0.003644321861038,17.62768536050201,57693,3.6443218610379997
2.749125,2,6911.878095,True,True,0.0044239900546852,12.518684169494,57695,4.4239900546852
-10.238063,60,6913.856241,False,True,0.0408507868273913,71.08588617566292,57755,40.8507868273913
5.01285,1,6918.347259,True,True,6.84539648435449e-05,8.843887228699268,57756,0.0684539648435449
5.27024,3,6921.759723,True,True,0.0051154312106401,7.927448360757768,57759,5.1154312106401
1.470605,1,6924.619045,True,True,0.0009761521997592,15.23380675598142,57760,0.9761521997592
-20.006788,60,6926.176959,False,True,0.0081970434148718,18.453692988024137,57820,8.1970434148718
1.668206,1,6927.667089,True,True,0.0049412637489553,14.87978458644626,57821,4.9412637489553
-18.604472,60,6929.103534,False,True,0.0140782488967909,6.624955191709316,57881,14.0782488967909
-14.070202,60,6931.365175,False,True,0.022709870914046,74.19339547108633,57941,22.709870914046
-7.977598,60,6933.143085,False,True,0.0093684838105359,15.925536656220377,58001,9.3684838105359
6.142937,1,6935.6438,True,True,0.0068120621103041,6.807749741850983,58002,6.8120621103041
7.849946,1,6937.844548,True,True,0.0030511813479001,3.7255596633430175,58003,3.0511813479001
-13.009088,60,6939.43235,False,True,0.017018619801283,39.59858518182676,58063,17.018619801283002
4.728166,7,6940.827396,True,True,0.0012193186109358,7.250149245346217,58070,1.2193186109358
1.694586,4,6942.492553,True,True,0.007546288513257,14.440673513928978,58074,7.546288513257
-13.714716,60,6942.497558,False,True,0.002390665681465,16.26402809388524,58134,2.3906656814650002
7.061721,2,6943.964557,True,True,0.000257273955057,5.001811793618875,58136,0.25727395505699996
6.820516,1,6945.428278,True,True,0.0001493435872878,5.581189240694106,58137,0.1493435872878
6.475841,31,6948.385152,True,True,0.0043947754117562,1.7413390454130604,58168,4.394775411756201
-9.300585,60,6951.196775,False,True,0.0176886742382006,7.01610942662935,58228,17.6886742382006
1.364537,3,6952.646649,True,True,0.000210187471299,14.707279112349251,58231,0.21018747129899998
-10.881147,60,6956.284567,False,True,0.0012091390152782,7.836700991523782,58291,1.2091390152782
4.234452,1,6958.764221,True,True,0.0044553607806753,10.251710831517832,58292,4.4553607806753
3.624059,1,6960.388824,True,True,0.0028856084122619,11.351582267175193,58293,2.8856084122619
-16.617811,60,6961.762211,False,True,0.0119667234376137,26.286542666595583,58353,11.9667234376137
5.487043,1,6961.770295,True,True,0.0047211679678627,7.992169560155257,58354,4.7211679678627
2.372045,1,6964.105711,True,True,0.0066804151834376,13.611783321758493,58355,6.680415183437599
1.746955,8,6967.266012,True,True,0.0026841938625672,13.72706590960253,58363,2.6841938625672
4.335349,3,6969.904498,True,True,0.0001639876608196,10.044010957605256,58366,0.1639876608196
3.021389,1,6971.694033,True,True,0.0009409283541014,12.43722978767064,58367,0.9409283541014
-16.009638,60,6973.269685,False,True,0.0120685885124224,9.8067856190969,58427,12.0685885124224
-8.237383,60,6974.805699,False,True,0.0123424653722666,16.04921454352442,58487,12.3424653722666
8.599461,1,6976.107447,True,True,0.0095847728838157,2.379213617530469,58488,9.584772883815699
-12.186185,60,6978.645693,False,True,0.009116175245857,11.763631482279312,58548,9.116175245857
-18.979303,60,6980.205485,False,True,0.0090586443296348,28.56957472536048,58608,9.0586443296348
2.237853,8,6981.592527,True,True,0.0048619058421769,13.017852776198731,58616,4.8619058421769
1.345077,1,6982.847334,True,True,0.0001432852743609,15.459655028042429,58617,0.1432852743609
1.320707,1,6984.157305,True,True,0.0069294560734398,15.50729771393614,58618,6.9294560734398
-16.65926,60,6985.50375,False,True,0.0069391311348892,20.70273763995677,58678,6.9391311348892
2.704388,2,6986.870136,True,True,0.0001326647037366,12.62972070073751,58680,0.1326647037366
4.698751,4,6988.221866,True,True,0.0093865186356619,8.52768315813635,58684,9.3865186356619
2.614907,2,6989.50261,True,True,0.0029317644054026,13.063698763383195,58686,2.9317644054025997
6.108414,2,6990.674308,True,True,0.0003747386768648,6.728225730218431,58688,0.3747386768648
-8.059282,60,6992.083146,False,True,0.0024252202609116,13.32014511417533,58748,2.4252202609116003
6.935479,6,6993.283269,True,True,0.0005036007117447,5.172544123838064,58754,0.5036007117447
0.159866,7,6994.593778,True,True,0.0009054523118723,15.626900294483365,58761,0.9054523118722999
2.136263,3,6995.801221,True,True,0.0046896778579013,13.228195640388943,58764,4.6896778579013
-1.064345,25,6998.675416,True,True,0.0017911706493518,11.080102341563224,58789,1.7911706493517998
-10.096231,60,6998.681405,False,True,0.01163775914388,27.699460160706856,58849,11.637759143879999
0.507678,3,7000.201619,True,True,4.006866070121453e-05,16.64608549001592,58852,0.04006866070121454
6.856432,3,7001.409637,True,True,0.0048279413408351,5.542911217185722,58855,4.827941340835101
2.095499,1,7002.6574,True,True,0.0049318068307996,14.109393136472956,58856,4.9318068307996
6.993981,1,7003.879118,True,True,0.0013062378935757,5.269210659984953,58857,1.3062378935757
2.713395,3,7005.124612,True,True,0.0038750607983582,12.697821919004728,58860,3.8750607983582
-12.489724,60,7007.089932,False,True,0.0047154312742401,22.003373153347923,58920,4.715431274240101
-9.858314,60,7008.330619,False,True,0.002877971943706,9.855125592281397,58980,2.877971943706
1.140242,2,7009.552867,True,True,0.002059221915799,15.874456138125158,58982,2.059221915799
2.632826,1,7010.834765,True,True,0.0013444581782519,13.138277797010836,58983,1.3444581782519
3.346564,2,7012.024253,True,True,0.0044407048698065,12.352226762324497,58985,4.4407048698065
-24.525689,60,7013.882574,False,True,0.0042968956483677,29.253469906329247,59045,4.2968956483677
2.338445,2,7015.139901,True,True,0.0013511149080429,13.547069267641008,59047,1.3511149080429001
1.894611,3,7016.413364,True,True,0.0030209857887356,14.09903396755904,59050,3.0209857887356
8.319562,3,7017.61485,True,True,0.0072088855680599,3.709385404021989,59053,7.2088855680599
-14.419624,60,7018.944956,False,True,0.0056679159745023,31.01299865785813,59113,5.6679159745023
1.403363,1,7020.191447,True,True,0.0027559205859656,15.356058795037926,59114,2.7559205859656
5.457939,12,7021.622376,True,True,0.0049737808436737,8.91580455379395,59126,4.9737808436737
-25.755326,60,7023.215264,False,True,0.0119987028417583,10.928684227067537,59186,11.9987028417583
3.923208,2,7024.431425,True,True,0.0114926864738137,10.802382931779784,59188,11.4926864738137
-10.578166,60,7025.816502,False,True,0.0200553272117925,60.66757759531582,59248,20.055327211792502
-9.099718,60,7029.022225,False,True,0.0213299454458075,18.9131331963801,59308,21.3299454458075
0.175352,1,7030.248386,True,True,0.0032115300154744,17.57007236151545,59309,3.2115300154744
2.339872,2,7031.514603,True,True,0.0054121907898202,13.160263287249014,59311,5.412190789820199
-13.6792,60,7032.880885,False,True,0.0050121605677261,20.227413542663644,59371,5.0121605677261005
3.898402,4,7034.276181,True,True,0.0096742053443486,9.730188071101386,59375,9.6742053443486
3.157507,1,7035.39151,True,True,0.0052854475918271,12.194623274198554,59376,5.2854475918271
7.692072,3,7036.753132,True,True,0.0047695252878435,5.7957396795472,59379,4.7695252878435
-16.453029,60,7038.088955,False,True,0.0001099345085886,31.276083371253023,59439,0.10993450858859999
4.226612,4,7039.439988,True,True,0.0046867676546763,10.06241984914882,59443,4.6867676546762995
-8.408492,60,7040.635961,False,True,0.0152903348031723,87.97373200209675,59503,15.2903348031723
3.685148,3,7041.823133,True,True,0.0029437584158184,11.241829347451397,59506,2.9437584158184
-1.644467,9,7043.388976,True,True,0.0029239360946079,16.533192617696177,59515,2.9239360946079
0.345329,2,7044.733296,True,True,0.0005024529537444,17.100616850407867,59517,0.5024529537444
2.415495,3,7046.08928,True,True,0.001823618003317,13.285963991729949,59520,1.823618003317
8.424491,9,7047.646001,True,True,0.0014854044561745,3.4196373299780745,59529,1.4854044561745
7.47217,1,7048.974728,True,True,0.0075696105969575,4.41221938197402,59530,7.5696105969575
-13.091427,60,7050.563992,False,True,0.0301580025838513,10.662577720384387,59590,30.1580025838513
4.364699,22,7052.193835,True,True,0.0002579905424872,8.111091408665251,59612,0.2579905424872
3.502567,12,7053.358024,True,True,0.0003762191922219,11.02269988659181,59624,0.3762191922219
4.919932,1,7053.363019,True,True,0.0001795279745015,9.011651809278812,59625,0.1795279745015
-13.877796,60,7054.694347,False,True,0.0048318006113093,14.53578219977916,59685,4.8318006113092995
5.726135,1,7056.017295,True,True,0.0047288966669703,7.560765060506385,59686,4.7288966669703
4.314005,2,7056.028286,True,True,0.0109517010474293,9.990102900235714,59688,10.9517010474293
7.692377,1,7057.414838,True,True,0.0044962585198368,4.010774384257408,59689,4.4962585198367995
0.552957,1,7058.599219,True,True,0.0047303922901525,16.890159072180925,59690,4.7303922901525
-17.266993,60,7060.045245,False,True,0.0045425114199944,16.00273623559011,59750,4.5425114199944
-0.267013,14,7061.393057,True,True,0.0022777537166212,14.560376907903269,59764,2.2777537166212
7.567176,1,7062.570768,True,True,0.0048111382498664,4.237977829716369,59765,4.811138249866399
3.759124,1,7063.894134,True,True,0.0002353222797707,11.106021064754763,59766,0.2353222797707
-17.067446,60,7067.567318,False,True,0.0019698821990252,36.09851742791136,59826,1.9698821990252
-7.937589,60,7068.774461,False,False,0.0148236596822473,77.72482558661555,59886,14.8236596822473
-9.879186,60,7070.235884,False,False,0.0016163129063668,28.675159640518565,59946,1.6163129063668
3.764384,1,7071.397321,True,True,0.0026946794972273,11.09834009495142,59947,2.6946794972273
10.256482,13,7072.699034,True,True,0.0080496874360524,1.471306704815,59960,8.0496874360524
-12.529228,60,7073.882914,False,True,0.0123089930880679,76.45356073958115,60020,12.308993088067899
6.277607,1,7075.244024,True,True,3.5307240855235976e-05,6.561188959313426,60021,0.035307240855235976
3.529983,25,7077.357984,True,True,0.0053140500177046,9.132880419312478,60046,5.3140500177045995
2.19758,2,7078.642482,True,True,0.0003013264448129,13.987732373471786,60048,0.3013264448129
-8.815989,28,7079.987543,True,True,0.0039942530904413,17.514498665048993,60076,3.9942530904413
0.165678,6,7081.342709,True,True,0.0095881586969834,15.238119040860251,60082,9.588158696983399
1.775839,1,7082.556032,True,True,0.0113293771236144,14.689067638017274,60083,11.3293771236144
-7.747111,60,7084.194067,False,True,0.0047149330418661,1.2765679832506691,60143,4.7149330418661
4.31871,1,7085.448117,True,True,4.2234742071361325e-05,10.0963394653494,60144,0.042234742071361325
-11.396553,60,7086.912189,False,True,0.0072940769944395,15.071735304335045,60204,7.2940769944395
-0.042835,2,7088.215436,True,True,0.0002284123455743,17.95514680944906,60206,0.22841234557429999
-12.569041,60,7090.398197,False,True,0.010415243062762,33.892761160574345,60266,10.415243062762
3.148863,1,7091.599212,True,True,0.0059956859823558,12.21065993661057,60267,5.995685982355799
-16.176836,60,7094.170041,False,True,0.0024736647604026,14.015329313855917,60327,2.4736647604026
-14.924642,60,7095.902687,False,True,0.0117134530359477,20.801294661882466,60387,11.7134530359477
7.123463,16,7097.238393,True,True,0.0094426762852808,3.279030049554391,60403,9.4426762852808
3.313844,1,7098.533147,True,True,0.0014849568853764,11.910125288957948,60404,1.4849568853764
-11.152026,60,7099.877934,False,True,0.0192845266918392,11.268402059629263,60464,19.2845266918392
1.269748,2,7101.225394,True,True,0.0048485308871681,15.4364110579042,60466,4.848530887168099
3.406141,15,7103.004903,True,True,0.0048857548030822,9.233087311326647,60481,4.885754803082199
-14.256713,60,7104.706057,False,True,0.0256437506133582,25.560697081357404,60541,25.6437506133582
-8.008138,60,7106.698076,False,False,0.0138037962797997,23.209156169497746,60601,13.8037962797997
-12.400796,60,7108.131202,False,True,0.0146395080971242,33.700449852543386,60661,14.6395080971242
4.618879,1,7109.456857,True,True,0.0001015876542786,9.554276745161596,60662,0.10158765427859999
4.247452,3,7110.828142,True,True,4.596302856346799e-05,9.346762887426168,60665,0.04596302856346799
-10.04619,7,7112.356493,True,True,0.0022126787750649,17.42758625614767,60672,2.2126787750648997
-22.451053,60,7113.976959,False,True,0.023666772342067,29.77583305687723,60732,23.666772342067
3.113824,1,7115.221456,True,True,0.0044114493937543,12.272837473976631,60733,4.4114493937543
-29.223657,60,7116.639951,False,True,0.0022125626909102,32.83327163927022,60793,2.2125626909102003
-12.858712,60,7119.815139,False,True,0.0208759305770205,21.05906395349596,60853,20.8759305770205
-5.870524,46,7121.376154,True,True,0.0058097473016465,14.054544500389524,60899,5.8097473016464996
-15.045046,18,7123.603551,True,True,0.0096834939568503,16.10904695320497,60917,9.6834939568503
-10.699712,60,7125.392062,False,True,0.0013328887229369,32.05224268868378,60977,1.3328887229369
-6.053333,60,7127.287148,False,True,0.0025212093487844,4.707030897858683,61037,2.5212093487844003
7.788658,2,7128.719073,True,True,0.0078588001738514,3.106532407247816,61039,7.8588001738513995
-12.691791,60,7130.980196,False,True,0.0063887531202494,13.93939756422658,61099,6.3887531202494
7.413058,2,7132.569198,True,True,6.115612357427639e-05,4.449367973520194,61101,0.06115612357427639
6.914524,2,7133.999873,True,True,0.006936964513187,6.616161796702063,61103,6.936964513187
-7.131553,60,7135.928156,False,False,0.0117068152452352,19.773910003358555,61163,11.706815245235202
-13.990851,60,7137.453178,False,True,0.0370285545771127,29.30606272628527,61223,37.0285545771127
3.229762,25,7138.953886,True,True,0.0018622094086439,9.566422050364626,61248,1.8622094086439
-11.696095,60,7140.772166,False,True,0.0305238597790834,26.2319100562881,61308,30.5238597790834
2.429429,1,7142.107625,True,True,0.0089503321296616,13.509595418534389,61309,8.9503321296616
4.892503,1,7143.539288,True,True,2.791211625371992e-07,9.060994493433991,61310,0.0002791211625371992
0.248452,3,7145.308882,True,True,0.0055989017245543,17.529704507159398,61313,5.5989017245543
4.990611,4,7146.702258,True,True,0.0002790944005536,6.535428530034493,61317,0.2790944005536
-12.576413,60,7150.716101,False,True,0.0183239155676923,16.779488429308195,61377,18.3239155676923
-14.346921,60,7152.849087,False,True,0.0043757993154487,29.98043697443792,61437,4.3757993154487
-10.416016,60,7154.340076,False,True,0.0302708574627855,43.987315714132805,61497,30.2708574627855
5.387881,3,7155.719003,True,True,0.0071157962596862,9.930541643677495,61500,7.1157962596862
3.86964,2,7157.205411,True,True,0.0030909484771216,10.672473477423113,61502,3.0909484771216
2.855597,1,7158.716254,True,True,0.0048397200287016,12.73877729413372,61503,4.8397200287016
-8.452982,17,7160.302181,True,True,0.0033386381762223,17.166155773595673,61520,3.3386381762223
2.93913,3,7161.69761,True,True,0.0094184513693891,12.397359833189856,61523,9.4184513693891
2.466056,5,7163.530384,True,True,0.0025997134108297,10.437748079841649,61528,2.5997134108297
2.054001,1,7165.136513,True,True,0.0110959804793065,14.187534527222557,61529,11.095980479306501
7.957555,1,7166.85594,True,True,0.0046507469174741,3.532984313440698,61530,4.6507469174741
1.56898,2,7168.2221,True,True,0.0006531551472971,14.93622815027345,61532,0.6531551472971
-19.894893,60,7169.859446,False,True,0.001315942882872,20.405899395558976,61592,1.315942882872
2.833654,1,7171.252395,True,True,0.0077026748090498,12.780077640306873,61593,7.7026748090498
-13.03799,60,7174.936729,False,True,0.0004010342893048,25.913307859260144,61653,0.4010342893048
4.110669,1,7176.545691,True,True,0.0075962543422139,10.477172639730718,61654,7.5962543422139
-22.757545,60,7178.332775,False,True,0.0277077101684451,19.578901776932923,61714,27.7077101684451
-13.696759,60,7180.293434,False,True,0.0045965583005082,42.31878082627517,61774,4.5965583005082
4.303566,4,7181.857946,True,True,0.0003815730172876,10.14586071216187,61778,0.3815730172876
-14.114272,60,7181.871297,False,True,0.0172873647594185,13.532711495172936,61838,17.2873647594185
1.228329,1,7183.48119,True,True,0.000125627053019,15.670146017130849,61839,0.125627053019
0.892939,4,7184.92037,True,True,0.0119019357232411,15.165315916891055,61843,11.901935723241099
-0.174087,39,7188.878778,True,True,0.0028192740220282,12.911570889796026,61882,2.8192740220282
-11.378273,60,7190.598318,False,True,0.019376570620845,30.6790751776255,61942,19.376570620845
0.568532,4,7192.046797,True,True,0.0006361939856871,16.520678395184138,61946,0.6361939856871001
-10.74736,60,7193.36732,False,True,0.0196581697460388,25.65351163083264,62006,19.6581697460388
5.345611,1,7193.379308,True,True,0.0050307798514792,8.247606108603442,62007,5.0307798514792
-0.022621,2,7195.053588,True,True,5.187100107079122e-10,17.637779674883035,62009,5.187100107079122e-07
4.09587,6,7195.057617,True,True,0.0044274729190695,9.825180005004608,62015,4.4274729190695
5.230471,4,7196.692956,True,True,0.0013824523149441,8.934010511138062,62019,1.3824523149441001
-16.524561,60,7198.53235,False,True,0.0124153661516111,11.692433672902428,62079,12.4153661516111
8.963219,1,7199.709637,True,True,0.0047643099605613,1.7169712803321484,62080,4.764309960561301
-6.307385,60,7202.509419,False,True,0.0004698540152941,5.619217696518274,62140,0.4698540152941
-6.983831,60,7202.51042,False,False,0.0159679285805612,12.078457126269331,62200,15.9679285805612
-20.657986,60,7204.183291,False,True,0.0039853339638973,33.0984741590772,62260,3.9853339638973004
7.775089,1,7205.436589,True,True,0.0072386342941556,3.865088133886888,62261,7.2386342941556
6.64402,6,7207.010334,True,True,0.0047066225870643,3.483724144781972,62267,4.7066225870643
-13.629561,60,7208.68855,False,True,0.0163219517062114,13.207986973506658,62327,16.3219517062114
5.518,1,7210.049448,True,True,0.0041530274841931,7.935840377632367,62328,4.1530274841931
-8.581659,60,7214.877925,False,False,0.0006890119493649,29.353906915784982,62388,0.6890119493649
-13.946569,60,7214.878243,False,True,0.0153070104493855,26.46967033889952,62448,15.307010449385501
0.598361,5,7216.828324,True,True,0.0104013082606248,13.492881997401936,62453,10.401308260624798
-11.15168,60,7218.559096,False,True,0.0046114936296869,30.204397083283155,62513,4.6114936296869
-10.516358,60,7220.409178,False,True,0.007379893677867,13.594373236315896,62573,7.379893677867
-3.690818,30,7222.152256,True,True,0.0021619517101364,13.596904159437033,62603,2.1619517101363996
-8.005391,60,7224.987199,False,True,0.0036035087747312,27.523953325460845,62663,3.6035087747312
3.633615,2,7226.371587,True,True,0.0026242951779689,11.212047847649217,62665,2.6242951779689
4.123242,1,7227.681648,True,True,0.004762838710762,10.452530419827488,62666,4.762838710762
-7.441766,60,7229.136769,False,False,0.0046570060713402,23.530196270103435,62726,4.6570060713402
5.312113,3,7230.430302,True,True,0.00278746394872,8.280706122903169,62729,2.78746394872
7.62894,1,7231.739375,True,True,0.0071040235785137,4.128781786853804,62730,7.1040235785137
1.092605,1,7232.986596,True,True,0.0031252565247874,15.916516728064094,62731,3.1252565247874
-23.129703,60,7234.612315,False,True,0.023397630343022,26.48086226001692,62791,23.397630343021998
5.099323,7,7236.17519,True,True,0.0036166740850981,9.015884317729697,62798,3.6166740850981
-13.571647,60,7237.930253,False,True,0.0324838118139633,22.139831063138125,62858,32.4838118139633
-1.129069,16,7239.856108,True,True,0.0031216142069306,9.643384324552787,62874,3.1216142069306
-8.910547,60,7244.179326,False,True,0.0233516421480685,34.486922278577204,62934,23.3516421480685
1.946709,3,7245.856786,True,True,0.0033543563902195,14.131351536946244,62937,3.3543563902195
-0.423511,5,7247.409119,True,True,0.000280613922504,15.340311399241946,62942,0.28061392250399997
-10.771311,60,7248.739523,False,True,0.0029453907451767,21.006215174615864,63002,2.9453907451766996
3.103784,1,7250.159933,True,True,0.007182784100891,12.292684124635272,63003,7.182784100890999
3.522799,1,7251.720414,True,True,0.0068310254034837,11.536862577023095,63004,6.8310254034837
-9.440677,60,7253.627836,False,True,0.0091035132793217,10.162152586760604,63064,9.1035132793217
-9.702779,60,7255.34902,False,True,0.0014182494654139,27.757146061869197,63124,1.4182494654139
-5.853426,60,7258.56858,False,False,0.001595395239614,38.666705757449215,63184,1.5953952396139999
3.124176,2,7260.042807,True,True,0.0076532911127779,12.13549217745584,63186,7.6532911127779
5.714767,1,7261.530129,True,True,1.379758978085812e-05,7.57709968893066,63187,0.01379758978085812
-8.599684,60,7262.887431,False,True,0.0030800121781902,20.596060469799745,63247,3.0800121781902
7.936923,4,7264.634931,True,True,0.0078328908361557,5.200534718609971,63251,7.8328908361557
-15.424638,60,7266.297951,False,True,0.0070064174113349,14.650326837196426,63311,7.0064174113349
2.23381,1,7267.72749,True,True,0.002211293066138,13.858382191072694,63312,2.211293066138
-14.30441,60,7269.234138,False,True,0.009165104836782,4.92889193168843,63372,9.165104836782
4.739655,5,7270.528766,True,True,8.28904915648257e-05,8.8777718857981,63377,0.0828904915648257
-10.275463,60,7274.480744,False,True,0.0168827371722724,30.578129563834192,63437,16.8827371722724
0.2835,1,7275.917377,True,True,0.0023975265756764,17.37472365478519,63438,2.3975265756764
-9.244056,60,7277.221233,False,True,0.0268540670157756,25.574626836005542,63498,26.8540670157756
7.360092,4,7279.007499,True,True,0.0106467372285847,3.617225683327321,63502,10.6467372285847
2.802311,6,7280.401755,True,True,0.0073501156929244,10.599522990587754,63508,7.3501156929244
-15.138433,60,7282.063444,False,True,0.0087210098013942,22.547732107039657,63568,8.7210098013942
-7.594812,60,7283.534672,False,False,0.0398124657638137,35.567741557084,63628,39.8124657638137
7.27615,1,7284.971882,True,True,0.0095640614627503,4.767868868965864,63629,9.564061462750301
1.646022,2,7286.409838,True,True,0.0022124641177343,12.044905179174767,63631,2.2124641177343003
4.526062,2,7288.076236,True,True,0.0073780179346087,8.949122552734813,63633,7.3780179346087005
0.803706,6,7288.077235,True,True,0.0043526220080313,15.369323795940169,63639,4.3526220080313
-5.070503,55,7291.419847,True,True,7.138542625892679e-05,9.359047485472848,63694,0.0713854262589268
5.794351,2,7292.98033,True,True,0.0091190242369655,7.311750589262759,63696,9.1190242369655
2.376179,1,7294.316812,True,True,0.0069907260041477,13.604505810179932,63697,6.9907260041476995
-9.936817,60,7295.601814,False,True,0.0169039094229159,13.12775840532646,63757,16.9039094229159
7.476325,2,7296.881849,True,True,0.0048426661848774,4.2606029494747935,63759,4.8426661848774
-0.254657,5,7298.346986,True,True,0.0019663247012743,15.93298977626366,63764,1.9663247012743001
3.156456,1,7299.564153,True,True,0.009651204196731,12.19918573948254,63765,9.651204196731
-18.669668,60,7300.957406,False,True,0.0221103040140849,18.12399524978081,63825,22.1103040140849
-10.615343,60,7300.962411,False,True,0.007089465934355,6.325407591501008,63885,7.089465934355
1.794344,8,7302.176301,True,True,0.0044809237299406,12.27203050622218,63893,4.480923729940599
2.294878,1,7303.461834,True,True,0.0005885912029307,13.747238698667037,63894,0.5885912029307
-12.051877,60,7307.04863,False,True,0.0043927069125059,3.2519859567694303,63954,4.392706912505901
-9.189523,60,7308.692536,False,True,0.0002924520433456,14.623598353645098,64014,0.29245204334560004
-11.773386,60,7308.700545,False,True,0.0054684459973942,27.19716491890945,64074,5.4684459973942
-17.13471,60,7310.122499,False,True,0.0266440936740842,23.62792064540325,64134,26.6440936740842
-14.607712,60,7312.807239,False,True,0.0075015568259332,25.31540696168477,64194,7.5015568259332
-14.958764,60,7314.485841,False,True,0.0376022404113219,24.52834609582436,64254,37.6022404113219
-10.423614,60,7314.491839,False,True,0.0169676737682473,2.868828953102589,64314,16.967673768247302
-14.966917,60,7315.861974,False,True,0.0051410971376275,33.58112344645241,64374,5.141097137627501
-5.895,20,7317.805047,True,True,0.0034367780641999,16.06179452006274,64394,3.4367780641999
-20.047317,60,7320.742372,False,True,0.022896258487861,24.38948125655662,64454,22.896258487861
-16.083724,60,7322.423122,False,True,0.0137615184701364,13.86599237353779,64514,13.761518470136402
-12.432732,60,7322.434159,False,True,0.0002397889181166,14.487576495451284,64574,0.2397889181166
6.260206,1,7323.755475,True,True,0.0092285473637703,6.600854473225576,64575,9.2285473637703
4.870711,9,7325.200273,True,True,0.0050870982029397,8.466399867477929,64584,5.0870982029397
-14.454031,60,7326.759938,False,True,0.0012695936585971,34.4750501450938,64644,1.2695936585971002
-20.736178,60,7328.895455,False,True,0.017964823546317,43.04443302604257,64704,17.964823546317
1.542413,2,7330.240125,True,True,0.0027779625357358,14.986695968862698,64706,2.7779625357358
2.684816,3,7331.730629,True,True,0.000984315928101,12.627559202756853,64709,0.9843159281010001
-18.367103,60,7333.58862,False,True,0.0264240836964182,31.7551779632147,64769,26.424083696418197
-11.635673,60,7335.552908,False,True,0.0234939493799043,7.949993093759717,64829,23.4939493799043
0.873558,2,7337.329445,True,True,0.0015952579949881,16.110822822721296,64831,1.5952579949881
-0.712889,23,7338.738021,True,True,0.0072555793100605,17.077153084787952,64854,7.2555793100605
-1.638093,10,7340.330271,True,True,0.0052770723492585,13.3270452461884,64864,5.277072349258501
-16.652798,60,7341.505885,False,True,0.0261504635876927,25.13474731261748,64924,26.1504635876927
0.176453,3,7342.885785,True,True,0.0047086107539334,17.661207590556803,64927,4.7086107539334
-1.298099,9,7344.474455,True,True,0.0066450259002619,14.812473093631178,64936,6.6450259002619
-9.313824,60,7348.509881,False,True,0.0008064490101879,17.02684904189014,64996,0.8064490101878999
4.133757,2,7350.14922,True,True,0.0047362511305695,8.318514111023152,64998,4.7362511305695
-2.585237,7,7351.993611,True,True,0.0001409259092383,17.758888656342947,65005,0.14092590923829998
6.763913,2,7353.279826,True,True,0.0039559705419735,4.322954437570809,65007,3.9559705419735005
-9.604165,60,7354.584938,False,True,0.0198871380887915,18.767428671926684,65067,19.887138088791502
4.833408,1,7355.834502,True,True,0.0102563878190152,9.17547606561008,65068,10.2563878190152
5.841804,1,7357.425132,True,True,2.8185968113988297e-06,7.347800595185175,65069,0.0028185968113988297
6.871022,3,7358.758144,True,True,0.004419388994093,5.21418137601368,65072,4.4193889940930005
2.183125,11,7360.256954,True,True,0.0008446450987521,12.6099995882328,65083,0.8446450987521
-10.698691,60,7360.267953,False,True,0.0349914502669249,49.61420720300843,65143,34.9914502669249
-0.023374,10,7361.988049,True,True,0.0029595682471504,16.422976685070964,65153,2.9595682471504
-11.540163,60,7363.52606,False,True,0.0147594776851415,41.11827538157189,65213,14.759477685141501
-3.358333,17,7365.318889,True,True,0.0086668525823775,15.521769922368582,65230,8.6668525823775
7.412084,5,7366.8295,True,True,0.0093281375631699,4.688112931327013,65235,9.3281375631699
-0.415314,27,7369.028934,True,True,0.0052673091377822,16.734722583018115,65262,5.2673091377822
-0.852575,18,7371.891008,True,True,0.0018384088640284,17.4445323421163,65280,1.8384088640284
2.747934,1,7373.280581,True,True,0.0097140911750392,12.93578564283662,65281,9.714091175039199
1.221326,37,7376.010739,True,True,0.0006702914961251,13.619878629500148,65318,0.6702914961251001
5.553982,3,7377.879322,True,True,0.0025097147467869,7.60220285016759,65321,2.5097147467868997
-13.289659,60,7379.256755,False,True,0.0114821627871625,21.980567522490222,65381,11.482162787162501
-11.22798,60,7381.054685,False,True,0.0430833655477986,44.224902202588886,65441,43.0833655477986
-4.00875,18,7383.078817,True,True,0.0077406953943069,16.37475310725773,65459,7.740695394306901
2.931673,1,7384.96017,True,True,0.0044969574862804,12.60137385701318,65460,4.4969574862804
-14.256009,60,7388.500992,False,True,0.0091038659684698,44.12252908868116,65520,9.1038659684698
-1.046107,12,7390.016279,True,True,0.0058401203535438,15.324422462923076,65532,5.8401203535438
-10.91181,60,7392.316595,False,True,0.0284068080554823,22.713562905431694,65592,28.4068080554823
-11.101578,60,7393.824131,False,True,0.0332559130196116,43.861878905442246,65652,33.255913019611604
0.457443,12,7395.637625,True,True,0.0088303931993739,11.361686886816196,65664,8.8303931993739
5.874297,4,7397.081645,True,True,0.0003897012704111,6.15932180575629,65668,0.3897012704111
-18.540566,60,7398.508266,False,True,0.0208298142617797,53.97807415759471,65728,20.8298142617797
-12.422157,60,7400.009269,False,True,0.0058994401033784,27.84148397624045,65788,5.8994401033784
-2.347242,9,7401.759294,True,True,7.933060994782994e-05,15.861216992965742,65797,0.07933060994782995
3.793294,3,7403.530336,True,True,0.00206853114547,10.79145288543853,65800,2.06853114547
-10.195578,60,7406.768784,False,False,0.0268475329630841,21.16765706863577,65860,26.8475329630841
-8.669203,60,7409.698814,False,True,0.0032424399714843,29.26326010090215,65920,3.2424399714842997
-8.787758,60,7412.064068,False,True,0.0138754752243744,6.812774237771397,65980,13.8754752243744
-8.347061,60,7413.714025,False,True,0.0122294333826246,37.200837742501854,66040,12.2294333826246
-8.501202,16,7415.486695,True,True,0.0113687800554246,12.01107932510673,66056,11.3687800554246
-13.398162,60,7416.872763,False,True,0.0181584663769911,17.46732660288093,66116,18.1584663769911
6.397544,6,7418.370379,True,True,0.00310635614693,6.477396383277749,66122,3.10635614693
-12.551413,60,7420.872327,False,True,0.0140846649741453,20.66493137741807,66182,14.0846649741453
3.672399,2,7422.314909,True,True,0.0077093545446696,11.145145332785187,66184,7.7093545446696
-8.071273,60,7423.668954,False,True,0.0077207498231439,60.37180414255528,66244,7.7207498231439
-0.361982,50,7425.496476,True,True,0.0054060604386953,12.20354688223678,66294,5.406060438695301
3.169634,1,7426.848166,True,True,0.0087622741310393,12.174900591678911,66295,8.7622741310393
1.306302,1,7427.988126,True,True,0.0063574430884525,15.53297214752295,66296,6.3574430884524995
3.377061,1,7429.358388,True,True,4.654227407555685e-05,11.795072537365328,66297,0.04654227407555685
-0.124403,2,7430.773767,True,True,0.0051205070257643,17.961184573880118,66299,5.1205070257643
3.718476,23,7432.106105,True,True,0.0022414905997208,8.870258641170754,66322,2.2414905997208
4.828703,4,7434.081341,True,True,0.0090978413465373,9.127451186705676,66326,9.0978413465373
-7.173283,60,7435.95355,False,False,0.0283558555894328,33.48281915254939,66386,28.3558555894328
1.854233,3,7437.350381,True,True,0.0009351755628219,14.370417275000056,66389,0.9351755628219
4.221463,1,7438.740721,True,True,0.0020821813755604,10.273375689706713,66390,2.0821813755604
0.196104,4,7440.140466,True,True,0.007893122573309,17.548628217600744,66394,7.893122573309
5.67205,1,7441.529488,True,True,0.004794348317281,7.658413201073502,66395,4.794348317281
-9.851911,60,7443.343667,False,True,0.008655857871098,25.54938428750125,66455,8.655857871098
1.559086,1,7444.594303,True,True,0.0062283665107794,15.077203857272997,66456,6.2283665107793995
3.09368,2,7445.904643,True,True,0.0032185181024792,12.012354080531932,66458,3.2185181024792002
2.920046,1,7447.21533,True,True,0.0004312449383203,12.619661532541308,66459,0.4312449383203
-13.871192,60,7450.209944,False,True,0.0273774410682676,18.14063147616661,66519,27.377441068267597
3.155322,2,7452.059247,True,True,0.004020116023675,12.107072911555717,66521,4.020116023675
-9.30355,60,7454.017319,False,True,0.0226039351792663,20.597157174408185,66581,22.603935179266298
-7.750778,37,7455.801525,True,True,0.0103994597136552,13.771824127726635,66618,10.399459713655201
-22.068853,60,7457.381182,False,True,0.0070931509777776,16.354066820425228,66678,7.0931509777776
4.403095,8,7458.651341,True,True,0.0019798992024626,9.124795500031569,66686,1.9798992024625999
7.06268,2,7460.044762,True,True,0.0049853199604595,5.8842787127707865,66688,4.9853199604595
2.424521,2,7461.339367,True,True,0.0002940968545772,11.408171141974185,66690,0.29409685457720003
3.095745,2,7462.601635,True,True,0.0041377317991043,12.18240383220357,66692,4.1377317991043
-9.284566,60,7465.209101,False,True,0.0316606747687773,15.157090704881172,66752,31.660674768777298
-20.513117,60,7466.708768,False,True,0.0159924688768062,22.96702385548554,66812,15.9924688768062
6.298127,4,7468.160094,True,True,0.0023760433829757,5.470066640097498,66816,2.3760433829757
6.507102,13,7470.046254,True,True,0.0022539009303479,1.9667485120520172,66829,2.2539009303479
-7.370014,60,7471.554194,False,False,0.0069845695689514,21.9983500956633,66889,6.9845695689514
2.65736,3,7473.243412,True,True,0.0047199183792687,12.438629561126628,66892,4.7199183792687
-28.780317,60,7474.99785,False,True,0.0186771700919543,20.871270519297077,66952,18.677170091954302
4.775289,1,7476.586415,True,True,0.0089954335790006,9.279425430936906,66953,8.9954335790006
-8.759328,60,7480.511598,False,True,0.0013522595167992,20.973803848486863,67013,1.3522595167992
6.895505,1,7482.982892,True,True,0.0026338669612966,5.44834042980507,67014,2.6338669612966
6.209256,45,7485.0319,True,True,0.0096422493846801,2.687694530079942,67059,9.6422493846801
0.964709,1,7486.729209,True,True,0.0021571372342361,16.145337040919028,67060,2.1571372342361
2.47587,7,7486.753999,True,True,0.0003401552541815,9.561524047252444,67067,0.3401552541815
4.704296,5,7488.717495,True,True,3.709001506028834e-05,9.723074929360529,67072,0.03709001506028834
-8.591377,60,7490.545028,False,True,0.0069685805746686,22.27242849626088,67132,6.9685805746686
-12.232071,60,7492.327599,False,True,0.0006572832505062,32.30491159282796,67192,0.6572832505062001
4.529105,20,7493.875332,True,True,0.0101266566430567,1.8274836121801776,67212,10.1266566430567
5.506493,5,7495.559913,True,True,3.572643276492722e-05,9.022292912121925,67217,0.03572643276492722
-7.979535,60,7499.778033,False,True,0.0068419311407114,19.791473302701093,67277,6.8419311407114
0.953596,4,7503.645874,True,True,0.0045443024004089,15.685237526497632,67281,4.5443024004089
-23.84951,60,7509.332337,False,True,0.0123444486443062,26.002106031519556,67341,12.3444486443062
2.82836,3,7513.090213,True,True,0.0043684494833695,13.4765498220728,67344,4.3684494833695
-13.045059,60,7516.343458,False,True,0.0142621074230033,17.131742460721583,67404,14.2621074230033
0.993488,3,7519.247987,True,True,0.0093592106495127,14.742536694440142,67407,9.3592106495127
-10.744122,60,7522.254857,False,True,0.0066148148184194,30.10988239711415,67467,6.6148148184194
-9.227492,60,7527.958649,False,True,0.018495898688192,11.07514882103226,67527,18.495898688192
7.386193,1,7530.275508,True,True,0.0046834954941199,4.564581520168527,67528,4.683495494119899
1.554954,7,7532.06069,True,True,0.0039318422694443,14.42411230432537,67535,3.9318422694443
-14.989604,60,7533.933559,False,True,0.009091811096531,21.57957953538315,67595,9.091811096531
0.855148,50,7536.711753,True,True,0.0075563668760744,6.291747514349452,67645,7.556366876074399
1.085242,1,7539.007864,True,True,0.0096020428583514,15.933048866892603,67646,9.6020428583514
6.904973,3,7541.255174,True,True,0.0045174293660839,5.029022562336201,67649,4.5174293660839
-6.478457,60,7543.337985,False,False,0.0097515064497643,23.683991641213797,67709,9.751506449764301
6.104118,2,7545.337552,True,True,0.0064308898637252,4.926657162061762,67711,6.4308898637252
-6.768985,19,7549.901654,True,True,0.0019747287242543,16.335641617101615,67730,1.9747287242543
-10.946911,60,7552.959489,False,True,0.0288986934732687,15.741425151831749,67790,28.8986934732687
-8.714995,60,7554.421649,False,True,0.0212190408641229,30.66659358290585,67850,21.2190408641229
4.028564,1,7555.688751,True,True,0.0001369879093628,10.619874773581522,67851,0.1369879093628
5.515074,10,7557.035966,True,True,0.0096237643314437,6.687905850536991,67861,9.6237643314437
-14.819087,60,7558.576105,False,True,0.0123682852194643,24.93213448738849,67921,12.368285219464301
-0.23329,17,7560.703615,True,True,0.0041827382994039,7.857257707583993,67938,4.1827382994039
-9.456139,60,7562.189524,False,True,0.0118883598827874,17.14441336542588,67998,11.8883598827874
-9.897092,60,7566.00519,False,True,0.0093072110335351,10.837939574126583,68058,9.307211033535099
-14.189339,60,7567.417084,False,True,0.0024627373276174,13.833675350096396,68118,2.4627373276173996
2.868666,3,7568.883205,True,True,0.0023745798064975,12.994294689478709,68121,2.3745798064974997
0.754904,1,7570.570474,True,True,0.0024617950537725,16.5249648078902,68122,2.4617950537725
-14.216926,60,7573.328402,False,True,0.0315648111507732,81.59477712634143,68182,31.5648111507732
-21.994023,60,7575.145416,False,True,0.0092760680025214,18.93511381467972,68242,9.2760680025214
5.9387,3,7576.670288,True,True,0.0047416931265072,7.0967962457138976,68245,4.7416931265072
2.155529,4,7578.055624,True,True,0.0039278945953319,13.488928304680352,68249,3.9278945953318996
-8.068567,60,7580.597063,False,True,0.0258314173196322,7.733274340840599,68309,25.8314173196322
2.850274,1,7581.883641,True,True,0.0011707848688849,12.746001372896826,68310,1.1707848688849
-13.601855,60,7583.174472,False,True,0.002842888164432,17.899286290946147,68370,2.8428881644320003
2.291847,1,7584.437531,True,True,0.0043405425535303,13.75502049460206,68371,4.3405425535303
-9.247397,60,7586.233341,False,True,0.0048052865428296,22.89903676760185,68431,4.8052865428296
-12.885048,60,7587.779514,False,True,0.008888825572558,32.517501783132744,68491,8.888825572558
8.060386,4,7589.047464,True,True,0.0100145688811295,3.2490610337199484,68495,10.0145688811295
7.437595,3,7590.257476,True,True,0.0051969697135787,6.167131946098867,68498,5.196969713578699
8.615002,2,7591.68551,True,True,9.93037890209417e-05,3.533656334992856,68500,0.0993037890209417
-6.043766,60,7594.735062,False,False,0.007396732585654,11.437694843808622,68560,7.396732585654
-6.557904,60,7596.096131,False,False,0.0287129739459058,35.93042380157683,68620,28.7129739459058
3.019795,1,7597.333329,True,True,0.0025311666960756,12.44117925558624,68621,2.5311666960756
-9.977387,60,7599.845626,False,True,0.0262405573001814,83.92905997743505,68681,26.2405573001814
3.875695,4,7601.502768,True,True,0.0047215432786929,10.190665819636632,68685,4.7215432786929
3.826667,5,7603.090255,True,True,0.0029848949051586,12.113073644084103,68690,2.9848949051586002
-9.904191,60,7605.12069,False,True,0.0409582504319941,16.720007735895987,68750,40.9582504319941
2.495147,9,7606.874384,True,True,0.0097232863526759,12.490511095188957,68759,9.7232863526759
9.032979,3,7608.577019,True,True,1.981360657262593e-06,1.6996971995605168,68762,0.001981360657262593
2.428975,1,7610.221687,True,True,0.0046421959884098,13.507941455428249,68763,4.6421959884098
-12.574104,60,7612.014198,False,True,0.0195751790666709,40.35070703041104,68823,19.5751790666709
9.349149,1,7613.225657,True,True,0.0023453160771995,1.014350960580816,68824,2.3453160771995
-10.207593,60,7614.553593,False,True,0.0002093451246738,22.617412302541624,68884,0.2093451246738
0.854722,15,7616.440993,True,True,0.0012844228109103,12.405685408450454,68899,1.2844228109103
-7.302313,60,7617.962378,False,False,0.0046986815547842,14.219342727546056,68959,4.6986815547842005
3.613756,1,7619.17164,True,True,0.0068169201565158,11.372821982445933,68960,6.8169201565158
3.327295,4,7620.575448,True,True,0.0045410729341599,11.093956282583193,68964,4.541072934159899
2.206612,4,7621.971921,True,True,0.0029947875040416,13.568878732411353,68968,2.9947875040416
2.605611,2,7623.312237,True,True,1.1961257895868292e-05,13.06256886753152,68970,0.011961257895868292
-20.174073,60,7625.945651,False,True,0.0300448011594595,26.32455196133236,69030,30.0448011594595
-6.675354,60,7627.421941,False,False,0.0265390707853545,11.517357400056245,69090,26.5390707853545
5.26815,11,7628.988734,True,True,0.0048283704851172,8.290565402685528,69101,4.8283704851172
-10.280909,60,7630.513643,False,True,0.0068430935243003,16.091141157165854,69161,6.8430935243003
-1.46901,9,7631.827621,True,True,0.0079168885218499,16.738561068542705,69170,7.9168885218499
2.225757,41,7633.478242,True,True,0.0022725192673784,6.499616107494757,69211,2.2725192673784
1.653509,1,7634.869416,True,True,0.0052418591726443,14.906446363940084,69212,5.2418591726443
-13.109032,60,7636.225667,False,True,0.0099571760003332,25.6878897110554,69272,9.9571760003332
2.688514,3,7636.232658,True,True,0.0021910891223893,11.45062003635033,69275,2.1910891223893
-9.686708,60,7639.502316,False,True,0.0011520072961107,57.86018280763195,69335,1.1520072961107
-14.085188,60,7640.89309,False,True,0.0122199070785801,54.73090133613258,69395,12.2199070785801
-11.857619,14,7642.689914,True,True,0.0041102383097524,17.164488573367432,69409,4.1102383097524005
-8.516236,60,7644.049126,False,True,0.0233887547142404,38.24663753433602,69469,23.3887547142404
-10.697428,60,7644.049139,False,True,0.0219356274872092,84.58166840500728,69529,21.9356274872092
3.497598,7,7645.856358,True,True,0.0019187839404727,11.378139980252737,69536,1.9187839404727
-1.333384,20,7647.495087,True,True,0.009227928528253,17.029283357406023,69556,9.227928528253
2.381952,2,7648.903815,True,True,0.0012538299033844,12.907044461136351,69558,1.2538299033844
-6.384796,60,7651.853395,False,False,0.007266654292053,10.14979594256075,69618,7.2666542920529995
1.731289,27,7653.31264,True,True,0.004130593691886,12.185700735017331,69645,4.130593691886
-12.653872,60,7654.992665,False,True,0.0095205232838696,17.267451029311907,69705,9.520523283869599
-18.665484,60,7656.537621,False,True,0.0049487196898491,19.230321755263084,69765,4.948719689849099
0.981395,2,7657.802953,True,True,0.0054720881511867,15.762063797221652,69767,5.4720881511867
-1.342494,4,7659.193177,True,True,0.0055180605349285,13.49110327877364,69771,5.5180605349285
-6.802141,60,7661.452735,False,False,3.659044056812319e-05,33.241876374092364,69831,0.03659044056812319
-10.080086,60,7662.885981,False,True,0.0050697644278044,70.49672935957783,69891,5.069764427804399
6.216233,1,7664.091175,True,True,0.0048216180350634,6.676444410009462,69892,4.8216180350634
9.900467,1,7665.23219,True,True,0.0014236217994009,0.0192590465357073,69893,1.4236217994009
-12.452612,60,7667.007365,False,True,0.0162218844929951,11.583814884768763,69953,16.2218844929951
1.46838,13,7668.335715,True,True,0.0090194247890263,11.82813049508571,69966,9.019424789026301
7.757789,5,7669.737787,True,True,0.0051016804523178,3.321820296955289,69971,5.1016804523178
-1.542218,5,7671.100285,True,True,0.009529782851815,17.18493232115768,69976,9.529782851815
-10.512726,60,7672.523443,False,True,0.0054408408048284,25.2255438665061,70036,5.4408408048284
6.054937,3,7673.938995,True,True,0.0038288716210023,6.9433341188607445,70039,3.8288716210023
-3.997396,40,7675.394573,True,True,0.0055864291331096,17.37657725433609,70079,5.5864291331096005
4.715411,2,7676.648812,True,True,0.0063286240422413,9.146150347620948,70081,6.3286240422413
1.297886,3,7678.012717,True,True,0.0071908141697813,15.080703843469069,70084,7.190814169781301
-0.918366,9,7680.372939,True,True,0.0001447346859918,16.407981240816163,70093,0.1447346859918
-21.115943,60,7682.660281,False,True,0.0386715533964418,34.83987869062059,70153,38.6715533964418
7.044401,5,7684.003461,True,True,0.0025511746800832,3.992485647813581,70158,2.5511746800832
-16.332143,60,7685.412379,False,True,0.0022212036096973,21.20887907680341,70218,2.2212036096973002
-11.29235,60,7686.824358,False,True,0.0225079535788643,34.55829637240111,70278,22.5079535788643
-7.8752,60,7688.691127,False,True,0.0020183411234635,12.93459751571099,70338,2.0183411234635003
0.451709,4,7689.954611,True,True,0.0119689402161374,16.864923903562516,70342,11.968940216137401
5.22038,5,7691.390809,True,True,0.0047618767608097,7.724700379148999,70347,4.7618767608097
2.401087,1,7692.630599,True,True,0.0024109893190807,13.556863735952904,70348,2.4109893190807
9.770316,2,7694.02951,True,True,0.0095067188166652,2.089843232138569,70350,9.5067188166652
-18.693827,60,7696.004171,False,True,0.031824179935623,9.217373241395965,70410,31.824179935622997
-11.748007,60,7697.495214,False,True,0.014385623965301,18.45158087079762,70470,14.385623965301
-10.041148,60,7698.914878,False,True,0.0316507269341052,69.48132969794975,70530,31.6507269341052
-10.873685,60,7702.096368,False,True,0.0178838800230011,17.722970916484247,70590,17.883880023001097
8.178919,3,7703.441554,True,True,0.011728635804078,2.5188950311988165,70593,11.728635804078
-10.041104,60,7705.513049,False,True,0.0218004870332753,40.92686855209841,70653,21.8004870332753
8.994298,17,7705.519035,True,True,0.0047764281958162,1.8444748709946928,70670,4.7764281958162
4.786878,1,7707.251707,True,True,0.0069538144301825,9.25705633363547,70671,6.9538144301825
4.797797,4,7708.653519,True,True,0.0090582049106377,10.182957075957868,70675,9.058204910637699
-12.98006,60,7708.654527,False,True,0.0220249659917924,14.626644649115343,70735,22.0249659917924
6.493083,2,7710.362751,True,True,0.0008269199135785,6.516365308874982,70737,0.8269199135785
3.430083,3,7711.637859,True,True,9.49913270118037e-05,10.840979125976745,70740,0.0949913270118037
7.904401,8,7712.886762,True,True,0.0119324744995109,2.6183647381026205,70748,11.9324744995109
-9.211927,60,7714.187566,False,True,0.0117637943271557,14.04904687793872,70808,11.763794327155699
2.59513,1,7715.463801,True,True,0.0041299523449443,13.208022496997293,70809,4.1299523449443
0.660606,9,7716.699653,True,True,0.00271161693231,17.785496423354466,70818,2.71161693231
6.047545,37,7719.07872,True,True,0.0080795092690554,5.434362576082121,70855,8.0795092690554
5.069654,5,7720.489036,True,True,0.0004035123222931,6.455574354776485,70860,0.4035123222931
-8.009527,60,7722.117134,False,True,0.0232946537304637,8.482982951164837,70920,23.294653730463697
6.190339,1,7723.338435,True,True,0.0026859412706911,6.721238293573778,70921,2.6859412706911
-13.794216,60,7724.561976,False,True,0.0167902041277731,24.506056964750517,70981,16.7902041277731
5.195159,1,7725.750911,True,True,0.0116992459807244,8.524013002180794,70982,11.699245980724399
2.353705,4,7726.94165,True,True,1.0231725189324692e-11,12.925499852038197,70986,1.0231725189324692e-08
6.567118,2,7728.193299,True,True,0.002399804028637,6.52162571933089,70988,2.399804028637
-7.297513,60,7729.427096,False,True,0.0069401093746875,10.04589671397341,71048,6.940109374687499
-6.210987,60,7732.872174,False,False,0.005454696885715,86.25890459882382,71108,5.454696885715
3.356159,1,7734.141723,True,True,0.0023807511359636,11.834428254659516,71109,2.3807511359636
7.415347,2,7735.518368,True,True,0.0050797664190548,3.988984273384149,71111,5.0797664190548
0.328969,2,7736.795099,True,True,0.0027861718076789,17.31102799678381,71113,2.7861718076789
5.715528,49,7738.120297,True,True,0.0116170361853165,1.6117648450087103,71162,11.6170361853165
-14.430086,60,7739.3886,False,True,0.0025276147934427,22.931324763875065,71222,2.5276147934427002
1.253217,3,7740.74784,True,True,0.0067341895587934,14.90081220518903,71225,6.734189558793401
-14.648982,60,7741.932117,False,True,0.0165299097513667,29.219668777151544,71285,16.529909751366702
1.664324,19,7743.897729,True,True,0.009382118612887,12.797300666990257,71304,9.382118612887
1.449432,17,7745.654522,True,True,0.0052928511428888,13.472872546875069,71321,5.2928511428888
7.457723,2,7746.900117,True,True,0.0016921843995779,4.080890714191039,71323,1.6921843995779
2.699952,4,7748.173289,True,True,0.0012102975549022,12.35725865172297,71327,1.2102975549022001
-6.422506,60,7749.533597,False,False,0.0161777408939404,84.24854464371316,71387,16.1777408939404
7.210202,7,7751.445248,True,True,0.0029763275707916,3.767179514966144,71394,2.9763275707916
-7.001999,60,7752.98693,False,True,0.0020098355896366,3.9179012840637295,71454,2.0098355896366003
4.677587,2,7754.559874,True,True,0.0112894889666645,9.352113903447751,71456,11.2894889666645
1.367435,1,7755.923409,True,True,0.0006370218056074,15.419629650033286,71457,0.6370218056074
4.192226,2,7757.517389,True,True,0.0075852516063868,9.685018082783206,71459,7.5852516063868
-5.722427,60,7759.44839,False,True,0.0002254223772219,1.2328551008946578,71519,0.2254223772219
-16.736567,60,7764.194093,False,True,0.0187874140045798,4.541274507311259,71579,18.7874140045798
5.029787,1,7766.00723,True,True,0.0048183194615476,8.817236601075303,71580,4.8183194615476
3.70233,3,7768.03845,True,True,0.0007066050094288,10.890312031087143,71583,0.7066050094288
-12.854147,60,7769.858796,False,True,0.0200762212145227,42.33025688973272,71643,20.0762212145227
4.324833,3,7771.681475,True,True,0.002240042720276,9.836804011604292,71646,2.240042720276
-9.856408,60,7773.4621,False,True,0.0315972019682767,5.428937795357178,71706,31.5972019682767
-6.901402,60,7775.236895,False,False,0.030149762923219,17.71281995576777,71766,30.149762923219
4.98347,1,7776.960711,True,True,0.0023097237526409,8.898786784452868,71767,2.3097237526409002
2.351889,13,7779.256205,True,True,0.0052576681031921,11.833086791995962,71780,5.2576681031921
-5.134632,26,7781.234182,True,True,0.0024571663219591,17.91618098650905,71806,2.4571663219591002
-10.998889,60,7784.224942,False,True,0.0069458972436616,59.9775006069862,71866,6.9458972436616
-7.615772,60,7786.310949,False,False,0.0144498006330721,42.81950777490105,71926,14.449800633072101
2.061569,2,7788.17737,True,True,0.0041552611699854,14.16138245587036,71928,4.1552611699854
-12.973481,60,7790.552379,False,True,0.0213504280376201,40.5974485893266,71988,21.350428037620098
2.441484,1,7792.364749,True,True,0.0049132268755101,13.485548045800416,71989,4.9132268755101
3.880194,3,7794.18286,True,True,0.0025906695592907,10.638278632040857,71992,2.5906695592907
7.949058,1,7795.964795,True,True,0.0104578661776847,3.554195766262543,71993,10.4578661776847
-6.566571,60,7798.856317,False,False,0.012498644970618,26.253634735883267,72053,12.498644970618
6.856022,2,7801.115603,True,True,0.009111088663025,5.121842926921657,72055,9.111088663024999
1.963217,1,7803.65167,True,True,0.0071039548759055,14.349102908636487,72056,7.1039548759055
4.178241,4,7805.67873,True,True,0.0026599651330556,10.44137758813563,72060,2.6599651330556
4.167557,1,7807.604138,True,True,0.0015752432271881,10.370235675711958,72061,1.5752432271881
2.849479,1,7809.422182,True,True,0.0019381890856977,12.747946399750717,72062,1.9381890856977
-16.99998,60,7813.447087,False,True,0.0166957605624905,85.25673472968036,72122,16.6957605624905
3.81541,2,7815.369236,True,True,0.0051540777003935,9.060351788777632,72124,5.1540777003935005
8.542168,5,7816.953489,True,True,0.0025645329349947,2.150354558944559,72129,2.5645329349947
-21.184823,60,7818.568998,False,True,0.0070724664810277,27.9721776489936,72189,7.0724664810277
7.363136,1,7818.5764,True,True,5.945287198270716e-05,4.601330050969143,72190,0.05945287198270716
4.51597,1,7821.237587,True,True,0.0049128478144835,9.744231599902568,72191,4.9128478144835
-8.567473,43,7823.667503,True,True,0.0117674630090618,10.317664599721535,72234,11.767463009061801
-8.057606,60,7825.996253,False,False,0.0289808798726194,22.322278835970987,72294,28.9808798726194
-13.770221,60,7829.853755,False,True,0.0129690461476461,4.78728376972545,72354,12.9690461476461
-18.91497,60,7832.3411,False,True,0.0238557180396962,43.50277841200135,72414,23.8557180396962
1.123039,9,7835.331648,True,True,0.0080702757967476,14.985896732387893,72423,8.0702757967476
-9.001845,60,7837.26206,False,True,0.0206901286746826,14.021921360153192,72483,20.6901286746826
1.19977,4,7839.876818,True,True,0.0001629310207889,14.22693570003687,72487,0.1629310207889
8.404414,1,7842.054922,True,True,3.925085014781955e-05,2.7206429002573307,72488,0.03925085014781955
-14.010001,60,7844.318547,False,True,0.0025727249656989,10.648297529606584,72548,2.5727249656989
-3.789698,19,7846.728095,True,True,0.0107789596698326,9.3721067446031,72567,10.7789596698326
0.819595,17,7851.243079,True,True,0.0006156859585204,12.96058383069076,72584,0.6156859585204
-14.805237,60,7853.155811,False,True,0.0216630684823266,21.32235586910757,72644,21.6630684823266
-8.853396,60,7855.069344,False,True,0.0346289772084846,81.16117801011853,72704,34.628977208484606
-0.841804,15,7856.959268,True,True,0.0023111733331135,16.79667868173605,72719,2.3111733331135
3.138751,1,7858.490538,True,True,0.0001554518879861,12.225003239459433,72720,0.1554518879861
-12.105075,60,7860.696436,False,True,0.011649173810022,26.80843912712308,72780,11.649173810021999
0.378341,14,7862.932558,True,True,0.0055567869189515,14.648547093410754,72794,5.5567869189515005
0.669727,2,7864.745156,True,True,0.0039088348066146,16.20711446036768,72796,3.9088348066145997
-12.128853,60,7866.696809,False,True,0.0219225672534639,52.11316135938315,72856,21.9225672534639
-16.199369,60,7869.769458,False,True,0.0155578490958366,17.320811151474633,72916,15.5578490958366
7.641333,8,7871.917611,True,True,0.0108825151630463,3.139330828475057,72924,10.8825151630463
-10.439017,60,7871.919609,False,True,0.0218748336281944,8.802802975643285,72984,21.8748336281944
8.751009,1,7873.804804,True,True,0.0049672409072493,2.100491150911427,72985,4.9672409072493
3.973702,3,7876.07368,True,True,0.0018880147231045,10.173830957000009,72988,1.8880147231045001
1.888852,7,7877.90321,True,True,0.0056281806858998,14.307751358051116,72995,5.6281806858998
3.325386,9,7879.82286,True,True,0.0001889165652941,11.173282044630332,73004,0.18891656529409998
4.183022,4,7881.499231,True,True,0.0001546369415906,9.766054508162595,73008,0.15463694159059999
4.61667,1,7884.95773,True,True,0.0088363849389208,9.56540767696501,73009,8.8363849389208
-16.618342,60,7887.626074,False,True,0.0119374167206428,14.273649618963546,73069,11.9374167206428
5.27367,3,7889.227088,True,True,0.0001625509160756,8.091388413958922,73072,0.1625509160756
-7.316934,60,7891.583356,False,False,0.0072387657246162,17.503706671531916,73132,7.2387657246162
-12.068984,60,7895.341621,False,True,0.0292304958841106,31.710114745288912,73192,29.2304958841106
-9.180389,60,7897.291483,False,False,0.0125616462453229,31.959987537034923,73252,12.5616462453229
7.383801,2,7899.008973,True,True,0.0047508295686595,3.771198286631992,73254,4.7508295686595
6.605729,1,7900.437009,True,True,0.0046402329228668,5.97333191593812,73255,4.6402329228668
-11.179209,60,7902.526068,False,True,0.0377898989909885,49.29745033432498,73315,37.789898990988505
-7.594397,60,7904.387371,False,True,0.0246507869261336,26.688957107720512,73375,24.650786926133602
3.342249,2,7905.772187,True,True,0.0040731518308273,11.993234416592866,73377,4.0731518308273
-8.330016,60,7908.291474,False,False,3.828882915571765e-05,13.257254355874135,73437,0.038288829155717644
4.003418,2,7909.932462,True,True,0.0046242279284778,10.90730213819046,73439,4.6242279284778
-6.572662,60,7911.990129,False,False,0.0026416108078507,33.290348341944465,73499,2.6416108078507
-13.974172,60,7913.688924,False,True,0.0115162256523971,14.57384369027987,73559,11.5162256523971
-12.260605,60,7915.623715,False,True,0.0334027354997674,79.63213877231624,73619,33.402735499767395
-4.817046,38,7919.095993,True,True,0.0070227977312785,16.03419340774748,73657,7.022797731278501
-12.625704,60,7920.639438,False,True,0.0040901681223455,27.783083020842398,73717,4.0901681223455
8.520502,2,7922.16631,True,True,0.0023861084865217,4.614704307859326,73719,2.3861084865217004
5.635508,1,7923.947417,True,True,0.0084445533064534,7.727294084420214,73720,8.4445533064534
7.461941,4,7925.689342,True,True,0.0095700166822567,5.908389787647134,73724,9.5700166822567
-12.477981,60,7927.305263,False,True,0.0097884656082937,48.23119885224778,73784,9.7884656082937
-1.438791,9,7928.917571,True,True,0.0113169449041307,11.38930405126778,73793,11.3169449041307
-22.167292,60,7931.089555,False,True,0.0138750574398889,47.00122822948575,73853,13.875057439888899
7.281396,2,7932.56513,True,True,2.307988062290843e-06,3.605579606773516,73855,0.002307988062290843
-14.017596,60,7935.550976,False,True,0.030094644281743,69.0977618344242,73915,30.094644281743
8.614344,1,7937.157701,True,True,0.0044885134830751,2.3467623573098373,73916,4.4885134830751
-8.169752,60,7939.271956,False,False,0.0051875071113536,24.52601750405717,73976,5.1875071113536
2.672693,1,7940.901906,True,True,0.0029467285620312,13.067415336659703,73977,2.9467285620311996
-14.254117,60,7942.594098,False,True,0.0262302938974675,26.868185377058328,74037,26.2302938974675
1.90117,4,7944.42994,True,True,0.0008314582484669,14.650142074786151,74041,0.8314582484669
-9.770577,60,7946.500618,False,True,0.0105755533126507,61.17464716339152,74101,10.5755533126507
-8.086552,60,7950.200761,False,True,0.0168857640082361,86.55879023469336,74161,16.8857640082361
-8.287529,60,7952.500339,False,False,0.0049149697221359,24.57117993382769,74221,4.9149697221359
-5.676563,60,7954.468746,False,False,0.011847333030208,7.005570056552803,74281,11.847333030208
-4.025538,6,7956.391235,True,True,0.0024655193871522,17.713574672282434,74287,2.4655193871521996
-11.295667,60,7958.15635,False,True,0.0246843980244066,20.280820786694484,74347,24.6843980244066
1.101357,6,7959.776775,True,True,0.0070023534668204,12.508995633586895,74353,7.0023534668204
2.971454,6,7961.614795,True,True,0.0096673482556806,11.748096581279016,74359,9.667348255680599
7.273479,8,7963.35435,True,True,0.0047232133565772,4.206864036466945,74367,4.723213356577199
-16.064321,60,7965.680788,False,True,0.0202861406444822,22.336526240087576,74427,20.286140644482202
-12.597923,60,7967.977863,False,True,0.045067879665439,40.325278768939405,74487,45.067879665439
-5.553689,60,7970.587162,False,False,0.0177521404948559,2.02605898091244,74547,17.752140494855897
5.107533,2,7972.271482,True,True,0.0041477036139648,8.635721706421142,74549,4.1477036139648
8.715996,1,7973.824553,True,True,0.0047592261143095,2.163487387251425,74550,4.7592261143095005
-11.018255,60,7973.830552,False,True,0.0112171160420984,25.19224116621561,74610,11.2171160420984
-0.054451,3,7975.975538,True,True,0.0030644896266967,17.41102008122734,74613,3.0644896266967
8.864611,4,7977.816313,True,True,0.0022160162904238,2.997568157776595,74617,2.2160162904238
-16.328165,60,7979.964378,False,True,0.0125263757556336,25.86033407511591,74677,12.5263757556336
1.210538,2,7982.888013,True,True,0.0110104990613426,16.0269017382146,74679,11.0104990613426
2.074072,24,7984.823321,True,True,0.0026043870318962,11.118593659726276,74703,2.6043870318962004
-15.501554,60,7986.884037,False,True,0.0073213003519314,15.329390529699248,74763,7.3213003519314
2.623778,31,7988.867484,True,True,0.0020530502030043,7.73590978805217,74794,2.0530502030043
4.087115,3,7990.709058,True,True,0.0087608311418643,8.688005731533828,74797,8.7608311418643
-7.556586,60,7994.333161,False,False,0.0122359758771799,30.756425587663134,74857,12.2359758771799
-12.089036,60,7996.115175,False,True,0.0157485095343022,11.331090229090853,74917,15.748509534302201
2.527699,2,7997.801827,True,True,0.0087233574667338,13.275897245613704,74919,8.7233574667338
0.816169,2,7999.803331,True,True,0.0014817502647147,16.170732679904734,74921,1.4817502647147
-13.035577,60,8001.48542,False,True,0.032084676097081,22.293006972777548,74981,32.084676097081
1.976347,2,8001.491427,True,True,0.0095137208758241,13.802416237407412,74983,9.5137208758241
3.093402,1,8003.517237,True,True,0.0051818481908009,12.310159871103316,74984,5.1818481908009
1.685266,1,8003.518233,True,True,0.0032102621781886,14.848056714400366,74985,3.2102621781886
-32.237365,60,8005.773852,False,True,0.0016625778132091,32.47894547358146,75045,1.6625778132091
0.841878,7,8007.808811,True,True,0.0098270233822686,16.014535289223783,75052,9.8270233822686
0.102814,1,8009.597897,True,True,0.0008537563748948,17.69965818956653,75053,0.8537563748947999
-16.446109,14,8012.077353,True,True,0.0020623732219777,11.31880429696939,75067,2.0623732219777
7.48396,12,8014.389262,True,True,0.0073154394179323,5.777504035138931,75079,7.3154394179323
-12.514981,60,8016.623508,False,True,0.0182429967945208,57.809532021485865,75139,18.2429967945208
-5.44799,12,8018.336716,True,True,0.0020605959594374,16.698735257207286,75151,2.0605959594374
0.337728,5,8020.264937,True,True,0.0050612723381046,15.60724675429373,75156,5.0612723381046
9.087815,2,8023.228428,True,True,0.0021396028026435,2.8581329416144547,75158,2.1396028026434997
1.498861,3,8024.990715,True,True,0.0039575380183433,15.32636176463286,75161,3.9575380183433
2.488833,12,8026.707553,True,True,0.0075049730101252,12.01064337490346,75173,7.5049730101252
-6.02399,60,8028.67488,False,False,0.0024221615814704,6.656018865137883,75233,2.4221615814704
0.365858,1,8030.487688,True,True,0.0110757966193352,17.230282892828885,75234,11.0757966193352
-16.809446,60,8032.492461,False,True,0.0327374559271915,85.13339809326523,75294,32.737455927191505
-5.987187,16,8034.700728,True,True,0.0079483828641867,17.25397614104919,75310,7.9483828641867
-9.496381,60,8038.264032,False,True,0.002344755616035,6.8735647164126,75370,2.344755616035
-11.059369,60,8039.947845,False,True,0.0380217336395944,39.33964299290814,75430,38.0217336395944
7.997678,4,8041.6818,True,True,0.0024548055097421,3.890537045049711,75434,2.4548055097421
5.657651,2,8043.49811,True,True,0.0023993028341827,7.139424521218761,75436,2.3993028341827003
-5.908965,60,8045.12012,False,False,0.009944841882563,19.14474367725269,75496,9.944841882562999
-14.577277,60,8047.50173,False,True,0.0134871140406454,59.66664324010666,75556,13.4871140406454
-13.074611,60,8051.268899,False,True,0.0094476425777372,19.689700728275373,75616,9.447642577737199
-19.809031,60,8056.440151,False,True,0.0072419525549717,19.34664387663618,75676,7.2419525549717
-7.939734,60,8058.558805,False,False,0.0531866929245799,21.64480481012111,75736,53.1866929245799
-1.205396,12,8060.660466,True,True,0.0073035505915213,13.24526929231083,75748,7.3035505915213
5.543171,1,8062.196409,True,True,8.111070128543176e-05,7.88686029441032,75749,0.08111070128543175
-6.705697,60,8064.144932,False,False,0.0198626619634146,54.91765932825297,75809,19.8626619634146
0.275968,14,8065.988863,True,True,0.0073852337628267,15.91371443648435,75823,7.3852337628267
2.754119,3,8067.68916,True,True,0.0045727168007984,12.144352689167992,75826,4.5727168007984
0.335844,3,8069.327276,True,True,0.0113641017499134,17.349599778442496,75829,11.3641017499134
0.59975,9,8071.628068,True,True,0.0007408008395056,15.725924286905046,75838,0.7408008395056
-12.958131,60,8074.740502,False,True,0.0022670777207218,7.754541986078367,75898,2.2670777207218
4.302833,1,8076.719404,True,True,0.0005038153162236,10.125353206874676,75899,0.5038153162236001
-14.744104,60,8078.499787,False,True,0.0040568408950122,46.80041904884067,75959,4.0568408950122
2.227897,1,8078.505805,True,True,0.0026305157823468,13.869301964545254,75960,2.6305157823468
-5.6449,60,8081.095894,False,False,0.0044781365320849,14.394202653364458,76020,4.4781365320849
0.501038,1,8083.207801,True,True,0.0060924068332578,16.984401533746553,76021,6.0924068332578
-7.030822,60,8086.261456,False,False,0.0094884353625011,7.069930000265321,76081,9.4884353625011
2.886702,1,8087.98992,True,True,0.0025983614832548,12.681250955126526,76082,2.5983614832548
5.729537,5,8090.014037,True,True,0.0069651278478686,8.914667128804139,76087,6.9651278478686
2.322394,2,8091.680777,True,True,0.0043899520811895,13.30085588363164,76089,4.3899520811895005
-12.871308,60,8094.303841,False,True,0.0070600849896319,17.59563681560663,76149,7.0600849896319
-10.056395,60,8094.306296,False,True,0.0205957957971479,70.06495305161492,76209,20.5957957971479
4.239658,1,8096.25568,True,True,0.0050629409267127,10.242759796862872,76210,5.0629409267127
-11.265158,60,8099.7594,False,True,0.003003926137633,55.28899994927743,76270,3.003926137633
1.511323,3,8101.758861,True,True,0.0088153511328659,14.93391347693457,76273,8.8153511328659
3.255827,1,8103.306959,True,True,0.0083937499495833,12.019260189879711,76274,8.3937499495833
5.603524,2,8105.172771,True,True,0.0048570497729175,9.130527201575878,76276,4.857049772917501
0.387957,9,8107.201411,True,True,0.0001539226278872,15.857066576782934,76285,0.1539226278872
-19.705705,60,8109.536563,False,True,0.0334106151588622,19.845074865217573,76345,33.4106151588622
-14.699283,60,8111.745079,False,True,0.0202757229982232,17.519435731975268,76405,20.275722998223202
-10.078208,60,8113.142043,False,True,0.0103317359378812,25.651058921371085,76465,10.3317359378812
1.419607,2,8114.719386,True,True,0.0004029697995887,16.088272791080062,76467,0.4029697995887
7.656836,7,8116.263421,True,True,0.0045639155367797,5.9613774572123015,76474,4.5639155367796995
1.396637,1,8117.706929,True,True,0.0051206123354601,15.369475930165384,76475,5.1206123354601
-6.566423,20,8119.616494,True,True,0.0028729694912398,17.55085182799092,76495,2.8729694912398003
4.934404,2,8121.173622,True,True,0.0024694610005897,8.856197268186653,76497,2.4694610005897
-10.605466,60,8122.68197,False,True,0.0025560594675519,57.91715392669262,76557,2.5560594675518997
5.874612,1,8124.143466,True,True,0.0090097879643087,7.296367843402471,76558,9.0097879643087
8.193759,5,8125.751369,True,True,0.0049610772997988,4.5286719627199,76563,4.9610772997987995
10.012002,6,8127.323685,True,True,0.0001887842602537,2.2896639818477955,76569,0.1887842602537
1.792715,1,8129.079072,True,True,0.0047488242687184,14.655199820728004,76570,4.7488242687184
-11.963377,60,8131.301541,False,True,0.0004289440902186,15.74873008686492,76630,0.4289440902186
7.56576,3,8133.835935,True,True,0.0024523506036207,4.278207220925342,76633,2.4523506036207
-7.70527,60,8137.056978,False,True,0.0190641773217518,20.081893215632164,76693,19.0641773217518
-8.191316,60,8140.081588,False,True,0.0138477837684274,70.93333713102258,76753,13.8477837684274
-12.234732,60,8142.47731,False,True,0.01905252563493,17.015266836522926,76813,19.052525634930003
-12.127583,60,8144.701071,False,True,0.0214560735854314,76.3784238917097,76873,21.4560735854314
3.690406,10,8146.450817,True,True,0.0096384360740607,8.832278659637115,76883,9.638436074060701
0.655877,8,8148.373376,True,True,0.0024014870100165,13.716794991354789,76891,2.4014870100165
5.547604,2,8149.70248,True,True,0.0005169800639439,7.610546276555183,76893,0.5169800639439
-8.501225,60,8151.169463,False,False,0.0043316791719755,54.71361478491082,76953,4.331679171975501
-12.926531,60,8152.793995,False,True,0.0122920940529695,20.72704073052584,77013,12.2920940529695
1.148676,1,8154.141961,True,True,0.0071857785535641,15.817535735010493,77014,7.1857785535641
-8.522788,60,8156.282952,False,True,0.0167186563480025,16.84616306441924,77074,16.7186563480025
0.722496,6,8157.679254,True,True,0.0048470274900325,16.14068233335794,77080,4.8470274900325
2.844769,4,8159.052494,True,True,0.0001331949989639,13.213687299694724,77084,0.1331949989639
-8.333263,60,8160.533791,False,True,0.0123948347927122,23.289774483961484,77144,12.3948347927122
-9.4288,60,8162.140657,False,True,0.0072080428604386,27.951858138137148,77204,7.2080428604386
-12.957724,60,8164.645502,False,True,0.0226068576603513,19.71660803056067,77264,22.6068576603513
-11.659848,60,8166.939498,False,True,0.0073102461890577,25.75851806454286,77324,7.3102461890577
-14.996985,60,8168.39315,False,True,0.047538025715065,31.15025151494246,77384,47.538025715065
-9.111569,60,8170.055994,False,True,0.0043523158380301,3.400597195713729,77444,4.3523158380301
-14.058391,60,8171.744365,False,True,0.0196898407657367,75.96788268540617,77504,19.6898407657367
-8.241115,60,8174.055276,False,True,0.0263914176624214,77.49813901521227,77564,26.3914176624214
-0.016766,2,8175.369153,True,True,0.0001698363256804,17.302451448349704,77566,0.1698363256804
-6.506436,60,8176.762962,False,False,0.00163886281691,4.754887307205915,77626,1.63886281691
-13.151791,60,8178.227775,False,True,0.0386419876453199,19.99466075144296,77686,38.6419876453199
-9.274393,60,8180.015832,False,True,0.0074179516910842,67.56604590697495,77746,7.4179516910842
3.562728,40,8183.269949,True,True,0.0063005573594528,2.797026053103828,77786,6.3005573594528
6.917947,3,8184.587354,True,True,0.0023931133062552,4.566411309178885,77789,2.3931133062552
-10.606535,60,8186.069904,False,True,0.0069657907082967,16.272331386508647,77849,6.9657907082967006
-6.113394,60,8187.518065,False,False,0.0145418433357955,66.20850285150244,77909,14.5418433357955
4.836365,2,8188.893821,True,True,0.002705695045718,9.03389257241013,77911,2.705695045718
3.097876,3,8190.205047,True,True,0.0045188143901186,12.060273817529296,77914,4.5188143901186
-10.068297,60,8192.085898,False,True,0.0064403024641858,37.99665118853376,77974,6.4403024641858
1.103959,3,8193.335772,True,True,0.0008961463450664,15.714230607772526,77977,0.8961463450664
8.493368,2,8194.643003,True,True,0.004793146086399,3.225292531377877,77979,4.793146086399
-8.198671,60,8196.744415,False,True,0.0111119249381248,10.437723928846005,78039,11.111924938124801
-8.194941,60,8198.118003,False,True,0.0027029232362217,10.0513178176624,78099,2.7029232362217
-9.790601,60,8199.678345,False,True,0.0456416504127295,17.38447785324587,78159,45.641650412729504
-10.194069,60,8201.539143,False,True,0.0299035854738261,49.874539378369846,78219,29.903585473826098
-6.026831,60,8204.47632,False,False,0.015093988528134,81.33712305146983,78279,15.093988528134
7.011185,2,8205.729929,True,True,0.006826961692033,7.27590782651871,78281,6.826961692033
-16.755407,60,8206.935132,False,True,0.0386672150057041,44.657247056849535,78341,38.6672150057041
2.872476,2,8208.232246,True,True,0.004650554543379,12.844141317509475,78343,4.650554543379
-7.600853,60,8209.722677,False,False,0.0130939691908809,13.596190443120038,78403,13.0939691908809
-9.718675,60,8211.51899,False,True,0.0315473326410916,26.43068367178636,78463,31.5473326410916
5.52014,2,8212.87327,True,True,0.0045035457580575,7.496119998417747,78465,4.5035457580575
-9.364818,60,8214.997169,False,True,0.0016292666491737,33.689418067350964,78525,1.6292666491737
-12.335809,60,8216.354914,False,True,0.0284007687790242,64.58374496389973,78585,28.400768779024197
-7.809576,60,8217.752881,False,True,0.0083007326548426,4.269756147381716,78645,8.3007326548426
4.736214,13,8219.327057,True,True,0.0055480862350378,6.270474190420844,78658,5.5480862350377995
-9.832399,60,8221.168321,False,True,0.0238341330717114,25.689172592039213,78718,23.834133071711403
5.717324,8,8222.588116,True,True,0.0048769227583875,8.94196268823319,78726,4.8769227583875
3.805698,1,8223.779777,True,True,0.0008255822989493,11.022447464387731,78727,0.8255822989493
-6.668977,60,8226.61505,False,False,0.0066804206875936,9.909670711259926,78787,6.6804206875936005
-9.052538,60,8228.298986,False,True,0.053639006314738,23.392783650487225,78847,53.639006314738005
1.491104,30,8229.705137,True,True,0.0094808814935647,14.045899676878836,78877,9.4808814935647
5.502817,3,8230.943462,True,True,0.0032565170561553,7.772088838400735,78880,3.2565170561553
-8.765392,60,8232.239248,False,False,0.0002284420978711,16.13720797198259,78940,0.2284420978711
3.374337,6,8233.690159,True,True,0.0011317444575882,11.342512140438838,78946,1.1317444575882
-9.596694,60,8236.106774,False,True,0.0227365049478116,29.201969642873745,79006,22.7365049478116
1.280733,8,8237.628013,True,True,0.0048029052401615,12.907426723676789,79014,4.8029052401615
7.607295,1,8238.873631,True,True,0.0049131943106546,4.165653356507841,79015,4.9131943106546005
-11.244991,60,8240.135967,False,True,0.0057556462197828,51.4001608524283,79075,5.7556462197828
-8.529563,60,8241.459057,False,True,0.0049619423029887,27.725395622228916,79135,4.9619423029886995
7.005985,2,8242.668113,True,True,0.0093071291299219,4.609816062842296,79137,9.3071291299219
-11.64948,60,8244.042937,False,True,0.0210548783463041,51.562082409788346,79197,21.0548783463041
4.444075,11,8245.567793,True,True,0.0077041431070484,7.397424690850728,79208,7.7041431070484
-16.242641,60,8249.067527,False,True,0.0074818628945803,23.307785627238196,79268,7.4818628945803
-12.273809,60,8250.343969,False,True,0.0308155526888754,17.118375344372645,79328,30.8155526888754
-4.347189,7,8251.79418,True,True,0.0042013708015678,17.822549820543305,79335,4.2013708015678
-12.188248,60,8253.358909,False,True,0.0168827513024122,20.765865729520257,79395,16.8827513024122
0.438883,14,8254.614851,True,True,0.0002930539878628,15.422699412816726,79409,0.2930539878628
4.030188,3,8255.84859,True,True,6.959300281281428e-05,12.610288118777545,79412,0.06959300281281428
2.567451,1,8257.131286,True,True,0.007869063544428,13.260146520552317,79413,7.869063544428
-20.872218,60,8258.29405,False,True,0.0428098318354455,45.48809200743514,79473,42.8098318354455
2.37149,3,8259.627974,True,True,0.0026121650724448,13.29842367062204,79476,2.6121650724447996
1.475824,1,8260.854056,True,True,7.676805016766826e-05,15.223868267945626,79477,0.07676805016766826
4.14187,2,8262.127928,True,True,0.007928244304553,9.826200276693388,79479,7.928244304553
7.378474,1,8263.431388,True,True,7.526444358064988e-07,4.573568518448719,79480,0.0007526444358064988
2.156817,1,8264.832427,True,True,0.0025962986583695,13.997451864700816,79481,2.5962986583695
-8.407586,17,8266.576365,True,True,0.0038351622249238,17.62174066015431,79498,3.8351622249238
6.393714,36,8268.030641,True,True,0.007070430992953,1.5402672938098765,79534,7.070430992953
-8.196453,60,8269.78816,False,True,0.0041479966035456,10.682392529458776,79594,4.1479966035456
-8.945114,60,8271.404595,False,True,0.0028582969602942,18.815767727625666,79654,2.8582969602942
-8.54975,60,8273.354637,False,False,0.0124406593689316,34.69543670318529,79714,12.4406593689316
6.591542,7,8274.813423,True,True,0.0003309394168414,5.923443173096236,79721,0.3309394168414
-7.729916,60,8276.049764,False,False,0.0066911196438084,23.771868756786155,79781,6.6911196438084
6.271418,4,8277.337787,True,True,0.0049614281348011,6.208335716680201,79785,4.961428134801101
6.606394,1,8278.501027,True,True,0.004593622436093,5.972087504752149,79786,4.593622436093
8.425294,3,8278.510014,True,True,0.0019609226233663,2.70519896805768,79789,1.9609226233663
2.6558,1,8280.820305,True,True,0.0038759870749345,13.09846244306138,79790,3.8759870749345002
-7.868515,60,8282.378642,False,False,0.0179595281023318,15.003556951152577,79850,17.959528102331802
8.176058,12,8284.02809,True,True,0.0025217492417751,2.9679947697525138,79862,2.5217492417751
-8.894452,60,8285.263403,False,True,0.0171388349823973,21.45227508762588,79922,17.138834982397302
1.34784,4,8286.42716,True,True,0.0045535983391922,14.90197145287937,79926,4.553598339192201
1.381693,13,8288.016843,True,True,0.0010521343023389,14.34855268230223,79939,1.0521343023389
2.505437,41,8289.258335,True,True,0.0011506168095949,7.872362271160358,79980,1.1506168095948999
2.351667,4,8290.513052,True,True,0.0004925817360833,13.326381262282156,79984,0.49258173608329997
5.121033,10,8291.806279,True,True,0.0067224406228135,8.436429511743608,79994,6.7224406228135
1.548138,1,8292.936816,True,True,0.0038664067473548,15.095660857894694,79995,3.8664067473548003
2.973112,6,8292.93883,True,True,0.0004487832398981,12.133909326167151,80001,0.4487832398981
7.348317,3,8294.387349,True,True,0.0001543891573829,2.989278765443465,80004,0.15438915738290002
3.74836,1,8295.656503,True,True,0.0046717489945373,11.128630009176964,80005,4.6717489945373
9.600062,5,8296.918862,True,True,0.0074920370947431,2.5061762515009227,80010,7.492037094743099
-17.859424,60,8298.111095,False,True,0.0184067422839928,5.705647679751686,80070,18.4067422839928
-11.152322,60,8300.206561,False,True,0.0210878364512098,38.66565039901043,80130,21.0878364512098
-1.64582,12,8301.829268,True,True,0.0042229795069411,14.603008018076434,80142,4.2229795069411
-15.73185,60,8303.656409,False,True,0.0236200853073278,29.68172540620666,80202,23.620085307327802
-10.13791,60,8304.960275,False,True,0.0120808976358016,11.44863196968483,80262,12.0808976358016
-11.681204,60,8306.369668,False,True,0.0218981110345866,27.96449308472492,80322,21.8981110345866
-1.278435,44,8309.144084,True,True,0.0043539414786498,15.14773936853008,80366,4.3539414786498005
1.609514,40,8310.891734,True,True,0.0015538460595064,10.480813285040515,80406,1.5538460595064
-7.563618,60,8312.695789,False,False,0.0225135722955025,13.293282177373175,80466,22.5135722955025
-12.838969,60,8314.113363,False,True,0.0144391998785319,2.649403873374358,80526,14.4391998785319
-8.195493,60,8316.090666,False,True,0.007288606318147,6.407196447201546,80586,7.288606318147
-10.643419,60,8317.859784,False,True,0.0173381437384408,3.468773646998569,80646,17.3381437384408
-13.209194,60,8319.672488,False,True,0.0122672894194615,5.991223985593585,80706,12.267289419461498
1.306848,1,8320.771219,True,True,0.0091686655734349,15.533395535907246,80707,9.1686655734349
-8.441464,60,8321.987676,False,True,0.0195113656779111,84.97652566385783,80767,19.5113656779111
4.767639,1,8323.253808,True,True,0.0002740577375404,9.286532069760147,80768,0.27405773754039997
3.576023,2,8324.567505,True,True,0.0044178093149428,11.314907918345018,80770,4.4178093149428
2.101012,2,8325.925115,True,True,0.0005450902038065,13.975005478033165,80772,0.5450902038065
-0.461908,11,8327.200463,True,True,0.011374208571385,13.92014796970134,80783,11.374208571385001
3.821992,5,8328.534594,True,True,0.0080819921391709,9.627793732262887,80788,8.0819921391709
4.671559,2,8329.918826,True,True,0.0014649506458093,9.338465840975882,80790,1.4649506458093
0.287658,5,8332.08935,True,True,0.0027380929441141,16.486717610979564,80795,2.7380929441140998
-7.220891,60,8333.275717,False,False,0.0167291921332462,6.949306209174863,80855,16.729192133246197
-6.015575,60,8335.085829,False,False,0.0401612690170721,11.5203252179779,80915,40.1612690170721
-19.01245,60,8337.291742,False,True,0.0312876340949,26.383036984803027,80975,31.2876340949
0.354307,1,8338.463376,True,True,0.0110767837758441,17.251100788471863,80976,11.0767837758441
-12.641666,60,8340.122616,False,True,0.0120432973441048,16.131863029099627,81036,12.0432973441048
-12.014961,60,8341.304496,False,True,0.0142822282602953,7.0068946336224585,81096,14.2822282602953
-16.925449,60,8343.044437,False,True,0.000573702778549,36.28846619919533,81156,0.5737027785490001
-12.674251,60,8345.312032,False,True,0.0086026240366312,23.88979804937811,81216,8.6026240366312
-2.473986,3,8346.504815,True,True,0.0002293018504821,17.494628012167773,81219,0.2293018504821
-10.080029,60,8348.096848,False,True,0.015080549724767,61.39354884816616,81279,15.080549724767
-12.143012,60,8349.243937,False,True,0.0001867585549125,10.95147431353744,81339,0.18675855491249999
-12.536555,60,8351.818348,False,True,0.0359644701718081,66.6715682937876,81399,35.9644701718081
-14.105805,60,8354.075476,False,True,0.0335100941396138,66.909077611087,81459,33.5100941396138
-13.063334,60,8355.577783,False,True,0.0230820925158704,9.846684213811132,81519,23.0820925158704
-9.741595,60,8356.777749,False,True,0.0096388206979905,8.367960858887606,81579,9.6388206979905
2.352455,2,8358.00842,True,True,0.0060386545099159,13.527487516895356,81581,6.038654509915901
7.38026,1,8359.19371,True,True,0.0118186936722172,4.581989668611009,81582,11.8186936722172
-17.100727,60,8360.791282,False,True,0.025637515033835,31.395782576479213,81642,25.637515033835
0.730342,3,8362.089548,True,True,0.0112699120745277,16.410901614379895,81645,11.2699120745277
3.528101,1,8363.293513,True,True,0.0050014567837446,11.526101228042762,81646,5.0014567837446
4.31688,1,8364.602304,True,True,0.0119927791380979,10.108155307066712,81647,11.9927791380979
-9.604591,60,8366.743067,False,True,0.0074645534051122,8.265723883259978,81707,7.4645534051122
3.631201,2,8367.975929,True,True,0.0098464222287291,11.222279678589254,81709,9.8464222287291
-10.257471,60,8369.457188,False,True,0.0137215969912283,80.88854720324217,81769,13.7215969912283
-12.823142,60,8370.825643,False,True,0.0081719805490846,4.83966759408016,81829,8.1719805490846
4.368449,1,8371.888123,True,True,0.00379923417286,10.009516065362766,81830,3.79923417286
-11.819375,60,8374.440273,False,True,0.0315923998855477,17.23774010847819,81890,31.5923998855477
-8.00906,60,8376.737981,False,True,0.0362645549800051,66.00987633416267,81950,36.2645549800051
-6.935686,60,8378.183677,False,False,0.0071459888869282,6.579136522527411,82010,7.1459888869282
-0.155175,3,8379.677191,True,True,0.0029994350503937,17.236354047444514,82013,2.9994350503937
-12.249917,60,8380.915167,False,True,0.0121370102041305,30.326959698301035,82073,12.137010204130501
-8.327544,60,8382.784404,False,True,0.0130332810999039,60.14972973300653,82133,13.0332810999039
-1.858383,11,8384.307318,True,True,0.0097034383127391,17.728121609634997,82144,9.7034383127391
0.576554,2,8385.578735,True,True,0.0077031016650528,16.56904991132102,82146,7.7031016650528
5.829534,4,8386.974161,True,True,0.0026703019979273,8.680076812771292,82150,2.6703019979273
-12.293208,60,8388.492677,False,True,0.0136329839720253,19.676345968225974,82210,13.6329839720253
0.245021,1,8389.736161,True,True,0.0065508720105449,17.446073110653654,82211,6.5508720105449
5.143882,2,8391.05734,True,True,0.0098838389955027,9.181703600318476,82213,9.8838389955027
3.680847,8,8392.44047,True,True,0.0096942272875907,9.46076030159591,82221,9.6942272875907
-11.128311,60,8393.721162,False,True,0.0222549535207894,80.68897590964133,82281,22.2549535207894
5.246536,1,8394.983116,True,True,0.0091280938197528,8.429502254016322,82282,9.1280938197528
-11.683187,60,8396.274479,False,True,0.0222508479147231,23.37158690886614,82342,22.2508479147231
1.99091,1,8397.514284,True,True,0.0107976007287852,14.301114133110682,82343,10.7976007287852
2.977431,2,8398.842102,True,True,0.0078914959580015,12.400853241918604,82345,7.891495958001499
7.576506,2,8399.924501,True,True,0.0044468212658328,4.078369981598097,82347,4.4468212658328
3.351256,6,8399.925687,True,True,6.804574454653432e-05,12.24743897199549,82353,0.06804574454653432
4.006602,3,8401.297063,True,True,0.0113292902134641,10.989937276418583,82356,11.3292902134641
0.470667,8,8403.63618,True,True,0.0070707278013024,13.5412974323669,82364,7.0707278013024
9.675633,5,8405.000313,True,True,0.0023878160926889,3.155873415070744,82369,2.3878160926889
9.542986,4,8406.257545,True,True,2.006180422730892e-05,2.652500613848386,82373,0.02006180422730892
3.572596,1,8407.53599,True,True,0.008470832928781,11.448101562855747,82374,8.470832928780998
-6.352526,60,8408.992443,False,False,0.0122037452967333,16.553813498477194,82434,12.203745296733299
-8.632408,15,8410.547034,True,True,0.0009959825376634,17.742982956978143,82449,0.9959825376634
-1.880591,8,8412.121321,True,True,0.0110173448111312,10.518845398893856,82457,11.017344811131201
-10.428287,60,8413.577824,False,True,0.0069177476409753,17.506068079531737,82517,6.9177476409753
-7.843379,60,8414.979903,False,False,0.0019368826344864,25.467926929931803,82577,1.9368826344864
-14.825248,60,8417.328042,False,True,0.0048709515806992,21.58855894601134,82637,4.8709515806992
-9.01963,60,8419.071391,False,True,0.0212382669775069,3.097663756097162,82697,21.2382669775069
1.112031,1,8420.318862,True,True,0.0048399217679359,15.882402947312771,82698,4.8399217679359
-12.132427,60,8421.657184,False,True,0.0029008544841751,50.88070374349693,82758,2.9008544841751003
4.74821,2,8422.962069,True,True,0.0011406778093922,10.340985198204878,82760,1.1406778093922
2.194932,2,8424.208724,True,True,0.0097576794824944,13.30402432528771,82762,9.7576794824944
7.131604,2,8425.328146,True,True,0.0003859567336452,6.488961559212076,82764,0.3859567336452
-14.357817,60,8426.638356,False,True,0.011073042646627,24.35706376895744,82824,11.073042646627
4.253226,33,8428.621716,True,True,0.0076992709787438,5.592176519004937,82857,7.6992709787438
3.935523,6,8430.911858,True,True,0.0005880424535421,12.017926912429571,82863,0.5880424535421
-10.20209,60,8432.276448,False,True,0.0044782039270783,27.84637202214467,82923,4.478203927078299
-7.406417,60,8434.456007,False,True,0.0066734569725269,12.966067830991587,82983,6.6734569725269
-14.375453,60,8435.784758,False,True,0.0135938411364737,27.211618902768063,83043,13.5938411364737
-5.101292,11,8437.158619,True,True,0.0117210188863088,15.684036298222551,83054,11.7210188863088
2.962407,1,8438.457397,True,True,0.0022842338484821,12.544512294524958,83055,2.2842338484821
-6.178065,60,8440.145061,False,False,0.0338217985490969,85.91472140798432,83115,33.8217985490969
6.282406,2,8441.293092,True,True,0.0022633110062424,6.416920960907839,83117,2.2633110062424
1.217681,3,8442.625487,True,True,0.0084407341827537,15.109088847731854,83120,8.4407341827537
-14.722678,60,8442.628484,False,True,0.0223415728480135,85.99861910121116,83180,22.3415728480135
0.871826,1,8444.057585,True,True,0.0009236092308858,16.313352401293344,83181,0.9236092308858
5.418236,4,8445.461553,True,True,0.0091216490783027,9.927861544999717,83185,9.1216490783027
-8.089663,60,8447.52574,False,True,0.0197474256150107,29.476972321010315,83245,19.7474256150107
-6.779782,60,8449.051607,False,False,0.0065162723731059,10.82483635699933,83305,6.516272373105901
-7.230488,60,8451.992429,False,False,0.008796972787255,22.639481652393417,83365,8.796972787255
-11.115195,60,8453.590847,False,True,0.0215014438544181,25.73296097636725,83425,21.5014438544181
1.865104,5,8455.189848,True,True,0.0096568547830454,13.705095527117953,83430,9.6568547830454
-8.620663,45,8456.64171,True,True,0.0053174927783624,9.058175481535423,83475,5.3174927783624
-4.465847,23,8458.59234,True,True,0.0049867779679644,16.790186473263734,83498,4.9867779679644
-14.668961,60,8459.983869,False,True,0.000396913570737,26.81756375850821,83558,0.396913570737
1.42891,4,8461.33535,True,True,0.0089357614711114,13.966545473771884,83562,8.9357614711114
-6.846108,60,8463.019715,False,True,0.0095289290019372,7.853975619886184,83622,9.5289290019372
7.821557,2,8464.288552,True,True,0.0047644629221725,2.409180357348796,83624,4.7644629221725
-8.476725,60,8465.828059,False,False,0.0259590111107692,9.696349700846184,83684,25.9590111107692
4.561232,2,8467.056071,True,True,0.0047675378355619,9.23637175443906,83686,4.7675378355619
0.330441,14,8468.668505,True,True,0.0019047314296931,15.500391303066827,83700,1.9047314296931
-7.536946,60,8470.357117,False,False,0.0386659340119665,21.628823959948544,83760,38.665934011966506
-12.325636,60,8471.6014,False,True,0.0163913887370017,28.84587985984405,83820,16.391388737001698
-8.076424,12,8473.139686,True,True,0.0013716636758582,17.025467248135183,83832,1.3716636758582001
4.469648,2,8474.289522,True,True,0.0049530748174214,9.368563203958868,83834,4.9530748174214
-5.613599,16,8475.619955,True,True,0.0074620923080976,17.16983131876469,83850,7.4620923080976
5.637808,2,8476.798214,True,True,0.007461830674934,7.591577946390375,83852,7.461830674934
-12.136905,60,8478.03835,False,True,0.0025807822607688,19.772237430475784,83912,2.5807822607688
6.256351,2,8479.30239,True,True,0.0051832682874502,6.469467185805161,83914,5.1832682874502005
-7.97365,60,8482.117089,False,True,0.0294975451848722,44.482380133384,83974,29.4975451848722
-0.614242,35,8483.685456,True,True,0.0023776786380145,1.9450750472208584,84009,2.3776786380145
7.989882,2,8484.860863,True,True,0.0032716111152432,3.3249457727480936,84011,3.2716111152432004
-12.431798,60,8486.499984,False,True,0.0113294432865752,16.20564948196835,84071,11.329443286575199
-14.201381,60,8487.900101,False,True,0.0046425055331591,13.420686598375816,84131,4.6425055331591
-0.221247,9,8489.31934,True,True,0.0103905425861532,14.824425814309096,84140,10.3905425861532
1.897739,8,8490.691093,True,True,0.0072128331297137,8.302054387693932,84148,7.2128331297137
-7.101239,60,8492.498931,False,False,0.0210769008212912,43.491986575913664,84208,21.0769008212912
4.690346,2,8493.776991,True,True,0.0053981467435181,9.418261394893053,84210,5.3981467435181
-8.014837,23,8495.283532,True,True,0.0101260963456787,15.999675502673378,84233,10.1260963456787
-8.157188,12,8496.57792,True,True,0.0006844529124892,13.919578511351066,84245,0.6844529124891999
-8.642933,60,8497.867272,False,True,0.030051979667676,18.662072334167902,84305,30.051979667676
1.224323,1,8498.987928,True,True,0.0039662967289165,15.67950519779514,84306,3.9662967289165003
-17.097699,60,8500.69747,False,True,0.0217636157445943,33.21177963161988,84366,21.7636157445943
8.070231,4,8501.98067,True,True,0.0082306171117802,4.091067217986085,84370,8.2306171117802
2.396457,1,8503.238682,True,True,0.0015048705863214,13.564641980337768,84371,1.5048705863214
3.460862,1,8504.420081,True,True,0.0046830537485085,11.647154335601872,84372,4.683053748508501
-0.522589,25,8504.430681,True,True,0.0072307150798378,3.453787037360592,84397,7.2307150798378
-17.295409,60,8507.503589,False,True,0.0070106361433755,6.003629390591249,84457,7.0106361433755
-14.599553,60,8508.808692,False,True,0.0167325486211306,24.066067129540905,84517,16.7325486211306
-1.951034,16,8510.569051,True,True,0.0002077364559156,17.22494374962774,84533,0.2077364559156
1.880023,1,8511.757844,True,True,0.0077307158430337,14.499423040773143,84534,7.7307158430337
1.108087,2,8513.0397,True,True,4.361890258708368e-10,16.12841628013468,84536,4.361890258708368e-07
3.851488,2,8514.425227,True,True,0.0062797838079781,10.412342052028713,84538,6.2797838079781
-7.566836,60,8515.869705,False,False,0.0135292864203381,16.037497485161143,84598,13.5292864203381
-13.799627,60,8515.871686,False,True,0.0074128844826309,5.823239778688708,84658,7.412884482630901
7.983854,1,8517.091371,True,True,0.0022772089570517,3.482887125723872,84659,2.2772089570517
3.114697,1,8517.095384,True,True,0.0011419847542982,12.269077201975016,84660,1.1419847542982
3.099961,1,8518.389468,True,True,0.0012633770930883,12.2957391839488,84661,1.2633770930883002
3.548691,1,8519.674923,True,True,0.000740207829197,11.485990155339374,84662,0.740207829197
5.278013,3,8520.935081,True,True,0.0044585415303177,8.477180230814634,84665,4.4585415303177
2.3511,1,8520.947097,True,True,0.0011909130973492,13.64623704198485,84666,1.1909130973492
0.518213,2,8522.286924,True,True,1.1361678206985026e-05,16.677443049961177,84668,0.011361678206985026
-11.401619,60,8524.24238,False,True,0.0173888632730382,21.158258612329565,84728,17.3888632730382
-9.314533,60,8526.355975,False,True,0.0120977872412035,11.82402026640515,84788,12.0977872412035
1.233151,4,8527.720068,True,True,0.0028447602967929,15.308670579841518,84792,2.8447602967929
-15.111522,60,8529.028476,False,True,0.0051030323441624,50.5725784307508,84852,5.103032344162401
-9.941879,60,8530.423398,False,True,0.0082989350582103,48.200858390360274,84912,8.298935058210299
3.089488,9,8532.72812,True,True,7.14758473761845e-10,11.709580494857564,84921,7.14758473761845e-07
2.273596,2,8534.031823,True,True,0.0003294506665189,12.776042919407583,84923,0.3294506665189
5.7075,1,8535.345787,True,True,0.0029873072914608,7.592895227966526,84924,2.9873072914608003
-16.246327,60,8536.931984,False,True,0.0150332080546522,29.21162148436857,84984,15.033208054652201
6.79053,1,8538.325884,True,True,0.0039632837539455,5.6391351955760864,84985,3.9632837539455004
4.642662,1,8539.611765,True,True,0.0115307479701427,9.520350997381998,84986,11.5307479701427
-19.320218,60,8541.732768,False,True,0.0321340193515766,15.389852081920536,85046,32.1340193515766
-12.656936,60,8543.18815,False,True,0.0175545609902837,11.991113413553425,85106,17.5545609902837
-9.403737,60,8544.812359,False,True,0.0337051027171144,32.60116061941618,85166,33.7051027171144
0.402225,4,8546.184887,True,True,0.0018085219444181,17.250725938771325,85170,1.8085219444181
2.470372,1,8547.523244,True,True,0.0028301241371089,13.43218699794343,85171,2.8301241371089
6.340587,2,8548.824338,True,True,0.0093986881332014,7.356092660217342,85173,9.3986881332014
-18.160587,60,8550.234443,False,True,0.0193468747978539,45.56613969983945,85233,19.3468747978539
-8.986121,60,8553.130649,False,True,0.0260231369040857,25.10864290153768,85293,26.0231369040857
3.44648,4,8555.879714,True,True,0.0041618180922114,10.89075940867088,85297,4.1618180922114005
-14.548624,60,8559.009845,False,True,0.0098196545034154,81.59860029412175,85357,9.8196545034154
9.754229,2,8559.021126,True,True,5.361450228892964e-07,0.6924604851134293,85359,0.0005361450228892964
1.396956,1,8561.338904,True,True,0.0024934369366429,15.367463228935828,85360,2.4934369366428997
1.581405,2,8563.79325,True,True,0.0071216250993057,14.88583422859808,85362,7.1216250993057
-9.316913,60,8567.360535,False,True,0.027466940771579,34.048255920374906,85422,27.466940771579
-6.840938,60,8569.248223,False,False,0.0194373006875601,40.10864147974837,85482,19.4373006875601
-6.934624,20,8571.69892,True,True,0.0026268671142875,14.849785091791556,85502,2.6268671142875
5.439916,2,8573.309241,True,True,0.0047853209628915,7.126357294206853,85504,4.7853209628915
-14.93576,60,8576.86308,False,True,0.0377870175034485,33.07196254515735,85564,37.787017503448496
-16.54671,60,8581.05397,False,True,0.0232158447765958,15.256468871960578,85624,23.2158447765958
-13.213531,60,8585.027782,False,True,0.0024255696891455,19.554698471750942,85684,2.4255696891455
2.574775,2,8586.991421,True,True,0.002592690187597,13.37764529507369,85686,2.592690187597
1.741623,3,8588.520745,True,True,0.0095569951190291,14.413765862094545,85689,9.5569951190291
-10.758197,60,8590.514108,False,True,0.045263690421311,17.03082161750229,85749,45.263690421311004
3.322996,13,8592.614067,True,True,0.0107192599577385,11.464959438005254,85762,10.7192599577385
-1.723423,3,8594.033654,True,True,0.0085442787603954,17.32909348320146,85765,8.5442787603954
-14.116656,60,8595.78714,False,True,0.0255383211169822,17.595719897678848,85825,25.5383211169822
-9.997928,60,8597.109477,False,True,0.0279876429753071,54.39435168965594,85885,27.9876429753071
0.796669,3,8598.431465,True,True,0.0068647761226606,16.17725367989404,85888,6.8647761226606
-0.055793,10,8600.199751,True,True,0.0026484925415942,14.212062222344764,85898,2.6484925415942002
1.521501,7,8602.021277,True,True,0.0087129675234512,12.493387101953235,85905,8.7129675234512
0.088833,1,8603.376538,True,True,0.008359506167515,17.728384113252012,85906,8.359506167514999
-8.494181,60,8606.51571,False,False,0.008748845491031,18.25065209866934,85966,8.748845491031
2.200076,1,8608.33477,True,True,0.009613376056335,13.92343636281282,85967,9.613376056335001
5.913643,2,8609.674597,True,True,0.0059632567972291,7.090835032573976,85969,5.9632567972291
7.08644,2,8611.012925,True,True,0.0024787807810155,4.961732381241754,85971,2.4787807810155
-2.317634,37,8613.644386,True,True,0.0030600150042266,16.74808814954778,86008,3.0600150042266
-10.679285,60,8615.406309,False,True,0.0161685842079095,19.077022373997664,86068,16.168584207909497
3.445985,4,8617.010445,True,True,0.002667020559301,11.927141333217484,86072,2.667020559301
-12.67137,60,8618.303221,False,True,0.0237658631931835,21.885482156087527,86132,23.7658631931835
4.331186,1,8619.604601,True,True,0.0099197894763025,10.081021669741393,86133,9.9197894763025
-18.692162,60,8622.085832,False,True,0.0239255349706411,14.365363662504173,86193,23.9255349706411
2.381056,5,8623.533314,True,True,0.0051788226593629,12.682010300869983,86198,5.1788226593629
-16.977395,60,8625.573111,False,True,0.013884264241673,5.386951396718369,86258,13.884264241673
-8.864541,60,8627.152917,False,True,0.0192445414165885,16.67904418845615,86318,19.2445414165885
-8.201713,60,8628.645109,False,True,0.0037348985954181,52.33470525043644,86378,3.7348985954181
5.524648,4,8630.059962,True,True,0.0095614818986688,8.685682326243482,86382,9.561481898668799
6.148806,2,8631.52727,True,True,0.0070415813289794,6.762892098808855,86384,7.0415813289794
2.217587,1,8633.019431,True,True,0.0074253945770447,13.89068171043486,86385,7.425394577044701
4.092919,1,8634.265067,True,True,0.0091981396547897,10.510245664651372,86386,9.1981396547897
4.587334,7,8635.562497,True,True,0.0071538954455138,10.55233032547711,86393,7.1538954455137995
3.20984,3,8637.041413,True,True,0.0009394958733912,11.845875160443926,86396,0.9394958733912
3.047935,5,8638.573141,True,True,0.0023738384908632,11.40719394934696,86401,2.3738384908632
-12.466509,60,8641.69924,False,True,0.0248679191686685,14.983287150870789,86461,24.8679191686685
-8.180549,60,8643.582107,False,True,0.0101046823666777,62.30996470364492,86521,10.1046823666777
3.866798,1,8645.031913,True,True,0.0008355510804452,10.912234117607092,86522,0.8355510804452
0.917638,3,8646.564697,True,True,0.004189897815469,16.801142650071732,86525,4.189897815469
0.488961,1,8647.756819,True,True,0.0051738126159795,17.005731769589786,86526,5.1738126159795
-13.964666,60,8649.44747,False,True,0.0160138199779049,53.63750138229578,86586,16.0138199779049
1.921076,1,8650.761907,True,True,0.0029071870715994,14.422709600633643,86587,2.9071870715993997
-26.997689,60,8652.374003,False,True,0.0143463558452523,16.39058147231923,86647,14.346355845252301
-12.068264,60,8654.635112,False,True,0.0163430316059518,77.72507096676684,86707,16.3430316059518
-22.827996,60,8656.847132,False,True,0.0234966895851303,33.15694279154853,86767,23.496689585130298
-11.994303,60,8658.594224,False,True,0.0132037782195726,11.731831620675491,86827,13.2037782195726
2.365159,5,8660.260943,True,True,0.0095186061914017,10.289261098190591,86832,9.5186061914017
-7.494351,60,8661.959606,False,False,0.0116640984212668,23.948966180106265,86892,11.6640984212668
1.705266,10,8663.653481,True,True,2.6238035707680995e-05,12.245184054939504,86902,0.026238035707680997
-11.381411,32,8665.088711,True,True,0.0047187498235257,17.591654650343596,86934,4.7187498235257
0.83424,23,8666.672057,True,True,0.0089298806168884,15.814362280989435,86957,8.929880616888399
-12.334838,60,8667.979201,False,True,0.0237518008232809,65.69427186530112,87017,23.7518008232809
2.302597,5,8670.510845,True,True,0.0017265003163836,14.20941613270666,87022,1.7265003163836001
6.30641,1,8671.781199,True,True,0.0070938716304884,6.515696579837903,87023,7.0938716304884
6.933038,4,8673.226645,True,True,0.0055265981985773,5.086037691422376,87027,5.5265981985773
-17.231233,60,8676.359414,False,True,0.0379808957290595,15.767192049672804,87087,37.9808957290595
-10.114135,60,8677.731369,False,True,0.0121259511771621,35.600222909393835,87147,12.1259511771621
-8.917468,60,8679.41762,False,True,0.0052808390811517,6.319968097666004,87207,5.2808390811517
2.416846,7,8680.85157,True,True,0.0101812664552111,14.590169399792192,87214,10.1812664552111
2.195411,5,8682.369504,True,True,0.0032834734571097,13.152561232095564,87219,3.2834734571097
1.516068,3,8683.826688,True,True,0.0099032927185198,15.022204986380336,87222,9.9032927185198
-9.172219,60,8685.293809,False,True,0.0163866662055257,18.262799766497903,87282,16.3866662055257
9.842388,3,8686.500036,True,True,0.0042729908300139,2.691412099966276,87285,4.2729908300138995
-12.667073,23,8687.681233,True,True,0.0056674591927454,17.589026826167697,87308,5.6674591927454
0.439849,3,8689.111527,True,True,0.0058225408243448,16.207198913052316,87311,5.8225408243448005
3.407849,3,8690.544095,True,True,0.0047060792825381,9.55420198076693,87314,4.7060792825380995
1.571982,1,8691.838352,True,True,0.0001396302250216,15.050520142509066,87315,0.1396302250216
-9.901374,60,8694.66879,False,True,0.0047532770931667,10.235784138064956,87375,4.7532770931667
7.179167,2,8696.06457,True,True,9.811035168814236e-06,4.657071181744874,87377,0.009811035168814236
2.248983,4,8697.619447,True,True,0.0054259964522684,13.20770991951434,87381,5.425996452268399
-7.991445,60,8700.031199,False,True,0.0275681328862185,10.131317411338202,87441,27.5681328862185
-9.445418,60,8701.434093,False,True,0.0037677745085571,7.122481373307178,87501,3.7677745085570997
-15.872378,60,8703.032589,False,True,0.0016532164450028,8.611025471949928,87561,1.6532164450028
4.389078,17,8704.642535,True,True,0.0086082336249243,6.7536180682933535,87578,8.6082336249243
2.408071,9,8706.34891,True,True,0.0016116409129617,10.474932027115166,87587,1.6116409129617
-1.097903,19,8708.411719,True,True,0.0024956648905187,16.175754011249044,87606,2.4956648905186998
-10.780724,60,8710.070349,False,True,0.0338546818443362,32.50824352714755,87666,33.854681844336206
-13.845793,60,8711.565507,False,True,0.0099413685344616,33.698887263737646,87726,9.941368534461601
0.774372,2,8712.930411,True,True,0.0053164343213006,16.37619442183546,87728,5.3164343213006
-2.00339,18,8714.493686,True,True,0.010373457058986,13.303679633549253,87746,10.373457058985998
-9.348483,60,8716.056116,False,True,0.0025911838955227,18.68916684545826,87806,2.5911838955227
1.87105,8,8717.467637,True,True,0.0043756871147313,13.99436312245651,87814,4.375687114731299
1.726318,21,8719.379349,True,True,0.0002082455492128,13.580982768525695,87835,0.2082455492128
5.937514,1,8720.871523,True,True,0.004532714820186,7.179166315370513,87836,4.532714820186
-7.009039,60,8723.389098,False,False,0.044039293998073,7.993305148463628,87896,44.039293998073
-8.449767,60,8726.278392,False,True,0.0275016235492019,31.73160789476636,87956,27.5016235492019
-5.894053,60,8727.628068,False,False,0.0023183321225977,4.491118878816519,88016,2.3183321225977
2.610126,4,8729.125964,True,True,0.0032690033023173,12.934104275160916,88020,3.2690033023173
0.899189,5,8730.683466,True,True,0.0020138771653681,15.608827371501434,88025,2.0138771653681
-8.359228,60,8732.318575,False,True,0.0042940527967843,16.857972619215293,88085,4.2940527967843
5.523212,1,8733.67903,True,True,0.0020281076752611,7.924617279732687,88086,2.0281076752611
1.874572,20,8736.012967,True,True,0.0020752249352825,10.511406138077795,88106,2.0752249352825
-8.360861,60,8737.853058,False,True,0.0133150587801497,21.733180428512004,88166,13.3150587801497
-14.179789,60,8740.182444,False,True,0.0093887787342283,21.30379157144693,88226,9.3887787342283
2.900904,2,8741.614628,True,True,0.0040771452530077,13.361166946695617,88228,4.0771452530077
1.358394,4,8743.087436,True,True,0.0008617690987003,15.540729892559767,88232,0.8617690987002999
9.707479,2,8744.482309,True,True,0.0046696891331016,1.4417687827856571,88234,4.6696891331016
-9.627747,60,8745.862571,False,True,0.0158666402188511,26.81446352460352,88294,15.866640218851101
4.64264,8,8747.390983,True,True,0.0043804836433488,8.594403199492723,88302,4.3804836433488
-2.603821,16,8749.364579,True,True,0.0100609936455757,15.68580677631664,88318,10.0609936455757
-11.799111,60,8750.899363,False,True,0.0307471300139179,7.936229360584186,88378,30.7471300139179
-8.60632,60,8752.534449,False,True,0.031591704755148,48.25445970584704,88438,31.591704755147997
-14.376179,60,8755.607289,False,True,0.0233034371373825,29.621860282404487,88498,23.303437137382502
4.431981,6,8757.129164,True,True,0.0009883206672634,7.057724002108456,88504,0.9883206672634
-10.030268,60,8759.034747,False,True,0.011297950531077,61.906196328532175,88564,11.297950531077
-10.549792,60,8760.710424,False,True,0.025270791421054,38.05098514685128,88624,25.270791421054003
-5.834232,60,8762.296758,False,False,0.0024718515078587,15.88312890746467,88684,2.4718515078587
2.742174,9,8763.523785,True,True,0.0030525259812896,12.6159160437572,88693,3.0525259812896
2.263383,1,8764.968464,True,True,0.006565682299092,13.807633008110011,88694,6.565682299092
1.63616,1,8766.283945,True,True,0.0118672573522336,14.941103162813466,88695,11.867257352233601
-14.369732,60,8768.626132,False,True,0.0113152016435243,10.058250421192072,88755,11.3152016435243
5.90725,8,8770.377662,True,True,0.0108633908037223,7.673273767823606,88763,10.8633908037223
-10.777512,60,8771.921347,False,True,0.0312872287481789,3.893806419432118,88823,31.2872287481789
1.043974,2,8773.220247,True,True,0.0057779167806018,15.889948678215388,88825,5.7779167806018
-9.912825,60,8775.106394,False,True,0.0119343888222983,22.81660551506787,88885,11.934388822298299
-15.889864,60,8776.543193,False,True,0.0074909179156138,12.213598451039056,88945,7.4909179156137995
-9.428026,60,8780.238838,False,True,0.014219961447412,7.004680800719064,89005,14.219961447412
-4.764935,60,8781.931912,False,False,0.0051248412678788,6.618853249314003,89065,5.1248412678788
-10.778187,60,8783.723071,False,True,0.0048579857107935,36.99626817246883,89125,4.8579857107935
2.330258,2,8785.166671,True,True,0.0032298280726753,13.44295088810949,89127,3.2298280726753
-12.923465,60,8786.490979,False,True,0.0170324965260454,31.41282293756268,89187,17.0324965260454
-0.442021,18,8787.823365,True,True,0.0072975749050343,13.875819989174994,89205,7.2975749050343
0.77006,3,8787.826367,True,True,0.0023562427243762,16.408971156076003,89208,2.3562427243762
5.919057,1,8789.675614,True,True,4.6952140158983005e-05,7.208403896720241,89209,0.046952140158983004
4.09155,3,8791.108246,True,True,0.0090913630821822,10.786041869396136,89212,9.0913630821822
3.115671,1,8792.445469,True,True,0.0118141792123448,12.27395588723638,89213,11.8141792123448
2.205553,4,8793.980897,True,True,0.0054129535789984,13.64170489305434,89217,5.4129535789984
3.348109,1,8795.341383,True,True,0.0024038056670294,11.84896316865015,89218,2.4038056670294004
-1.162063,5,8796.830171,True,True,0.0046620759329626,16.90947751496891,89223,4.6620759329626
1.610337,1,8798.145554,True,True,0.0056873847522656,14.984519909205927,89224,5.6873847522656
5.670651,25,8800.01744,True,True,0.0052005770104904,4.239103147687309,89249,5.2005770104904
-9.537722,60,8801.614103,False,True,0.0120566109937685,48.12209261243186,89309,12.0566109937685
1.281966,21,8803.128319,True,True,0.0094181109735305,5.89500263667043,89330,9.4181109735305
1.533968,6,8804.521936,True,True,0.0004636845009359,12.987786341265725,89336,0.46368450093589997
9.07027,8,8806.148588,True,True,0.00339513190417,1.5311009881709623,89344,3.3951319041700003
3.276432,3,8807.536174,True,True,0.0096704916974705,11.66276803952599,89347,9.6704916974705
-18.08821,60,8809.04033,False,True,0.0037012331064443,46.48595103721545,89407,3.7012331064443
-9.779915,60,8811.506116,False,True,0.0017393243379749,14.029667714390367,89467,1.7393243379749
-15.881088,60,8814.087302,False,True,0.0241994144467311,14.065089444740847,89527,24.199414446731097
-12.894376,60,8815.935547,False,True,0.0168081301355379,17.88599765146142,89587,16.8081301355379
-6.864828,60,8817.475921,False,False,0.0108687841144342,29.167271852933787,89647,10.868784114434199
3.592934,8,8819.145025,True,True,0.0047701005077144,9.62834460574516,89655,4.7701005077144005
-11.567367,60,8821.25919,False,True,0.0183792869076918,63.72963183033558,89715,18.3792869076918
2.891996,6,8822.754229,True,True,0.0045681101711403,12.87368061028415,89721,4.5681101711403
-11.991507,60,8824.229611,False,True,0.0153506788088287,8.930966051389246,89781,15.3506788088287
0.893375,2,8825.823614,True,True,0.009802898926961,16.326042370907093,89783,9.802898926961
7.262021,14,8827.45688,True,True,0.0044151483413643,2.044409487441046,89797,4.415148341364301
-13.02085,60,8828.916239,False,True,0.0154814938334523,56.82861984752791,89857,15.4814938334523
7.102521,5,8830.220701,True,True,0.0010777286527068,6.027709765263067,89862,1.0777286527068002
0.756681,1,8831.58347,True,True,0.0046683128600842,16.522894399722347,89863,4.6683128600842
3.693938,1,8833.206677,True,True,0.0096062869857157,11.229996926474994,89864,9.6062869857157
1.522873,13,8834.913785,True,True,0.0067039504666968,14.273020737422238,89877,6.7039504666968
-14.082013,60,8836.225935,False,True,0.0170288621412776,34.77762949071849,89937,17.0288621412776
5.853218,2,8837.578059,True,True,0.0074038990713701,7.202535440544816,89939,7.4038990713701
5.532484,1,8838.899682,True,True,0.0098115680280327,7.914190181274761,89940,9.811568028032701
-8.498923,60,8841.488399,False,True,0.0002593389818286,18.2341874907525,90000,0.2593389818286
-14.364997,60,8843.657474,False,True,0.0032863476584956,28.991386767378614,90060,3.2863476584956
-9.143572,60,8844.598459,False,True,0.0208590888302271,17.829726186339464,90120,20.8590888302271
-18.874844,60,8845.469089,False,True,0.011464330533692,26.062386496658743,90180,11.464330533692001
-8.012125,60,8847.464148,False,True,0.0200867377833269,86.79444766185932,90240,20.0867377833269
-12.003792,60,8848.689217,False,True,0.0553039640505588,88.2843272442059,90300,55.3039640505588
-18.013135,60,8849.729253,False,True,0.0333378342622109,81.15489077747692,90360,33.337834262210905
-5.995996,60,8850.559727,False,False,0.010518497018482,69.27844476766825,90420,10.518497018482
-10.005087,60,8852.477512,False,True,0.0849805950930007,73.28218358075695,90480,84.9805950930007
-8.000416,60,8854.657666,False,True,0.1101561748336927,73.79456052476952,90540,110.15617483369269
-9.945489,60,8855.759121,False,True,0.056601711304349,74.32723004609244,90600,56.601711304349
-10.007182,60,8856.624411,False,True,0.0149546019214146,85.63874258704959,90660,14.9546019214146
-14.000523,60,8858.536935,False,True,0.1251554200704007,72.9392148228669,90720,125.15542007040071
-8.006093,60,8859.827675,False,True,0.0460227164635894,88.40578564839394,90780,46.022716463589404
-6.00067,60,8860.921045,False,False,0.0630405799756472,73.99122794921213,90840,63.0405799756472
-13.979338,60,8861.848507,False,True,0.0036524029420342,68.45047620208841,90900,3.6524029420342
-10.004171,60,8863.86362,False,True,0.039633906335759,86.27173692950745,90960,39.633906335759
-6.001659,60,8865.189456,False,False,0.0790035163239307,81.6114862052852,91020,79.0035163239307
-14.003644,60,8867.15899,False,True,0.1173738252517393,89.51282122909171,91080,117.37382525173929
-10.004124,60,8868.063507,False,True,0.0490215481007757,88.25908812843838,91140,49.021548100775696
-11.995101,60,8870.014524,False,True,0.0150277248567821,83.14078014249752,91200,15.027724856782099
-8.010623,60,8871.274798,False,True,0.0201246018833025,89.00432549197964,91260,20.1246018833025
-6.01469,60,8872.278848,False,False,0.000712536973432,85.18607497697813,91320,0.712536973432
-12.004072,60,8873.117137,False,True,0.0651139890162934,84.46287290947468,91380,65.11398901629339
-7.871407,60,8875.02042,False,True,0.0499737568655846,77.77440926673852,91440,49.9737568655846
-10.002752,60,8876.33733,False,True,0.0645070638930399,86.33603106340836,91500,64.5070638930399
-6.002852,60,8877.382272,False,False,0.0919179027589387,84.47043672508477,91560,91.9179027589387
-6.00593,60,8879.181742,False,False,0.0033985379377693,84.03510180237828,91620,3.3985379377692997
-8.000628,60,8881.075468,False,True,0.0825301489212353,85.0992913994339,91680,82.5301489212353
-12.004065,60,8882.356529,False,True,0.0542652180614548,89.57346420163324,91740,54.265218061454796
-6.002075,60,8883.272839,False,False,0.0775133669999581,81.01397058515245,91800,77.51336699995811
-6.001354,60,8884.129056,False,False,0.0214787684865204,82.38778004781099,91860,21.478768486520398
-10.002397,60,8886.213235,False,True,0.0494499634992955,85.45236822161851,91920,49.4499634992955
-8.005341,60,8887.512389,False,True,0.0234224362286416,85.93155289278221,91980,23.4224362286416
-10.000117,60,8888.477192,False,True,0.0686322230881288,83.72657586125888,92040,68.6322230881288
-5.999212,60,8889.348968,False,False,0.0355092218670466,74.33340131861137,92100,35.5092218670466
-10.006391,60,8892.201324,False,True,0.0612749253362078,79.27094239467407,92160,61.2749253362078
-6.006396,60,8893.494258,False,False,0.0270755691064794,86.02728227352291,92220,27.0755691064794
-8.013323,60,8894.574164,False,True,0.0206869832831803,88.51714131878127,92280,20.6869832831803
-8.009897,60,8895.500326,False,True,0.0225432017134727,88.38382963785145,92340,22.5432017134727
-6.003667,60,8897.465438,False,False,0.1023685129991031,83.65370616814037,92400,102.3685129991031
-8.003088,60,8898.74365,False,True,0.076339056358928,82.77454258390041,92460,76.339056358928
-6.00257,60,8899.788428,False,False,0.1062070856780378,80.47270029395892,92520,106.2070856780378
-6.037763,60,8900.75833,False,False,0.0234041056083985,87.8346018084046,92580,23.4041056083985
-10.002783,60,8903.583902,False,True,0.0756575564013886,84.79204224621262,92640,75.6575564013886
-8.00337,60,8904.885815,False,True,0.0825955268241074,86.46975491622739,92700,82.5955268241074
-6.010339,60,8905.922747,False,False,0.02393431939849,88.63815200465191,92760,23.93431939849
-6.002136,60,8906.799918,False,False,0.0964861790322279,83.66827790289035,92820,96.48617903222791
-6.007327,60,8908.777802,False,False,0.0265316078110814,87.34046935333215,92880,26.5316078110814
-9.999648,60,8910.09706,False,True,0.0421841559629996,81.31681753913757,92940,42.1841559629996
-6.003866,60,8911.12355,False,False,0.0631982480844022,85.81957160395264,93000,63.19824808440221
-6.004667,60,8912.010192,False,False,0.0629225809941077,87.9426302583714,93060,62.922580994107705
-6.012378,60,8914.815135,False,False,0.00579656713206,86.10836877346037,93120,5.79656713206
-6.001658,60,8916.176187,False,False,0.1133027081242647,77.4678023089529,93180,113.3027081242647
-10.006171,60,8917.214503,False,True,0.0798844746535114,76.70629794503508,93240,79.88447465351139
-6.010712,60,8918.084252,False,False,0.0375652023969718,88.0908784268255,93300,37.5652023969718
-7.996213,60,8920.0545,False,True,0.0451677748726638,67.33078676474103,93360,45.167774872663806
-6.003722,60,8921.378811,False,False,0.0805224263146287,82.89354116686272,93420,80.5224263146287
-6.008502,60,8922.434083,False,False,0.0232001475233277,84.84621472815664,93480,23.2001475233277
-10.00384,60,8923.245226,False,True,0.1327542850355832,80.47722076065766,93540,132.7542850355832
-6.169811,60,8926.193475,False,False,0.0273459894298941,65.42464583555487,93600,27.3459894298941
-6.003932,60,8927.461467,False,False,0.0312017159384633,83.4997991620135,93660,31.201715938463302
-6.066191,60,8928.535689,False,False,0.043102836259448,82.43100288602362,93720,43.102836259448004
-8.008955,60,8929.356156,False,True,0.0071800435932644,80.52449303404998,93780,7.1800435932644
-6.005313,60,8931.28587,False,False,0.105467638549857,88.78542081557003,93840,105.467638549857
-6.002322,60,8932.570425,False,False,0.115409756029468,83.59988560263037,93900,115.409756029468
-6.003366,60,8933.609478,False,False,0.0973881167878271,85.86116854095795,93960,97.3881167878271
-5.99964,60,8934.509881,False,False,0.062692238533735,82.57471415287262,94020,62.692238533735
-6.00247,60,8936.472393,False,False,0.061781871787861,80.3114253096509,94080,61.781871787861
-6.004258,60,8938.681042,False,False,0.1092712944357656,89.21033016804404,94140,109.2712944357656
-6.000443,60,8939.713693,False,False,0.1135899144306507,71.88563824120234,94200,113.5899144306507
-6.001373,60,8940.635764,False,False,0.1580349479086396,87.23974735943581,94260,158.0349479086396
-8.006238,60,8942.499902,False,True,0.0550891094772287,88.47974190712692,94320,55.089109477228696
-5.998247,60,8943.690893,False,False,0.0519563321826488,83.9315344401989,94380,51.9563321826488
-5.952365,60,8944.734773,False,False,0.015113172975481,76.47178428156438,94440,15.113172975481
-5.993882,60,8945.69058,False,False,0.0184843064127459,78.22632800892264,94500,18.484306412745898
-6.021447,60,8947.551641,False,False,0.0498716588644426,87.50956336772227,94560,49.8716588644426
-6.005363,60,8949.723588,False,False,0.0705785019676188,89.73803725018959,94620,70.5785019676188
-6.000907,60,8950.703457,False,False,0.1452609407596925,84.00934379065089,94680,145.26094075969252
-6.00058,60,8951.533234,False,False,0.0667434164046832,75.19380391885663,94740,66.7434164046832
-5.997168,60,8953.570065,False,False,0.022073912902426,79.89771406889373,94800,22.073912902426
-5.994772,60,8954.830897,False,False,0.0492612920487444,72.2974624862515,94860,49.2612920487444
-5.821143,60,8955.881777,False,False,0.0428554350071601,61.27814136085703,94920,42.855435007160104
-5.998392,60,8956.766777,False,False,0.1096201009562482,68.25564624447121,94980,109.62010095624821
-6.003943,60,8958.63348,False,False,0.0834631475454045,84.99438842489498,95040,83.4631475454045
-6.000226,60,8959.797993,False,False,0.0326572030793468,78.61320528047355,95100,32.6572030793468
-6.002343,60,8961.820417,False,False,0.1364414947980494,87.19805892402373,95160,136.4414947980494
-6.002025,60,8962.700816,False,False,0.005856889058645,81.26428205130046,95220,5.856889058645
-6.000446,60,8964.701781,False,False,0.0858783071837142,77.72061582019352,95280,85.8783071837142
-5.98903,60,8965.965741,False,False,0.0149958410834725,73.78004701956299,95340,14.9958410834725
-6.000978,60,8966.967813,False,False,0.0965272607536256,87.13536137252052,95400,96.5272607536256
-6.001346,60,8967.772589,False,False,0.0941657156472163,87.01077171837049,95460,94.1657156472163
-6.007292,60,8969.840598,False,False,0.0580304398095624,89.07620965719755,95520,58.0304398095624
-5.992889,60,8971.114467,False,False,0.0580119424125671,70.57174601301143,95580,58.0119424125671
-6.005453,60,8972.177979,False,False,0.0254497276000624,86.75478231151811,95640,25.449727600062403
-6.000696,60,8974.05101,False,False,0.0840233464496549,75.12728988803443,95700,84.0233464496549
-6.006269,60,8976.007987,False,False,0.033714377164358,85.786077625931,95760,33.714377164358005
-5.992016,60,8977.259461,False,False,0.0158384955274412,76.64263391192013,95820,15.8384955274412
-5.999051,60,8978.274116,False,False,0.0423236929434576,73.33327632171942,95880,42.3236929434576
-5.997044,60,8979.124994,False,False,0.0875399325433098,71.54429180382265,95940,87.5399325433098
-6.001762,60,8981.034846,False,False,0.065949069969047,80.04227216203226,96000,65.94906996904699
-6.012286,60,8982.348893,False,False,0.0129327969753469,83.73444086451208,96060,12.9327969753469
-8.002282,60,8983.381577,False,True,0.0916583891808366,77.708776110143,96120,91.65838918083661
-7.989265,60,8984.293116,False,True,0.0448728750184097,67.49878863446285,96180,44.872875018409694
-7.910677,60,8987.199523,False,True,0.0241487974736877,49.123698638950415,96240,24.1487974736877
-5.999849,60,8988.521481,False,False,0.0968714415506115,80.69487170046847,96300,96.87144155061151
-6.000248,60,8989.585355,False,False,0.1669966955222145,71.63367231550993,96360,166.99669552221448
-5.996835,60,8990.523386,False,False,0.0473072097658159,81.84870439004403,96420,47.3072097658159
-8.007645,60,8992.482377,False,True,0.0086159882898117,77.79991584803311,96480,8.6159882898117
-5.993304,60,8993.722142,False,False,0.0751397722948944,67.41058574259254,96540,75.1397722948944
-6.000502,60,8994.691439,False,False,0.0630598772047793,77.31705692985095,96600,63.059877204779305
-5.992721,60,8995.554538,False,False,0.012661763891189,76.99534031117499,96660,12.661763891189
-5.999441,60,8998.358459,False,False,0.0851005125869924,75.2617033553738,96720,85.10051258699241
-7.734593,60,8999.712993,False,True,0.0333071322145402,73.5917728667585,96780,33.307132214540204
-6.000926,60,9000.752671,False,False,0.0494292442104454,77.29958565173827,96840,49.429244210445404
-5.980986,60,9001.642679,False,False,0.0029732555156794,69.09999915276055,96900,2.9732555156794
-5.98503,60,9003.559791,False,False,0.0016146132139693,77.6825309141444,96960,1.6146132139693
-6.011678,60,9004.860433,False,False,0.0345576116022967,89.40678403906324,97020,34.5576116022967
-6.003015,60,9005.925249,False,False,0.0911382707994059,83.83231020880403,97080,91.1382707994059
-6.006984,60,9006.787699,False,False,0.0596246999317296,89.15836793667033,97140,59.6246999317296
-5.999724,60,9009.707149,False,False,0.1497434818428738,73.48987442935818,97200,149.74348184287382
-5.999747,60,9011.014811,False,False,0.1028921021984334,85.63656986661216,97260,102.89210219843339
-6.000168,60,9012.007763,False,False,0.0076536190311944,78.02242399962522,97320,7.6536190311944
-6.015176,60,9012.875776,False,False,0.0365382697923828,87.59609774638646,97380,36.538269792382806
-7.999977,60,9014.892529,False,True,0.0410686510930611,80.15594987324423,97440,41.0686510930611
-6.007871,60,9016.162553,False,False,0.0441701359160963,85.914174410226,97500,44.1701359160963
-5.993421,60,9017.154608,False,False,0.0344895589607187,77.80305503824364,97560,34.4895589607187
-6.000589,60,9018.063917,False,False,0.0659841827810244,80.32617913865897,97620,65.9841827810244
-6.006932,60,9020.003391,False,False,0.0110866331601302,83.7976883150223,97680,11.0866331601302
-5.994846,60,9022.212633,False,False,0.0096717555778139,74.91550968911892,97740,9.671755577813899
-6.005166,60,9023.244171,False,False,0.0079579645911777,77.20190960991535,97800,7.9579645911777
-5.996978,60,9024.073588,False,False,0.0528867409148335,75.39986445885698,97860,52.8867409148335
-5.986412,60,9025.980855,False,False,0.1129729602652474,74.58483455915854,97920,112.97296026524741
-6.007376,60,9027.248938,False,False,0.0220339619999654,80.83638821754455,97980,22.0339619999654
-5.995353,60,9028.252896,False,False,0.0148325544561728,77.69788909826073,98040,14.8325544561728
-5.987823,60,9029.136131,False,False,0.0397190748314804,70.60852452456339,98100,39.7190748314804
-5.916674,60,9031.056566,False,False,0.0203411863968692,80.48011677642795,98160,20.3411863968692
-5.983318,60,9033.112188,False,False,0.0022524236665312,71.18956692504561,98220,2.2524236665312
-6.002132,60,9034.116208,False,False,0.0285263470580671,78.56031699757695,98280,28.5263470580671
-6.00878,60,9034.982097,False,False,0.0098490488205274,80.58585229168771,98340,9.8490488205274
-6.001891,60,9036.977355,False,False,0.0818565102023739,79.26928782168616,98400,81.8565102023739
-6.006481,60,9038.287368,False,False,0.0491524736732331,79.5992713998677,98460,49.152473673233104
-5.974036,60,9039.286705,False,False,0.0219828770198075,68.10634437443801,98520,21.9828770198075
-6.006121,60,9040.134245,False,False,0.0697228456274039,87.66158100660704,98580,69.7228456274039
-6.00471,60,9042.121832,False,False,0.0346732003974496,86.15426353159442,98640,34.673200397449605
-6.121552,60,9043.507493,False,False,0.0255077719677502,89.11741129698999,98700,25.5077719677502
-6.007268,60,9045.56335,False,False,0.0315192619807492,85.90634699503708,98760,31.519261980749196
-6.000581,60,9046.487053,False,False,0.0535208462347484,78.86457314789662,98820,53.5208462347484
-6.004919,60,9048.559944,False,False,0.0326670703566728,82.35934508670829,98880,32.6670703566728
-6.008997,60,9049.767053,False,False,0.0293318452530441,84.4315519877299,98940,29.331845253044097
-5.991982,60,9050.817489,False,False,0.0695214486353042,65.61618744576454,99000,69.5214486353042
-5.995375,60,9051.674583,False,False,0.0864719045487385,63.6076343852759,99060,86.47190454873851
-6.003645,60,9053.60755,False,False,0.019806379388519,80.3971963431579,99120,19.806379388519
-5.794279,60,9054.859453,False,False,0.0125687459055732,71.1665871712311,99180,12.5687459055732
-5.99194,60,9055.832112,False,False,0.0817450539460476,66.90874064688967,99240,81.7450539460476
-6.002005,60,9057.681517,False,False,0.0970644157748417,87.79117642791171,99300,97.0644157748417
-6.00233,60,9059.674395,False,False,0.0895295795168986,81.78473351385617,99360,89.52957951689861
-5.998061,60,9061.461884,False,False,0.019117574975833,79.87066986254733,99420,19.117574975832998
-6.078852,60,9063.047577,False,False,0.0029449609725188,80.9764299690321,99480,2.9449609725187997
-6.083668,60,9064.338163,False,False,0.0591601492203099,79.76078040791802,99540,59.1601492203099
-5.997952,60,9066.513739,False,False,0.0978179694448223,69.3523771595846,99600,97.8179694448223
-5.999132,60,9067.767062,False,False,0.0651630924104483,74.07399035557766,99660,65.1630924104483
-6.002333,60,9068.734227,False,False,0.0244734061336808,79.4491831807591,99720,24.4734061336808
-6.00194,60,9069.603729,False,False,0.0993189062757158,82.69672442772682,99780,99.31890627571579
-6.033308,60,9072.528726,False,False,0.0368615618627005,57.96885125409492,99840,36.861561862700505
-5.929803,60,9074.221436,False,False,0.0382507742249996,49.03157815615913,99900,38.250774224999596
-5.999252,60,9075.257242,False,False,0.0728574832378634,75.48047215762685,99960,72.85748323786339
-5.989839,60,9076.249137,False,False,0.0865278165900745,60.5437287953497,100020,86.5278165900745
-5.976348,60,9078.354902,False,False,0.0658753731048747,56.47124593482196,100080,65.8753731048747
-5.98579,60,9079.77046,False,False,0.0558824098620873,60.128675085251565,100140,55.8824098620873
-6.001495,60,9080.667229,False,False,0.1275403165858234,77.47579672447375,100200,127.5403165858234
-5.926291,60,9081.531311,False,False,0.0050202392035343,58.19620211620101,100260,5.0202392035343
-5.889402,60,9084.151368,False,False,0.0253521059923869,46.48946355691955,100320,25.352105992386903
-5.997656,60,9085.287542,False,False,0.096925261382961,71.27295821180046,100380,96.925261382961
-5.986643,60,9086.758592,False,False,0.0707986038829863,48.55443434151555,100440,70.7986038829863
-5.922104,60,9088.017678,False,False,0.0233848084369504,52.17571261922665,100500,23.3848084369504
-5.997276,60,9090.73166,False,False,0.1274287774265805,64.25308388934154,100560,127.42877742658048
-5.990894,60,9092.301256,False,False,0.0010290311466768,76.59446959274362,100620,1.0290311466768
-5.998007,60,9093.45997,False,False,0.1005365824042191,70.61975031795387,100680,100.5365824042191
-6.126201,60,9094.565069,False,False,0.0492595257472398,72.96147565703632,100740,49.259525747239806
-5.983553,60,9097.639463,False,False,0.0380978072673145,61.201668629153474,100800,38.0978072673145
-5.987292,60,9098.927231,False,False,0.0895915746323067,55.8188373387186,100860,89.5915746323067
-5.980458,60,9099.919538,False,False,0.0058649414045635,62.656798871222136,100920,5.8649414045635
-6.009425,60,9100.77433,False,False,0.0240986927060792,80.88196938934489,100980,24.0986927060792
-5.998901,60,9103.47555,False,False,0.005247935449192,74.61564296266233,101040,5.247935449192
-5.962474,60,9104.823333,False,False,0.0596758360839252,51.27240775791836,101100,59.675836083925205
-5.997222,60,9105.786304,False,False,0.0638888040791278,57.396559742762086,101160,63.888804079127794
-6.181528,60,9106.679305,False,False,0.0131188420560309,76.95693938188866,101220,13.118842056030902
-5.955682,60,9109.55255,False,False,0.0265821861840114,58.1676649344268,101280,26.5821861840114
-5.991088,60,9110.92138,False,False,0.0736533315047667,62.78240068213437,101340,73.6533315047667
-5.923096,60,9112.001322,False,False,0.0104634374582521,56.36281934384075,101400,10.4634374582521
-5.950531,60,9113.01581,False,False,0.0963461187448419,79.15648914106524,101460,96.3461187448419
-5.967035,60,9114.776132,False,False,0.0442791907282505,57.91480768194872,101520,44.2791907282505
-5.995667,60,9115.996865,False,False,0.1132230194111618,61.92448406694796,101580,113.22301941116179
-6.003052,60,9117.014029,False,False,0.060697004993751,83.13513050193613,101640,60.697004993750994
-5.976846,60,9117.968416,False,False,0.1005673885635041,42.9034201461424,101700,100.5673885635041
-6.020979,60,9120.073192,False,False,0.0233069938892984,43.180476595040055,101760,23.3069938892984
-5.933725,60,9123.045669,False,False,0.0191355781028912,54.83738266615224,101820,19.1355781028912
-5.999143,60,9124.52491,False,False,0.097727342849643,72.29046791072909,101880,97.72734284964301
-5.98756,60,9125.981379,False,False,0.0662727782353729,59.519890953493054,101940,66.27277823537291
-5.890187,60,9129.818863,False,False,0.0319241629680728,43.42155115786199,102000,31.924162968072803
-5.956768,60,9131.899992,False,False,0.0042632121218689,63.319713210432255,102060,4.2632121218689
-6.006842,60,9133.627954,False,False,0.0108334280050709,84.64658595945654,102120,10.8334280050709
-5.960911,60,9135.116474,False,False,0.0566466706831925,50.31594266760502,102180,56.6466706831925
-5.938463,60,9137.702105,False,False,0.0091223532825549,55.6261069723752,102240,9.122353282554899
-5.999643,60,9140.454666,False,False,0.0786660305517236,77.7930187447213,102300,78.6660305517236
-5.842173,60,9141.755595,False,False,0.0095936697531929,45.65229593651823,102360,9.5936697531929
-5.993552,60,9142.688592,False,False,0.0017759078767359,75.86796813753385,102420,1.7759078767359
-5.687275,60,9145.247863,False,False,0.0204362905615261,44.95192002090501,102480,20.4362905615261
-5.990255,60,9147.427194,False,False,0.0575430147625023,65.38814096515425,102540,57.5430147625023
-5.914328,60,9148.565616,False,False,0.0389780837891688,43.73976842491607,102600,38.97808378916881
-5.823596,60,9149.613712,False,False,0.0002510138023634,49.05324051790637,102660,0.25101380236340004
-6.001809,60,9151.694942,False,False,0.0889702741850328,78.46753608672745,102720,88.97027418503279
-5.881578,60,9152.857335,False,False,0.0211849820186653,47.829249899087365,102780,21.1849820186653
-5.956719,60,9155.214941,False,False,0.0410200656106955,53.75428831063785,102840,41.020065610695504
-5.995986,60,9156.176623,False,False,0.0799464892308489,69.91266553381817,102900,79.94648923084891
-5.954201,60,9158.001096,False,False,0.0557307849670913,46.48804659523475,102960,55.7307849670913
-5.95808,60,9159.246692,False,False,0.0250094221055512,58.73626664158053,103020,25.0094221055512
-5.991257,60,9160.311741,False,False,0.1258588359370281,47.392580595120805,103080,125.85883593702809
-5.985768,60,9161.091189,False,False,0.1142997197473559,49.42450205072507,103140,114.2997197473559
-5.988908,60,9163.307264,False,False,0.0454176771722632,69.11445180952714,103200,45.4176771722632
-5.881551,60,9164.849938,False,False,0.0607811212514515,34.41643022329614,103260,60.7811212514515
-5.984789,60,9165.820875,False,False,0.1175165450546512,47.00317548296032,103320,117.5165450546512
-5.897689,60,9167.597092,False,False,0.05373684779133,39.65915751647829,103380,53.73684779133
-5.969166,60,9169.491005,False,False,0.0256809796827262,60.110563862363065,103440,25.680979682726203
-5.993078,60,9170.687342,False,False,0.0163510145028955,75.47594441882205,103500,16.3510145028955
-5.944967,60,9171.614685,False,False,0.039327054940021,52.30906526190705,103560,39.327054940021
-5.856282,60,9172.444949,False,False,0.0662591532924573,57.27074949944888,103620,66.2591532924573
-5.990047,60,9174.24093,False,False,0.0949896862326618,57.90958677171923,103680,94.9896862326618
-5.839572,60,9175.31001,False,False,0.0165834187854232,44.02503366814521,103740,16.583418785423202
-5.959489,60,9176.161792,False,False,0.0301056013280154,56.57154282218994,103800,30.1056013280154
-5.896279,60,9176.994173,False,False,0.0487728977087207,48.76771243404943,103860,48.772897708720706
-5.292807,60,9179.614193,False,False,0.0110214275343323,22.059599594666885,103920,11.021427534332298
-5.571432,60,9180.765207,False,False,0.0235572710015399,25.683064925954152,103980,23.557271001539902
-5.483667,60,9181.728499,False,False,0.0206760289322538,23.592560751369888,104040,20.6760289322538
-5.764096,60,9182.503216,False,False,0.0243033195415623,36.67308345091845,104100,24.3033195415623
-5.992328,60,9184.15104,False,False,0.1362391789960538,51.48308965231244,104160,136.23917899605382
-5.973112,60,9185.275955,False,False,0.0934927267576507,45.6728555890748,104220,93.4927267576507
-5.826273,60,9186.214133,False,False,0.031296248222472,38.18920105216824,104280,31.296248222472
-5.741313,60,9187.009884,False,False,0.0417288840621073,28.531850154121077,104340,41.7288840621073
-5.98677,60,9189.637315,False,False,0.1045372079506408,55.0215798683498,104400,104.53720795064079
-5.99144,60,9190.863122,False,False,0.1256503207162842,51.43412418410019,104460,125.65032071628421
-5.393301,60,9192.236898,False,False,0.0071499904300832,24.23695913841772,104520,7.1499904300832
-5.946445,60,9193.041246,False,False,0.082283064256334,37.71751619405276,104580,82.283064256334
-5.915277,60,9194.723552,False,False,0.036705164900336,46.3252278594074,104640,36.705164900336
-5.889857,60,9195.836782,False,False,0.0442113035131063,38.43605175780534,104700,44.2113035131063
-5.734913,60,9196.722969,False,False,0.0618647141475593,21.07208540560092,104760,61.8647141475593
-5.881934,60,9197.49452,False,False,0.0486762316352519,36.87178288347349,104820,48.6762316352519
-5.951664,60,9200.669621,False,False,0.0149800754602074,58.11662974997585,104880,14.9800754602074
-5.986075,60,9201.835046,False,False,0.0881128895901733,56.42358104042844,104940,88.1128895901733
-5.682134,60,9202.716339,False,False,0.0250705841916901,25.306802906635745,105000,25.070584191690102
-5.986213,60,9203.563408,False,False,0.1232515375919183,45.27156564559927,105060,123.25153759191831
-5.969967,60,9205.272864,False,False,0.0885153606388482,47.5147643521778,105120,88.5153606388482
-5.722967,60,9206.417853,False,False,0.0257629711135581,32.36700936290393,105180,25.7629711135581
-5.983616,60,9207.372225,False,False,0.1390875390286947,40.28238069476841,105240,139.0875390286947
-5.895969,60,9208.198751,False,False,0.0598617422747523,36.01218872758971,105300,59.8617422747523
-5.802043,60,9210.260941,False,False,0.076869594805798,33.3543168348864,105360,76.869594805798
-5.846433,60,9212.373877,False,False,0.0350967651277394,35.16726046028287,105420,35.096765127739395
-5.970701,60,9213.298264,False,False,0.1197812537245711,37.66058442937175,105480,119.7812537245711
-5.998835,60,9214.08898,False,False,0.1294669418994601,66.93323502624696,105540,129.4669418994601
-5.723069,60,9216.122643,False,False,0.0446443456024013,26.846324919930822,105600,44.644345602401295
-5.976078,60,9217.563507,False,False,0.0638623585893181,52.55387597451078,105660,63.862358589318106
-5.85566,60,9218.826174,False,False,0.0591834819858363,33.00621713034955,105720,59.183481985836295
-5.95215,60,9219.844505,False,False,0.0857860696122039,40.4314897882269,105780,85.7860696122039
-5.968534,60,9221.994202,False,False,0.0868034901352673,46.416908839566176,105840,86.8034901352673
-5.986948,60,9224.30798,False,False,0.1266164731972925,46.46247701562012,105900,126.61647319729249
-5.793663,60,9225.681901,False,False,0.0701616618235684,23.263529706723805,105960,70.1616618235684
-5.963002,60,9226.966449,False,False,0.1289969286688367,28.08510353517493,106020,128.9969286688367
-5.980003,60,9229.349548,False,False,0.1107697609167477,46.98329015653153,106080,110.7697609167477
-5.851013,60,9230.845781,False,False,0.0442337699511485,34.34981952434253,106140,44.2337699511485
-5.827894,60,9232.012191,False,False,0.0413515349146439,33.31208990215588,106200,41.3515349146439
-5.910119,60,9232.956991,False,False,0.0743964937374744,32.816886924669895,106260,74.3964937374744
-5.917726,60,9234.745376,False,False,0.0407928652650411,45.30250339184367,106320,40.7928652650411
-5.767648,60,9235.91949,False,False,0.0351612585355363,31.54062028497933,106380,35.1612585355363
-5.944448,60,9238.337505,False,False,0.0045843799756405,60.816500470697015,106440,4.5843799756405
-5.930319,60,9239.458428,False,False,0.0126577503257615,55.89939462959295,106500,12.6577503257615
-5.645498,60,9241.098561,False,False,0.0420119372118599,23.419546619684485,106560,42.011937211859895
-5.462344,60,9242.225956,False,False,0.0257533755650254,20.974016578285894,106620,25.7533755650254
-5.992461,60,9243.158777,False,False,0.032274477939859,71.13327633789514,106680,32.274477939859
-5.837719,60,9243.984043,False,False,0.0085283766038612,45.73030196053824,106740,8.528376603861199
-5.990046,60,9245.711728,False,False,0.0582106843450645,64.9519519827508,106800,58.2106843450645
-5.958648,60,9246.81345,False,False,0.039548386096783,60.48546707715536,106860,39.548386096783005
-5.93134,60,9247.654131,False,False,0.0549996326175214,44.005514476399945,106920,54.9996326175214
-5.912484,60,9249.464108,False,False,0.055813688191523,40.78646095899071,106980,55.813688191523
-5.920515,60,9251.158013,False,False,0.1027350122541325,28.15844956265288,107040,102.7350122541325
-5.457311,60,9252.353328,False,False,0.0197358805163272,24.055550893675896,107100,19.7358805163272
-5.905221,60,9253.315714,False,False,0.0942158426012335,28.196270405426688,107160,94.2158426012335
-5.90462,60,9254.22826,False,False,0.0137671740162495,51.42149165835483,107220,13.7671740162495
-5.959419,60,9255.902389,False,False,0.0990545994360124,55.1848259610692,107280,99.0545994360124
-5.815731,60,9257.075611,False,False,0.0141955058675545,42.49635638328937,107340,14.1955058675545
-5.50075,60,9257.97659,False,False,0.0061471595815373,30.014532119310324,107400,6.1471595815373
-5.855818,60,9258.764232,False,False,0.0366786828423804,38.62638339754857,107460,36.6786828423804
-5.769925,60,9261.320805,False,False,0.0041527054640994,52.83096840184595,107520,4.1527054640994
-5.897571,60,9262.465526,False,False,0.0592758944609988,37.024855737111984,107580,59.2758944609988
-5.82257,60,9263.335271,False,False,0.0736767692553326,24.26605793012894,107640,73.6767692553326
-5.788531,60,9264.097714,False,False,0.0393803790405689,30.364634907394645,107700,39.380379040568904
-5.973849,60,9265.75676,False,False,0.1071558705480815,42.18529541441955,107760,107.1558705480815
-5.566912,60,9266.924957,False,False,0.0238847845801292,23.45377011417594,107820,23.8847845801292
-5.77859,60,9267.859083,False,False,0.0535923931734907,28.690202112946096,107880,53.592393173490706
-5.938224,60,9268.67348,False,False,0.1042426038236779,30.51805938263189,107940,104.24260382367791
-5.292705,60,9271.329494,False,False,0.0062741282424325,20.294280952541744,108000,6.2741282424325
-5.288741,60,9272.410731,False,False,0.0042473665102127,25.566236789541552,108060,4.2473665102127
-5.667129,60,9273.497431,False,False,0.0288219797475473,26.161893762746026,108120,28.8219797475473
-6.004315,60,9274.804081,False,False,0.066564317197375,78.98118561556149,108180,66.564317197375
-5.914527,60,9276.495156,False,False,0.0740670317552196,34.750893852424305,108240,74.0670317552196
-5.587444,60,9277.700254,False,False,0.0169444088773427,29.1924278078227,108300,16.9444088773427
-5.966047,60,9278.62268,False,False,0.1088627713022773,38.61078740211193,108360,108.8627713022773
-5.029067,60,9279.446764,False,False,0.0045223736006617,19.265359803614643,108420,4.5223736006617
-5.743826,60,9282.112482,False,False,0.0503780827952277,24.650453772759448,108480,50.3780827952277
-5.954218,60,9283.24507,False,False,0.0832133839420843,38.25327446656318,108540,83.2133839420843
-5.977596,60,9284.195175,False,False,0.0963635276527885,44.67993617629322,108600,96.36352765278849
-5.644875,60,9285.082644,False,False,0.0407896840477924,26.23629090964733,108660,40.7896840477924
-5.837943,60,9286.754496,False,False,0.0472332804742041,32.49142232381178,108720,47.2332804742041
-5.932872,60,9287.884235,False,False,0.036579968336073,49.58795175918642,108780,36.579968336073
-5.362515,60,9288.77543,False,False,0.0018393588597157,27.35406597453854,108840,1.8393588597157
-5.865624,60,9289.54552,False,False,0.0658047568477344,29.696480885818087,108900,65.8047568477344
-5.783499,60,9292.122591,False,False,0.0778316264983324,20.41652698367866,108960,77.8316264983324
-5.557848,60,9293.255259,False,False,0.0414519652823896,20.570916250149065,109020,41.4519652823896
-5.842616,60,9294.138035,False,False,0.0312924181322313,35.94752207300336,109080,31.292418132231298
-5.834461,60,9295.016383,False,False,0.0706736181036832,24.30891897983348,109140,70.6736181036832
-7.987928,60,9296.735803,False,True,0.124402693432294,45.04082768489717,109200,124.402693432294
-5.630087,60,9297.862052,False,False,0.044072505081482,22.77281654906584,109260,44.072505081482
-5.832194,60,9298.782607,False,False,0.0803724584832452,22.75452938712394,109320,80.3724584832452
-5.99189,60,9299.529601,False,False,0.1194188664811759,54.17286618792706,109380,119.4188664811759
-5.891471,60,9301.214662,False,False,0.0429724745406197,40.87223323944347,109440,42.9724745406197
-5.822987,60,9303.294885,False,False,0.0445105767951281,42.51169076026349,109500,44.510576795128095
-6.02793,60,9304.261567,False,False,0.0795290926244073,55.40920528640161,109560,79.5290926244073
-5.962602,60,9305.074106,False,False,0.0803161780995528,43.37482630062149,109620,80.3161780995528
-5.83158,60,9306.706481,False,False,0.0700201779039399,26.551264939988865,109680,70.0201779039399
-5.663802,60,9308.027801,False,False,0.045783063254469,23.67029459661806,109740,45.783063254469
-5.909249,60,9309.179231,False,False,0.0540548809612993,39.2347821816742,109800,54.0548809612993
-6.002146,60,9310.145009,False,False,0.0955623297103147,27.924864395184255,109860,95.5623297103147
-5.733669,60,9311.889944,False,False,0.022165096338641,35.00185489385884,109920,22.165096338641
-5.73527,60,9313.979571,False,False,0.0170159364498792,36.45684288558218,109980,17.0159364498792
-5.439485,60,9314.840914,False,False,0.0249611404956625,17.533920733365207,110040,24.9611404956625
-5.662961,60,9315.710022,False,False,0.0113180983666819,35.2452995730097,110100,11.3180983666819
-5.821653,60,9317.377888,False,False,0.0028513482898343,54.939198135155024,110160,2.8513482898343
-5.919342,60,9318.426906,False,False,0.0869410389405479,32.451929344477385,110220,86.9410389405479
-5.938965,60,9319.396907,False,False,0.1301288124041437,24.191745766932627,110280,130.1288124041437
-5.979019,60,9320.204832,False,False,0.0520439273243067,54.074188091102805,110340,52.0439273243067
-5.874424,60,9322.374431,False,False,0.0408005184524126,40.59578163078967,110400,40.800518452412604
-5.742666,60,9323.539675,False,False,0.0468116308944985,26.803894393376027,110460,46.81163089449851
-5.501183,60,9325.29395,False,False,0.0445093509692243,17.01503618677385,110520,44.5093509692243
-5.868139,60,9326.099344,False,False,0.0108846727082695,47.60703420430207,110580,10.8846727082695
-5.75323,60,9327.932488,False,False,0.0275584582998399,33.38664556662068,110640,27.558458299839902
-5.841195,60,9329.044306,False,False,0.067704698947804,46.159323908969775,110700,67.70469894780399
-5.683233,60,9329.916162,False,False,0.0162471296577201,33.79377931043159,110760,16.247129657720098
-5.910306,60,9330.725829,False,False,0.0092998615386548,55.142017176914,110820,9.2998615386548
-5.745458,60,9332.435249,False,False,0.0461874286292986,28.67484955744424,110880,46.1874286292986
-5.545892,60,9333.595906,False,False,0.015621839677,26.594008346491115,110940,15.621839677
-5.509322,60,9334.545648,False,False,0.0301766363759399,22.55101906881353,111000,30.1766363759399
-5.843069,60,9336.232329,False,False,0.0516743105331805,33.468552971708604,111060,51.6743105331805
-5.849091,60,9337.907004,False,False,0.0994633313737974,18.47329829790495,111120,99.4633313737974
-5.90916,60,9339.018163,False,False,0.0924006067180753,29.47934370683381,111180,92.40060671807531
-5.83902,60,9339.833379,False,False,0.0058305229102096,47.78406341220483,111240,5.8305229102095995
-5.840314,60,9340.903834,False,False,0.0357543335941237,38.67064884769999,111300,35.7543335941237
-6.020616,60,9343.404569,False,False,0.0842625382190798,31.278785162343976,111360,84.2625382190798
-5.805739,60,9344.820192,False,False,0.0799154100743968,19.57104223378605,111420,79.9154100743968
-5.988431,60,9345.856817,False,False,0.0046732840896196,68.61807227580343,111480,4.6732840896195995
-5.998081,60,9346.685521,False,False,0.1097878104619323,64.61425998409105,111540,109.7878104619323
-5.825652,60,9349.250597,False,False,0.10967505059691,13.079536257924207,111600,109.67505059691
-5.774797,60,9350.401903,False,False,0.0894529221719516,15.785433881828268,111660,89.4529221719516
-5.716173,60,9351.354569,False,False,0.0628181434007315,20.79026391275934,111720,62.81814340073149
-5.725432,60,9352.138229,False,False,0.0083765654963294,37.99570435210341,111780,8.3765654963294
-5.482733,60,9353.819158,False,False,0.0119687142326613,27.309722580408422,111840,11.9687142326613
-5.976133,60,9354.90701,False,False,0.1097919392021381,41.23713578694051,111900,109.79193920213811
-5.059513,60,9355.804168,False,False,0.0044241531086598,20.56502849047868,111960,4.4241531086598
-5.719193,60,9356.614106,False,False,0.0263347305721723,31.85962629095759,112020,26.3347305721723
-5.813896,60,9359.559551,False,False,0.009603109054083,42.30640291559348,112080,9.603109054083001
-5.787822,60,9360.71232,False,False,0.0419923462830184,30.370541240216117,112140,41.9923462830184
-5.773051,60,9361.58192,False,False,0.0044036161795534,42.45772409042047,112200,4.4036161795534
-5.594987,60,9362.355063,False,False,0.0170362518232949,28.60371522879285,112260,17.0362518232949
-5.666291,60,9364.102591,False,False,0.0149504008620672,33.54749925075664,112320,14.9504008620672
-5.839757,60,9365.272357,False,False,0.079149529699221,32.94675768004545,112380,79.14952969922099
-5.899009,60,9366.243669,False,False,0.0858539367335601,28.67936638601452,112440,85.85393673356009
-5.946879,60,9367.099426,False,False,0.0353807435830809,48.33735858706982,112500,35.3807435830809
-5.930252,60,9369.73825,False,False,0.0843582849495142,36.598276580293856,112560,84.3582849495142
-5.271024,60,9370.993254,False,False,0.0248884755551139,17.63450018579951,112620,24.8884755551139
-5.519037,60,9372.081429,False,False,0.0325630453573603,21.070266678403403,112680,32.5630453573603
-5.990493,60,9372.933621,False,False,0.0503602087191845,66.59354548429732,112740,50.3602087191845
-5.760576,60,9374.656568,False,False,0.0419519534622107,30.41225879658645,112800,41.9519534622107
-5.148976,60,9376.183344,False,False,0.0081002339460925,20.633135830811813,112860,8.1002339460925
-7.968951,60,9377.305689,False,True,0.0550752586798675,56.45929723421615,112920,55.075258679867495
-5.986374,60,9378.567459,False,False,0.1193142004354518,41.133707549108045,112980,119.3142004354518
-5.955415,60,9380.921145,False,False,0.1156503167779701,32.88390205038683,113040,115.65031677797009
-5.526641,60,9383.20317,False,False,0.0179763614998473,30.847214233491695,113100,17.9763614998473
-5.74179,60,9384.194623,False,False,0.0943794638721445,10.738202630258662,113160,94.37946387214451
-5.135246,60,9384.952691,False,False,0.0155895006375803,18.01221619044542,113220,15.5895006375803
-5.915976,60,9386.64488,False,False,0.0870046677295053,32.04600144045164,113280,87.0046677295053
-5.965383,60,9387.807382,False,False,0.1102103789613972,35.045934110642825,113340,110.2103789613972
-5.947725,60,9388.74109,False,False,0.0638470736732156,45.02836768775239,113400,63.8470736732156
-7.847365,60,9389.629002,False,True,0.0438439138301105,35.095261953685466,113460,43.8439138301105
-5.971266,60,9391.573382,False,False,0.0941241742922841,47.64651417650471,113520,94.12417429228411
-7.950573,60,9393.83897,False,True,0.0724075752479527,42.29310698420702,113580,72.4075752479527
-5.633105,60,9394.743188,False,False,0.0438056898015859,21.8759739486157,113640,43.8056898015859
-5.614868,60,9395.512478,False,False,0.0066509304607428,32.67147698394016,113700,6.6509304607428
-5.573726,60,9397.255202,False,False,0.0290095384767959,25.308701724698302,113760,29.0095384767959
-5.532423,60,9398.409228,False,False,0.0045666017230387,30.838725285526618,113820,4.5666017230387
-5.432233,60,9399.293022,False,False,0.026146934109325,21.97966206743503,113880,26.146934109325002
-5.96025,60,9400.088878,False,False,0.0278587860113719,58.84293279486201,113940,27.8587860113719
-5.841173,60,9401.866397,False,False,0.0259382686547945,40.89637402595745,114000,25.938268654794502
-5.841074,60,9403.096766,False,False,0.0659421275280948,30.08343207386425,114060,65.94212752809479
-5.833723,60,9404.912749,False,False,0.0432534487310149,35.61844383382586,114120,43.2534487310149
-5.981628,60,9405.75408,False,False,0.0669879768299446,60.710851153128615,114180,66.9879768299446
-5.743389,60,9407.486204,False,False,0.0165581717068226,36.08299899788197,114240,16.558171706822602
-5.911934,60,9408.610276,False,False,0.0154416036755244,52.21615998075808,114300,15.4416036755244
-5.981381,60,9409.557882,False,False,0.1248068591425077,39.28395685984506,114360,124.8068591425077
-5.954903,60,9410.314042,False,False,0.0639509525757514,48.288037890148615,114420,63.950952575751394
-5.8813,60,9412.018944,False,False,0.0473474150038701,38.28062766818215,114480,47.347415003870104
-5.445048,60,9413.164081,False,False,0.0078150213230785,28.57945521180046,114540,7.8150213230785
-5.964426,60,9414.067748,False,False,0.0452844044717238,56.4947910940666,114600,45.284404471723796
-5.801555,60,9415.735778,False,False,0.0363752996358297,36.15587910013338,114660,36.3752996358297
-5.976112,60,9417.349981,False,False,0.0839407005265772,51.03142118029004,114720,83.9407005265772
-5.888648,60,9418.476054,False,False,0.0775960278315186,30.346493889378227,114780,77.5960278315186
-5.885857,60,9419.416885,False,False,0.0239139627898708,46.29506561811083,114840,23.9139627898708
-5.94943,60,9420.213073,False,False,0.1068669891409693,34.27279496181077,114900,106.8669891409693
-5.940798,60,9421.882651,False,False,0.0755618210808854,40.81272702110377,114960,75.5618210808854
-5.923995,60,9422.940909,False,False,0.0295884731570691,51.649649999219655,115020,29.588473157069103
-5.792179,60,9423.852106,False,False,0.0302861826901258,36.672109046491215,115080,30.2861826901258
-5.93562,60,9424.628968,False,False,0.0583554826168112,38.10191362497308,115140,58.3554826168112
-5.886371,60,9427.515261,False,False,0.0480461191034012,40.50683327068261,115200,48.0461191034012
-5.973991,60,9428.617717,False,False,0.0998435086097261,46.24691289267955,115260,99.8435086097261
-5.997251,60,9429.501968,False,False,0.1140721017741508,57.36292050074152,115320,114.0721017741508
-5.95648,60,9430.327201,False,False,0.069247961701127,47.997756121778565,115380,69.247961701127
-5.928557,60,9432.014942,False,False,0.0662773595030014,40.83819571224031,115440,66.27735950300139
-5.371216,60,9433.139549,False,False,0.0054966116118874,19.75205316074801,115500,5.4966116118874
-5.971701,60,9434.350585,False,False,0.0394160840057684,27.97286985593643,115560,39.4160840057684
-5.841183,60,9435.313359,False,False,0.0744730829221304,26.25659157726005,115620,74.4730829221304
-5.533987,60,9437.93027,False,False,0.0004375405388391,33.11325006460782,115680,0.4375405388391
-5.278573,60,9439.380319,False,False,0.0059022013753029,22.91756927384013,115740,5.9022013753029
-5.675017,60,9440.560046,False,False,0.0045726983853824,37.4912599926629,115800,4.5726983853824
-5.349202,60,9441.607973,False,False,0.0005441307073422,27.589578722830925,115860,0.5441307073422
-5.722072,60,9443.843248,False,False,0.0395606326153467,28.005153563713467,115920,39.560632615346705
-5.236829,60,9445.186547,False,False,0.0140392000132171,20.49024291296062,115980,14.0392000132171
-5.972652,60,9446.231558,False,False,0.090984051157505,45.81997903673164,116040,90.98405115750501
-5.490913,60,9447.216246,False,False,0.0080711927578518,28.35230685956613,116100,8.0711927578518
-5.922096,60,9450.809401,False,False,0.0795184505506629,31.810684337866075,116160,79.51845055066289
-5.16389,60,9451.98089,False,False,0.0186021550429038,16.38673086373319,116220,18.6021550429038
-5.493746,60,9452.918292,False,False,0.0126312139171448,26.072499124091653,116280,12.6312139171448
-5.428269,60,9453.714195,False,False,0.0338023274546567,17.86178066048488,116340,33.8023274546567
-5.97138,60,9455.612801,False,False,0.1200606469582014,38.73416911250694,116400,120.0606469582014
-5.773818,60,9456.713882,False,False,0.0433241281015027,29.738377570916565,116460,43.3241281015027
-5.902086,60,9457.688395,False,False,0.0403874996902427,44.11641672847512,116520,40.3874996902427
-5.927311,60,9458.505198,False,False,0.1018282288495497,30.442515645146127,116580,101.8282288495497
-5.429284,60,9461.100637,False,False,0.0267715366344508,18.67060663436802,116640,26.7715366344508
-5.491356,60,9462.23137,False,False,0.0092096283572562,29.326951199348997,116700,9.2096283572562
-5.33568,60,9463.096436,False,False,0.0188872473074827,18.199169635314465,116760,18.8872473074827
-5.941425,60,9463.99814,False,False,0.0164535545839657,55.71106508995144,116820,16.4535545839657
-5.71606,60,9465.778597,False,False,0.0551785509050812,21.98922628377084,116880,55.178550905081195
-5.588498,60,9467.012847,False,False,0.0164538037168873,28.15778680033428,116940,16.4538037168873
-5.776059,60,9467.932019,False,False,0.0443756641728781,28.626576043304407,117000,44.3756641728781
-5.961284,60,9468.808537,False,False,0.1148879906106074,32.4633261436119,117060,114.88799061060739
-5.932015,60,9470.480535,False,False,0.1073222859570717,26.483693769646987,117120,107.3222859570717
-5.347582,60,9472.502429,False,False,0.032008039470602,18.42644108640757,117180,32.008039470602
-5.997929,60,9473.435462,False,False,0.1185071117721033,58.25293578093849,117240,118.5071117721033
-5.84184,60,9474.279584,False,False,0.0482518651722621,34.585508512995986,117300,48.2518651722621
-5.483652,60,9476.204464,False,False,0.0072593630438408,29.15166681372946,117360,7.259363043840801
-5.948927,60,9477.31964,False,False,0.1133729560166079,29.26635474305025,117420,113.3729560166079
-5.56544,60,9478.243137,False,False,0.0534096370490945,16.88768066721568,117480,53.4096370490945
-5.777345,60,9479.040883,False,False,0.0390154817362816,28.15539729581564,117540,39.0154817362816
-5.847923,60,9480.928241,False,False,0.0906934991491934,11.753240319172814,117600,90.6934991491934
-5.992007,60,9482.985868,False,False,0.108923189773754,55.824809379922485,117660,108.92318977375399
-5.981763,60,9483.892249,False,False,0.1269819532918895,41.51747056695825,117720,126.9819532918895
-5.672684,60,9484.756395,False,False,0.039674217973163,25.5245302403202,117780,39.674217973162996
-5.867223,60,9486.516081,False,False,0.0849518150858047,24.88151133709309,117840,84.9518150858047
-5.810547,60,9487.697856,False,False,0.0289114550518483,35.93367517980763,117900,28.9114550518483
-5.791375,60,9488.668453,False,False,0.0386413890663725,30.652126421891545,117960,38.641389066372504
-5.902539,60,9489.531526,False,False,0.087122329280957,28.58020348787553,118020,87.122329280957
-5.740324,60,9491.209427,False,False,0.0016543479542755,34.748536737785265,118080,1.6543479542755
-5.635928,60,9492.352559,False,False,0.0144825909766636,27.965841831711828,118140,14.482590976663602
-5.601039,60,9494.207805,False,False,0.037498347040198,22.75333228376052,118200,37.498347040198
-5.625664,60,9494.972927,False,False,0.0368104060281639,25.1032526910327,118260,36.8104060281639
-5.592326,60,9496.67783,False,False,0.0379343850898188,22.969053725267948,118320,37.9343850898188
-5.994579,60,9497.814059,False,False,0.1308963137274809,54.12443185550367,118380,130.8963137274809
-5.655332,60,9498.742558,False,False,0.0244481924570112,27.88133221780637,118440,24.4481924570112
-5.751751,60,9499.599506,False,False,0.0264500504433987,32.78978675547345,118500,26.4500504433987
-5.876103,60,9501.24307,False,False,0.0815298628501399,33.87845485257704,118560,81.52986285013989
-7.547917,60,9502.411717,False,True,0.0037388704513929,30.72247099817597,118620,3.7388704513929003
-5.835638,60,9503.362412,False,False,0.0483850082964836,32.67070559260222,118680,48.385008296483605
-5.493828,60,9505.088544,False,False,0.0193817278121884,22.36748521976112,118740,19.3817278121884
-5.601429,60,9506.814806,False,False,0.0418181339532846,20.58780422743333,118800,41.8181339532846
-5.939817,60,9507.990206,False,False,0.0956319237866295,33.90210139009638,118860,95.6319237866295
-5.80307,60,9508.866465,False,False,0.0609941515730826,25.778206044811974,118920,60.9941515730826
-5.661608,60,9509.767374,False,False,0.0185721632934176,32.49328039217929,118980,18.5721632934176
-5.955802,60,9511.432524,False,False,0.09454901394683,39.00024444645938,119040,94.54901394683
-5.94702,60,9512.517075,False,False,0.0478071270643149,48.62702307596206,119100,47.8071270643149
-5.498056,60,9513.474092,False,False,0.0360100827366648,17.692003512153605,119160,36.0100827366648
-5.942209,60,9514.26964,False,False,0.0798315630174122,46.19775032744884,119220,79.83156301741221
-5.399779,60,9516.871325,False,False,0.0383999500707749,15.555712532268824,119280,38.3999500707749
-5.983767,60,9518.093585,False,False,0.1167964275416198,48.52216745008621,119340,116.79642754161979
-5.78807,60,9518.992707,False,False,0.0412208083117301,30.2330778744312,119400,41.220808311730096
-5.583561,60,9519.823379,False,False,0.0182179686207287,29.408274453128023,119460,18.217968620728698
-5.468989,60,9521.618478,False,False,0.0458983246459346,13.926452943334755,119520,45.8983246459346
-5.707526,60,9522.794939,False,False,0.0779770045862377,14.597953428950614,119580,77.9770045862377
-5.219016,60,9523.821307,False,False,0.003938628274512,20.86749591891997,119640,3.9386282745120003
-5.145497,60,9524.698817,False,False,0.0105569115093916,20.06157792738159,119700,10.5569115093916
-5.560149,60,9527.322965,False,False,0.0042394092604637,32.73876755908893,119760,4.2394092604637
-5.772308,60,9528.467864,False,False,0.0117888063366055,39.54234298639263,119820,11.7888063366055
-5.683609,60,9529.410522,False,False,0.0497894879979462,22.80842171046984,119880,49.789487997946196
-5.710725,60,9530.204405,False,False,0.0119485322483701,27.68424150260469,119940,11.9485322483701
-5.561586,60,9531.87624,False,False,0.0497440164645046,17.605011154147157,120000,49.744016464504604
-5.499929,60,9533.058053,False,False,0.0211074649311989,24.924991208917344,120060,21.107464931198898
-5.479328,60,9533.984981,False,False,0.0262167392827757,22.82961792043916,120120,26.216739282775702
-5.900553,60,9534.841535,False,False,0.0036449307131178,53.57193763300532,120180,3.6449307131178
