#{"t_start": 1785309798.3607888, "env_id": "None"}
r,l,t,success,freeze_attempted,d_m,alpha_deg
8.867865,1,1.654474,True,True,0.0002863726445010168,1.8836850749719372
5.446756,6,5.085187,True,True,0.0010828021447650358,7.630656654203316
2.236947,15,9.927777,True,True,0.0014825260764962014,12.266031743687307
-23.256798,60,21.146281,False,True,0.011453735276533471,56.76813818779213
7.053882,15,24.717116,True,True,0.004813163024488829,3.6779293061608818
2.980164,3,25.888109,True,True,0.00015279062579666913,12.262796137297151
0.560307,24,27.700206,True,True,0.006747361655809296,11.752374603410333
3.597913,19,33.225623,True,True,7.148115731915009e-05,5.140898895135858
-1.360102,10,36.619068,True,True,0.004264803511946453,15.90151131782424
2.113812,16,43.285768,True,True,0.002537524008963055,9.505490946285056
-17.428114,60,55.867768,False,True,0.011691028721147103,33.51882245191581
-5.293157,44,61.039634,True,True,0.011098193506182106,17.449308457610943
4.173112,1,62.313129,True,True,0.0023033911818403034,10.360767710061523
-14.881978,60,70.698019,False,True,0.026101963111936487,33.372436492400006
-21.936122,60,88.705362,False,True,0.03432068873937504,15.263620772745641
8.517861,16,93.27599,True,True,0.002674853640724683,3.1669434531352136
4.453249,2,94.318556,True,True,0.00016856711455869814,9.722634749734755
2.382219,8,97.900244,True,True,0.00016587941132608156,13.031995570609817
-1.206041,4,98.997678,True,True,7.631649716764353e-06,15.382266001580174
0.293219,10,102.558164,True,True,0.0037837085339754717,15.823235876351792
6.589543,4,103.724797,True,True,0.0005963968658989072,6.488116970488457
4.639393,12,108.143666,True,True,0.007246073356042112,8.193715457498
0.860342,4,109.279064,True,True,0.00464668380950363,17.06541015611387
0.797848,6,111.5058,True,True,0.007251280463373603,15.912824793622216
9.255256,2,112.623714,True,True,0.011914688834411921,1.053818133639206
-30.595087,60,125.744117,False,True,0.0055558515547212825,31.96078032094884
6.499768,7,127.075291,True,True,0.004450003265166367,4.805830214810441
7.755668,6,129.220178,True,True,1.2403960786734592e-05,3.6092473367814644
6.637169,10,131.490245,True,True,0.0003488165771558197,4.469806529726838
6.974538,15,135.249721,True,True,0.00032409626531651817,5.110472240916131
-8.679211,49,142.015508,True,True,0.009569961893492848,12.980046454128956
2.474259,3,143.115338,True,True,0.002694783758522803,12.465576174570808
3.661616,19,153.272462,True,True,0.0027564478414463813,7.984977313152884
5.001982,8,156.692041,True,True,0.003550045257797159,7.7201746623595255
-0.882984,29,163.498348,True,True,0.0012640517457737331,15.755970605719186
4.239103,6,164.692054,True,True,0.004529489633550839,8.344931968867858
4.160556,6,165.889311,True,True,0.004340836296404501,9.846128408158926
8.652471,2,166.985267,True,True,8.988714141303956e-06,3.2921331396647
0.724169,9,168.279625,True,True,0.0044321175115258835,15.114619365667563
4.591624,2,169.35789,True,True,0.0031615972900748933,9.42606750550684
7.116225,1,170.474435,True,True,0.004743307981995047,5.051986570231099
8.915013,2,172.855821,True,True,0.003745600824158559,1.3606820479680528
7.453975,2,175.05691,True,True,0.004335836312500609,4.291364077392981
-6.254493,21,178.677932,True,True,0.002695228242072201,16.273806825307823
-3.567443,39,184.124491,True,True,0.0027335979205481455,4.662335492555311
7.598266,2,185.244652,True,True,0.0023510814561358453,3.7151344622457505
-0.099894,14,193.801116,True,True,0.01045365678429141,14.95766878205165
7.125629,5,198.217532,True,True,0.006727898796067106,4.23589975096712
6.712971,1,199.294235,True,True,0.00971299053056591,5.784305082438974
-30.96072,60,210.62153,False,True,0.006056173919597173,33.46219558823498
6.366686,9,213.128085,True,True,0.00229743532582831,6.141533264968462
5.169237,8,214.353989,True,True,6.296550098468592e-05,7.570717295467601
4.745793,4,216.543971,True,True,0.004779588887203979,6.260912495551853
-19.692769,60,226.719244,False,True,0.011779077277672637,18.231137369562056
5.375801,3,227.881773,True,True,0.0027322046209830248,7.489183637363122
1.384926,1,228.978374,True,True,6.078492570393834e-11,15.387719984073492
3.833987,5,231.214125,True,True,5.977330010387171e-05,8.784347941002627
9.416172,1,232.29944,True,True,0.0002629624480146942,0.8928934385200459
-12.173321,60,244.834779,False,True,0.009105645850370613,49.589273134398674
-1.236059,12,246.339513,True,True,0.00716339458352723,16.99287602498843
-0.156945,47,262.152536,True,True,0.009398506606013707,6.364667824846312
4.174169,3,263.304464,True,True,0.007804691480000767,10.760472134973382
7.298764,7,265.526423,True,True,0.009837404409635868,3.9048618430069806
0.925703,7,269.91726,True,True,5.087651654134273e-11,15.231390804198465
-1.604635,17,275.842393,True,True,0.011906047185615776,14.139362853632967
7.995459,5,279.348964,True,True,0.003965895444698258,3.486467363555447
6.8175,2,280.41459,True,True,0.004781942416941737,3.5628163221695592
1.152945,16,289.409797,True,True,0.002620061298317527,13.080445972767485
6.920674,18,293.175777,True,True,0.0004149505627846729,3.1110783558673494
6.821152,7,295.491789,True,True,0.009096993024789286,3.7926062843892328
2.522847,10,298.866802,True,True,0.004715739928298063,11.226806613975008
6.457209,5,300.058735,True,True,0.0022360025550451365,6.67084758253904
3.995023,1,301.124432,True,True,0.0047172916521412605,10.683767870381056
-4.5999,32,308.999365,True,True,0.00691164423885992,16.614977227518292
-3.179201,25,313.983809,True,True,0.005762931955964508,15.770275116756466
2.515879,3,316.06148,True,True,0.0057766579129317,12.722045039651352
3.127809,9,319.30952,True,True,0.004705083921776375,9.691304220169867
0.728664,6,321.611349,True,True,0.00485618320062586,15.008756134403297
5.645138,4,322.747752,True,True,0.007169332257055206,6.237838802260019
4.640228,1,323.792284,True,True,0.00022831104498169646,9.516387914323332
-23.278811,60,343.391154,False,True,0.030474325537693168,14.46179400217211
6.788224,2,344.480594,True,True,0.004219088131154172,5.941198083094765
3.406251,6,345.669351,True,True,0.002737462262239915,11.313613310951084
8.759863,2,346.730209,True,True,3.851820763840124e-05,2.886747525993143
0.764426,13,352.540727,True,True,0.007138730925917427,14.141020319183395
6.507009,1,353.648732,True,True,3.438111962933768e-05,6.147065301654976
2.324924,4,355.749713,True,True,0.0009173061757223738,12.927381401170107
5.886525,1,356.835472,True,True,0.0015133007429979036,7.268488816755888
7.444231,10,359.233877,True,True,0.0027314107262709666,5.845400858047874
4.248147,16,367.151035,True,True,8.948291074549822e-06,7.73610971391548
4.54206,3,368.230608,True,True,0.0013709344034905958,9.352404938969862
9.576885,3,370.338123,True,True,0.0007956643547816986,1.6540835525920936
4.286517,3,371.518277,True,True,0.001964178060218112,9.121712506453491
6.042433,6,373.930289,True,True,0.002247925585171494,6.595619664729727
3.69773,6,376.195233,True,True,0.0022880989689015186,8.940911810099044
7.131392,1,377.32038,True,True,0.004714406795516334,5.024580958713364
6.208112,4,378.507316,True,True,0.0029046400577733477,5.40211288716485
0.220279,20,380.270889,True,True,0.0029934402961731103,13.997757867736041
2.448903,2,381.377946,True,True,0.001479478100103614,13.301411285931293
5.057832,3,383.736794,True,True,0.00448470358974245,8.49638069119549
8.669719,2,385.836976,True,True,0.004556781200294145,1.5147514807444615
-27.159658,60,413.575227,False,True,0.017313731612274303,7.357479903981503
6.226433,1,414.781989,True,True,0.004751593461720469,6.657974264384544
5.741635,3,417.089114,True,True,1.1555411247138672e-05,6.247274937241128
2.276863,2,418.145209,True,True,0.003657616108400344,13.32889136134431
9.907532,1,419.214815,True,True,7.817088576401662e-07,0.0044627695041087505
1.449283,9,422.783472,True,True,7.772471264341427e-06,13.544368771546603
6.023508,3,425.153452,True,True,0.0001060351400546198,6.228568640289537
-7.589215,30,436.717437,True,True,0.010095860395750026,17.14492631277435
1.918511,7,440.208291,True,True,0.00808193367029026,12.134319868026605
3.57706,6,442.545451,True,True,0.006820458913086232,10.496069205543252
1.568583,3,445.008283,True,True,0.005672951871221077,14.44509986998085
-35.309315,60,463.283173,False,True,0.04041967320117736,9.792496011216175
3.925824,4,464.492454,True,True,0.005581593946989233,9.469774412218358
1.540942,1,465.606851,True,True,0.004141813083290831,15.108787364932237
2.366822,1,466.74087,True,True,0.00038036672758561983,13.617364093472649
4.501054,4,468.914234,True,True,0.0004397616914271563,9.827709184505164
4.809185,2,470.83159,True,True,0.0023238863636741523,9.082428022199878
7.22469,2,471.928067,True,True,0.002201405346467496,4.3804335935290135
2.131157,3,472.966618,True,True,9.378046868482046e-05,11.450651983601986
5.71441,8,474.271438,True,True,0.0023972285628866856,5.800594003135766
-23.244799,60,488.277459,False,True,0.0031797090717288444,30.184981608211128
2.545116,2,490.474434,True,True,0.0004049385978259223,13.422484037390635
2.478391,19,499.457528,True,True,0.007721793496556274,6.668977555666022
5.149849,3,500.661991,True,True,0.0004614048162285979,7.6845374810196825
6.131787,6,503.007208,True,True,0.004834378901326964,6.139179946410386
1.562989,4,504.167234,True,True,0.004854564597419241,12.84346750188153
9.438789,3,505.238198,True,True,0.0018714270740876398,0.5280146440623192
5.414593,3,506.503386,True,True,0.00023940256580177533,7.8849482175035766
3.193182,1,507.599184,True,True,0.004967435520473122,12.130082878907062
6.044561,2,509.649949,True,True,0.0022969490621774303,7.085092578266086
5.337194,2,511.714483,True,True,0.0046673845562829434,7.335146920760662
-0.049451,2,512.824176,True,True,0.0025625745388970396,17.72263476842849
2.616734,1,513.914927,True,True,0.0019656688889477785,13.16769985105083
9.134281,4,515.210919,True,True,1.00140675156693e-07,1.502312920659367
4.00063,2,516.238667,True,True,0.0005793282004469859,10.58206344129573
9.764929,1,517.222633,True,True,0.000558574615793101,0.254669584604025
0.128002,8,519.618092,True,True,0.006915498107518459,15.8210516263984
4.906819,1,520.714431,True,True,0.004608787706062078,9.038917783437729
1.891005,2,521.948259,True,True,0.0069116499805638495,12.022405250462818
6.083216,4,526.543324,True,True,0.0007190146702581168,6.4901100002130105
-26.618693,60,541.759296,False,True,0.014886640143824091,20.877003829157474
0.925704,1,542.73321,True,True,0.009700401341403432,16.220651674695084
3.429946,13,544.080085,True,True,0.004830561692162677,7.561373732790578
2.103112,8,545.386127,True,True,0.0023620165631447736,12.610852993426368
8.587954,3,547.57137,True,True,4.597744948771354e-06,1.6997369337359776
4.200854,14,555.569783,True,True,0.0003204484941123197,8.672991977288902
3.536451,1,556.609984,True,True,0.0028045553160564052,11.509541700593063
6.125759,8,559.078313,True,True,0.004106044784803822,5.815786626519145
5.643567,2,560.313728,True,True,1.082668653369992e-05,7.725862331738763
4.756834,6,561.619932,True,True,0.009348984050476385,8.541621566772472
8.305769,1,562.655716,True,True,2.110093123800492e-05,2.8988161636280347
2.830654,5,563.881698,True,True,0.009236116773517215,11.541371090957108
6.205385,7,566.488733,True,True,0.0002580861482338933,5.609964655010632
-5.337997,16,571.410834,True,True,0.0015109866431476018,15.365220967224658
3.503305,12,576.121933,True,True,0.0072635719165420245,7.681236791122145
-1.262956,22,584.730202,True,True,0.0057984454273639725,10.650375034573312
-2.396724,18,592.797665,True,True,0.008055470366979369,8.977733693899415
4.294556,4,595.067925,True,True,0.004830033054126109,6.426473510628772
3.164292,6,600.243246,True,True,0.0007138073958844367,11.700562939392917
2.280496,7,602.708618,True,True,0.0010765302486313581,12.874264932690142
-1.069826,4,606.97449,True,True,0.005751793680023443,16.262785867514562
5.26509,4,611.63168,True,True,0.00019822580022766154,7.133209592101821
-6.420061,16,621.185565,True,True,0.0033224421100673425,17.866731047239625
-3.273049,21,623.859988,True,True,4.02446874868314e-06,14.152606815086257
3.100609,5,626.26641,True,True,0.001376341062833377,11.392196215140656
2.615626,1,627.463587,True,True,0.003944924293515912,13.170949672235954
-15.982001,39,641.849417,True,True,0.0032452254863527333,17.802649755342184
5.496602,1,642.933895,True,True,0.005028565985199593,7.9751753641655565
6.379256,2,644.114725,True,True,0.00458032802254596,5.784091819804058
5.520531,6,646.213585,True,True,0.002397996779975221,7.005349565652849
0.057256,1,648.035273,True,True,6.348250171018914e-05,17.78138197748481
7.937923,1,649.126148,True,True,2.827369169212642e-05,3.5632520645696277
2.868275,3,650.425876,True,True,0.004678612575479883,11.706583616865531
5.696367,3,651.692123,True,True,0.00031558835994528137,7.405497627275783
7.545061,1,652.858342,True,True,0.004152568307880512,4.277225392356283
4.433485,6,656.286827,True,True,9.695998996789908e-05,11.467554797847837
1.136278,16,657.892283,True,True,0.0052929609386467,11.809868206511211
-43.573488,60,680.297223,False,True,0.02011914235548387,39.08591821455582
8.019432,2,682.631189,True,True,2.6172861699603686e-05,4.240917116567961
1.300918,8,683.996805,True,True,0.005393535954770087,12.385256360042616
-24.625576,60,716.874264,False,True,0.020852855350388274,33.85390190140529
5.827739,9,720.846749,True,True,0.0066120845016751145,5.251730574858053
7.537002,2,722.161458,True,True,0.0005471815842940065,4.456679067666901
6.666861,3,723.310017,True,True,0.001736994303904134,5.583820921777533
-7.115689,20,733.953266,True,True,0.0050819122484256265,17.002304129686244
5.622587,5,735.504666,True,True,3.8501212686179245e-05,6.4233349967756
0.625591,2,736.691665,True,True,0.00021469655672820358,16.11873694315753
1.211731,6,739.06723,True,True,0.0017780745562857095,14.751482794727231
-24.617293,60,758.917146,False,True,0.0002473792171181939,19.42262706542355
4.466399,1,760.299067,True,True,0.0047327627526057596,9.833518370336975
-0.015956,14,764.355633,True,True,0.0007907939948087386,13.641732456549317
2.01079,5,767.123305,True,True,0.0011175599467988483,13.761113525863884
-19.782483,60,781.086373,False,True,0.008136800717718155,30.66968880800876
8.865681,14,790.968267,True,True,0.007400362505285297,2.0002047527998146
0.109153,1,792.335275,True,True,0.0014424803826137925,17.68852745301009
3.852332,19,800.759557,True,True,0.002298407243251358,8.95508295925001
5.86237,2,803.01318,True,True,3.835058318985701e-07,6.3764328827631225
2.358194,3,805.246861,True,True,2.927254575887939e-11,13.584756997719747
4.531478,1,806.407226,True,True,0.00354590741197019,9.715227667278764
9.478094,1,807.58589,True,True,1.6510320901903103e-05,0.7803864379402528
-1.807202,30,816.290466,True,True,0.004961117784107664,7.948169204426089
9.700076,2,817.47036,True,True,0.005272143773858167,0.5600516200652694
-15.051195,45,829.877027,True,True,0.003870254127217465,16.38383657858801
5.54536,1,831.243439,True,True,0.0050363769094820725,7.886590380655225
5.709667,1,832.577413,True,True,0.004877602351371317,7.5906054207190525
0.143895,2,835.111387,True,True,0.0026550588731205594,16.62626375661128
8.378729,4,838.873232,True,True,0.0023437167811634877,2.251655588147215
0.238135,13,843.806849,True,True,0.0020672570596421327,15.281657636427926
2.390926,2,845.183671,True,True,0.004766301336692121,12.646821557901237
4.280149,1,846.480202,True,True,0.00032071926791171334,10.166133150611621
6.919056,1,847.653191,True,True,0.004719343752068898,5.4078684650852695
2.781941,6,848.98565,True,True,0.00011770149641290167,12.214693231728955
1.806985,1,850.337908,True,True,0.004064920880497145,14.629086273682757
5.210736,1,851.480727,True,True,0.00968608949790548,8.494486188714776
1.353734,2,852.6933,True,True,0.00016014303301457096,11.852054357465276
-14.970183,57,868.323295,True,True,0.004739398066235547,9.528717437099454
0.715161,5,869.697652,True,True,0.004796271444669839,15.942602322328081
5.227334,2,871.106827,True,True,0.00010410562162230523,8.511493052959798
2.125498,3,874.705519,True,True,6.063357299074777e-05,13.636478393985614
-39.489311,60,891.412951,False,True,0.018759414873320678,33.503892261253895
7.932642,2,892.635239,True,True,0.004647481429583419,2.561168467550442
-1.402198,10,898.105715,True,True,0.011748184044517166,15.955885176068291
2.226813,1,899.267265,True,True,0.002913962824385389,13.871430099492827
-25.768246,60,933.136107,False,True,0.014243186065919882,32.42527314984161
3.461848,2,935.751381,True,True,0.0006514262385061936,9.979213425979014
7.290656,3,940.593867,True,True,9.563555995348479e-06,4.099295919148922
4.171353,1,941.720651,True,True,0.0031146661470543464,10.364547502664912
6.078438,1,942.956051,True,True,7.398365859077362e-05,6.920746848124685
0.868558,1,944.009615,True,True,0.005346957646654991,16.32156243803028
-0.229726,10,949.812188,True,True,0.006951265066258153,14.63965504953266
-16.196879,60,968.845227,False,True,0.0002981480072053559,29.495560250032423
-27.817614,60,999.361742,False,True,0.014730278793483625,5.849762447286331
8.279179,1,1000.812457,True,True,0.0023977631510104652,2.9496711771996256
9.466808,1,1001.873739,True,True,0.00023681103238251417,0.8013493556132343
7.272191,1,1002.970336,True,True,0.004684469954518081,4.770383128945658
8.933012,2,1004.093919,True,True,0.00042307500250055377,1.475054297210596
4.440303,1,1005.226103,True,True,0.0005291504771388579,9.87735255936696
9.425158,1,1006.588652,True,True,0.00455154978115933,0.8822694840558517
2.039021,1,1007.629721,True,True,0.0035019512900592857,14.210394243712999
4.158838,3,1015.467431,True,True,0.0024551984043257973,9.098854538663128
9.876636,1,1016.988366,True,True,6.776957946689642e-05,0.060405739183117556
-27.368137,60,1041.005876,False,True,0.016661378597374897,34.472725962238655
0.420194,1,1042.190145,True,True,0.00020802425415267743,17.12717867308101
1.344959,13,1046.286929,True,True,0.004120787279151579,13.21703552707554
6.318074,2,1047.607382,True,True,0.000820680296393514,6.815035618028596
-3.0849,20,1056.605523,True,True,0.004473848783684745,15.511232417815567
3.144929,8,1061.43812,True,True,0.002798986501965155,11.370781283676427
2.092891,15,1068.145487,True,True,0.004936374412084663,10.997420586379894
5.654784,1,1069.359576,True,True,0.00047348208954526086,7.685781417995568
8.963409,4,1073.176447,True,True,0.004855473989585684,0.7408740837336986
6.556281,21,1082.170459,True,True,0.006683961288364584,5.758126246382864
4.338779,2,1083.357114,True,True,0.005804809201547921,10.256520611089016
4.024944,2,1084.602449,True,True,0.001890498126558642,10.359881168354661
3.995146,2,1086.935145,True,True,0.004397642033243849,9.438918324555837
2.794174,1,1088.065149,True,True,0.009184983028392844,12.852119710291491
4.612896,9,1093.362358,True,True,0.0067449095393883685,5.8038941532016155
-13.610924,60,1114.565415,False,True,0.004955477582637443,25.04389085030456
3.788279,7,1119.500085,True,True,0.002707758315582464,10.184461894607178
0.055664,22,1131.033781,True,True,0.005212706261443907,9.476300106735035
3.43837,2,1132.491332,True,True,0.003986197075184499,11.912832941718387
6.619083,1,1133.932826,True,True,3.5221861506067216e-05,5.944737166242982
2.638952,1,1135.374256,True,True,9.841774390009165e-06,13.12634416660333
8.102072,15,1149.542061,True,True,0.0003411291555697523,2.1549033048904254
5.02225,3,1152.293875,True,True,0.007382509825783516,8.634730806582793
4.902569,1,1153.484968,True,True,0.00012824217656569586,9.042940089152578
8.82788,1,1154.774778,True,True,0.00033672584249981943,1.9559918960427365
3.182661,9,1161.213634,True,True,0.009990413589701087,6.884909101886687
9.377525,1,1162.426679,True,True,0.00017314554263200312,0.9626115189079216
1.68997,4,1164.922443,True,True,0.004629920357295018,14.563588593785902
5.393308,3,1167.191182,True,True,0.004487327485722326,8.089946933487052
3.176029,3,1168.542953,True,True,0.0017874733352348307,11.743963091137271
4.728066,2,1169.725979,True,True,0.008373626811768599,9.238325258291896
5.088858,1,1171.102308,True,True,0.004617770219475712,8.71050621794787
4.587037,1,1172.331091,True,True,0.0020685532315739058,9.613846145751463
0.710829,1,1173.394696,True,True,0.004802989405092702,16.60561691944508
7.460352,6,1178.180922,True,True,0.003103938303042506,3.1035117577542013
-28.926427,60,1210.74402,False,True,0.0009311869659951889,23.61710731480088
0.122156,4,1212.135605,True,True,0.004834053917539739,16.179231793588627
2.529719,2,1213.455934,True,True,0.0005224325108984934,13.151469033630816
3.611693,3,1214.690752,True,True,2.162245729686596e-11,11.116604981589488
7.458806,1,1216.010181,True,True,0.004763932153182663,4.433574223489412
4.514766,1,1217.304557,True,True,0.0008144387941057176,9.74323352926147
-1.225582,7,1222.288504,True,True,0.0040219029191762455,17.466858950162912
1.462226,3,1223.520951,True,True,0.0008237999752589086,13.921280059020651
8.206653,1,1224.779766,True,True,0.004164598790464467,3.0826551251795924
7.319557,2,1226.055828,True,True,0.006439275025242389,4.146722714068461
7.197023,2,1227.336684,True,True,6.265011364744305e-06,4.75617976093216
7.22379,1,1228.570001,True,True,0.007508472719343309,4.860479383352455
9.369089,2,1230.137286,True,True,0.0004755513971577141,1.6769473095229195
4.373482,1,1231.41025,True,True,0.00922702400161814,10.004281132811212
8.202601,8,1237.985829,True,True,0.004082447194261837,2.9191699297158764
1.858361,9,1242.077452,True,True,0.0023279162523663815,10.838129957099838
5.639894,2,1243.376224,True,True,0.001190181732094989,8.366534913243019
6.693422,2,1244.581602,True,True,6.031069927014358e-07,4.6316821791120955
4.421384,14,1249.374761,True,True,0.004913898483006771,10.331643959118031
0.669755,11,1250.884966,True,True,0.0015898654612378701,15.415325849627667
5.321289,1,1252.05183,True,True,0.004547522521074568,8.291095646989058
6.104854,5,1253.576769,True,True,0.00240755164084478,5.989661854228739
8.922759,2,1254.932015,True,True,0.007353479050919927,1.8549711941924831
4.036265,2,1257.359478,True,True,0.00030441130206985533,10.734063511637432
6.301947,5,1258.772583,True,True,0.004980148566066784,5.564241305176319
1.708825,9,1264.140669,True,True,0.0036455963993326707,12.33478459680999
4.932212,7,1269.338003,True,True,0.004791062126738325,5.655615643247116
7.23536,2,1270.561054,True,True,0.004597104949154115,4.216477466537579
2.761023,2,1271.770564,True,True,0.0017122335767768542,12.784014328730894
4.564822,3,1274.300682,True,True,0.00010816477275642396,8.858336206420399
0.220187,4,1277.073195,True,True,0.0047604286053990535,16.90876053583351
9.876213,1,1278.440296,True,True,0.0005424906023613501,0.05324441487383757
3.410138,1,1279.67971,True,True,0.002362175178645287,11.737056187242388
1.115451,1,1281.001129,True,True,0.0012095871834684278,15.874279135230493
6.66952,3,1283.603207,True,True,0.0056203621240517665,6.344914032585524
0.322669,5,1286.28017,True,True,0.007075996356978354,16.694172852208634
1.173097,3,1287.763718,True,True,0.00823268968493854,15.428254059329019
2.54995,4,1290.327222,True,True,0.0008220583259429259,12.976376998043031
5.308377,1,1291.734066,True,True,0.003246045585676636,8.31332110869383
2.65559,2,1293.160367,True,True,0.00020152771923950472,12.632866040078694
4.669192,5,1296.957195,True,True,0.004805173193153828,6.916308987632498
8.118721,1,1298.290024,True,True,0.0002603439868293228,3.236971134598291
0.281755,3,1300.978266,True,True,0.000724790765652383,16.897019066631998
9.018331,2,1302.250912,True,True,0.004525755482469111,1.4394837029396987
3.256715,2,1304.642421,True,True,0.0023220824816171173,11.570793330573283
7.503426,4,1309.507208,True,True,0.004645286875418878,3.5064896818357374
1.376576,2,1310.707316,True,True,0.004615738772883997,14.627476985749164
3.327989,2,1313.091521,True,True,0.000146259371257184,11.811264490536026
4.973335,5,1317.925375,True,True,0.00489470376586645,8.781125638684442
3.169157,2,1319.120979,True,True,3.3108068370202304e-11,11.965229144264272
5.158387,2,1320.562333,True,True,0.000728080664366278,8.553531204454492
4.507065,1,1321.970242,True,True,4.45321330605963e-06,9.756470827859069
4.315519,2,1324.425386,True,True,0.0007696322082602685,10.049313829407023
-3.657654,18,1337.278845,True,True,0.009508887514492243,13.00777002731662
2.702469,1,1338.636826,True,True,0.008802626057226306,13.017244157233069
6.281125,8,1342.272505,True,True,0.002498993060326582,5.427189241518598
7.107035,7,1347.555808,True,True,1.0106077466996537e-05,3.4564148266751733
5.786189,11,1355.331507,True,True,0.0018956920807129602,6.147579256821275
-0.658157,10,1365.82665,True,True,0.00026522593493263566,17.748884950910735
0.190415,3,1368.473686,True,True,0.0001498353426583692,15.356814738484406
8.999083,2,1369.936459,True,True,0.0001010293366292105,1.4898734704651786
6.12206,3,1371.323307,True,True,0.0016018298136218079,6.478561089076663
3.530636,2,1373.992711,True,True,0.004651156827306516,11.397247446133742
-0.556347,11,1381.70123,True,True,0.004207892123852518,14.367166037979798
5.779126,1,1383.105313,True,True,3.226372352673032e-05,7.460956250388787
8.785899,1,1384.462375,True,True,6.917267920254538e-05,2.031495722333887
3.071821,4,1387.315001,True,True,0.0026442271889673442,11.845468883276736
3.134621,2,1388.570538,True,True,0.0004289665754284716,12.037572841321092
6.067765,1,1389.7645,True,True,0.009356923492389696,6.948166030041082
6.586991,1,1391.238965,True,True,3.7889607889390886e-07,6.002639552038134
8.630266,2,1392.456882,True,True,0.009088413926686072,2.8986546193719853
7.75397,13,1394.053482,True,True,0.009141249084940134,3.163800223186907
-2.534368,6,1396.528605,True,True,0.00022814889055537604,17.195805758418686
1.206291,5,1398.994728,True,True,0.009288956876298915,13.532446653926064
6.546565,1,1400.359782,True,True,0.0001441826902283394,6.075766771501574
7.799585,1,1401.719654,True,True,0.000962687092061763,3.814174909777081
8.810164,5,1408.098197,True,True,0.004739567713195071,1.4015068520003737
4.65267,1,1409.262657,True,True,0.002399885067127794,9.495696376889851
4.207923,3,1411.822734,True,True,0.002222683788104507,9.57631519040805
5.822537,1,1413.054523,True,True,0.0001275691194311604,7.3826932222045105
3.70473,5,1414.41268,True,True,0.001803544866239391,10.649036642506719
7.516402,1,1415.667318,True,True,4.740000008426892e-06,4.324497215644568
8.762744,1,1417.009369,True,True,0.004744747871951038,2.079038950851749
5.436173,4,1419.7271,True,True,1.3418467173068743e-05,6.7807883220431995
3.845318,2,1422.26683,True,True,0.0022297612217311007,10.482392279978086
-0.647432,5,1425.95992,True,True,0.004738115383000873,16.489317084207247
-28.233684,54,1444.414855,True,True,0.0007728029137761003,17.914927087533258
3.545798,5,1445.771363,True,True,0.002879611921508332,11.088995687380493
4.306093,4,1447.163733,True,True,0.0009863054913559063,9.849559850222057
2.542213,1,1448.488616,True,True,2.570264903689612e-10,13.30080719316132
0.094486,1,1449.852434,True,True,0.009628550487921779,17.71874036851285
6.836642,1,1451.054339,True,True,0.0048046231639237245,5.556619643957153
7.980729,3,1452.41151,True,True,8.984649790054304e-07,2.5908905650366294
2.149725,2,1453.677843,True,True,0.004804895660502545,13.651684329952255
8.526871,5,1455.079738,True,True,6.531459010827162e-05,4.202124772693345
3.271933,6,1457.676492,True,True,0.007771688771184844,10.139148197482223
4.488935,1,1458.957881,True,True,5.765428391733959e-05,9.78922624767159
4.59806,4,1460.326538,True,True,0.00448075970156184,7.963747305875671
1.203891,6,1464.225334,True,True,0.0010889987024102457,14.81811878770119
9.516769,1,1465.512987,True,True,2.6335040668618373e-05,0.7107692777211085
8.731547,3,1469.419564,True,True,0.005781079277848959,1.8081385505553411
0.493538,1,1470.694306,True,True,0.00044092049835841706,16.99507999917718
1.857461,3,1473.369292,True,True,0.00015894110652031048,12.343278344526992
6.668371,1,1474.670816,True,True,1.0485219600966282e-05,5.855729738952187
4.345063,3,1478.580727,True,True,0.004530896245918903,9.461417800178726
3.370108,1,1480.053543,True,True,0.004746086237095042,11.810868032323683
4.389883,4,1483.727546,True,True,0.0012019974617004693,9.662930435813966
9.121094,3,1486.254713,True,True,0.00033771135441977964,1.1172311283376495
5.63394,2,1488.928592,True,True,0.003996718817284707,7.194476786469795
-5.377997,30,1514.634118,True,True,0.002942948983041473,5.345759099067976
-13.331592,14,1524.725608,True,True,0.005554761030386686,17.560429548443913
3.113333,1,1526.076832,True,True,0.001962785955017584,12.272098562088143
6.685853,1,1527.702814,True,True,0.0001918621650196234,5.824353962868975
5.935785,2,1529.990037,True,True,0.002395860691089401,6.830047733037651
5.361759,3,1532.491759,True,True,0.0005873999220364209,7.492680270513191
6.423057,2,1535.037328,True,True,0.0012464312865271884,5.351368461615353
4.981075,3,1536.607457,True,True,2.7055091549685805e-05,9.435482774074634
5.369416,4,1537.867379,True,True,0.0002061972709227393,7.434448704737965
7.769924,10,1545.387325,True,True,0.008457558986224191,3.1765556621231155
4.632165,4,1546.736693,True,True,0.002260631612802832,9.114454284103218
1.938617,9,1553.111202,True,True,0.00035731599563180484,11.579432499434326
7.75365,7,1560.379494,True,True,0.011910426686245387,3.782348540926242
9.617395,2,1563.139345,True,True,0.008748993831464661,3.5210344182071958
4.353863,4,1564.732292,True,True,0.0036549590374563203,9.098565599566385
5.517972,13,1571.266266,True,True,0.004477499342701309,5.968960745167975
6.609039,2,1572.450177,True,True,0.0048442471906471754,5.570548199425957
8.854854,2,1573.689203,True,True,2.078721060863641e-05,1.2514804305944764
8.957515,1,1574.938376,True,True,0.0003564522905920315,1.7217982828653453
2.217487,1,1576.142274,True,True,0.002074441081928849,13.887732208402312
8.933159,13,1577.864579,True,True,1.173427217648947e-05,1.2872462834034377
5.32409,1,1579.219754,True,True,0.009068927168730163,8.289560913533428
1.054792,5,1581.769541,True,True,0.005126307509806939,15.126965589819802
9.266242,1,1583.010215,True,True,0.003116386404223885,1.1675574843900414
-2.507991,5,1585.529948,True,True,0.0010590312794599276,17.91623749988443
4.381497,6,1586.998491,True,True,0.004085671507151735,8.089749740517872
1.888393,2,1589.161507,True,True,0.0009557388640991631,14.187442083567072
8.365588,3,1591.82924,True,True,3.967210441940556e-05,2.4851663528320396
3.488018,1,1593.131023,True,True,0.004969262343306673,11.598368891133132
6.390785,1,1594.583715,True,True,0.002815275386363154,6.359576467410226
-10.16467,20,1608.687597,True,True,0.00013684999260863903,8.589684399140628
7.29687,3,1611.367645,True,True,0.0005019599771575838,4.437509725035353
8.455749,1,1612.767965,True,True,0.004525337275114322,2.6332243379246085
3.144915,1,1614.029639,True,True,0.0029879251613169552,12.215831259878257
1.952522,3,1616.500696,True,True,0.004904303348835518,14.028824465016655
7.879493,1,1617.682753,True,True,2.347299668468625e-06,3.6687541432971287
7.814075,2,1620.052585,True,True,0.00025508408860174024,3.638731336709716
3.858089,5,1625.415019,True,True,0.006637269964833444,11.205287482881996
5.967168,7,1629.402138,True,True,0.0020463265605197823,8.033613304982431
0.713562,6,1633.333801,True,True,0.009680410212565185,13.887482831485398
-30.987277,60,1688.41024,False,True,0.02251097115882531,12.542455122334887
1.746633,5,1693.910719,True,True,0.0003361645164153531,11.49615250707283
3.932948,2,1697.30249,True,True,5.8094295519204014e-05,10.872055458808202
1.916367,5,1701.242387,True,True,0.00539439333374237,12.518306447278997
5.911493,1,1704.049563,True,True,0.00237859871060404,7.224215608542581
4.560689,5,1713.18961,True,True,0.0021646839118634547,9.136425743631722
9.904794,1,1715.791214,True,True,1.037122890104158e-05,0.009425507168196253
1.600751,1,1718.526098,True,True,0.000490950122890077,14.99885513918199
5.840556,4,1724.435322,True,True,1.0673724952997912e-06,6.889735609583208
1.879405,1,1727.185922,True,True,0.002915001934906871,14.497848974440828
6.448202,2,1731.767436,True,True,0.00487090890436615,5.658436415915951
1.445047,1,1734.084286,True,True,0.0039738276230963775,15.28158162838847
0.445117,1,1736.248368,True,True,0.004166479644539499,17.084272118186156
2.719072,1,1738.051571,True,True,2.348215372149909e-12,12.981837439615125
7.992855,10,1754.069645,True,True,0.006866812900854429,2.843161400447447
4.018637,4,1758.810648,True,True,0.0002637369949228534,11.615988942335711
5.273807,2,1766.283095,True,True,0.004695318471220714,7.869320103702471
7.35768,3,1771.164956,True,True,4.16897010614703e-05,5.329867670913545
5.971238,12,1785.991965,True,True,0.0023016720462953437,5.683408032190854
-0.181588,3,1792.773028,True,True,8.537613326243967e-05,17.74025516453746
2.177964,1,1795.078307,True,True,0.0002766480078148677,13.957877419674947
1.488561,1,1797.435664,True,True,0.009049531227368022,15.205786113673307
3.998726,2,1801.239862,True,True,0.004045605749954268,10.111541311662023
6.160766,9,1814.673045,True,True,0.0038099582780392214,4.829721955425636
7.896213,3,1818.634433,True,True,0.004630755013224083,3.253652951118973
8.9099,1,1821.001894,True,True,0.0008361514169080778,1.8084459780570092
2.74284,10,1835.074106,True,True,0.004822343170294217,10.694568950610325
1.610786,4,1840.826658,True,True,8.84795212039186e-05,15.083437178972591
8.2765,1,1843.214931,True,True,3.0365675428897353e-05,2.951697716487095
7.72656,2,1848.200357,True,True,0.003527318269561643,2.892200783155986
5.563913,2,1850.260937,True,True,7.123192699487121e-05,6.850334045365501
8.9854,4,1855.343273,True,True,1.3449755603658214e-05,4.162198455826568
7.640782,5,1859.26037,True,True,0.004975121204895437,4.225049225877944
3.693534,3,1862.654,True,True,0.0014701739161509,10.942671557225204
8.43391,1,1864.90075,True,True,1.3397285555410976e-05,2.6673284120452605
2.173944,1,1867.083449,True,True,0.001546413329906916,13.965923789483004
7.130983,1,1868.744179,True,True,0.004790431218770712,5.025392842349563
8.632226,1,1870.318839,True,True,0.0007130164779258967,2.309938328100307
5.304362,1,1872.422664,True,True,0.005090545772050278,8.322075072735455
9.096686,4,1876.945298,True,True,4.2083560701207737e-07,0.9763964428487772
3.840883,5,1887.396277,True,True,0.0046452070256352545,8.256702200209368
4.480422,7,1896.68131,True,True,0.0003514420701252333,7.32479922834226
7.133238,1,1898.754086,True,True,0.004761906738914827,5.021295711975871
2.128042,5,1902.828171,True,True,0.0020579047450897765,12.566866008111134
5.949915,3,1906.065664,True,True,0.0015948011936795852,6.827216276288277
9.428262,5,1908.959011,True,True,0.00014287763082647224,0.5547522877839395
2.075636,3,1911.086018,True,True,1.3442085292081352e-10,14.39275137277057
4.494433,1,1913.816556,True,True,0.001220005229902961,9.780245049388126
4.788898,3,1916.479544,True,True,0.009609317665214587,9.118386582973876
5.425838,4,1917.924513,True,True,0.006619875875367312,7.267963533980019
2.122832,6,1924.43812,True,True,0.0003179866500315487,13.492308312952925
2.087728,2,1925.643657,True,True,1.8216181080915606e-08,13.770835581189933
2.595134,4,1929.920555,True,True,0.002414528967190828,12.706937018022892
0.631946,2,1931.187534,True,True,0.0004945737443332577,12.88670598718209
7.594209,2,1932.598795,True,True,0.0011955387848141376,4.300371538518044
4.307819,2,1935.093452,True,True,0.005168672713277535,7.160623218492896
5.829485,1,1936.261777,True,True,0.004660277556179837,7.374216558482657
1.825402,1,1937.513762,True,True,0.000231041165591236,14.593614241631629
3.807404,2,1939.137389,True,True,0.000934031427642687,10.913837892641823
9.903615,1,1940.455311,True,True,3.3117541876577505e-05,0.011590065883645828
2.358093,3,1941.779329,True,True,0.00899383961663834,12.585679039900274
8.431654,2,1944.289591,True,True,0.005349955352752764,2.116063463704906
4.023472,2,1947.189784,True,True,0.00479617455833147,10.500450708195661
1.964132,3,1950.239287,True,True,0.009627261235255797,13.70308139420753
8.078517,5,1954.6622,True,True,0.004586010242677987,3.498122063805327
5.548698,1,1956.419539,True,True,0.00024302603768183587,7.877032918611806
-2.359965,7,1966.505803,True,True,0.0006373759731025351,17.46533416660356
2.368615,1,1968.116943,True,True,0.004654232146786697,13.61678509301365
9.570504,1,1969.793194,True,True,0.0007037450018304386,0.6145925335382281
7.800409,5,1975.016233,True,True,8.280234572632245e-05,2.4640484554659996
4.511892,1,1976.748713,True,True,0.0014603900695414288,9.748936331410501
1.914059,3,1979.364966,True,True,0.0019680147192845648,14.06292633605414
1.254662,3,1982.517258,True,True,0.0010020042682071994,11.961424478760494
7.251458,1,1983.805188,True,True,0.004079731666231283,4.807206294267692
7.850763,4,1985.109616,True,True,9.172421770160455e-05,2.489639207243817
5.194694,2,1986.759283,True,True,0.0021292795242004257,8.289347289561016
1.552849,1,1987.983936,True,True,0.00264570787770616,15.08648131441313
9.794693,1,1989.384084,True,True,1.815827111747905e-05,0.208447046314781
1.557229,1,1990.568891,True,True,0.0047317654053725695,15.079747299168165
6.426836,1,1991.791322,True,True,2.2410059181903028e-08,6.291765175431401
3.531899,4,1993.052069,True,True,5.276668679431249e-05,11.21323174445132
5.921764,3,1994.411259,True,True,2.0662582670306386e-05,7.763625164748843
6.259696,2,1995.69173,True,True,5.8916778557078185e-05,6.69989992353263
1.242857,3,1997.000061,True,True,0.002490374943157901,15.86702484344996
8.216788,1,1998.188397,True,True,4.1654090465487875e-07,3.0595217979033507
9.328134,1,1999.546706,True,True,2.5812713567237473e-05,1.0516666081906707
0.285993,5,2000.920177,True,True,0.005312546130185759,15.3736258788126
7.112148,3,2002.517654,True,True,0.0021506274217865055,3.727060826060296
2.233695,1,2003.669952,True,True,0.00026186761785491897,13.857364331068693
5.744682,2,2004.945819,True,True,0.00015764889441862058,7.2472393902059595
5.963904,3,2006.180109,True,True,0.004957784665260456,6.82835938107724
5.658988,1,2007.39962,True,True,0.004839293326076587,7.682018759387106
7.904448,2,2008.637887,True,True,2.1418303415612558e-05,2.7382708512188265
2.937518,3,2012.481968,True,True,0.002955678762512584,12.30712040732678
3.505719,1,2014.035456,True,True,0.00017996484913838278,11.563094606563203
5.035591,7,2021.816468,True,True,0.002619244926987438,8.012321146625466
7.425533,4,2024.388321,True,True,0.00480900926688712,3.941999631694695
4.803765,1,2025.942093,True,True,0.0007594639424291106,9.221752410530808
9.288735,1,2027.577125,True,True,0.00020372375339753473,1.1231051921039945
3.142069,3,2030.582043,True,True,0.001460153914075165,12.002129829317806
3.041379,2,2033.114828,True,True,2.088133485567134e-11,12.318074966623566
3.524332,13,2045.450568,True,True,7.105766571106302e-05,6.089456324930077
0.581214,9,2049.450992,True,True,0.009552005478267185,13.824332369955458
1.938844,8,2054.557317,True,True,0.0031559068783825342,13.44211878251172
5.383465,1,2055.714388,True,True,0.004609117550089683,8.178964471734933
2.043968,3,2058.828278,True,True,0.0011877933957551343,13.883491433372294
3.479355,3,2060.561831,True,True,0.001980089333275226,11.769863923382525
1.761888,5,2066.001113,True,True,0.0038451516506375436,13.928424564134268
0.038549,30,2094.863634,True,True,0.006972396177631338,0.5203995493006967
-27.911194,60,2130.801663,False,True,0.004501732791438746,24.317789769185783
2.62854,5,2134.678504,True,True,0.0002067036116781499,12.934878944392798
8.404816,3,2136.347502,True,True,0.00011883495335278729,2.429899423192326
-0.133792,2,2137.594911,True,True,0.0047728182592945995,17.367842595694476
3.932703,5,2138.983244,True,True,0.004755838031775729,9.272061979572825
5.770311,4,2143.037333,True,True,0.009799359250152012,9.00677274468034
6.552229,1,2144.778358,True,True,8.065278715847779e-05,6.065476769884092
2.614412,4,2147.456374,True,True,0.0006448891899407325,12.722227953364957
8.085068,1,2148.866606,True,True,0.00015571749035050292,3.2964851961886685
5.408882,1,2150.151123,True,True,0.004437040643128673,8.132962478011512
3.915864,3,2151.87046,True,True,0.0051689044172211155,10.407656495983925
1.314577,2,2154.669172,True,True,0.001127714645006675,15.33226795363231
-35.275115,60,2182.703282,False,True,0.034156418135599505,20.574691370385803
6.183128,1,2184.037164,True,True,0.0002658864481233725,6.731960661384452
8.623395,2,2186.727526,True,True,0.00013104196836064529,2.3751107500952986
4.52835,3,2190.825032,True,True,1.0121102811270002e-06,9.018481601386938
2.99674,1,2192.290761,True,True,0.00048386184221809424,12.481371914475375
5.184589,5,2197.990204,True,True,0.004857174081935445,6.341711400864647
2.855364,7,2202.150606,True,True,0.004428782484629782,9.592389749126385
-26.725021,60,2245.490532,False,True,0.020884049012055726,22.597152431880286
-0.454087,3,2249.629509,True,True,0.00480088948323149,14.229619072462196
9.907299,1,2250.937946,True,True,1.9000774703625822e-06,0.004885788079355771
2.614811,1,2252.615016,True,True,0.00029819771879705057,13.170074961035473
7.008765,4,2254.052772,True,True,0.00012253755126029244,5.069614355462467
7.669939,1,2255.657777,True,True,0.005995520340128058,4.0536625734990945
9.391704,1,2256.87724,True,True,9.119230933492088e-05,0.9368767134277433
6.935295,3,2261.031226,True,True,0.005138820013472029,5.4280586274969265
2.997157,2,2262.634125,True,True,0.002781447173723412,12.240645736697413
3.805564,2,2265.605176,True,True,0.0003424771614983933,10.894103774273049
-5.727568,10,2275.089418,True,True,0.0032650674563750874,17.22896080560955
6.275558,2,2277.488025,True,True,0.0029938649701713015,6.430696921802295
-16.647137,14,2282.962707,True,True,0.0030558290644312814,17.6475098445177
0.225826,1,2284.200488,True,True,0.0035119323420082157,17.479235900745024
5.645188,11,2288.266798,True,True,0.004872385677431982,5.972658013349947
5.776639,1,2289.617508,True,True,0.004747141918456838,7.469649305040568
3.115783,1,2290.82494,True,True,5.697447045399651e-10,12.266320195036318
4.131039,6,2295.843684,True,True,0.0024295644679137307,9.72088576236754
-25.247059,60,2337.509605,False,True,0.013992716825560726,13.810756376291135
6.395729,2,2338.853865,True,True,0.002261187985877563,6.441109283254682
3.645909,1,2340.023453,True,True,0.00011889350011288786,11.3101638467057
9.11191,2,2341.20068,True,True,2.1843375548515585e-05,2.1508411001773173
2.05689,1,2342.424799,True,True,0.00011049438031383472,14.17610583302818
4.571976,1,2343.710752,True,True,0.004783115312841128,9.643106817015282
6.068806,1,2344.96681,True,True,3.5655011850974083e-06,6.938065503814582
4.762405,1,2346.250354,True,True,0.0007123316966173442,9.296340714539042
-1.090743,10,2347.803993,True,True,0.010095758599409957,16.244836011072007
6.242525,3,2350.28485,True,True,0.004658086725849397,8.675744902698028
5.600922,2,2351.679712,True,True,0.0076871064704941315,7.382261573718375
4.385087,7,2357.937381,True,True,0.0038378381703170344,9.439175425755385
2.398703,3,2361.830141,True,True,0.0032996399793079646,13.051004566141563
9.155063,4,2363.287463,True,True,0.000238645414302499,1.6271176344305647
0.027794,1,2364.645011,True,True,0.008729307418742862,17.837320708627978
7.741126,1,2365.821035,True,True,8.814818266408841e-05,3.918753191914963
2.373392,1,2367.210068,True,True,0.005021463660679099,13.608390369092811
3.206269,4,2371.288121,True,True,0.00710274131194567,11.365461863410253
4.056336,4,2375.182782,True,True,4.871457882752589e-06,9.493493360439082
2.814888,6,2384.26552,True,True,3.45893904055497e-05,12.962954757650676
3.053437,1,2386.388573,True,True,1.1867295340861617e-12,12.378772891661196
9.007944,1,2388.553329,True,True,0.004542712060425752,1.635921929606325
-7.039755,16,2405.89581,True,True,0.009556814395226017,5.0892156364289365
7.350117,3,2409.615089,True,True,0.0004830477839354603,3.850822438015917
2.200188,1,2411.284382,True,True,0.005293458532434588,13.920846775750514
8.034161,1,2413.30669,True,True,0.0012969051277458414,3.3909144664661164
2.301049,3,2416.804052,True,True,0.0043859391703141674,13.498631361849553
5.414319,1,2418.28031,True,True,0.0021260978390251683,8.121205959526279
7.260121,2,2421.238292,True,True,3.878590187707969e-06,4.223490572672517
1.188716,2,2425.637333,True,True,0.009256691634512568,15.546863214485386
5.05178,1,2427.441221,True,True,0.004734191303861884,8.777492254289175
-4.616361,8,2436.380968,True,True,0.0029315284695710523,15.642525476530468
3.068615,2,2440.089587,True,True,6.994990281321972e-06,11.98095965102788
9.795362,1,2441.844321,True,True,3.839074642366031e-05,0.20726572717617367
6.995778,3,2447.828671,True,True,0.004673425505542896,4.270953857819154
7.551932,1,2449.876939,True,True,6.431225979163652e-06,4.260335509901575
3.670853,1,2452.111103,True,True,0.003315619432310166,11.26607339163512
4.012088,1,2454.235116,True,True,0.0022458087070579636,10.651197878814015
4.65629,1,2456.489763,True,True,0.004904221125619222,9.49110082947751
3.5489,1,2458.857971,True,True,0.002464473301645542,11.486847828039224
3.547205,1,2460.956863,True,True,1.7889998510378646e-11,11.488127326373338
-42.503249,60,2518.877463,False,True,0.020596691911167715,39.790287419950204
6.467895,4,2520.388435,True,True,0.0023291735202507803,5.941385107188165
1.005242,12,2522.115593,True,True,0.00034838188573978884,12.086519830611552
9.797416,4,2523.947602,True,True,0.00044496465192978875,0.846311713729114
7.058533,1,2525.243483,True,True,2.957342042313269e-05,5.151317315654
-47.893232,60,2565.136899,False,True,0.014856935741571521,23.164021921220495
4.210308,2,2567.451321,True,True,0.004145408776600206,9.543973729824778
8.013214,1,2568.678321,True,True,0.0055659387033944645,3.43346388446141
3.875428,1,2569.881303,True,True,0.004601229189873666,10.899397366269081
7.872441,1,2571.053499,True,True,3.3268847478755284e-05,3.6815260365511415
-21.069386,60,2584.965148,False,True,0.018717282860085272,25.160353215817846
6.252971,1,2586.656218,True,True,0.0034651786793334417,6.608916004678563
3.805949,2,2590.054912,True,True,0.0011537722664577144,10.894634486084998
-29.843595,60,2623.718224,False,True,0.010093483947270013,11.264409947934293
4.76949,1,2624.893465,True,True,6.808342377791557e-06,9.282967786804422
8.709072,1,2626.035038,True,True,5.075208335025665e-06,2.170216303490072
7.531902,2,2628.477096,True,True,7.042246422068126e-08,2.9948561331861168
7.415703,5,2632.859123,True,True,0.0025646020146156325,4.010944736618344
2.443206,1,2634.44237,True,True,0.0006188375557722742,13.479766987012251
3.250439,2,2636.69945,True,True,0.0002654871871060997,11.954134748922199
9.378137,2,2639.637075,True,True,0.0058037675329936375,0.8546172561681603
4.733892,3,2641.381995,True,True,0.004631896862527149,7.775866711467867
6.71097,4,2643.130319,True,True,0.0003922036832038206,5.760442628345265
1.851836,4,2646.800462,True,True,0.0006507401744213666,12.422329178751097
3.475426,2,2648.028969,True,True,0.00033890248733465167,11.490935804463213
2.264946,8,2655.375522,True,True,0.00024563291998529885,11.927222750194927
6.029773,1,2657.044851,True,True,0.0009559352188317513,7.009427586437309
6.326137,1,2658.204519,True,True,0.00025375048035204684,6.473798956492821
3.478417,8,2663.083981,True,True,0.0009345721918649942,10.619938006552347
4.31655,2,2665.496794,True,True,0.002453380805164964,10.114531059216187
6.714924,2,2668.46933,True,True,0.002701979475890466,5.232338157658172
7.648059,2,2669.883998,True,True,0.004441210268567272,2.5037694560602
4.290817,2,2671.107813,True,True,0.004868858945664617,10.125884089448212
0.724908,3,2674.033196,True,True,0.003989909478981164,16.545984137521003
9.635988,1,2675.220152,True,True,0.003933847643476219,0.5005798099053933
7.247707,2,2676.993134,True,True,0.004806295031116737,4.674469419641228
7.602066,1,2678.219652,True,True,1.414209800275389e-06,4.169791318172407
5.812086,4,2680.067884,True,True,0.00017268241308159536,7.202110783348583
2.216498,7,2681.408905,True,True,0.004672993620176339,12.224436147345337
7.325075,6,2682.710236,True,True,0.0023223996834301677,4.662814520554721
4.198209,15,2689.290995,True,True,0.011709087391167638,2.2530075951221504
8.154128,18,2698.533446,True,True,0.0049292549632512445,3.4358029044060965
5.464238,3,2702.023242,True,True,0.00017489679818592134,6.133094661990718
3.869473,2,2703.639278,True,True,0.006880401070928817,13.242589831181922
4.264943,1,2705.335937,True,True,0.0007258933841269612,10.193886919336432
2.275564,3,2708.285186,True,True,0.0019443381136151072,14.029472815680382
1.25341,1,2709.433969,True,True,6.45136632778185e-05,15.62488860640886
6.03502,1,2711.086286,True,True,0.001142412389065893,7.000131207370361
2.970085,1,2712.641256,True,True,0.0005152795408018829,12.529468534754923
9.542241,2,2715.549112,True,True,2.63988589214309e-07,0.8066581521035525
8.479542,3,2719.426771,True,True,1.0554739896191049e-05,3.7010135965359336
8.073385,2,2722.198604,True,True,2.457937324279241e-05,3.1682045273042774
3.426421,2,2723.351431,True,True,0.00016575373233527427,11.579267183380408
5.940313,4,2727.865474,True,True,0.0043934337783849055,6.59129809910156
2.952497,3,2732.033488,True,True,0.0007240817248040272,11.384218757467524
4.78542,2,2733.23774,True,True,7.9213106512167e-06,9.405216100558958
0.226516,2,2736.241122,True,True,0.0004498995312635784,17.310746142442884
8.711633,1,2737.942746,True,True,0.0005580862545313137,2.1612622179793624
8.117518,3,2740.75715,True,True,0.0009195376390636982,2.932558963199647
3.308642,2,2742.3284,True,True,0.00026803022177405295,12.042255007047526
2.498214,3,2744.100597,True,True,0.004315008700494946,12.774214931733667
3.509238,2,2745.290118,True,True,1.3308445317994355e-10,11.429311923369692
3.204912,1,2746.37897,True,True,9.860800223975572e-05,12.105626654611982
-2.126727,9,2747.81615,True,True,0.002435487906001752,17.59914684860771
3.037546,4,2749.693606,True,True,0.0029348846340293555,11.965827182971143
6.014441,2,2751.571453,True,True,0.0023257280277504348,7.014826942964588
6.039604,2,2753.168893,True,True,0.0017460536202423948,7.1526708172818765
6.85036,2,2754.902484,True,True,5.0155094489888e-05,4.828607702720365
0.779512,2,2756.679024,True,True,0.0010465733677788207,16.407160266458956
-0.045202,16,2758.996515,True,True,0.006827992363522058,13.196561896258565
0.58919,2,2760.100395,True,True,0.0048594670413193404,16.474528773639552
0.137122,1,2761.326269,True,True,0.007225090336577696,17.64085128989712
7.546937,2,2762.557281,True,True,0.0036383090833004925,3.548499402477587
4.281009,3,2763.699499,True,True,0.0001549811020918582,9.63311519066559
0.182007,7,2768.476361,True,True,0.00460327729031512,16.627275872703915
6.560375,1,2770.133836,True,True,0.0003643433243420589,6.0510586561998405
4.795842,2,2773.197129,True,True,5.044107901127899e-05,8.904065887857964
3.841728,1,2774.41398,True,True,3.5425282123085697e-06,10.956829124199981
5.283173,1,2775.638732,True,True,2.3198106245906486e-06,8.356010401658036
7.100703,1,2777.413466,True,True,2.738382149800045e-05,5.075172183332894
8.171352,4,2780.856484,True,True,0.002562377022289664,3.578548420465128
8.681248,1,2781.982157,True,True,0.0023929279180631997,2.2234470148517436
-12.464932,29,2806.495821,True,True,5.490089020913935e-06,16.644191207956755
8.424464,1,2807.721033,True,True,0.0020951583376575466,2.686470169723159
7.149668,1,2808.939432,True,True,0.0023720232545034223,4.9892329024273225
8.568899,1,2810.147497,True,True,6.676524965175488e-05,2.4235338040955057
4.444014,2,2812.494105,True,True,0.009733409778623933,9.483088143047054
8.834989,1,2813.652724,True,True,0.004679005079457866,1.9484779216399937
3.115132,2,2817.131094,True,True,0.004781222823710658,11.666386253503049
3.699263,2,2819.430595,True,True,3.3387361816211714e-09,11.229465790809613
1.947923,1,2820.587074,True,True,0.00012992256330176817,14.372617497696279
2.149687,2,2822.377808,True,True,0.005193561561151993,13.144036988854813
7.929084,3,2824.756399,True,True,9.088369902078347e-06,2.7317308207091675
-12.082733,14,2836.292731,True,True,0.002744091061146239,17.07889142186045
6.672843,2,2837.578568,True,True,0.004702912721589424,6.051637980746672
5.18866,1,2839.202446,True,True,0.0007358508504264772,8.525449107778782
0.821037,2,2841.59625,True,True,0.000302453870079278,12.542382351805154
5.286258,3,2845.582772,True,True,0.004668027628645155,5.636325430941446
6.913192,2,2848.481531,True,True,0.0073105122778780954,5.263377086179958
3.002831,1,2850.837965,True,True,7.4226544528877e-10,12.470049689617433
2.051247,7,2859.832134,True,True,0.004110302226818367,13.095273186896614
-18.878867,60,2891.716968,False,True,0.004585677762233613,24.85264407523241
3.92734,7,2898.632345,True,True,0.004737086491413208,10.00633530358525
-24.680145,60,2944.81878,False,True,0.006861272360338428,23.840616369338406
3.245527,1,2946.810199,True,True,0.0021309358235509467,12.032911422964553
-5.629335,9,2959.093446,True,True,0.0009507297608917012,16.737235140312972
2.676484,3,2964.677578,True,True,0.006572965975953374,12.658968713770266
-7.086123,17,2984.159817,True,True,0.011816107747617296,6.315540637491876
3.607411,4,2988.174493,True,True,0.004389996824831748,10.853957307919796
3.148373,1,2989.747528,True,True,0.005068182508880534,12.210955273817014
0.872099,2,2991.386768,True,True,0.004824309521381299,14.309876383035128
6.884091,3,2997.020996,True,True,0.00031193854471930384,4.608991553049747
6.803656,5,3002.017571,True,True,9.396122141370004e-05,5.518100712437619
3.450228,1,3003.605721,True,True,0.00295630885362423,11.665161689688077
2.913173,10,3014.855188,True,True,0.007459675338314719,10.174862410129347
7.467368,1,3016.654648,True,True,0.005743151408513188,4.419102463400889
8.987635,2,3019.323959,True,True,7.240880898984206e-05,1.4710926973183693
9.190419,1,3021.125005,True,True,2.6391358920525854e-05,1.3005281155092758
5.626029,3,3022.317959,True,True,0.00498533782694328,7.82358816203892
7.059739,1,3023.985492,True,True,0.0014600534728673451,5.150647742961497
-9.784712,23,3043.327169,True,True,0.004360636262872768,16.875447612437924
4.301938,4,3047.393479,True,True,0.005079050233143803,9.885731875724018
1.883297,5,3051.498251,True,True,0.002401545173898842,13.63830857303977
-1.389203,7,3055.076752,True,True,0.007808591889678328,15.502029373365833
1.981969,1,3056.806952,True,True,0.002462805856132154,14.312648588802192
-3.178223,18,3073.4833,True,True,0.002408811472152816,14.554916052321921
3.321542,1,3075.243959,True,True,0.002901221773772285,11.897220023186712
3.306023,2,3078.002848,True,True,0.004830564504999326,12.053603528009122
9.897236,1,3079.608579,True,True,1.813209680612011e-05,0.023098809486543435
7.291277,2,3080.771746,True,True,3.868537470329064e-06,4.142677347198528
3.596335,1,3081.9139,True,True,2.2739135227545226e-10,11.399502878284789
6.767034,2,3083.111523,True,True,1.1253237946048412e-05,5.042372530151803
4.561148,2,3084.377656,True,True,0.011852198244330626,9.315289642245483
4.033229,2,3085.595386,True,True,0.004106941110276742,10.494105907630315
0.964432,4,3086.89592,True,True,0.0048113805850168185,15.774389194735186
3.400695,1,3087.962973,True,True,0.0034810777858983056,11.754857041137813
1.169102,1,3089.112153,True,True,0.004068084200144088,15.779112626384503
6.134946,1,3090.240499,True,True,8.269922670434832e-06,6.818683003609586
4.532679,1,3091.483594,True,True,0.004317836090977356,9.71364527061096
5.190552,1,3092.709884,True,True,5.135534953239554e-06,8.523159515266617
9.486862,1,3093.870553,True,True,0.002771730998386533,0.7685103868477925
2.33688,2,3095.079792,True,True,0.0025798368105650303,13.551448607316685
9.003276,1,3096.197758,True,True,0.0020441349484669655,1.6412822248047096
6.978338,1,3097.332349,True,True,0.00012157393042519634,5.296213234871371
5.55105,3,3098.659071,True,True,0.0022336519779497218,6.8886491634907
4.724358,2,3099.80278,True,True,0.004744973340573971,9.23964898839572
10.150747,6,3101.100108,True,True,0.004767776906997988,0.8023528943313105
8.551622,2,3102.333544,True,True,0.009090733144927848,2.832245150371989
8.541922,2,3103.465719,True,True,2.5767015874296126e-05,2.630406806481996
7.182686,2,3104.707407,True,True,1.2861089779043003e-05,4.3121942529871005
8.152784,1,3105.905773,True,True,0.0018608833221668885,3.1773275237682834
7.148994,1,3106.980495,True,True,0.00012604860029567268,4.988082161177202
1.87987,2,3108.295605,True,True,0.0012157450512621272,12.998102942315265
8.944848,1,3109.509332,True,True,7.711854723253114e-05,1.7443217156603175
4.480154,4,3112.794435,True,True,0.009339303532137558,8.095446762421075
3.025787,3,3114.120043,True,True,0.003811240194238154,12.23329991333727
3.331612,4,3117.090926,True,True,3.143492063872877e-10,11.630414087707084
2.751535,8,3124.667107,True,True,0.0003827118155533965,9.79215681823981
0.036169,7,3125.890545,True,True,0.0029387994434934665,16.864065097171576
7.818504,1,3127.241223,True,True,0.00013223863758815915,3.779056221671058
5.364817,2,3130.088397,True,True,0.0020395452261958522,7.660015510751483
6.561007,1,3131.923478,True,True,7.309214137476115e-05,6.049622186490531
2.393604,5,3138.347302,True,True,0.0009956414700247258,12.840777648769638
2.605011,4,3143.994946,True,True,0.0020742741530245324,12.526553985259811
6.315748,3,3147.840472,True,True,6.843621657619129e-06,7.081000266224982
3.220326,1,3149.053423,True,True,0.0045129132616789315,12.080837266476781
-9.912529,51,3172.94796,True,True,0.0029522606904047516,7.816544576777104
2.178523,1,3174.131539,True,True,0.007299743960306505,13.961040343316904
2.465735,3,3176.448081,True,True,0.0004582537540064671,13.169962354932922
8.540019,1,3178.047087,True,True,0.0008302615932160428,2.476654091565732
6.694903,3,3183.175587,True,True,0.000989677353693626,5.7577109358930345
-20.921782,25,3206.412277,True,True,0.008679877803987282,12.195581351684496
4.507539,1,3208.022133,True,True,9.262160843501177e-08,9.755612724509787
3.746007,1,3210.671992,True,True,0.000287908993926971,11.126859116338737
4.607564,10,3222.92098,True,True,0.0027931954416550216,8.443967273201665
6.019344,3,3226.355473,True,True,0.002561821686475731,5.998495419259048
8.494109,1,3228.092782,True,True,0.004527666474683226,2.5639512033285543
1.744944,1,3230.084687,True,True,0.004864434568073006,14.741392510701294
6.379947,1,3231.794827,True,True,0.00394255002394951,6.380187533540224
3.840234,2,3233.513523,True,True,1.353053086239342e-12,10.73624057121263
7.121541,1,3235.255361,True,True,0.004709026343752777,5.042358040742491
7.72227,1,3236.430461,True,True,0.0003499779799777205,3.9531049549578667
9.564945,1,3238.100348,True,True,0.00488361509313682,0.6301495582991472
8.212893,2,3241.467272,True,True,0.004924627724987252,2.0070992026728334
7.961292,1,3243.145917,True,True,7.735390453118655e-06,3.5210193040032807
6.744966,1,3245.036689,True,True,1.4287005215760096e-06,5.717435139692301
9.514729,1,3246.792902,True,True,0.0002978693009542486,0.7107276263832096
7.416736,1,3248.394852,True,True,0.004579906239512922,4.509336893994892
6.056725,4,3251.474223,True,True,0.004420817663115642,6.559740902397768
6.117157,1,3253.196121,True,True,0.004834949295835122,6.8552503643627265
1.287536,1,3254.891833,True,True,0.005112114893674892,15.566154302147263
-4.304334,5,3256.197975,True,True,0.0015245739529830922,17.994331673373093
8.691195,2,3257.311949,True,True,0.0030350471922036045,2.392882239887608
2.168793,1,3258.549755,True,True,4.899904267052779e-09,13.974238526733265
-17.113338,25,3266.344092,True,True,0.011732677374503696,14.752856393884624
6.509442,2,3268.807663,True,True,0.009330562814747019,5.7521750488912655
7.440712,3,3271.21042,True,True,2.442635151276261e-07,4.803293745260348
5.629197,2,3272.893801,True,True,8.312540865923652e-05,7.595030973558421
9.330476,1,3274.58786,True,True,0.0003331376265676561,1.047850482668879
4.588653,1,3276.176517,True,True,9.840441169829597e-05,9.609338824136822
-23.33108,60,3319.135719,False,True,0.008313587673312132,58.08199668101974
7.948621,1,3320.766991,True,True,0.00012013233313258511,3.5440367564785986
6.952052,1,3322.006596,True,True,0.00011363149743630688,5.3436637929996795
7.656205,1,3323.683043,True,True,0.004670604782688388,4.077099088405961
6.17763,5,3327.96235,True,True,0.004798938005819386,7.407887568201193
9.906941,1,3329.098594,True,True,0.0015998640014974123,0.006569533516846538
9.853936,1,3330.321345,True,True,1.1049763902779529e-05,0.1013544220313417
6.060256,5,3333.235524,True,True,0.004599377537952415,5.750629540609292
7.866137,1,3334.833152,True,True,0.0003700606559424815,3.693303059404135
3.057214,1,3336.17042,True,True,0.0020631035964630146,12.373379567290394
7.019904,4,3340.476055,True,True,0.00012618641748455596,6.263562806582271
7.512424,4,3345.652265,True,True,0.004799429508127245,3.623558583594308
1.543055,1,3347.274439,True,True,0.003542119527315939,15.104643926149196
6.489037,1,3348.948294,True,True,0.0007714683073295611,6.180247417117458
-8.866379,11,3356.959745,True,True,0.00010879926235687898,12.538096536222787
7.003675,1,3358.49388,True,True,0.003902201109938522,5.254329502581495
0.799477,4,3359.875015,True,True,0.003441756115741622,15.553626261840423
-14.497696,60,3418.149967,False,True,0.01755218109010835,17.417179125547438
-10.216158,25,3424.990865,True,True,0.001930438237633639,15.868679448385059
2.347904,1,3426.123583,True,True,0.0002079775950763231,13.65136768956339
7.168981,1,3427.688348,True,True,4.018620777368476e-05,4.951900070051991
6.23017,1,3429.034362,True,True,7.384701070747932e-06,6.646790981317164
5.826621,1,3430.260328,True,True,5.188476583915802e-05,7.375251628526499
5.811855,1,3431.648026,True,True,0.003740370118323291,7.405103104967325
5.922165,1,3433.22691,True,True,0.004563532756200405,7.206891522509123
2.903193,3,3437.764431,True,True,0.00026317661610481945,12.742017269113592
6.265131,1,3439.334333,True,True,8.824699615319134e-05,6.58376181633638
7.545291,2,3440.609445,True,True,3.2280356853457357e-05,4.3807953741933625
2.5068,2,3443.48082,True,True,0.005336609416527598,13.332881447236629
7.066938,1,3444.733908,True,True,0.00029045729235763033,5.136419480047966
9.427141,2,3446.043816,True,True,0.009614708416125736,0.930535566294231
-4.661087,34,3463.596358,True,True,0.007272274490024048,8.54479101764054
7.97926,1,3465.16516,True,True,4.300708485154708e-06,3.4885630768456353
9.537247,1,3466.419318,True,True,2.8314434352954415e-05,0.673762020951913
0.571332,2,3468.008561,True,True,0.004007802940340354,16.27399473779064
2.91445,1,3469.301142,True,True,0.002604533606698385,12.63121260131145
3.462747,1,3470.919287,True,True,0.00448543492932068,11.64362202004029
8.920719,1,3472.185757,True,True,0.000141723315067347,1.7776368833363154
6.274215,5,3476.347552,True,True,3.636028163840968e-05,4.923121569817627
9.743442,1,3478.156023,True,True,8.620452335573146e-05,0.3011770309930329
5.207783,1,3479.741305,True,True,0.0008589113372139134,8.492808988085722
4.852184,2,3482.525577,True,True,0.008512432283607306,8.618590192681586
5.817677,3,3486.5205,True,True,0.004491330817570455,5.134118590878534
3.148177,2,3488.138753,True,True,0.0001651045392282865,12.285240129657192
-11.728874,21,3512.937416,True,True,0.0027650294687467532,16.048050180785154
3.220654,5,3519.807473,True,True,0.002276387237939083,10.896767955247523
4.46811,1,3521.097146,True,True,0.0076044623555582115,9.832500426333945
9.549289,2,3523.830084,True,True,0.0010833747228399379,0.4943616403859894
2.275136,1,3525.070327,True,True,7.185129588134274e-05,13.782509801746215
4.434776,2,3526.726837,True,True,0.00021706429147975905,9.793621362837902
4.655904,1,3528.458184,True,True,0.0047409514712784635,9.491673256813943
7.180849,2,3530.145866,True,True,0.00013496090668978667,3.694346535184093
1.217337,2,3531.629857,True,True,0.010079822226083491,15.581245027637522
5.757113,2,3533.273213,True,True,0.0004294298024560797,7.468869780130359
-29.091608,54,3572.384123,True,True,0.0007309812045955466,15.445100863110875
2.01608,2,3574.801548,True,True,0.00010336322565591971,13.513694045867533
2.466087,3,3578.41015,True,True,0.002454064089632269,13.212293403358231
4.205239,1,3580.155198,True,True,2.0302968802704546e-09,10.301026634162247
7.514329,1,3581.417453,True,True,0.0003503028875730743,4.328628267089964
2.98714,17,3598.132102,True,True,0.006495963567404869,3.08042122694494
7.590596,2,3599.520626,True,True,0.009188713375885761,5.323496249656626
4.467874,1,3600.919132,True,True,0.004592603263283372,9.830753524090516
3.158765,2,3602.183397,True,True,3.310549022114321e-05,11.957190416589205
-2.02283,6,3603.662831,True,True,0.002821918199609505,14.810222601207757
6.335155,1,3605.069869,True,True,0.0067723430087498395,6.463549588119456
3.344547,2,3607.174286,True,True,0.0005126995978817989,11.727771794962207
7.212751,1,3608.667872,True,True,0.00012034148461678761,4.872952519744352
-6.569349,8,3611.991321,True,True,0.00973699188870832,14.733650005026334
2.791345,1,3613.364121,True,True,0.0014637098589292581,12.852474622660152
5.344025,1,3614.710258,True,True,2.5994664822637963e-05,8.245729999723252
8.504096,1,3616.550809,True,True,0.004697019781896131,2.5461070257851013
8.601417,5,3619.430512,True,True,0.002542580031844136,3.7409776004945496
6.357628,1,3620.903467,True,True,0.0006081730128973378,6.417301625034686
4.069067,1,3622.269113,True,True,0.009564561186927445,10.553498564303192
2.795587,2,3625.444733,True,True,0.0010006587755861827,12.720603476813668
-23.501457,60,3653.4525,False,True,0.017921563399228874,39.28848189334545
-0.727073,4,3657.596685,True,True,0.0049692639172594436,16.791401582611314
9.11845,1,3658.859239,True,True,1.9535263861026123e-05,1.4305663349998716
8.641046,1,3660.627395,True,True,0.0005139590617491809,2.2937554526964647
7.379564,1,3662.325754,True,True,1.0777598205761844e-06,4.571600567311653
4.56427,1,3663.622819,True,True,0.00021043021569654933,9.6503422143637
3.518366,2,3666.032285,True,True,0.004389822860293933,11.392646481758659
5.235325,2,3668.449756,True,True,3.2361592681093287e-06,8.324212458393193
6.24188,1,3669.658546,True,True,0.004928135073508236,6.630254186834658
9.620338,1,3671.38846,True,True,0.001493359851074141,0.525614449625273
9.080602,1,3673.292533,True,True,0.004698732796784943,1.5048690570586292
8.285045,1,3675.040063,True,True,0.0019239237730582842,2.9385243711308737
8.723895,2,3676.671621,True,True,0.007095629822296125,2.4252434100950526
-18.902968,60,3717.426424,False,True,0.038162107707358194,30.298385690450967
7.178039,1,3718.948945,True,True,2.747862649291402e-06,4.9355030590353115
7.485509,1,3720.911922,True,True,0.0002373147721146454,4.380545226957588
6.952399,1,3722.91101,True,True,0.002435547822194138,5.34543404462333
5.664874,4,3728.094989,True,True,0.00030777965773246853,6.225997326077896
9.443049,1,3729.591668,True,True,0.00010573867106696867,0.8429606167114496
5.595049,1,3731.099351,True,True,0.00948253565159576,7.801079359875988
0.384822,2,3734.546125,True,True,0.0025094481968206232,16.830058718197364
4.478918,1,3736.175805,True,True,0.0045712140001178195,9.810815767060097
-23.636827,60,3783.768458,False,True,0.0022206471167264524,13.035115197387722
3.072332,1,3785.408063,True,True,0.0042007618079063745,12.347527784975261
4.836281,2,3788.299576,True,True,0.0006386639256172584,8.401052018404284
6.780896,3,3791.663353,True,True,6.046530498987992e-05,5.133782593054405
2.867532,1,3793.361056,True,True,0.0005972775294997325,12.714488347543117
6.149443,2,3796.228257,True,True,0.004835447037603337,6.914978089089729
-40.146519,60,3864.916122,False,True,0.04264836752258931,30.675340327647636
4.25891,1,3866.608201,True,True,0.000153088138199497,10.204317783280082
-24.458793,60,3917.276399,False,True,0.021961586166626308,11.544271064397332
8.456375,1,3919.135421,True,True,8.554665543113871e-05,2.6268340567722728
4.393715,2,3920.695707,True,True,0.00014188384528666942,9.904493283498837
3.361596,1,3922.548203,True,True,6.939855148879737e-10,11.822936118014946
4.800478,1,3924.328923,True,True,0.0037472993067229838,9.230094044223069
-22.432726,60,3948.222389,False,True,0.005313521970604047,24.178938732016125
4.108836,6,3957.153814,True,True,0.002640589247374446,9.981184172403049
9.366337,1,3958.925542,True,True,5.785147283684719e-06,0.9826024287803664
10.015478,2,3961.837513,True,True,0.004774979816917173,0.49393636228822085
4.19448,1,3962.941363,True,True,0.0001347391581941217,10.320544266115942
3.232064,1,3964.184503,True,True,0.000545089521783742,12.056969819508769
2.101137,1,3965.851028,True,True,0.00045493060384233994,14.096532339765998
7.263573,1,3966.963325,True,True,0.009616456514400708,4.790615308592719
1.315833,4,3971.621807,True,True,0.00021370808718809437,12.413176005943512
4.63528,1,3973.321388,True,True,0.004824125538958385,9.528940329922936
6.259819,1,3974.571415,True,True,7.781011203891915e-05,6.5933410795973195
4.522366,1,3976.22052,True,True,0.004596654643289608,9.732459456987451
8.317419,3,3980.726475,True,True,1.6763516353848068e-06,1.8529514609873905
0.801046,1,3982.51404,True,True,0.0034880190796564357,16.442318392335203
3.855902,2,3984.978304,True,True,0.00025845737052443765,8.261890754317792
8.303928,2,3987.285735,True,True,4.912341530609889e-05,2.805658458868748
5.031817,1,3989.048143,True,True,0.00019244019351026694,8.80976804503818
2.252653,3,3990.947185,True,True,0.0001790607680682739,13.311107159005902
3.233985,1,3992.151963,True,True,1.3806463604760372e-09,12.053117413564765
1.556614,2,3995.605479,True,True,0.0023555802382889575,14.86749070959302
5.582195,1,3997.314987,True,True,0.004825290027573024,7.820571066845334
6.401534,6,4003.36281,True,True,0.008676256880510585,6.542724557343249
0.745663,3,4007.112627,True,True,0.00039490961351224766,15.754568980089063
4.486503,4,4009.83611,True,True,6.687190358043143e-09,9.010785549355477
7.802558,3,4011.398234,True,True,0.0044850154077140025,4.090162837711655
5.35818,1,4012.911279,True,True,0.00023716927743549273,8.220857563522522
6.156047,1,4014.055574,True,True,0.004944782974760177,6.785167343867151
7.96794,2,4016.373115,True,True,0.008127388228953286,3.931310629536586
8.098942,2,4018.114462,True,True,0.004960576234313818,2.8938203218932754
3.750025,1,4019.345689,True,True,0.005290578427654832,11.126050008797982
-3.816562,10,4030.139209,True,True,0.00020620499220445993,10.59866484674396
2.084332,1,4031.762673,True,True,0.004415986484337355,14.129229264550753
4.242842,2,4034.702358,True,True,4.1484671928911435e-05,10.395739590550766
2.570596,2,4036.892054,True,True,0.0013434135578964108,13.06602105247419
3.286648,2,4038.312032,True,True,0.0014643796348019107,11.82784232233862
9.905225,1,4039.534332,True,True,3.2134304803442537e-06,0.008635087812300848
-24.538738,60,4111.525093,False,True,0.018189535807575992,21.83341752666921
7.118585,2,4114.848558,True,True,0.004677594630685193,4.907981692008305
5.772807,4,4117.795648,True,True,0.0009544588809385164,7.068586840050789
2.668207,1,4118.926109,True,True,0.0034307093556579273,13.075810961164215
4.245675,1,4120.059864,True,True,8.646553708489737e-05,10.22695340701652
2.443317,2,4121.31268,True,True,2.441999793241197e-06,13.47716688139942
6.433236,1,4122.490696,True,True,0.001330813297746222,6.2815266497944515
0.844336,1,4123.741552,True,True,0.00025068093091707875,16.36254184711369
9.184368,1,4124.986011,True,True,2.1379077610022765e-05,1.3114553020177238
0.790246,1,4126.18808,True,True,1.9339470649915036e-09,16.45992272587939
-2.431277,7,4132.303521,True,True,0.0015045394283686193,13.170320223910133
-2.325564,7,4139.748292,True,True,0.009801361032036184,17.109277283752633
2.891175,1,4141.457234,True,True,0.0033024951994651917,12.67364250009719
2.251898,2,4144.196512,True,True,0.004096216363861681,13.878419179784126
7.196177,1,4145.4142,True,True,0.004551541884719175,4.9074726313324
9.205959,1,4147.175684,True,True,0.00014226474106886702,1.2688965805544812
-0.021248,1,4148.895714,True,True,0.0011813470954557424,17.923459896677077
-0.939654,3,4151.597418,True,True,0.0047016499323826524,16.596726103665294
8.931821,2,4155.207945,True,True,2.335468345314798e-06,1.1536912447413548
8.888778,1,4157.026051,True,True,1.193576839545775e-05,1.8454133791309701
9.126992,1,4158.550639,True,True,0.0016227834724323155,1.4172293863099024
3.407358,1,4159.939065,True,True,0.0004752962939335338,11.740733609116914
1.386341,1,4161.711594,True,True,0.0004985647249547143,15.385460508989548
4.04351,1,4163.465194,True,True,4.938676371763623e-08,10.592805134513512
6.242897,1,4165.158579,True,True,0.004430351577628338,6.627974366622448
9.183019,1,4166.638199,True,True,0.004770167911727424,1.31995590103716
3.570242,1,4168.264625,True,True,0.0014680686734405831,11.44764454151822
1.991116,1,4169.821788,True,True,0.009091233395828971,14.299866632951531
4.875234,1,4171.044559,True,True,9.649159396076662e-06,9.092163257101184
1.421469,3,4172.362132,True,True,5.4407074879624876e-05,14.732771677221756
6.727899,2,4173.821686,True,True,0.0052161770968094014,6.486027045375435
9.756401,1,4175.033246,True,True,0.001391852086636159,0.2795837069800881
9.362671,1,4176.274637,True,True,8.775814032903914e-05,0.9893378093267651
7.888776,1,4177.900721,True,True,1.5929486620035963e-05,3.6520042215146407
3.770901,1,4179.637941,True,True,0.0005317473839198819,11.084999197969625
7.564743,1,4180.917793,True,True,5.462251588156305e-05,4.237253662286932
8.269249,1,4182.620022,True,True,0.00388210990999043,2.9693005216480257
5.567791,1,4183.865836,True,True,7.825170604462955e-05,7.842425313459024
5.541154,3,4188.381698,True,True,0.004867715619244859,7.396608819785749
4.264069,1,4190.030681,True,True,2.8225362325162706e-10,10.194889127339637
-7.750778,13,4206.504432,True,True,0.006856280096470295,14.404615640617196
8.132812,3,4210.620645,True,True,0.0029273387532777256,2.600624301818696
6.652225,2,4213.490722,True,True,1.4503232468690043e-05,5.009203757238875
0.363429,1,4215.315569,True,True,0.005710703629772636,17.232259583820436
8.189299,1,4216.497259,True,True,1.1909942179196692e-06,3.1091774157666485
8.364381,1,4217.662135,True,True,4.798310091251004e-05,2.79297119645445
3.114421,2,4220.059563,True,True,0.002883686485579207,12.375694325978243
5.860706,1,4222.045782,True,True,0.006274618173365022,7.319243363462176
7.01975,2,4224.298096,True,True,0.0002550294324547,5.6497118294402755
5.647447,1,4225.95205,True,True,0.0013482073767916987,7.699816619445145
4.476712,1,4227.737494,True,True,0.003680813169614312,9.814127576396533
4.533217,1,4229.575386,True,True,1.5633725804372473e-05,9.709293989023786
-10.618786,12,4247.303805,True,True,0.009633120622164421,16.065965124699606
6.467411,3,4251.965006,True,True,0.0031558260363461774,5.759134188443173
4.983086,1,4253.608552,True,True,0.004828707122935764,8.901496793040655
9.467636,1,4255.249665,True,True,0.004580505810704988,0.8055667174924589
3.854854,1,4256.970898,True,True,0.005033789545441376,10.936806210170356
7.156147,2,4259.766323,True,True,5.249452416936952e-06,4.419061529655635
5.816711,1,4260.963823,True,True,0.006000426725329499,7.398397547002269
5.432866,1,4262.788119,True,True,0.006302619820149354,8.091199216498069
6.218296,1,4264.446595,True,True,0.009509958949095988,6.676699976499058
5.973817,1,4266.026068,True,True,0.004937987978645189,7.114007665149031
8.268398,1,4267.595854,True,True,0.00018239505288397077,2.966516595065085
2.023815,2,4270.607347,True,True,0.007407171430696647,14.143748560942873
9.474737,1,4272.341243,True,True,0.00010407941072291399,0.7841470979261614
0.650536,1,4274.380267,True,True,0.0011734573536838155,16.712434441980715
7.286777,2,4276.082898,True,True,0.0004304429991849792,4.199620722061892
2.449235,1,4277.299854,True,True,7.410124942930363e-05,13.468537646240385
7.839652,4,4278.516868,True,True,0.006317266380611454,4.909347584321742
5.553712,1,4279.722484,True,True,0.004972768220173843,7.872085275384419
3.54078,2,4280.911564,True,True,0.0032209369287649336,11.376944616958108
6.538508,5,4282.148555,True,True,0.0001746046289588946,5.2010266221439805
2.368489,1,4283.346829,True,True,0.009169482266123834,13.619582454440906
-19.649707,28,4299.877943,True,True,0.008500192140546134,11.171174187678393
7.814691,1,4301.324017,True,True,6.979766375933528e-05,3.785870333849772
3.339063,3,4302.560688,True,True,0.004798256438915753,11.50168521921081
7.619073,1,4303.992759,True,True,8.45310759299946e-06,4.139087116500631
1.07813,2,4306.655001,True,True,0.00025634515342078763,15.710230719338915
4.954815,1,4308.129121,True,True,0.005264298709660912,8.952837839992617
2.316776,5,4314.196959,True,True,0.0007889148867456126,13.331323296332526
-24.306903,60,4372.412435,False,True,0.014451121875747493,38.6635949414353
3.210837,1,4374.236833,True,True,9.913098013422428e-05,12.094940143725958
2.456037,1,4376.105661,True,True,0.0005264763931591525,13.456567337347868
3.02945,3,4380.528669,True,True,0.0002155536389944774,12.245725167938833
1.389813,1,4382.436681,True,True,8.196521856824925e-05,15.378956846551326
8.250751,3,4385.560272,True,True,7.781678392091741e-06,3.2150720269502924
1.283539,2,4389.575683,True,True,0.009106488093167203,14.804589055473118
4.307463,1,4391.312262,True,True,0.00044166079983514513,10.116949990814556
0.566918,2,4394.672722,True,True,0.003596900012138659,16.7483563400527
6.389555,2,4397.899486,True,True,0.004622581763121272,5.083823841950715
-4.845642,6,4403.75876,True,True,0.009440951151707858,16.730307566946262
-0.134329,2,4405.630736,True,True,0.004918550489583957,17.747918521437096
1.432955,1,4406.848839,True,True,0.0005323863004836477,15.301432501334995
7.545016,1,4408.229017,True,True,0.00010425985625534006,4.272935665108257
9.331381,2,4410.116476,True,True,0.00639620663740713,0.8025243895939123
7.895739,1,4411.438289,True,True,6.683881524657364e-08,3.6391010520825344
1.929047,1,4412.775246,True,True,0.0009569907536777084,14.407165240115217
6.962011,3,4414.195911,True,True,0.004801254058327744,4.603621772577165
4.611908,2,4415.641414,True,True,0.00965590125100587,9.64200961016321
0.899555,3,4416.992096,True,True,0.0005052697748874884,14.738270831737985
6.237122,5,4418.509436,True,True,0.005186295043767964,6.165573986376383
1.196619,1,4419.90443,True,True,0.000974689694963022,15.727805748583695
5.031095,1,4421.145437,True,True,1.2202238178216085e-10,8.8109062048902
4.950364,1,4422.41081,True,True,0.004749669537439953,8.960468465714241
2.379534,3,4423.924272,True,True,0.0036355151636241205,13.28510654066865
3.899303,2,4425.211396,True,True,1.37811218080151e-05,10.046492246525926
6.048208,1,4426.495659,True,True,0.00012327193128757082,6.970292486597694
3.107443,1,4427.689481,True,True,0.009480468646658639,12.286359129956342
-0.217227,3,4430.456404,True,True,0.003037564400198131,17.49029934355323
4.936845,1,4432.315454,True,True,0.002212629381060355,8.982832339317005
3.150358,1,4433.645613,True,True,0.004696359878498351,12.207137212753077
0.822144,2,4434.901274,True,True,0.0037163389510341104,12.570728366335603
3.595577,2,4436.421307,True,True,0.004956680805223062,11.280306038375107
3.72991,3,4438.885211,True,True,0.002938769272000919,10.822623558691845
4.785801,5,4441.958668,True,True,0.009526024984923704,9.411867124972476
3.134764,1,4443.650237,True,True,5.933956104264837e-10,12.232084376480262
1.580766,4,4447.040666,True,True,0.0005952570367173775,14.470406745379076
6.76107,1,4448.305013,True,True,7.110709968304908e-06,5.688368077181894
7.001262,1,4449.566204,True,True,0.0005094467395644932,5.2552329915991685
6.903306,2,4450.894971,True,True,4.501615657227255e-06,4.957429625758815
0.031415,3,4453.605072,True,True,0.008353900119781965,17.087588371880248
6.982095,3,4455.488053,True,True,0.0022221684402456143,3.934719933638454
7.810502,5,4462.677678,True,True,0.01097261425294678,2.094782496512314
-38.949095,60,4515.776948,False,True,0.01145153161198478,0.15183081018639943
-0.938546,7,4524.409446,True,True,1.3197191294206118e-05,16.25019919985016
3.401485,1,4526.123865,True,True,0.0008458784362604457,11.751242031660764
9.859355,1,4528.105152,True,True,3.391600122450156e-08,0.09154326877922263
7.456359,1,4529.854037,True,True,0.0003112386716354453,4.433267289012436
5.864076,3,4532.995146,True,True,4.3421884564122555e-05,7.235147230801483
5.818274,6,4534.474142,True,True,0.006109346387819915,4.9220487699175095
3.093944,1,4535.845081,True,True,0.009724240226377353,12.311941344375995
-28.117449,60,4587.422276,False,True,0.016171470651633067,56.965096247386654
6.595582,1,4588.766809,True,True,0.00027286460274837145,5.987407430825389
-21.088231,60,4629.902566,False,True,0.014062808009555951,22.76428581034568
9.441692,1,4631.221932,True,True,0.00015413687541887815,0.846625497949136
-6.886824,25,4633.192474,True,True,0.0020777006443262382,11.142947440896647
6.552744,1,4634.389209,True,True,0.00017351885599380633,6.064641401275464
7.115568,1,4635.648453,True,True,0.004561594314506262,5.052994689119919
7.268497,1,4636.865569,True,True,0.004918317252183989,4.7772842421288
-0.993744,5,4638.246173,True,True,0.003905873479725942,13.122192873184131
4.942797,1,4639.533769,True,True,0.009397665744138249,8.97757647297002
3.015108,1,4640.711221,True,True,0.004887300479409084,12.451161113780094
0.335199,4,4643.356756,True,True,3.500568323718651e-05,14.40846005641714
9.990398,3,4647.193,True,True,0.0029810721144189144,0.06096881513008913
6.856397,2,4648.430965,True,True,0.0005297981969251452,4.983490102989632
3.990542,2,4650.895979,True,True,0.006717531774480791,10.252720309807543
2.254829,5,4652.30528,True,True,0.004787739622392977,12.247063481844462
4.104895,5,4656.37703,True,True,0.0013436567307640865,8.816654033653665
8.441835,1,4657.824017,True,True,0.004703107683690849,2.6585518184176657
6.710297,1,4659.309777,True,True,8.298258473376152e-05,5.780111746191401
8.497846,1,4660.614598,True,True,0.002511793225867101,2.5548612971917257
7.90632,1,4661.947555,True,True,0.004720098030681506,3.624862782580951
8.753892,1,4663.16752,True,True,6.031743384812133e-06,2.0892425917883934
6.410683,1,4664.430607,True,True,0.0005471125123589927,6.321468493974851
8.36936,2,4667.062427,True,True,4.7785040817295565e-05,1.9031904621651936
8.837019,1,4668.535567,True,True,0.005485013341684181,1.9457524645123327
-18.974575,60,4724.856244,False,True,0.015707330118329588,33.53873581837299
3.423954,1,4726.565295,True,True,0.002632902406178292,11.71232633869001
-34.733451,60,4766.219096,False,True,0.035915523111424597,29.22238870007049
8.149258,1,4767.931875,True,True,5.1736899647382775e-05,3.181563696450846
0.97084,1,4769.114089,True,True,0.003166096683819595,16.136055731828264
7.752652,1,4770.272768,True,True,0.0021846418957874028,3.900296151314802
-4.39834,8,4771.727669,True,True,0.0008508495244324856,15.991680050649238
5.904579,1,4772.791943,True,True,0.0021058262172641068,7.236447123439838
0.462825,1,4774.014803,True,True,0.00027224038430779477,17.04855431455823
0.573353,1,4775.663159,True,True,0.0024271743270705168,16.852232949398562
7.005466,1,4776.757655,True,True,3.6351290335322195e-07,5.2471018995811765
1.159383,14,4781.204888,True,True,0.007111985273019754,9.236973398600487
-1.225178,5,4785.629706,True,True,0.002301548375318092,16.5677692228732
1.309958,3,4787.466027,True,True,0.0018470947822586195,15.240015106746169
0.84932,1,4789.383502,True,True,0.01126206813717459,16.355821064069577
-10.113671,27,4807.352346,True,True,0.011850692588845782,15.613867351679739
1.905864,4,4812.718352,True,True,0.0011169745212584598,14.17783886931781
2.271079,1,4814.154347,True,True,0.009621425598889472,13.795438931608496
5.290922,2,4815.790971,True,True,0.004630137443126992,8.143130054352659
6.73083,2,4817.345454,True,True,0.004763822374782422,5.718075060058619
-5.160331,20,4824.150512,True,True,0.007209489851133575,17.86787408776985
2.186435,1,4825.588948,True,True,0.0016847931184537333,13.943485688494732
-38.909888,60,4837.232204,False,True,0.011649571658523893,29.358467717040686
4.713755,1,4838.810082,True,True,0.0019520018359208014,9.385131096120357
-4.30461,10,4845.020417,True,True,0.009681658203252279,17.91542613379769
8.604174,1,4846.563369,True,True,0.0005569294019787709,2.3604205952317017
3.597078,2,4848.267061,True,True,0.004878346117191919,11.270663276888563
8.825317,1,4849.888037,True,True,0.0010651368239248224,1.961548684314291
-17.488989,60,4888.707259,False,True,0.009876386339763106,15.37416091897899
-0.092545,2,4889.984882,True,True,0.005999435916225211,17.852021152109433
1.195345,2,4891.175862,True,True,0.005027346156703664,15.615881679093194
2.550992,15,4897.563675,True,True,0.009544573603832903,11.098470303696207
4.167594,1,4899.728795,True,True,0.0026989494123869856,10.371017831995788
-23.217754,60,4912.486265,False,True,0.019737055759609212,33.528455667212995
2.746588,5,4913.799802,True,True,0.0023244950053173986,11.36866722800087
2.239623,1,4914.938231,True,True,7.587301672393578e-05,13.846554661351012
-11.003864,32,4919.409533,True,True,0.000980526648139312,15.669717239013744
0.592312,19,4927.798056,True,True,0.011899255819067825,9.720959331750977
7.986405,1,4929.458502,True,True,0.0071903877766776765,3.4835533383759856
-13.59886,60,4937.519508,False,True,0.008811709201163219,13.513240889064777
-13.490296,60,4962.770207,False,True,0.02713894009753243,30.451604974047473
-6.999903,60,4977.46467,False,False,0.002345257816884885,16.55018218127077
8.4774,2,4978.63884,True,True,0.006804691804503318,3.20110754245784
1.700867,1,4979.838934,True,True,0.0014094144034302036,14.818881989294525
0.302752,10,4985.700326,True,True,0.006007128139577633,15.988810500383124
4.279824,2,4986.931239,True,True,0.007106315633365769,10.046686703093334
-21.800278,60,4998.414987,False,True,0.0238274024645729,23.97384777277127
5.194953,4,5000.754111,True,True,0.0021946910997208083,8.43567960866944
5.610255,1,5001.846166,True,True,0.002408732768500805,7.7678745031318
9.063745,6,5003.74408,True,True,0.00010019754842791485,2.329662269871779
7.451215,3,5005.034265,True,True,0.004546675650066466,3.4329556291093093
8.210997,4,5006.35276,True,True,0.003106260927375591,3.423556156062069
2.941561,2,5007.61423,True,True,0.006681247640549406,12.464178525291821
1.447116,1,5008.7611,True,True,0.0072414226207060915,15.279583643963702
-16.420327,60,5021.482344,False,True,0.018208049460028478,75.5549705504577
6.962663,1,5022.805603,True,True,0.0047892380119100965,5.329224697857355
1.825019,2,5024.086328,True,True,2.042548932904703e-05,14.360329360581256
1.045345,1,5025.250012,True,True,0.0003932464409611251,16.000218267160434
-24.522732,60,5043.439981,False,True,0.026515191664553395,36.86118692094778
6.576515,3,5047.96954,True,True,0.0008528633234063583,6.883062357364524
4.633878,3,5049.885474,True,True,0.0008752535945709063,9.370678773090422
-16.558848,60,5067.849092,False,True,0.02573678853012968,16.182002038660805
4.542373,2,5069.171048,True,True,0.004676438097502858,9.568568978219746
-15.173364,60,5080.657646,False,True,0.004916104695019638,21.414883921319145
3.41473,2,5081.882968,True,True,0.0014023201903173195,11.52292787280468
8.42459,2,5083.046848,True,True,8.002419919473334e-06,3.327621262019519
-4.740608,31,5087.683241,True,True,0.007302999412765594,7.025254400949079
0.687061,2,5089.562212,True,True,0.0013863907191665873,16.365296614695907
7.311332,2,5090.779361,True,True,0.0032099444972705895,5.234260331852017
2.351349,5,5094.750626,True,True,4.850219631077901e-06,12.135785788636618
3.099565,7,5100.169242,True,True,0.001389589183318985,11.524392667212522
8.374376,1,5101.547554,True,True,4.129501755861971e-06,2.774728914923285
-0.940567,16,5111.460939,True,True,0.011519054638518263,16.817191715318714
-16.980766,60,5125.398453,False,True,0.00488760301312186,2.6774504070181058
-16.738506,60,5139.761552,False,True,0.029846871528850526,31.371303853228333
3.721482,1,5141.022087,True,True,0.0024724842413262286,11.175564342428576
2.934012,2,5142.364938,True,True,7.169201175936252e-05,12.394989549855921
-1.685928,7,5148.766392,True,True,0.0029072152512492865,17.288145207130697
7.123907,2,5149.944093,True,True,0.000551963273425189,4.841480481774767
2.207399,2,5152.868731,True,True,0.009626277127070263,13.79344066037501
-13.996046,60,5167.958874,False,True,0.02668844889497344,15.840556732019397
-0.914819,7,5169.553616,True,True,0.002320602785818368,12.706020570787139
4.20989,1,5170.823332,True,True,0.00016073018783714123,10.292762745291874
-12.214924,60,5180.426808,False,True,0.007188840215096312,19.414568486555627
-0.281331,2,5183.323889,True,True,0.002443828034218369,14.465857020978804
6.92182,6,5188.699446,True,True,0.0017416061338590342,6.873932918023826
0.366337,10,5190.563277,True,True,0.0050217711160341506,9.377111242902265
6.623143,1,5191.95396,True,True,2.5053061717301116e-05,5.937397792737766
3.155196,4,5193.336602,True,True,0.006448369888431071,9.996047120727349
9.106319,1,5194.907435,True,True,0.0011608275818309317,1.4539833639742517
-0.09337,10,5196.634222,True,True,0.008440272682573306,14.120792118885824
-15.086455,60,5212.855932,False,True,0.018671515205771223,3.4245968488017344
2.803854,1,5214.143001,True,True,0.0012066751021765267,12.829743792011168
-19.30734,60,5230.678462,False,True,0.013270121317398,25.678247650402263
7.609529,1,5232.104003,True,True,0.0028780233411785936,4.1579865014073345
7.193913,2,5233.470527,True,True,0.0001264778794369363,4.618049494931228
-0.138421,2,5234.93184,True,True,0.007037927314320531,17.320533568739442
5.417753,1,5236.504233,True,True,0.0029399992405765053,8.113634086438292
2.588266,1,5237.986218,True,True,0.009391919334458352,13.223474065091771
2.10752,1,5239.437911,True,True,0.004810358038485096,14.08764967875321
7.160099,4,5241.130361,True,True,6.074483744222554e-05,5.649558497972957
6.99604,3,5243.539797,True,True,0.008742885115319052,4.6500370590514395
2.707489,1,5245.122626,True,True,0.00888978480253464,13.008240992978548
7.261836,1,5246.805587,True,True,3.126904063732261e-05,4.784221855548721
7.546727,2,5248.64762,True,True,3.030774238668623e-06,2.9930381303538702
-14.474059,60,5277.125565,False,True,0.00018117794149001662,19.60508188890454
-17.879916,33,5291.154704,True,True,0.004828568211226971,17.79379580185749
2.632081,1,5292.622417,True,True,0.003038349498675052,13.140708905408443
0.195101,3,5295.723519,True,True,0.004783685620527162,17.307102483163295
-8.123667,60,5305.028607,False,False,0.004093323654279396,20.24575509154985
1.8207,1,5306.395692,True,True,0.008163453269938906,14.606595193551435
3.292099,2,5307.922022,True,True,0.009128175287579329,11.670247168502048
9.014767,1,5309.399537,True,True,0.010711581665668702,1.6305640232476462
6.96074,5,5313.016039,True,True,0.0030681493413427536,4.91307978151868
2.187798,2,5314.54628,True,True,0.0030024588216264517,13.863170098455553
4.340648,5,5319.794108,True,True,6.155992783384598e-05,10.186595186652282
2.434297,1,5321.351667,True,True,0.0017357988554316858,13.496551193472941
0.952555,6,5323.29205,True,True,0.004242555228736233,15.68799517705242
5.156337,3,5326.045193,True,True,0.0069172524962964185,9.3031275919768
3.972268,1,5327.552771,True,True,0.0023607010459064798,10.723113538435703
-1.747574,7,5329.328579,True,True,0.0040239565668141256,17.997906621354744
2.915195,1,5330.84651,True,True,0.004423052562651199,12.631042737513043
4.592723,1,5332.861557,True,True,0.006956868736594204,9.607275234615464
2.692168,12,5334.796396,True,True,0.0019049222185329555,11.874954072656589
-21.512872,60,5347.58997,False,True,0.017393499754570288,72.59138927225699
-13.209952,60,5364.997608,False,True,0.0002154077091189743,10.184350483083914
4.675761,3,5366.501881,True,True,0.004834721485905072,8.16230269817182
-7.051161,60,5376.428284,False,False,0.011631393730397163,22.109268295882046
9.770666,9,5378.336769,True,True,0.0045839879056368245,1.2895161072722487
5.589825,1,5379.81875,True,True,0.008383603720661485,7.809661481832385
-8.429457,60,5394.976085,False,True,0.01632668196961606,12.523043218820169
3.870974,3,5396.466037,True,True,0.0023953930677873495,11.398898075248981
6.686189,1,5397.940784,True,True,0.00472459012352349,5.825722456820757
7.908246,2,5399.497319,True,True,0.004953310538083655,3.5785051713756273
-7.632753,10,5403.31403,True,True,0.009813851319444506,16.863413448529023
3.119817,2,5404.851964,True,True,0.004448997804554857,11.837256896464357
1.019758,1,5406.278162,True,True,0.009030424626531548,16.05081121969917
-14.062099,60,5424.452449,False,True,0.012732439965991108,71.11699730846024
2.383145,2,5426.534824,True,True,0.00015837816897710947,12.927021299648946
2.465296,5,5428.149626,True,True,0.0037622939726999365,13.284345167250827
6.455084,1,5429.615131,True,True,0.0048442185781147895,6.2449667726185085
4.405749,2,5431.017123,True,True,0.004887032035112586,9.862428315742841
4.977258,1,5432.582571,True,True,0.004636351549649579,8.911861479228298
6.290225,2,5434.087894,True,True,0.0004851484741253669,6.456616619777799
4.163448,1,5435.552415,True,True,0.0010818837868045907,10.377268285189432
7.214534,1,5437.297056,True,True,0.004301942792936538,4.874086225581299
5.602206,1,5438.884546,True,True,0.0049582027652250275,7.784574500703471
-2.622314,6,5440.553285,True,True,0.004414373435067349,17.874455112679932
-16.302157,60,5451.568135,False,True,0.016690521337841817,5.395087140991643
1.984426,1,5453.060807,True,True,0.0005549962707851776,14.307056833107776
-9.97523,60,5468.868184,False,True,0.0045964352731063815,16.594541561077573
-15.12944,60,5490.846691,False,True,0.00423791633404947,38.61728656140593
-0.116855,11,5499.378458,True,True,0.005194639009097876,13.773894131038446
1.163232,1,5500.900254,True,True,0.0019718724444038127,15.788557736250002
-9.483753,60,5520.805821,False,True,0.0023520858083748344,5.52881093824939
0.351858,5,5522.611858,True,True,0.0034985123402690704,15.476901998496109
1.22748,1,5524.11794,True,True,0.00891544907405722,15.676335452329438
-17.351092,60,5541.83656,False,True,0.014609487695417436,16.754120831639217
8.958348,2,5543.320121,True,True,2.7157388176296104e-06,1.1113461820100687
1.716515,3,5546.811486,True,True,0.00031593579256075643,14.485731519586228
3.662027,4,5548.367682,True,True,0.0024022171248870715,10.77949258784551
2.77571,2,5551.814883,True,True,0.002501965313281217,12.75851851377692
-11.959236,60,5568.454633,False,True,0.009415809104112422,32.69901800521907
7.014261,4,5571.552098,True,True,0.00025607112528413205,5.478695709784624
5.884569,4,5574.656748,True,True,0.011969755621712404,5.934288516324658
-12.508762,60,5591.017967,False,True,0.007736949142145815,28.555871699714835
4.332905,1,5592.548295,True,True,0.0004274521268230959,10.071036651211816
-14.325101,60,5620.134588,False,True,0.00241930519269783,33.04139130080712
3.979844,2,5621.594738,True,True,0.0023634232633299845,10.487170779031441
-10.686997,60,5634.586437,False,True,0.02712699378676451,29.056144478827367
0.848182,2,5636.001001,True,True,0.007525207545468519,16.28062399226232
2.457923,4,5637.811756,True,True,0.0023199004066141054,13.30455202892463
6.504443,2,5639.416578,True,True,0.0023153511484604724,6.323421769615737
2.438419,1,5640.982929,True,True,0.002242828119508008,13.489439764342126
2.265052,1,5642.695189,True,True,0.006962694956603298,13.804847605345328
0.452066,5,5644.539348,True,True,0.0018333409021154515,15.147467300132593
7.429638,3,5646.297153,True,True,0.0035191576324868513,6.293192323876882
2.562313,4,5647.986042,True,True,1.6409826102126157e-10,12.891797121077712
4.707988,2,5650.165536,True,True,0.006687533878291613,9.110218172633074
3.280978,4,5653.748337,True,True,0.010973594094511114,9.533798614750074
-19.159893,60,5669.080985,False,True,0.03188169508519144,40.59603725553511
-2.654306,45,5681.359652,True,True,0.0048784257981441355,8.982337357501168
1.290353,2,5682.888294,True,True,0.002466018384098514,15.724152977612325
2.768932,3,5684.417109,True,True,2.7070070143797587e-10,12.771941801172648
3.073843,6,5686.249371,True,True,0.004123349648916268,10.896584346643529
6.925447,1,5687.67385,True,True,0.004495600538627191,5.396117291902634
6.545058,2,5689.20301,True,True,0.00044155850623160166,6.242359972244862
-13.051171,60,5709.097124,False,True,0.013387367236536475,79.08273626206078
2.912684,2,5712.090224,True,True,0.001559761774813778,12.629726023328308
6.746972,1,5713.25814,True,True,0.009470645196208861,5.72274588660061
5.350273,9,5717.558605,True,True,0.0024912128346882972,8.283251298660025
0.832427,7,5719.265115,True,True,0.0026697193396963675,15.662657014067339
-7.574475,60,5731.65527,False,True,0.014608834751001356,7.868601972607321
3.502849,3,5732.911656,True,True,0.000259169822632457,9.737901727736936
6.36215,4,5734.315519,True,True,0.002392792908723496,4.833294949079189
1.229923,1,5735.645451,True,True,0.006707678746137763,15.670837397562313
-10.460938,19,5738.884811,True,True,0.0024348010053246473,15.271803466663933
8.430518,1,5740.286938,True,True,0.011210465781273108,2.6858531757139814
4.809512,2,5741.773215,True,True,0.011925449671318603,8.967604120199788
-17.636585,60,5758.227521,False,True,0.04608482612217667,67.9230303954695
-14.438675,60,5773.900151,False,True,0.019357274611193055,21.83204126690437
7.547612,7,5775.707599,True,True,4.852317652503761e-06,3.7217378000028196
1.872322,6,5779.754236,True,True,0.004902264499313615,12.592342853890594
2.467727,2,5781.156174,True,True,0.0019518566770030978,13.18836142436472
5.712405,6,5782.77777,True,True,0.0017869876880620191,7.17287331738509
-1.956119,8,5784.378865,True,True,0.004458934161070326,17.42447724182344
-11.400534,60,5794.991194,False,True,0.011970107494038856,22.7284022188606
-8.284294,60,5804.98012,False,False,0.002310143485569678,20.979123640661015
3.01347,1,5806.218911,True,True,0.010229562672842744,12.457327690152983
0.021681,1,5807.506379,True,True,0.00959995719907411,17.849938210159134
-6.614253,60,5820.15727,False,True,0.002174421181687831,4.542381679234247
-9.753309,16,5825.773707,True,True,0.011740399501141755,17.637128456104357
0.998502,1,5826.973711,True,True,0.008986910382742528,16.089104358551616
-19.974396,60,5845.875841,False,True,0.009021198765299419,20.82686781027212
-11.191982,60,5859.176148,False,True,0.014819288021673226,24.194530626395416
0.748509,36,5873.534225,True,True,3.550686094639906e-05,7.867894720375351
2.821405,1,5874.746334,True,True,0.0044421900436595885,12.800186036401225
3.051047,1,5876.009382,True,True,0.006877402713176847,12.387593649146309
7.341776,7,5877.800754,True,True,0.002567025181342922,5.1823160801707555
-12.284365,60,5888.185602,False,True,0.0017278017461656737,34.51672669175279
-10.163526,60,5903.859853,False,True,0.024244567107729213,83.10618761079958
-6.814864,14,5906.391491,True,True,0.0030643906347087024,17.676004618175256
1.810221,9,5910.245351,True,True,2.0740749661483926e-05,8.34723242488376
3.004793,1,5911.497487,True,True,0.0032432126457873356,12.468131761139807
-6.609336,60,5926.189397,False,False,0.02372972933268486,28.473457568292986
-10.950462,60,5943.948438,False,True,0.004518695839166137,30.779338736074354
-7.937746,60,5960.656959,False,True,0.00014823806551599993,13.826688318736432
4.674713,5,5962.005378,True,True,0.007335541296341024,8.93367558925758
4.88211,1,5963.254562,True,True,0.0023902660683036677,9.081733584275046
5.986233,1,5964.456604,True,True,0.007840302176921764,7.094042532992978
0.834761,2,5965.588722,True,True,0.001637180275133411,16.421291378551725
2.088508,1,5966.884108,True,True,0.0005063948118116026,14.119339527527087
1.725369,6,5968.270522,True,True,0.002535394239030096,12.83751467665265
-8.792008,60,5981.095733,False,False,0.031476303013751,24.529342564274195
-1.788373,26,5987.867339,True,True,0.011986763825166242,11.460544507952848
2.65005,1,5989.127592,True,True,0.0008131062446185035,13.106864589277905
6.536329,1,5990.426247,True,True,0.00011065718261399436,6.094211747964888
2.950207,3,5991.699759,True,True,0.009528447853957858,12.09376594458634
-3.059143,13,5995.7922,True,True,0.00716908252150192,9.743117079759639
-11.559006,60,6004.177147,False,True,0.0027950470559897035,1.9404050040527934
6.056957,4,6006.751009,True,True,0.004533993916228212,8.140228828487105
6.829452,2,6008.01529,True,True,6.993697941382049e-06,4.955796690381681
-11.27355,60,6022.134674,False,True,0.005138070042448688,34.46459501096691
2.571501,1,6023.329907,True,True,0.009730763033631521,13.253886787754759
-11.246151,60,6031.35997,False,True,0.022491072894554993,26.756723006996356
4.621411,2,6032.646085,True,True,0.006219052624938685,9.689419640680764
5.830342,1,6033.933121,True,True,0.004941163364817107,7.372909727721365
6.922382,4,6035.226816,True,True,0.0035874149472298485,6.257827677172607
1.831183,2,6037.724476,True,True,0.0023562570999258355,14.464656347195731
2.541563,3,6038.963025,True,True,0.0037212065762864677,13.55332130486706
-7.094446,60,6048.12812,False,True,0.007291347530074798,7.504860273594236
6.198738,2,6049.320362,True,True,0.0023359872880556985,6.580075487372845
1.723764,6,6053.155991,True,True,0.0026302507928096693,12.600627413200414
-12.854556,60,6071.36786,False,True,0.006259202652732065,49.94407605871375
3.246729,1,6073.431516,True,True,0.0112145504934327,12.03732526561278
2.217348,18,6077.744625,True,True,0.004958579231743394,5.545584203141503
-7.153169,60,6089.752413,False,False,0.009456572412534815,27.204731044693318
-12.783812,60,6104.91473,False,True,0.012726000660927198,15.34543683991553
2.874702,6,6107.507779,True,True,0.002401934731246874,9.942411654919153
0.166,6,6108.996051,True,True,0.0024229241038033235,16.850900180129177
5.350883,2,6110.392611,True,True,0.006977234318248886,7.775709502768208
3.333828,3,6112.132184,True,True,0.004876587875502558,10.660614131362628
1.90711,1,6113.788171,True,True,0.007455608632526666,14.450046589943335
-3.751775,9,6116.748228,True,True,0.010772339545258847,16.287009617587273
-6.988076,60,6128.850399,False,True,0.007175343064271416,7.6125578888588965
4.728481,9,6130.398368,True,True,0.009536562508553647,5.790738086796835
-12.048535,60,6151.289632,False,True,0.005550568240312569,15.925996481923198
-9.690662,60,6159.054016,False,True,0.013511939102709355,36.05918211553337
2.983343,2,6160.279884,True,True,0.007007618924836326,12.44479084839268
8.151202,6,6164.189036,True,True,0.010141462002418892,2.7509832501443077
3.210366,6,6171.500542,True,True,0.011049519538027738,11.489565930987753
-10.813195,60,6184.285214,False,True,0.004930409365013225,24.74059988637273
-10.107007,60,6196.140406,False,True,0.01130077947934946,64.95107651874268
4.025697,4,6198.725072,True,True,0.004786399173216381,10.111096430668693
-12.501914,60,6215.774218,False,True,0.00872421157154781,39.44894244249668
6.678819,6,6219.999253,True,True,5.1363881990521e-06,3.9859819306351385
6.4556,1,6221.172425,True,True,0.0002785779020069663,6.240118530375281
-14.193143,60,6240.552229,False,True,0.014543609055880626,14.022933092535984
0.127844,1,6241.745248,True,True,0.0003288438313316317,17.654270716600788
-13.450706,60,6251.454586,False,True,0.010729736426956049,29.886712995918575
7.508997,1,6252.614813,True,True,0.0019547737100608763,4.3400160722961845
0.438954,1,6253.830204,True,True,0.0003181301219007098,17.093416380123813
2.296023,1,6255.055776,True,True,0.00949109455084967,13.750398915599764
4.543891,2,6256.361988,True,True,0.0002957691484796023,10.370536627156994
3.061234,2,6257.670966,True,True,0.010382062553224457,12.079038813360576
2.200373,1,6258.888387,True,True,0.0070513414793975954,13.921509266358392
1.902891,9,6261.551094,True,True,0.0009170277561343261,8.746351846964748
6.749268,3,6262.908202,True,True,0.009295968977166658,6.400594619283453
-6.314949,60,6273.104019,False,False,1.7230932988542783e-05,10.066870541866933
-6.670138,60,6288.319398,False,False,0.005184413487544656,28.590912006177913
8.426944,1,6289.539105,True,True,1.1569307503216369e-06,2.6798958027427764
-0.016467,1,6290.696837,True,True,0.006954595462747813,17.91754924158114
5.735122,4,6292.11879,True,True,0.0009300832478356452,6.677903674466548
2.98565,9,6293.541362,True,True,0.00040295387346257674,13.513374102988823
-12.896767,60,6306.115389,False,True,0.02515121936415919,5.524531622633438
-6.239836,12,6312.164495,True,True,0.004394653005540797,16.140558697007638
-1.96488,6,6315.995239,True,True,0.0027286640528343758,17.959768212648637
-12.856839,60,6332.540014,False,True,0.017540685205975487,82.06828602385632
7.457382,3,6333.764584,True,True,0.0049645408955545185,5.081883899956568
4.172509,2,6335.355723,True,True,0.0007247809830972507,10.231220157291128
3.227455,5,6336.668004,True,True,0.00221321652992475,12.371399147719153
5.770518,1,6337.905501,True,True,0.002181433017889831,7.478457692202327
3.467722,1,6339.241627,True,True,0.00012027358976842567,11.631590682729879
-10.320356,60,6355.685741,False,True,0.004825957085104474,10.779262389006993
5.397524,1,6356.964706,True,True,0.011920810468281452,8.15916793166284
-9.974135,60,6367.777144,False,True,0.004507229813533966,31.615607179247878
-8.67417,60,6386.174426,False,True,0.025093289342044453,19.530706457772087
2.476873,1,6387.519415,True,True,0.0008315928746342339,13.419189786919135
2.367967,1,6389.020563,True,True,0.0002693271376728208,13.615226460746563
0.406481,8,6390.421281,True,True,0.00913657689121452,16.100400799284742
-7.970193,60,6407.117893,False,False,0.0040831014726001496,21.125694360624735
6.892783,1,6408.568849,True,True,6.910670040441235e-06,5.450564193482638
9.497072,1,6410.479178,True,True,0.004887354784995579,0.7527734424348339
2.926312,7,6412.527242,True,True,0.005994505689724117,11.514216280515257
4.524237,1,6414.15505,True,True,0.004523057815258332,9.729029200391892
-16.565209,60,6442.225594,False,True,0.0035106948773639514,39.346943382597566
4.148557,1,6443.768423,True,True,0.0027873827747735697,10.405424801613448
2.976898,1,6445.395356,True,True,0.0023547463201705945,12.518426272212537
4.288979,1,6447.233442,True,True,0.004741322122375314,10.153563401867558
3.884786,3,6451.084505,True,True,0.011725567376680106,10.366961514209779
3.115192,2,6452.521608,True,True,0.00012825679978494377,12.204712605913526
7.247716,1,6454.21532,True,True,0.006929637348927668,4.816748121287888
-3.895471,12,6464.933973,True,True,0.0021728447274709283,10.76624796191392
-13.119332,60,6484.625308,False,True,0.03136580520076851,22.319747601925823
-18.159668,60,6503.992205,False,True,0.01935903300915175,20.411653220655392
2.171437,15,6517.381854,True,True,0.004112288063349128,10.08041171747414
8.004617,1,6519.340204,True,True,0.00471360776830872,3.448075432932534
-12.671758,60,6532.822712,False,True,0.002247603046666262,31.284626091702286
4.082297,1,6534.090813,True,True,0.002460061236689591,10.524708608648712
4.748316,1,6535.465799,True,True,0.006644535188992521,9.326390025683317
7.555567,4,6536.765507,True,True,0.00011384463324707033,3.53874511897736
9.427074,3,6539.223439,True,True,0.00091730215552047,1.3032369568341873
-9.878245,21,6547.815358,True,True,9.628826452187222e-05,10.14207195982977
3.905356,3,6549.120252,True,True,0.002757325762095768,10.440135238628983
2.804144,1,6550.262191,True,True,0.004740897110969558,12.831498083653587
-11.479428,14,6551.811712,True,True,0.009695831224769025,17.502534132146472
-14.585953,60,6569.270638,False,True,0.011025088160715556,18.969921037770444
2.060145,2,6570.569277,True,True,0.00011640272386357654,13.913789751405199
7.045291,6,6571.855231,True,True,0.004891151718880183,4.870208911512435
9.458759,1,6573.015105,True,True,0.0072314660646777724,0.8248474885532904
-20.056638,60,6588.920311,False,True,0.005267764402015151,34.01432123395873
1.864103,1,6590.061185,True,True,0.0052485323207086335,14.526771499556599
-0.455333,6,6591.422208,True,True,0.002729569781384282,16.649577470037606
3.868397,1,6592.654399,True,True,0.009844124771857126,10.91554938181164
2.718228,5,6594.015626,True,True,0.0046718897574385704,12.534653335098016
2.523965,2,6595.305536,True,True,0.005940431345609613,13.241376889377374
-12.240093,60,6606.473993,False,True,0.02487666719030765,22.34708274900627
0.550262,7,6610.04385,True,True,0.009456230224906338,12.40286275487548
-10.52115,60,6623.776606,False,True,0.008680752353485728,21.87412712248519
2.9346,1,6625.444596,True,True,8.150284121777448e-05,12.593171247091938
6.102639,1,6626.698417,True,True,0.0006854074895866961,6.877649589188074
7.359288,1,6627.882077,True,True,0.0046092289230028165,4.613077489563114
-16.586623,60,6641.360121,False,True,0.015859018140319994,22.79495517152619
-16.08442,60,6655.179933,False,True,0.0024293029835957525,13.524169888172553
5.515027,1,6657.250413,True,True,0.004412227651756345,7.941421285133384
2.688879,3,6658.827611,True,True,8.489370055553714e-05,11.770315433275691
2.942321,1,6660.334666,True,True,0.0026796935244935514,12.58099812727561
8.782526,2,6661.747592,True,True,0.0001923011307220857,2.0934732257788213
3.302354,2,6663.273072,True,True,0.005647840584952589,11.929270348617122
1.690757,2,6666.104133,True,True,4.2662823447614517e-10,14.653064401412834
-20.164896,60,6676.029611,False,True,0.004175416289665059,30.84968444707652
-10.817139,60,6686.134675,False,True,0.008465229216163186,22.608496106349264
6.130512,1,6687.550236,True,True,0.00483696216982916,6.83115305725852
0.482783,5,6688.943259,True,True,0.00013105102889933874,13.301859493156318
1.006592,1,6690.304662,True,True,0.00017061724164698505,16.069962853091834
3.27249,1,6692.051406,True,True,0.011245933722658462,11.990897279957728
6.55147,1,6693.531464,True,True,0.0069395378707252904,6.073337715167541
4.434906,2,6696.310642,True,True,0.001367833055355313,9.694174624236455
0.595747,1,6697.714034,True,True,0.008555104304737967,16.814842740220737
-15.532872,60,6708.10883,False,True,0.04866062256640073,44.04723222562518
-15.187572,60,6734.330933,False,True,0.0029240295253781952,33.12731080060149
-15.760221,60,6741.875612,False,True,0.018113749995933577,38.974436036389854
2.860283,7,6746.397736,True,True,0.0008045121440160875,11.966304198715935
3.169732,4,6749.838834,True,True,0.0004753829402421323,10.712722185282361
2.858634,5,6752.36847,True,True,0.0006099244446137637,11.728513231778276
-1.071269,2,6753.647864,True,True,0.0008104579789163773,17.916777093683372
2.970685,2,6754.815676,True,True,0.000375761045434019,12.55542952847592
-19.423819,60,6767.26397,False,True,0.01201012992817081,5.75582472190053
-9.033667,60,6776.789392,False,True,0.012169165432495615,38.27062142334555
-11.2026,60,6798.096293,False,True,0.021177950581617543,4.068965559872415
-21.091435,60,6817.415065,False,True,0.0300278329029362,18.844366245722835
1.938749,1,6818.662449,True,True,0.004698665400349284,14.39187953620697
1.79147,2,6819.984886,True,True,0.004654567487931708,14.276038608733181
3.466344,2,6821.300669,True,True,7.444716648707939e-10,11.506854384124114
4.188231,2,6822.56713,True,True,0.007015434078869326,10.306734842588241
9.309158,1,6823.888169,True,True,0.0010088672162964635,1.0872792476549302
3.81517,12,6827.167387,True,True,0.0038656085992524857,6.885606155721606
-6.510829,60,6843.866273,False,False,0.006913985413976212,40.334880922849614
8.096707,1,6845.024681,True,True,0.007044762593308891,3.2842664431740167
3.369567,5,6849.377908,True,True,0.00035637566433856065,11.887495195311748
3.595683,3,6851.98189,True,True,0.004708111946163053,11.238117626935221
-6.404408,60,6863.431488,False,False,0.003975595575100601,39.14164504407953
4.608002,10,6867.507024,True,True,0.009452820719060541,11.190866056896462
-8.033464,60,6889.096743,False,False,0.009163188426257258,10.58905176089033
-20.006788,60,6926.176959,False,True,0.008197043414871824,18.453692988024137
1.668206,1,6927.667089,True,True,0.004941263748955378,14.879784586446261
-13.009088,60,6939.43235,False,True,0.017018619801283025,39.59858518182676
6.475841,31,6948.385152,True,True,0.004394775411756226,1.7413390454130604
-16.009638,60,6973.269685,False,True,0.012068588512422434,9.8067856190969
-16.65926,60,6985.50375,False,True,0.006939131134889223,20.70273763995677
2.704388,2,6986.870136,True,True,0.00013266470373666378,12.62972070073751
2.614907,2,6989.50261,True,True,0.0029317644054026376,13.063698763383195
6.935479,6,6993.283269,True,True,0.0005036007117447438,5.172544123838064
2.136263,3,6995.801221,True,True,0.004689677857901394,13.228195640388943
-1.064345,25,6998.675416,True,True,0.0017911706493518819,11.080102341563224
-24.525689,60,7013.882574,False,True,0.004296895648367738,29.253469906329247
2.338445,2,7015.139901,True,True,0.0013511149080429087,13.547069267641008
1.894611,3,7016.413364,True,True,0.0030209857887356587,14.099033967559041
8.319562,3,7017.61485,True,True,0.007208885568059976,3.7093854040219885
5.457939,12,7021.622376,True,True,0.004973780843673788,8.91580455379395
-13.6792,60,7032.880885,False,True,0.00501216056772617,20.227413542663644
3.898402,4,7034.276181,True,True,0.009674205344348642,9.730188071101386
3.157507,1,7035.39151,True,True,0.005285447591827177,12.194623274198554
7.692072,3,7036.753132,True,True,0.004769525287843525,5.7957396795472
-13.877796,60,7054.694347,False,True,0.004831800611309306,14.53578219977916
5.726135,1,7056.017295,True,True,0.004728896666970332,7.560765060506385
7.692377,1,7057.414838,True,True,0.004496258519836878,4.010774384257408
0.552957,1,7058.599219,True,True,0.004730392290152598,16.890159072180925
-7.937589,60,7068.774461,False,False,0.01482365968224737,77.72482558661555
-7.747111,60,7084.194067,False,True,0.004714933041866195,1.2765679832506693
4.31871,1,7085.448117,True,True,4.2234742071361325e-05,10.096339465349399
-14.924642,60,7095.902687,False,True,0.011713453035947726,20.801294661882462
-8.008138,60,7106.698076,False,False,0.0138037962797997,23.209156169497742
-12.858712,60,7119.815139,False,True,0.020875930577020543,21.05906395349596
-15.045046,18,7123.603551,True,True,0.009683493956850362,16.10904695320497
-7.131553,60,7135.928156,False,False,0.011706815245235293,19.773910003358555
-12.576413,60,7150.716101,False,True,0.01832391556769239,16.779488429308195
-8.452982,17,7160.302181,True,True,0.0033386381762223957,17.166155773595673
-22.757545,60,7178.332775,False,True,0.02770771016844516,19.578901776932923
-10.74736,60,7193.36732,False,True,0.019658169746038883,25.653511630832636
5.230471,4,7196.692956,True,True,0.0013824523149441117,8.934010511138062
-20.657986,60,7204.183291,False,True,0.003985333963897381,33.0984741590772
7.775089,1,7205.436589,True,True,0.007238634294155655,3.865088133886888
6.64402,6,7207.010334,True,True,0.004706622587064349,3.483724144781972
-11.15168,60,7218.559096,False,True,0.0046114936296869176,30.204397083283155
-7.441766,60,7229.136769,False,False,0.004657006071340227,23.530196270103435
-8.910547,60,7244.179326,False,True,0.02335164214806852,34.486922278577204
1.946709,3,7245.856786,True,True,0.003354356390219507,14.131351536946243
-0.423511,5,7247.409119,True,True,0.00028061392250407907,15.340311399241946
-5.853426,60,7258.56858,False,False,0.0015953952396140572,38.666705757449215
3.124176,2,7260.042807,True,True,0.007653291112777943,12.135492177455841
5.714767,1,7261.530129,True,True,1.379758978085812e-05,7.57709968893066
7.936923,4,7264.634931,True,True,0.007832890836155716,5.200534718609971
-9.244056,60,7277.221233,False,True,0.026854067015775644,25.574626836005546
7.360092,4,7279.007499,True,True,0.010646737228584753,3.6172256833273213
-9.936817,60,7295.601814,False,True,0.01690390942291595,13.127758405326459
-12.051877,60,7307.04863,False,True,0.00439270691250594,3.2519859567694303
-14.607712,60,7312.807239,False,True,0.0075015568259332015,25.315406961684772
-20.047317,60,7320.742372,False,True,0.022896258487861088,24.38948125655662
-20.736178,60,7328.895455,False,True,0.017964823546317045,43.04443302604257
1.542413,2,7330.240125,True,True,0.0027779625357358083,14.986695968862698
2.684816,3,7331.730629,True,True,0.000984315928101047,12.627559202756851
-0.712889,23,7338.738021,True,True,0.007255579310060509,17.077153084787952
-9.604165,60,7354.584938,False,True,0.01988713808879159,18.767428671926684
4.833408,1,7355.834502,True,True,0.010256387819015274,9.175476065610079
5.841804,1,7357.425132,True,True,2.8185968113988297e-06,7.347800595185175
6.871022,3,7358.758144,True,True,0.004419388994093094,5.21418137601368
-0.023374,10,7361.988049,True,True,0.002959568247150414,16.422976685070964
-13.289659,60,7379.256755,False,True,0.011482162787162558,21.980567522490226
-10.91181,60,7392.316595,False,True,0.028406808055482343,22.713562905431694
-10.195578,60,7406.768784,False,False,0.02684753296308417,21.167657068635766
-13.398162,60,7416.872763,False,True,0.01815846637699116,17.46732660288093
6.397544,6,7418.370379,True,True,0.0031063561469300963,6.477396383277749
-7.173283,60,7435.95355,False,False,0.028355855589432884,33.48281915254939
1.854233,3,7437.350381,True,True,0.0009351755628219157,14.370417275000056
4.221463,1,7438.740721,True,True,0.0020821813755604293,10.273375689706713
0.196104,4,7440.140466,True,True,0.00789312257330907,17.548628217600744
5.67205,1,7441.529488,True,True,0.004794348317281026,7.658413201073502
-22.068853,60,7457.381182,False,True,0.007093150977777695,16.354066820425228
-7.370014,60,7471.554194,False,False,0.006984569568951481,21.9983500956633
6.209256,45,7485.0319,True,True,0.009642249384680144,2.6876945300799426
0.964709,1,7486.729209,True,True,0.002157137234236127,16.145337040919028
-7.979535,60,7499.778033,False,True,0.006841931140711464,19.791473302701093
0.953596,4,7503.645874,True,True,0.004544302400408913,15.685237526497632
-9.227492,60,7527.958649,False,True,0.018495898688192076,11.075148821032261
7.386193,1,7530.275508,True,True,0.004683495494119946,4.564581520168527
1.554954,7,7532.06069,True,True,0.003931842269444318,14.42411230432537
-10.946911,60,7552.959489,False,True,0.02889869347326879,15.741425151831747
5.515074,10,7557.035966,True,True,0.009623764331443768,6.687905850536991
-14.189339,60,7567.417084,False,True,0.002462737327617467,13.833675350096396
-8.068567,60,7580.597063,False,True,0.025831417319632247,7.733274340840599
2.850274,1,7581.883641,True,True,0.001170784868884953,12.746001372896826
-6.043766,60,7594.735062,False,False,0.00739673258565402,11.437694843808622
-12.574104,60,7612.014198,False,True,0.019575179066670917,40.350707030411044
9.349149,1,7613.225657,True,True,0.0023453160771995697,1.014350960580816
-6.675354,60,7627.421941,False,False,0.026539070785354578,11.517357400056243
5.26815,11,7628.988734,True,True,0.004828370485117202,8.290565402685528
-1.46901,9,7631.827621,True,True,0.007916888521849961,16.738561068542705
-14.085188,60,7640.89309,False,True,0.012219907078580134,54.73090133613258
-11.857619,14,7642.689914,True,True,0.004110238309752479,17.164488573367432
-1.333384,20,7647.495087,True,True,0.009227928528253078,17.029283357406023
2.381952,2,7648.903815,True,True,0.001253829903384466,12.907044461136351
1.731289,27,7653.31264,True,True,0.004130593691886075,12.185700735017331
-10.080086,60,7662.885981,False,True,0.0050697644278044195,70.49672935957783
6.216233,1,7664.091175,True,True,0.004821618035063476,6.676444410009462
9.900467,1,7665.23219,True,True,0.0014236217994009254,0.019259046535707314
1.46838,13,7668.335715,True,True,0.009019424789026372,11.82813049508571
-21.115943,60,7682.660281,False,True,0.038671553396441856,34.83987869062059
7.044401,5,7684.003461,True,True,0.002551174680083243,3.9924856478135804
-18.693827,60,7696.004171,False,True,0.03182417993562303,9.217373241395965
-10.041104,60,7705.513049,False,True,0.021800487033275376,40.92686855209841
4.786878,1,7707.251707,True,True,0.0069538144301825935,9.25705633363547
7.904401,8,7712.886762,True,True,0.011932474499510914,2.6183647381026205
-13.794216,60,7724.561976,False,True,0.016790204127773198,24.506056964750513
5.195159,1,7725.750911,True,True,0.01169924598072445,8.524013002180794
-14.430086,60,7739.3886,False,True,0.0025276147934427534,22.931324763875065
1.253217,3,7740.74784,True,True,0.006734189558793486,14.90081220518903
-5.722427,60,7759.44839,False,True,0.00022542237722193367,1.2328551008946578
-6.901402,60,7775.236895,False,False,0.030149762923219022,17.71281995576777
4.98347,1,7776.960711,True,True,0.002309723752640905,8.898786784452868
2.351889,13,7779.256205,True,True,0.005257668103192118,11.833086791995962
-12.973481,60,7790.552379,False,True,0.02135042803762013,40.597448589326596
2.441484,1,7792.364749,True,True,0.004913226875510126,13.485548045800416
3.880194,3,7794.18286,True,True,0.0025906695592907807,10.638278632040857
7.949058,1,7795.964795,True,True,0.01045786617768475,3.554195766262543
6.856022,2,7801.115603,True,True,0.009111088663025044,5.121842926921657
1.963217,1,7803.65167,True,True,0.007103954875905589,14.349102908636487
-8.057606,60,7825.996253,False,False,0.028980879872619495,22.322278835970987
-14.010001,60,7844.318547,False,True,0.0025727249656989884,10.648297529606584
-12.105075,60,7860.696436,False,True,0.01164917381002203,26.808439127123076
0.378341,14,7862.932558,True,True,0.005556786918951585,14.648547093410754
0.669727,2,7864.745156,True,True,0.003908834806614664,16.20711446036768
-16.618342,60,7887.626074,False,True,0.011937416720642817,14.273649618963546
5.27367,3,7889.227088,True,True,0.00016255091607567888,8.091388413958922
-11.179209,60,7902.526068,False,True,0.03778989899098851,49.29745033432498
-13.974172,60,7913.688924,False,True,0.011516225652397155,14.57384369027987
-4.817046,38,7919.095993,True,True,0.007022797731278589,16.03419340774748
-14.017596,60,7935.550976,False,True,0.030094644281743,69.0977618344242
8.614344,1,7937.157701,True,True,0.0044885134830751315,2.3467623573098373
-8.086552,60,7950.200761,False,True,0.016885764008236125,86.55879023469336
-16.064321,60,7965.680788,False,True,0.02028614064448226,22.336526240087576
-16.328165,60,7979.964378,False,True,0.012526375755633668,25.86033407511591
1.210538,2,7982.888013,True,True,0.011010499061342622,16.0269017382146
-7.556586,60,7994.333161,False,False,0.012235975877179946,30.756425587663138
-12.514981,60,8016.623508,False,True,0.01824299679452082,57.809532021485865
2.488833,12,8026.707553,True,True,0.007504973010125288,12.01064337490346
-11.059369,60,8039.947845,False,True,0.03802173363959446,39.33964299290814
-13.074611,60,8051.268899,False,True,0.009447642577737206,19.689700728275373
-1.205396,12,8060.660466,True,True,0.007303550591521329,13.24526929231083
5.543171,1,8062.196409,True,True,8.111070128543176e-05,7.8868602944103205
0.275968,14,8065.988863,True,True,0.007385233762826748,15.91371443648435
2.754119,3,8067.68916,True,True,0.004572716800798489,12.144352689167993
0.335844,3,8069.327276,True,True,0.011364101749913428,17.349599778442496
0.59975,9,8071.628068,True,True,0.000740800839505628,15.725924286905046
-7.030822,60,8086.261456,False,False,0.00948843536250113,7.069930000265321
2.886702,1,8087.98992,True,True,0.0025983614832548107,12.681250955126526
5.729537,5,8090.014037,True,True,0.006965127847868686,8.914667128804139
2.322394,2,8091.680777,True,True,0.004389952081189502,13.300855883631641
-19.705705,60,8109.536563,False,True,0.03341061515886225,19.845074865217573
-11.963377,60,8131.301541,False,True,0.00042894409021865146,15.748730086864919
7.56576,3,8133.835935,True,True,0.0024523506036207244,4.278207220925342
-12.127583,60,8144.701071,False,True,0.021456073585431418,76.3784238917097
-8.522788,60,8156.282952,False,True,0.016718656348002563,16.84616306441924
0.722496,6,8157.679254,True,True,0.004847027490032567,16.14068233335794
2.844769,4,8159.052494,True,True,0.00013319499896396157,13.213687299694724
-11.659848,60,8166.939498,False,True,0.007310246189057748,25.75851806454286
-8.241115,60,8174.055276,False,True,0.026391417662421424,77.49813901521227
-0.016766,2,8175.369153,True,True,0.00016983632568041886,17.302451448349704
-10.606535,60,8186.069904,False,True,0.0069657907082967385,16.272331386508647
-8.194941,60,8198.118003,False,True,0.0027029232362217933,10.0513178176624
-16.755407,60,8206.935132,False,True,0.03866721500570414,44.657247056849535
2.872476,2,8208.232246,True,True,0.004650554543379065,12.844141317509477
-12.335809,60,8216.354914,False,True,0.02840076877902425,64.58374496389973
4.736214,13,8219.327057,True,True,0.005548086235037844,6.270474190420844
-8.765392,60,8232.239248,False,False,0.00022844209787111457,16.13720797198259
3.374337,6,8233.690159,True,True,0.001131744457588263,11.342512140438838
-11.64948,60,8244.042937,False,True,0.021054878346304175,51.562082409788346
-12.188248,60,8253.358909,False,True,0.016882751302412232,20.765865729520257
4.030188,3,8255.84859,True,True,6.959300281281428e-05,12.610288118777545
2.567451,1,8257.131286,True,True,0.007869063544428059,13.260146520552317
2.37149,3,8259.627974,True,True,0.0026121650724448657,13.29842367062204
1.475824,1,8260.854056,True,True,7.676805016766826e-05,15.223868267945626
4.14187,2,8262.127928,True,True,0.007928244304553089,9.826200276693388
7.378474,1,8263.431388,True,True,7.526444358064988e-07,4.573568518448719
2.156817,1,8264.832427,True,True,0.0025962986583695836,13.997451864700817
-8.407586,17,8266.576365,True,True,0.0038351622249238482,17.62174066015431
-8.54975,60,8273.354637,False,False,0.012440659368931621,34.69543670318529
6.591542,7,8274.813423,True,True,0.00033093941684143174,5.923443173096236
6.271418,4,8277.337787,True,True,0.004961428134801193,6.208335716680201
6.606394,1,8278.501027,True,True,0.004593622436093051,5.972087504752149
-17.859424,60,8298.111095,False,True,0.018406742283992892,5.705647679751686
-11.681204,60,8306.369668,False,True,0.021898111034586613,27.964493084724918
-12.838969,60,8314.113363,False,True,0.014439199878531931,2.649403873374358
-8.441464,60,8321.987676,False,True,0.019511365677911147,84.97652566385783
4.767639,1,8323.253808,True,True,0.0002740577375404548,9.286532069760147
3.576023,2,8324.567505,True,True,0.004417809314942878,11.314907918345018
2.101012,2,8325.925115,True,True,0.0005450902038065825,13.975005478033165
-19.01245,60,8337.291742,False,True,0.031287634094900055,26.383036984803027
0.354307,1,8338.463376,True,True,0.011076783775844158,17.251100788471863
-12.674251,60,8345.312032,False,True,0.008602624036631232,23.88979804937811
-2.473986,3,8346.504815,True,True,0.00022930185048218132,17.494628012167773
-14.105805,60,8354.075476,False,True,0.03351009413961386,66.909077611087
-9.604591,60,8366.743067,False,True,0.007464553405112246,8.265723883259978
3.631201,2,8367.975929,True,True,0.009846422228729198,11.222279678589254
-8.00906,60,8376.737981,False,True,0.03626455498000517,66.00987633416267
-12.293208,60,8388.492677,False,True,0.013632983972025389,19.676345968225974
0.245021,1,8389.736161,True,True,0.006550872010544976,17.446073110653654
5.143882,2,8391.05734,True,True,0.00988383899550276,9.181703600318475
3.680847,8,8392.44047,True,True,0.009694227287590793,9.46076030159591
-10.428287,60,8413.577824,False,True,0.006917747640975353,17.506068079531737
-12.132427,60,8421.657184,False,True,0.0029008544841751366,50.88070374349693
4.74821,2,8422.962069,True,True,0.001140677809392256,10.340985198204878
2.194932,2,8424.208724,True,True,0.0097576794824944,13.30402432528771
7.131604,2,8425.328146,True,True,0.000385956733645278,6.488961559212076
-7.406417,60,8434.456007,False,True,0.006673456972526938,12.966067830991589
-5.101292,11,8437.158619,True,True,0.011721018886308839,15.684036298222553
2.962407,1,8438.457397,True,True,0.002284233848482193,12.544512294524958
-6.779782,60,8449.051607,False,False,0.006516272373105984,10.82483635699933
-14.668961,60,8459.983869,False,True,0.0003969135707370722,26.81756375850821
-7.536946,60,8470.357117,False,False,0.03866593401196654,21.628823959948544
-8.076424,12,8473.139686,True,True,0.0013716636758582222,17.025467248135183
4.469648,2,8474.289522,True,True,0.004953074817421401,9.368563203958868
-12.431798,60,8486.499984,False,True,0.011329443286575243,16.20564948196835
-0.221247,9,8489.31934,True,True,0.010390542586153241,14.824425814309096
1.897739,8,8490.691093,True,True,0.00721283312971378,8.302054387693932
-8.014837,23,8495.283532,True,True,0.01012609634567872,15.999675502673378
-17.295409,60,8507.503589,False,True,0.007010636143375588,6.003629390591249
-11.401619,60,8524.24238,False,True,0.017388863273038208,21.158258612329565
-16.246327,60,8536.931984,False,True,0.015033208054652225,29.211621484368575
6.79053,1,8538.325884,True,True,0.00396328375394555,5.6391351955760864
4.642662,1,8539.611765,True,True,0.01153074797014272,9.520350997381998
-18.160587,60,8550.234443,False,True,0.01934687479785395,45.56613969983945
-6.840938,60,8569.248223,False,False,0.019437300687560173,40.10864147974837
-13.213531,60,8585.027782,False,True,0.0024255696891455295,19.554698471750946
2.574775,2,8586.991421,True,True,0.0025926901875970992,13.37764529507369
1.741623,3,8588.520745,True,True,0.009556995119029148,14.413765862094543
-8.494181,60,8606.51571,False,False,0.00874884549103106,18.25065209866934
2.200076,1,8608.33477,True,True,0.009613376056335077,13.92343636281282
5.913643,2,8609.674597,True,True,0.005963256797229121,7.090835032573976
7.08644,2,8611.012925,True,True,0.0024787807810155225,4.961732381241754
-18.692162,60,8622.085832,False,True,0.023925534970641118,14.365363662504173
2.381056,5,8623.533314,True,True,0.005178822659362967,12.682010300869985
-12.466509,60,8641.69924,False,True,0.02486791916866857,14.983287150870789
-12.068264,60,8654.635112,False,True,0.0163430316059518,77.72507096676684
-12.334838,60,8667.979201,False,True,0.0237518008232809,65.69427186530112
2.302597,5,8670.510845,True,True,0.0017265003163836092,14.20941613270666
6.30641,1,8671.781199,True,True,0.007093871630488455,6.515696579837903
6.933038,4,8673.226645,True,True,0.005526598198577319,5.086037691422376
-9.172219,60,8685.293809,False,True,0.01638666620552574,18.262799766497906
-7.991445,60,8700.031199,False,True,0.02756813288621852,10.131317411338202
-13.845793,60,8711.565507,False,True,0.009941368534461696,33.698887263737646
0.774372,2,8712.930411,True,True,0.005316434321300679,16.37619442183546
1.87105,8,8717.467637,True,True,0.00437568711473134,13.99436312245651
-5.894053,60,8727.628068,False,False,0.002318332122597744,4.491118878816519
2.610126,4,8729.125964,True,True,0.003269003302317332,12.934104275160916
0.899189,5,8730.683466,True,True,0.002013877165368146,15.608827371501434
-9.627747,60,8745.862571,False,True,0.015866640218851133,26.81446352460352
-14.376179,60,8755.607289,False,True,0.023303437137382588,29.621860282404487
4.431981,6,8757.129164,True,True,0.0009883206672634988,7.057724002108456
-14.369732,60,8768.626132,False,True,0.011315201643524363,10.058250421192072
5.90725,8,8770.377662,True,True,0.01086339080372238,7.673273767823606
-9.428026,60,8780.238838,False,True,0.014219961447412024,7.004680800719064
-9.537722,60,8801.614103,False,True,0.012056610993768523,48.122092612431864
1.533968,6,8804.521936,True,True,0.0004636845009359453,12.987786341265723
9.07027,8,8806.148588,True,True,0.003395131904170069,1.5311009881709625
3.276432,3,8807.536174,True,True,0.009670491697470581,11.66276803952599
-12.894376,60,8815.935547,False,True,0.016808130135537964,17.88599765146142
-13.02085,60,8828.916239,False,True,0.015481493833452379,56.82861984752791
1.522873,13,8834.913785,True,True,0.006703950466696881,14.273020737422238
-9.143572,60,8844.598459,False,True,0.020859088830227104,17.829726186339464
-18.013135,60,8849.729253,False,True,0.03333783426221093,81.15489077747692
-9.945489,60,8855.759121,False,True,0.05660171130434908,74.32723004609244
-6.00067,60,8860.921045,False,False,0.06304057997564728,73.99122794921213
-14.003644,60,8867.15899,False,True,0.11737382525173934,89.51282122909171
-6.01469,60,8872.278848,False,False,0.0007125369734320153,85.18607497697813
-6.002852,60,8877.382272,False,False,0.09191790275893878,84.47043672508477
-6.002075,60,8883.272839,False,False,0.0775133669999581,81.01397058515245
-10.000117,60,8888.477192,False,True,0.0686322230881288,83.72657586125888
-8.013323,60,8894.574164,False,True,0.02068698328318036,88.51714131878127
-6.00257,60,8899.788428,False,False,0.1062070856780378,80.47270029395892
-6.010339,60,8905.922747,False,False,0.023934319398490056,88.63815200465191
-6.003866,60,8911.12355,False,False,0.06319824808440222,85.81957160395264
-10.006171,60,8917.214503,False,True,0.0798844746535114,76.70629794503508
-6.008502,60,8922.434083,False,False,0.02320014752332775,84.84621472815664
-6.066191,60,8928.535689,False,False,0.04310283625944805,82.43100288602362
-6.003366,60,8933.609478,False,False,0.0973881167878271,85.86116854095795
-6.000443,60,8939.713693,False,False,0.11358991443065078,71.88563824120234
-5.952365,60,8944.734773,False,False,0.015113172975481046,76.47178428156438
-6.000907,60,8950.703457,False,False,0.14526094075969256,84.00934379065089
-5.821143,60,8955.881777,False,False,0.04285543500716012,61.27814136085703
-6.002343,60,8961.820417,False,False,0.13644149479804943,87.19805892402373
-6.000978,60,8966.967813,False,False,0.09652726075362564,87.13536137252052
-6.005453,60,8972.177979,False,False,0.025449727600062432,86.75478231151811
-5.999051,60,8978.274116,False,False,0.042323692943457634,73.33327632171942
-8.002282,60,8983.381577,False,True,0.09165838918083666,77.708776110143
-6.000248,60,8989.585355,False,False,0.1669966955222145,71.63367231550993
-6.000502,60,8994.691439,False,False,0.06305987720477936,77.31705692985095
-6.000926,60,9000.752671,False,False,0.049429244210445436,77.29958565173827
-6.003015,60,9005.925249,False,False,0.0911382707994059,83.83231020880403
-6.000168,60,9012.007763,False,False,0.007653619031194431,78.02242399962522
-5.993421,60,9017.154608,False,False,0.03448955896071873,77.80305503824364
-6.005166,60,9023.244171,False,False,0.007957964591177754,77.20190960991535
-5.995353,60,9028.252896,False,False,0.014832554456172882,77.69788909826073
-6.002132,60,9034.116208,False,False,0.02852634705806715,78.56031699757695
-5.974036,60,9039.286705,False,False,0.021982877019807504,68.10634437443801
-6.007268,60,9045.56335,False,False,0.03151926198074925,85.90634699503708
-5.991982,60,9050.817489,False,False,0.06952144863530421,65.61618744576454
-5.99194,60,9055.832112,False,False,0.08174505394604761,66.90874064688967
-6.078852,60,9063.047577,False,False,0.002944960972518826,80.9764299690321
-6.002333,60,9068.734227,False,False,0.02447340613368089,79.4491831807591
-5.999252,60,9075.257242,False,False,0.07285748323786341,75.48047215762685
-6.001495,60,9080.667229,False,False,0.12754031658582343,77.47579672447375
-5.986643,60,9086.758592,False,False,0.07079860388298634,48.55443434151555
-5.998007,60,9093.45997,False,False,0.1005365824042191,70.61975031795387
-5.980458,60,9099.919538,False,False,0.00586494140456358,62.656798871222136
-5.997222,60,9105.786304,False,False,0.0638888040791278,57.396559742762086
-5.923096,60,9112.001322,False,False,0.010463437458252152,56.36281934384075
-6.003052,60,9117.014029,False,False,0.06069700499375104,83.13513050193613
-5.999143,60,9124.52491,False,False,0.09772734284964309,72.29046791072909
-6.006842,60,9133.627954,False,False,0.010833428005070977,84.64658595945654
-5.842173,60,9141.755595,False,False,0.009593669753192936,45.65229593651823
-5.914328,60,9148.565616,False,False,0.03897808378916882,43.739768424916065
-5.956719,60,9155.214941,False,False,0.04102006561069554,53.75428831063785
-5.991257,60,9160.311741,False,False,0.1258588359370281,47.392580595120805
-5.984789,60,9165.820875,False,False,0.11751654505465123,47.00317548296032
-5.944967,60,9171.614685,False,False,0.03932705494002101,52.30906526190705
-5.959489,60,9176.161792,False,False,0.03010560132801546,56.57154282218994
-5.483667,60,9181.728499,False,False,0.020676028932253863,23.592560751369888
-5.826273,60,9186.214133,False,False,0.03129624822247202,38.18920105216824
-5.393301,60,9192.236898,False,False,0.007149990430083273,24.23695913841772
-5.734913,60,9196.722969,False,False,0.06186471414755935,21.072085405600916
-5.682134,60,9202.716339,False,False,0.025070584191690126,25.306802906635745
-5.983616,60,9207.372225,False,False,0.1390875390286947,40.28238069476841
-5.970701,60,9213.298264,False,False,0.11978125372457117,37.660584429371745
-5.85566,60,9218.826174,False,False,0.059183481985836395,33.00621713034955
-5.793663,60,9225.681901,False,False,0.07016166182356849,23.263529706723805
-5.827894,60,9232.012191,False,False,0.04135153491464393,33.312089902155876
-5.944448,60,9238.337505,False,False,0.00458437997564054,60.816500470697015
-5.992461,60,9243.158777,False,False,0.032274477939859006,71.13327633789514
-5.93134,60,9247.654131,False,False,0.054999632617521416,44.005514476399945
-5.905221,60,9253.315714,False,False,0.09421584260123353,28.196270405426688
-5.50075,60,9257.97659,False,False,0.006147159581537342,30.014532119310324
-5.82257,60,9263.335271,False,False,0.07367676925533265,24.26605793012894
-5.77859,60,9267.859083,False,False,0.053592393173490786,28.690202112946096
-5.667129,60,9273.497431,False,False,0.028821979747547334,26.161893762746022
-5.966047,60,9278.62268,False,False,0.1088627713022773,38.61078740211193
-5.977596,60,9284.195175,False,False,0.09636352765278859,44.67993617629322
-5.362515,60,9288.77543,False,False,0.0018393588597157805,27.35406597453854
-5.842616,60,9294.138035,False,False,0.03129241813223132,35.947522073003356
-5.832194,60,9298.782607,False,False,0.0803724584832452,22.75452938712394
-6.02793,60,9304.261567,False,False,0.07952909262440731,55.40920528640161
-5.909249,60,9309.179231,False,False,0.05405488096129933,39.2347821816742
-5.439485,60,9314.840914,False,False,0.024961140495662507,17.533920733365207
-5.938965,60,9319.396907,False,False,0.1301288124041437,24.191745766932627
-5.501183,60,9325.29395,False,False,0.04450935096922435,17.01503618677385
-5.683233,60,9329.916162,False,False,0.016247129657720162,33.79377931043159
-5.509322,60,9334.545648,False,False,0.030176636375939963,22.551019068813535
-5.83902,60,9339.833379,False,False,0.005830522910209624,47.78406341220483
-5.988431,60,9345.856817,False,False,0.004673284089619607,68.61807227580343
-5.716173,60,9351.354569,False,False,0.06281814340073155,20.79026391275934
-5.059513,60,9355.804168,False,False,0.004424153108659831,20.565028490478678
-5.773051,60,9361.58192,False,False,0.0044036161795534216,42.45772409042047
-5.899009,60,9366.243669,False,False,0.08585393673356013,28.679366386014518
-5.519037,60,9372.081429,False,False,0.03256304535736031,21.070266678403403
-7.968951,60,9377.305689,False,True,0.05507525867986751,56.459297234216145
-5.74179,60,9384.194623,False,False,0.09437946387214453,10.738202630258662
-5.947725,60,9388.74109,False,False,0.0638470736732156,45.028367687752386
-5.633105,60,9394.743188,False,False,0.04380568980158593,21.8759739486157
-5.432233,60,9399.293022,False,False,0.02614693410932504,21.97966206743503
-5.833723,60,9404.912749,False,False,0.043253448731014985,35.61844383382586
-5.981381,60,9409.557882,False,False,0.1248068591425077,39.28395685984506
-5.964426,60,9414.067748,False,False,0.045284404471723834,56.4947910940666
-5.885857,60,9419.416885,False,False,0.02391396278987082,46.29506561811083
-5.792179,60,9423.852106,False,False,0.03028618269012584,36.672109046491215
-5.997251,60,9429.501968,False,False,0.11407210177415085,57.36292050074152
-5.971701,60,9434.350585,False,False,0.039416084005768424,27.97286985593643
-5.675017,60,9440.560046,False,False,0.004572698385382478,37.491259992662904
-5.972652,60,9446.231558,False,False,0.09098405115750502,45.81997903673164
-5.493746,60,9452.918292,False,False,0.012631213917144805,26.072499124091653
-5.902086,60,9457.688395,False,False,0.04038749969024273,44.11641672847512
-5.33568,60,9463.096436,False,False,0.018887247307482702,18.199169635314462
-5.776059,60,9467.932019,False,False,0.04437566417287814,28.626576043304407
-5.997929,60,9473.435462,False,False,0.11850711177210331,58.25293578093849
-5.56544,60,9478.243137,False,False,0.053409637049094544,16.88768066721568
-5.981763,60,9483.892249,False,False,0.12698195329188955,41.51747056695825
-5.791375,60,9488.668453,False,False,0.03864138906637255,30.652126421891545
-5.601039,60,9494.207805,False,False,0.03749834704019808,22.753332283760518
-5.655332,60,9498.742558,False,False,0.024448192457011277,27.88133221780637
-5.835638,60,9503.362412,False,False,0.04838500829648366,32.67070559260222
-5.80307,60,9508.866465,False,False,0.06099415157308266,25.778206044811974
-5.498056,60,9513.474092,False,False,0.03601008273666481,17.692003512153605
-5.78807,60,9518.992707,False,False,0.04122080831173016,30.233077874431196
-5.219016,60,9523.821307,False,False,0.003938628274512001,20.867495918919975
-5.683609,60,9529.410522,False,False,0.04978948799794623,22.80842171046984
-5.479328,60,9533.984981,False,False,0.02621673928277573,22.82961792043916
