#{"t_start": 1785309798.3477995, "env_id": "None"}
r,l,t,success,freeze_attempted,d_m,alpha_deg
0.286806,22,9.937747,True,True,0.004830769772675577,12.363286669097507
4.87652,35,13.358267,True,True,0.0047666145509704504,3.30165239536592
-0.190166,17,18.870699,True,True,0.005149151995464649,15.091208344036932
2.182034,3,20.048477,True,True,7.468560561663118e-10,13.641696150723307
-7.834156,60,31.998896,False,True,0.007266314965342175,17.88768149035015
1.411663,32,43.302736,True,True,0.008085332306694643,10.277721406820818
2.114208,9,45.741073,True,True,0.005149766907049897,10.489890179767217
3.187299,5,46.925347,True,True,0.004584466869788024,8.412442142388333
3.320509,2,47.981661,True,True,0.003935267886414417,11.178662653119732
2.285824,2,50.211908,True,True,2.8066794027781228e-09,13.640395942376966
-0.109642,14,51.742313,True,True,0.0073553596460500924,12.229350964821155
8.976126,1,52.86082,True,True,0.00021789654482634634,1.6879914924424089
-0.112602,11,54.240839,True,True,6.110199499143043e-11,16.06258013181157
-10.386658,60,61.051622,False,True,0.02259451419868406,36.2019222010948
-20.786964,60,69.536435,False,True,0.04404059586033848,23.10975491934731
-0.270968,22,73.316704,True,True,0.007247242535440393,13.59506405070316
5.496381,2,74.572335,True,True,0.004736368887865184,7.843520483326323
2.039794,16,81.302432,True,True,0.011999575810736966,10.66727230493375
-15.637797,60,101.546349,False,True,0.004790818349771594,9.002654650785361
-0.094352,14,107.081244,True,True,0.005187832879072013,17.94859957675012
1.953656,19,113.813854,True,True,0.006773784888343418,12.045021133131536
3.13612,6,115.088634,True,True,0.0005858150425903869,11.691210862705141
1.687927,9,116.419281,True,True,0.00019284183580888696,14.269474144632436
-1.791698,30,120.688793,True,True,0.0018964477226985754,16.572099642699246
1.215937,11,125.759105,True,True,0.0028773875663944837,14.471839147881395
2.535085,10,128.132676,True,True,0.00339374552593217,12.383367301884915
0.627625,32,137.507849,True,True,0.010217034484450306,12.448676999384501
-2.679303,51,145.353071,True,True,0.001486933595727078,8.255536456178724
-1.691859,4,146.586179,True,True,0.002227825780956404,17.14411924898845
2.330895,12,153.284465,True,True,0.005116414149661936,13.74601517351016
-2.604465,17,158.744354,True,True,1.3279506834440458e-10,16.444592639395168
5.464973,5,159.973486,True,True,0.00121679372731441,6.606992876799923
-0.150238,6,161.240597,True,True,0.009077002689881633,17.215560088828855
4.348738,2,162.27466,True,True,0.003997883200675546,9.915853053878564
-3.439573,35,172.869791,True,True,0.00010729315837925682,15.10471190091752
2.13588,8,176.251969,True,True,0.001148891034365507,13.318760198482348
4.155386,7,177.463198,True,True,0.003158437559656819,9.797024019426434
4.106668,32,180.38984,True,True,0.0023808936230971774,1.7008702459280838
-0.650083,14,182.861291,True,True,0.00173653214857478,16.46011462529874
4.529523,15,191.635984,True,True,0.00946932692106003,6.713182574672715
0.327165,1,192.674691,True,True,0.0005018075434010619,17.295041445714794
3.002699,1,193.808103,True,True,0.0037715717182116634,12.472824987890585
3.856668,1,194.970591,True,True,0.0005340357115448825,10.930281859480809
1.901632,1,196.08253,True,True,0.0005731087402178967,14.456365234328155
3.102254,1,197.158714,True,True,2.1302499811880204e-09,12.290722764040508
-18.733069,60,209.45804,False,True,0.008848035874028408,49.17840128716783
5.192496,3,210.624521,True,True,0.0038349205245477927,7.694153260321582
5.240248,6,211.982645,True,True,0.0003471087744766734,8.415981722870537
-0.087225,14,215.515148,True,True,0.007634006512064973,16.215620628366025
-2.160237,31,221.875252,True,True,0.0019166427629657883,15.129636945421458
2.763442,8,223.897803,True,True,0.006939919040364252,11.249649845581056
-2.260023,44,235.898209,True,True,0.007199983356315084,11.00768736677059
8.626751,1,237.10646,True,True,9.004689920755898e-06,2.3189472438606042
-15.742178,60,247.464047,False,True,0.006278368460302257,52.53804331509191
6.791875,4,249.865918,True,True,1.0102701874882005e-05,5.3205033647042255
-9.912581,36,259.844003,True,True,0.00015729391507806213,14.113853417348727
4.132865,15,264.566197,True,True,0.004473565163900218,6.624571913916392
5.938572,11,271.127758,True,True,0.0023388729357385384,5.8248883900076285
-1.811601,16,277.105291,True,True,0.004601766928940805,17.72907829992639
-1.417234,7,281.511541,True,True,0.0031570375550488226,16.413545092971003
-0.715563,12,288.276,True,True,0.0040203644574225775,17.969743749638422
7.735011,4,290.572725,True,True,0.002249177190568544,3.4528528218322827
-31.73161,60,306.576371,False,True,0.01703327882962928,30.298537032171847
2.141995,20,311.270089,True,True,0.001744088197551008,11.32550863070025
-4.722462,18,315.027914,True,True,0.009598475762086334,11.733756760663839
5.176592,7,317.208728,True,True,0.006298742621941052,6.3471460404244775
6.041279,1,318.264641,True,True,0.004329206738638203,6.991735731477162
0.48085,6,320.535592,True,True,0.0011613497955681885,13.690461805500778
-1.839621,52,332.741117,True,True,0.011703713785688179,2.9715365012471415
6.962895,2,335.015815,True,True,0.00010175333913914819,4.50890972963789
5.836356,5,339.429581,True,True,0.0023895483436158823,7.670718945048774
1.079116,24,347.920283,True,True,0.005237343506029219,5.249935336376696
5.872503,2,349.098838,True,True,0.0023791346816737107,7.3154724225020304
4.901698,1,350.193696,True,True,0.000648935177210997,9.044951696226851
9.543407,2,351.38625,True,True,0.004673072616759396,1.3844725314342436
0.622729,11,357.955257,True,True,0.004383273840117573,12.741365340789592
6.888181,8,360.286896,True,True,0.004741103961322715,4.669069566698814
6.216178,3,361.563918,True,True,8.413192098140863e-07,7.179677996537913
1.304495,4,363.899733,True,True,0.004837688513316016,15.411670879031366
-2.745867,17,371.529267,True,True,0.001384537724115566,16.78126502641264
-22.847337,60,394.050935,False,True,0.01461522362285362,23.389171757921886
2.611247,3,395.347289,True,True,4.080763504887841e-14,12.978138910900247
-0.252329,2,396.428885,True,True,0.008180791374137027,17.379929059215513
8.05824,1,397.526062,True,True,0.002601092697942611,3.3469328874728967
4.397774,5,398.805128,True,True,0.011721953119705149,8.332278181961371
7.92033,4,402.084341,True,True,0.004783567311779807,3.0286384087050964
3.942602,5,404.188655,True,True,0.0024304953832782364,10.26842161600332
3.864148,1,405.195092,True,True,3.9540832413864635e-11,10.916382175630783
5.231959,7,407.55532,True,True,0.005094657688095199,7.045233824991189
1.540785,3,409.780479,True,True,0.0015853186550391397,14.75096444204971
5.319935,5,411.063346,True,True,0.002390349874947187,7.484152430987038
6.159628,9,414.794978,True,True,0.004673981925837094,5.611252708359052
3.383088,8,420.406514,True,True,0.0013437774480840894,11.014384056935342
7.767508,1,421.494316,True,True,0.0001489198679168295,3.871175328763948
9.299964,6,422.795465,True,True,0.002196656569117727,2.3423120717417363
6.181457,1,424.086176,True,True,0.0024953145595272667,6.737093312604143
0.492051,5,426.332759,True,True,0.00015821026522528595,16.66295978819129
8.227436,9,427.738974,True,True,0.0051138403289359225,6.233993068520399
0.950528,1,428.757536,True,True,0.004778890193513253,16.1735116982719
0.711535,5,430.882575,True,True,3.7607931302630765e-06,12.388183595771947
8.431656,7,433.281226,True,True,4.1298154411050295e-05,3.507071625562807
4.671959,2,434.418764,True,True,0.0016428663967164268,9.32949462633694
3.495601,1,435.528404,True,True,0.006575378568945963,11.585745845187573
1.191449,4,437.895938,True,True,0.0025792343909436678,14.824109052307426
-1.675149,11,442.559438,True,True,0.009070297678395997,16.98869335332053
1.297602,9,446.25581,True,True,0.004339205813978245,14.072383540796649
1.181445,10,450.441243,True,True,0.004612480774576752,14.65815118357155
5.406599,4,452.653615,True,True,0.002139468163420007,7.030770729749724
4.489824,3,453.786781,True,True,0.0006565717844186983,9.392613267108388
4.955232,7,455.996888,True,True,0.0052457585863429895,7.883407493857916
5.543787,4,457.209976,True,True,0.004658104757308856,6.05468534511704
3.18596,14,458.698433,True,True,0.004518051909691215,8.165008704825304
0.7174,12,463.297169,True,True,0.004799949925249811,12.31410777119716
-20.415543,60,476.400085,False,True,0.036792604625776604,28.167630688974093
9.585031,1,477.376202,True,True,3.059594672192266e-06,0.5873673012250878
2.513889,3,478.443986,True,True,0.009697005394895524,11.90931511193781
-3.01149,19,486.45153,True,True,0.006994199165175619,16.05699626630191
9.657369,3,489.452956,True,True,0.004492267565860162,0.8502480704816823
3.258723,1,490.489408,True,True,0.00011299827477253416,12.00857643526727
9.226255,5,491.825762,True,True,0.007108369253311295,1.0954673199690133
2.788518,7,496.209634,True,True,0.004808138478346081,12.13989406518497
9.200347,4,497.453777,True,True,0.00046927028615197444,0.8975990198004904
-12.368303,39,518.321785,True,True,0.0026483585806330433,4.027956516716759
1.804303,11,524.08286,True,True,0.0015570280254331506,12.669568378669286
3.971672,1,525.24544,True,True,0.000955227677979233,10.72313769315801
6.372082,5,527.742563,True,True,0.0022052932892553216,5.056298400201342
3.659184,3,528.961696,True,True,0.0007160826552496165,11.337930656416804
-2.949,9,530.297275,True,True,0.00960635164977831,17.36590233144817
1.43753,1,531.374219,True,True,0.00019481385439740944,15.29298458165461
5.002004,7,534.758659,True,True,7.478151638965272e-06,8.341200304477365
3.348747,9,536.215071,True,True,5.988689371488019e-06,9.094197027692406
1.680395,1,537.340987,True,True,2.2097357963171476e-05,14.854962489073172
5.364406,7,538.544841,True,True,0.011724406649745979,8.02002318250519
-33.029018,60,557.745542,False,True,0.019213668261527185,22.361582333581268
-23.882453,60,578.494828,False,True,0.028144793381535447,30.23052968253104
2.34126,3,579.698327,True,True,0.005090066422000671,12.115623445870805
6.644535,6,581.621672,True,True,0.004879920988484736,5.26622878819694
5.007321,8,582.917837,True,True,0.005239998455896679,7.422808950766928
4.019681,2,586.050979,True,True,0.004684612798484783,9.501597655478093
2.950267,3,587.276121,True,True,0.004864950885344944,10.581187003157588
6.954492,6,591.478655,True,True,0.004457376234500094,3.7394059000695026
7.0548,12,595.08191,True,True,0.002396454895882837,5.476622850966155
7.813086,1,596.857138,True,True,0.004645673691684293,3.793828128854871
-0.006959,12,602.728603,True,True,0.007174711757620104,10.291582945452289
1.851835,1,604.562801,True,True,0.001726820397421911,14.546857885512559
8.778048,1,605.789143,True,True,0.00019109750224900138,2.043321749455553
8.195216,4,609.261534,True,True,0.007257001656656818,2.235991045631279
3.539954,3,613.434464,True,True,0.004458321514250249,10.617548339197713
7.975627,3,614.643214,True,True,0.0046030933005744715,1.8990593702590197
8.662399,2,616.903319,True,True,6.093346526221547e-06,1.4910960505795914
8.764178,2,619.78084,True,True,4.622939191016584e-05,1.3949689950860693
-21.533188,40,629.45101,True,True,0.007622234739539217,2.7800986903803495
3.211383,1,630.635984,True,True,0.004886706303172039,12.09720867697273
3.556549,2,631.840808,True,True,0.004686947293713158,11.468021674239665
5.920236,5,633.02326,True,True,0.0027255684647699164,7.308777124195125
1.287476,12,635.700082,True,True,0.004690578621063047,14.357284285415878
1.878264,7,638.055067,True,True,2.8044402390625667e-10,13.749630318186258
2.450019,1,639.257304,True,True,1.8786841435390784e-05,13.467088403541617
4.680165,1,640.53252,True,True,0.003995529460412175,9.447337995824824
3.318462,14,646.225582,True,True,0.0025110992617091705,10.427577551637823
-19.996244,60,667.495655,False,True,0.020612418610975812,28.732178995081867
4.122119,6,668.840146,True,True,0.009615856913150131,7.452484152087089
4.047095,5,672.10417,True,True,0.0016696977015297002,10.171436814250296
2.247015,1,673.2042,True,True,1.1316225734248064e-11,13.833174865629795
-36.512705,60,694.407624,False,True,0.011673955717245063,22.911028027433247
2.698375,4,697.73409,True,True,0.009671562205127084,11.85664997577496
8.668023,3,700.289396,True,True,4.6682005306987635e-05,1.4030152145239445
5.198959,4,701.979991,True,True,5.195143852783357e-07,7.447557357282143
3.740186,2,704.631631,True,True,0.0027268334044315418,11.000703304460059
7.182453,6,710.023263,True,True,3.767377825986389e-05,3.486179030619184
6.383696,4,712.978687,True,True,0.00045004572296311086,4.701796626986422
0.258834,5,715.703138,True,True,0.004619996381987429,14.490234559283126
7.695531,1,716.881253,True,True,0.005415948049217288,4.006869761790873
-1.982497,9,720.858742,True,True,0.009425899268351504,10.674762664944327
6.027173,11,727.983855,True,True,0.009658024579556319,5.707990621570591
6.228898,4,729.225808,True,True,0.004420689433568474,4.004524905016597
1.847233,10,733.964255,True,True,0.009118026305379267,13.198192903906032
-11.675503,33,744.156589,True,True,0.004434793734886145,15.39913113388415
-3.842181,25,750.496793,True,True,0.0049621149492685285,6.931857707241423
7.988702,16,760.306055,True,True,0.004681363702760441,0.7794762484524246
-30.608455,60,777.261708,False,True,0.008666194959979483,36.60237251970695
-46.808781,60,807.600857,False,True,0.000768296154991065,35.011997038995965
6.265168,1,808.961262,True,True,0.0023833186016384822,6.585900121361831
2.340063,6,811.294055,True,True,0.004623899830133111,14.21140944873752
8.472086,1,812.385792,True,True,0.002302694381813626,2.601142769235378
-15.58835,41,821.38003,True,True,0.0039793194549875635,16.472908637328704
0.464987,4,822.564598,True,True,0.00023271063659474275,15.73245993196461
2.308702,2,823.705924,True,True,0.002826296377752566,13.406469069968477
2.308993,8,826.195583,True,True,0.00462304936984743,12.334626475225907
-9.462518,17,833.717216,True,True,0.001997163577101689,16.055075986918098
8.819968,1,835.135376,True,True,0.00011060344843443447,1.9699954328226983
2.530062,2,837.660323,True,True,0.004856848976618263,11.146344208327678
-17.974897,60,855.653366,False,True,0.005864684747967936,27.237793491034775
4.174748,1,856.822451,True,True,0.009641389236753777,10.362962347856223
6.587387,1,857.917324,True,True,0.00020411931812154473,6.0021324942280865
7.286338,2,859.110374,True,True,0.00013571333096278168,3.4695180835547053
2.228629,6,861.781954,True,True,8.515556960606886e-05,11.007689782290129
8.735296,1,863.126672,True,True,0.005812929728822821,2.1298386982037325
1.068993,12,865.970936,True,True,0.01021154573629808,13.954964871622595
1.188359,8,869.712638,True,True,0.004935488479887934,11.398347490965545
3.523251,7,876.92802,True,True,9.228215207701283e-07,10.613453109819195
2.119981,5,878.151614,True,True,0.0024672485941424852,13.58030362631266
-11.962299,40,884.116763,True,True,0.011830776162317362,11.430461214806812
3.686154,7,887.744316,True,True,0.000994041286772598,9.90946872247407
5.511055,2,888.943508,True,True,0.000173339403320916,7.949505073544378
8.18866,10,893.91245,True,True,0.0023829464612231915,3.4752191284994276
6.485428,3,895.084501,True,True,0.00451975369003406,5.874231657083493
6.575569,2,896.287303,True,True,0.004743849858273677,3.917147366456677
2.07263,3,900.34639,True,True,0.005374881761413158,13.685268727308948
1.712248,3,901.584082,True,True,4.958273375210709e-12,14.335242714778014
4.368361,5,903.929099,True,True,0.004851241813073746,7.850767325630292
3.544601,1,905.077349,True,True,1.9748567857050432e-05,11.492838929631455
4.730484,2,906.337689,True,True,2.815794300637578e-05,8.52421766424164
7.817813,1,907.456438,True,True,0.0006588927310049782,3.7809096609928723
5.377473,10,914.669263,True,True,0.004887780485446226,5.4914928937219045
0.508324,9,919.175508,True,True,0.004778275954944565,12.318701251983311
3.973264,3,920.408672,True,True,0.0005680306986646272,10.503701400732005
8.129122,4,923.990568,True,True,0.00035884165660906783,2.446666675184803
3.283153,7,926.662981,True,True,6.648216982061946e-05,8.675726390892098
-2.521832,10,930.484432,True,True,0.004235441570627187,16.773160556120317
-0.030087,7,937.452933,True,True,0.003137657674828477,17.890547750038035
9.352827,1,938.863041,True,True,9.555156062386605e-06,1.007020944909044
0.797478,13,948.544954,True,True,0.0030490603669914157,14.767165442729432
1.592851,12,959.802409,True,True,0.0022341337510297585,11.588657747942927
4.58767,1,961.23458,True,True,0.0009570137269889964,9.611813894974679
-24.738401,60,975.353318,False,True,0.004357309676997308,24.79703974363143
-0.987931,15,985.492604,True,True,0.004619699020870022,12.22370528595676
-4.29069,14,988.400938,True,True,0.0005120399778313625,17.680630765996483
6.73605,1,989.545827,True,True,2.9300899037042194e-06,5.7335350524832975
5.150917,1,990.865565,True,True,0.0010129786586450615,8.59555876080562
1.417064,6,993.339407,True,True,0.00019390309427357857,11.357331767102421
6.579155,8,998.144643,True,True,0.004718921403465314,4.543278916810998
9.527513,9,1005.243053,True,True,0.0008283081465827605,1.300884882704339
3.210749,3,1008.706035,True,True,3.5597680619198213e-10,11.876710909465274
3.775166,1,1014.067296,True,True,0.00013710751601743497,11.077006953551518
8.449369,2,1016.99931,True,True,0.004757008134497507,2.4979142850556797
0.584136,1,1018.60435,True,True,0.004937262869406366,16.83405788986492
3.132979,4,1019.972688,True,True,0.005571683466743698,11.614889453489715
-4.467062,21,1024.3459,True,True,0.009787656279580781,10.595825580012514
8.287248,1,1025.553449,True,True,0.004900085694120614,2.937930231146346
7.829132,1,1026.794618,True,True,0.00476910982344145,3.7649878431213564
5.707505,5,1028.144105,True,True,0.004923971071293409,6.503616456011853
7.916385,8,1032.213266,True,True,0.0004607141784788108,2.5093479077137912
2.700936,1,1033.87158,True,True,0.0049733816598384285,13.017749487440607
-27.785395,60,1059.040076,False,True,0.01835047649016812,34.18410841866384
6.53061,2,1061.446274,True,True,0.004903655578763074,5.972674174149785
6.38876,2,1062.799554,True,True,0.0026985466828454195,5.826662789403619
9.465574,4,1064.260978,True,True,0.0003990616198076939,1.7827768322254012
6.385433,2,1065.442836,True,True,0.004776569204049832,6.070903221815464
2.799899,2,1066.652334,True,True,0.0005974172020366993,12.712264697785495
6.485035,7,1070.606259,True,True,0.002402167839282956,5.024277232954992
5.108504,2,1071.88748,True,True,0.0049848701272988665,8.545414764505555
7.921194,1,1073.194462,True,True,8.160337271993605e-05,3.593530110456911
4.666266,3,1074.71685,True,True,7.538551333632067e-05,9.205867710437907
8.794858,2,1075.9766,True,True,0.003810045081711964,1.629268286265252
5.700096,1,1077.124325,True,True,0.004804913307406082,7.607814376252512
0.868071,4,1078.317717,True,True,2.040635135695801e-09,15.703255485443613
2.513367,2,1079.565079,True,True,0.0032435523383603435,13.132253858320768
1.247507,1,1080.766106,True,True,0.004813518988067074,15.638160370528833
4.172901,13,1085.805232,True,True,0.007456006144168883,7.093083920161684
10.218718,3,1089.349937,True,True,0.00018020176640647697,3.315640977073187
8.650184,2,1090.753875,True,True,3.113113191453246e-05,1.5854879305834988
0.888484,4,1091.956858,True,True,0.000496022048069253,15.590574867068888
2.145412,3,1094.572668,True,True,3.8860658516317204e-05,13.470892463823498
0.473186,13,1099.503342,True,True,0.002886527835090158,15.401255887529741
-1.262505,7,1103.284506,True,True,0.005038269623924408,16.77195989034245
-0.13687,3,1107.067535,True,True,0.00039768545386799966,17.201272225132893
7.343505,4,1108.455216,True,True,0.00038805225888704966,3.8972430208375846
-0.62669,16,1110.231093,True,True,0.008050610659764318,15.466070141722357
6.717778,1,1111.594071,True,True,0.009228687379128176,5.775218438209086
4.600831,14,1113.396745,True,True,0.008841115766291723,7.397451111416175
3.536426,3,1115.816067,True,True,0.0028327660342879965,11.22911528888101
3.384825,3,1117.110174,True,True,0.005141460814818451,10.6470260234834
9.573128,1,1118.293798,True,True,0.006757653828875135,0.6176920931983055
7.225111,6,1122.196157,True,True,4.5404427673230896e-05,2.9988793068365407
3.61871,2,1123.323558,True,True,0.004885947186264813,11.895736982657942
3.715858,2,1124.621657,True,True,4.5173817624678976e-05,10.376515699929373
6.31548,2,1125.914751,True,True,2.2673099277698873e-06,7.084141720065967
0.223082,11,1131.049773,True,True,0.0022954483159601104,13.595318410810247
9.460847,2,1132.510312,True,True,1.2143677685601262e-05,1.6790573064633756
6.065684,1,1133.942809,True,True,0.0047116487982173955,6.94803149035711
5.350934,2,1136.793503,True,True,0.005950637237933193,7.450849555292718
6.751139,1,1138.285477,True,True,0.0003038523639688241,5.7066034779597805
6.369285,1,1139.594007,True,True,0.004388193882248844,6.399839557075056
3.068496,1,1140.762774,True,True,0.009484613637686178,12.357686125405134
7.163443,3,1143.130729,True,True,0.00478689323857903,4.557335379046234
7.456631,1,1144.422386,True,True,0.004562059603969836,4.437295192041148
8.131765,2,1145.751922,True,True,0.0035735504988081103,3.5651224941731634
7.169174,1,1147.025714,True,True,0.0030059880919613897,4.954667369725232
2.944455,3,1148.259166,True,True,0.003680549608122828,12.241654407274206
0.959952,1,1149.553539,True,True,0.009746960032116683,16.158944922889468
5.421885,1,1150.980705,True,True,2.4575245328252275e-05,8.105699009589534
3.940925,9,1159.716974,True,True,0.002490667389170434,7.2406869818083495
-10.121586,17,1169.73297,True,True,0.001242285105811449,16.90876406665942
2.183005,7,1175.615802,True,True,0.0016924005796396073,13.12199326470496
4.167332,1,1176.951559,True,True,0.002415722263910361,10.371279202043114
4.908522,1,1178.191984,True,True,0.0007862925992112701,9.03275395005522
6.655586,2,1179.682799,True,True,2.571014842458379e-05,6.056988949107924
1.735077,1,1181.000954,True,True,0.004119687027291005,14.758764526075801
6.948055,2,1182.263835,True,True,0.0046407237342712794,5.5261965461443
3.92722,7,1186.027019,True,True,0.00035160361777793105,9.76232438660261
2.544997,3,1188.696203,True,True,0.0005080821207509838,13.042986160283474
2.404091,4,1191.076326,True,True,0.00036369360211572013,12.819942367717774
8.899089,4,1193.626491,True,True,0.004191536124428305,1.421648601276224
-2.526629,16,1202.759657,True,True,0.000428341915034507,5.501764212541201
0.595043,3,1203.977548,True,True,0.0041121724659930765,15.749507836358026
-1.307592,29,1217.315322,True,True,0.0017615023014276032,4.286157003308309
8.288919,2,1218.630625,True,True,4.619455539996717e-05,3.239461698316627
4.459597,2,1219.806126,True,True,0.0006584576297703876,7.79518173398508
5.315162,1,1220.985616,True,True,0.004658847523274973,8.302241139822996
-1.705853,11,1228.580994,True,True,0.009392329108363883,16.660691285424413
0.703039,2,1230.148278,True,True,0.004869265791622863,16.336371525513453
6.499397,8,1236.578899,True,True,0.004692408004268196,5.69224588047536
8.635648,1,1237.991789,True,True,0.002323657646779366,2.3057305043835266
1.189287,3,1239.44647,True,True,0.0024153265236622253,15.62398216013624
7.876184,5,1240.864049,True,True,0.005037359560038204,1.828573446217836
-6.872327,39,1256.143478,True,True,0.011660288294204596,1.8216183287268366
1.734518,14,1262.795169,True,True,0.0034260889968442372,13.121510389472451
6.827626,2,1265.266681,True,True,0.00041560631579336434,5.979045725163158
0.5,1,1266.597507,True,True,0.0048133587213149785,16.9856573486483
3.22348,9,1271.79089,True,True,0.005638398988305664,9.954590024166693
4.320547,5,1275.766602,True,True,0.002459969981429624,7.728406019234044
5.349872,2,1277.086185,True,True,2.508532639056973e-05,8.124089000686224
-0.15248,11,1286.297149,True,True,0.002671146658859251,13.55378144354074
7.923906,3,1287.780301,True,True,0.003848405373071812,2.4417400524208968
4.968097,4,1290.335066,True,True,0.0022260434729937575,7.060229996584545
8.3707,1,1291.745065,True,True,0.004633937035164726,2.7869354067223493
6.716457,6,1295.680744,True,True,0.00016003325242612467,6.066057104396698
5.229415,1,1296.972198,True,True,0.0004396402553906104,8.453408277778378
6.098468,1,1298.302013,True,True,0.00042238605260823403,6.884927635797079
3.405212,1,1299.603329,True,True,2.8954523847990465e-10,11.74425989821148
3.028937,5,1303.451525,True,True,0.002457288170068868,10.332077554062256
4.098715,2,1305.977792,True,True,0.00042617530532354335,10.364186673471767
0.652872,1,1307.108979,True,True,3.6640579875735213e-09,16.70759193917691
1.388039,5,1311.876334,True,True,0.0046954933783626175,13.714766196742533
1.047153,4,1315.499326,True,True,0.0025866557503272294,15.204661217995438
1.863279,1,1316.790901,True,True,0.008928745459906677,14.530237158917405
2.599642,3,1319.137938,True,True,0.00025186929022188824,13.020489736201895
6.256903,4,1323.176883,True,True,0.000134016426223473,6.6815424675958255
9.0286,2,1325.629617,True,True,0.0041652558915884295,1.0532222853887898
5.884848,1,1326.900886,True,True,0.00019921822463311086,7.27029326867605
2.969641,3,1329.350416,True,True,0.001255615923837744,12.281550404101033
6.768495,1,1330.515226,True,True,0.00555494533175637,5.677459291870609
9.565504,1,1331.806139,True,True,1.8642475059461525e-05,0.6226800043393322
7.761472,3,1333.195589,True,True,0.0001484277570644797,3.5918677218271777
8.890591,3,1334.577283,True,True,0.003089188124246205,2.4885152436541085
1.771849,2,1335.878597,True,True,0.009471248066993385,14.843590052284034
-0.919486,4,1338.656488,True,True,0.004610231703747896,17.92696393561523
1.602334,5,1340.992355,True,True,0.00846053987288867,12.758330237501305
3.766915,3,1342.288827,True,True,2.6936106517709557e-05,9.036921589737515
9.297791,2,1343.803925,True,True,0.00036366844658431655,1.4254427577583253
8.65418,1,1344.991136,True,True,1.2754747790607451e-05,2.269398050529203
-0.997507,9,1351.510424,True,True,0.0020333115526922326,13.701808563135499
-2.90381,10,1357.883603,True,True,0.0003367003772016767,14.006654953365254
3.882083,1,1359.250682,True,True,0.005218306445436558,10.887821998644135
3.459597,1,1360.549009,True,True,0.009399816506872365,11.652436434001165
1.944088,3,1364.332861,True,True,3.410057999864158e-11,13.945351083546065
3.555931,4,1368.497665,True,True,5.826559373867113e-11,11.087364728971718
1.742344,5,1371.336296,True,True,0.0033313975656627526,13.980988204557288
2.081177,1,1372.818762,True,True,0.0002508927885590739,14.132397910443444
1.676153,5,1375.339418,True,True,1.6449184897472094e-05,14.07238726234112
7.524732,3,1377.877617,True,True,0.0022265020349551594,3.5924638540732783
2.551419,1,1379.143436,True,True,0.0004258993126170649,13.284486380443251
8.48579,2,1380.435536,True,True,0.0044761831291770145,2.0626116946941346
2.468827,3,1384.469385,True,True,4.69512675960182e-09,13.313970474728247
2.052289,2,1385.84311,True,True,5.3064831175009264e-11,13.883445681243105
3.457429,5,1389.768467,True,True,0.004873094214705855,11.38000573410026
-5.506058,32,1405.509306,True,True,0.0029152297733878963,14.69322486984642
1.678502,1,1406.80743,True,True,0.0002571253778871237,14.858519456003787
1.104457,2,1409.271651,True,True,0.0015325634096800128,15.64908501554965
-1.434321,16,1421.148202,True,True,0.00941404316148364,6.340645966133812
6.03095,2,1423.524957,True,True,0.006651821801163446,5.491035216149297
8.954633,2,1424.702296,True,True,3.180063295804168e-05,1.126710667549864
6.042678,2,1425.978912,True,True,0.004701246533852987,4.64641574235842
7.279244,1,1427.232126,True,True,0.0005978437956687,4.753405010229268
6.938588,2,1428.518961,True,True,5.457652242979623e-06,5.633300743728592
-35.202275,60,1447.176722,False,True,0.008181439043609604,21.622862316395008
2.835854,1,1448.504614,True,True,0.005446177159976486,12.774754704343325
-36.567864,60,1495.362193,False,True,0.019389210927305712,61.73854920291314
8.977808,1,1496.642814,True,True,0.0024084058155966993,1.6877486087478473
5.219585,2,1499.34127,True,True,0.0048103942331823605,7.7867728884381
2.865683,4,1503.289161,True,True,0.004368519644901922,10.368859125494595
4.353282,4,1505.467559,True,True,0.00010111023484800537,7.1359835704697785
-0.003556,3,1506.840077,True,True,0.00012124455611577838,17.440918207425874
5.250981,1,1508.039777,True,True,0.004891185499191615,8.418225995512651
2.306846,3,1510.688744,True,True,0.00043848399108564404,13.347783340125655
8.160013,1,1512.018319,True,True,0.004834498073460293,3.1676127544839763
-20.780103,60,1558.092886,False,True,0.007129320898229262,20.56633009232923
4.455345,2,1560.38778,True,True,0.004809557372514377,9.47252960867032
5.782215,2,1563.148352,True,True,0.00465853530348979,6.062126030711357
5.803878,6,1565.95915,True,True,0.004544259852553018,6.290790933619151
6.101013,1,1567.249742,True,True,0.006667346915182348,6.885964172579617
3.266358,1,1568.536013,True,True,1.6522880286196084e-11,11.99472340984859
6.907667,3,1569.849291,True,True,0.0023612210932715304,5.706034281352218
-27.0879,60,1602.326556,False,True,0.011888283114625399,16.27109163732594
8.453835,1,1603.552663,True,True,6.959992612561115e-06,2.6313259778456035
8.464913,5,1606.245285,True,True,0.00028171823062843934,2.9428551981606614
4.998247,6,1610.109965,True,True,0.0034723224488973133,6.051990812868223
7.19157,1,1611.378629,True,True,0.004703965889689334,4.913648301176035
8.669176,3,1615.264688,True,True,0.0005187827931605834,1.6084380008083554
0.311128,4,1618.837216,True,True,0.002618088085587421,16.79856515234252
9.843772,1,1620.061553,True,True,0.006315932438282456,0.12822534133037572
5.115573,3,1622.809546,True,True,0.0020781540329217994,8.535841448133798
4.621824,1,1624.136661,True,True,0.004245499627702515,9.552776394554739
3.677259,4,1626.700641,True,True,0.00032554783331778265,10.2540776617391
7.154917,2,1628.040081,True,True,1.97785877762216e-06,5.6399793873837085
6.098373,14,1635.73033,True,True,0.002523370916106226,5.182129129580761
9.611523,1,1637.002774,True,True,0.004593533981438438,0.5456298202423372
3.08867,1,1638.303596,True,True,0.003659404083588633,12.317711439703197
5.769721,1,1639.635926,True,True,0.0016065853889632754,7.4793787947169985
-0.985932,8,1646.545833,True,True,0.003984955257864042,17.280015598264683
-0.355246,12,1654.250838,True,True,0.0013238927224695878,17.229544464065267
1.046353,5,1659.327379,True,True,0.0006868609543019336,12.349472723562553
7.139173,6,1666.336224,True,True,0.0014457963106963992,4.695406117994295
2.75083,3,1669.386342,True,True,0.0007876050991935668,12.66050673639889
6.71832,3,1673.66079,True,True,0.004647703506591534,6.373328399050327
6.263322,6,1678.606289,True,True,1.0262666426726769e-05,4.26062987202754
7.616604,1,1679.819109,True,True,0.004944126851562605,4.141517996189084
8.444925,1,1681.019588,True,True,0.0011447304453647052,2.648814372466336
9.282966,1,1682.776153,True,True,0.002283706627309,1.13627657844258
1.018426,6,1690.066245,True,True,0.005307627228759848,15.063672116705227
0.424409,8,1699.349925,True,True,0.002553562326856153,16.009741152871154
3.683947,6,1707.088415,True,True,0.00968072664771762,8.727594631210678
7.123443,2,1710.461507,True,True,0.003227702171150971,4.896266762191976
-4.932336,11,1734.099276,True,True,0.0007008642557159422,14.84802287490919
4.132919,1,1736.264884,True,True,0.008704197516832069,10.437784729662436
0.513904,1,1738.065648,True,True,0.00031303334595137074,16.958294976311016
-0.423876,6,1747.251809,True,True,0.002085896931047257,17.505340800769748
5.736127,1,1748.569372,True,True,0.004905132572293527,7.542884499684877
8.250985,1,1750.031558,True,True,1.0198523556272012e-05,2.9977621051147203
7.347037,1,1752.215616,True,True,2.2671050439789647e-06,4.6303388749171
6.854914,1,1754.088185,True,True,0.004376385109776486,5.520276134817817
7.859974,8,1768.899392,True,True,0.004310159006774916,2.5671043324200857
2.580264,8,1780.512397,True,True,0.004590900992646622,10.92742749613043
3.453373,2,1782.374721,True,True,2.089209363558865e-06,11.3059815794396
2.915927,2,1784.576476,True,True,5.159421695332886e-05,12.529545876986637
9.604633,1,1786.009491,True,True,3.135648786384325e-05,0.5519803377730936
5.722273,2,1790.506839,True,True,0.004184938720339025,7.4339712692239255
4.488175,1,1792.789021,True,True,0.010011644930252337,9.797956959460667
2.748815,1,1795.092294,True,True,0.0011538861978703067,12.928970740431605
0.37624,1,1797.447307,True,True,0.004448559444281578,17.208563729403757
7.509364,2,1801.256454,True,True,0.009311843868844868,3.4917847416664993
9.127466,3,1803.734284,True,True,0.0020357618259872557,1.697714171420414
-18.611154,60,1892.760357,False,True,0.015149487777114837,8.852224673759816
3.698136,1,1894.329228,True,True,0.000303035727057855,11.216089031271727
2.855913,1,1896.702909,True,True,0.0016346639060779607,12.736140624607602
5.061196,3,1901.093311,True,True,0.004934350198973357,8.500498255267342
-4.478674,17,1915.32497,True,True,0.008135171846240057,15.801449478197464
3.006541,6,1919.308235,True,True,0.00031444511652222156,9.32208593443229
2.318264,2,1920.602724,True,True,0.0002301568401411793,13.336345413264082
9.886936,1,1921.92673,True,True,8.870698099235942e-05,0.04181804917682085
3.077402,1,1923.22577,True,True,5.038286281233706e-11,12.335548574334531
9.381379,3,1925.660211,True,True,8.895705468887818e-05,0.6963793825525483
0.776277,2,1927.245673,True,True,0.00430398451838924,17.566096977580173
5.242404,1,1928.594506,True,True,0.009506198211402908,8.437232059314699
2.603174,6,1933.758795,True,True,0.00017814974475806322,12.211512849256263
-0.961343,3,1937.535655,True,True,0.0012356299273665744,16.009416676874146
8.657296,7,1943.040033,True,True,0.002391724778495117,1.1740474416806894
8.513215,2,1945.939936,True,True,0.004765670988435436,2.7258369661727477
4.630563,1,1947.201749,True,True,0.004647561167498267,9.537316893946624
8.165909,1,1948.940335,True,True,1.9362189607771522e-06,3.1514279450612586
5.615958,2,1950.255279,True,True,1.8043090755160036e-05,7.883317366735949
1.16535,4,1953.158262,True,True,0.003003382969020638,15.882105920146413
7.191813,1,1954.673181,True,True,0.004873682846027932,4.915668219951257
5.960634,1,1956.435657,True,True,0.0010116396403363915,7.1342697285602625
5.192339,2,1959.256142,True,True,0.004785926705393578,8.634699284058923
6.659553,1,1960.959604,True,True,3.781675304743992e-06,5.8716431677101255
6.326156,1,1962.505498,True,True,0.0018964023478498014,6.475357574987198
2.238184,2,1965.340049,True,True,3.5913512497483084e-05,11.537465904904744
3.263913,1,1966.518792,True,True,0.00025657055034941124,11.99931695506804
9.84411,1,1968.13194,True,True,2.4829951088475855e-05,0.11242767004851657
4.725753,3,1972.32717,True,True,0.0023325952249372735,8.985580403552314
3.840692,1,1973.63027,True,True,0.0005819589291467114,10.959137159521605
1.971344,2,1975.03322,True,True,0.008237429792012557,14.21817693952347
4.068153,3,1978.059369,True,True,0.004532867334774322,10.06392738506949
6.167316,3,1980.96245,True,True,0.00029708608144880626,7.171393458222717
8.184966,6,1985.124679,True,True,0.00015106812738557417,1.7455190705108805
-22.02801,38,2009.88903,True,True,0.004595542200837622,5.770345127683198
8.310602,1,2011.205173,True,True,0.00023590199101371917,2.8903470389840273
7.704782,4,2016.935563,True,True,0.0002067414653247248,3.8868044834248177
4.755668,3,2020.597752,True,True,2.2533166884394253e-05,7.97662340954317
0.280936,4,2023.095867,True,True,0.00403213147824618,16.467552415633584
1.675171,2,2024.396183,True,True,0.004078306909897132,12.88742543972123
5.48118,1,2025.957073,True,True,0.00445328634713794,8.002528275492878
1.409177,2,2029.025631,True,True,0.005627461693117654,15.124306522982657
5.44306,3,2031.822423,True,True,0.000975201426354108,7.021278720774898
3.613287,1,2033.125824,True,True,0.0041315649388156475,11.371876483581623
8.229758,1,2034.886065,True,True,0.0004577857097265119,3.0366455669868184
5.286095,1,2036.198858,True,True,0.005523583918281437,8.355378777629845
6.590765,1,2037.418909,True,True,0.002442166844080726,5.998253258677499
5.261706,1,2038.657617,True,True,6.927122024757808e-05,8.394809489910976
5.585221,4,2041.584341,True,True,0.0048331579659891995,7.635552944615273
2.548063,2,2042.915,True,True,0.0002637352845829763,13.166898892620999
2.339421,1,2044.145442,True,True,0.006567291709297248,13.670540085201115
3.752214,4,2046.669181,True,True,0.002288120234361859,8.369182299237796
8.284488,5,2048.107981,True,True,0.00021454454588501308,2.202504594126752
5.682113,6,2050.837388,True,True,0.0003424978631623183,7.067877489256119
9.89353,1,2052.123955,True,True,0.00013136041975186225,0.029959195750760104
4.235702,4,2055.732369,True,True,0.009660949583598193,9.980410957311225
4.824195,2,2057.49081,True,True,0.0011661582367046243,9.183907366419643
4.132456,5,2061.770597,True,True,0.0010873565453196135,9.644165894302114
3.80473,1,2063.497327,True,True,1.1731584596140444e-05,11.023579718562827
5.61545,2,2064.807197,True,True,0.0003649154329901953,7.804658627126967
-1.320393,6,2072.444987,True,True,0.003914745579749651,13.65072137160304
8.626851,1,2073.674159,True,True,0.00045718769778775635,2.319329944152564
5.16971,5,2079.442193,True,True,0.002773965269392175,8.085139363167182
8.49366,2,2082.298096,True,True,0.002266598867104129,2.630873395419114
7.989591,1,2083.94184,True,True,0.004741966072036681,3.475237632645412
1.451993,3,2085.382382,True,True,0.00546416631496585,14.71992012971798
6.700133,1,2086.675022,True,True,0.004337614688116858,5.802657766128629
-0.601925,8,2089.464391,True,True,0.011523229827722883,17.433809933075086
4.709506,1,2090.697006,True,True,0.00015314068676260183,9.391324273658936
6.766204,3,2094.875625,True,True,0.0023719915826689204,4.699114825787917
0.8784,1,2096.652304,True,True,0.004749206160709174,16.303519182570163
4.782547,6,2098.228449,True,True,0.0034549200125667846,8.482043758277305
0.145787,7,2102.554858,True,True,0.002160697785919371,16.645544537047073
4.958508,8,2105.776286,True,True,0.005328847636943788,6.563070228034398
8.086619,1,2106.951127,True,True,4.367371719102807e-05,3.294697019553362
8.469092,1,2108.279965,True,True,0.00455850604807023,2.609164591911489
7.593488,1,2109.50863,True,True,0.0051880049941561476,4.190861587494146
3.987488,1,2110.678232,True,True,0.0028394755340590792,10.696010665236182
4.080714,1,2111.887513,True,True,0.00017812860760037328,10.525824689965685
1.380737,2,2113.253481,True,True,1.2425665964904686e-10,15.485610072238652
0.715656,3,2114.601951,True,True,0.0002096062684735448,16.50130422288366
4.518641,6,2116.039812,True,True,0.00010172305849745055,7.121228918721097
-1.343881,4,2117.381877,True,True,0.004786461450155554,17.35637819605403
9.090786,2,2119.600232,True,True,0.009591998877206881,1.6836326219242996
4.789623,4,2120.850851,True,True,9.814556635693835e-05,7.918401509758099
4.159138,7,2125.839224,True,True,0.0049144370163865005,7.451331520982592
7.821397,2,2127.151402,True,True,0.0015269701599011382,3.6283960680042697
4.632353,1,2128.380587,True,True,5.7014302374615994e-05,9.530456564680264
8.265542,1,2129.662272,True,True,1.617793050110502e-05,2.9714738067113675
-0.155894,16,2138.999288,True,True,0.004774265428480811,0.20531564083425577
2.729403,8,2146.189782,True,True,0.0029876045737062575,12.032677295330965
7.015061,7,2153.363401,True,True,0.00033404585172342426,5.047692693908017
7.45561,2,2155.877319,True,True,0.0029692998363902825,3.325323638848265
4.908979,4,2157.400401,True,True,0.004465574719310337,6.032917382234949
3.190405,3,2159.183208,True,True,0.0008354606238556821,11.417954931194696
8.084295,3,2160.535639,True,True,0.00013673929748043902,2.175458762675025
1.239089,5,2161.948082,True,True,0.004823648160970295,11.26260790948891
2.864033,1,2163.242656,True,True,5.8083266844442816e-05,12.720430469282801
4.512558,4,2164.622394,True,True,0.0001896514333846848,9.390240123576376
4.358316,1,2165.805485,True,True,1.0893995025670032e-07,10.024848506358657
8.751878,1,2167.083713,True,True,0.0003630324702861053,2.093337140963012
1.199773,2,2168.482861,True,True,0.0008864183894323144,15.599642840390734
2.237071,1,2169.886502,True,True,6.16637071265691e-11,13.851109299075599
-2.411287,7,2171.337164,True,True,0.0008491118697237622,15.712670939499334
7.387325,2,2172.697931,True,True,0.0047182009505063755,6.163274209969578
-4.649512,12,2174.451454,True,True,0.00025533694721313746,17.734136873651188
5.521554,3,2175.826636,True,True,0.007029521375599987,5.5072291736294945
7.924446,2,2177.130222,True,True,3.642982098813613e-06,3.402887013558542
4.828485,3,2178.588491,True,True,0.002551436266334809,8.709827718639406
-2.169289,39,2211.954397,True,True,0.0049242172644933645,6.85612990027094
3.204329,4,2214.508272,True,True,2.503770402811911e-10,11.728843998910326
0.569797,6,2218.255487,True,True,0.007417679918902672,8.585021402604402
6.691564,1,2219.794765,True,True,6.98173898736644e-05,5.81391953488899
4.162873,3,2222.703011,True,True,0.0015444788408841637,10.40195447461935
6.77541,5,2227.871364,True,True,0.009565447628580807,5.433711463336002
7.416052,1,2229.21698,True,True,0.0008740529961737678,4.506671995288864
5.396928,1,2230.61956,True,True,1.3495023637635339e-06,8.150719356655072
1.0793,12,2238.368455,True,True,0.0001759580565267086,12.424343406039581
9.178668,1,2239.632773,True,True,1.775936648888525e-06,1.3217280496655912
8.701173,3,2241.442238,True,True,4.115313598887418e-05,2.082049849380674
3.646649,2,2242.669028,True,True,0.00579229166043925,11.320285042390873
4.026437,6,2245.503521,True,True,0.0024035970190944694,7.581866155824748
3.963823,2,2248.27937,True,True,0.007153962630321432,9.561194996378978
-1.057588,2,2250.959103,True,True,0.0009096526506066653,15.450096747482721
4.100114,5,2254.057723,True,True,0.0005736298786764692,9.147443204189079
2.081179,3,2258.523897,True,True,0.004736887118048264,13.523918032118248
7.120984,4,2262.641586,True,True,0.00460421528127807,3.667977958060863
8.323496,2,2265.620175,True,True,2.8872875391060086e-05,2.949645237785799
7.735433,8,2272.661138,True,True,6.701540002261672e-05,4.299861446575199
2.117109,1,2273.891279,True,True,0.004582505682875755,14.070228516404253
6.970863,2,2276.247242,True,True,0.0024748257863816386,4.192535340099267
1.440282,4,2278.952047,True,True,0.006836077303857354,12.42065569720778
5.302082,1,2280.182224,True,True,0.007225760324560994,8.327868061382128
4.276727,5,2281.559547,True,True,0.004934153063894283,9.533740024484755
-24.648186,37,2306.544147,True,True,1.1341823809951461e-05,13.435668253330507
7.467399,2,2308.924849,True,True,0.004883814285031717,4.035200551382221
10.145031,2,2310.315232,True,True,0.0048552271566992804,0.644729125863759
4.34595,1,2311.548075,True,True,0.004817862242682072,10.05085269324237
9.697248,1,2312.863767,True,True,0.003934535681824355,0.38989508399045947
5.592037,1,2314.28266,True,True,0.0006619024973174518,7.7991965503971405
4.74974,2,2316.781449,True,True,0.002521536721558592,9.24919349711586
5.169877,4,2318.011224,True,True,0.003169978281530795,10.371816647329842
2.012567,1,2319.163399,True,True,0.00039496226187913687,14.256211843758779
1.425329,1,2320.590768,True,True,0.0001330964704382388,15.314947651354421
2.393111,1,2321.854292,True,True,6.322569585937021e-10,13.569705188381112
5.345385,2,2323.211903,True,True,0.00011939970073075073,7.261611381010363
6.335258,1,2324.444638,True,True,7.516834149469019e-05,6.457157411497239
6.210355,1,2325.683677,True,True,4.535031461135519e-06,6.682556865851753
1.415012,4,2329.412683,True,True,0.00016404415062123805,14.81076167447606
1.935898,1,2330.702292,True,True,0.005496982045163195,14.397470233375016
2.263725,3,2333.133969,True,True,0.002044647800183305,12.650713070752758
-26.06844,60,2365.831037,False,True,0.009195795454060483,17.58930265541792
2.836309,4,2369.808521,True,True,3.898187328488234e-12,12.410134801834275
6.349853,8,2379.777003,True,True,0.001648718282604825,5.518905720318857
-18.794921,60,2466.801052,False,True,0.0066604758155386825,28.108621854604305
9.888925,1,2468.127788,True,True,3.954656189923385e-06,0.03809925544524506
6.939906,1,2469.379693,True,True,0.002544812118344515,5.368096747198143
7.309749,2,2472.380376,True,True,0.0013382689300600172,4.972431352236319
6.161514,1,2474.51529,True,True,0.004872596609939637,6.775236555715039
-3.236421,15,2485.139567,True,True,0.002078611632316805,15.535326512340008
2.288252,2,2487.877222,True,True,0.003212628866791453,13.624076250817067
5.463828,1,2489.189177,True,True,0.005689557145715807,8.034846390307566
2.879865,1,2491.177956,True,True,0.004160757786249263,12.694586709102115
8.704207,2,2493.353499,True,True,0.00946062604646454,2.046630135016636
8.992001,1,2495.350698,True,True,0.00016925239465602135,1.6592443255654712
8.995335,1,2497.043277,True,True,0.004524590936463603,1.6586759747750983
2.766853,3,2499.167485,True,True,0.00201508585858267,12.611550481324958
7.141687,3,2502.601883,True,True,0.0034537256308637826,5.270622871128008
8.631673,3,2505.480092,True,True,7.90237325997015e-05,2.8803942469288226
1.986866,1,2506.902885,True,True,0.0003498120565933755,14.30252962396347
3.263844,1,2508.299669,True,True,5.547687545460079e-06,11.999262575948343
-1.475338,8,2514.557456,True,True,0.008287041902721663,12.60929739663223
-33.141284,60,2537.019609,False,True,0.001231731959438721,31.201125914154893
8.096182,2,2538.469451,True,True,3.1579497364060856e-05,3.852800169894276
7.296016,2,2541.988438,True,True,0.002399500027174304,4.168001454357068
4.190367,2,2545.202399,True,True,0.005032883095062932,10.205428665386078
8.722143,1,2546.606352,True,True,3.429051354714163e-05,2.146639806833127
5.311118,3,2551.323298,True,True,0.0055659977538525095,7.081899305685632
6.263284,1,2553.381719,True,True,0.005155977878820585,6.591830209054279
-0.282943,8,2557.871777,True,True,0.004849872371377001,15.470559417512089
2.680537,4,2560.63827,True,True,0.001088471580806506,12.316595620653171
3.500257,2,2562.556938,True,True,0.0005462141474132445,8.58135794954118
8.247037,2,2563.967542,True,True,0.0033301536032845983,2.5386553751789633
8.862171,3,2566.370441,True,True,0.0010932583201480085,1.3756968312483897
-24.881806,33,2573.319153,True,True,0.009670721062353779,16.74747004828132
7.255749,1,2574.59288,True,True,4.615788062843629e-06,4.795185167376829
-17.226342,60,2608.35336,False,True,0.030300723753500354,28.579167826841562
4.783301,4,2612.411697,True,True,0.001344507496445927,7.18135791333751
10.123412,3,2613.648108,True,True,5.232695294701058e-05,0.10839256416655402
6.36406,1,2614.752364,True,True,0.004795039785058443,6.40963758225037
6.899421,1,2615.893836,True,True,0.0027661885194947967,5.441403526257945
4.680958,2,2617.048261,True,True,0.002262450567130828,9.445308144704239
1.871205,2,2618.349102,True,True,0.004774696813866671,13.874541647964355
9.894403,1,2619.587107,True,True,1.2468284216436698e-06,0.028194500323460808
7.320841,11,2621.1561,True,True,0.002510103953922086,2.4580340016508324
-3.225039,15,2631.008117,True,True,0.004152312744552189,15.65792463347201
6.084536,2,2632.870119,True,True,0.008846483380231307,7.312322357947348
4.838246,5,2639.656061,True,True,0.003748945478277082,8.641862981966414
8.47991,3,2641.393985,True,True,3.6122428784639282e-06,2.2811221648019213
1.437208,5,2644.329612,True,True,0.0008287801001022888,12.782563636048309
4.090966,1,2645.551493,True,True,0.0024831190535360894,10.50908663184404
5.511956,10,2652.766731,True,True,0.0046887814161944,5.619206753987581
4.591594,1,2654.192176,True,True,0.004553116024967534,9.607543164591428
3.50612,1,2655.398733,True,True,0.0017499344851417825,11.563505481158408
4.764447,7,2659.471353,True,True,0.00021282039915905201,7.425381897540828
4.347644,1,2660.693047,True,True,0.009191044988994417,10.050856240514701
3.120695,1,2661.851941,True,True,0.005087282946704096,12.260880938751843
1.375161,2,2664.288627,True,True,0.003000619023770131,15.288990989877082
2.396149,1,2665.512535,True,True,0.00032966492131875644,13.56444261658797
4.992415,1,2667.248311,True,True,6.213263066373945e-06,8.880710163575975
5.414005,5,2671.113812,True,True,1.0352130545886531e-06,8.999350873750089
1.658911,1,2672.855854,True,True,0.003042076859570371,14.89547934703588
4.400404,3,2675.231131,True,True,0.00728185796399632,9.703093411229535
6.624459,3,2678.232641,True,True,0.009220498641508222,5.785922547433711
-24.748708,60,2709.449938,False,True,0.00483637222246631,27.55531424449043
8.77716,1,2711.099275,True,True,0.0005354861005266911,2.047879343763775
9.227669,1,2712.659652,True,True,0.0002409310422185687,1.2335038463230845
4.141661,2,2715.571101,True,True,0.00031133101691225695,10.268507722410648
-0.368583,7,2723.366969,True,True,0.0028804500856772167,17.926454970784214
4.517454,1,2725.04659,True,True,0.0003156204904833839,9.73798028466697
-2.058967,4,2729.109056,True,True,0.000673759672648263,17.133869266090397
1.939427,5,2734.985245,True,True,0.004266650778653272,14.222543729605464
4.161064,2,2737.955736,True,True,9.457487128378475e-07,9.886246352042969
8.532388,1,2739.638983,True,True,0.004797055595745079,2.4951259435759074
-30.158825,60,2767.366212,False,True,0.014974886038464438,10.315244095749511
10.693599,2,2768.486374,True,True,6.2760611287075024e-06,1.2454129271264358
2.792831,2,2771.246073,True,True,0.0049375047109948824,12.551800990881171
5.403618,3,2775.650727,True,True,0.004969024833212951,8.072441348840325
3.692317,7,2783.655961,True,True,7.671609829608276e-05,4.152533669508957
4.939508,1,2784.812088,True,True,0.0024727569131496024,8.97824083564762
6.441061,3,2786.111656,True,True,9.313705812035616e-05,6.102004368266096
2.982702,3,2788.440678,True,True,0.00021922294907976425,12.299670500593782
2.605181,7,2791.531878,True,True,0.0055432419171614,8.980891563105443
8.307614,3,2792.848168,True,True,0.00990154406299104,4.608402657439543
6.294418,3,2796.53909,True,True,2.0066803938635722e-06,5.86432585228342
4.649575,1,2798.333339,True,True,0.0039636928173917806,9.502499856496057
2.896964,3,2801.292836,True,True,1.3810811593743116e-09,12.630625018643636
5.624564,1,2803.045357,True,True,0.00013497912214354042,7.740013080885732
2.927017,1,2804.735867,True,True,2.6103294872847904e-11,12.60679006016783
6.438003,9,2815.386317,True,True,0.005661434448668724,5.213629015785047
5.493699,4,2820.602062,True,True,0.004634634476428326,7.745597191037847
-0.063745,15,2832.207984,True,True,0.0048865738768903155,15.71031300667898
4.963774,6,2837.591557,True,True,0.007272282096329607,7.9173098784824205
8.58179,2,2840.360942,True,True,0.008160551953218822,2.5989968384986724
3.155068,3,2844.485713,True,True,2.0762347985258355e-06,10.630903670754082
6.590408,1,2845.594758,True,True,6.104513327473662e-05,5.996532176331542
9.594262,1,2847.308344,True,True,0.000301284766833187,0.5711001564843218
3.510936,1,2848.493533,True,True,1.6548313240549728e-09,11.553551119290924
7.096577,2,2853.162498,True,True,0.004670103026841777,4.947809633387681
6.798572,3,2858.034083,True,True,9.98809206998602e-07,4.895632149117868
1.134556,3,2859.843697,True,True,0.004824003310238415,15.550687490254179
-1.450499,6,2862.002208,True,True,0.007199207721042418,17.38824367312621
9.507425,1,2863.65922,True,True,2.464136916995735e-08,0.7276200229136605
-29.103844,60,2898.646333,False,True,0.010783662218223772,21.038934471178475
2.950372,1,2900.532465,True,True,0.0005782380525443738,12.565066928308124
3.173828,1,2902.534228,True,True,0.0009119477156157227,12.162267222029753
-27.94567,60,2948.91952,False,True,0.005577683870292498,26.196631188673486
5.974541,3,2950.830984,True,True,0.0022754458295370372,5.086162948871873
2.623071,2,2953.341152,True,True,0.0042821822317786855,13.001715635534122
5.500691,1,2955.476775,True,True,0.004645871685516539,7.967482553820171
9.069495,4,2962.655875,True,True,0.00020220522572997248,1.5569427836674847
4.679692,3,2968.359706,True,True,0.0035883942790591733,9.148561696801009
7.218058,2,2971.800805,True,True,0.0014249641098943394,4.4350993608025755
-15.78965,21,2993.172979,True,True,0.006941454128845064,17.601219885676038
1.772562,4,2999.148345,True,True,7.231947753323642e-09,13.90415086219325
3.981272,5,3005.147002,True,True,0.0007779059997105355,10.007247875315713
4.891844,3,3007.876535,True,True,0.00028996403968761797,7.502634367416037
7.231533,1,3009.477021,True,True,0.0047139338898562625,4.843809997239274
5.139944,1,3011.198983,True,True,0.006567420146017384,8.619863448148486
5.821175,1,3013.017248,True,True,3.362047096606199e-05,7.385063336796121
7.7715,3,3014.865178,True,True,0.0047387856545869095,3.979668705034561
2.85862,2,3017.892525,True,True,0.0030564109123840076,12.73809236588084
9.747346,1,3019.341946,True,True,0.00013344855957145903,0.28364195944818055
1.34236,4,3022.334044,True,True,8.681002361551893e-06,13.910804366238196
7.689882,2,3025.228145,True,True,0.0017357805800593982,3.8180019890640957
4.846667,1,3026.6635,True,True,0.004905100474191098,9.147664869389907
8.292706,2,3029.042949,True,True,0.00010045117031879389,3.934404578529018
4.447152,5,3033.551347,True,True,0.01058223874198646,9.600499376599027
3.15361,3,3036.013413,True,True,0.0023115752936794715,11.319376155351446
3.72176,4,3038.443057,True,True,0.0005920404521984274,8.897751902725755
7.032251,4,3040.93731,True,True,0.0009211594016093104,3.651132495961107
9.123957,1,3042.096198,True,True,0.002350675062724775,1.4236440861919735
3.419025,2,3043.343697,True,True,0.00025334975481001564,9.409327005007158
-5.822321,15,3053.968139,True,True,0.004166168595585224,12.236897341106967
8.651035,2,3056.821907,True,True,4.422363620529973e-06,1.5370488244494116
8.963496,2,3059.770671,True,True,0.0001324282887086024,1.8783621884614423
3.379698,3,3062.766368,True,True,0.004813355904126093,11.991598236730749
6.127086,5,3067.514496,True,True,0.004703654272937268,6.505976967328218
3.201347,7,3071.757354,True,True,0.002569271329640011,11.080968148059295
4.888878,1,3073.494832,True,True,0.00024246308325519012,9.067741923306237
4.359697,1,3075.256948,True,True,0.0015256204436751486,10.023566505864009
5.588024,2,3078.017836,True,True,1.696387412876768e-07,7.309015932570483
-39.358758,60,3119.514312,False,True,0.017928694614176774,29.767043935736858
0.985542,14,3128.435482,True,True,0.010278573850163408,10.403018749244191
-2.364058,10,3142.255053,True,True,0.00015560343557130584,10.701556170101082
5.371561,1,3144.005913,True,True,0.004944929006735458,8.200715734942104
-0.592861,4,3149.064415,True,True,0.009635187623236197,16.683155839461435
7.551204,4,3151.972759,True,True,4.926399762080684e-05,3.8671030385704372
0.120377,2,3153.280521,True,True,0.008898382719759929,17.004202586160396
8.741656,1,3154.507381,True,True,6.262635308673659e-07,2.1113427392792348
-0.366167,8,3158.654596,True,True,0.006922709135229096,14.566314598530324
7.451728,1,3160.313153,True,True,2.451223483081969e-06,4.441286374775783
4.322888,4,3161.511333,True,True,0.009419298025048265,9.72587963432752
2.723581,3,3163.897832,True,True,1.824506674213966e-10,12.711977922275421
6.423491,1,3165.111413,True,True,0.006564464699315212,6.303959763713631
-4.767083,14,3169.014549,True,True,0.005081345252394364,3.365301346623859
1.149225,16,3175.316448,True,True,0.006793267162738455,7.079221170221309
8.172555,1,3176.463065,True,True,2.462607082726921e-06,3.1394229754518896
7.595055,1,3178.06443,True,True,0.0046476890317771555,4.1874773599801385
3.948093,1,3179.747848,True,True,0.004816570541358331,10.768484910704482
7.672508,1,3181.457219,True,True,1.9719396257469185e-07,4.042575739685756
8.221175,4,3186.567935,True,True,0.002086239682572562,2.362332435469823
1.800119,2,3189.614052,True,True,0.002460301831009021,14.532004250876836
8.876637,1,3191.298171,True,True,4.270139682251671e-05,1.8675210492984184
9.546458,1,3193.061401,True,True,4.607172283752157e-06,0.657081592172769
8.703344,1,3194.378037,True,True,0.0011175817376722587,2.1819661958511567
1.288058,4,3195.699046,True,True,1.1974343477822889e-05,14.973578178962972
7.139844,1,3196.914266,True,True,0.0004486185089727212,5.004950609397052
2.958118,1,3198.034323,True,True,0.00225117092776063,12.552226110679005
3.476837,2,3199.245672,True,True,1.556700977974881e-06,10.701823847081766
3.160832,2,3201.080117,True,True,0.0014173505930851933,12.061110248672392
4.498399,1,3202.255829,True,True,0.002532620610370837,9.774121537818996
2.921304,2,3203.489488,True,True,0.0059509964474873936,12.461995575076037
7.336077,3,3205.325077,True,True,0.00016341446790576683,4.361811922854458
2.067622,1,3206.427265,True,True,2.0748397375203176e-09,14.15668329566462
8.289767,1,3208.030776,True,True,4.025820153731076e-05,2.9277443970112556
4.689428,1,3210.685978,True,True,3.298530134099699e-05,9.427452828031818
6.538466,2,3212.52201,True,True,0.003449856219814094,5.931157307754004
3.686181,1,3214.255631,True,True,0.002544438604896962,11.239290873255412
1.32302,1,3215.965423,True,True,2.688522552271908e-05,15.499357628951042
4.89394,2,3218.278617,True,True,0.004786082592149383,9.051098637694047
2.61282,9,3230.097676,True,True,0.00842541856567498,7.978430368510977
6.983323,7,3239.926835,True,True,0.005024971486212276,2.787488482349809
4.036099,1,3241.478268,True,True,0.006701786913475154,10.611057403389951
5.318758,3,3246.802911,True,True,0.004739580071904614,6.870141774749266
-28.14271,60,3282.358497,False,True,0.01663776269072318,12.684936646899835
6.105083,1,3283.983278,True,True,0.00011633062614515568,6.872691531570308
-0.397872,4,3289.163971,True,True,0.009556123822517538,17.083653916436443
4.70576,1,3290.825606,True,True,0.000129817797505861,9.398064082002382
-12.882061,53,3330.335338,True,True,0.009270029165976868,5.91402228096968
5.267102,4,3332.009414,True,True,0.001750614239521258,7.72433417657682
5.324492,1,3333.247516,True,True,0.00715477062926074,8.287383953876576
0.555792,2,3336.182411,True,True,0.0008708021748450243,17.09742656261467
9.295881,1,3337.948057,True,True,7.023984244670239e-07,1.1099180777047426
6.437727,1,3339.22908,True,True,0.004692407338201853,6.276594643873398
1.838759,3,3341.71536,True,True,0.00045979083539750797,14.203338248535479
6.891205,1,3343.008295,True,True,0.0001245394707004386,5.453535352257832
9.864393,1,3344.323997,True,True,8.831754521110464e-06,0.08244905062843409
2.01151,1,3345.665255,True,True,0.005403717765130644,14.261092888596242
5.412322,1,3347.291446,True,True,0.0038668552110942746,8.126283924393332
4.112,1,3348.97045,True,True,8.925227709677408e-10,10.469242536426185
7.859851,1,3350.513802,True,True,0.004734043897746633,3.70948591421831
8.378852,3,3351.879646,True,True,0.004645474962012059,2.2868911242441965
2.355455,4,3353.13606,True,True,0.0035778657007147366,11.027389880053256
7.416661,1,3354.406797,True,True,0.00018543342889397983,4.50481430066237
3.060214,1,3355.697787,True,True,1.5745812449036167e-09,12.366550274131647
6.815093,1,3356.973724,True,True,1.0795932647982356e-05,5.590836053460046
1.941715,7,3361.071588,True,True,0.006794347480873545,9.972362180753146
2.328917,11,3368.747383,True,True,0.004916580678710552,10.23785795497158
8.30816,1,3370.304574,True,True,6.842811319904881e-06,2.894478486284877
6.866587,1,3371.89542,True,True,0.009282873073532828,5.506735791979438
7.022243,1,3373.443438,True,True,0.0046975996777239,5.221590280603645
4.822671,1,3374.730842,True,True,0.004651776567890043,9.190758898432108
6.842085,1,3376.358695,True,True,0.000943559333983207,5.543068279335396
7.858238,2,3379.364882,True,True,0.0017920603013881417,3.997774420493932
9.538918,1,3380.594788,True,True,0.0053465813495328154,0.6777516065363997
9.631095,1,3382.095323,True,True,0.002629306010064258,0.5077063900635992
6.434051,1,3383.78577,True,True,0.001522815490602806,6.280244095940507
7.922271,1,3385.422451,True,True,0.004794468476933577,3.5968469860494934
7.326146,1,3387.109341,True,True,0.004257036900908886,4.672553251276171
9.523718,1,3388.660745,True,True,0.004539606867704247,0.7041951614118777
4.467169,2,3391.699524,True,True,0.0027036475508766065,9.661402612955872
2.550878,3,3395.455134,True,True,0.00010608448955906364,12.889494773445609
9.028527,2,3398.310929,True,True,0.0019611005749239963,2.2227082270223524
-20.601486,60,3436.144517,False,True,0.015128619599583283,21.57509430673436
5.987977,1,3437.780408,True,True,0.004516671068691953,7.088088550031296
-0.007618,3,3440.621151,True,True,0.004775011958386836,17.656579132704717
6.944627,1,3442.274791,True,True,7.47793006866497e-07,5.356952037058626
1.62888,6,3447.281392,True,True,0.0049915364397545405,13.822346855953347
5.183685,3,3448.543987,True,True,4.6993128543885987e-07,8.26829008370678
2.460509,2,3449.894264,True,True,0.001959054631837165,13.300466625967927
2.630308,2,3451.05537,True,True,0.0017895439189459326,11.622549302254964
5.229632,5,3452.546706,True,True,0.0011472236773755796,8.111770409418279
-3.074647,5,3455.222955,True,True,0.004524195130400779,16.09235799834475
2.368904,3,3456.941788,True,True,0.0096754755773208,11.80282605671219
6.454147,2,3458.229159,True,True,0.004036712043316043,4.988795705342008
8.605598,3,3459.511291,True,True,0.00042010633549569715,1.4779281262259667
4.167949,1,3460.822028,True,True,0.0025926146433498717,10.370298822218125
3.057452,2,3462.287122,True,True,0.00012760859338855019,12.358713808213245
9.169978,4,3463.61825,True,True,1.2714301700612017e-06,1.8956113217742276
0.849964,2,3466.435291,True,True,0.000548539807332795,16.234677897213288
6.008353,3,3469.32025,True,True,0.004669230985735762,7.052586479360822
5.464519,2,3472.201745,True,True,9.25914814584915e-05,6.402501070700549
2.43828,2,3473.868173,True,True,0.0025291440318654136,13.3277289112352
-0.212046,2,3475.149616,True,True,4.678476840467378e-06,14.110018863292987
7.228678,1,3476.360541,True,True,0.004906652795404245,4.849153491645287
4.556263,1,3478.171067,True,True,1.5055315273640024e-05,9.667711514207568
3.138824,1,3479.753309,True,True,0.0002656878840065638,12.22494864324265
2.18981,1,3481.33492,True,True,0.005357909931536959,13.939595714287005
1.439904,2,3483.703621,True,True,2.4493337913433777e-11,15.482145866611134
8.713931,1,3485.38245,True,True,0.0012627664282413836,2.1630209224649155
5.997998,3,3488.155741,True,True,0.002422472257155037,6.980476831047424
9.22132,1,3489.762026,True,True,1.035505314429027e-05,1.2446679234309412
4.629646,1,3491.051011,True,True,0.009929566954197291,9.54275457732464
4.4984,1,3492.657189,True,True,3.8827768777949245e-10,9.772102069865753
5.165681,1,3494.121377,True,True,0.00034289497372318265,8.568337580592443
2.792919,4,3498.303366,True,True,0.0005205759812946572,13.328374202343644
2.908869,1,3499.935611,True,True,0.0037137269945206244,12.641998058211048
8.392464,1,3501.242534,True,True,0.0037055716775605757,2.7465804523854893
3.463232,1,3502.456226,True,True,0.0034978053044652825,11.64207962312229
9.408208,1,3503.799964,True,True,0.004762773101507716,0.9131547011728994
8.172045,1,3505.456879,True,True,0.001566599189553018,3.14219849644712
8.213231,2,3507.975426,True,True,4.630388626015308e-07,3.07685556943798
6.89166,1,3509.400994,True,True,5.046411974836222e-06,5.452588191555169
3.238884,3,3511.756974,True,True,0.0003960485674786877,10.882155036662901
7.612653,3,3514.224075,True,True,0.004789673055643489,3.347054901623108
2.708364,1,3515.555289,True,True,1.0311568890419842e-09,13.001149780817425
7.720679,1,3516.899767,True,True,1.4865979509627245e-05,3.9555960395897314
-28.993975,60,3567.188871,False,True,0.00455557746648739,23.424083614823978
5.930464,1,3568.390356,True,True,0.003072569525454775,7.189544975503765
4.4071,4,3571.067456,True,True,0.006347930770454225,9.459704384751253
-0.834125,5,3573.655421,True,True,0.004591090599272786,16.9262817206854
1.634626,2,3576.023709,True,True,1.3287161942958999e-05,14.81687582687943
4.978861,2,3578.423139,True,True,0.004008735363899528,8.373794688650333
-1.390467,3,3583.130454,True,True,0.0023454300878415447,17.616937166512177
4.574845,3,3585.728758,True,True,0.0014799698758670658,9.32542348693502
3.85692,3,3589.400596,True,True,6.457999066067366e-11,10.206433214880175
1.888371,1,3590.685407,True,True,0.00781306015850937,14.484417119373179
-22.006259,21,3605.084548,True,True,0.004856080394153075,15.79865989842379
4.529989,3,3608.680861,True,True,0.00449267759361098,6.247858142895778
5.449489,2,3610.447572,True,True,0.0039837210488865155,7.926280734492454
-20.682753,60,3645.60605,False,True,0.0071896919117977,24.538090830765764
3.442932,1,3647.018267,True,True,0.0060244367779782974,11.680371605777193
5.914228,1,3648.827073,True,True,0.005770782904743534,7.222246436057637
1.587922,2,3650.326054,True,True,1.1682425860026768e-11,14.62282778498235
7.581559,1,3651.710288,True,True,0.009994177180268668,4.217065334916971
-24.71114,60,3690.13612,False,True,0.00837717511040758,23.50274962165767
5.79165,2,3691.957414,True,True,0.0047527790429522454,5.847463606115358
2.153871,1,3694.063298,True,True,0.005052625865645771,14.004218394628973
-20.598525,60,3754.961756,False,True,0.021158036761460983,6.737592256372704
3.601399,1,3756.498195,True,True,0.00042613863400667307,11.390683064292602
1.426706,2,3757.890023,True,True,0.0004850651246048987,15.13891613982574
5.791674,1,3759.237548,True,True,0.009386106807090087,7.446290795977411
2.964208,3,3760.472258,True,True,0.0023380672902802197,12.176305223790324
-5.205954,10,3761.957172,True,True,0.0023836763005087866,16.15032358705391
7.972737,1,3763.167948,True,True,0.0003604170095066056,3.500762443363413
9.027301,1,3764.400606,True,True,0.004708439909322845,1.6011576800720009
0.117745,2,3765.66073,True,True,0.008701602101151364,17.564508107022785
5.258446,2,3766.783877,True,True,0.004751605148243519,8.27388000735967
4.25803,1,3767.88088,True,True,0.00490981257695355,10.209509979098002
9.498229,1,3769.217638,True,True,0.005391133919289555,0.7513123598731527
8.26114,1,3770.637864,True,True,5.516439491285233e-05,2.9794733959489865
3.875588,1,3771.889639,True,True,0.00039545602138545827,10.896044757124674
3.261684,1,3773.280568,True,True,6.084158652624929e-05,12.003198512485467
3.109529,5,3774.592864,True,True,0.0024041952249583202,12.407614713299335
0.227842,1,3776.313699,True,True,0.005259684718020812,17.47643677186883
3.05433,2,3777.978078,True,True,0.004030393489101152,12.179827054061583
9.678971,1,3779.689184,True,True,2.1564649111700113e-05,0.41761012929895575
1.893871,1,3780.866182,True,True,0.00491247497376336,14.47291449459204
8.831439,2,3783.785444,True,True,2.8579813579408635e-05,1.208105616717807
9.340666,1,3785.418105,True,True,0.004876171879511076,1.0353086266254246
7.480056,1,3787.061779,True,True,6.9097665449931005e-06,4.390135243969345
2.65472,1,3788.310575,True,True,0.0028937203623869354,13.09979291273642
2.618236,2,3790.000183,True,True,0.0002829961998422467,12.966959016568955
2.014796,1,3791.676343,True,True,0.003303570158888226,14.253957966982885
7.000154,2,3795.112939,True,True,0.004937223619035137,5.61282746515931
-10.451335,9,3803.606726,True,True,0.0019669769483872768,17.92433444512001
5.674596,1,3805.276401,True,True,0.0023030821195392606,7.651671344983781
2.568954,2,3807.753323,True,True,0.004296751401655492,13.18947466561434
5.011034,1,3809.623081,True,True,0.005061122014081433,8.85125816788568
9.72043,1,3811.188828,True,True,0.001907295633569987,0.3452984478901503
-4.342509,34,3845.610204,True,True,0.00264727373303068,12.501719481809907
8.076899,1,3847.279907,True,True,0.0023961463098778283,3.3149886158396935
1.875563,2,3850.242145,True,True,0.00018106487530515202,12.409610748621066
3.271797,1,3851.810683,True,True,3.7509807602943744e-05,11.984939547648667
4.014315,1,3853.46574,True,True,0.00483387782701576,10.649054053469124
6.046839,2,3856.371466,True,True,0.00955789611402773,6.855868520747399
5.571695,2,3858.057403,True,True,2.71322984653731e-06,7.936520571341737
8.257806,1,3859.808991,True,True,2.0260656921275433e-08,2.9854284604550183
3.18915,1,3861.442891,True,True,0.00022150661663936956,12.134143898327572
6.776462,1,3863.208162,True,True,0.0003362893437427999,5.660919591068209
7.531554,2,3866.62119,True,True,0.001395219908608178,3.0377332199930485
4.270353,4,3872.556256,True,True,0.004416574163610734,9.698195886761276
9.8114,1,3874.34342,True,True,0.0005523465385382561,0.1790093184379112
9.503009,1,3875.96298,True,True,0.00012811465041198504,0.735776751282117
3.046009,1,3877.622844,True,True,3.632474581544143e-10,12.392170030465177
2.010107,2,3880.524067,True,True,0.0029553503866713744,13.885332611818834
7.804238,1,3882.383601,True,True,0.005045173117208271,3.8102240409300365
8.539242,1,3884.06758,True,True,0.00010002609094824939,2.4771522304053497
8.144241,1,3885.22709,True,True,0.006786839935186223,3.1981768430562387
2.765158,1,3886.375812,True,True,0.00022558725539648106,12.89887220573336
3.331012,1,3887.537836,True,True,4.1096752043112694e-09,11.878101652829885
8.133373,2,3888.817819,True,True,1.5966388617364921e-06,2.999279976359901
9.586819,1,3889.96769,True,True,8.096134331454785e-07,0.5841321972032996
0.563034,2,3891.141803,True,True,0.004764756792137666,16.495418879866868
6.610662,1,3892.339923,True,True,0.00038553412254304243,5.960296810750531
5.503179,1,3893.604136,True,True,0.0003480708995405781,7.959278010275128
6.066693,1,3894.734281,True,True,0.00019086074055289304,6.942060007826684
2.595664,1,3895.990173,True,True,0.0035487948659217276,13.206699560659995
4.768333,1,3897.167074,True,True,0.00032802014583945644,9.284399992722864
-24.710399,60,3926.15387,False,True,0.006702097499794837,18.565634411254063
9.031804,7,3927.477176,True,True,2.6292643385750734e-05,0.7708551750664255
7.644824,1,3928.62607,True,True,2.8380194203087364e-05,4.092603581344961
7.300581,1,3929.826075,True,True,0.0009465390474954465,4.715253692781345
8.462152,1,3931.010702,True,True,3.593331641671784e-05,2.6163368958487347
6.234079,1,3932.13143,True,True,0.004769332828222368,6.644102669396141
0.01809,6,3933.551496,True,True,0.0019539478280776023,17.10329050068004
-3.814124,8,3934.995406,True,True,0.0045298873133144,17.304054896358334
1.938444,3,3936.28576,True,True,0.0021660943220642107,14.27252983021519
6.561731,1,3937.414079,True,True,7.628815071976901e-06,6.048249614393595
2.915096,1,3938.672521,True,True,0.00048334207858760723,12.628624395789119
4.777647,1,3939.894967,True,True,0.00508945582660866,9.272316309697434
7.858944,1,3941.070265,True,True,0.00017940926862349254,3.7060725993007324
0.606995,3,3942.28737,True,True,0.001558908322641205,16.107816373367132
1.689125,3,3944.70908,True,True,3.931118278122092e-09,15.064059181402966
3.318631,2,3946.497296,True,True,6.989011626379327e-11,11.773874093664205
2.895082,2,3949.950395,True,True,0.004526971022573788,12.713682900030275
3.412068,3,3954.345493,True,True,0.004670535950262887,11.469900025810508
7.03273,1,3955.546751,True,True,8.705400403910633e-05,5.1979681931293795
2.270582,1,3957.167807,True,True,0.004722256951222047,13.793589255852693
6.449297,11,3971.6328,True,True,0.006766227338887071,4.079510371407022
4.816868,2,3974.584404,True,True,0.004566310449517254,9.105714294339636
3.0888,1,3976.232517,True,True,5.492220636615919e-10,12.314989619716133
2.88212,1,3977.868753,True,True,6.463397490830136e-10,12.687767699020815
-24.181094,56,4039.548309,True,True,0.0025555496407512115,10.372674806999413
7.578816,1,4041.161052,True,True,0.004403642598010107,4.216543117523823
4.034923,3,4045.473461,True,True,0.00973425748427641,9.115307513512612
9.879484,1,4047.137046,True,True,0.000161606507378554,0.0553928107181178
9.629832,2,4050.572714,True,True,2.073673704607558e-05,0.3452246601862982
4.951851,1,4051.759918,True,True,8.335246878452517e-06,8.95390823737262
4.925104,1,4053.481323,True,True,0.0015531151779576945,9.003473319598747
3.51744,2,4054.650006,True,True,4.488887127148192e-05,11.434977188578724
3.153894,2,4057.056473,True,True,0.0046411875051981,11.845529578626344
8.703286,3,4058.94212,True,True,0.0003454507564912817,2.2182067861723835
-2.902091,7,4064.012509,True,True,9.142449910092085e-05,12.887621810317327
2.154439,1,4065.257049,True,True,0.00018313627601808025,14.000240815411725
4.136622,1,4067.039465,True,True,1.8832641387935695e-07,10.424821027174062
1.35452,1,4068.286055,True,True,5.0072980883358624e-05,15.442572982173187
1.36826,1,4069.500162,True,True,1.585167839695574e-05,15.417780228932912
7.211819,8,4077.857749,True,True,0.0001728670749255672,4.0886136139850064
8.599639,2,4080.175323,True,True,1.3064111271648277e-06,1.6376653454423853
0.288504,1,4081.934337,True,True,0.007462139076285458,17.36547514809095
5.071476,1,4083.629532,True,True,0.0003344375602109505,8.738325050843438
1.425683,1,4085.292782,True,True,0.00040440288253648475,15.314469490930623
7.795079,1,4086.449342,True,True,0.004959771569758248,3.8266700799961253
7.581269,1,4088.238841,True,True,8.490562202566679e-05,4.2074439179950485
8.475747,2,4091.10126,True,True,7.78847630701629e-06,2.438721789381301
9.870917,1,4092.841623,True,True,0.00042473047483557007,0.0712545658554806
9.617922,1,4094.531342,True,True,0.002471779826399523,0.5312990129983177
5.590733,1,4096.243658,True,True,2.2194309655770655e-05,7.800967579754534
2.047833,2,4099.10375,True,True,0.0008018837640571923,14.09044848869032
3.468273,1,4100.228749,True,True,0.0004020509210443529,11.630803428320462
8.492242,2,4102.625372,True,True,0.00449170646612859,2.17609570674064
1.743315,2,4105.453892,True,True,0.004551236196066158,14.582649062161632
5.694253,4,4110.392854,True,True,6.827897353653151e-05,6.217551987230995
4.252516,2,4111.54424,True,True,0.002665235216453829,10.129324987171032
3.395203,1,4113.086885,True,True,1.2857983948399987e-10,11.76231542733441
2.553562,1,4114.856573,True,True,0.005031082816772097,13.283527720350119
-6.16882,19,4132.31651,True,True,0.00023469915898884932,10.308687120973513
7.453579,2,4133.969476,True,True,0.00493295833296256,3.0051170420515443
8.253248,1,4135.67617,True,True,2.3588566415693596e-06,2.993665858315305
3.566589,4,4139.76228,True,True,0.004766795928207151,8.902633142045199
8.276816,1,4141.468213,True,True,0.0033515227807494287,2.9550335457154553
2.317445,1,4143.096121,True,True,0.0024538436821965512,13.707718842650461
6.89251,6,4150.233836,True,True,0.008402449238497632,6.19427015906204
6.413724,1,4151.612401,True,True,0.00017679492433927014,6.315612147717744
6.959109,1,4153.367642,True,True,0.004663532445896882,5.335517561546676
3.75064,1,4155.221936,True,True,4.278966950731211e-10,11.121148048329369
4.493158,1,4157.036003,True,True,5.6495072178617406e-05,9.781605279452776
7.736393,2,4159.952054,True,True,0.004828016835745009,3.8582590768272467
7.542106,1,4161.726607,True,True,0.0011652019845395612,4.2793708794675185
5.255559,3,4166.65319,True,True,0.004821887256602828,7.854397034222735
-4.181613,10,4176.285632,True,True,0.006335307622560779,14.37048888552787
4.059325,3,4180.93478,True,True,0.005441440886870591,9.63118784059757
7.95062,2,4183.885326,True,True,0.0021657075564809085,3.3957070609370237
5.876322,1,4185.559056,True,True,0.0009986640650307098,7.2864296946677705
3.671327,1,4186.893544,True,True,0.00045200763385350867,11.264560510551282
3.98777,2,4190.04367,True,True,7.35503123059345e-05,10.437055162942444
4.628961,1,4191.663397,True,True,0.00016112111789690596,9.536662123968416
4.321394,1,4192.786963,True,True,0.00012974515703942802,10.091567778066905
9.194421,1,4193.973704,True,True,0.004584950835314305,1.2990006516451318
6.978426,1,4195.524808,True,True,0.004756476875065198,5.3007402021034284
3.285812,3,4198.993873,True,True,2.2020832563390824e-06,11.463283869692978
2.478481,1,4200.173848,True,True,0.0035148958748856905,13.417987905377217
2.234102,1,4201.870015,True,True,0.0001287123382806047,13.856545366503571
3.081636,3,4204.931235,True,True,0.008656846125923956,12.010095885706065
3.04475,2,4207.717101,True,True,0.0042362302231483285,12.274671558492988
7.55322,1,4208.919599,True,True,0.01062088868492896,4.268786927339619
7.21602,1,4210.644609,True,True,4.594537374820961e-05,4.866968968684359
6.637988,1,4212.390215,True,True,0.004979493800745707,5.91542319731697
8.276469,1,4213.506706,True,True,2.9709974517662906e-05,2.9517535396757895
7.490235,4,4218.880892,True,True,0.00016105130003318292,4.687506379191215
8.110909,3,4223.216871,True,True,7.704826286090679e-05,3.7773885967153524
3.275525,1,4224.312085,True,True,1.5553366580767225e-10,11.978187992252874
5.646748,3,4229.588375,True,True,0.009444789736602914,8.117168031792383
0.511268,3,4233.81411,True,True,0.0003620227784443403,16.090973809766496
6.351267,1,4235.714785,True,True,9.682011938656667e-08,6.42805141076887
6.590323,1,4236.909148,True,True,0.004594313892059835,6.001094675330644
1.000725,1,4238.708934,True,True,0.0032196875453692313,16.082208676413572
2.098074,2,4241.161052,True,True,0.008426525859928556,13.877275003207222
6.793193,1,4242.805439,True,True,1.4519399682091406e-06,5.630365706861483
1.416716,2,4245.567903,True,True,0.007607231797159714,14.99171677838268
2.310264,1,4247.316794,True,True,2.070715491436781e-10,13.719112814141669
9.070697,1,4249.060529,True,True,0.00010464294654130214,1.51696562384755
6.046632,4,4255.264646,True,True,6.846584277269557e-05,6.135401085699785
10.256644,2,4258.589941,True,True,5.434310689185658e-06,2.3479442260139405
-31.216811,60,4305.285499,False,True,0.004339911769103206,37.23046379786041
3.089413,2,4308.14211,True,True,0.001342739469434747,12.073883067676173
4.271409,1,4309.959055,True,True,2.238055574199649e-11,10.181646276469966
8.623549,1,4311.543808,True,True,1.1016517963900047e-05,2.324734110891779
3.173346,1,4312.825272,True,True,0.0022251849459798308,12.16404040098406
4.836379,2,4314.217783,True,True,3.9729264804215514e-08,8.386174963950777
-9.727377,13,4325.805295,True,True,0.002230170818615533,13.967701151816485
5.419503,1,4327.645707,True,True,0.0007757134017610723,8.108730471091352
6.837182,3,4330.908584,True,True,0.00455421662914051,4.731316506985276
4.404323,2,4334.222844,True,True,0.008984312530038372,8.92331997871925
7.784896,1,4335.685969,True,True,0.0013663004228991475,3.8411579966281995
1.737485,1,4337.540548,True,True,1.3011947395539028e-06,14.752007226892593
0.536166,1,4339.615534,True,True,0.007893667144166656,16.921928066302545
4.259845,1,4340.998762,True,True,0.0020510049857385203,10.204110839092985
4.402542,2,4342.310246,True,True,4.286329814184853e-06,9.54112909842826
-8.117069,8,4343.786946,True,True,0.005049186655875838,17.321755640263646
5.356589,2,4345.192729,True,True,0.0001062028822457102,8.211645560621832
5.611682,3,4346.579476,True,True,0.005720745030622414,7.631085969097874
7.099093,2,4349.133886,True,True,0.0024644281825428006,5.154391513591444
1.414429,3,4352.447682,True,True,0.004836768909028313,13.962517648998531
9.058372,3,4355.049093,True,True,2.58974536162099e-05,2.00006225559383
6.377183,2,4358.693263,True,True,0.004307596435541172,4.95099901902393
6.778492,1,4360.425436,True,True,0.00953074192978874,5.665919746658508
8.200014,3,4363.625673,True,True,0.0021066721168688375,3.1457460739902126
3.431427,2,4366.736209,True,True,3.0424382584812713e-05,11.582619956623127
0.77123,6,4372.428547,True,True,0.00018526311590449766,13.558634577416582
2.509175,2,4376.124009,True,True,1.2836866292165183e-10,12.960083535633656
3.480058,1,4378.019986,True,True,6.976005190173495e-11,11.60925129715492
8.50387,1,4379.287579,True,True,2.25321049878921e-07,2.54092906309768
6.335031,1,4380.543644,True,True,0.004581182699053062,6.461834835520904
9.558006,1,4382.447685,True,True,9.690413760390058e-05,0.6363397249040129
2.159499,8,4394.685711,True,True,0.00267260366474952,12.7443776012192
6.031845,1,4396.525227,True,True,0.00039581310829081735,7.005155601525094
4.729008,3,4399.22827,True,True,0.0008020798685398859,8.32249130420411
9.120991,1,4400.511148,True,True,1.0809624687805469e-05,1.4227855244413987
3.158986,1,4401.776648,True,True,1.022713993353852e-09,12.188394791927287
-18.20876,60,4452.193812,False,True,0.030938326099371413,14.255846871914732
3.401954,2,4453.619061,True,True,0.00032687736893579483,11.618835582273556
2.763704,4,4456.839502,True,True,0.0028847967382803937,12.533478352048412
7.07687,1,4458.722267,True,True,0.001295516809984781,5.1143017631601415
5.894532,2,4461.381085,True,True,0.004543480692788208,6.526119944407985
3.130412,1,4462.692667,True,True,0.005110588426506827,12.243372626006432
6.815693,2,4465.734723,True,True,0.00942287075387948,5.1706146591237685
6.666635,1,4467.067826,True,True,0.004885561724735277,5.863633027059686
-0.760095,8,4474.662979,True,True,0.004982806032022126,16.388042494239915
4.315049,2,4476.244341,True,True,0.0041037576961788,10.207018951815602
2.969345,3,4477.571237,True,True,0.004840154875733837,10.37644792652231
0.190126,16,4490.037903,True,True,0.009758511995804887,15.282849519923852
8.405923,5,4494.525213,True,True,0.003061609461734534,2.06922915800724
3.825234,1,4496.317126,True,True,0.0011857959246808544,10.98747537896563
5.236029,1,4497.994484,True,True,0.00360919090339079,8.4441624045241
7.150059,1,4499.859676,True,True,0.004989258931659864,4.9911541945289635
-1.157917,26,4522.581156,True,True,0.0029042800518170675,7.30572624555728
7.433936,1,4524.424444,True,True,0.00015961101391010098,4.473590763476069
4.16702,1,4526.139382,True,True,0.0041693710369814395,10.373136722764484
2.311613,2,4529.868153,True,True,0.0005215431176203208,12.73617739233595
1.902877,1,4531.591739,True,True,0.008580604379505022,14.458670305585839
-25.108453,60,4575.636437,False,True,0.015886051021077735,34.176628335394184
1.597374,1,4577.378177,True,True,0.004585972330858919,15.007290897782248
3.279883,1,4579.185597,True,True,0.00025210754057130094,11.970508605389131
2.732167,6,4585.524234,True,True,0.0013910148101056227,7.844039095750966
2.594617,2,4588.787773,True,True,0.0014012056569456606,11.521541911993719
-6.724155,22,4603.564803,True,True,0.006758321471010913,17.114082769553253
9.734045,1,4605.007806,True,True,0.00013636685629614138,0.31823250128605607
3.534364,1,4606.190431,True,True,0.0015084538518486956,11.512387994314924
9.07916,1,4607.573054,True,True,0.004696855571384028,1.5074715256887439
8.002828,1,4608.843452,True,True,8.973490005330376e-07,3.445990958391327
9.361828,1,4610.20449,True,True,0.003372780495247034,0.995193132125337
8.364468,1,4611.550824,True,True,9.022236796180604e-05,2.7928656165121497
7.757518,1,4612.843334,True,True,0.0014734090760899852,3.890718623027288
-1.402999,7,4620.262943,True,True,0.005190521035385074,15.91328628573928
6.818463,2,4621.696446,True,True,0.004873547983136237,5.451641972045327
2.898063,1,4623.004607,True,True,0.0025779824846534558,12.66074843117725
5.981566,1,4624.364747,True,True,0.004705608012703823,7.099823514530937
-22.983757,60,4643.373736,False,True,0.018804503988083504,29.337687435158426
9.623107,1,4644.774838,True,True,0.0011518506393548176,0.5201450980424989
7.865727,1,4645.925199,True,True,0.004615880674532954,3.698752025399896
4.851324,13,4653.636472,True,True,6.626693401734496e-05,4.316646029035404
4.167169,2,4656.39101,True,True,0.004377490954138353,10.38576383971659
6.881397,1,4657.837992,True,True,0.0036501504409360685,5.474810522281975
2.696885,2,4660.627587,True,True,0.0007526806652478632,11.777245532153705
1.442548,5,4667.071425,True,True,0.003978965430721676,13.773382344864348
7.787451,2,4669.848263,True,True,0.00536253634680725,3.330270864157161
-1.964839,4,4672.477506,True,True,0.00016630182682934045,15.073788991394766
7.540141,3,4673.703359,True,True,0.006420085794622297,5.461359663097942
1.750538,1,4675.021981,True,True,3.6962048005628745e-11,14.728468010627843
9.28426,1,4676.227967,True,True,3.522447097712052e-05,1.1309648213695938
3.783539,1,4677.671274,True,True,0.0037071070381424313,11.06450777627481
-19.049754,60,4730.561935,False,True,0.007403597602798288,28.372259334321154
5.54193,2,4731.804275,True,True,0.0022727112431434864,8.234615052743786
-0.688807,5,4733.079906,True,True,0.0047634822227710085,16.02246559231594
5.687556,1,4734.301998,True,True,0.004702408255821862,7.630355530254701
5.917198,10,4738.048122,True,True,0.004784188235025132,7.705048215037659
7.19294,1,4739.470646,True,True,0.00013279270067707242,4.908736949612125
3.814348,1,4740.833738,True,True,0.004035790701623341,11.00916971095261
1.924189,1,4742.087543,True,True,9.39836858023799e-05,14.41539355950555
3.447975,3,4743.366623,True,True,0.0003234459083892721,11.344716187014011
-1.940879,10,4753.331575,True,True,0.0074369820577812,13.87181928919232
4.289553,1,4754.927455,True,True,0.0013691472853591853,10.149991504723419
2.404816,2,4757.839547,True,True,0.0002488016757507235,13.933475995918734
5.841241,1,4759.031455,True,True,0.007064288140875704,7.355014281102312
-3.163981,7,4763.768271,True,True,0.0005552183537637662,16.37302363274017
-1.855447,18,4774.025779,True,True,0.008310621101472303,5.618786449329874
-12.296306,18,4782.46886,True,True,1.0346558981742457e-05,17.61450573377866
7.845114,1,4784.363177,True,True,0.0002280185170243816,3.7300044776041985
1.968976,2,4785.648695,True,True,0.005335625803406347,14.187563295617203
0.905034,8,4791.301328,True,True,0.00589434994350827,15.095072863547307
2.326577,3,4794.115679,True,True,0.00513073748027967,13.205687134457472
3.821924,2,4795.680879,True,True,0.011747117595193417,10.418990896877379
4.150711,1,4797.141458,True,True,1.8487754459815993e-05,10.399417146561133
1.615147,2,4798.939566,True,True,0.0029908792207434184,14.65510628712563
4.548286,1,4800.592659,True,True,0.002901951463935881,9.684410002172667
-0.464153,12,4804.21068,True,True,0.007685082249143729,12.758918201595709
6.701958,3,4808.957949,True,True,0.004802536720119349,4.66922100767456
-25.402172,60,4829.942552,False,True,0.023791531948506257,14.65655227634156
4.549052,1,4831.498809,True,True,0.0023487662256188244,9.682596715591533
4.171344,5,4833.19083,True,True,0.00031875200373360224,8.958410435479477
-1.044244,26,4841.747828,True,True,0.007160985350617028,9.578137111200922
-1.013719,3,4843.371824,True,True,0.0011581717939131188,16.439048285348544
-0.159757,19,4852.852743,True,True,0.00914244594179487,1.4775980937818844
0.382752,4,4854.577957,True,True,0.001727389201149179,16.878236898743335
0.408868,2,4856.147793,True,True,0.008767422796240185,16.53586595099085
4.15854,1,4857.690256,True,True,0.006062625454413098,10.389780940273768
0.458316,2,4859.385397,True,True,0.00907586569520721,16.750696420349108
-5.636423,9,4861.227149,True,True,0.00442424214331703,16.809723970926044
3.744834,3,4862.981595,True,True,0.00573496819385419,10.761246700140049
3.181539,2,4864.590354,True,True,0.009600512512855092,11.700813509954738
8.79447,1,4866.629277,True,True,8.085045336296906e-06,2.0159316697973453
1.732895,7,4872.198595,True,True,0.00013961901867184847,14.324130238774984
6.569107,3,4874.159578,True,True,0.0021933860060531023,5.953680874357195
5.927237,3,4876.149725,True,True,0.007143198939554309,6.83391448452864
2.00193,5,4882.214584,True,True,0.0023797048162378124,9.10806111385584
1.916773,3,4885.759074,True,True,0.000626484076813684,14.290575817149033
2.51883,3,4887.361896,True,True,0.00028866696459865543,13.095860734869131
-16.313375,60,4905.733318,False,True,0.016444555911436266,2.3414250382172925
2.774979,1,4907.248796,True,True,0.004884197305587417,12.884179481698165
-12.533004,60,4921.022454,False,True,0.020498308597803785,26.06512068807748
5.330619,2,4923.70428,True,True,0.009266097651129892,8.46931730004506
2.831731,3,4924.99828,True,True,0.0002450415188153098,12.531409635842172
2.307937,1,4926.198603,True,True,0.0034656826975692024,13.725482511914517
-34.855654,60,4934.085416,False,True,0.015508834999772934,33.518074275407905
-25.345783,60,4955.538478,False,True,0.0016492568819585288,31.329899183009957
8.686097,6,4959.103423,True,True,2.799094735526659e-06,3.640694651693797
-14.780745,60,4974.880787,False,True,0.012059474852288837,19.188446071459822
2.701142,1,4976.088052,True,True,0.004907741063271156,13.017338289408105
-18.577504,60,4994.129272,False,True,0.002456242329223802,22.445218041956224
7.528243,1,4995.347989,True,True,2.4083704755883256e-05,4.303135617456414
-20.273285,60,5012.766031,False,True,0.004138393574669956,30.324297785958805
6.584902,4,5014.310096,True,True,0.006893119884050301,5.315541251114253
-23.447271,60,5029.889317,False,True,0.0023453899235895627,34.54166679047795
1.189957,1,5031.373893,True,True,0.0075101537281433445,15.743284484696918
4.443549,7,5032.987505,True,True,0.00035985789548732155,10.11530466008735
8.283266,1,5034.381235,True,True,9.805525665701649e-05,2.939558559070078
2.833973,1,5035.652267,True,True,0.00021656053627112926,12.774754527612044
-16.727227,60,5052.567126,False,True,0.006424838695464882,19.50726517273438
4.417545,3,5055.296715,True,True,0.009246101295752597,9.476015658514626
1.783919,2,5056.764882,True,True,0.008009374706453175,14.759665492058659
1.995861,1,5058.186771,True,True,0.0036698249128730865,14.288312610095765
0.49886,2,5059.64778,True,True,0.0016221523779441013,16.84622360242839
6.054827,12,5064.821983,True,True,0.00031148241771927505,5.769942611439367
-1.042016,15,5066.630286,True,True,0.004655259925227726,8.005562448890984
-14.075474,60,5077.881968,False,True,0.01702195902585649,66.142497277642
-20.880263,60,5102.983317,False,True,0.0080020018933821,45.49059511308485
-13.555767,60,5122.142697,False,True,0.00920639044737906,48.31549789108519
-14.131596,60,5133.973765,False,True,0.02107315649860602,87.41194615859095
0.479423,3,5135.43266,True,True,0.000979144496961272,16.506729098769746
0.519724,3,5136.790625,True,True,0.004817499706015474,16.669019339252603
2.575192,1,5138.193204,True,True,0.009498491132379456,13.247104281382155
2.741204,11,5144.994923,True,True,0.002040362540167843,7.5103402703036215
4.170642,1,5146.22369,True,True,0.004785455675902399,10.367048830253863
3.222494,5,5149.959285,True,True,1.9449817489089818e-07,11.820446093402099
-10.691144,60,5165.166891,False,True,0.012300289958172847,30.40261618710754
4.865319,1,5166.548565,True,True,0.0024027496729217696,9.112038711993153
-12.26855,60,5177.674322,False,True,0.006165876221349868,52.24570064395664
7.970142,8,5179.198602,True,True,0.005592021678580826,3.3529908684490533
9.36433,1,5180.440788,True,True,0.004628052794361092,0.9922527656756195
2.628734,1,5182.135085,True,True,0.0026914891553417525,13.146525403378575
-8.850813,60,5199.169642,False,True,0.018762148648747284,28.918048898238016
9.37484,1,5201.380291,True,True,0.00639818677755585,0.9754311579023872
4.828473,1,5202.950397,True,True,0.0016977843731222214,9.17794586559002
4.385774,3,5205.261174,True,True,0.0060098772782082475,9.744944604050382
-4.635582,19,5209.588111,True,True,0.0009566191641038266,14.08335571676225
6.538236,2,5211.173103,True,True,0.00012854384535484,5.583253370856065
-21.406686,60,5225.924192,False,True,0.010418534044448539,36.8062819088974
2.135443,1,5227.597172,True,True,0.004217566672539664,14.036958141824401
4.765772,1,5229.05786,True,True,2.0686563542010594e-08,9.28967123477564
-26.75858,60,5256.262741,False,True,0.026554692900527012,51.49248202160352
8.491036,1,5257.853359,True,True,0.004650217308608479,2.5696385279619482
0.647504,3,5259.268529,True,True,0.002779840554872303,16.32747652585516
-0.718915,5,5264.133705,True,True,0.011923754476918595,15.485561722519522
-0.039846,5,5266.233615,True,True,0.002680420520610882,17.27924947809682
1.790319,2,5268.238989,True,True,0.009908599167644118,14.684455303218341
1.144732,5,5273.864619,True,True,0.00013670887803299823,14.535491753166303
1.558757,5,5278.631096,True,True,0.0007129771075346548,14.481310444975847
5.600658,2,5281.603659,True,True,0.002529235753987319,8.151785414407136
4.583154,2,5283.655654,True,True,0.001459858898926321,10.07859321807091
3.76972,6,5287.335752,True,True,0.006841898866195842,10.944019965520432
-6.132595,24,5294.177681,True,True,0.011545849239779714,16.82830881515139
1.750664,4,5297.218735,True,True,0.002347121705328974,14.595401930775541
7.374093,3,5298.884522,True,True,0.00018128259019557346,3.1240821491769704
-25.410495,60,5310.839142,False,True,0.01707153947183868,37.532214785573885
7.865333,6,5314.562312,True,True,0.006865757115713987,2.7449952692499284
8.74832,1,5316.632415,True,True,8.19215530935666e-05,2.0987895971803874
3.605243,2,5318.257147,True,True,0.0041736396063557675,11.353257161424866
-18.592387,60,5344.433131,False,True,0.006796826842983366,24.346412464262027
-18.990459,60,5352.859555,False,True,0.01021069269503013,14.6531646400303
5.24511,7,5354.534542,True,True,0.004808375274727834,8.306737583395764
3.725025,7,5356.245317,True,True,5.122638426022577e-05,10.543569362081524
4.79953,1,5357.633564,True,True,1.7934852858053976e-06,9.228760342724648
3.659505,2,5359.17105,True,True,0.004626749294459924,10.156801266467333
2.903376,3,5361.721424,True,True,0.0017381649079867695,12.410494292557685
2.649694,8,5363.413103,True,True,0.007282032831051168,10.436217611833186
-7.646251,60,5373.113884,False,True,0.019488943078986562,26.152113129114156
4.610598,1,5374.619472,True,True,0.001951612984334817,9.571246016510196
-17.25569,60,5387.931128,False,True,0.00925710861391318,23.13171592096022
4.915007,2,5389.473189,True,True,0.00224898305150138,9.813956168591305
6.492286,4,5391.271266,True,True,0.0026026057504481576,5.695988913813006
2.088102,1,5392.938835,True,True,0.0029076107925897765,14.121542702491215
-16.050643,60,5409.094234,False,True,0.02763921901564785,11.165920924282835
-22.173279,60,5443.48551,False,True,0.021501809846521037,21.438112720865643
-9.516001,60,5454.688111,False,True,0.0009293718072969134,24.472659009563454
3.93658,2,5456.394992,True,True,0.009337269586646364,10.370881724514707
-15.914397,60,5472.331102,False,True,0.021764224490483982,24.521191908576007
5.843361,12,5475.74448,True,True,0.0035104933081844935,6.804167926567506
0.592153,1,5477.135051,True,True,0.010289842045920008,16.82209881576815
6.654801,2,5478.742491,True,True,0.009866341789203108,6.092880781505761
7.666662,3,5482.032367,True,True,2.777535128405486e-05,3.222336901443516
7.630683,7,5486.842541,True,True,0.0011663135366255673,4.815705928430013
4.969229,5,5488.46551,True,True,0.0009678518115147604,8.479057627750825
-7.537813,60,5506.824776,False,False,0.014942328381411159,4.46100427380518
-1.635899,3,5510.487657,True,True,0.005119486564653475,17.256097609301055
1.352525,1,5511.922982,True,True,0.005945886361418714,15.449433873558997
0.12502,3,5513.553507,True,True,0.006445966763224693,17.440198722855747
-1.954769,15,5515.736117,True,True,0.005193888493755796,14.939451725021813
5.480514,1,5517.336129,True,True,0.00045974118826873703,8.000282962075552
-17.984809,60,5535.248617,False,True,0.005825435082957362,10.33040729926479
7.402789,3,5537.252226,True,True,0.002321005773998428,5.003667687318392
0.419988,1,5538.56291,True,True,0.007326085806053387,17.13106686532239
5.150679,2,5540.078538,True,True,0.004750101762194713,7.381114562623297
-0.231981,12,5543.332117,True,True,0.0006765942835116959,12.033315136291854
5.543877,1,5545.249178,True,True,0.0025350931577679085,7.887768385477814
-0.228308,6,5548.388895,True,True,0.0016225464673157517,16.602953531636704
7.578775,1,5550.33836,True,True,4.5484851109937885e-05,4.211902839642305
-12.979419,60,5565.806442,False,True,0.005558432815083034,21.55225799189597
5.394385,2,5569.971611,True,True,0.009042230562800086,8.091222952898708
1.398158,5,5573.028413,True,True,0.007009182082378993,15.335282082669154
0.90782,7,5579.671275,True,True,0.004925111429375683,15.948182952019597
-12.056953,60,5594.319122,False,True,0.027141812845804747,52.8973047513638
2.047994,3,5595.814319,True,True,0.011755319398521934,14.085306932940457
9.583431,10,5597.809327,True,True,0.004774734284149362,2.2211001277065856
3.659009,1,5599.196183,True,True,0.004891108762830695,11.289931816028606
6.08258,1,5600.645792,True,True,0.0011795111586155906,6.914323769248282
3.013248,2,5602.281353,True,True,0.00023544141689411328,11.639898338747027
7.765783,2,5603.908736,True,True,0.004811897684553763,3.736355468687477
2.904033,1,5605.546416,True,True,0.0043087273438999485,12.651098358192979
-22.727554,60,5624.147814,False,True,0.02659033871365118,16.338305462734173
-10.588049,60,5648.003688,False,True,0.009493774613706825,15.592169495259375
4.606595,3,5651.882729,True,True,0.011747259139817386,9.593599703688335
-21.9484,60,5666.103328,False,True,0.02815230004597052,29.03082258690698
0.517635,1,5667.626099,True,True,0.0064696254871764655,16.954665793417814
5.044541,2,5669.094966,True,True,0.00016844906331650415,7.813007820508925
10.784288,10,5671.472261,True,True,0.009370957661722953,1.3209659070927178
-11.094658,60,5691.003885,False,True,0.02976152535608956,31.072255832464318
2.330587,2,5692.522948,True,True,0.00480887875946113,14.048156586419527
-5.707419,14,5695.158652,True,True,0.002641447740138956,15.881522086887422
-3.097379,33,5709.115633,True,True,0.00037981310848703327,16.823021459586997
2.612628,1,5710.802347,True,True,0.0038203036487487047,13.176278430690237
-3.829369,8,5714.877043,True,True,0.009521044628445505,17.429052456361394
3.36358,1,5716.138531,True,True,0.00031041228808305517,11.819580800074073
-12.087307,60,5728.888108,False,True,0.0177151340783502,13.225596556873889
3.459048,1,5730.183265,True,True,0.0018285905965136212,11.648465118568247
-6.501267,60,5747.604569,False,False,0.0009848946918123496,18.24763322453259
5.946483,6,5749.000596,True,True,0.0002726573416143487,7.549596506247727
2.685217,4,5750.491003,True,True,0.004776611025464107,11.663442426173882
1.102607,9,5752.17807,True,True,0.007290438210757963,15.070026359508908
0.267699,2,5753.695107,True,True,0.0004949052177836248,17.45354840731103
-14.818871,60,5764.695482,False,True,0.0018736732465110002,25.6727553020196
-7.227348,60,5786.320482,False,False,0.0025527695030955937,24.728427139544944
-9.025762,60,5797.096902,False,True,0.0049656167856004865,26.7906818660512
-17.931397,60,5809.448411,False,True,0.011997501858470925,7.332024757869687
1.953349,3,5810.896312,True,True,0.0026709532509188675,14.112342543198048
-17.102701,60,5824.494299,False,True,0.02196331302878319,54.8525918844002
-7.065176,60,5844.679255,False,False,0.01404782437747185,18.133084524451508
2.299815,5,5847.275658,True,True,0.0015901559636362916,14.175242472165717
6.953681,1,5848.628483,True,True,0.0011509482909788453,5.341807232677006
-19.010313,60,5860.461307,False,True,0.022643287522681008,7.738049909510424
-9.694918,60,5880.616377,False,True,0.010117799268133165,10.475614414523623
-12.28628,60,5893.688876,False,True,0.017082692853131114,88.28398204253261
2.451424,5,5896.390507,True,True,1.1957325836851364e-05,12.607464346063338
1.813198,7,5897.90803,True,True,0.0004249378791102215,13.364980171716727
4.522622,2,5899.211938,True,True,0.008659533147328915,9.359601832948687
4.597942,1,5900.535973,True,True,0.000139800522357342,9.592612701388209
-12.254202,60,5918.081107,False,True,0.007598842229262728,15.15527597112509
2.77608,1,5919.424975,True,True,0.0038236013404508275,12.881531986602257
-6.4876,60,5927.811464,False,False,0.014235565524681401,2.3826514963148666
2.386282,6,5929.313054,True,True,0.004881031701198958,10.770725029424131
-8.295663,60,5945.86538,False,True,0.014598814663553984,71.88827115575381
8.889932,1,5947.217637,True,True,0.00015764774304712504,1.8436482870211932
1.62291,10,5948.788685,True,True,0.004214541564516047,13.882178970786427
8.580701,1,5950.055712,True,True,3.439488166804769e-07,2.402129501468178
1.684693,1,5951.238773,True,True,0.0005168061756708545,14.847513179291951
-11.453194,60,5970.029956,False,True,0.011912141949129845,21.694548360045737
-8.060445,60,5982.779486,False,False,0.011566150094070918,15.714705512793751
5.546694,2,5984.023021,True,True,0.004853861275415017,7.389528968299467
7.007373,1,5985.193998,True,True,0.00013084838091574277,5.243225128841889
2.317018,5,5986.552276,True,True,0.007311033634412149,13.230195113948982
-18.59061,60,6002.321873,False,True,0.006082127375626189,17.517299085224607
-10.402525,60,6017.359122,False,True,0.0020229931874840438,24.761037800255522
8.204903,2,6018.76539,True,True,3.163409577909299e-05,2.3100633810203393
-12.41399,60,6026.867403,False,True,0.009946815001677808,13.744297262923164
6.348993,1,6028.018463,True,True,0.007188033671276172,6.438937471085194
7.044765,34,6036.459451,True,True,0.0023213509158246434,0.7588646528424925
-8.786829,60,6046.725495,False,True,0.03665545428491247,23.175605239649922
1.218621,14,6056.080001,True,True,0.0069740968644668765,13.620425022305977
3.870617,5,6058.717041,True,True,0.0023042614703555515,10.724304144259959
-14.46085,60,6076.075736,False,True,0.023776138617202618,13.526987290815368
-13.024835,60,6086.646487,False,True,0.007979365073134249,46.65828819972404
-6.252914,6,6088.245731,True,True,0.0003516411066338855,17.855576799416585
5.525796,7,6091.036606,True,True,0.004496735413611805,7.6529119343144805
-16.339447,60,6106.175571,False,True,0.030534362603520795,11.468360776110622
8.12588,13,6110.401603,True,True,0.002511720306942234,2.9258362191859297
3.102623,3,6112.135179,True,True,8.901064913217839e-05,11.84308575018755
3.057074,3,6115.16559,True,True,3.195523529814226e-09,12.218681047796371
-6.706779,60,6126.099402,False,False,0.0023335719028565686,8.832998682283309
6.915793,3,6127.440207,True,True,0.004739370230019135,4.064482858230193
-12.198847,60,6143.959179,False,True,0.0224148963683769,15.884181857066443
4.231071,8,6148.323195,True,True,0.0072837064014785804,7.033588332451332
5.156985,3,6150.004368,True,True,0.00035847325872584,6.9548073954575536
5.558242,2,6151.30862,True,True,0.009493764151414445,7.977736803286605
7.803867,7,6153.158165,True,True,0.003548974649352684,3.9574242488676514
4.044997,2,6154.41529,True,True,0.00034333424527975553,10.459988474909602
-9.391138,60,6165.89167,False,True,0.015369590763343821,17.3450082955908
0.635033,2,6168.968582,True,True,0.0037178159398924375,16.45097597060419
2.35633,2,6170.301774,True,True,0.006001249669939477,13.520446174720874
2.136052,6,6174.15543,True,True,0.0001276989804513736,11.95938173976
2.601309,1,6175.420501,True,True,0.009271551013411256,13.199891865021439
0.426363,3,6176.819038,True,True,0.0002685627779126227,16.75043595933171
7.710922,3,6178.150483,True,True,0.004688749298223423,3.475245294767891
-16.684926,60,6187.052611,False,True,0.0038090533311048135,37.022478258474024
9.163846,2,6188.454915,True,True,0.00124740006909783,1.7455878318637612
6.920693,2,6189.687973,True,True,0.004599026082035327,5.462005037027299
5.083897,1,6190.899044,True,True,8.747229503612427e-06,8.715630095944036
-13.179174,60,6205.376857,False,True,0.0043525679648224215,41.92972817612173
3.359072,2,6207.93263,True,True,4.488906825317091e-05,11.475314883606972
1.169328,15,6210.925778,True,True,0.005828571355167426,8.697209127855462
-24.855461,60,6234.042922,False,True,0.019274463990757496,27.889541823947468
3.520916,4,6237.714197,True,True,0.00039116778714107583,11.16487465219414
-11.996549,60,6248.534968,False,True,0.005120691142280724,28.653357873043767
-12.053171,60,6264.437294,False,True,0.008287364338262992,26.32744860574415
5.372221,2,6266.175348,True,True,0.002454973394693295,7.672189014848573
5.264641,21,6269.519558,True,True,0.0007958493603936684,6.4566134282339
-11.539454,60,6279.884461,False,True,0.01939728481371428,59.064541334846695
6.904387,1,6281.16063,True,True,2.8308183975103273e-05,5.429635143600214
6.010545,4,6282.515082,True,True,0.004768867083391692,4.572667169762097
1.641462,1,6283.791095,True,True,0.001976716203622912,14.92632570636726
-10.547865,60,6303.465845,False,True,0.0006321281863270849,42.15909838996533
-8.177863,60,6317.090792,False,False,0.029321189607030857,58.33187825511399
1.347041,2,6318.36973,True,True,0.006711206669100907,14.926995085398186
1.59277,1,6319.699032,True,True,0.004426084143642507,15.015503032196916
6.563727,1,6320.867551,True,True,5.137678306213825e-06,6.044643387332351
0.304061,2,6322.192063,True,True,0.005230649980974686,17.092080751254596
6.864344,1,6323.410634,True,True,0.00518952456751476,5.507069808621434
2.503834,6,6324.828569,True,True,0.010967982240124744,13.044657011684372
3.257793,5,6326.196412,True,True,0.005378931945726591,11.502063558798865
2.365402,1,6327.348559,True,True,0.006458056739482909,13.62363271112931
-14.901999,60,6340.77748,False,True,0.014259911905857129,10.856360679461378
9.231316,4,6342.19068,True,True,0.00012049071766786004,2.129555739690844
-4.529602,22,6344.168878,True,True,0.0013236730390286371,14.71542543854912
-11.369364,60,6359.414951,False,True,0.004664008405527954,13.99272400091733
0.787732,2,6360.588217,True,True,0.007399324198354481,15.937967495304777
-10.531362,60,6381.726876,False,True,0.0025230018292493614,13.90378169048903
0.950502,15,6384.637333,True,True,0.004677173962948024,14.829394288088407
-10.814737,60,6404.961555,False,True,0.014812407601886712,49.532312533441875
-7.277228,60,6421.30102,False,False,0.013828083091597476,26.064509261698532
6.642819,1,6423.37104,True,True,7.311936005555586e-06,5.901857011445936
-3.912311,5,6427.16545,True,True,0.0061921890104908,17.596577795057833
4.564792,1,6429.021031,True,True,0.01008183018741744,9.659824568104712
9.471699,1,6430.835253,True,True,0.004476765331655861,0.7980074985635607
0.62358,1,6432.669506,True,True,0.0035118765831760605,16.76224533599158
2.26689,2,6434.570536,True,True,0.0042380122929895365,12.767568782244759
0.048809,2,6436.547318,True,True,0.0012264112976275166,17.680681146410045
-1.521489,3,6438.437486,True,True,0.0020867667760295708,16.947289874951828
6.567047,2,6440.133203,True,True,0.004937295057990971,5.590836632858684
-0.81909,19,6452.537647,True,True,0.010155403849444463,16.723601729843548
0.000486,1,6454.227314,True,True,0.003056228224628584,17.885198523103615
-13.950849,60,6479.135197,False,True,0.005178387545819925,13.670962680900205
-15.326146,60,6497.965264,False,True,0.010649282606772255,25.275248606058625
4.592612,3,6500.810016,True,True,0.0017754710142567033,10.370664355610248
-9.601506,60,6523.161335,False,True,0.01010840816637218,20.932961262374366
7.007801,1,6524.490506,True,True,0.001943094355900796,5.24491463646776
4.446367,5,6526.003761,True,True,0.0003753326542319732,7.94513221128367
-5.511538,8,6527.397328,True,True,0.005365777030677492,16.65421571830366
6.598877,1,6528.636274,True,True,0.0023594766984920846,5.983531251887695
5.679906,2,6530.028805,True,True,0.009578687970458839,7.829838075390147
-2.0117,22,6541.366083,True,True,0.011078084211371823,16.69017707659187
0.83248,1,6542.625696,True,True,0.004686739290578208,16.386265492289738
5.994821,6,6545.237627,True,True,0.009799258098792538,5.420532995323132
-4.750339,7,6546.575382,True,True,0.00025789112001656407,16.048195343063885
-18.663436,60,6558.921679,False,True,0.033639116835339086,55.998077268212846
2.232903,1,6560.117499,True,True,0.00033600730512840966,13.85884049583137
2.297479,1,6561.35928,True,True,0.0005198767349441202,13.742505526578583
-0.773139,10,6562.967009,True,True,0.0026012382104258595,15.168760643650874
6.676435,1,6564.193708,True,True,2.5935161444490692e-05,5.841188061303317
2.076693,1,6565.392325,True,True,0.009864851683764374,14.145996484612816
2.756565,1,6566.601226,True,True,3.282685367902993e-05,12.914239028526529
6.857811,1,6567.873664,True,True,0.004372961614598266,5.518085765148162
-8.543959,60,6584.874115,False,False,0.006914927411494994,29.22799973871784
6.03029,9,6586.337078,True,True,0.002454396601505205,6.058736318838502
3.227486,1,6587.560436,True,True,0.0023142505550361953,12.066455530885296
-17.780733,60,6601.29272,False,True,0.0101200427769034,24.669453253992685
5.437883,1,6602.463532,True,True,0.009450283680519029,8.084572196488999
5.742356,1,6603.65431,True,True,0.002345876857164619,7.529426890124693
1.592346,2,6604.885,True,True,0.004506162015776281,14.777354353006794
-18.49151,60,6617.26535,False,True,0.019470642240072958,54.31551336919433
1.071942,5,6618.505655,True,True,0.0026888050120214336,16.398763626238523
6.661029,1,6619.715574,True,True,0.006390709568644617,5.875130230414776
1.860676,2,6621.042622,True,True,0.008006630419767704,14.417752018947604
-6.893434,60,6639.393041,False,False,0.0036814867811126254,17.067962576263707
-13.893029,60,6653.027579,False,True,0.0023021301516585524,20.231698844724235
-14.139936,60,6670.401932,False,True,0.025612415111279013,43.09165260050404
1.068024,4,6671.746131,True,True,0.007631206461300105,15.878886165585085
-14.75193,60,6679.632445,False,True,0.02320337080234457,21.076719737018287
4.906696,8,6683.117747,True,True,0.007124695562992032,7.509918669853175
2.287211,1,6684.342571,True,True,0.006777170461987231,13.764791626140209
-11.125932,60,6701.549306,False,True,0.010268748352956155,22.607934535854735
-10.437379,60,6712.762224,False,True,0.01430977564106347,34.228067566046924
0.200364,7,6714.693104,True,True,0.004768979864089126,16.527048260295327
6.989025,1,6716.330066,True,True,0.00959989510786911,5.286064947564831
7.498625,2,6717.878817,True,True,3.520152128604938e-05,3.0995439805958203
6.200485,1,6719.22526,True,True,0.004765963730680332,6.7048143351393445
3.490788,3,6720.704083,True,True,0.0018144276098500459,10.78385814575538
3.75141,1,6721.949535,True,True,0.00025679115805543606,11.119953078933266
-0.162827,4,6726.440269,True,True,0.004392743117005978,17.312792637547606
5.850602,1,6728.174218,True,True,0.009526171918094071,7.340089515110325
-4.689029,35,6737.040744,True,True,0.011966903192488781,8.104809380415773
6.438046,5,6738.369868,True,True,0.004884206273612846,5.829865948928452
-8.363641,60,6756.60035,False,False,0.00034969379440725167,15.733248742383443
-22.549199,60,6771.580959,False,True,0.027816048406177057,68.97672644568048
-8.238034,60,6782.621889,False,False,4.196813464007478e-05,20.22302598201665
-14.349481,60,6799.901225,False,True,0.0001706806129447326,33.5594151336113
5.833647,6,6801.419239,True,True,1.556417238195683e-05,5.7252410627323425
0.249384,2,6802.722988,True,True,0.00903762436429065,17.040052935166784
2.052719,5,6805.167828,True,True,5.445697921228204e-05,13.796828667076333
3.585942,3,6806.543319,True,True,0.0039285088051896535,10.973341759792273
4.346548,3,6809.197807,True,True,0.0006171300699892987,7.290161404675868
3.9948,3,6810.535482,True,True,0.004800776883785051,8.626841571434815
6.00143,1,6811.877019,True,True,0.00025437845618946596,7.054058548117442
0.760765,4,6814.283479,True,True,0.003036546993210501,16.46719367564304
8.120327,3,6815.589748,True,True,0.0027682387425911146,3.2268931901294446
-17.154204,60,6831.934728,False,True,0.005574370630161726,25.950078644727054
1.109021,2,6833.285844,True,True,0.0008649235628887114,15.788983026009802
2.862143,5,6834.699675,True,True,0.0004105420790417877,12.593693382995161
-0.454272,4,6837.059765,True,True,0.0014643023935285342,14.781923167919434
-10.110853,60,6856.663167,False,True,0.02193535847518225,50.93599740875459
6.637989,4,6858.079543,True,True,0.004808237271403762,6.33825733946302
8.87847,3,6859.302633,True,True,5.051684050759019e-06,1.1313713057445267
-24.471426,60,6870.911538,False,True,0.004500827641432607,36.90773816995029
4.171097,1,6872.814273,True,True,0.0002923645432260421,10.36285465534899
-6.472466,60,6899.541193,False,False,0.004113722858375219,52.61783975320291
0.241552,1,6901.421068,True,True,0.005050212248255578,17.45162802892762
8.109371,1,6903.159797,True,True,0.006664009589668528,3.261005270424348
1.31211,1,6905.959188,True,True,0.004881513860239228,15.521731489937054
-0.451305,8,6910.126219,True,True,0.003644321861038095,17.62768536050201
2.749125,2,6911.878095,True,True,0.004423990054685222,12.518684169494001
-14.070202,60,6931.365175,False,True,0.022709870914046,74.19339547108633
-9.300585,60,6951.196775,False,True,0.01768867423820062,7.01610942662935
1.364537,3,6952.646649,True,True,0.00021018747129907152,14.707279112349253
-8.237383,60,6974.805699,False,True,0.012342465372266609,16.04921454352442
8.599461,1,6976.107447,True,True,0.009584772883815703,2.3792136175304694
-8.059282,60,6992.083146,False,True,0.0024252202609116,13.32014511417533
-12.489724,60,7007.089932,False,True,0.0047154312742401045,22.003373153347923
-25.755326,60,7023.215264,False,True,0.011998702841758316,10.928684227067537
3.923208,2,7024.431425,True,True,0.011492686473813782,10.802382931779784
-16.453029,60,7038.088955,False,True,0.00010993450858861036,31.276083371253026
4.226612,4,7039.439988,True,True,0.004686767654676301,10.06241984914882
3.685148,3,7041.823133,True,True,0.0029437584158184434,11.241829347451397
-1.644467,9,7043.388976,True,True,0.0029239360946079406,16.533192617696177
0.345329,2,7044.733296,True,True,0.0005024529537444888,17.100616850407867
2.415495,3,7046.08928,True,True,0.0018236180033170566,13.285963991729947
8.424491,9,7047.646001,True,True,0.001485404456174528,3.4196373299780745
7.47217,1,7048.974728,True,True,0.007569610596957583,4.41221938197402
4.364699,22,7052.193835,True,True,0.00025799054248725004,8.111091408665251
4.919932,1,7053.363019,True,True,0.00017952797450156762,9.011651809278812
-0.267013,14,7061.393057,True,True,0.002277753716621214,14.560376907903267
7.567176,1,7062.570768,True,True,0.004811138249866467,4.237977829716369
3.759124,1,7063.894134,True,True,0.00023532227977075305,11.106021064754763
-12.529228,60,7073.882914,False,True,0.012308993088067958,76.45356073958115
6.277607,1,7075.244024,True,True,3.5307240855235976e-05,6.561188959313426
-8.815989,28,7079.987543,True,True,0.00399425309044139,17.514498665048993
0.165678,6,7081.342709,True,True,0.009588158696983425,15.238119040860253
1.775839,1,7082.556032,True,True,0.0113293771236144,14.689067638017274
-16.176836,60,7094.170041,False,True,0.002473664760402698,14.015329313855917
7.123463,16,7097.238393,True,True,0.00944267628528088,3.279030049554391
3.313844,1,7098.533147,True,True,0.001484956885376441,11.910125288957948
-12.400796,60,7108.131202,False,True,0.014639508097124245,33.700449852543386
4.618879,1,7109.456857,True,True,0.00010158765427860199,9.554276745161596
4.247452,3,7110.828142,True,True,4.596302856346799e-05,9.346762887426168
-10.04619,7,7112.356493,True,True,0.0022126787750649836,17.42758625614767
-5.870524,46,7121.376154,True,True,0.005809747301646582,14.054544500389525
-12.691791,60,7130.980196,False,True,0.006388753120249439,13.93939756422658
7.413058,2,7132.569198,True,True,6.115612357427639e-05,4.449367973520194
6.914524,2,7133.999873,True,True,0.006936964513187092,6.6161617967020625
3.229762,25,7138.953886,True,True,0.001862209408643985,9.566422050364626
-10.416016,60,7154.340076,False,True,0.030270857462785582,43.987315714132805
-13.03799,60,7174.936729,False,True,0.00040103428930489925,25.913307859260144
4.110669,1,7176.545691,True,True,0.0075962543422139405,10.477172639730718
-11.378273,60,7190.598318,False,True,0.01937657062084506,30.6790751776255
4.09587,6,7195.057617,True,True,0.0044274729190695175,9.825180005004608
-6.983831,60,7202.51042,False,False,0.015967928580561213,12.078457126269331
-13.946569,60,7214.878243,False,True,0.015307010449385504,26.46967033889952
0.598361,5,7216.828324,True,True,0.010401308260624801,13.492881997401936
-8.005391,60,7224.987199,False,True,0.0036035087747312167,27.523953325460845
3.633615,2,7226.371587,True,True,0.0026242951779689837,11.212047847649215
4.123242,1,7227.681648,True,True,0.004762838710762064,10.452530419827488
5.312113,3,7230.430302,True,True,0.0027874639487200223,8.280706122903169
7.62894,1,7231.739375,True,True,0.007104023578513744,4.128781786853804
1.092605,1,7232.986596,True,True,0.0031252565247874495,15.916516728064094
5.099323,7,7236.17519,True,True,0.0036166740850981996,9.015884317729697
-10.771311,60,7248.739523,False,True,0.0029453907451767024,21.006215174615864
3.103784,1,7250.159933,True,True,0.0071827841008910015,12.292684124635272
3.522799,1,7251.720414,True,True,0.006831025403483756,11.536862577023097
-8.599684,60,7262.887431,False,True,0.003080012178190218,20.596060469799745
-10.275463,60,7274.480744,False,True,0.01688273717227245,30.578129563834192
0.2835,1,7275.917377,True,True,0.002397526575676449,17.37472365478519
2.802311,6,7280.401755,True,True,0.007350115692924419,10.599522990587754
-5.070503,55,7291.419847,True,True,7.138542625892679e-05,9.359047485472848
5.794351,2,7292.98033,True,True,0.009119024236965536,7.3117505892627594
2.376179,1,7294.316812,True,True,0.006990726004147702,13.604505810179932
7.476325,2,7296.881849,True,True,0.004842666184877475,4.2606029494747935
-0.254657,5,7298.346986,True,True,0.0019663247012743235,15.93298977626366
3.156456,1,7299.564153,True,True,0.009651204196731065,12.199185739482541
1.794344,8,7302.176301,True,True,0.004480923729940635,12.27203050622218
2.294878,1,7303.461834,True,True,0.0005885912029307688,13.747238698667035
-17.13471,60,7310.122499,False,True,0.026644093674084296,23.62792064540325
-14.966917,60,7315.861974,False,True,0.005141097137627556,33.58112344645241
-5.895,20,7317.805047,True,True,0.0034367780641999597,16.06179452006274
-14.454031,60,7326.759938,False,True,0.0012695936585971554,34.4750501450938
-16.652798,60,7341.505885,False,True,0.026150463587692754,25.13474731261748
0.176453,3,7342.885785,True,True,0.004708610753933408,17.661207590556803
-1.298099,9,7344.474455,True,True,0.006645025900261923,14.812473093631178
-11.540163,60,7363.52606,False,True,0.0147594776851415,41.118275381571884
7.412084,5,7366.8295,True,True,0.009328137563169924,4.688112931327013
-11.22798,60,7381.054685,False,True,0.04308336554779864,44.224902202588886
-11.101578,60,7393.824131,False,True,0.033255913019611665,43.861878905442246
0.457443,12,7395.637625,True,True,0.008830393199373962,11.361686886816196
5.874297,4,7397.081645,True,True,0.0003897012704111736,6.15932180575629
-8.669203,60,7409.698814,False,True,0.0032424399714843025,29.26326010090215
-12.551413,60,7420.872327,False,True,0.014084664974145348,20.66493137741807
3.672399,2,7422.314909,True,True,0.007709354544669638,11.145145332785189
-9.851911,60,7443.343667,False,True,0.008655857871098006,25.549384287501255
1.559086,1,7444.594303,True,True,0.006228366510779444,15.077203857272997
3.09368,2,7445.904643,True,True,0.0032185181024792404,12.012354080531933
2.920046,1,7447.21533,True,True,0.000431244938320325,12.619661532541308
-7.750778,37,7455.801525,True,True,0.010399459713655222,13.771824127726635
4.403095,8,7458.651341,True,True,0.0019798992024626515,9.124795500031569
7.06268,2,7460.044762,True,True,0.004985319960459501,5.8842787127707865
2.424521,2,7461.339367,True,True,0.0002940968545772837,11.408171141974183
3.095745,2,7462.601635,True,True,0.004137731799104369,12.18240383220357
-28.780317,60,7474.99785,False,True,0.01867717009195438,20.871270519297074
4.775289,1,7476.586415,True,True,0.00899543357900061,9.279425430936906
-12.232071,60,7492.327599,False,True,0.000657283250506277,32.30491159282796
-13.045059,60,7516.343458,False,True,0.01426210742300334,17.131742460721583
0.993488,3,7519.247987,True,True,0.009359210649512728,14.742536694440142
-6.478457,60,7543.337985,False,False,0.009751506449764396,23.683991641213794
6.104118,2,7545.337552,True,True,0.0064308898637252835,4.926657162061762
-6.768985,19,7549.901654,True,True,0.0019747287242543655,16.335641617101615
-9.456139,60,7562.189524,False,True,0.011888359882787435,17.14441336542588
-21.994023,60,7575.145416,False,True,0.009276068002521402,18.935113814679717
5.9387,3,7576.670288,True,True,0.004741693126507213,7.0967962457138976
2.155529,4,7578.055624,True,True,0.003927894595331914,13.488928304680352
-12.885048,60,7587.779514,False,True,0.008888825572558063,32.517501783132744
8.060386,4,7589.047464,True,True,0.01001456888112959,3.2490610337199484
7.437595,3,7590.257476,True,True,0.005196969713578756,6.167131946098867
8.615002,2,7591.68551,True,True,9.93037890209417e-05,3.5336563349928554
-9.904191,60,7605.12069,False,True,0.040958250431994116,16.720007735895987
2.495147,9,7606.874384,True,True,0.00972328635267594,12.490511095188955
9.032979,3,7608.577019,True,True,1.981360657262593e-06,1.6996971995605168
2.428975,1,7610.221687,True,True,0.004642195988409835,13.507941455428247
-20.174073,60,7625.945651,False,True,0.030044801159459587,26.324551961332357
2.225757,41,7633.478242,True,True,0.0022725192673784993,6.499616107494757
1.653509,1,7634.869416,True,True,0.005241859172644312,14.906446363940084
2.688514,3,7636.232658,True,True,0.002191089122389304,11.45062003635033
-10.697428,60,7644.049139,False,True,0.021935627487209227,84.58166840500728
3.497598,7,7645.856358,True,True,0.001918783940472746,11.378139980252737
-18.665484,60,7656.537621,False,True,0.004948719689849196,19.230321755263084
0.981395,2,7657.802953,True,True,0.005472088151186733,15.762063797221652
-1.342494,4,7659.193177,True,True,0.005518060534928587,13.491103278773641
-10.512726,60,7672.523443,False,True,0.0054408408048284215,25.2255438665061
6.054937,3,7673.938995,True,True,0.00382887162100234,6.9433341188607445
-11.29235,60,7686.824358,False,True,0.022507953578864395,34.55829637240111
-10.041148,60,7698.914878,False,True,0.03165072693410527,69.48132969794975
-9.211927,60,7714.187566,False,True,0.011763794327155732,14.049046877938721
2.59513,1,7715.463801,True,True,0.004129952344944315,13.208022496997293
6.047545,37,7719.07872,True,True,0.008079509269055454,5.434362576082121
5.069654,5,7720.489036,True,True,0.00040351232229312965,6.455574354776485
-6.210987,60,7732.872174,False,False,0.005454696885715092,86.25890459882382
3.356159,1,7734.141723,True,True,0.002380751135963655,11.834428254659516
7.415347,2,7735.518368,True,True,0.0050797664190548155,3.9889842733841494
0.328969,2,7736.795099,True,True,0.002786171807678905,17.31102799678381
-6.422506,60,7749.533597,False,False,0.01617774089394045,84.24854464371316
-16.736567,60,7764.194093,False,True,0.018787414004579894,4.541274507311259
5.029787,1,7766.00723,True,True,0.004818319461547676,8.817236601075303
3.70233,3,7768.03845,True,True,0.0007066050094288608,10.890312031087145
-10.998889,60,7784.224942,False,True,0.006945897243661619,59.9775006069862
-16.99998,60,7813.447087,False,True,0.016695760562490572,85.25673472968036
3.81541,2,7815.369236,True,True,0.005154077700393547,9.060351788777632
8.542168,5,7816.953489,True,True,0.0025645329349947323,2.150354558944559
7.363136,1,7818.5764,True,True,5.945287198270716e-05,4.601330050969143
4.51597,1,7821.237587,True,True,0.004912847814483557,9.744231599902568
-18.91497,60,7832.3411,False,True,0.0238557180396962,43.50277841200135
-14.805237,60,7853.155811,False,True,0.021663068482326655,21.32235586910757
-0.841804,15,7856.959268,True,True,0.0023111733331135807,16.79667868173605
3.138751,1,7858.490538,True,True,0.0001554518879861369,12.225003239459431
-10.439017,60,7871.919609,False,True,0.021874833628194482,8.802802975643285
1.888852,7,7877.90321,True,True,0.005628180685899844,14.307751358051117
-12.068984,60,7895.341621,False,True,0.02923049588411066,31.710114745288912
-8.330016,60,7908.291474,False,False,3.828882915571765e-05,13.257254355874135
4.003418,2,7909.932462,True,True,0.004624227928477828,10.90730213819046
-12.625704,60,7920.639438,False,True,0.004090168122345595,27.783083020842394
8.520502,2,7922.16631,True,True,0.002386108486521746,4.614704307859326
5.635508,1,7923.947417,True,True,0.008444553306453452,7.727294084420214
7.461941,4,7925.689342,True,True,0.009570016682256708,5.908389787647134
-1.438791,9,7928.917571,True,True,0.011316944904130726,11.389304051267779
-14.254117,60,7942.594098,False,True,0.026230293897467578,26.868185377058328
1.90117,4,7944.42994,True,True,0.0008314582484669438,14.650142074786153
-5.676563,60,7954.468746,False,False,0.011847333030208067,7.005570056552803
-4.025538,6,7956.391235,True,True,0.002465519387152234,17.713574672282434
1.101357,6,7959.776775,True,True,0.007002353466820405,12.508995633586897
7.273479,8,7963.35435,True,True,0.004723213356577224,4.206864036466945
-11.018255,60,7973.830552,False,True,0.01121711604209843,25.19224116621561
-0.054451,3,7975.975538,True,True,0.003064489626696763,17.41102008122734
2.074072,24,7984.823321,True,True,0.0026043870318962136,11.118593659726276
-12.089036,60,7996.115175,False,True,0.015748509534302266,11.331090229090853
2.527699,2,7997.801827,True,True,0.00872335746673383,13.275897245613704
0.816169,2,7999.803331,True,True,0.001481750264714773,16.170732679904734
1.976347,2,8001.491427,True,True,0.009513720875824149,13.802416237407412
3.093402,1,8003.517237,True,True,0.005181848190800977,12.310159871103316
-6.02399,60,8028.67488,False,False,0.0024221615814704533,6.656018865137883
0.365858,1,8030.487688,True,True,0.011075796619335243,17.230282892828885
-5.987187,16,8034.700728,True,True,0.007948382864186775,17.25397614104919
-14.577277,60,8047.50173,False,True,0.013487114040645442,59.66664324010666
-6.705697,60,8064.144932,False,False,0.0198626619634146,54.91765932825297
-5.6449,60,8081.095894,False,False,0.004478136532084974,14.394202653364458
0.501038,1,8083.207801,True,True,0.006092406833257892,16.984401533746553
-11.265158,60,8099.7594,False,True,0.0030039261376330196,55.288999949277425
1.511323,3,8101.758861,True,True,0.008815351132865913,14.93391347693457
3.255827,1,8103.306959,True,True,0.008393749949583347,12.019260189879711
5.603524,2,8105.172771,True,True,0.004857049772917593,9.130527201575878
0.387957,9,8107.201411,True,True,0.00015392262788728982,15.857066576782934
-10.605466,60,8122.68197,False,True,0.002556059467551996,57.91715392669262
5.874612,1,8124.143466,True,True,0.00900978796430878,7.296367843402471
8.193759,5,8125.751369,True,True,0.004961077299798845,4.5286719627199
10.012002,6,8127.323685,True,True,0.00018878426025370357,2.2896639818477955
1.792715,1,8129.079072,True,True,0.004748824268718444,14.655199820728004
-12.234732,60,8142.47731,False,True,0.019052525634930075,17.015266836522926
3.690406,10,8146.450817,True,True,0.009638436074060706,8.832278659637115
0.655877,8,8148.373376,True,True,0.0024014870100165352,13.716794991354789
5.547604,2,8149.70248,True,True,0.0005169800639439857,7.6105462765551835
-8.333263,60,8160.533791,False,True,0.012394834792712254,23.289774483961484
-14.996985,60,8168.39315,False,True,0.047538025715065046,31.15025151494246
-6.506436,60,8176.762962,False,False,0.0016388628169100167,4.754887307205915
-6.113394,60,8187.518065,False,False,0.014541843335795591,66.20850285150244
4.836365,2,8188.893821,True,True,0.002705695045718033,9.03389257241013
3.097876,3,8190.205047,True,True,0.004518814390118628,12.060273817529296
-9.790601,60,8199.678345,False,True,0.04564165041272956,17.38447785324587
-7.600853,60,8209.722677,False,False,0.013093969190880936,13.596190443120038
-7.809576,60,8217.752881,False,True,0.008300732654842642,4.269756147381716
-9.052538,60,8228.298986,False,True,0.05363900631473807,23.392783650487225
-11.244991,60,8240.135967,False,True,0.005755646219782829,51.4001608524283
-12.273809,60,8250.343969,False,True,0.03081555268887541,17.118375344372645
0.438883,14,8254.614851,True,True,0.0002930539878628416,15.422699412816726
6.393714,36,8268.030641,True,True,0.007070430992953019,1.5402672938098765
-7.729916,60,8276.049764,False,False,0.00669111964380847,23.771868756786155
8.425294,3,8278.510014,True,True,0.001960922623366399,2.7051989680576796
2.6558,1,8280.820305,True,True,0.003875987074934511,13.098462443061381
2.505437,41,8289.258335,True,True,0.001150616809594945,7.872362271160358
2.351667,4,8290.513052,True,True,0.000492581736083339,13.326381262282155
2.973112,6,8292.93883,True,True,0.0004487832398981772,12.133909326167153
9.600062,5,8296.918862,True,True,0.007492037094743186,2.5061762515009227
-10.13791,60,8304.960275,False,True,0.012080897635801629,11.44863196968483
1.609514,40,8310.891734,True,True,0.0015538460595064234,10.480813285040515
-10.643419,60,8317.859784,False,True,0.0173381437384408,3.4687736469985695
-6.015575,60,8335.085829,False,False,0.04016126901707219,11.520325217977899
-16.925449,60,8343.044437,False,True,0.0005737027785490895,36.28846619919533
-12.536555,60,8351.818348,False,True,0.035964470171808156,66.6715682937876
-17.100727,60,8360.791282,False,True,0.025637515033835056,31.395782576479213
0.730342,3,8362.089548,True,True,0.011269912074527743,16.410901614379895
3.528101,1,8363.293513,True,True,0.005001456783744643,11.526101228042762
4.31688,1,8364.602304,True,True,0.011992779138097983,10.108155307066712
-11.819375,60,8374.440273,False,True,0.03159239988554771,17.23774010847819
-8.327544,60,8382.784404,False,True,0.013033281099903989,60.14972973300653
-1.858383,11,8384.307318,True,True,0.009703438312739104,17.728121609634997
0.576554,2,8385.578735,True,True,0.007703101665052841,16.56904991132102
5.829534,4,8386.974161,True,True,0.0026703019979273874,8.680076812771292
-6.352526,60,8408.992443,False,False,0.012203745296733301,16.553813498477194
-14.825248,60,8417.328042,False,True,0.004870951580699254,21.58855894601134
-10.20209,60,8432.276448,False,True,0.0044782039270783135,27.84637202214467
-14.722678,60,8442.628484,False,True,0.022341572848013528,85.99861910121116
0.871826,1,8444.057585,True,True,0.0009236092308858371,16.313352401293344
5.418236,4,8445.461553,True,True,0.009121649078302714,9.927861544999715
-11.115195,60,8453.590847,False,True,0.021501443854418142,25.732960976367252
1.865104,5,8455.189848,True,True,0.00965685478304544,13.705095527117953
-8.476725,60,8465.828059,False,False,0.02595901111076928,9.696349700846183
4.561232,2,8467.056071,True,True,0.004767537835561957,9.23637175443906
0.330441,14,8468.668505,True,True,0.001904731429693155,15.500391303066827
-7.97365,60,8482.117089,False,True,0.02949754518487227,44.482380133384
-7.101239,60,8492.498931,False,False,0.021076900821291225,43.491986575913664
4.690346,2,8493.776991,True,True,0.005398146743518118,9.418261394893051
-8.157188,12,8496.57792,True,True,0.0006844529124892841,13.919578511351066
-14.599553,60,8508.808692,False,True,0.01673254862113068,24.066067129540905
-1.951034,16,8510.569051,True,True,0.00020773645591561259,17.22494374962774
1.880023,1,8511.757844,True,True,0.007730715843033777,14.499423040773143
1.108087,2,8513.0397,True,True,4.3618902587083674e-10,16.12841628013468
3.851488,2,8514.425227,True,True,0.006279783807978144,10.412342052028713
-9.314533,60,8526.355975,False,True,0.01209778724120351,11.82402026640515
1.233151,4,8527.720068,True,True,0.0028447602967929114,15.308670579841518
-19.320218,60,8541.732768,False,True,0.03213401935157669,15.389852081920536
-8.986121,60,8553.130649,False,True,0.02602313690408572,25.10864290153768
3.44648,4,8555.879714,True,True,0.004161818092211488,10.89075940867088
9.754229,2,8559.021126,True,True,5.361450228892964e-07,0.6924604851134293
1.581405,2,8563.79325,True,True,0.007121625099305766,14.88583422859808
-16.54671,60,8581.05397,False,True,0.023215844776595822,15.256468871960578
-9.997928,60,8597.109477,False,True,0.02798764297530712,54.39435168965594
-0.055793,10,8600.199751,True,True,0.0026484925415942795,14.212062222344764
1.521501,7,8602.021277,True,True,0.008712967523451288,12.493387101953235
0.088833,1,8603.376538,True,True,0.00835950616751503,17.728384113252012
-2.317634,37,8613.644386,True,True,0.003060015004226667,16.74808814954778
-16.977395,60,8625.573111,False,True,0.013884264241673053,5.386951396718369
-8.180549,60,8643.582107,False,True,0.010104682366677793,62.309964703644916
3.866798,1,8645.031913,True,True,0.0008355510804452012,10.912234117607092
0.917638,3,8646.564697,True,True,0.004189897815469082,16.801142650071732
0.488961,1,8647.756819,True,True,0.005173812615979597,17.005731769589786
-22.827996,60,8656.847132,False,True,0.023496689585130393,33.15694279154853
-11.381411,32,8665.088711,True,True,0.004718749823525775,17.591654650343596
-10.114135,60,8677.731369,False,True,0.012125951177162142,35.600222909393835
2.416846,7,8680.85157,True,True,0.010181266455211165,14.590169399792192
2.195411,5,8682.369504,True,True,0.0032834734571097826,13.152561232095564
1.516068,3,8683.826688,True,True,0.009903292718519873,15.022204986380336
9.842388,3,8686.500036,True,True,0.004272990830013901,2.691412099966276
-9.445418,60,8701.434093,False,True,0.00376777450855716,7.122481373307178
4.389078,17,8704.642535,True,True,0.008608233624924352,6.7536180682933535
2.408071,9,8706.34891,True,True,0.0016116409129617853,10.474932027115166
-1.097903,19,8708.411719,True,True,0.002495664890518741,16.175754011249044
-2.00339,18,8714.493686,True,True,0.010373457058986,13.303679633549251
1.726318,21,8719.379349,True,True,0.00020824554921286022,13.580982768525697
5.937514,1,8720.871523,True,True,0.004532714820186006,7.179166315370513
-8.359228,60,8732.318575,False,True,0.004294052796784327,16.857972619215293
5.523212,1,8733.67903,True,True,0.0020281076752611095,7.924617279732687
1.874572,20,8736.012967,True,True,0.002075224935282503,10.511406138077795
-11.799111,60,8750.899363,False,True,0.03074713001391796,7.936229360584186
-10.549792,60,8760.710424,False,True,0.02527079142105406,38.050985146851275
2.742174,9,8763.523785,True,True,0.0030525259812896194,12.615916043757199
2.263383,1,8764.968464,True,True,0.0065656822990920755,13.807633008110013
1.63616,1,8766.283945,True,True,0.01186725735223361,14.941103162813466
-15.889864,60,8776.543193,False,True,0.0074909179156138345,12.213598451039056
-12.923465,60,8786.490979,False,True,0.017032496526045448,31.412822937562677
0.77006,3,8787.826367,True,True,0.002356242724376236,16.408971156076003
4.09155,3,8791.108246,True,True,0.009091363082182266,10.786041869396136
3.115671,1,8792.445469,True,True,0.011814179212344891,12.273955887236381
2.205553,4,8793.980897,True,True,0.005412953578998447,13.641704893054339
3.348109,1,8795.341383,True,True,0.002403805667029405,11.84896316865015
-1.162063,5,8796.830171,True,True,0.004662075932962624,16.90947751496891
1.610337,1,8798.145554,True,True,0.005687384752265644,14.984519909205927
1.281966,21,8803.128319,True,True,0.009418110973530548,5.89500263667043
-15.881088,60,8814.087302,False,True,0.024199414446731113,14.065089444740847
-11.991507,60,8824.229611,False,True,0.015350678808828708,8.930966051389246
0.893375,2,8825.823614,True,True,0.00980289892696103,16.326042370907093
-8.498923,60,8841.488399,False,True,0.0002593389818286052,18.2341874907525
-8.012125,60,8847.464148,False,True,0.02008673778332697,86.79444766185932
-10.005087,60,8852.477512,False,True,0.08498059509300074,73.28218358075695
-14.000523,60,8858.536935,False,True,0.12515542007040076,72.9392148228669
-10.004171,60,8863.86362,False,True,0.039633906335759056,86.27173692950745
-11.995101,60,8870.014524,False,True,0.015027724856782127,83.14078014249752
-7.871407,60,8875.02042,False,True,0.049973756865584695,77.77440926673852
-8.000628,60,8881.075468,False,True,0.08253014892123531,85.0992913994339
-10.002397,60,8886.213235,False,True,0.04944996349929552,85.45236822161851
-10.006391,60,8892.201324,False,True,0.061274925336207806,79.27094239467407
-6.003667,60,8897.465438,False,False,0.10236851299910316,83.65370616814037
-10.002783,60,8903.583902,False,True,0.07565755640138869,84.79204224621262
-6.007327,60,8908.777802,False,False,0.026531607811081433,87.34046935333215
-6.012378,60,8914.815135,False,False,0.005796567132060048,86.10836877346037
-7.996213,60,8920.0545,False,True,0.04516777487266386,67.33078676474103
-6.169811,60,8926.193475,False,False,0.027345989429894108,65.42464583555487
-6.005313,60,8931.28587,False,False,0.10546763854985708,88.78542081557003
-6.00247,60,8936.472393,False,False,0.06178187178786107,80.3114253096509
-8.006238,60,8942.499902,False,True,0.055089109477228754,88.47974190712692
-6.021447,60,8947.551641,False,False,0.0498716588644426,87.50956336772227
-5.997168,60,8953.570065,False,False,0.02207391290242604,79.89771406889373
-6.003943,60,8958.63348,False,False,0.08346314754540454,84.99438842489498
-6.000446,60,8964.701781,False,False,0.08587830718371425,77.72061582019352
-6.007292,60,8969.840598,False,False,0.058030439809562476,89.07620965719755
-6.006269,60,8976.007987,False,False,0.033714377164358086,85.786077625931
-6.001762,60,8981.034846,False,False,0.06594906996904701,80.04227216203226
-7.910677,60,8987.199523,False,True,0.02414879747368773,49.123698638950415
-8.007645,60,8992.482377,False,True,0.008615988289811735,77.79991584803311
-5.999441,60,8998.358459,False,False,0.08510051258699246,75.2617033553738
-5.98503,60,9003.559791,False,False,0.0016146132139693483,77.6825309141444
-5.999724,60,9009.707149,False,False,0.1497434818428738,73.48987442935818
-7.999977,60,9014.892529,False,True,0.04106865109306111,80.15594987324423
-6.006932,60,9020.003391,False,False,0.011086633160130279,83.7976883150223
-5.986412,60,9025.980855,False,False,0.11297296026524745,74.58483455915854
-5.916674,60,9031.056566,False,False,0.0203411863968692,80.48011677642795
-6.001891,60,9036.977355,False,False,0.08185651020237392,79.26928782168616
-6.00471,60,9042.121832,False,False,0.03467320039744968,86.15426353159442
-6.004919,60,9048.559944,False,False,0.03266707035667281,82.35934508670829
-6.003645,60,9053.60755,False,False,0.019806379388519042,80.3971963431579
-6.00233,60,9059.674395,False,False,0.08952957951689862,81.78473351385617
-5.997952,60,9066.513739,False,False,0.09781796944482235,69.3523771595846
-6.033308,60,9072.528726,False,False,0.03686156186270055,57.968851254094915
-5.976348,60,9078.354902,False,False,0.0658753731048747,56.47124593482196
-5.889402,60,9084.151368,False,False,0.025352105992386978,46.48946355691955
-5.997276,60,9090.73166,False,False,0.12742877742658051,64.25308388934154
-5.983553,60,9097.639463,False,False,0.0380978072673145,61.201668629153474
-5.998901,60,9103.47555,False,False,0.005247935449192099,74.61564296266233
-5.955682,60,9109.55255,False,False,0.026582186184011466,58.167664934426796
-5.967035,60,9114.776132,False,False,0.04427919072825058,57.91480768194872
-6.020979,60,9120.073192,False,False,0.023306993889298407,43.180476595040055
-5.890187,60,9129.818863,False,False,0.03192416296807285,43.42155115786199
-5.938463,60,9137.702105,False,False,0.009122353282554993,55.6261069723752
-5.687275,60,9145.247863,False,False,0.020436290561526117,44.95192002090501
-6.001809,60,9151.694942,False,False,0.08897027418503282,78.46753608672745
-5.954201,60,9158.001096,False,False,0.055730784967091385,46.48804659523475
-5.988908,60,9163.307264,False,False,0.04541767717226322,69.11445180952714
-5.969166,60,9169.491005,False,False,0.025680979682726222,60.110563862363065
-5.990047,60,9174.24093,False,False,0.09498968623266188,57.90958677171923
-5.292807,60,9179.614193,False,False,0.011021427534332355,22.059599594666885
-5.992328,60,9184.15104,False,False,0.13623917899605387,51.48308965231244
-5.98677,60,9189.637315,False,False,0.10453720795064089,55.0215798683498
-5.915277,60,9194.723552,False,False,0.036705164900336096,46.3252278594074
-5.951664,60,9200.669621,False,False,0.014980075460207454,58.11662974997585
-5.969967,60,9205.272864,False,False,0.08851536063884823,47.5147643521778
-5.802043,60,9210.260941,False,False,0.07686959480579801,33.3543168348864
-5.723069,60,9216.122643,False,False,0.04464434560240135,26.846324919930822
-5.968534,60,9221.994202,False,False,0.08680349013526738,46.416908839566176
-5.980003,60,9229.349548,False,False,0.1107697609167477,46.98329015653153
-5.917726,60,9234.745376,False,False,0.04079286526504117,45.302503391843665
-5.645498,60,9241.098561,False,False,0.04201193721185994,23.419546619684485
-5.990046,60,9245.711728,False,False,0.058210684345064545,64.9519519827508
-5.920515,60,9251.158013,False,False,0.1027350122541325,28.15844956265288
-5.959419,60,9255.902389,False,False,0.09905459943601248,55.1848259610692
-5.769925,60,9261.320805,False,False,0.004152705464099481,52.83096840184595
-5.973849,60,9265.75676,False,False,0.10715587054808155,42.18529541441955
-5.292705,60,9271.329494,False,False,0.006274128242432571,20.294280952541744
-5.914527,60,9276.495156,False,False,0.07406703175521967,34.750893852424305
-5.743826,60,9282.112482,False,False,0.05037808279522775,24.650453772759448
-5.837943,60,9286.754496,False,False,0.04723328047420412,32.49142232381178
-5.783499,60,9292.122591,False,False,0.07783162649833243,20.41652698367866
-7.987928,60,9296.735803,False,True,0.12440269343229403,45.04082768489717
-5.891471,60,9301.214662,False,False,0.04297247454061973,40.87223323944347
-5.83158,60,9306.706481,False,False,0.07002017790393991,26.551264939988865
-5.733669,60,9311.889944,False,False,0.022165096338641,35.00185489385884
-5.821653,60,9317.377888,False,False,0.0028513482898343736,54.939198135155024
-5.874424,60,9322.374431,False,False,0.04080051845241266,40.595781630789666
-5.75323,60,9327.932488,False,False,0.02755845829983998,33.38664556662068
-5.745458,60,9332.435249,False,False,0.04618742862929866,28.67484955744424
-5.849091,60,9337.907004,False,False,0.09946333137379745,18.47329829790495
-6.020616,60,9343.404569,False,False,0.08426253821907986,31.278785162343976
-5.825652,60,9349.250597,False,False,0.10967505059691003,13.079536257924207
-5.482733,60,9353.819158,False,False,0.01196871423266137,27.309722580408426
-5.813896,60,9359.559551,False,False,0.009603109054083082,42.30640291559348
-5.666291,60,9364.102591,False,False,0.014950400862067226,33.54749925075664
-5.930252,60,9369.73825,False,False,0.08435828494951422,36.598276580293856
-5.760576,60,9374.656568,False,False,0.04195195346221073,30.412258796586446
-5.955415,60,9380.921145,False,False,0.11565031677797012,32.88390205038683
-5.915976,60,9386.64488,False,False,0.08700466772950531,32.04600144045164
-5.971266,60,9391.573382,False,False,0.09412417429228416,47.64651417650471
-5.573726,60,9397.255202,False,False,0.029009538476795972,25.308701724698306
-5.841173,60,9401.866397,False,False,0.025938268654794545,40.89637402595745
-5.743389,60,9407.486204,False,False,0.016558171706822698,36.08299899788197
-5.8813,60,9412.018944,False,False,0.047347415003870186,38.28062766818215
-5.976112,60,9417.349981,False,False,0.08394070052657726,51.03142118029004
-5.940798,60,9421.882651,False,False,0.07556182108088547,40.81272702110377
-5.886371,60,9427.515261,False,False,0.04804611910340124,40.50683327068261
-5.928557,60,9432.014942,False,False,0.06627735950300141,40.83819571224031
-5.533987,60,9437.93027,False,False,0.00043754053883915574,33.11325006460782
-5.722072,60,9443.843248,False,False,0.03956063261534671,28.005153563713467
-5.922096,60,9450.809401,False,False,0.07951845055066295,31.810684337866075
-5.97138,60,9455.612801,False,False,0.12006064695820143,38.73416911250694
-5.429284,60,9461.100637,False,False,0.026771536634450838,18.67060663436802
-5.71606,60,9465.778597,False,False,0.055178550905081246,21.989226283770837
-5.932015,60,9470.480535,False,False,0.10732228595707173,26.483693769646987
-5.483652,60,9476.204464,False,False,0.0072593630438408715,29.15166681372946
-5.847923,60,9480.928241,False,False,0.09069349914919345,11.753240319172814
-5.867223,60,9486.516081,False,False,0.08495181508580477,24.88151133709309
-5.740324,60,9491.209427,False,False,0.0016543479542755497,34.748536737785265
-5.592326,60,9496.67783,False,False,0.037934385089818834,22.969053725267948
-5.876103,60,9501.24307,False,False,0.08152986285013994,33.878454852577036
-5.601429,60,9506.814806,False,False,0.04181813395328467,20.58780422743333
-5.955802,60,9511.432524,False,False,0.09454901394683007,39.00024444645938
-5.399779,60,9516.871325,False,False,0.038399950070774964,15.555712532268823
-5.468989,60,9521.618478,False,False,0.04589832464593466,13.926452943334755
-5.560149,60,9527.322965,False,False,0.0042394092604637595,32.73876755908893
-5.561586,60,9531.87624,False,False,0.0497440164645046,17.605011154147157
