#{"t_start": 1785309798.3548026, "env_id": "None"}
r,l,t,success,freeze_attempted,d_m,alpha_deg
4.593596,3,4.006535,True,True,0.0031169115997217826,9.404840800619953
-16.869587,60,15.55779,False,True,0.020998110389702503,68.93132057756371
3.711509,3,17.615838,True,True,5.392913372814778e-11,10.841645620234578
-19.47059,60,28.775286,False,True,0.011451530911645504,17.769422935400968
4.579235,3,30.673949,True,True,0.0024625775750159833,9.329952759809892
4.952846,8,31.99389,True,True,0.0005601588269704971,6.378315338134386
1.525969,14,35.47611,True,True,0.00466163336074776,9.826922986826391
2.208877,4,37.755392,True,True,6.129463807321225e-06,14.946521803757905
0.66661,10,40.028109,True,True,0.00227720637389629,12.469647394836036
7.459788,3,42.230442,True,True,1.1648439862389955e-05,4.175664679614468
5.739366,3,44.485775,True,True,0.00024275859868003614,7.392542496724602
-12.212351,60,57.047736,False,True,0.020085358705989948,23.729978673312676
-16.872737,60,66.187513,False,True,0.014948717003585403,24.676764348900846
-12.52892,60,72.229785,False,True,0.0025494230394597682,6.961859050882139
4.35321,10,77.789435,True,True,0.00016411066880515392,8.539382574927906
-1.966347,6,78.956091,True,True,0.0031811676157942545,16.6731335773889
4.79595,7,82.407093,True,True,0.002417118483855399,7.692030568698988
2.143221,2,84.491862,True,True,0.0001461132070093049,12.142486330527902
3.465588,3,85.501487,True,True,0.0027853976372130846,10.94578426644336
-15.455183,60,104.708783,False,True,0.020235601673870958,37.357231438483545
4.446655,20,110.452215,True,True,0.007443445989512314,6.958710553051786
-29.064228,60,122.622849,False,True,0.03148689835064026,19.759687569968612
9.809934,2,124.659908,True,True,0.000992971805470989,0.6549764599977134
-2.965887,30,133.923285,True,True,0.002385552142930557,14.810424938212702
1.602718,19,138.734299,True,True,8.751253525904161e-05,12.092696414621336
-1.805589,3,139.828318,True,True,0.004916936390936585,16.238249168710567
-2.465059,41,144.242743,True,True,0.004535789701794836,13.1136893840595
1.240228,6,147.66612,True,True,0.004758366503394162,14.183277849513711
6.038934,5,149.905261,True,True,0.0004308410820023055,6.712395747285113
7.643915,2,152.107298,True,True,0.005854897977507255,3.9592170928369526
3.727547,8,155.487733,True,True,0.008055531079242208,10.988494956696089
-18.278287,60,171.656184,False,True,0.012205659000326297,12.391552820538262
3.405544,2,174.02803,True,True,0.002149797562508186,11.213107829410193
-16.584289,60,182.856298,False,True,0.023411478780781265,25.094005589595323
2.237719,4,186.325145,True,True,0.003251995598476288,11.517124629333173
5.322204,2,187.350862,True,True,5.2279841518622274e-05,7.386656448076683
5.209616,2,188.505339,True,True,0.0024029409478811365,8.4703397164403
4.842288,2,189.706457,True,True,0.003488834223300232,9.408335653805421
-1.330448,27,201.867583,True,True,0.00956148938704261,8.337223935671936
6.777886,4,203.059959,True,True,0.00029711104827511445,5.6224746619480515
3.914402,4,204.268689,True,True,0.00272198639217728,10.436972487530506
-0.306728,5,206.477884,True,True,0.006509225122593939,17.910282230605375
-17.184202,60,217.797623,False,True,0.016222997311166776,20.81113358094049
-12.96257,60,230.188872,False,True,0.009101327518426305,35.71239543192006
-2.113698,23,239.340814,True,True,0.004980347472343445,16.992518539697517
6.082086,6,240.552055,True,True,0.0020334821339785614,4.44771821507435
3.872132,5,241.766597,True,True,0.006902030203641545,10.598338891554736
2.27555,10,243.178041,True,True,0.0025917738096476054,11.813781485054555
-19.812994,60,255.273897,False,True,0.036654023648202694,22.739980336919103
7.146587,4,256.457514,True,True,0.005384498784591541,5.0682554343771695
7.07269,1,257.575233,True,True,0.0028852617728235904,5.126876347567127
1.68115,1,258.621076,True,True,0.000620786008874853,14.853963467896353
4.76914,11,261.051338,True,True,0.0029855184805189384,6.357057849434418
5.274925,16,266.713838,True,True,0.002329438477612934,4.6961345983392615
4.304591,1,267.769147,True,True,2.000697931717893e-08,10.121779121253981
3.684893,1,268.813304,True,True,0.0003956163942080305,11.240047576115492
6.106068,5,272.252993,True,True,0.004552429346237109,6.386297515135068
7.331022,4,273.486622,True,True,0.0013101875836499435,3.960146153467665
0.510115,7,274.718688,True,True,0.006937762493038735,15.013119353785752
2.684107,4,277.095278,True,True,0.004869218698871168,12.929349727726754
7.371634,9,283.7436,True,True,0.004882635858449582,5.481767153611017
0.123243,5,284.96278,True,True,1.832200537121853e-11,16.65111838258327
9.066379,1,286.130416,True,True,6.638692320465496e-06,1.5246371876577656
4.757135,1,287.210924,True,True,0.004569154618605666,9.308923371666154
2.883926,7,290.566713,True,True,5.130502766868394e-07,9.854035643322424
5.856989,1,291.69315,True,True,5.088533005227725e-07,7.320391185113761
5.130097,16,294.232073,True,True,0.0043926502193555785,5.750218360884328
2.901716,12,296.673223,True,True,0.005956538108831583,9.402969547543925
5.424652,1,297.762969,True,True,0.004957636691672448,8.104935878018917
-6.757308,48,310.173477,True,True,0.009753799804838013,6.969410378241166
6.841152,3,312.321512,True,True,0.002815408045576095,5.320076174359525
-22.907332,60,325.46966,False,True,0.014421112364254677,10.043045192404504
4.240753,2,326.713122,True,True,0.0008160006846683523,9.724201185790575
9.179448,5,327.886139,True,True,2.633220852581294e-05,0.5410813630807705
8.80309,2,328.99011,True,True,0.00032389633584447696,1.4444807390683203
2.80397,11,331.569117,True,True,0.0025690752694506247,9.746943167052814
4.448351,3,332.734114,True,True,4.628805998002465e-05,9.601619593172664
0.905139,1,333.853453,True,True,0.005299957512930763,16.255597225507397
7.658875,3,337.068487,True,True,0.004891923500900688,3.869111161606103
3.795798,4,341.11955,True,True,1.5745316587004177e-09,10.743373408940426
7.5678,3,342.225218,True,True,0.01041087381915635,5.049350292857463
1.848919,30,354.697381,True,True,0.006167509773466796,10.552792903913565
-8.39016,14,360.276911,True,True,0.0041864752101797575,15.537221996705176
5.857096,3,361.554915,True,True,0.009777556951396243,6.848089678683317
6.590885,2,362.799909,True,True,0.009498504758877962,5.798451512731076
5.339959,5,364.932372,True,True,0.003011411577244767,7.468311739266436
5.037015,1,366.048453,True,True,0.001096325240435115,8.801160017720063
3.889071,8,369.275244,True,True,0.00495900922589716,11.504275353633993
3.967826,6,372.704811,True,True,0.0029317360892226812,9.999568487205137
8.001025,5,373.939269,True,True,0.002085010600610608,3.562940265078147
0.972978,5,375.150601,True,True,0.004301344180501225,15.934780248356013
1.159453,29,382.518693,True,True,0.01009162867165874,2.115069106149268
5.880241,3,384.838261,True,True,0.0022591829479045194,6.984354016432532
4.652662,1,385.83855,True,True,4.230574883468119e-10,9.493764064237945
2.523872,5,388.033937,True,True,0.0018098480853282395,13.090042642290523
2.921222,3,389.101334,True,True,6.854603690209515e-12,12.223404536908326
4.967431,1,390.224839,True,True,9.755792618923323e-05,8.9245496917486
0.146249,4,392.074769,True,True,0.005410306313265588,15.6975992296673
3.355669,3,394.049924,True,True,6.0176768803507294e-05,11.624153440304195
6.904104,5,396.41789,True,True,0.005051320843325421,4.208018425610234
-1.049788,9,400.999214,True,True,0.009736116287494781,16.376329277030855
0.902844,8,406.292452,True,True,0.0043906480516255585,14.924075058407993
7.600169,8,408.726599,True,True,0.004564929642734598,4.918659105429516
1.916538,10,412.325796,True,True,0.007748151726335562,13.648042674038502
3.103037,4,413.576208,True,True,0.0029543683797290353,12.070169992191696
4.352913,2,415.94595,True,True,0.0037602224285495575,9.834762189746947
8.138157,8,421.486319,True,True,0.00480149693532321,2.727789547533191
5.519452,7,424.07817,True,True,0.001218168387525369,7.12130350215295
8.277922,2,425.159438,True,True,1.2973012068132192e-05,2.34524111341606
3.896098,3,426.32476,True,True,0.004765676014625221,9.29336715974736
-28.125739,60,451.55989,False,True,0.022409768607134856,59.79574566557299
5.289337,9,454.90435,True,True,0.002018480014728359,5.533287001187474
-9.717685,39,465.609858,True,True,0.005194325872466518,17.64451584044197
3.490314,1,466.733834,True,True,0.0036692710953599023,11.593351577615818
7.174758,5,469.873851,True,True,0.004849921022617346,6.56293030615619
-23.584032,60,481.722036,False,True,0.006682475811097651,18.509280304000512
5.604097,2,482.855237,True,True,0.0003731702354837201,7.646212265128609
3.879617,1,483.967611,True,True,0.0044652426057271676,10.891746184538686
5.88563,5,485.278357,True,True,1.1669011553507025e-05,6.169616663057702
2.736732,15,492.885675,True,True,0.0023955091285448437,10.384941703376933
7.458967,2,493.983902,True,True,0.0014874585463925162,6.519283565332676
-20.100848,31,508.644524,True,True,0.0028993313389803514,15.765091072367516
2.207059,2,510.698026,True,True,0.0010105930307423737,13.80996659468176
-4.431164,20,520.719424,True,True,0.0029212871563325683,15.363797267025399
2.623994,3,523.064776,True,True,0.0051263096041958165,12.820284713663836
-10.146724,26,533.690932,True,True,0.007306417961733581,14.50464642048488
-19.700995,60,546.488355,False,True,0.011596346166724366,25.073163527930156
9.337234,4,548.702365,True,True,0.002407841943045332,0.9842730693086884
5.404844,7,550.131849,True,True,6.254024448612474e-05,6.990793668730596
2.683418,1,551.356815,True,True,0.0035796807008494046,13.048474229679664
2.187714,1,552.534977,True,True,0.00021764813940589392,13.940255894525967
0.967493,2,554.326887,True,True,0.0001121649580751085,16.152578908100168
-15.404218,60,577.215554,False,True,0.004485728689384887,22.097443905341372
6.242225,6,579.695325,True,True,1.1278501005457589e-05,4.839028285529672
1.064519,14,582.908845,True,True,0.009538490714542516,5.908958921454931
-12.754848,25,597.957018,True,True,0.002737671261906296,16.905640020555147
8.142241,1,599.106819,True,True,0.00030271290293995036,3.1937441549143424
-0.406249,5,601.406054,True,True,0.005288690860871035,14.88313166013173
3.74304,10,608.118956,True,True,0.00012923830475941069,10.01824756338945
5.663151,2,610.592512,True,True,0.004619684477587992,7.603197077422546
6.640952,1,611.641618,True,True,0.009539313860394489,5.914112538614425
5.345575,5,615.736444,True,True,0.00031316847627212326,8.595826358658304
3.474057,1,616.891294,True,True,0.004343190894829632,11.6231277991615
4.562627,1,618.767404,True,True,0.00015026491427168982,9.656341105132233
-40.618967,60,634.468537,False,True,0.014369202140471864,4.543539857710083
6.169716,7,636.959358,True,True,4.3999487998732864e-05,4.989925163473036
-25.654353,60,659.416273,False,True,0.001583796679878572,26.608073969641552
4.226426,1,660.51599,True,True,0.00025659028366222664,10.263005892419972
5.637277,1,661.648881,True,True,0.00020320962632739315,7.717130411098773
8.478727,4,662.838558,True,True,1.7970881565079554e-05,2.3794991922415076
1.704548,1,663.959935,True,True,0.002549850914345021,14.81291174466764
-3.043256,37,678.067354,True,True,0.0006633578904879358,1.0079959655094386
3.61331,5,681.513502,True,True,0.0027947935371228465,10.72681212943205
8.09785,9,684.007791,True,True,0.004708214574200748,2.558627813361116
8.152876,2,685.222167,True,True,5.9456036238483834e-05,3.024197863585789
3.986605,2,686.371242,True,True,3.278071893791923e-10,10.56623736307423
5.731614,2,687.4747,True,True,0.0016485816459012844,7.737434849015513
9.783522,3,688.542844,True,True,0.002276634789590468,2.0165312795474706
9.32358,1,689.623473,True,True,0.006421351376436478,1.0680484044370613
2.462662,12,691.022832,True,True,0.007012550795838975,11.698507651415825
1.094827,5,693.076453,True,True,0.00416132454985354,15.51507002808534
3.651568,6,696.076451,True,True,0.0051884588404749465,10.60431222092521
9.038871,2,697.735081,True,True,0.0004479078937581027,2.45921101611609
7.534322,3,700.275846,True,True,0.003199085685657869,4.0038084671865946
1.200299,4,701.964996,True,True,3.0027584875611663e-05,15.858915582660666
0.377712,1,703.435789,True,True,0.0006223477679925746,17.20090172724211
0.790982,5,708.790325,True,True,0.004855193562327515,15.785519129947074
3.131842,4,711.743373,True,True,0.006929567938574221,11.582236741346971
4.977995,4,714.34058,True,True,0.004781653271876436,8.54965095148728
2.113028,4,716.87525,True,True,0.004208774203154599,13.491201540522372
4.676712,6,719.660195,True,True,0.009128909117737732,6.772655028714812
3.624343,9,724.418128,True,True,0.009641687097652623,10.770070789371507
5.371784,2,725.504137,True,True,0.009730497402947104,7.362026674186661
6.095469,2,726.726754,True,True,0.004678489918842962,6.759657292582991
3.191913,8,730.473109,True,True,0.0041773688109775445,10.92767872360686
2.676719,3,731.689031,True,True,0.0019812166532159805,12.813391515557516
7.498572,2,732.906999,True,True,1.7461554572277722e-05,3.7956873851845674
-12.774313,60,750.48687,False,True,0.013985214332264795,69.1455716237148
-0.028253,7,753.970815,True,True,0.004082034186771692,17.060554043708603
5.447915,4,756.48044,True,True,0.0018602066988022317,5.498440813308343
3.65535,4,758.925114,True,True,0.00293445036810008,10.863325856972573
4.321953,1,760.300054,True,True,0.0030825180637752605,10.092852915353443
4.099066,11,762.215868,True,True,2.520121985537336e-05,7.080462339946831
5.006084,2,763.310154,True,True,0.0005714483079403221,8.72334582653228
2.358915,2,765.737393,True,True,0.01018300119706349,13.639841839159635
-3.365067,26,769.135846,True,True,0.000848258990678633,5.050222011258099
3.444818,2,770.812115,True,True,0.001239470632788571,11.547575423300968
-0.120988,4,772.229221,True,True,0.010213540343695062,16.963045729553983
7.667385,3,773.608335,True,True,0.00955639045700421,3.262360780833324
9.885083,1,774.687891,True,True,2.4581844502694745e-05,0.04344117080231133
3.299345,16,778.607661,True,True,0.00016242729900538743,8.58911990859075
5.860342,7,779.884287,True,True,7.464959252822926e-05,5.708350215692519
6.388535,10,782.519847,True,True,0.0015193522818145655,5.339941496537454
5.525317,2,784.895967,True,True,0.0017415338681231862,8.446600903119343
0.844351,9,793.470925,True,True,0.009400491273013463,14.363867852081857
4.348575,3,794.832833,True,True,0.0015503013260417748,9.511779497975573
1.98508,1,795.900332,True,True,0.005010759414275553,14.308524096618383
4.620162,2,797.022198,True,True,0.00474899322471245,8.710701892015463
-24.280943,60,818.910052,False,True,0.011494337719452326,69.10904552576761
1.46434,5,820.177683,True,True,0.006820751396328727,14.539434507421642
6.724817,10,824.874424,True,True,0.0004463972108111995,3.744630204029175
2.277545,8,827.277086,True,True,0.0014958093802674398,13.011924800091151
3.224103,3,828.451388,True,True,0.000454700541599979,11.756786453982112
4.016393,10,829.887034,True,True,0.0061860484463046594,9.147770113050727
6.270037,1,831.250416,True,True,0.00012177974526304,6.5749389448361635
5.222823,8,840.054951,True,True,0.00462354445279525,5.592784159665077
3.742572,1,841.165304,True,True,1.2203091627471796e-09,11.135702521794807
-31.07768,60,859.100373,False,True,0.0046978984583941645,28.4777264090495
2.812097,2,860.473012,True,True,0.004969767819040086,12.491376696138113
6.683545,4,861.766963,True,True,0.004706026942282136,4.332703121241441
1.771427,1,863.114675,True,True,0.0005962776501427479,14.691165632226964
1.748176,2,864.431334,True,True,3.2965975782506263e-10,14.611739800715792
-31.378986,60,882.726179,False,True,0.011262343385179122,33.223735481189124
1.112925,10,884.10476,True,True,0.007851983032617237,13.001370613213046
5.793844,2,885.442292,True,True,0.009086001065485856,6.881509443939989
0.18961,3,886.627601,True,True,0.0024866587986487583,16.76531147300495
1.12445,7,890.220954,True,True,0.002336198787955762,8.401352185437888
6.988057,27,907.446424,True,True,0.00428193704653927,2.3968178679859355
9.568752,2,908.753069,True,True,0.0002815624366751682,0.45681007068849194
4.503911,1,910.036614,True,True,0.005351904571827369,9.766309144934077
7.582125,2,911.275137,True,True,3.544580366278069e-05,4.340229029561306
4.907796,2,912.38279,True,True,0.00818653723089265,8.708175195703344
6.320578,2,913.500199,True,True,4.8851942543969126e-05,6.687037230577183
7.494969,3,915.750208,True,True,2.8156113846726852e-05,3.490930102988889
2.957932,4,916.968754,True,True,0.004220235334859859,11.34092411464529
7.382861,1,918.02539,True,True,3.261566578512034e-05,4.565681435100987
7.417682,7,921.678782,True,True,0.004729777044610999,4.3608607303420825
6.34291,1,922.878356,True,True,0.000172430822366643,6.44344041888987
5.301308,1,923.983565,True,True,0.0053104388616654835,8.327761004187423
0.359973,4,925.43295,True,True,0.002444281861806355,16.67991851376769
5.71221,5,927.961643,True,True,0.0004693634409048261,6.755687361875714
8.01235,6,929.320694,True,True,0.00011208064956208736,2.1733988164261375
3.630982,4,931.71387,True,True,0.004584215766399078,10.450563854059816
2.854917,2,933.145092,True,True,0.008351704171618618,12.682276061311526
8.279487,1,934.54755,True,True,0.00036650203724419416,2.946708682965168
1.144999,1,935.756372,True,True,0.004246656463323508,15.822657758326663
1.764726,2,938.858041,True,True,0.004731856654993287,14.58742879595034
5.623091,4,944.018596,True,True,1.636248943808448e-05,7.105145202523597
5.334136,5,945.931345,True,True,0.001960001855117989,5.951697686253008
4.831235,7,952.226553,True,True,0.001043869625195184,6.379067049098568
9.598019,2,953.724244,True,True,2.448611708734394e-06,0.5586268718829597
2.856959,1,954.854124,True,True,0.003920677024205067,12.735741796234217
3.475106,1,955.970814,True,True,7.438756476481952e-06,11.618189464431705
4.021175,1,957.301778,True,True,0.0021557689594358196,10.634739009388987
-25.367436,60,971.460961,False,True,0.014311937468527214,50.57553764574496
6.527345,4,974.05286,True,True,0.004585316246749393,5.006383996284111
8.640081,1,975.345328,True,True,0.004941815834510921,2.3008010300792896
3.714603,1,976.745062,True,True,0.0006707834359020205,11.186658458842283
6.967175,2,977.828813,True,True,0.0024156926514546932,4.359165062004979
0.67193,7,982.798199,True,True,0.004855017015479808,15.95968011066866
9.36501,4,984.314696,True,True,0.0004622252452955245,0.4250905660837233
6.991334,5,986.894495,True,True,0.0019191430430446875,7.899910719559555
-41.905388,60,1021.718367,False,True,0.03052401095428737,16.919738653067235
3.934538,3,1022.992778,True,True,0.004758296995858649,10.551889302378711
1.310984,14,1029.517922,True,True,0.004970988870975782,6.791206896456739
1.810818,3,1030.903135,True,True,0.0009582395952530548,13.970412451452072
4.619941,2,1032.20823,True,True,0.0043970459493030125,9.85949059571158
6.055197,2,1035.105507,True,True,0.0002801900615182302,5.921091289841686
3.485905,18,1042.193135,True,True,0.011166837379371918,9.778412477407933
4.748448,8,1043.786265,True,True,5.955955518440338e-05,8.679510820778745
8.456895,2,1045.078208,True,True,2.1591704973700568e-05,2.6618207591377754
4.952293,10,1048.998199,True,True,1.3627321503370364e-05,6.543884728133752
5.476243,3,1050.205501,True,True,0.004599953815225639,7.431812943844568
3.038119,9,1055.340295,True,True,0.0037462354783484655,10.561639156234119
-27.602811,60,1089.340937,False,True,0.02623842545662186,28.925484183878044
7.061777,6,1091.945595,True,True,0.004697701890903719,4.056029919492176
5.413941,9,1097.227116,True,True,0.005065040705551677,6.004745727001692
-23.719084,60,1119.506071,False,True,0.022650538872189038,15.556085036583054
1.786079,1,1120.834996,True,True,0.0003566229048587964,14.664598541215094
-3.4436,17,1128.551008,True,True,0.0027268273426071235,14.879877710824664
4.715445,8,1135.377241,True,True,0.009596163346761019,6.810814229476534
3.788624,1,1136.784498,True,True,0.0004945171315903349,11.052999548034053
2.825706,5,1141.923436,True,True,0.00021510523627720152,12.060108753806334
4.064292,16,1156.035971,True,True,0.002038334633283883,8.126989537360737
9.743384,1,1157.250378,True,True,0.0012735461626538548,0.30294543979857896
7.163467,1,1158.387852,True,True,0.0065010604973630886,4.968408666384174
8.584193,1,1159.712922,True,True,0.0001250156082209311,2.395978042716475
-0.44188,6,1163.637,True,True,0.009265666445106081,15.210155653181591
0.56734,4,1166.060369,True,True,0.0037526962204208775,16.087095790850164
-3.154953,14,1175.608799,True,True,0.004727053414591132,11.119881839775354
5.111183,2,1178.184981,True,True,0.00018349996751326801,8.601999170958447
-11.813565,23,1193.618488,True,True,0.009978142702257702,17.078907805362157
3.788925,6,1196.33116,True,True,0.004229352463493488,9.198795791688783
7.823222,3,1197.645155,True,True,2.6535392273095357e-06,2.502786240341033
7.579887,2,1198.921927,True,True,3.03155419701176e-06,4.75532703647192
1.049854,1,1200.118207,True,True,0.0032933973159875837,15.993678747810073
6.761953,2,1201.411971,True,True,9.945320450030059e-05,5.543510094500808
4.674471,5,1203.969543,True,True,0.0002421348821666303,8.95092472275865
6.233032,2,1205.367778,True,True,0.004465545418668339,6.51036856421792
0.783176,3,1206.702363,True,True,0.0033763890799859333,16.14300846689266
3.227343,1,1207.990986,True,True,7.337622422859402e-09,12.065097767454596
7.356157,3,1209.350426,True,True,0.0009067894835364385,4.761019934042061
0.102551,25,1220.974618,True,True,0.0025373415082013983,13.407987023373138
6.808033,11,1228.574996,True,True,0.005382400993946615,7.0027128827299165
7.145348,9,1235.343663,True,True,0.008766702616253065,4.1917729164023125
2.624433,1,1236.572889,True,True,4.7908968459076107e-11,13.15252187071599
-33.062849,60,1260.129177,False,True,0.033560046965052014,23.60087955978852
7.630477,1,1261.44955,True,True,5.16502871770368e-05,4.118539740116246
5.967715,1,1262.795164,True,True,0.0012699068653766639,7.121729665635908
10.424921,2,1265.263663,True,True,0.0009809869001667498,0.0414061979785011
4.995632,1,1266.592678,True,True,0.011769100479285139,8.883927152810438
7.721603,1,1267.972445,True,True,0.004732281498044947,3.9590910646814845
2.58883,8,1271.779537,True,True,0.0018406824311629558,12.015071459018772
1.470387,2,1273.130674,True,True,0.006324220053307159,14.889302855566138
7.958929,1,1274.310644,True,True,0.00012348296932368844,3.5254233891197333
5.720525,2,1275.759598,True,True,0.0025049169722882207,5.9140860207271055
9.059189,2,1277.076173,True,True,0.00018745265027398338,1.874304349748078
1.349652,11,1286.28315,True,True,0.007222371521796754,12.227722942401149
-2.180805,23,1304.651405,True,True,0.0009564147825078246,10.26377887999761
2.748017,3,1308.32672,True,True,0.0014327772306024292,12.52788876438905
4.632757,7,1314.267622,True,True,3.538139432318057e-05,6.797757890051403
-26.198279,55,1355.329448,True,True,0.008975364169358842,16.50840938547482
6.555333,3,1356.752168,True,True,0.0008556436432502392,4.642053545359502
2.111528,6,1364.322831,True,True,0.002966991414557857,12.930927472692217
5.402813,1,1365.838068,True,True,1.2602023617973475e-06,8.140098214236636
8.284521,1,1367.22417,True,True,3.9613836731256305e-06,2.937176303300308
-1.993846,7,1371.329293,True,True,0.0020141568705727636,17.902518311654926
-20.008573,53,1404.335789,True,True,0.004555979330142512,17.258087607293795
6.978355,6,1410.535675,True,True,0.004573499434096623,5.772808703316129
-2.453627,8,1415.674307,True,True,0.004445257237536167,17.116338987795043
5.831377,1,1417.009366,True,True,2.0653263256873583e-05,7.366637069123362
6.689772,2,1418.485055,True,True,0.004729178926417862,5.564272868468342
-0.30734,2,1419.732094,True,True,0.0006029185250210033,17.892150993603988
-13.244878,18,1430.91289,True,True,0.010421462888234477,17.770717481153724
10.994474,9,1434.877052,True,True,0.00019207983800293912,1.3129953901308755
6.915983,1,1436.191156,True,True,2.238392103354886e-05,5.408691803148803
1.758809,5,1437.553468,True,True,0.009649232655641854,14.385752078647295
3.295226,1,1438.811672,True,True,2.6971023002108664e-05,11.942672040825215
9.501613,1,1439.917511,True,True,0.002425685185656253,0.7414011872716738
1.602712,3,1441.143943,True,True,0.0047769609402099,14.610066917266018
3.57557,3,1442.527623,True,True,0.004832787958586223,11.700936509863274
-28.140181,60,1465.515952,False,True,0.01669564673953504,45.58633322362427
8.845146,1,1466.900138,True,True,7.64272975913808e-06,1.9243726242042731
6.695029,1,1467.979625,True,True,0.0029766875293979773,5.8105678492078505
0.827289,7,1475.901272,True,True,0.0024152927974397786,14.990485858313821
8.610154,1,1477.267223,True,True,0.0001772291321269102,2.3491414916118507
5.099596,1,1478.577714,True,True,0.004982704717830462,8.686972354866993
3.462401,2,1481.313164,True,True,0.00324493653578695,11.29539116358544
4.881878,13,1492.761343,True,True,0.00010218826077087063,5.515740167516872
3.613204,5,1496.630824,True,True,0.0002697924184211593,9.675880764677721
4.440218,2,1499.334267,True,True,0.00023912254240733045,9.47028170514963
8.965229,2,1502.017657,True,True,0.0018956934694047255,1.2030119035957074
-10.632588,25,1519.767609,True,True,0.009755099046344562,14.065213557217573
8.738423,3,1522.265066,True,True,0.000866101480915879,2.108104778511159
4.246765,2,1524.727577,True,True,0.002687371702567565,10.155690825591934
0.252338,1,1526.078822,True,True,0.00015260986704165262,17.42975293426616
2.952023,7,1533.694069,True,True,0.00479952867462503,11.306379208998512
8.816955,1,1535.039762,True,True,0.004787546461102581,1.9811779344243918
1.832131,10,1539.126666,True,True,0.004477859553554533,13.159463567950214
-0.553828,5,1542.856029,True,True,0.0046189740440773465,16.359811621889584
5.380019,1,1544.096766,True,True,0.00037938770332613357,8.181573074636976
2.513358,8,1548.162475,True,True,0.0005025467607641439,7.642079203769217
8.432305,1,1549.324441,True,True,9.978939470016868e-06,2.670222684150324
7.772932,1,1550.464935,True,True,7.535800601430123e-06,3.8612163720869948
10.450393,3,1551.802404,True,True,2.4045189429330177e-06,1.8236282470825995
7.577115,8,1560.381902,True,True,0.002729678575299075,4.050686753183132
5.054971,2,1563.14635,True,True,0.0008539205920031945,8.947510972342874
-38.232396,60,1593.137009,False,True,0.01972561640029475,14.30094450240139
2.550776,4,1597.059533,True,True,0.0009464653602558257,12.786763196774409
5.961467,5,1599.708594,True,True,0.004701668910195605,5.957761924602956
6.420098,3,1603.550187,True,True,0.0005224595266497497,5.336935162087757
4.770641,1,1605.00545,True,True,0.010084294130379437,9.28856570108196
1.875555,7,1607.368213,True,True,0.0007697401710060787,13.450687900398954
6.780474,14,1621.573191,True,True,0.0023101343024835783,4.128841655987729
1.612291,1,1622.811663,True,True,3.499713429006295e-05,14.977774312426583
8.611018,1,1624.128674,True,True,1.0188351460017724e-05,2.347371700406882
-1.519981,23,1639.628923,True,True,0.00011276429949432835,16.778001132700144
2.662386,1,1641.159806,True,True,0.0034828925462943644,13.086341127813272
1.54308,2,1642.531767,True,True,0.0005727181652630878,15.087873112162988
3.330835,3,1643.759398,True,True,0.004293276953174559,11.350817264917508
-2.144676,19,1659.313346,True,True,0.004112176663497097,10.745060627498669
7.460925,2,1660.962044,True,True,0.004508616483161876,4.366894553375391
3.218489,1,1662.257731,True,True,0.0011193571904260097,12.081859104711265
5.169557,3,1666.327211,True,True,0.0020945125870613455,8.867035569397977
7.593086,2,1667.959008,True,True,0.0007214906120947288,2.9406273004063306
8.435555,2,1671.122791,True,True,0.0001234393045208143,2.511885499360152
0.766709,3,1674.867455,True,True,0.00015880545696428904,16.081827863117343
0.239921,2,1676.13647,True,True,0.0013676392572552609,17.685506376632766
3.454157,7,1684.066175,True,True,0.0073035781355259635,10.968662815556703
8.121381,2,1685.660936,True,True,1.0408202792593427e-06,2.964422177515611
-1.89737,5,1691.334178,True,True,0.0006392428130972362,17.351285438369427
3.718389,1,1692.439443,True,True,0.002933961083572644,11.181472638439184
8.354073,2,1695.675553,True,True,6.047063128185185e-05,2.1922770477359337
7.518297,3,1699.342922,True,True,0.0006366019692506315,2.908285243331295
6.131264,8,1710.455024,True,True,0.0005418987577087075,5.604084324080392
5.923459,6,1721.23822,True,True,8.974382400078404e-05,5.948161539894365
9.54225,1,1724.439056,True,True,0.004647914335363644,0.6708525822614498
8.588289,3,1731.778397,True,True,2.5343562105014164e-06,1.4759723922988006
4.34336,3,1738.058645,True,True,0.0038462425914947062,9.762238701471187
9.744099,3,1742.480377,True,True,0.00047530435476740747,1.859343148214119
1.517333,1,1743.998147,True,True,0.009993933831596096,15.154387876216576
9.447412,1,1745.440886,True,True,8.365393872496706e-05,0.8361910090905348
1.843025,3,1750.027551,True,True,0.004520996468523915,14.457442190807612
4.868768,2,1754.081182,True,True,2.774048080095119e-07,8.97076869023352
2.860529,1,1756.097712,True,True,0.011553491971205317,12.733804763783251
8.911746,4,1762.956736,True,True,0.002683104145385945,1.4973692870850996
8.249964,1,1766.294143,True,True,0.0025142762087461846,3.0025703922880895
2.46302,2,1768.88921,True,True,0.0018135701888066479,13.322590160195524
3.568587,1,1771.168947,True,True,0.002055267342080145,11.451048448260543
3.990403,2,1775.064435,True,True,0.004165358086760701,9.820384472396945
3.013515,2,1777.020745,True,True,0.009245649079166737,11.895142027740894
1.198082,5,1782.373312,True,True,0.0005727871745134089,15.682085962150877
3.701041,5,1790.497822,True,True,0.0027252317708635274,10.746531682307578
1.718376,1,1792.782018,True,True,0.0025097662249457518,14.787956495771498
7.471294,3,1799.581,True,True,0.0003988705811641593,4.660857870231916
-0.855482,6,1807.429469,True,True,0.0011056092033134698,15.692068078041858
6.124498,2,1810.557675,True,True,0.0048803421596533125,6.270886331456185
2.693654,1,1813.037071,True,True,0.0012477822055991915,13.028513550033924
9.137566,1,1814.688546,True,True,0.005172145366546728,1.4023228325637958
3.895919,3,1818.641943,True,True,0.004156746386103001,10.556838244794507
6.774197,7,1829.98858,True,True,0.0009858759169033113,4.66364615354357
8.758231,1,1832.471137,True,True,0.003051603242567847,2.0851858218118973
1.831199,3,1835.07857,True,True,5.293768895464623e-12,14.340056242555573
9.123787,1,1837.450754,True,True,0.004442024731978157,1.4265500663045731
2.404936,1,1839.015159,True,True,0.005047015709029156,13.551527841514512
4.759502,2,1840.831624,True,True,0.004244042420714855,8.690036500317282
8.110981,2,1845.713282,True,True,1.583461938565317e-05,3.024727744493678
7.776943,5,1851.966846,True,True,0.00016499640293777661,2.4747038278599964
4.637258,1,1853.69409,True,True,0.004716619424411065,9.52529117480022
4.813735,1,1855.351218,True,True,0.00023633366435972872,9.203325721981216
1.6488,2,1857.543786,True,True,0.0009822262908808048,14.562874915553326
-1.59703,4,1860.938073,True,True,0.005369370608211369,17.045762014684968
8.193503,2,1862.662986,True,True,0.00015874207500014142,2.2799305232135714
8.260855,1,1864.909738,True,True,6.099043221166264e-05,2.979995992201823
6.163536,3,1870.324825,True,True,0.0002971260927386839,6.252131159718606
3.478221,3,1874.06303,True,True,0.0010552667707774913,11.60857449246454
3.817891,1,1875.541606,True,True,0.004784438327301178,11.00330151211807
6.064316,2,1879.433053,True,True,5.330377740241435e-06,8.376242201011356
9.606342,4,1887.403285,True,True,0.008105339751141763,0.30166143883504276
-28.528136,60,1944.301577,False,True,0.011826428637047422,22.908972572350102
-1.540914,7,1951.876559,True,True,0.0009862960533305043,17.04516697791849
7.2883,2,1953.14976,True,True,0.002423245221744058,4.42617128422319
6.814422,1,1954.66518,True,True,0.0023502401552546364,5.594429892623484
9.89881,2,1958.07406,True,True,8.306608315160856e-07,0.5747038623439507
8.011519,1,1959.254281,True,True,0.0006528166044998558,3.4310598042659524
3.125279,1,1960.949595,True,True,0.0012792673910489022,12.25008639577332
5.550024,1,1962.494493,True,True,6.0208366767121844e-05,7.874473338871643
0.858489,1,1964.06705,True,True,0.0075406133182522065,16.34078878445227
7.173611,5,1970.981949,True,True,0.0031490569282108727,3.1351422801849447
5.924569,8,1979.374946,True,True,0.006741142669006561,5.22764945807127
6.812136,2,1980.946876,True,True,0.01047809621352062,5.473225015978855
-19.575652,46,2012.493987,True,True,0.01023969549537922,11.925338896288213
7.313359,1,2014.042443,True,True,2.0448126328131283e-06,4.691152745013295
4.94533,1,2015.640921,True,True,5.346434892028462e-10,8.965669250607359
2.47122,1,2016.926572,True,True,0.004262478033328746,13.431539083742436
9.052887,1,2018.475736,True,True,6.868689076866379e-05,1.5473334580415254
-16.015466,44,2053.345546,True,True,0.004821781713342946,5.980132293104196
9.423236,2,2055.721371,True,True,2.803155773463753e-05,1.4309715241397445
8.197356,3,2058.834264,True,True,1.1430552269466043e-07,2.85428439530596
4.169239,4,2061.765584,True,True,0.0027166304364856417,9.988787490384953
6.342479,5,2067.300029,True,True,0.002977938525214857,4.782323231794354
7.640406,1,2068.490969,True,True,2.812109819996453e-07,4.100550152016622
5.812723,4,2073.666159,True,True,0.0028861635469845074,5.87882294875425
0.766495,2,2076.549355,True,True,0.004944198713955671,14.751229685145947
8.031926,1,2078.22443,True,True,5.819694951334322e-05,3.3921793467497614
4.703225,3,2080.647222,True,True,0.0051329239498200075,7.712242529741971
-9.208859,15,2090.687432,True,True,0.0004397793520782398,17.165395823458827
7.24334,1,2092.331991,True,True,0.0003277403632394619,4.817942692088815
6.109477,1,2093.571927,True,True,0.00430460106582053,6.868642792951026
2.726153,1,2094.868622,True,True,2.0812467547981495e-09,12.969067714794997
1.852437,7,2098.217002,True,True,0.0005793155971291,10.61622684800082
3.525452,1,2099.877359,True,True,0.004404980889494538,11.530433139717967
-0.250318,3,2101.204716,True,True,0.0013820142418274972,17.812013103439185
6.724399,3,2102.546748,True,True,0.004567749793096746,4.818774054946995
3.843052,3,2104.342727,True,True,0.0001481800234005295,10.878361559624906
-20.696605,60,2140.529281,False,True,0.020721310525816723,40.122784249108676
6.607099,1,2141.785563,True,True,0.00029049837757336725,5.966632709730443
-2.385697,11,2151.885858,True,True,0.00013914327465034716,3.834500596180067
3.330356,7,2157.389183,True,True,0.004236261704154445,11.133386891365353
-35.928897,60,2189.471639,False,True,0.03598252136232244,28.715154354609105
8.414814,5,2196.411269,True,True,3.6088675210772586e-05,3.579446119144425
2.059454,3,2199.236822,True,True,4.9915716355187394e-05,11.530576412300956
6.28643,2,2200.493095,True,True,0.0050580456940494175,6.547058432743913
-10.130439,18,2210.517175,True,True,0.008602055256052336,15.860865130123464
1.477497,10,2217.035328,True,True,0.004448131117991489,11.551653232094198
6.126778,1,2218.249456,True,True,0.004788315563982427,6.837847422604191
8.584256,1,2219.791723,True,True,0.004986709099018876,2.401671416693228
5.442909,2,2221.423391,True,True,0.0029217412688376035,6.034685764286751
9.683294,1,2222.696008,True,True,0.005081305613880725,0.41658661030005956
2.021695,1,2224.190233,True,True,0.004864551921875888,14.242424025261078
5.153447,1,2225.524599,True,True,0.0004964075011555128,8.590546902110727
2.440984,1,2226.636793,True,True,0.00019666241419566063,13.482926753266456
1.82914,5,2231.736696,True,True,0.0022286539737834095,14.647987005366113
8.985678,4,2233.1516,True,True,0.0028902595660909467,2.8017936663142486
4.606813,1,2234.515133,True,True,0.0011930059262541311,9.577467056925308
8.565506,1,2235.770226,True,True,1.2661317199949215e-05,2.4295947034777585
5.105428,2,2237.025587,True,True,0.0001131074172788897,8.542029694334556
1.527324,4,2239.624805,True,True,0.00959841107136454,13.554669049841717
-37.914151,60,2285.540843,False,True,0.028228414907351285,8.51085384338649
4.764447,3,2286.863883,True,True,0.00391057124353817,8.912904096256899
7.506453,4,2288.264784,True,True,0.004571799434570244,4.1043900924522685
5.921574,4,2292.193007,True,True,0.0023243584838115085,5.1357207966844
7.344058,1,2293.427239,True,True,2.4963113506158274e-05,4.635742607717185
5.01203,1,2294.753196,True,True,0.004607386071684214,8.849105291573562
3.42266,3,2297.039631,True,True,7.579217477892385e-05,10.790840722049083
2.548324,1,2298.125842,True,True,0.0009568948948956574,13.290416080838293
5.991644,1,2299.340713,True,True,0.004278126698553238,7.081263586958372
3.706848,2,2301.359863,True,True,0.006186453199967996,10.82377072861534
1.892982,1,2302.764775,True,True,0.007346966890037854,14.475855107840548
3.753581,2,2304.056159,True,True,0.00011127802840961865,10.38655303182799
9.188824,1,2305.310918,True,True,0.001551183164575312,1.3051567742812205
3.677131,4,2307.745517,True,True,0.004846458665522389,8.72897038809603
2.922386,1,2308.916827,True,True,0.00030584368616875125,12.615353922433389
7.854,2,2310.305228,True,True,0.004493706647454498,3.5758985128267127
7.772451,2,2312.862834,True,True,9.082325598154983e-06,3.812280344868321
3.505156,2,2315.494213,True,True,0.004957648694553663,11.719504892218577
-21.56171,60,2348.998869,False,True,0.005606271781478966,25.078329567554523
3.923469,2,2350.285831,True,True,0.0004330445214070413,11.251552161396402
4.744979,3,2353.005526,True,True,0.001227990291188268,9.165317294835354
3.604997,1,2354.163797,True,True,0.0021149022922738584,11.385417123650257
8.514934,1,2355.277942,True,True,0.0001800733856795173,2.5211642453626686
7.142727,2,2356.571313,True,True,0.008464597708813408,4.796614085211923
3.812995,2,2357.943367,True,True,0.004409658768688707,11.156090218623783
0.534461,1,2359.30288,True,True,0.004611551466824325,16.923441296127997
8.75823,1,2360.608901,True,True,0.0007736230074605593,2.082380028162895
0.953092,1,2361.84214,True,True,6.055324111529643e-11,16.166324602878028
4.450343,10,2369.801518,True,True,0.006819324108264847,6.242697043103727
2.845724,2,2372.555489,True,True,0.00046826371956275314,12.733677863439683
3.607414,2,2373.839406,True,True,0.0007913034688521933,11.214052466577387
4.079962,1,2375.188769,True,True,2.8058100037336997e-05,10.52706479831277
3.12704,16,2397.142799,True,True,0.006938171750610211,8.248383897553463
0.74374,3,2398.698341,True,True,3.6482803653092866e-09,16.352063778890297
6.736826,2,2400.187352,True,True,0.007052210317191674,5.603446892868762
1.834271,1,2401.423856,True,True,0.0002954326853208261,14.577662018784451
9.47009,1,2402.733231,True,True,0.004768805004637534,0.801369983587943
3.737706,5,2411.296659,True,True,0.005000280129276374,10.677986058557526
6.992163,3,2415.056128,True,True,0.00019809266272153778,4.983104703404775
7.900601,2,2418.282987,True,True,0.004721151401185221,5.896368418727083
7.312901,1,2420.038027,True,True,0.00485224272770841,4.697060688921098
3.674501,1,2421.247286,True,True,0.00016788161098916544,11.258624490821456
8.130536,1,2423.351328,True,True,7.110914568271218e-06,3.215327678334629
4.945856,2,2427.44671,True,True,0.002308293461799646,7.216360392373966
1.850537,9,2438.748043,True,True,0.009552753616093344,13.435850727145533
9.187501,1,2440.098102,True,True,5.542569858034158e-05,1.3058392935296388
7.549672,2,2444.079807,True,True,1.8805735118249903e-05,4.352393019095333
4.061395,1,2445.61869,True,True,0.005155837929588488,10.56436235356422
-1.385447,4,2454.237971,True,True,0.004186740044601534,16.841183543357836
7.946446,1,2456.48314,True,True,0.004715418071485296,3.553113117631231
6.767789,1,2458.864928,True,True,0.000434583066268277,5.676679038591675
3.008874,2,2462.34687,True,True,0.00012896855961658585,12.294081289393361
8.146344,2,2463.767144,True,True,0.00011031377734813412,3.4253178008029708
6.851997,1,2465.145314,True,True,4.11274822759882e-06,5.524198966869338
4.047303,4,2470.854959,True,True,0.005082164173653227,9.618809515968907
7.80313,1,2472.374885,True,True,0.00769780888946383,3.814926254404218
9.833714,1,2474.510725,True,True,0.00017751326228897333,0.12552440048572036
2.321809,2,2476.519783,True,True,0.008266063593776114,14.505043651593736
7.431618,1,2477.824562,True,True,0.00019065177153990316,4.477810951174706
3.474274,2,2479.255086,True,True,0.00536229804293476,12.407911359502167
7.61672,1,2480.604529,True,True,0.00453374466653118,4.148245829262299
4.168582,6,2482.376708,True,True,0.007046733165632659,7.387568598259358
4.530749,2,2483.790898,True,True,0.0011429671580844621,9.587316591327424
3.803377,2,2486.564507,True,True,0.00018850211414877475,11.757339290149503
2.97944,2,2489.180169,True,True,0.0012190031123416115,10.140079492750164
3.251556,1,2491.170953,True,True,0.004253824066412469,12.02434594714688
8.101296,2,2493.346496,True,True,0.0022263732253526808,5.092623299723719
1.367896,2,2497.03522,True,True,0.0016490363364402285,11.860425185902841
1.316125,3,2499.162522,True,True,0.0006899457496544192,14.83651408987362
2.633075,1,2501.201968,True,True,0.0005971759571994188,13.13733615586328
-21.046427,60,2528.266656,False,True,0.021108502897561547,25.579437853709166
7.350403,2,2529.713415,True,True,5.412081792769818e-06,4.478314696346446
4.411972,1,2531.168704,True,True,0.00023513289672615588,9.928230135014768
8.280707,1,2532.509415,True,True,0.0010184593441032743,2.9452882114020116
8.128598,3,2534.091355,True,True,6.864172304443805e-07,2.5663643248878563
4.536654,2,2535.476108,True,True,0.002347648671469185,9.659461917097117
8.75196,8,2538.454903,True,True,0.006887054696660813,2.8237316989687216
5.259291,1,2540.417179,True,True,0.004777308456823426,8.401511529131998
7.253318,1,2541.979441,True,True,2.0254482020530193e-05,4.799591237662788
4.126342,1,2543.945044,True,True,0.005121378377136387,10.447193691178482
6.716687,2,2546.60437,True,True,8.870596391278608e-06,5.407607367248315
2.430675,1,2548.580947,True,True,1.9867565578812751e-10,13.50196078961476
5.190727,1,2549.913862,True,True,0.00789928062199955,8.52926176038412
3.47004,1,2551.314302,True,True,0.0018151708378547297,11.628628833109362
3.679323,4,2555.010892,True,True,0.0006079429936323155,10.647454175228875
-18.127858,60,2576.102421,False,True,0.028264842415892867,11.184463542186204
8.430166,1,2577.315775,True,True,0.004602132937756258,2.6795108101197918
-2.689681,6,2578.721551,True,True,0.00022866559631313892,15.644665386206185
-0.483959,13,2584.974766,True,True,0.011001375065101012,17.096872895423864
1.841365,1,2586.664203,True,True,0.006289855824260384,14.56834039047183
6.98403,1,2588.359956,True,True,0.00480805716842179,5.290673476949043
-30.599387,60,2622.607749,False,True,0.003541905122376933,34.035021041835336
2.550579,4,2627.235624,True,True,0.0009757806102183471,12.882381549873518
5.59871,2,2629.700157,True,True,0.0005847469868991402,7.492756246439671
2.419604,2,2630.994594,True,True,0.004240254552893468,13.624008480841633
5.788452,2,2632.865109,True,True,0.00239458581890387,6.9464310125032185
3.418102,2,2635.504763,True,True,1.1763845675890727e-05,11.802869683651348
6.575142,1,2636.70445,True,True,0.003336294124605607,6.027312537945918
6.499566,1,2638.434035,True,True,1.5150153301364024e-05,6.160482958582102
1.32208,4,2641.395493,True,True,0.00014171705987089814,13.360662607401
-34.655513,60,2682.716222,False,True,0.002125578653308915,32.85958641083897
9.008733,2,2684.468698,True,True,0.00027174288404513435,2.536548596087927
3.344986,3,2686.602829,True,True,0.0022452105423522504,11.664683693226205
5.902202,3,2687.857557,True,True,0.004668997121781658,6.482184675933438
3.313087,13,2691.202274,True,True,0.011494078602039532,8.536604727924642
8.320475,1,2692.269801,True,True,1.0712292679059335e-06,2.8722253365537456
0.829481,10,2697.321329,True,True,0.0014932608225758683,14.910034296753432
5.212063,6,2703.651262,True,True,0.00022720544624351639,4.62188192534731
6.927953,1,2705.340928,True,True,0.009397970268830928,5.396097399177346
2.476547,1,2707.094487,True,True,7.527036563481637e-10,13.419233581389928
6.957572,5,2712.655627,True,True,0.005669272276750231,4.667376907430265
8.538387,4,2718.202887,True,True,0.004619943717364443,1.846826698014431
1.216901,1,2719.432757,True,True,2.618389706443569e-11,15.690679626395017
1.517708,4,2723.358934,True,True,0.00010754882055849253,14.9611459525769
7.288411,2,2726.666792,True,True,0.0002319267358415712,3.946888131282342
2.355095,3,2729.106829,True,True,6.168202486732518e-05,11.60918419074951
6.303422,1,2730.859318,True,True,0.004849053838481349,6.5178872683281295
0.804851,9,2740.772149,True,True,0.00488427136867323,12.506902979017445
4.779139,2,2742.335382,True,True,0.0002575780708543628,9.342451960724736
6.155494,15,2747.824125,True,True,0.0007139241245708323,0.553992541957731
0.919901,4,2749.702594,True,True,0.005083890006380011,12.852706535160433
6.869439,2,2751.581434,True,True,0.00030568021578645035,4.844008784749233
7.046755,2,2753.180247,True,True,6.581128747999015e-05,5.396820167310526
3.335485,2,2754.916461,True,True,0.009171712826706242,11.755638051388162
7.694477,2,2756.685011,True,True,0.008317199965197338,4.189748349273247
-23.24495,60,2792.841165,False,True,0.025617585916841937,17.445154818267934
5.696985,1,2794.631274,True,True,0.006094888580998501,7.614500859963069
9.232994,2,2796.533077,True,True,1.4523388340792476e-05,1.3949695191145788
9.611824,3,2799.572609,True,True,0.00016159927580587565,0.21610300476360259
2.418954,1,2801.284827,True,True,0.0028279675890269212,13.524904882127826
6.24279,1,2803.030365,True,True,0.0049667521991469425,6.628646271947534
8.28178,1,2804.730858,True,True,0.005323608319097103,2.948271032721252
-19.077468,60,2865.438105,False,True,0.02731776117960082,26.326668230109473
2.318807,3,2867.118985,True,True,0.0006066648593730708,13.208263729716522
9.883067,1,2868.791815,True,True,8.927450266747218e-06,0.04869521101541826
8.038121,1,2870.381822,True,True,0.0018493208092423335,3.3843974790945572
9.537669,1,2871.96651,True,True,0.004710676681809002,0.6792090960345326
-0.733161,4,2873.529207,True,True,0.006008225096901302,14.956636585556167
4.731133,1,2875.206712,True,True,0.004625979968984716,9.355875178224633
8.058758,1,2876.894304,True,True,0.003939145924833894,3.349472321132094
3.393806,4,2878.439672,True,True,3.963883108016458e-06,11.547871913333063
-2.343096,8,2880.355423,True,True,0.0034964586642808188,17.137001965600188
3.766359,4,2881.965855,True,True,2.182772139999484e-05,8.918451098864054
1.439641,5,2884.601302,True,True,0.00028553481533131683,14.01500051229941
6.452342,2,2886.201722,True,True,0.00022866604195590987,5.984766885001794
5.792265,5,2887.895016,True,True,0.0021263432267984873,6.742306679478317
5.033687,6,2889.714357,True,True,0.004242320538399805,6.862984159187255
-22.772187,43,2915.373973,True,True,0.0003193777118466641,17.99131651014765
2.37203,7,2924.947116,True,True,0.009087174325385559,11.683206701403302
6.208839,2,2926.988989,True,True,0.004669323131037528,5.664483908429944
0.241312,1,2928.874949,True,True,0.009763708926932143,17.454184363654626
5.97256,2,2932.406006,True,True,0.005189048588526111,6.847704628177249
3.894649,3,2934.655491,True,True,0.0006862620209934795,10.59676797618749
5.251829,2,2937.768552,True,True,0.0016178521261716386,8.169094255254619
5.369977,3,2939.384669,True,True,0.003738099118058079,7.505195112909765
7.253772,1,2941.304549,True,True,2.5596552216539115e-06,4.798752128419227
9.850822,1,2942.900735,True,True,0.000754652135029892,0.09701101721363928
-0.124521,6,2944.824767,True,True,2.6559831895831085e-05,17.58353336852315
8.209926,5,2950.825263,True,True,0.0015365481998406054,4.589425166057195
6.108862,2,2953.335149,True,True,0.004655953732343581,6.409983707967656
2.044292,2,2957.438463,True,True,0.0007970794042445337,15.131775387952642
4.779101,1,2959.099432,True,True,0.0007811489360861831,9.266273838588459
8.247447,1,2960.982751,True,True,1.1450910586702917e-05,3.004154480319421
5.331898,1,2962.648872,True,True,2.0267200446772923e-05,8.26809381331726
7.065533,1,2964.683564,True,True,1.6992060260637154e-05,5.138663646812935
6.627661,1,2966.677719,True,True,0.0007370539052121271,5.929964565761984
0.391003,2,2970.038302,True,True,0.0020163930003843436,16.986034119206106
8.815207,1,2971.795793,True,True,0.0001092291927896269,1.9785966826952015
5.930293,2,2973.873157,True,True,0.0026137032393982974,7.057688687580073
5.504672,7,2980.778784,True,True,0.004239253267184728,7.469224417629725
3.506627,2,2982.349246,True,True,0.004829321515739594,11.530351665135136
4.323788,4,2986.205082,True,True,1.3381201046945394e-05,9.344204577135205
1.775351,8,2997.024983,True,True,0.0024970802044858836,13.840754562353318
-5.919968,10,3007.869532,True,True,0.004724838458886434,16.57991250262943
-8.343235,17,3027.882714,True,True,0.004587794479841244,16.762768012112783
7.186696,1,3029.034945,True,True,0.0031914375483379654,4.923222478262
3.937792,4,3031.954243,True,True,0.00016618315845431855,10.037146598331695
-7.715347,33,3058.579057,True,True,0.00642684613670026,14.539998927683978
8.821242,2,3060.900024,True,True,0.0030631062907285553,1.8199293989115153
1.121522,4,3064.02868,True,True,0.00032419744959761264,14.855600098253344
8.412391,1,3065.148396,True,True,0.009367662627729608,2.7167248471950254
6.593568,2,3067.507493,True,True,0.0026601311400510363,5.854450384009468
-16.480316,60,3111.580585,False,True,0.012433234883338688,17.872006387706936
5.195197,4,3114.128568,True,True,0.004200572222804691,6.4447164478228975
3.074028,1,3115.847249,True,True,0.009483138858821134,12.347710364616772
4.924146,5,3118.37369,True,True,0.0010708968004491289,6.229297502688039
6.197281,1,3119.508299,True,True,0.004772112514482093,6.710601196404945
8.376894,2,3122.360903,True,True,0.004339362279418802,2.3859792178137122
-4.246694,13,3130.092383,True,True,0.004730562488305632,15.998783968927633
4.290198,1,3131.929465,True,True,0.004656391622521115,10.150641840873202
6.171931,1,3133.601936,True,True,0.0005133214413378896,6.752410202229006
3.028204,2,3135.288848,True,True,0.00026699919392832606,12.190263296577347
7.576004,1,3137.106018,True,True,6.807320035816591e-06,4.216863962937091
6.518578,2,3139.998658,True,True,0.0003367864381490166,6.358719708155657
3.817787,1,3141.099797,True,True,0.0001374503821091953,11.000120919426298
4.3733,1,3142.24805,True,True,0.0003648218535535308,9.998107762156394
8.038109,2,3145.538302,True,True,2.4545077530921302e-05,3.232145586270254
1.44078,4,3150.810693,True,True,1.731002569581308e-09,14.952632659164554
-25.989444,60,3184.862285,False,True,0.005140161768300927,27.067111255717336
6.388184,2,3187.782641,True,True,9.079261238838232e-07,6.140735003291763
5.684449,2,3191.291167,True,True,0.004824968352154459,7.1208972662042225
-1.021405,10,3199.23918,True,True,0.009664541359248165,8.099715372039629
7.305321,5,3203.481492,True,True,0.004679962121518228,6.574268125030715
-1.60079,8,3212.510952,True,True,0.00020205336222807284,14.174650810408265
2.382829,1,3214.250628,True,True,0.002724960666608635,13.58998466509612
10.055146,5,3220.002851,True,True,0.001866684459447031,1.6063599392658754
7.591037,1,3221.145583,True,True,4.2966496533072655e-06,4.189712795914388
9.709324,3,3225.23961,True,True,6.128225304513971e-07,0.03769254861064519
2.335715,2,3228.093767,True,True,0.010022879268767975,13.56217718607126
6.464073,1,3230.087678,True,True,0.0034839884624031457,6.227925255452984
7.943341,1,3231.800813,True,True,0.005178832976135919,3.5589911217537784
7.532553,2,3233.519509,True,True,0.001393778229119254,4.151410866415894
2.570511,2,3236.443486,True,True,0.0030603862535618052,13.129979109935524
1.300637,2,3239.918837,True,True,0.008756360230436907,15.429596989556932
7.951345,2,3243.150916,True,True,1.9102188867294208e-06,3.027749024299066
5.930992,1,3245.043707,True,True,0.0090918638949175,7.194716693410363
8.912622,1,3246.79789,True,True,1.6885179273399306e-05,1.8024704033258914
-19.560092,60,3282.342079,False,True,0.00471700356961885,4.335135950410715
5.242005,3,3286.702758,True,True,0.004619035913403046,9.319117578885242
3.541647,3,3290.817603,True,True,0.003085110272750804,11.438751400507218
6.516684,5,3293.621755,True,True,0.006230147177112733,6.2902279383306405
6.75736,3,3295.923866,True,True,0.004003287128777822,5.420376380527519
3.865229,2,3298.297655,True,True,0.0026406424260070477,10.470270646234974
3.316183,3,3301.31482,True,True,0.0009577744607369518,11.641533888788565
-3.618777,16,3309.55972,True,True,0.0038704067847399985,8.002010679485162
3.327747,4,3312.35901,True,True,0.003211017015137935,9.384570636591512
3.838095,1,3313.838693,True,True,0.003479440701471238,10.965944111304143
6.399403,3,3316.461485,True,True,0.007646803966961802,6.053774134471817
5.960359,5,3317.868852,True,True,0.002488013380139707,5.6821109225048945
4.331145,1,3319.143702,True,True,0.004472380376173745,10.077305534895777
4.663193,2,3322.019749,True,True,0.00016900976384879272,9.399457824656535
1.739618,1,3323.690522,True,True,0.0037052233257462916,14.75034410740908
7.796137,1,3325.267467,True,True,0.0027103043475508906,3.8223506108482415
6.460285,1,3326.571767,True,True,1.7920304099795087e-05,6.231398299681867
-28.125736,60,3382.089321,False,True,0.018217798302042565,16.36473756122867
1.577804,1,3383.774774,True,True,0.0034939675763753786,15.041968211543534
7.524941,2,3387.104333,True,True,0.0021252642470707874,3.6955143667067403
8.434832,1,3388.654733,True,True,0.0047710205123294965,2.671274487275842
4.382843,4,3394.182349,True,True,0.002675036356048311,9.800842579573906
5.218903,1,3395.449127,True,True,0.004387801421654176,8.475696867666727
7.472441,1,3397.060547,True,True,0.00016849756858259646,4.40406737429635
5.180639,1,3398.303926,True,True,0.004871575946863352,8.545119925739794
8.701351,2,3399.937846,True,True,0.004882316118868804,1.7951657139768356
4.458548,1,3401.196844,True,True,1.5676972029560199e-09,9.844005625620785
6.021364,2,3402.439001,True,True,0.000272232561688354,6.3589711690615776
0.821895,1,3403.732324,True,True,0.002164770225498335,16.404039600366712
4.201336,1,3404.988278,True,True,5.294311502474641e-05,10.308110754063115
5.93545,1,3406.290766,True,True,0.00033882101415932866,7.17909238892215
9.233337,1,3407.464042,True,True,1.853873195796252e-06,1.220645930895256
6.674132,1,3408.716289,True,True,0.00478176498322704,5.8500047002989986
1.434536,2,3410.142972,True,True,1.9295990768795088e-09,15.178287058791422
6.050059,1,3411.407266,True,True,0.006212567576272165,6.9775213427234615
8.194101,2,3412.731438,True,True,0.004276814082706807,2.268291666940283
5.281722,6,3414.218523,True,True,0.00027601826573336267,8.350207592872703
0.416649,4,3415.630197,True,True,0.0004897266025935564,15.351157030825078
3.966721,1,3416.946218,True,True,0.0012374021896330088,10.732282339095107
-20.725743,60,3453.803555,False,True,0.039286904840426545,33.45250318786361
-0.275387,2,3455.215952,True,True,0.0041794424892594405,17.8666865691313
-23.790597,60,3516.886572,False,True,0.005613562201559243,30.226351860456923
9.619926,1,3518.565828,True,True,0.0001749872842785171,0.5245411072744642
2.788804,2,3521.106145,True,True,0.004191107957050738,10.649481267790392
1.767715,1,3522.680068,True,True,0.0016422663550969062,14.698485861941299
0.440283,9,3531.641845,True,True,0.0003758483380777661,16.184945556415016
7.624409,3,3534.930199,True,True,0.004560708323315096,3.6059725137645326
5.312406,2,3537.896537,True,True,0.008122109389524037,7.256702762577775
-7.735298,11,3542.012592,True,True,0.007084936101889717,15.854156085141621
8.089442,2,3543.295554,True,True,6.432590777414671e-05,3.3733910127533115
7.507014,1,3544.757565,True,True,0.0002175116894376104,4.339352723366997
4.410599,1,3546.073558,True,True,0.0028140520622827437,9.932734489297426
5.643796,1,3547.368193,True,True,0.004989591302739591,7.709557037182061
4.144539,2,3548.624954,True,True,0.000144696298800635,9.44249194441973
8.060462,1,3549.772795,True,True,0.00483594058354473,3.347371831724099
3.193486,2,3551.049035,True,True,1.0073161055279556e-11,12.000083924615982
9.201083,1,3552.290928,True,True,0.0024030867435669416,1.2830018089748403
6.175387,1,3553.41598,True,True,0.001528354044697905,6.747142685978766
8.850755,1,3554.811802,True,True,9.355171016027335e-05,1.9143502874957465
0.495363,1,3556.196171,True,True,0.0048418972971251495,16.994029534269004
7.53599,1,3557.579891,True,True,1.938337343772821e-05,4.289139191184178
2.979323,1,3558.861357,True,True,0.00011207676255537823,12.512527879943828
3.849331,1,3560.267728,True,True,0.001209950777182934,10.944024984241638
9.695325,3,3561.640276,True,True,0.0018662347686567785,0.437981299539749
4.360893,2,3562.961646,True,True,3.412033107712525e-05,8.439331326903535
7.104652,2,3564.571164,True,True,1.924918814310509e-05,4.619983345006742
6.084377,1,3565.801693,True,True,0.004901759872289674,6.9144635847927995
-5.27629,10,3569.714178,True,True,0.0026502306927554077,15.639079417307906
2.063118,9,3577.213872,True,True,0.0071429775378761004,11.122888270264285
4.251866,3,3581.424439,True,True,0.0009953295044367455,9.91434328498631
-24.353298,60,3628.841466,False,True,0.014281896032314344,9.410120200970226
4.614157,2,3630.164086,True,True,0.000537459335361392,9.685487478198699
6.605358,2,3631.515947,True,True,0.00940229190179398,5.6761937562134435
7.14852,2,3632.888462,True,True,1.6793954473292476e-05,5.239418835094328
7.594215,1,3634.383012,True,True,0.0001658694736644497,4.18415621876442
1.402738,4,3635.947251,True,True,0.00295484277203618,14.757288831107301
4.676244,1,3637.344615,True,True,0.0002456639334128723,9.451418692602012
2.60987,11,3640.074937,True,True,0.011726850164343262,11.225860346972722
2.029694,1,3641.512824,True,True,0.002565427739493944,14.226656212043316
3.012146,1,3642.813429,True,True,0.00473119579553816,12.45486394619757
3.11021,1,3644.068542,True,True,0.0005156183039788705,12.276735459454533
-36.742255,60,3678.648186,False,True,0.009237650968861299,28.032226240884683
2.04105,1,3680.229673,True,True,0.0012508760851792657,14.205380878962831
8.108425,4,3681.907264,True,True,0.003638571277598641,3.6041392465561897
2.911722,3,3683.522519,True,True,0.0009681333033000148,12.250297560795342
8.166211,2,3685.218446,True,True,8.172839591241384e-05,3.258493946217655
9.773959,1,3686.6765,True,True,0.00273274552740545,0.24968661738454576
4.775537,1,3688.281259,True,True,5.5168628516294536e-05,9.272098186484074
6.202737,3,3691.949133,True,True,0.00031464634288348806,4.779563367014814
6.044534,2,3695.534819,True,True,5.3684962074465256e-05,5.866975087249614
7.960698,1,3697.100347,True,True,0.0007637724013815966,3.522976438457013
8.8188,2,3698.649643,True,True,0.002389317712895079,1.3727612080808376
6.576514,1,3700.233276,True,True,0.004957423728697349,6.0263537618822225
6.143107,1,3701.875917,True,True,0.0007354683936181376,6.80465317537632
8.59179,1,3703.432853,True,True,1.4838295879704075e-06,2.382097983879961
6.318604,1,3704.921662,True,True,0.001366112559473389,6.488481466422933
0.91369,7,3707.092873,True,True,0.0069667767173538404,14.506624192959087
0.367096,1,3708.892033,True,True,0.004596932877746653,17.225117228914943
4.677399,1,3710.482139,True,True,0.004449778452514347,9.452675260612425
1.791371,1,3712.071076,True,True,0.005364429782838333,14.657965936378334
1.440846,4,3714.08112,True,True,0.006303494512834535,14.655984651907401
4.906386,7,3718.956569,True,True,0.004853011516272859,6.74496377454678
8.218153,4,3726.211077,True,True,8.669482160403915e-05,3.113367207701827
-23.314273,60,3774.584859,False,True,0.009952686075224879,22.223139027682272
4.650032,1,3776.304712,True,True,0.0026165344945457015,9.500627461555556
6.022593,2,3777.972076,True,True,0.004524812966843485,6.891239400312543
5.436006,2,3780.859179,True,True,0.0005224010533886794,8.271693654862018
6.182271,1,3782.587159,True,True,0.0044344482872583565,6.737388828005011
1.798246,1,3783.784436,True,True,7.131746582178522e-12,14.642439759534758
2.915843,1,3785.413078,True,True,0.0026415911051014644,12.628725112872266
3.000921,2,3788.305562,True,True,0.004586189503221635,12.24774260080278
6.577577,2,3789.99318,True,True,1.8994310374443202e-05,5.228612781248082
6.930146,1,3791.670336,True,True,3.756498614436443e-05,5.383135411487899
5.758428,1,3793.367042,True,True,3.205199723852988e-05,7.498313863519481
1.70488,3,3797.437271,True,True,0.009496282681573456,15.028516708223783
6.08688,1,3798.71361,True,True,0.003439300298318824,6.908647495362237
7.948604,4,3801.183442,True,True,0.0013800331930140788,3.810368544278354
8.710826,2,3803.599723,True,True,4.337617884096409e-06,2.5345493413986104
3.669657,4,3809.615071,True,True,0.007162666030249144,10.223584813526335
6.888396,4,3815.270915,True,True,3.0308645757827143e-06,4.62953257677004
6.056604,1,3816.498911,True,True,0.004646553759769588,6.964359225648909
3.964988,1,3817.655293,True,True,0.0009726159298696149,10.735208747622739
2.113287,2,3820.101704,True,True,0.0001753373860204437,13.952358088288833
7.582909,3,3824.217067,True,True,0.005276570390800947,3.285944063814187
3.356967,1,3825.977263,True,True,0.0006410334615038205,11.831746299677029
4.09774,2,3827.778568,True,True,1.515374428370797e-09,10.263400119726933
2.897201,11,3834.25918,True,True,0.006193818460883901,5.12286178511071
2.346903,2,3837.183722,True,True,9.998352635404162e-09,13.44946383968475
7.18526,1,3838.343075,True,True,0.005761007601047452,4.928362996189396
3.136141,1,3839.580265,True,True,0.007224746655999055,12.234364165403466
1.022789,6,3845.603201,True,True,0.004788117471188043,10.629785943379362
-0.644956,3,3850.234085,True,True,5.356094040835733e-05,17.67826891619401
5.721815,1,3851.800698,True,True,0.004385484848615161,7.568269903114981
3.988492,1,3853.45774,True,True,0.00020310470719547532,10.692218386747706
6.828686,1,3855.213901,True,True,9.825977621983999e-06,5.566293464897533
5.85506,1,3856.361466,True,True,0.004781287339525629,7.328170605873087
-0.412781,2,3858.051398,True,True,0.002458576588383667,17.10831682072397
8.095507,1,3859.799986,True,True,1.2730438269400665e-05,3.2786047584152875
8.148908,1,3861.43489,True,True,0.00032522694237716466,3.182522812799943
5.070264,1,3863.202158,True,True,0.0015956296583094624,8.741587050266363
8.821762,1,3864.923108,True,True,4.744093296101155e-05,1.9666734589649122
5.682525,2,3869.102116,True,True,0.00477960499506553,7.7434410147897
1.947739,1,3870.26112,True,True,0.004874382056678243,14.375770588292191
5.862859,1,3871.344869,True,True,0.004988017907816497,7.3142744234174675
9.317225,1,3872.550253,True,True,0.0007138526870461154,1.0723087229690618
0.559786,1,3874.335422,True,True,0.0006949628786813017,16.875784260663853
7.356032,1,3875.949977,True,True,0.004767469908914811,4.619114509745728
7.323842,1,3877.616826,True,True,0.005013581023108499,4.677470984148024
4.087884,1,3879.348848,True,True,0.004961792702879631,10.516447323790988
3.682765,1,3880.518055,True,True,0.009494944262986402,11.25007689460048
6.178695,1,3882.377602,True,True,1.7442076421984518e-05,6.738531023298833
4.886879,14,3897.160071,True,True,0.0021813582372290268,8.098463715996434
7.735675,1,3898.744559,True,True,0.0019660299045432426,3.9306241124349723
0.650603,9,3900.155245,True,True,0.000578193056462306,14.58240654518992
2.967369,7,3901.457568,True,True,0.0017719026649819741,6.994380391666936
3.17774,2,3902.686175,True,True,0.005004614494299672,12.227645490578748
5.58728,1,3903.84758,True,True,0.0006495230911966032,7.807595140218167
2.591743,2,3905.111066,True,True,3.993541519813678e-06,12.71212118869316
8.264308,1,3906.319398,True,True,4.966055180775225e-07,2.9731115625956797
8.204154,1,3907.413219,True,True,0.00010235865115153404,3.0824662788823938
6.815106,3,3910.169706,True,True,0.009418953239135198,6.680248680890547
1.69766,6,3912.552971,True,True,0.0024923649573833327,14.363366323571539
7.790901,1,3913.800881,True,True,0.00014304370425475502,3.8260104434077764
5.781796,1,3915.626867,True,True,0.0012269001558573578,7.457241821472668
4.933658,1,3917.280383,True,True,0.004665185530856425,8.990542876895177
7.774219,1,3919.14041,True,True,7.037404201032617e-05,3.8589650702464313
3.667991,2,3920.701125,True,True,0.00048157521106214577,11.449179908975132
6.999657,1,3922.558192,True,True,2.2600362031523907e-05,5.257614688460921
-32.891954,60,3946.490293,False,True,0.00018030898714306115,30.546775972071735
4.449038,1,3948.230295,True,True,0.004821182260978177,9.864900526919776
5.610369,1,3949.943392,True,True,1.4247346610644918e-08,7.765507405420364
6.675151,1,3951.606063,True,True,2.290458722740106e-05,5.843502269272988
6.146697,3,3955.538743,True,True,0.009303762642734135,6.283520684239434
6.617317,2,3958.928529,True,True,0.0016662169178859598,6.2337154223591575
2.350474,6,3966.967318,True,True,0.0022830755542059787,12.983451012523762
4.58629,1,3968.583034,True,True,3.9809260785209424e-06,9.613524338826679
8.167684,2,3969.755371,True,True,2.0569398490801133e-05,2.9972615585042086
6.913847,1,3971.625797,True,True,3.5164378003682897e-06,5.412527559688893
2.777197,2,3974.576406,True,True,1.925009813011358e-10,12.75247115174602
6.355455,1,3976.225514,True,True,0.00027513081169518606,6.420896347831555
2.602659,1,3977.863738,True,True,0.005927280891516451,13.195534679523085
6.734372,7,3987.293686,True,True,5.460828361067774e-06,3.913774116494892
6.694414,5,3992.154957,True,True,0.00016623699647430167,3.851241088539549
5.479984,1,3993.795148,True,True,0.004828176259331338,8.004994401173636
5.96167,1,3995.616144,True,True,0.0003800616229547018,7.131805349941481
0.920373,2,3999.142201,True,True,0.004755929839941827,15.868810827944378
-4.870344,18,4015.268613,True,True,0.004865101226376069,10.066270488020823
6.980257,1,4016.377103,True,True,5.154013894736326e-06,5.29262373586592
-9.215584,7,4021.807959,True,True,0.004529482522764626,16.494223269348478
1.654675,1,4023.533752,True,True,6.152930843130919e-05,14.901364830712673
3.90783,1,4024.756226,True,True,1.8064022620863443e-05,10.837591902153042
4.551487,1,4025.968532,True,True,0.00016891900017230576,9.67645508874214
0.193379,1,4027.131612,True,True,0.005206554407084784,17.538531370848116
5.862933,1,4028.289704,True,True,1.2847893453009351e-05,7.309674279872087
7.536011,1,4030.146569,True,True,9.863523015552671e-06,4.289090733075844
-10.788018,12,4045.474455,True,True,0.00021493412710142743,15.725150591049115
7.649122,1,4047.130043,True,True,0.0030429830159549487,4.088172038020532
0.837638,1,4048.866427,True,True,0.0003120461616778923,16.374651891812437
-11.593703,25,4073.084914,True,True,0.0025426680269560486,15.153397041734763
5.142439,1,4074.891591,True,True,7.660488123244344e-06,8.609986592891515
5.56532,1,4076.629208,True,True,2.8986292803729122e-08,7.8468118636461455
0.220254,11,4091.093259,True,True,0.011864778611712562,6.214580505797467
7.981813,1,4092.832629,True,True,0.009037931770631433,3.493696553326702
2.711065,6,4101.44914,True,True,0.0014479500307386182,12.42948759769471
3.695993,1,4102.620368,True,True,0.005182519683413968,11.223426370554563
0.69946,1,4104.245862,True,True,0.004253565701835621,16.625835494671765
2.412627,1,4105.444898,True,True,0.0006707034709435365,13.534947133193674
8.661672,2,4108.054231,True,True,0.008917320322221365,1.6005034119075479
1.583845,1,4109.270292,True,True,0.0006573789674701978,15.02943852408856
6.29477,3,4111.538238,True,True,3.99491404983153e-05,6.677483322875064
2.739644,1,4113.081877,True,True,0.00277006132318193,12.946566921168374
5.729891,3,4116.63851,True,True,0.004935145675181595,7.566453161167842
-14.244386,60,4188.39068,False,True,0.030477490033693787,10.687002862193804
7.858826,1,4190.039656,True,True,4.927801889775471e-05,3.705959152830674
4.035669,9,4201.86001,True,True,7.187318467859172e-05,8.296297811469866
-22.889641,22,4232.307742,True,True,0.011620213731357406,17.490936140951394
5.264598,6,4241.154049,True,True,0.009643914788239083,7.756608550638653
6.923029,1,4242.798436,True,True,0.008193457749013311,5.403916884199398
3.2635,1,4244.398174,True,True,1.8256856973543692e-06,11.999880797955843
3.993349,1,4245.5609,True,True,0.00018389455718324788,10.683441316939605
5.861961,2,4249.053526,True,True,0.00043604216590307707,9.135926535252379
8.56855,1,4250.805145,True,True,4.860451037968019e-06,2.4240863406066753
2.555496,1,4251.975975,True,True,0.0004279113335711928,13.2771347569499
7.597539,1,4253.614538,True,True,0.0021913570547469827,4.180394122134989
0.679216,1,4255.257643,True,True,7.403199858386985e-07,16.660096866731294
5.773691,1,4256.975882,True,True,0.004523143762366002,7.474779008162557
1.830639,4,4262.797103,True,True,0.009498110795937827,13.928618497752003
6.423917,1,4264.453587,True,True,0.0047326803209644976,6.301554751230229
5.509348,1,4266.041052,True,True,0.00018106652622734525,7.947993414106289
3.921462,1,4267.599837,True,True,0.0026311537773108795,10.814958187957671
8.679531,1,4269.406875,True,True,8.135912386731531e-07,2.2235822139947863
8.8368,1,4270.61632,True,True,7.596746485449162e-05,1.9359675901672686
2.876034,2,4274.387248,True,True,1.059581866691417e-09,12.500769751780544
-17.6629,60,4316.166457,False,True,0.02546765176793744,33.83088903547699
9.24585,1,4317.560025,True,True,1.8425310516791832e-05,1.2003513130539298
5.544191,2,4318.933281,True,True,0.007101057648208192,7.880459907985711
7.983878,1,4320.247365,True,True,6.835379267768841e-06,3.480223661409302
7.605448,3,4321.577212,True,True,0.006188361468674567,3.050216366572773
5.817922,1,4322.995157,True,True,1.187243494043394e-05,7.390914498767609
5.909714,1,4324.374558,True,True,2.3021309312602246e-06,7.225226609503701
5.420984,1,4325.799291,True,True,0.009185734753653934,8.11486042258424
9.855699,1,4327.636732,True,True,5.4747469651804815e-05,0.09752449442799314
9.89661,2,4329.545255,True,True,0.00013818663035631944,2.2684738096874857
4.256143,1,4330.901581,True,True,0.00856599377943542,10.215459551378382
7.317059,1,4332.792549,True,True,0.00018891005287303454,4.684676411337856
7.403491,2,4335.678966,True,True,0.004240496751008192,4.2320615412893625
3.916383,1,4337.537527,True,True,7.586476368989792e-12,10.822149323348661
0.272783,18,4347.927209,True,True,0.00464293239609152,7.245329674623746
3.959415,1,4349.125878,True,True,0.004140316540344422,10.747585542083844
1.282695,2,4351.069174,True,True,0.0009871118006195825,15.26554054630507
3.315988,4,4355.040091,True,True,0.00043343246165500685,11.39392782769691
5.477884,1,4356.868443,True,True,0.0006357272089006008,8.005186994100068
2.30439,1,4358.685267,True,True,1.094365667531072e-09,13.72970629964752
3.288432,2,4361.736739,True,True,0.0005569696438285261,11.990251983541965
7.475661,2,4363.621666,True,True,0.0001095331791755869,6.43136727833548
6.807901,2,4366.726216,True,True,2.264702683843836e-05,5.0319790914530715
9.603952,1,4368.485281,True,True,0.00048739183946884404,0.5538458455598418
9.382341,1,4369.838524,True,True,4.0636150430267345e-05,0.9537280496513058
4.574789,1,4371.070589,True,True,0.002152110959911871,9.636008793238954
6.477141,4,4374.247811,True,True,0.004995228561691413,5.5221280747292525
0.220662,7,4384.142382,True,True,0.005317804669867458,12.61574511729497
2.429472,1,4385.575435,True,True,0.002941672653359509,13.506008663224291
6.28471,1,4387.457916,True,True,1.635069211776679e-05,6.5483479654051555
3.666154,1,4389.577576,True,True,0.00290792445960906,11.275670783985516
5.534489,1,4391.325057,True,True,0.004347133288672588,7.8990271179174485
3.787707,1,4393.272909,True,True,0.0005464335029617164,11.054691743045565
2.727311,7,4401.767648,True,True,0.010493839512701483,10.141515662883808
2.914051,2,4403.761746,True,True,0.007228375474842013,11.74620389612124
7.181886,4,4408.236983,True,True,0.0047426604788914075,4.2718022806739935
-25.570855,60,4456.82952,False,True,0.0419528286801938,66.65212202299269
2.142057,2,4460.079748,True,True,0.000832539682725765,13.901215368528451
1.437857,3,4464.411123,True,True,1.6353709312121284e-05,15.849658196442501
7.108508,3,4468.287706,True,True,0.002199016840867959,4.482895367998869
2.979587,1,4469.63881,True,True,1.9537422894788659e-10,12.511974233168432
7.031686,2,4470.86054,True,True,2.942256165820549e-05,5.866863177376815
6.332502,1,4472.040294,True,True,0.0025663515208693925,6.464538060045666
1.940749,1,4473.37353,True,True,0.007347155231155618,14.389740870031055
-6.64391,7,4477.56524,True,True,0.00561721423145221,14.702647818679235
1.987837,3,4479.382894,True,True,5.22997805254416e-08,13.17249416473764
5.823191,4,4480.80206,True,True,0.00906663440646964,7.096833581239665
3.631443,1,4482.068055,True,True,0.004884537460047651,11.339643887906895
2.399786,2,4484.758513,True,True,0.004837595803674252,12.943616249379277
-0.163874,5,4488.702965,True,True,0.002425656616230251,16.289495340096607
3.740795,4,4491.895287,True,True,0.00017600406468393226,10.57505145120816
6.944304,2,4494.522207,True,True,0.00017062400825018946,5.207087288887813
7.871542,1,4496.30812,True,True,5.841253355450687e-06,3.6831187797774683
8.750553,3,4500.998016,True,True,2.0723641288662633e-05,2.2164939343285472
3.290289,7,4502.466946,True,True,0.002276658217652128,11.13416728829282
5.015905,1,4505.234737,True,True,2.0752674314697362e-05,8.838334498320304
-6.101141,5,4508.593967,True,True,0.007689634305345053,17.709421205632047
0.546378,1,4510.375126,True,True,0.006685216488632226,16.90295863503914
2.77022,1,4511.743812,True,True,8.418132788068355e-10,12.889590226532556
9.809614,1,4513.123378,True,True,0.0048612163165187615,0.18807634793098896
5.288673,1,4514.404461,True,True,0.0004230853891349917,8.346456537374983
6.017665,2,4515.791492,True,True,0.0009032243059319007,7.0443593775731035
8.116119,2,4517.587261,True,True,0.0007596769129345712,2.940463646897225
8.214733,1,4518.975562,True,True,0.0004126871190347275,3.059981809447573
6.513966,1,4520.087926,True,True,0.0036208506451334693,6.138001689827455
3.570041,1,4521.298149,True,True,0.00014836424073398982,11.447042950022011
3.361665,1,4522.573155,True,True,4.316095932911657e-09,11.82281084601373
7.266922,1,4524.418432,True,True,0.004713178168135955,4.778160766024691
1.826377,2,4528.110134,True,True,0.003687925017565638,14.474898193088968
2.625908,1,4529.862181,True,True,0.0005925963211960428,13.150257714220771
-2.717318,14,4537.198608,True,True,0.0030323528112141964,7.213811849069499
4.480669,3,4538.630154,True,True,0.00022642068999285773,9.31704290619359
7.011974,1,4539.90951,True,True,0.0040420049411442885,5.238958131868794
8.790037,5,4541.386967,True,True,0.001382034231242486,1.6233902019242845
3.75654,3,4542.892635,True,True,4.631633785352491e-06,10.517712684754699
4.884266,2,4544.317968,True,True,0.00010020726250000063,9.126490227710237
9.397257,1,4545.572913,True,True,0.004560292630274971,0.9326851727407743
3.998048,3,4546.971693,True,True,3.213469548688126e-05,9.667504424659791
7.392275,1,4548.198654,True,True,0.0008639639336883156,4.549595298747453
9.862597,1,4549.464241,True,True,3.231662209709184e-05,0.08572989641390065
6.302366,1,4550.825645,True,True,0.004614006373684941,6.520815662252254
5.038859,1,4552.058361,True,True,0.004690899433585123,8.800769120919744
7.348478,3,4553.442052,True,True,0.004760730214352594,3.4733375348549314
1.552679,1,4554.611784,True,True,0.005450675599225569,15.08833927225445
2.593882,3,4556.004686,True,True,0.0028034707110875115,12.83966050877292
3.935131,1,4557.248217,True,True,2.5074541723305033e-06,10.78832937137867
5.505689,2,4559.149518,True,True,0.004654537870367677,6.512069356312175
2.104171,1,4560.437186,True,True,0.00019665738981264683,14.090898092464851
3.6032,1,4561.705196,True,True,0.0050135995759282015,11.390666815764668
3.182906,1,4562.947542,True,True,0.0042951830314708166,12.148178724818672
9.878596,1,4564.79601,True,True,8.090666413974879e-06,0.056775788056453086
0.160702,5,4569.243353,True,True,0.002521825946095487,11.438760120986796
4.935777,2,4571.069921,True,True,0.0003138778019524035,8.585470274194554
5.285634,2,4573.010729,True,True,0.005015154883178745,8.349418929370938
2.432816,1,4574.35012,True,True,4.893048823160703e-05,13.498132618217708
4.498709,1,4575.634315,True,True,0.0003854845425026992,9.771857453678368
1.813971,3,4581.128844,True,True,0.004924908491516122,12.844120385998718
1.873987,1,4582.289411,True,True,0.009245155706134434,14.511095506822398
3.792205,1,4583.577504,True,True,0.004923166942317039,11.049724154114262
-5.895223,22,4598.646814,True,True,0.003615770867514656,13.32684004527977
4.571907,2,4599.996325,True,True,0.0011454182921111639,9.545869542931538
1.43589,1,4601.187735,True,True,1.1070800300041746e-05,15.295833163371976
6.788033,1,4602.306095,True,True,0.004015498285674752,5.6436935143212015
2.23666,1,4603.5578,True,True,0.005186737732600615,13.85502452801876
1.273636,7,4612.834333,True,True,0.007037963628208055,13.682842586212121
4.753915,3,4615.481749,True,True,0.005195659099355701,8.67315800694764
6.777531,2,4616.920191,True,True,4.989468088601248e-06,5.718744250144889
5.762716,1,4618.122559,True,True,0.004688040999585118,7.494722591952226
4.462571,3,4621.694457,True,True,0.0018159590807029188,9.369663421709918
1.882394,1,4623.000335,True,True,0.004128639439023291,14.493162393037078
6.956949,1,4624.352746,True,True,6.81950725626209e-06,5.334710113199202
3.437835,2,4625.727494,True,True,0.0008103677788235831,11.631306839316146
2.352948,3,4627.055332,True,True,0.0039024651478704216,14.51202749872176
8.299272,1,4628.2492,True,True,4.363951672402538e-05,2.9105785440158356
-26.81213,60,4649.676149,False,True,0.024280426931416185,13.07964498564394
2.16485,9,4653.632785,True,True,0.007310412016332524,11.537945696277923
9.143342,1,4654.984839,True,True,0.0022282522275417493,1.388466449155201
2.259135,2,4657.830003,True,True,0.0003912522864903275,13.05061463545632
2.750801,1,4659.315764,True,True,1.831689730447117e-10,12.924613089901634
4.029167,4,4664.437591,True,True,0.004894781934892948,8.65723589252884
7.824055,1,4665.818403,True,True,0.004662585608814309,3.7740413359678207
1.668089,1,4667.074405,True,True,0.00044084308148846507,14.877405681522733
8.987704,1,4668.549569,True,True,0.00451814558462479,1.6724516836443262
3.70056,2,4671.142334,True,True,0.0025650401200345047,11.087221629119178
-5.227317,8,4676.220963,True,True,0.0024882346187597012,13.533568399409825
8.93859,2,4678.922957,True,True,0.0005146159989146051,2.500323577885665
1.661115,1,4680.210411,True,True,0.0029755285804621903,14.89146649401591
7.245687,2,4681.456635,True,True,0.004534000017906602,3.524618034760171
6.746797,1,4682.647235,True,True,0.0018313515524818833,5.715990351224107
2.717547,1,4683.91681,True,True,3.8438071302271393e-10,12.984588581250328
1.019746,2,4685.144334,True,True,2.45018526995322e-09,15.787682377016097
3.073672,1,4686.404542,True,True,0.00035696388128599044,12.342525225609057
5.615877,1,4687.591083,True,True,1.1722585172260942e-05,7.755577693606919
5.021759,1,4688.758471,True,True,1.0858295205588581e-06,8.827753120733961
2.72434,1,4689.880904,True,True,0.00015247741712040921,12.97244075618594
7.578681,4,4694.6266,True,True,0.0039891866218403245,4.312792674026845
5.427247,1,4695.971273,True,True,0.002052779440073987,8.09781315412992
1.949603,2,4697.351109,True,True,0.004520600916478303,13.59003319535783
5.066557,3,4700.383212,True,True,0.00258935755502261,8.392053757637482
0.369039,1,4702.360708,True,True,0.00010215333230154903,17.217847278291938
3.771965,1,4703.598398,True,True,0.009476857437903639,11.089214677994562
0.386042,1,4704.710886,True,True,0.00019650503442741993,17.188740310968484
3.017838,4,4708.503015,True,True,0.0014766354326646441,11.689825306985854
8.416342,1,4709.616441,True,True,6.472745371626561e-05,2.699127809820434
-0.102191,6,4713.423074,True,True,0.0039176075351378195,15.056709432305645
9.35535,1,4714.507554,True,True,7.85982092129777e-06,1.0024599959929128
4.918284,1,4715.638549,True,True,2.924426832924041e-06,9.014475963306323
5.822888,1,4716.76279,True,True,0.010929832083471352,7.391161294526759
5.384109,4,4719.202292,True,True,0.0003886358648742781,7.290345672310108
9.497857,2,4722.0579,True,True,3.24843647193933e-05,0.5847639083410183
2.994492,3,4723.280753,True,True,0.0001711946867821515,12.235145903523778
-12.044201,37,4745.00449,True,True,0.0013986544601917719,11.556325365909647
0.9508,2,4746.12618,True,True,0.0012265113022068945,16.0533389416258
4.471182,1,4747.289614,True,True,3.0163496265949276e-05,9.821235752230887
3.303483,2,4749.648788,True,True,3.1232030850425474e-12,11.801255998649697
3.956004,1,4751.466457,True,True,0.004654816347020576,10.754101757870291
7.283577,3,4753.323111,True,True,0.004532885471040899,3.133463403043757
9.496468,1,4754.917466,True,True,5.687144761608396e-06,0.747430016743879
0.447457,1,4756.688175,True,True,0.005274647888284186,17.080592255747533
5.651476,4,4761.297303,True,True,0.00717194807865956,10.707249788512245
6.486927,3,4762.602378,True,True,0.008009569222899327,4.908403754362061
0.942696,6,4765.054059,True,True,0.0054718802907293695,13.388171645374747
8.854468,1,4766.224095,True,True,0.002334291792233662,1.9104709953997994
-19.328593,60,4802.511454,False,True,0.05553218640894591,42.25523167307118
1.160855,4,4805.79089,True,True,0.011861465559438858,14.755660712659598
7.399554,2,4808.948539,True,True,0.00012320340116120983,4.826217616216526
2.231162,1,4811.080347,True,True,0.011268105590869163,13.86826082378418
-5.112381,30,4827.196767,True,True,0.011675411617862575,8.486584122178837
-21.132032,60,4840.261966,False,True,0.009631028677332641,9.181137607113575
-21.692696,60,4876.142722,False,True,0.02308753335380185,30.6605011097118
5.851751,2,4878.531919,True,True,0.006677929154313657,6.837035631742501
2.649704,1,4880.5589,True,True,0.007559100500108076,13.111665648736146
3.609063,3,4883.796812,True,True,0.006991955238758398,10.842217820411717
4.464853,11,4891.181848,True,True,0.002373857893631183,6.206578201777335
9.797901,2,4892.885106,True,True,0.007184685971703193,2.1765401440712573
6.017062,1,4894.15537,True,True,0.004737209424979025,7.03579580721241
-3.921812,9,4895.9721,True,True,0.004551025732252115,17.585823630116302
-30.453656,60,4909.994274,False,True,0.024858424681254404,29.663862443342648
8.155457,1,4911.195912,True,True,0.0047218069263173824,3.1757167180645482
-17.880813,60,4927.801032,False,True,0.020875073680569737,16.827870964811456
9.235442,1,4929.462498,True,True,0.009580166899280866,1.2308658418728646
-30.512739,60,4937.527742,False,True,0.022397098936034473,24.27898942960452
6.997725,1,4940.052109,True,True,0.0027156841187254343,5.26389014865517
3.768047,4,4941.270385,True,True,0.004840428688632405,11.21712942671286
9.219743,3,4943.590464,True,True,0.0050326745518653425,1.4217029991142625
1.48052,1,4944.761215,True,True,0.003549995575197428,15.217393752861547
3.984796,1,4945.9809,True,True,0.007081525796555851,10.703842208743627
6.89711,7,4947.39248,True,True,0.008234717002321985,4.811434364497769
9.906269,1,4948.576577,True,True,3.2607626968181834e-06,0.006748202329751252
-1.583113,14,4952.702705,True,True,0.004304813046554296,16.48821329356478
6.346853,1,4953.970274,True,True,0.002052952862854209,6.438149107839009
-3.513614,16,4956.770399,True,True,0.0021118759349198863,15.947138854430104
0.413456,3,4958.05716,True,True,0.0047606053404353425,14.540844211550526
0.265994,5,4960.376788,True,True,0.009463667272732613,15.117632920018982
3.747081,1,4961.594326,True,True,0.00571458263708494,11.131646912398915
3.432501,2,4962.776194,True,True,0.00039782639409782425,11.760968580889173
0.650939,8,4964.61909,True,True,0.003818372682039703,15.60950924680924
1.330326,2,4965.750265,True,True,0.009736377367729619,13.53950661189802
-18.170009,60,4982.067142,False,True,0.017732670791559015,36.18681252570446
9.892433,1,4983.307167,True,True,1.1672622434073798e-07,0.03175311957053855
5.305928,1,4984.480749,True,True,0.00044371497506939545,8.315336541712792
-10.685698,60,4997.087882,False,True,0.016164550638334205,17.92671872903967
2.249357,6,4999.650847,True,True,0.00915207424340837,13.599818332270114
6.083546,2,5001.854144,True,True,0.0043375149573960155,8.08005999807935
-7.214022,45,5015.783179,True,True,0.008821570315904926,15.662980182733568
5.703898,2,5017.134493,True,True,0.00024403104097410044,7.271213475832255
-1.879822,26,5020.004856,True,True,0.004794246572764985,15.324800648288528
-14.22736,60,5039.013599,False,True,0.010084718174004378,27.69335018906391
3.507513,5,5040.49601,True,True,0.0031232390351105315,12.607624690374847
6.13074,1,5042.005008,True,True,0.0007318363903209995,6.826972284009808
8.741418,1,5043.443945,True,True,5.627774354076756e-07,2.1117721663193114
1.385226,1,5045.139835,True,True,0.006040105823360573,15.390531984805277
3.891824,1,5046.607406,True,True,0.003124983844715241,10.86877724624505
1.17514,1,5047.972965,True,True,0.011151600477493315,15.771735210077525
8.097281,3,5049.893462,True,True,0.0008944385994985706,2.981225016027284
-6.812964,42,5063.538281,True,True,0.006034128240745471,14.87331541426874
-13.379886,60,5074.542934,False,True,0.0035424499507413945,72.93826422246234
0.211115,14,5076.408184,True,True,0.002531454144282328,16.689361907673046
2.227276,4,5079.258169,True,True,0.0031772992789528033,13.474606655569971
-14.380189,60,5104.470476,False,True,0.01876092896702531,10.184054378196514
5.660686,1,5105.700825,True,True,0.0012766430026123227,7.675858711069297
5.816157,1,5107.082017,True,True,0.004846652561328842,7.398426213119596
2.012195,1,5108.478663,True,True,0.003711967824442273,14.258886137940781
0.974467,3,5110.048304,True,True,0.0038416664680118694,16.631759646617756
6.10965,5,5112.812641,True,True,0.002310093359152118,7.643369081574849
-12.482603,60,5126.806667,False,True,0.0016433009876913665,30.426735668328416
6.8798,8,5129.829457,True,True,0.008392904779683592,3.865107960065795
-10.948892,60,5147.577147,False,True,0.004580026484406112,22.07342017957143
4.525952,4,5151.837525,True,True,0.002886877787704089,8.161219520367165
5.194061,1,5152.874717,True,True,0.004656267312317845,8.520732420880886
8.812376,1,5154.593929,True,True,0.00042325702815441957,1.98411292636746
3.436631,3,5157.042124,True,True,0.00014187322666259737,11.458332227891264
7.798043,1,5158.240431,True,True,0.002564418098084319,3.8187495090732737
4.819512,4,5159.593445,True,True,0.008611651152892495,8.902455808878758
6.102438,2,5162.022271,True,True,0.004873293822939229,7.414700281417247
-16.556895,60,5173.670447,False,True,0.009080931102929873,33.16154395113596
-9.808595,60,5185.082627,False,True,0.00491694569100786,15.380554081571495
-13.035771,60,5202.949649,False,True,0.0052215306915536185,28.232615978780597
-18.136675,60,5217.970201,False,True,0.02031177499710953,15.78812522282894
5.902977,2,5219.471045,True,True,0.005069261608686941,7.10859727597238
-26.955183,60,5250.668356,False,True,0.015702028296555794,80.49965592269552
9.892403,1,5252.125401,True,True,3.7395417695146663e-06,0.03181376107364069
4.106937,11,5254.233449,True,True,9.797859446915487e-05,7.63552368391262
-8.97263,17,5260.845548,True,True,0.010179926891525857,17.75394441783989
7.847525,2,5262.478569,True,True,0.0038912104954309107,3.586324247390197
-11.113474,60,5298.87851,False,True,0.007759305276817194,41.56178437761843
-11.06074,60,5310.841671,False,True,0.009517977662376038,13.055875332241234
-16.153408,60,5338.297117,False,True,0.00039243248364806936,15.669851760850664
3.347573,2,5341.232914,True,True,0.0010086547490951916,11.719486729621117
-14.985258,60,5349.791452,False,True,0.014352447974165551,24.182652564607352
-9.387183,60,5368.613266,False,True,0.008267769685223775,20.036403437072654
-14.729672,60,5381.626554,False,True,0.004552294538205947,20.492340855062817
3.977785,1,5383.21011,True,True,0.004736572579766471,10.713905568407831
-14.708456,60,5400.982602,False,True,0.02336220151143279,15.330935933770755
-8.743025,60,5411.433313,False,True,0.006792263274052528,20.02043732718782
4.32112,2,5415.17972,True,True,0.00080391344348599,9.962612246618722
7.451024,3,5416.763632,True,True,0.002355974962862251,3.6028466555186682
3.721166,3,5418.23824,True,True,0.004572693982958688,11.01149529569074
4.115502,1,5419.779777,True,True,0.008891229819487069,10.469318593099317
5.633974,1,5421.42226,True,True,0.004453035001451731,7.726830315216823
0.422166,1,5422.841619,True,True,0.000472452748424188,17.1237629906185
5.242745,1,5424.456462,True,True,0.0003578183034121992,8.42928145400832
-22.510378,60,5447.71978,False,True,0.01377420504259395,31.64097756924649
2.45173,9,5449.522934,True,True,0.0021804539712745596,12.548439681393996
-16.757511,60,5461.176191,False,True,0.01567099639758633,13.076827823335178
1.068333,1,5462.666423,True,True,0.0004418362310400145,15.958799422319295
1.314473,1,5464.170925,True,True,5.308456237371325e-06,15.514754760879143
2.886391,6,5465.883245,True,True,0.0022392566432822836,13.690222262266674
8.079897,4,5467.366066,True,True,0.00231143750126645,2.1164801464483207
2.658854,6,5470.581894,True,True,0.00023972650508589065,14.031712010463192
-20.859104,60,5492.39325,False,True,0.00922078393019655,31.210697435443535
6.706931,1,5493.761171,True,True,0.004677041267511422,5.7907074050221095
5.879052,1,5495.120897,True,True,0.00011765319714083806,7.280678824623139
6.872766,1,5496.568766,True,True,0.0072249231798443,5.493755511481451
6.287793,1,5497.930604,True,True,0.003855484619489021,6.54642792449647
-10.857648,60,5519.258816,False,True,0.014807583498610433,53.22550347200121
-1.071296,29,5527.524705,True,True,0.006688585740071675,16.95760471198986
-4.925494,60,5553.956002,False,False,0.004805892581103211,7.039045263905894
-18.569297,60,5574.665737,False,True,0.015202005140425167,41.172817331531434
2.945716,1,5576.563266,True,True,0.0023294728630005243,12.574644268599984
2.936614,3,5578.207508,True,True,0.006561884818939311,12.639228292959812
8.832739,1,5579.662273,True,True,0.011755970403935792,1.9602890836567513
4.36274,6,5581.806868,True,True,0.00636808546816,12.433103917312302
-2.436682,12,5583.757075,True,True,0.002003880272503631,15.466210962897208
1.129218,4,5585.251964,True,True,0.004780593025058038,15.290902815019937
6.301066,2,5586.815649,True,True,3.5807010391110394e-05,6.775454068082681
-11.742458,60,5607.38043,False,True,0.0050392485015887025,66.42419452392818
4.85522,2,5609.138155,True,True,0.0048640669474820175,8.488068671286788
-4.084098,60,5625.848908,False,False,0.004656656438172367,3.2714910150200014
-0.875115,17,5629.539152,True,True,5.414338820450065e-05,12.463564282694996
-17.092281,60,5656.09237,False,True,0.022228373504453364,35.579472257729805
4.909042,4,5657.811546,True,True,0.0018268759011587851,8.874828254910337
6.460229,7,5662.28226,True,True,0.0010696065191616424,7.074259898355552
-8.24717,60,5676.511487,False,True,0.013637569979852403,31.137127057529852
5.032019,2,5677.934577,True,True,0.004826880965890138,8.89333028282921
3.628602,1,5679.45742,True,True,0.0006768442042161217,11.341796927000312
-14.568232,60,5699.193932,False,True,0.0047735834619004125,13.636967306245815
7.909673,1,5700.510696,True,True,0.00472331598258461,3.619518786339549
-10.398114,60,5721.327587,False,True,0.025319054231241388,33.933782556201265
3.323881,3,5722.731391,True,True,0.008831605222699523,11.584038225149978
-12.902941,60,5737.214319,False,True,0.016489025613292924,21.76607403635796
-10.033584,60,5755.775851,False,True,0.011567215856959998,70.21306534169759
-8.414272,60,5766.514975,False,True,0.028672816405169804,89.53429031965003
1.159239,4,5768.496218,True,True,0.006686922746463375,14.847233036060823
0.803014,1,5770.258277,True,True,0.008045605827186216,16.441022393401862
6.40267,1,5771.911549,True,True,0.00501223538137298,6.340153838996028
-11.334609,60,5787.932763,False,True,0.00719615404282869,42.28535298491248
-15.76305,60,5798.972675,False,True,0.007394723016283878,36.342726379762176
-10.645751,60,5812.485837,False,True,0.025484094735933042,54.274393639497134
-2.699282,17,5814.367006,True,True,0.009522885725617365,14.0723060815927
5.958605,3,5815.776335,True,True,0.0022294256673321294,6.700709977370643
-14.879062,60,5835.108221,False,True,0.010547003458124133,22.600378151400513
-10.79326,60,5850.620498,False,True,0.01153974189637064,33.754459244441286
-13.410128,60,5867.171343,False,True,0.010669466187482646,33.61493181469017
7.376549,3,5870.953551,True,True,0.0001583450528913153,5.277266214371715
-0.429529,3,5872.194717,True,True,0.004806859168009006,16.264977456946127
-9.36653,60,5882.844088,False,True,0.009944382188744737,35.70430935388306
7.72631,21,5889.570031,True,True,0.007871466308614213,4.776283096620378
4.327806,1,5890.882247,True,True,0.001746088333659631,10.08127326194352
4.526178,1,5892.072929,True,True,0.0023415187366642334,9.723856870173606
3.877407,11,5894.960577,True,True,0.0019255874073939912,8.769498361170134
-8.232379,60,5907.822486,False,False,0.0190760648805851,30.76346530914438
9.889438,1,5908.967935,True,True,2.294604346046985e-05,0.037200722872613286
5.237792,6,5912.82988,True,True,0.0052871313393482115,8.16710856884109
5.514762,1,5914.100782,True,True,2.15633149608141e-05,7.938078671744511
7.099974,1,5915.375945,True,True,0.0044478681234613165,5.08103305165213
6.632055,1,5916.699319,True,True,0.004616242265413596,5.9257946573480496
6.081852,12,5920.975457,True,True,0.0025678944385859083,6.184383189242603
-11.214064,60,5930.613931,False,True,0.03369425089226808,24.947301552017045
-0.615872,8,5932.106396,True,True,0.007259598743182822,14.719830763238498
1.943934,1,5933.244217,True,True,0.0027423620837801407,14.381396546346384
0.238064,1,5934.431228,True,True,0.0049178478560958465,17.457851307441278
6.791869,10,5935.895955,True,True,0.011873270934342239,7.610613633530491
4.807661,2,5938.431962,True,True,0.0012620206622775158,8.956380495306915
1.341557,1,5940.064758,True,True,0.006282424695493635,15.469380137416199
-9.176947,60,5952.888903,False,True,0.001075482784490337,18.852241594545752
0.436524,1,5954.219003,True,True,0.002420807670908921,17.098889064537396
5.200298,2,5955.465714,True,True,0.001141757889341354,8.526152445619683
4.969579,2,5956.663178,True,True,0.0024528362012811228,8.73696374656526
-10.70164,60,5971.968593,False,True,0.030745098168461125,31.526868463991658
0.491122,2,5973.204621,True,True,0.005822933024320225,16.94271694687186
4.253898,4,5974.479408,True,True,0.004581263491511233,7.6096631546275155
-15.388772,60,5993.036233,False,True,0.030217756790550318,39.86838716231655
1.474411,7,5994.554651,True,True,0.006680820756601244,11.987413495412861
3.854829,1,5995.79719,True,True,0.005061761203517328,10.936870490382727
5.640888,1,5997.310297,True,True,0.010298918767171202,7.719003619486688
-9.537681,60,6005.52395,False,True,0.004791845843484439,7.968489081364932
-9.421239,60,6020.75372,False,True,0.007041487812113164,15.458493705685694
-12.072771,60,6029.868448,False,True,0.001747592995079371,52.480934242199005
-1.799242,24,6042.497503,True,True,0.010771916630781801,15.591843088360688
-8.071731,60,6050.632108,False,True,0.009973612399943163,14.074066196921493
7.379092,2,6053.159938,True,True,0.008341045524954656,4.120064545554556
6.914165,10,6060.116803,True,True,0.010001768729266473,3.8367306529006955
1.062734,2,6061.273553,True,True,0.0005339493799179779,15.785362813192295
-3.955458,31,6063.561527,True,True,0.001470121058769298,16.270444986260856
7.178174,5,6064.985725,True,True,0.006574728343035328,3.3435320213250734
4.670114,1,6066.129923,True,True,0.007809550881865841,9.468291234847372
5.826398,4,6067.623905,True,True,0.0073188370752409375,7.794009778506063
3.318226,3,6068.868416,True,True,5.5461988338166546e-05,12.045118264645186
3.149169,1,6070.074891,True,True,0.007014602654225148,12.210743023437365
-14.710072,60,6084.978658,False,True,0.007381588345089221,16.436125677203734
-6.677679,60,6100.76631,False,False,0.009544405374306187,11.010213921325851
-14.846951,60,6118.237109,False,True,0.017845760934085127,10.700953320724247
4.149538,1,6119.42017,True,True,0.005391819954369692,10.405545879639192
2.932994,1,6120.650766,True,True,0.002983649669928704,12.598019394408452
5.953593,4,6122.422084,True,True,0.00942965004494141,6.61014135747213
-8.603615,60,6131.952281,False,False,0.0019869457456631375,25.119277238735798
4.981101,1,6133.274208,True,True,0.00014863436688276692,8.901248869038298
-18.397746,60,6154.410286,False,True,0.013976672455314011,11.428780549811961
-11.226785,60,6165.885655,False,True,0.0296449184574229,24.614913460409745
-11.600689,60,6181.921757,False,True,0.04605182156709119,48.124903440292286
0.029771,2,6183.071342,True,True,0.006713219833515253,17.800337404883933
-12.625402,60,6193.7046,False,True,0.024619260269432185,89.74395310043215
2.808697,1,6194.974059,True,True,3.426894185087903e-13,12.820193907832605
-14.589807,60,6213.080724,False,True,0.011141063546499857,12.861815976582939
6.776739,3,6214.463217,True,True,0.006930562758192455,4.371558327877633
8.116373,3,6215.784186,True,True,8.376012984582853e-06,2.4261487252004454
3.569046,4,6217.621047,True,True,0.0007062921153850113,11.108192937256494
8.307189,1,6218.788431,True,True,3.180456961590465e-05,2.896263993563254
6.604184,3,6222.424239,True,True,0.00023943988036858807,4.513859864318745
7.22479,2,6223.672795,True,True,0.0023823075868068854,5.04399811309711
-12.628934,60,6243.044422,False,True,0.0013808352223198903,33.82912911525074
-1.360697,10,6244.507916,True,True,0.005232228151701623,14.341043791613147
1.471526,1,6245.681047,True,True,0.007310639971481324,15.235614781508971
-12.09649,60,6260.216944,False,True,0.018724907167090486,78.58506894664461
-12.175141,60,6271.649211,False,True,0.0017910857015981095,30.37735513495868
-13.660541,60,6285.619724,False,True,0.01299004111514678,26.054162384583332
4.525268,5,6287.035351,True,True,0.006537391557128544,8.937012047508647
4.63191,23,6300.02815,True,True,0.011973811404932304,6.053007199173878
0.72975,4,6301.872689,True,True,0.0010203716619604404,16.28955428802686
-14.199091,60,6310.916011,False,True,0.01635681044423977,8.88260788746574
2.427817,4,6313.490096,True,True,0.007546031700596782,10.882077602201019
1.31525,1,6314.756211,True,True,0.004963729759660172,15.516115209183672
-18.591106,60,6331.189441,False,True,0.0026852483977304765,4.94802244910548
-13.110521,60,6346.561525,False,True,0.0024770011426339927,2.2997497686567625
2.323702,8,6349.234464,True,True,1.998178515011384e-09,12.873936290362272
0.948685,3,6353.280136,True,True,0.0035758881718730004,15.837739744852591
-15.00577,60,6362.535213,False,True,0.004073592076014185,27.33286532088538
4.67748,1,6363.818222,True,True,0.0013847592879862765,9.450122341846631
1.212331,1,6365.053356,True,True,0.006867890510350715,15.702630535225321
-3.818594,16,6369.527584,True,True,0.00535738903031022,10.4357787835679
2.859754,1,6370.88435,True,True,0.0056489605923867375,12.731781871041367
6.902846,1,6372.179295,True,True,0.006405152187435553,5.43871574014855
2.533201,1,6373.61989,True,True,0.0037314413854439054,13.319450246690462
8.929315,1,6374.970423,True,True,0.0023327432282839486,1.7752584259586324
-0.027108,2,6377.761639,True,True,0.011847300800782591,17.852347569877114
-15.2475,60,6392.187643,False,True,0.0065592820099612,23.300767458464684
1.496834,9,6395.161751,True,True,0.0023319082410519073,14.023542387111135
7.2262,9,6397.287375,True,True,0.00217877581352413,3.5600721608367034
5.210231,1,6399.945213,True,True,1.020234580845214e-09,8.48764114598802
5.668489,1,6403.06869,True,True,0.0002449084033748399,7.660838424287709
-13.41567,60,6418.910821,False,True,0.01680952625438007,11.102305006576323
-11.812512,60,6462.279162,False,True,0.015050723101143327,21.54380900710659
7.271315,8,6467.645253,True,True,0.0002686456453029739,3.251195578311767
6.52575,1,6470.187878,True,True,0.004764808559568587,6.117797130453695
3.220425,3,6471.819592,True,True,0.008487120253178741,11.833322269959417
-13.433899,60,6490.574197,False,True,0.007303574159723682,15.770231319566784
-19.887877,60,6506.426589,False,True,0.01217739519056262,20.51563051720468
2.098226,3,6511.83617,True,True,0.004600291037422035,13.657070485825297
1.197232,4,6520.694996,True,True,0.008080683661596,15.887024257275462
-6.685635,60,6534.080195,False,False,0.004616044549971794,17.360175247125937
-0.573979,6,6538.000564,True,True,0.009592632716541986,16.739735465819923
-6.876057,60,6553.707909,False,False,0.01644866831912822,26.80263835681836
2.398703,6,6554.975395,True,True,0.011892240526848459,13.276463033734503
6.724149,2,6556.087569,True,True,0.0047550748339309,5.75341872050952
-11.591501,60,6574.751402,False,True,0.004732704922047082,21.016101490638146
-22.713468,60,6596.57037,False,True,0.013802307461571878,39.439448115464764
1.113944,1,6597.728075,True,True,0.0016681969485723251,15.877251635785276
-8.504711,60,6607.800646,False,True,0.014093474616001118,27.978974273776835
5.81843,2,6608.954797,True,True,5.92902924637889e-05,6.509420324734076
-14.209074,60,6622.620643,False,True,0.01830993843923078,19.836719496604243
7.744153,1,6623.782592,True,True,0.0005638773946438965,3.913828992861783
2.051193,5,6629.461917,True,True,2.2765298627869723e-05,12.342413836636279
6.630322,1,6630.669512,True,True,0.008216821426534397,5.932161566908804
-13.864185,60,6642.848836,False,True,0.012742083094749992,16.282512707684337
3.618523,1,6644.127752,True,True,3.99861515600064e-09,11.359477967266384
-5.919475,5,6645.63748,True,True,0.0013148676595601135,17.576369013315173
2.099112,1,6646.956253,True,True,0.01052487246406017,14.105923320982043
-16.338545,60,6664.734333,False,True,0.011309033732227984,25.309569147265975
-11.575315,60,6674.814976,False,True,0.0111779260748254,29.689797077755035
2.079014,1,6676.036606,True,True,0.0007003122888634,14.136581136952895
-20.483484,60,6686.137668,False,True,0.02104342991948416,9.768701146782048
5.360992,7,6690.30965,True,True,0.0026161126572566288,7.269327842099142
-8.633408,60,6706.34728,False,True,0.01631236786699359,25.00474098670986
-11.959726,60,6729.508972,False,True,0.005020679001665425,14.03195887098251
0.079923,5,6734.333916,True,True,0.011331821272805557,17.005751926212362
-12.518988,60,6741.882593,False,True,0.005626020752274297,12.866216773976397
4.54077,5,6743.682748,True,True,0.00264527424644799,8.925283829562135
-0.015633,1,6744.999745,True,True,0.0010275456203499862,17.913261200114558
6.897433,1,6746.403722,True,True,2.421887761238717e-06,5.442162510585919
6.179748,1,6748.096474,True,True,0.0009137770825751812,6.738685900830759
-13.532566,60,6761.849155,False,True,0.002577880491367311,15.474582819097668
3.585262,1,6763.07251,True,True,0.0029523007189565,11.42160583315548
-2.413784,16,6768.594655,True,True,0.011571796247482669,12.210303327908099
9.473621,1,6769.940355,True,True,0.0016417819024644176,0.7909422827556544
-12.372058,60,6779.418075,False,True,0.00850214163926575,9.750343609839767
5.279688,3,6781.001627,True,True,9.277424430056904e-05,8.935664037187085
1.913054,6,6783.995514,True,True,0.008956443645700187,12.100166652792886
6.872346,1,6785.35382,True,True,0.004238723563036899,5.491146604233265
6.113897,1,6786.772372,True,True,0.004391937733858217,6.857570280487715
-0.290162,7,6788.279407,True,True,0.002330705502355777,16.640928002940772
5.939161,1,6789.569806,True,True,0.0023668914383780243,7.174272362473241
4.033761,2,6790.785052,True,True,0.00171933067530421,10.483626108902124
7.500965,1,6792.161659,True,True,0.0002993579929526039,4.35270365129986
8.107472,3,6793.535713,True,True,0.0007957472948359988,3.1610686090016853
5.360138,1,6794.847977,True,True,0.0006328980864368288,8.217674598348154
-14.325613,60,6807.86127,False,True,0.00877803807272221,11.773597958733344
1.54328,4,6810.52748,True,True,0.00017482100855433988,14.51562618690914
2.924644,4,6813.207478,True,True,0.006477312740941198,12.28629170469201
-19.281945,60,6830.502201,False,True,0.005545350037656853,41.35835081470582
-2.257508,14,6835.852882,True,True,0.0060299110022553086,12.105585011285907
5.757231,3,6838.331047,True,True,0.0020458960409979097,6.4733217290708485
6.044337,9,6839.804939,True,True,0.00991342959840675,5.431969119429828
7.491359,1,6840.980832,True,True,0.0046751443848076805,4.374715704985458
-0.873115,10,6842.596428,True,True,0.0009996765431999639,14.609396716297619
-4.950052,60,6860.972714,False,False,0.005094834369819324,2.9097356282710836
-14.461385,60,6876.110105,False,True,0.00248106924443664,11.851742406487743
2.600124,5,6878.991163,True,True,0.004392992288413262,12.478469877654954
9.140192,2,6881.301848,True,True,0.002949426085815058,1.6018583512454836
4.81721,1,6883.541424,True,True,0.00252182380422742,9.198935181495312
5.698337,2,6886.006615,True,True,0.0004737061299622666,7.849629052382243
-10.238063,60,6913.856241,False,True,0.04085078682739131,71.08588617566292
5.01285,1,6918.347259,True,True,6.84539648435449e-05,8.843887228699268
5.27024,3,6921.759723,True,True,0.0051154312106401045,7.927448360757768
1.470605,1,6924.619045,True,True,0.000976152199759224,15.23380675598142
-7.977598,60,6933.143085,False,True,0.009368483810535996,15.925536656220375
6.142937,1,6935.6438,True,True,0.006812062110304174,6.807749741850983
7.849946,1,6937.844548,True,True,0.0030511813479001636,3.7255596633430175
4.728166,7,6940.827396,True,True,0.0012193186109358805,7.250149245346217
1.694586,4,6942.492553,True,True,0.0075462885132570965,14.440673513928978
7.061721,2,6943.964557,True,True,0.0002572739550570002,5.001811793618875
6.820516,1,6945.428278,True,True,0.00014934358728781877,5.581189240694106
-16.617811,60,6961.762211,False,True,0.011966723437613725,26.286542666595583
1.746955,8,6967.266012,True,True,0.00268419386256729,13.72706590960253
4.335349,3,6969.904498,True,True,0.00016398766081961256,10.044010957605257
3.021389,1,6971.694033,True,True,0.0009409283541014033,12.43722978767064
-18.979303,60,6980.205485,False,True,0.009058644329634869,28.56957472536048
2.237853,8,6981.592527,True,True,0.004861905842176991,13.017852776198731
1.345077,1,6982.847334,True,True,0.00014328527436092368,15.459655028042429
1.320707,1,6984.157305,True,True,0.006929456073439852,15.50729771393614
4.698751,4,6988.221866,True,True,0.009386518635661983,8.52768315813635
6.108414,2,6990.674308,True,True,0.0003747386768648943,6.728225730218431
0.159866,7,6994.593778,True,True,0.0009054523118723658,15.626900294483365
-9.858314,60,7008.330619,False,True,0.0028779719437060673,9.855125592281395
1.140242,2,7009.552867,True,True,0.0020592219157990212,15.874456138125158
2.632826,1,7010.834765,True,True,0.001344458178251998,13.138277797010835
3.346564,2,7012.024253,True,True,0.004440704869806545,12.352226762324495
-10.578166,60,7025.816502,False,True,0.020055327211792543,60.66757759531582
-8.408492,60,7040.635961,False,True,0.015290334803172396,87.97373200209675
-17.266993,60,7060.045245,False,True,0.004542511419994426,16.00273623559011
-9.879186,60,7070.235884,False,False,0.0016163129063668656,28.675159640518565
3.764384,1,7071.397321,True,True,0.002694679497227371,11.09834009495142
-11.396553,60,7086.912189,False,True,0.007294076994439577,15.071735304335043
-0.042835,2,7088.215436,True,True,0.00022841234557434854,17.95514680944906
-11.152026,60,7099.877934,False,True,0.01928452669183927,11.268402059629265
1.269748,2,7101.225394,True,True,0.0048485308871681,15.4364110579042
3.406141,15,7103.004903,True,True,0.004885754803082265,9.233087311326647
-22.451053,60,7113.976959,False,True,0.023666772342067023,29.77583305687723
3.113824,1,7115.221456,True,True,0.004411449393754389,12.272837473976633
-10.699712,60,7125.392062,False,True,0.0013328887229369403,32.05224268868378
-13.990851,60,7137.453178,False,True,0.037028554577112724,29.30606272628527
-14.346921,60,7152.849087,False,True,0.004375799315448733,29.980436974437918
5.387881,3,7155.719003,True,True,0.0071157962596862,9.930541643677497
3.86964,2,7157.205411,True,True,0.003090948477121621,10.672473477423111
2.855597,1,7158.716254,True,True,0.00483972002870166,12.738777294133719
2.93913,3,7161.69761,True,True,0.009418451369389166,12.397359833189855
2.466056,5,7163.530384,True,True,0.002599713410829771,10.437748079841647
2.054001,1,7165.136513,True,True,0.011095980479306579,14.187534527222555
7.957555,1,7166.85594,True,True,0.00465074691747416,3.5329843134406986
1.56898,2,7168.2221,True,True,0.0006531551472971891,14.93622815027345
-13.696759,60,7180.293434,False,True,0.004596558300508246,42.31878082627517
4.303566,4,7181.857946,True,True,0.0003815730172876588,10.14586071216187
0.892939,4,7184.92037,True,True,0.01190193572324117,15.165315916891057
-16.524561,60,7198.53235,False,True,0.01241536615161111,11.692433672902428
8.963219,1,7199.709637,True,True,0.004764309960561337,1.7169712803321484
-13.629561,60,7208.68855,False,True,0.01632195170621148,13.207986973506658
5.518,1,7210.049448,True,True,0.004153027484193161,7.935840377632367
-10.516358,60,7220.409178,False,True,0.007379893677867035,13.594373236315896
-23.129703,60,7234.612315,False,True,0.023397630343022086,26.480862260016917
-1.129069,16,7239.856108,True,True,0.0031216142069306254,9.643384324552787
-9.702779,60,7255.34902,False,True,0.0014182494654139607,27.757146061869193
-14.30441,60,7269.234138,False,True,0.009165104836782095,4.92889193168843
-15.138433,60,7282.063444,False,True,0.00872100980139421,22.547732107039657
0.803706,6,7288.077235,True,True,0.00435262200803138,15.369323795940167
-18.669668,60,7300.957406,False,True,0.02211030401408493,18.12399524978081
-9.189523,60,7308.692536,False,True,0.00029245204334560956,14.623598353645098
-14.958764,60,7314.485841,False,True,0.03760224041132195,24.52834609582436
-16.083724,60,7322.423122,False,True,0.013761518470136498,13.86599237353779
-18.367103,60,7333.58862,False,True,0.026424083696418216,31.7551779632147
-9.313824,60,7348.509881,False,True,0.0008064490101879723,17.02684904189014
4.133757,2,7350.14922,True,True,0.004736251130569582,8.318514111023152
-2.585237,7,7351.993611,True,True,0.00014092590923831905,17.758888656342947
6.763913,2,7353.279826,True,True,0.003955970541973545,4.322954437570809
2.183125,11,7360.256954,True,True,0.0008446450987521226,12.609999588232801
-0.415314,27,7369.028934,True,True,0.005267309137782202,16.734722583018115
1.221326,37,7376.010739,True,True,0.0006702914961251001,13.619878629500148
5.553982,3,7377.879322,True,True,0.002509714746786942,7.60220285016759
-4.00875,18,7383.078817,True,True,0.007740695394306916,16.37475310725773
2.931673,1,7384.96017,True,True,0.004496957486280419,12.601373857013181
-1.046107,12,7390.016279,True,True,0.005840120353543862,15.324422462923076
-12.422157,60,7400.009269,False,True,0.005899440103378447,27.841483976240454
-8.787758,60,7412.064068,False,True,0.0138754752243744,6.812774237771397
-8.071273,60,7423.668954,False,True,0.007720749823143946,60.37180414255528
3.718476,23,7432.106105,True,True,0.0022414905997208126,8.870258641170754
4.828703,4,7434.081341,True,True,0.009097841346537329,9.127451186705677
-9.30355,60,7454.017319,False,True,0.02260393517926631,20.597157174408185
-20.513117,60,7466.708768,False,True,0.01599246887680622,22.96702385548554
6.298127,4,7468.160094,True,True,0.0023760433829757067,5.470066640097498
6.507102,13,7470.046254,True,True,0.002253900930347989,1.9667485120520174
2.65736,3,7473.243412,True,True,0.004719918379268765,12.438629561126627
-8.591377,60,7490.545028,False,True,0.006968580574668629,22.27242849626088
-23.84951,60,7509.332337,False,True,0.0123444486443062,26.002106031519553
2.82836,3,7513.090213,True,True,0.004368449483369518,13.476549822072801
-14.989604,60,7533.933559,False,True,0.009091811096531016,21.57957953538315
-8.714995,60,7554.421649,False,True,0.021219040864122907,30.66659358290585
4.028564,1,7555.688751,True,True,0.00013698790936285746,10.619874773581522
-9.897092,60,7566.00519,False,True,0.00930721103353512,10.837939574126583
2.868666,3,7568.883205,True,True,0.0023745798064975492,12.994294689478707
0.754904,1,7570.570474,True,True,0.002461795053772519,16.5249648078902
-13.601855,60,7583.174472,False,True,0.002842888164432093,17.899286290946147
2.291847,1,7584.437531,True,True,0.004340542553530386,13.755020494602059
-6.557904,60,7596.096131,False,False,0.028712973945905818,35.93042380157683
3.019795,1,7597.333329,True,True,0.002531166696075672,12.44117925558624
-10.207593,60,7614.553593,False,True,0.00020934512467385308,22.617412302541624
0.854722,15,7616.440993,True,True,0.001284422810910341,12.405685408450454
-10.280909,60,7630.513643,False,True,0.00684309352430037,16.091141157165854
-9.686708,60,7639.502316,False,True,0.0011520072961107193,57.86018280763195
-6.384796,60,7651.853395,False,False,0.0072666542920530545,10.14979594256075
-6.802141,60,7661.452735,False,False,3.659044056812319e-05,33.241876374092364
-3.997396,40,7675.394573,True,True,0.005586429133109602,17.37657725433609
4.715411,2,7676.648812,True,True,0.006328624042241306,9.146150347620948
1.297886,3,7678.012717,True,True,0.0071908141697813715,15.080703843469069
-0.918366,9,7680.372939,True,True,0.00014473468599186627,16.407981240816163
-7.8752,60,7688.691127,False,True,0.0020183411234635726,12.93459751571099
0.451709,4,7689.954611,True,True,0.011968940216137432,16.864923903562516
5.22038,5,7691.390809,True,True,0.004761876760809777,7.724700379148999
2.401087,1,7692.630599,True,True,0.0024109893190807433,13.556863735952904
9.770316,2,7694.02951,True,True,0.009506718816665281,2.089843232138569
-10.873685,60,7702.096368,False,True,0.01788388002300119,17.722970916484247
8.178919,3,7703.441554,True,True,0.011728635804078014,2.5188950311988165
8.994298,17,7705.519035,True,True,0.004776428195816203,1.8444748709946932
4.797797,4,7708.653519,True,True,0.00905820491063773,10.182957075957868
6.493083,2,7710.362751,True,True,0.0008269199135785164,6.516365308874982
0.660606,9,7716.699653,True,True,0.002711616932310059,17.785496423354466
-7.297513,60,7729.427096,False,True,0.006940109374687596,10.04589671397341
5.715528,49,7738.120297,True,True,0.01161703618531653,1.6117648450087103
-7.001999,60,7752.98693,False,True,0.0020098355896366014,3.9179012840637295
-12.854147,60,7769.858796,False,True,0.020076221214522745,42.330256889732716
4.324833,3,7771.681475,True,True,0.002240042720276031,9.836804011604293
-5.134632,26,7781.234182,True,True,0.0024571663219591085,17.91618098650905
-6.566571,60,7798.856317,False,False,0.012498644970618065,26.253634735883267
4.178241,4,7805.67873,True,True,0.0026599651330556037,10.44137758813563
4.167557,1,7807.604138,True,True,0.001575243227188131,10.370235675711958
2.849479,1,7809.422182,True,True,0.0019381890856977717,12.747946399750717
-8.567473,43,7823.667503,True,True,0.011767463009061816,10.317664599721537
-9.001845,60,7837.26206,False,True,0.02069012867468268,14.021921360153193
1.19977,4,7839.876818,True,True,0.00016293102078893964,14.22693570003687
8.404414,1,7842.054922,True,True,3.925085014781955e-05,2.7206429002573307
-3.789698,19,7846.728095,True,True,0.0107789596698326,9.372106744603101
0.819595,17,7851.243079,True,True,0.0006156859585204318,12.96058383069076
-12.128853,60,7866.696809,False,True,0.021922567253463993,52.11316135938315
-7.316934,60,7891.583356,False,False,0.007238765724616244,17.503706671531916
-7.594397,60,7904.387371,False,True,0.024650786926133636,26.688957107720512
3.342249,2,7905.772187,True,True,0.004073151830827314,11.993234416592866
-12.260605,60,7915.623715,False,True,0.033402735499767494,79.63213877231624
-22.167292,60,7931.089555,False,True,0.013875057439888991,47.00122822948575
7.281396,2,7932.56513,True,True,2.307988062290843e-06,3.605579606773516
-9.770577,60,7946.500618,False,True,0.010575553312650764,61.17464716339152
-11.295667,60,7958.15635,False,True,0.024684398024406605,20.280820786694484
2.971454,6,7961.614795,True,True,0.009667348255680639,11.748096581279015
-5.553689,60,7970.587162,False,False,0.017752140494855947,2.0260589809124396
5.107533,2,7972.271482,True,True,0.004147703613964876,8.635721706421142
8.715996,1,7973.824553,True,True,0.004759226114309558,2.163487387251425
8.864611,4,7977.816313,True,True,0.002216016290423872,2.997568157776595
2.623778,31,7988.867484,True,True,0.00205305020300435,7.73590978805217
4.087115,3,7990.709058,True,True,0.008760831141864336,8.688005731533828
-32.237365,60,8005.773852,False,True,0.001662577813209174,32.47894547358146
-16.809446,60,8032.492461,False,True,0.032737455927191565,85.13339809326523
-5.908965,60,8045.12012,False,False,0.009944841882563032,19.144743677252695
-7.939734,60,8058.558805,False,False,0.05318669292457994,21.64480481012111
-14.744104,60,8078.499787,False,True,0.004056840895012218,46.80041904884067
-12.871308,60,8094.303841,False,True,0.007060084989631913,17.59563681560663
4.239658,1,8096.25568,True,True,0.005062940926712724,10.242759796862872
-10.078208,60,8113.142043,False,True,0.010331735937881269,25.651058921371085
1.419607,2,8114.719386,True,True,0.00040296979958879056,16.088272791080062
7.656836,7,8116.263421,True,True,0.004563915536779719,5.9613774572123015
1.396637,1,8117.706929,True,True,0.005120612335460156,15.369475930165384
-7.70527,60,8137.056978,False,True,0.019064177321751856,20.081893215632164
-8.501225,60,8151.169463,False,False,0.004331679171975526,54.71361478491082
-9.4288,60,8162.140657,False,True,0.007208042860438679,27.951858138137148
-9.111569,60,8170.055994,False,True,0.004352315838030128,3.400597195713729
-13.151791,60,8178.227775,False,True,0.03864198764531995,19.99466075144296
3.562728,40,8183.269949,True,True,0.006300557359452871,2.797026053103828
6.917947,3,8184.587354,True,True,0.002393113306255253,4.566411309178885
-8.198671,60,8196.744415,False,True,0.01111192493812487,10.437723928846005
-6.026831,60,8204.47632,False,False,0.015093988528134077,81.33712305146983
7.011185,2,8205.729929,True,True,0.006826961692033092,7.27590782651871
-9.364818,60,8214.997169,False,True,0.0016292666491737663,33.689418067350964
-6.668977,60,8226.61505,False,False,0.0066804206875936654,9.909670711259926
-9.596694,60,8236.106774,False,True,0.022736504947811636,29.201969642873745
1.280733,8,8237.628013,True,True,0.0048029052401615865,12.907426723676789
7.607295,1,8238.873631,True,True,0.004913194310654683,4.165653356507841
-16.242641,60,8249.067527,False,True,0.007481862894580391,23.307785627238193
-4.347189,7,8251.79418,True,True,0.004201370801567853,17.822549820543305
-8.196453,60,8269.78816,False,True,0.004147996603545695,10.682392529458777
-7.868515,60,8282.378642,False,False,0.017959528102331868,15.003556951152575
8.176058,12,8284.02809,True,True,0.0025217492417751427,2.9679947697525138
1.34784,4,8286.42716,True,True,0.004553598339192294,14.90197145287937
1.381693,13,8288.016843,True,True,0.0010521343023389678,14.34855268230223
5.121033,10,8291.806279,True,True,0.006722440622813565,8.436429511743608
1.548138,1,8292.936816,True,True,0.0038664067473548006,15.095660857894694
7.348317,3,8294.387349,True,True,0.00015438915738290706,2.989278765443465
3.74836,1,8295.656503,True,True,0.0046717489945373655,11.128630009176963
-15.73185,60,8303.656409,False,True,0.02362008530732785,29.68172540620666
-7.563618,60,8312.695789,False,False,0.02251357229550254,13.293282177373175
-13.209194,60,8319.672488,False,True,0.012267289419461515,5.991223985593585
1.306848,1,8320.771219,True,True,0.009168665573434964,15.533395535907246
-0.461908,11,8327.200463,True,True,0.011374208571385037,13.92014796970134
3.821992,5,8328.534594,True,True,0.008081992139170928,9.627793732262889
4.671559,2,8329.918826,True,True,0.0014649506458093552,9.338465840975882
0.287658,5,8332.08935,True,True,0.0027380929441141507,16.486717610979564
-12.641666,60,8340.122616,False,True,0.012043297344104894,16.131863029099627
-10.080029,60,8348.096848,False,True,0.015080549724767038,61.393548848166155
-13.063334,60,8355.577783,False,True,0.023082092515870446,9.846684213811132
-10.257471,60,8369.457188,False,True,0.013721596991228371,80.88854720324217
-6.935686,60,8378.183677,False,False,0.007145988886928257,6.579136522527411
-0.155175,3,8379.677191,True,True,0.002999435050393768,17.236354047444514
-11.128311,60,8393.721162,False,True,0.02225495352078944,80.68897590964133
5.246536,1,8394.983116,True,True,0.009128093819752815,8.429502254016322
3.351256,6,8399.925687,True,True,6.804574454653432e-05,12.24743897199549
-7.843379,60,8414.979903,False,False,0.0019368826344864616,25.467926929931803
-14.357817,60,8426.638356,False,True,0.011073042646627085,24.35706376895744
-14.375453,60,8435.784758,False,True,0.01359384113647376,27.211618902768066
-8.089663,60,8447.52574,False,True,0.01974742561501076,29.476972321010315
-8.620663,45,8456.64171,True,True,0.00531749277836246,9.058175481535425
-4.465847,23,8458.59234,True,True,0.004986777967964413,16.790186473263734
1.42891,4,8461.33535,True,True,0.008935761471111414,13.966545473771884
-12.325636,60,8471.6014,False,True,0.016391388737001786,28.845879859844054
-5.613599,16,8475.619955,True,True,0.0074620923080976655,17.16983131876469
5.637808,2,8476.798214,True,True,0.007461830674934035,7.591577946390375
-14.201381,60,8487.900101,False,True,0.004642505533159192,13.420686598375816
-17.097699,60,8500.69747,False,True,0.02176361574459436,33.21177963161988
8.070231,4,8501.98067,True,True,0.008230617111780265,4.091067217986085
2.396457,1,8503.238682,True,True,0.0015048705863214534,13.564641980337768
3.460862,1,8504.420081,True,True,0.0046830537485085914,11.647154335601872
-7.566836,60,8515.869705,False,False,0.01352928642033813,16.037497485161143
7.983854,1,8517.091371,True,True,0.002277208957051789,3.482887125723872
5.278013,3,8520.935081,True,True,0.004458541530317734,8.477180230814634
-15.111522,60,8529.028476,False,True,0.005103032344162435,50.572578430750795
-12.656936,60,8543.18815,False,True,0.017554560990283713,11.991113413553425
-14.548624,60,8559.009845,False,True,0.009819654503415483,81.59860029412175
1.396956,1,8561.338904,True,True,0.0024934369366429576,15.367463228935828
-14.93576,60,8576.86308,False,True,0.0377870175034485,33.07196254515735
-14.116656,60,8595.78714,False,True,0.02553832111698222,17.595719897678848
0.796669,3,8598.431465,True,True,0.006864776122660638,16.17725367989404
-12.67137,60,8618.303221,False,True,0.02376586319318358,21.885482156087527
4.331186,1,8619.604601,True,True,0.009919789476302593,10.081021669741393
-8.201713,60,8628.645109,False,True,0.0037348985954181206,52.33470525043644
4.587334,7,8635.562497,True,True,0.007153895445513885,10.55233032547711
3.20984,3,8637.041413,True,True,0.0009394958733912871,11.845875160443926
3.047935,5,8638.573141,True,True,0.002373838490863259,11.40719394934696
-26.997689,60,8652.374003,False,True,0.014346355845252335,16.39058147231923
-7.494351,60,8661.959606,False,False,0.011664098421266868,23.948966180106265
1.705266,10,8663.653481,True,True,2.6238035707680995e-05,12.245184054939504
-17.231233,60,8676.359414,False,True,0.03798089572905959,15.767192049672804
-12.667073,23,8687.681233,True,True,0.005667459192745479,17.589026826167697
0.439849,3,8689.111527,True,True,0.005822540824344823,16.207198913052316
3.407849,3,8690.544095,True,True,0.004706079282538178,9.55420198076693
1.571982,1,8691.838352,True,True,0.00013963022502165318,15.050520142509066
-15.872378,60,8703.032589,False,True,0.001653216445002846,8.611025471949928
-9.348483,60,8716.056116,False,True,0.0025911838955227995,18.68916684545826
-8.449767,60,8726.278392,False,True,0.027501623549201992,31.731607894766356
-14.179789,60,8740.182444,False,True,0.009388778734228307,21.303791571446926
2.900904,2,8741.614628,True,True,0.004077145253007741,13.361166946695617
1.358394,4,8743.087436,True,True,0.000861769098700383,15.540729892559767
9.707479,2,8744.482309,True,True,0.004669689133101697,1.4417687827856573
4.64264,8,8747.390983,True,True,0.004380483643348845,8.594403199492723
-2.603821,16,8749.364579,True,True,0.010060993645575772,15.68580677631664
-10.030268,60,8759.034747,False,True,0.01129795053107709,61.906196328532175
-10.777512,60,8771.921347,False,True,0.031287228748178984,3.893806419432118
1.043974,2,8773.220247,True,True,0.005777916780601895,15.889948678215388
-4.764935,60,8781.931912,False,False,0.005124841267878813,6.618853249314003
-0.442021,18,8787.823365,True,True,0.007297574905034311,13.875819989174994
5.919057,1,8789.675614,True,True,4.6952140158983005e-05,7.208403896720241
5.670651,25,8800.01744,True,True,0.005200577010490422,4.239103147687309
-9.779915,60,8811.506116,False,True,0.0017393243379749388,14.029667714390367
-11.567367,60,8821.25919,False,True,0.01837928690769183,63.72963183033558
2.891996,6,8822.754229,True,True,0.00456811017114035,12.87368061028415
7.262021,14,8827.45688,True,True,0.004415148341364326,2.044409487441046
7.102521,5,8830.220701,True,True,0.001077728652706825,6.027709765263067
0.756681,1,8831.58347,True,True,0.004668312860084255,16.522894399722347
3.693938,1,8833.206677,True,True,0.009606286985715737,11.229996926474994
-14.364997,60,8843.657474,False,True,0.0032863476584956367,28.991386767378618
-12.003792,60,8848.689217,False,True,0.0553039640505588,88.2843272442059
-8.000416,60,8854.657666,False,True,0.11015617483369274,73.79456052476952
-8.006093,60,8859.827675,False,True,0.046022716463589436,88.40578564839394
-6.001659,60,8865.189456,False,False,0.07900351632393078,81.6114862052852
-8.010623,60,8871.274798,False,True,0.02012460188330251,89.00432549197964
-10.002752,60,8876.33733,False,True,0.06450706389303992,86.33603106340836
-12.004065,60,8882.356529,False,True,0.05426521806145489,89.57346420163324
-8.005341,60,8887.512389,False,True,0.023422436228641638,85.93155289278221
-6.006396,60,8893.494258,False,False,0.027075569106479406,86.02728227352291
-8.003088,60,8898.74365,False,True,0.07633905635892806,82.77454258390041
-8.00337,60,8904.885815,False,True,0.08259552682410748,86.46975491622739
-9.999648,60,8910.09706,False,True,0.042184155962999646,81.31681753913757
-6.001658,60,8916.176187,False,False,0.11330270812426471,77.4678023089529
-6.003722,60,8921.378811,False,False,0.08052242631462879,82.89354116686272
-6.003932,60,8927.461467,False,False,0.031201715938463364,83.4997991620135
-6.002322,60,8932.570425,False,False,0.11540975602946804,83.59988560263037
-6.004258,60,8938.681042,False,False,0.10927129443576561,89.21033016804404
-5.998247,60,8943.690893,False,False,0.05195633218264882,83.9315344401989
-6.005363,60,8949.723588,False,False,0.07057850196761889,89.73803725018959
-5.994772,60,8954.830897,False,False,0.04926129204874447,72.2974624862515
-6.000226,60,8959.797993,False,False,0.032657203079346865,78.61320528047355
-5.98903,60,8965.965741,False,False,0.014995841083472516,73.78004701956299
-5.992889,60,8971.114467,False,False,0.05801194241256711,70.57174601301143
-5.992016,60,8977.259461,False,False,0.015838495527441203,76.64263391192013
-6.012286,60,8982.348893,False,False,0.012932796975346997,83.73444086451208
-5.999849,60,8988.521481,False,False,0.0968714415506115,80.69487170046847
-5.993304,60,8993.722142,False,False,0.07513977229489446,67.41058574259254
-7.734593,60,8999.712993,False,True,0.033307132214540264,73.5917728667585
-6.011678,60,9004.860433,False,False,0.034557611602296714,89.40678403906324
-5.999747,60,9011.014811,False,False,0.10289210219843346,85.63656986661216
-6.007871,60,9016.162553,False,False,0.04417013591609638,85.914174410226
-5.994846,60,9022.212633,False,False,0.009671755577813928,74.91550968911892
-6.007376,60,9027.248938,False,False,0.022033961999965462,80.83638821754455
-5.983318,60,9033.112188,False,False,0.0022524236665312624,71.18956692504561
-6.006481,60,9038.287368,False,False,0.04915247367323314,79.5992713998677
-6.121552,60,9043.507493,False,False,0.02550777196775022,89.11741129698999
-6.008997,60,9049.767053,False,False,0.029331845253044143,84.4315519877299
-5.794279,60,9054.859453,False,False,0.012568745905573284,71.1665871712311
-5.998061,60,9061.461884,False,False,0.01911757497583305,79.87066986254733
-5.999132,60,9067.767062,False,False,0.06516309241044838,74.07399035557766
-5.929803,60,9074.221436,False,False,0.038250774224999694,49.03157815615913
-5.98579,60,9079.77046,False,False,0.055882409862087395,60.128675085251565
-5.997656,60,9085.287542,False,False,0.09692526138296101,71.27295821180046
-5.990894,60,9092.301256,False,False,0.0010290311466768934,76.59446959274362
-5.987292,60,9098.927231,False,False,0.0895915746323067,55.8188373387186
-5.962474,60,9104.823333,False,False,0.05967583608392524,51.27240775791836
-5.991088,60,9110.92138,False,False,0.07365333150476673,62.78240068213437
-5.995667,60,9115.996865,False,False,0.11322301941116185,61.92448406694796
-5.933725,60,9123.045669,False,False,0.019135578102891203,54.83738266615224
-5.956768,60,9131.899992,False,False,0.004263212121868913,63.319713210432255
-5.999643,60,9140.454666,False,False,0.07866603055172368,77.7930187447213
-5.990255,60,9147.427194,False,False,0.05754301476250234,65.38814096515425
-5.881578,60,9152.857335,False,False,0.02118498201866538,47.829249899087365
-5.95808,60,9159.246692,False,False,0.025009422105551238,58.73626664158053
-5.881551,60,9164.849938,False,False,0.060781121251451506,34.41643022329614
-5.993078,60,9170.687342,False,False,0.016351014502895583,75.47594441882205
-5.839572,60,9175.31001,False,False,0.01658341878542321,44.02503366814521
-5.571432,60,9180.765207,False,False,0.023557271001539915,25.683064925954152
-5.973112,60,9185.275955,False,False,0.09349272675765076,45.6728555890748
-5.99144,60,9190.863122,False,False,0.1256503207162842,51.43412418410019
-5.889857,60,9195.836782,False,False,0.044211303513106315,38.43605175780534
-5.986075,60,9201.835046,False,False,0.08811288959017338,56.42358104042844
-5.722967,60,9206.417853,False,False,0.025762971113558124,32.36700936290393
-5.846433,60,9212.373877,False,False,0.03509676512773943,35.16726046028287
-5.976078,60,9217.563507,False,False,0.06386235858931812,52.55387597451078
-5.986948,60,9224.30798,False,False,0.12661647319729252,46.46247701562012
-5.851013,60,9230.845781,False,False,0.04423376995114854,34.34981952434253
-5.767648,60,9235.91949,False,False,0.03516125853553637,31.540620284979326
-5.462344,60,9242.225956,False,False,0.025753375565025497,20.974016578285898
-5.958648,60,9246.81345,False,False,0.03954838609678306,60.48546707715536
-5.457311,60,9252.353328,False,False,0.019735880516327298,24.055550893675896
-5.815731,60,9257.075611,False,False,0.01419550586755453,42.49635638328937
-5.897571,60,9262.465526,False,False,0.059275894460998804,37.024855737111984
-5.566912,60,9266.924957,False,False,0.02388478458012922,23.45377011417594
-5.288741,60,9272.410731,False,False,0.004247366510212715,25.566236789541552
-5.587444,60,9277.700254,False,False,0.016944408877342748,29.1924278078227
-5.954218,60,9283.24507,False,False,0.08321338394208433,38.25327446656318
-5.932872,60,9287.884235,False,False,0.036579968336073077,49.58795175918642
-5.557848,60,9293.255259,False,False,0.041451965282389626,20.570916250149065
-5.630087,60,9297.862052,False,False,0.044072505081482,22.772816549065837
-5.822987,60,9303.294885,False,False,0.04451057679512818,42.511690760263484
-5.663802,60,9308.027801,False,False,0.045783063254469014,23.67029459661806
-5.73527,60,9313.979571,False,False,0.017015936449879202,36.456842885582184
-5.919342,60,9318.426906,False,False,0.08694103894054792,32.451929344477385
-5.742666,60,9323.539675,False,False,0.046811630894498565,26.803894393376027
-5.841195,60,9329.044306,False,False,0.06770469894780408,46.159323908969775
-5.545892,60,9333.595906,False,False,0.015621839677000069,26.594008346491115
-5.90916,60,9339.018163,False,False,0.09240060671807532,29.47934370683381
-5.805739,60,9344.820192,False,False,0.0799154100743968,19.571042233786052
-5.774797,60,9350.401903,False,False,0.08945292217195164,15.785433881828268
-5.976133,60,9354.90701,False,False,0.10979193920213817,41.23713578694051
-5.787822,60,9360.71232,False,False,0.041992346283018414,30.370541240216113
-5.839757,60,9365.272357,False,False,0.07914952969922104,32.94675768004545
-5.271024,60,9370.993254,False,False,0.024888475555113972,17.63450018579951
-5.148976,60,9376.183344,False,False,0.008100233946092592,20.633135830811813
-5.526641,60,9383.20317,False,False,0.017976361499847382,30.847214233491698
-5.965383,60,9387.807382,False,False,0.11021037896139727,35.045934110642825
-7.950573,60,9393.83897,False,True,0.07240757524795276,42.29310698420702
-5.532423,60,9398.409228,False,False,0.004566601723038772,30.838725285526618
-5.841074,60,9403.096766,False,False,0.06594212752809485,30.08343207386425
-5.911934,60,9408.610276,False,False,0.015441603675524437,52.21615998075808
-5.445048,60,9413.164081,False,False,0.00781502132307851,28.57945521180046
-5.888648,60,9418.476054,False,False,0.07759602783151862,30.346493889378227
-5.923995,60,9422.940909,False,False,0.029588473157069105,51.649649999219655
-5.973991,60,9428.617717,False,False,0.09984350860972613,46.24691289267955
-5.371216,60,9433.139549,False,False,0.0054966116118874905,19.752053160748012
-5.278573,60,9439.380319,False,False,0.005902201375302996,22.917569273840126
-5.236829,60,9445.186547,False,False,0.014039200013217103,20.49024291296062
-5.16389,60,9451.98089,False,False,0.018602155042903884,16.38673086373319
-5.773818,60,9456.713882,False,False,0.04332412810150276,29.738377570916565
-5.491356,60,9462.23137,False,False,0.009209628357256234,29.326951199348994
-5.588498,60,9467.012847,False,False,0.016453803716887302,28.157786800334282
-5.347582,60,9472.502429,False,False,0.032008039470602045,18.426441086407575
-5.948927,60,9477.31964,False,False,0.11337295601660799,29.266354743050254
-5.992007,60,9482.985868,False,False,0.108923189773754,55.824809379922485
-5.810547,60,9487.697856,False,False,0.028911455051848313,35.93367517980763
-5.635928,60,9492.352559,False,False,0.014482590976663667,27.965841831711828
-5.994579,60,9497.814059,False,False,0.1308963137274809,54.12443185550367
-7.547917,60,9502.411717,False,True,0.003738870451392956,30.722470998175975
-5.939817,60,9507.990206,False,False,0.09563192378662959,33.90210139009638
-5.94702,60,9512.517075,False,False,0.04780712706431499,48.62702307596206
-5.983767,60,9518.093585,False,False,0.11679642754161987,48.52216745008621
-5.707526,60,9522.794939,False,False,0.07797700458623776,14.597953428950614
-5.772308,60,9528.467864,False,False,0.01178880633660552,39.54234298639263
-5.499929,60,9533.058053,False,False,0.021107464931198958,24.924991208917344
