r,l,t,success,freeze_attempted,d_m,alpha_deg,cum_timesteps,d_mm
-22.350746,60,9.148313,False,True,0.0758889534442397,89.95360353012593,60,75.88895344423969
-20.733313,60,9.14833,False,True,0.0568984875179299,80.60805053880631,120,56.8984875179299
-18.185972,60,9.157324,False,True,0.1163227439720782,87.33030435090015,180,116.3227439720782
-10.868105,60,9.218258,False,True,0.0169191949348984,89.017118630719,240,16.9191949348984
-16.584427,60,12.398147,False,True,0.0584835447504333,84.7957693025928,300,58.483544750433296
-16.107558,60,12.407385,False,True,0.1012968080338797,77.43178143780257,360,101.29680803387971
-16.101816,60,12.416027,False,True,0.0905719716578814,85.82839917762105,420,90.5719716578814
-13.105946,60,12.475144,False,True,0.0030969071537021,81.4206941910041,480,3.0969071537021
-18.553949,60,16.613993,False,True,0.0325957197546211,83.98544956544634,540,32.59571975462109
-10.630522,60,16.615003,False,True,0.0164916396164951,81.53814845476771,600,16.4916396164951
-12.442221,60,16.621977,False,True,0.0591708469689926,84.34990698588331,660,59.1708469689926
-8.240202,60,16.68797,False,True,0.0933678318867281,84.11993275657787,720,93.36783188672811
-13.185546,60,19.921274,False,True,0.0011130909952368,88.98970384950304,780,1.1130909952368
-12.583002,60,19.928262,False,True,0.0154891707767408,79.27549018670736,840,15.4891707767408
-10.860741,60,19.938259,False,True,0.0164695107146328,87.70126389553997,900,16.4695107146328
-17.179594,60,20.001253,False,True,0.0005642677970092,82.21480852307155,960,0.5642677970091999
-8.356194,60,24.213633,False,True,0.0589312046027066,78.78957852916658,1020,58.9312046027066
-6.102975,60,24.216637,False,False,0.1405814002685943,85.53377235837493,1080,140.5814002685943
-6.158641,60,24.226642,False,False,0.0802809618100542,77.9394511014522,1140,80.28096181005421
-10.692462,60,24.290629,False,True,0.0473133942796623,78.13129281145197,1200,47.313394279662305
-9.218832,60,27.736427,False,True,0.0196253900000384,82.70595060117608,1260,19.6253900000384
-12.09584,60,27.739433,False,True,0.0863375487412786,84.49850368144719,1320,86.3375487412786
-8.917667,60,27.745432,False,True,0.0163821570589148,87.30257643536366,1380,16.382157058914803
-12.287717,60,27.811424,False,True,0.0559894991651992,75.58650525116761,1440,55.9894991651992
-7.204478,60,32.189797,False,False,0.0130582144059403,77.57525193216391,1500,13.058214405940301
-12.365063,60,32.191801,False,True,0.0339845650157758,86.9526951596275,1560,33.9845650157758
-9.338519,60,32.205798,False,True,0.0087354621161095,73.91986496499453,1620,8.7354621161095
-10.377469,60,32.267792,False,True,0.083653371027893,74.0182315906119,1680,83.653371027893
-14.23259,60,35.569968,False,True,0.110777600941878,87.70901703152418,1740,110.77760094187799
-10.395801,60,35.573972,False,True,0.050397965813189,85.30319128590088,1800,50.397965813188996
-10.103336,60,35.580972,False,True,0.1159704406456377,72.9707807034243,1860,115.97044064563771
-8.681648,60,35.644967,False,True,0.01392314924256,84.7780943056301,1920,13.923149242560001
-7.216948,60,39.737547,False,False,0.0074025724960812,86.58395005550226,1980,7.4025724960812
-6.044847,60,39.743548,False,False,0.1482008228182643,86.72717299612069,2040,148.2008228182643
-10.649539,60,39.752548,False,True,0.0394828810804158,77.16872141886721,2100,39.4828810804158
-6.262452,60,39.81754,False,False,0.0578439861365345,84.63657426530258,2160,57.8439861365345
-8.042796,60,43.055012,False,True,0.1315535435746562,69.47785174597145,2220,131.5535435746562
-12.170209,60,43.060012,False,True,0.0938329693610379,78.4003686244273,2280,93.8329693610379
-8.259334,60,43.075009,False,True,0.0735691229260653,82.3354709022283,2340,73.56912292606529
-9.094682,60,43.135006,False,True,0.0046696681259963,80.61873928656252,2400,4.6696681259963
-8.286415,60,47.161829,False,True,0.0146910973842893,75.26179721969542,2460,14.6910973842893
-6.848641,60,47.165833,False,False,0.0147282958729039,85.08961230107653,2520,14.728295872903901
-12.808191,60,47.173844,False,True,0.0293393596766006,87.65443514796485,2580,29.3393596766006
-8.439883,60,47.231826,False,True,0.047943367525661,87.15374259723768,2640,47.943367525661
-8.554778,60,50.560299,False,True,0.0354554631404047,70.3728467684552,2700,35.4554631404047
-6.173828,60,50.567294,False,False,0.0641223888426538,69.39758544833684,2760,64.12238884265379
-8.88843,60,50.581289,False,True,0.0027605900029001,60.91360375132356,2820,2.7605900029001003
-6.278411,60,50.642285,False,False,0.0926681353325017,80.28529619176324,2880,92.6681353325017
-10.093447,60,54.754496,False,True,0.1223963863556346,89.59412472847478,2940,122.3963863556346
-6.348929,60,54.758499,False,False,0.0566022206302279,85.09886629198444,3000,56.6022206302279
-9.127368,60,54.774478,False,True,0.0225230014010185,79.2042714003151,3060,22.5230014010185
-10.101336,60,54.835478,False,True,0.1425311583262309,66.5925969216967,3120,142.5311583262309
-6.378155,60,58.106636,False,False,0.0614611601511265,87.65491301132458,3180,61.4611601511265
-6.612339,60,58.109632,False,False,0.0057924391274467,80.77777282515017,3240,5.7924391274467
-8.183002,60,58.121637,False,True,0.0791275073922132,87.92520003664778,3300,79.1275073922132
-6.740351,60,58.179623,False,False,0.0305427415171145,84.40633107759503,3360,30.5427415171145
-7.238196,60,62.162386,False,False,0.0018245898329581,85.42235253417891,3420,1.8245898329581
-8.646314,60,62.168382,False,True,0.0656656431163577,84.68416395463528,3480,65.6656431163577
-6.158863,60,62.180384,False,False,0.1254409302561294,71.96356016264731,3540,125.4409302561294
-6.325983,60,62.242374,False,False,0.0937741711736865,85.10607132979877,3600,93.7741711736865
-6.44343,60,65.466768,False,False,0.0532200455857287,82.58537025268224,3660,53.220045585728705
-6.583353,60,65.476763,False,False,0.0324510527231122,73.69744914338663,3720,32.451052723112205
-6.543331,60,65.484771,False,False,0.0343354776523156,89.80858389049158,3780,34.3354776523156
-8.095839,60,65.550755,False,True,0.121172948885849,80.10191581123853,3840,121.172948885849
-6.31663,60,68.793163,False,False,0.0876173161057666,83.32067031117373,3900,87.6173161057666
-6.451345,60,68.796169,False,False,0.058402969700811,84.48746942676085,3960,58.402969700811
-6.994908,60,68.806166,False,False,0.0160336950659743,82.13536667016643,4020,16.0336950659743
-6.444758,60,68.871158,False,False,0.0786493165681424,84.1179474648707,4080,78.64931656814241
-7.131832,60,72.856489,False,False,0.0052308623060666,88.20550893049767,4140,5.230862306066601
-8.161543,60,72.86201,False,True,0.0695508945843992,64.56416835603731,4200,69.5508945843992
-8.431931,60,72.86949,False,True,0.0613377860343363,83.0662086991631,4260,61.337786034336304
-6.843037,60,72.935488,False,False,0.0192519512430763,89.02101296958533,4320,19.2519512430763
-6.112343,60,76.127868,False,False,0.1336453196867037,89.73860955510845,4380,133.64531968670371
-6.184864,60,76.131871,False,False,0.0813168280553017,89.57014733526034,4440,81.3168280553017
-8.51865,60,76.143865,False,True,0.0221761762995219,66.80977654113059,4500,22.1761762995219
-6.756748,60,76.206859,False,False,0.0530300831415758,87.71961419330525,4560,53.0300831415758
-6.875222,60,80.323258,False,False,0.0145716280211393,87.31603319511753,4620,14.5716280211393
-6.834728,60,80.326263,False,False,0.0058741408133144,79.76292510967994,4680,5.8741408133144
-6.514712,60,80.335259,False,False,0.0283120291983523,85.1411108209267,4740,28.3120291983523
-8.473367,60,80.394254,False,True,0.0575944653661801,82.93273155211607,4800,57.594465366180096
-6.084493,60,83.618579,False,False,0.1092791340096265,82.5447539220371,4860,109.27913400962649
-6.123818,60,83.624581,False,False,0.1024162424246411,84.90676727224124,4920,102.4162424246411
-6.173086,60,83.634584,False,False,0.086669861240097,86.45645040110387,4980,86.66986124009699
-7.260162,60,83.699573,False,False,0.008363777403128,86.46293962856289,5040,8.363777403128001
-7.035697,60,87.780077,False,False,0.0288679653504041,86.22718382719636,5100,28.867965350404102
-6.844542,60,87.781079,False,False,0.0189572549606228,77.90180747230004,5160,18.9572549606228
-6.178115,60,87.798074,False,False,0.0255169800755567,89.83430265700134,5220,25.516980075556702
-8.540791,60,87.861068,False,True,0.0387613210126141,87.63820383165516,5280,38.7613210126141
-6.098912,60,91.094416,False,False,0.0338097817264277,88.53996645024588,5340,33.8097817264277
-6.101015,60,91.101428,False,False,0.0768454085051081,86.78195335573727,5400,76.8454085051081
-6.386048,60,91.104419,False,False,0.0542013400633318,78.63510364943532,5460,54.2013400633318
-10.676376,60,91.168414,False,True,0.0409775449048833,83.43061931725993,5520,40.977544904883295
-7.26295,60,95.355936,False,False,0.0010375578711916,88.9149339420786,5580,1.0375578711915998
-6.128471,60,95.360939,False,False,0.0726393153883663,80.86280098605657,5640,72.6393153883663
-6.57926,60,95.369944,False,False,0.0422500545887229,84.7555165566917,5700,42.2500545887229
-6.147967,60,95.433931,False,False,0.0922573172456317,87.57411903148099,5760,92.2573172456317
-8.614066,60,98.843879,False,True,0.0281631894823663,63.0590512643784,5820,28.163189482366302
-6.239305,60,98.854181,False,False,0.07817466930213,74.2296878052756,5880,78.17466930213
-6.69721,60,98.860876,False,False,5.595984863444002e-05,87.04771706832902,5940,0.05595984863444002
-6.715667,60,98.92387,False,False,0.0237990380354341,83.85084600967082,6000,23.7990380354341
-6.375182,60,102.901494,False,False,0.0733644065733755,74.83259778579313,6060,73.3644065733755
-8.264816,60,102.906494,False,True,0.0721298972747833,72.63456800064878,6120,72.1298972747833
-6.300375,60,102.918503,False,False,0.0647719646172016,77.47098043681753,6180,64.77196461720159
-8.518238,60,102.979489,False,True,0.0552302148437792,87.135679159411,6240,55.2302148437792
-6.060042,60,106.185475,False,False,0.1431416760424247,88.09812709438614,6300,143.1416760424247
-6.370181,60,106.190479,False,False,0.0444877651118727,72.0009006548703,6360,44.4877651118727
-6.836263,60,106.201477,False,False,0.0269536033557851,78.44526400127468,6420,26.9536033557851
-6.685508,60,106.269471,False,False,0.053533494691613,72.51178933192843,6480,53.533494691612994
-6.396786,60,110.322958,False,False,0.0304542084402307,88.4421672995787,6540,30.454208440230698
-6.174518,60,110.327949,False,False,0.0711246577531995,79.37487640361675,6600,71.1246577531995
-8.547111,60,110.339953,False,True,0.0156386526735067,88.02569730669505,6660,15.638652673506702
-6.638369,60,110.399942,False,False,0.0366947454990731,89.87310332720209,6720,36.6947454990731
-6.457771,60,113.596238,False,False,0.0331638353910405,70.4106360156279,6780,33.1638353910405
-6.708665,60,113.60223,False,False,0.0201587027491094,88.93211334856784,6840,20.1587027491094
-6.395633,60,113.615225,False,False,0.0070934345446413,87.6917399663735,6900,7.0934345446413
-8.755984,60,113.678219,False,True,0.0089939211608524,80.49067728182773,6960,8.9939211608524
-6.263457,60,117.79031,False,False,0.0851384967346644,82.78351231331715,7020,85.1384967346644
-6.438211,60,117.792314,False,False,0.0538263599508371,84.61294923464727,7080,53.8263599508371
-7.223115,60,117.804314,False,False,0.0039764013012385,65.4229266780441,7140,3.9764013012385004
-6.041516,60,117.865313,False,False,0.1483495991838656,77.8535262193882,7200,148.3495991838656
-6.466008,60,121.244848,False,False,0.0161595861260344,71.8280909342105,7260,16.159586126034398
-6.169966,60,121.249849,False,False,0.0238450369688039,82.41562351151995,7320,23.845036968803903
-6.178216,60,121.262845,False,False,0.0717017187504084,87.69202915469705,7380,71.7017187504084
-6.80531,60,121.325839,False,False,0.0366962950052755,74.30621444551174,7440,36.6962950052755
-6.518021,60,124.457339,False,False,0.0178354138830765,82.52211015814646,7500,17.835413883076498
-8.806081,60,124.460347,False,True,0.0164872929033052,62.96367648151979,7560,16.4872929033052
-6.134167,60,124.470349,False,False,0.0649683294621285,74.67123433414308,7620,64.9683294621285
-6.010191,60,124.529343,False,False,0.0777329676812301,77.8389285085835,7680,77.7329676812301
-6.880564,60,128.500763,False,False,0.0232257118824852,86.26181078663018,7740,23.2257118824852
-5.935355,60,128.508759,False,False,0.0552700545148539,87.79178467236935,7800,55.2700545148539
-6.340178,60,128.515764,False,False,0.010174946368911,76.49177590353831,7860,10.174946368911
-6.256974,60,128.581753,False,False,0.0655573254273001,82.76860777565076,7920,65.5573254273001
-6.588666,60,131.78599,False,False,0.0339143869534083,80.87377847176165,7980,33.914386953408304
-6.153445,60,131.793991,False,False,0.0382697758428414,80.62848216249243,8040,38.2697758428414
-7.13678,60,131.800991,False,False,0.0299040660175474,88.77221181989852,8100,29.9040660175474
-6.211201,60,131.865988,False,False,0.0226495173185169,89.0982271102292,8160,22.649517318516903
-7.089134,60,136.03751,False,False,0.0280303815783297,89.29684511352863,8220,28.0303815783297
-6.077728,60,136.042511,False,False,0.1212258857990467,78.16076135986437,8280,121.2258857990467
-5.985843,60,136.05251,False,False,0.0702470802043785,83.05577317150635,8340,70.2470802043785
-6.055935,60,136.118501,False,False,0.1497478929864869,81.67718140895676,8400,149.7478929864869
-5.814071,60,139.421065,False,False,0.0125713066335192,77.1641464641402,8460,12.5713066335192
-6.204119,60,139.422066,False,False,0.0307198026832268,73.1728169482624,8520,30.7198026832268
-5.941189,60,139.431062,False,False,0.0080684774022247,89.10041772558614,8580,8.068477402224701
-6.175399,60,139.494057,False,False,0.06227587437697,89.05595148965406,8640,62.27587437697
-6.244433,60,144.006579,False,False,0.0105261582719746,75.31772689683855,8700,10.5261582719746
-7.408667,60,144.006593,False,False,0.0097696205694861,85.40240812343863,8760,9.7696205694861
-7.159753,60,144.018584,False,False,0.0119420007208707,83.94223204751835,8820,11.9420007208707
-5.895226,60,144.081579,False,False,0.0503053933556938,86.65042841955545,8880,50.305393355693795
-7.000236,60,147.56669,False,False,0.0107062676777681,72.46185201095426,8940,10.7062676777681
-6.269687,60,147.573693,False,False,0.0030209784340167,84.66065716531403,9000,3.0209784340167
-6.816221,60,147.581691,False,False,0.0239693591899464,83.15773149159732,9060,23.969359189946402
-6.473472,60,147.647684,False,False,0.0465610748776886,85.13450393399576,9120,46.561074877688604
-5.982738,60,151.868376,False,False,0.0854495057809496,70.05152814029974,9180,85.44950578094961
-5.854401,60,151.870371,False,False,0.0200720612728302,72.78248707590652,9240,20.0720612728302
-5.919287,60,151.885371,False,False,0.0774583788349074,79.22838555123971,9300,77.4583788349074
-5.674879,60,151.950365,False,False,0.0372219729890598,78.7527849907486,9360,37.2219729890598
-6.046722,60,155.312486,False,False,0.0655589273432041,78.24410477867885,9420,65.55892734320409
-6.471142,60,155.315487,False,False,0.0073415991464873,70.93564861340505,9480,7.341599146487299
-7.236211,60,155.327487,False,False,0.020748035052754,79.08744831627305,9540,20.748035052754002
-6.140822,60,155.390481,False,False,0.0604110168029904,72.08478794239073,9600,60.4110168029904
-6.95873,60,159.606956,False,False,0.0163031925639508,85.17334258392751,9660,16.3031925639508
-8.093337,60,159.613963,False,True,0.0604194123059632,74.51397505637591,9720,60.4194123059632
-7.972527,60,159.625963,False,True,0.0657134581095867,71.76857893743679,9780,65.7134581095867
-6.045113,60,159.69195,False,False,0.040240857257644,83.54610234960691,9840,40.240857257644
-6.709208,60,162.861458,False,False,0.0211237958067109,66.73998321606229,9900,21.123795806710902
-6.363974,60,162.863452,False,False,0.0185538541259228,64.70982995898635,9960,18.5538541259228
-5.940113,60,162.876457,False,False,0.0460519525080709,56.90004229764339,10020,46.0519525080709
-6.248076,60,162.940449,False,False,0.0600593181982699,85.6840227639407,10080,60.0593181982699
-6.0513,60,166.960031,False,False,0.1137218597520117,86.41668843539107,10140,113.7218597520117
-5.934556,60,166.968034,False,False,0.0232104635588984,78.80570832535325,10200,23.2104635588984
-6.220957,60,166.979031,False,False,0.0292302077705752,70.5495871110291,10260,29.2302077705752
-5.925181,60,167.045022,False,False,0.0981773778747845,74.1323799589935,10320,98.17737787478451
-6.153152,60,170.209819,False,False,0.0414216079342963,70.52826998211356,10380,41.4216079342963
-6.103937,60,170.21083,False,False,0.0128970485195094,78.83116738781278,10440,12.8970485195094
-6.461909,60,170.228816,False,False,0.0430976711551791,75.94092722104313,10500,43.0976711551791
-7.195085,60,170.287814,False,False,0.0253930052971427,52.525611102388346,10560,25.3930052971427
-6.426977,60,174.358037,False,False,5.436414944336859e-06,73.80356497628682,10620,0.005436414944336859
-5.742806,60,174.359498,False,False,0.0091911681931274,80.01348024226998,10680,9.191168193127401
-6.771054,60,174.370495,False,False,0.0455866960571205,58.60147529697373,10740,45.5866960571205
-5.868629,60,174.43349,False,False,0.0481698950457853,72.30292356772195,10800,48.1698950457853
-5.96548,60,177.739438,False,False,0.092912056586143,74.99086529022625,10860,92.912056586143
-6.176859,60,177.740443,False,False,0.0927539846512607,69.50931819332091,10920,92.7539846512607
-6.161217,60,177.75144,False,False,0.056345696752069,74.26219758503903,10980,56.345696752068996
-6.116557,60,177.816433,False,False,0.0568304032553943,89.0096578550974,11040,56.830403255394295
-7.512075,60,181.893868,False,False,0.0543949552253195,73.51769281970476,11100,54.3949552253195
-5.78889,60,181.895874,False,False,0.060136006576101,82.74626778222569,11160,60.136006576100996
-8.444064,60,181.906871,False,True,0.0547542490137643,75.73446448090694,11220,54.7542490137643
-5.480062,60,181.971863,False,False,0.0137903273323447,64.22285613028114,11280,13.7903273323447
-6.016829,60,185.153836,False,False,0.0898554771750488,75.23464350503808,11340,89.8554771750488
-6.075353,60,185.160843,False,False,0.0792991492903618,75.70697018413476,11400,79.2991492903618
-6.355942,60,185.169834,False,False,0.0713926174103322,59.508107280895885,11460,71.3926174103322
-5.421441,60,185.23783,False,False,0.0085509495444996,72.39915374945092,11520,8.5509495444996
-6.347449,60,188.398124,False,False,0.0495226621729578,81.28225717943576,11580,49.5226621729578
-6.444974,60,188.399133,False,False,0.0172757739751933,89.1716689467796,11640,17.2757739751933
-5.977873,60,188.412121,False,False,0.0049641781073095,75.621019881207,11700,4.9641781073095
-7.007416,60,188.473125,False,False,0.0059840805018281,81.35120562135808,11760,5.9840805018281005
-6.392912,60,192.447176,False,False,0.0300673672694777,83.99376908057033,11820,30.067367269477703
-6.02584,60,192.448176,False,False,0.0967042872113727,69.3403880639055,11880,96.7042872113727
-5.735937,60,192.457175,False,False,0.0042655677727151,70.2258337879958,11940,4.2655677727151
-6.037423,60,192.523171,False,False,0.0421267852847861,69.79656768301192,12000,42.126785284786095
-6.955714,60,195.686056,False,False,0.0662222231192828,68.51446597240682,12060,66.2222231192828
-7.386835,60,195.696057,False,False,0.0094599613960744,68.73789559875392,12120,9.4599613960744
-5.884437,60,195.706057,False,False,0.0434429580121674,73.66453882200564,12180,43.4429580121674
-7.389259,60,195.77105,False,False,0.0238004763703309,68.85379512426492,12240,23.800476370330898
-6.206846,60,199.802028,False,False,0.0101133253190722,79.37018140194023,12300,10.113325319072201
-6.002563,60,199.812027,False,False,0.0505374742265609,66.190005296572,12360,50.5374742265609
-7.119394,60,199.818024,False,False,0.0399575544279538,80.31899118134719,12420,39.957554427953795
-6.232011,60,199.881018,False,False,0.0527470186650276,69.17942787482062,12480,52.7470186650276
-6.533483,60,203.134147,False,False,0.0253380582235905,87.59150842194735,12540,25.3380582235905
-6.33647,60,203.143146,False,False,0.0136866406341294,67.57023564961969,12600,13.6866406341294
-6.397345,60,203.15015,False,False,0.0491913164908635,75.32334084502686,12660,49.1913164908635
-5.956316,60,203.209142,False,False,0.0634020931460641,81.25827932175652,12720,63.4020931460641
-6.529942,60,207.209671,False,False,0.0055660384589246,78.9295307914989,12780,5.5660384589246
-6.059086,60,207.216672,False,False,0.087577432492466,81.4770958998896,12840,87.577432492466
-5.969688,60,207.22167,False,False,0.0877293825042472,54.28908786662159,12900,87.7293825042472
-7.327991,60,207.288668,False,False,0.0291953033816567,71.68262098841069,12960,29.1953033816567
-6.378124,60,210.513232,False,False,0.0370876051816649,77.84177717684904,13020,37.0876051816649
-6.008423,60,210.518233,False,False,0.052987835575418,82.00815199368634,13080,52.987835575418
-5.878822,60,210.529231,False,False,0.0335673284632909,65.7633954225016,13140,33.5673284632909
-7.250352,60,210.586233,False,False,0.0203410560118893,71.24526133893575,13200,20.341056011889297
-6.260547,60,214.597173,False,False,0.044346752759986,82.44111117369677,13260,44.346752759986
-6.903333,60,214.598181,False,False,0.0333117980516122,77.50128814552642,13320,33.3117980516122
-6.589949,60,214.613171,False,False,0.0142375247955248,66.90542878879089,13380,14.2375247955248
-5.526181,60,214.671172,False,False,0.0018878230854521,69.30578865292597,13440,1.8878230854521
-6.452236,60,217.967697,False,False,0.0433481617037994,55.71950049548196,13500,43.3481617037994
-5.977415,60,217.969682,False,False,0.0529345924078954,66.85798424332941,13560,52.9345924078954
-5.792137,60,217.979688,False,False,0.0009375092408312,77.53426315053241,13620,0.9375092408312
-6.950281,60,218.041689,False,False,0.0229705605686605,65.92283419066194,13680,22.970560568660503
-6.189539,60,222.485062,False,False,0.0401030049122819,69.82514681125156,13740,40.103004912281904
-5.859318,60,222.489065,False,False,0.0702084838320123,76.13798348823553,13800,70.20848383201229
-6.080911,60,222.500063,False,False,0.0885934876102357,65.61410624845654,13860,88.5934876102357
-7.054587,60,222.562059,False,False,0.0459512213503952,64.89250065403091,13920,45.9512213503952
-6.09238,60,225.761356,False,False,0.0826182999684686,73.86075183111303,13980,82.6182999684686
-7.19143,60,225.76536,False,False,0.0381056359435235,67.9233864129357,14040,38.1056359435235
-8.804661,60,225.771354,False,True,0.0246985054836982,72.50532803017016,14100,24.6985054836982
-6.321258,60,225.840347,False,False,0.0486107274429831,66.0142099630526,14160,48.6107274429831
-6.024045,60,229.832572,False,False,0.0821031433623159,80.93216433232062,14220,82.1031433623159
-6.395585,60,229.842574,False,False,0.0173569419359796,63.58108443488593,14280,17.3569419359796
-6.006432,60,229.848569,False,False,0.047768568680155,66.44914115665203,14340,47.768568680155
-6.527318,60,229.911563,False,False,0.0298068508967848,80.31833372837482,14400,29.8068508967848
-6.479505,60,233.17405,False,False,0.0151699730907032,83.79043526260838,14460,15.1699730907032
-6.364766,60,233.178053,False,False,0.0695887004113491,83.60103522666469,14520,69.5887004113491
-6.4789,60,233.186063,False,False,0.0169687272015107,77.45917996691409,14580,16.9687272015107
-7.184543,60,233.249057,False,False,0.0277010829642494,83.7499093154834,14640,27.7010829642494
-6.220582,60,237.286504,False,False,0.0644294908162492,85.71120888689634,14700,64.4294908162492
-6.124055,60,237.292505,False,False,0.0487297939086506,72.61248176084149,14760,48.7297939086506
-5.989462,60,237.297503,False,False,0.0465613646603901,65.87268528642133,14820,46.5613646603901
-5.966441,60,237.366497,False,False,0.0670927834121959,84.0089379442213,14880,67.0927834121959
-6.660628,60,240.55031,False,False,0.0089310038961995,75.51059529921024,14940,8.931003896199499
-7.815139,60,240.556313,False,True,0.0378195486749327,57.352147718218,15000,37.819548674932705
-6.259945,60,240.567311,False,False,0.0658225273213313,80.88174029846732,15060,65.82252732133131
-6.29523,60,240.632304,False,False,0.0047311081758021,67.69647872891011,15120,4.7311081758021
-6.824442,60,243.831032,False,False,0.0058635071851872,60.24658149248111,15180,5.8635071851872
-6.869476,60,243.833039,False,False,0.0396509631582834,88.48404093081402,15240,39.650963158283396
-5.784408,60,243.852028,False,False,0.006567097305746,71.68469033385144,15300,6.567097305746
-6.768753,60,243.909027,False,False,0.0003760187951084,65.72726979038801,15360,0.37601879510840003
-6.387752,60,247.905725,False,False,0.0677508662999131,75.68689755799872,15420,67.7508662999131
-5.393403,60,247.915719,False,False,0.026552832419316,57.54695976832936,15480,26.552832419316
-6.820916,60,247.925718,False,False,0.0090863822492054,69.36940832059163,15540,9.0863822492054
-7.454589,60,247.98971,False,False,0.0313213597140144,88.75509685997237,15600,31.321359714014402
-6.033844,60,251.224899,False,False,0.1219906779893844,86.30134149222286,15660,121.9906779893844
-7.503592,60,251.231898,False,False,0.0282207183774734,68.97320431083223,15720,28.2207183774734
-8.413035,60,251.244902,False,True,0.0406204263716614,82.2165522408168,15780,40.620426371661395
-5.958411,60,251.303904,False,False,0.0884595275083611,70.11086941580108,15840,88.4595275083611
-7.40469,60,255.615245,False,False,0.0290453589557851,73.40557093800511,15900,29.0453589557851
-6.174899,60,255.621244,False,False,0.0262067091615184,69.74806006435814,15960,26.2067091615184
-6.479961,60,255.632242,False,False,0.0427665337764001,81.94731411262876,16020,42.7665337764001
-7.195337,60,255.696235,False,False,0.0191545607471252,77.60329843358565,16080,19.1545607471252
-6.626787,60,259.037424,False,False,0.0076268680888272,66.79755140286971,16140,7.6268680888272
-7.3609,60,259.043424,False,False,0.0407386557939817,81.26717202284557,16200,40.7386557939817
-5.95014,60,259.056415,False,False,0.0414069564336451,80.48120586361082,16260,41.4069564336451
-7.528048,60,259.111416,False,False,0.0216545234469605,65.62723479252558,16320,21.6545234469605
-6.239557,60,263.196644,False,False,0.0183200552137276,74.27793497233984,16380,18.3200552137276
-6.0535,60,263.199653,False,False,0.1173428017270265,87.75158074398452,16440,117.34280172702651
-6.405731,60,263.209645,False,False,0.0428974558694508,77.21151429179558,16500,42.897455869450795
-6.173444,60,263.270645,False,False,0.0305800775455456,69.96041569737027,16560,30.5800775455456
-6.245611,60,266.436697,False,False,0.0346415730023173,82.34831610665108,16620,34.6415730023173
-6.212215,60,266.446794,False,False,0.0040063214216768,81.07674509568547,16680,4.0063214216768
-6.309635,60,266.458962,False,False,0.0512120946107807,82.88310080283871,16740,51.2120946107807
-6.161485,60,266.520786,False,False,0.0324458332297271,71.47889480495033,16800,32.4458332297271
-6.172579,60,270.486551,False,False,0.0540312393267587,73.54820834458991,16860,54.0312393267587
-6.363617,60,270.493968,False,False,0.0116283260366848,66.708088942237,16920,11.6283260366848
-5.605196,60,270.501552,False,False,0.0026802910341469,46.629841028841376,16980,2.6802910341469
-7.318006,60,270.564546,False,False,0.0077210943873232,70.70562399739272,17040,7.7210943873232
-7.140217,60,273.774666,False,False,0.0241447006795023,69.4102135073413,17100,24.1447006795023
-7.856345,60,273.779667,False,True,0.0397980176108502,65.31911963317377,17160,39.7980176108502
-6.803925,60,273.784677,False,False,0.0415814982669126,53.454665595912175,17220,41.5814982669126
-6.929595,60,273.84967,False,False,0.0128901352776042,75.14338054485684,17280,12.8901352776042
-6.499775,60,277.915529,False,False,0.0462922776618908,59.5326589882642,17340,46.2922776618908
-6.692469,60,277.919533,False,False,0.0272028901714374,64.31727834756748,17400,27.2028901714374
-6.379509,60,277.926537,False,False,0.0003752268241289,77.14467926493644,17460,0.37522682412889996
-5.932913,60,277.993524,False,False,0.0508348624332816,68.22725108039994,17520,50.8348624332816
-6.180474,60,281.204001,False,False,0.0727657389825591,82.69359858701418,17580,72.7657389825591
-6.574111,60,281.213008,False,False,0.033472439791466,81.33892202767484,17640,33.472439791465995
-5.975431,60,281.219002,False,False,0.098996668952948,66.3343131448261,17700,98.996668952948
-6.351284,60,281.284009,False,False,0.022124322665556,64.52752894008415,17760,22.124322665556
-6.123233,60,285.262555,False,False,0.0260744537716439,66.99340693128991,17820,26.0744537716439
-8.542105,60,285.263564,False,True,0.0195882362774154,55.4923019933272,17880,19.5882362774154
-6.838213,60,285.272563,False,False,0.0593517999433994,73.274946065608,17940,59.3517999433994
-5.88943,60,285.337556,False,False,0.0361512751724822,65.43023021672589,18000,36.1512751724822
-6.326231,60,288.519687,False,False,0.0596193186413201,79.89871133058509,18060,59.6193186413201
-6.463778,60,288.524691,False,False,0.0622994686038221,74.2892988774126,18120,62.2994686038221
-5.825118,60,288.534688,False,False,0.0066414540662076,75.60326251923127,18180,6.6414540662076
-6.971056,60,288.601674,False,False,0.012457888636243,63.607902147755055,18240,12.457888636243
-6.589517,60,292.607102,False,False,0.0099724519940469,54.76091593826944,18300,9.972451994046901
-6.207874,60,292.610103,False,False,0.0856266734473376,86.2393560904857,18360,85.6266734473376
-6.522314,60,292.622103,False,False,0.018448191497882,70.29514514904442,18420,18.448191497882
-7.383883,60,292.685097,False,False,0.0131490338330745,88.42029080212451,18480,13.1490338330745
-7.253051,60,295.933807,False,False,0.0049346152694721,68.56991183923016,18540,4.9346152694721
-6.776859,60,295.935812,False,False,0.0046264275914558,54.3196931755172,18600,4.6264275914557995
-5.731049,60,295.949805,False,False,0.0253996775995006,59.35398123043444,18660,25.399677599500603
-6.192572,60,296.012799,False,False,0.066213611347747,69.98845261046557,18720,66.213611347747
-7.38401,60,300.077751,False,False,0.024405149984479,74.67665389243855,18780,24.405149984479
-6.442379,60,300.079746,False,False,0.0129458719408655,76.50736339618972,18840,12.9458719408655
-6.328821,60,300.09075,False,False,0.0110052150890794,76.47649569317976,18900,11.005215089079401
-6.732599,60,300.157741,False,False,0.0336310052829854,89.40626754123534,18960,33.6310052829854
-5.411014,60,303.36755,False,False,0.0072675050728343,60.99842268827717,19020,7.2675050728343
-6.153932,60,303.375551,False,False,0.0027367114165157,82.03576559145206,19080,2.7367114165157003
-6.358947,60,303.386549,False,False,0.059565926086524,87.25734945505137,19140,59.565926086524
-6.793641,60,303.445545,False,False,0.0112963791945483,69.29024928866639,19200,11.2963791945483
-5.984129,60,306.7458,False,False,0.0175950466891877,68.61719756202507,19260,17.5950466891877
-7.233296,60,306.745957,False,False,0.0293448556633229,72.80133386863137,19320,29.3448556633229
-6.02368,60,306.760801,False,False,0.1118032734350668,63.33257856192024,19380,111.8032734350668
-6.054499,60,306.825791,False,False,0.0395889388814999,76.85597888461245,19440,39.5889388814999
-5.858575,60,310.942385,False,False,0.0379633430197229,76.20467247063522,19500,37.9633430197229
-5.734861,60,310.947387,False,False,0.046628924592484,60.04523758777977,19560,46.628924592484005
-6.128849,60,310.954388,False,False,0.0599880050687215,53.781609234416685,19620,59.9880050687215
-5.839697,60,311.017382,False,False,0.0496007349249715,74.14493284708887,19680,49.600734924971505
-5.983529,60,314.211597,False,False,0.0564544201855449,72.2241256664956,19740,56.4544201855449
-7.071491,60,314.214602,False,False,0.0391634649099267,76.36420719190595,19800,39.163464909926695
-6.538779,60,314.218597,False,False,0.0314576581164211,74.00196795011345,19860,31.4576581164211
-6.09296,60,314.279592,False,False,0.0633379963957261,80.37806382906187,19920,63.3379963957261
-7.744984,60,318.260658,False,False,0.0361294544846433,56.15123858861197,19980,36.129454484643304
-6.575032,60,318.264661,False,False,0.0040647236869269,54.47135664665456,20040,4.0647236869269
-6.727661,60,318.276655,False,False,0.0205592680262413,57.38404778390785,20100,20.5592680262413
-7.581239,60,318.342648,False,False,0.0470000960550276,67.37524142109946,20160,47.0000960550276
-6.165645,60,321.456291,False,False,0.0740791565984354,65.3216873222641,20220,74.0791565984354
-6.006547,60,321.464299,False,False,0.1146556922154343,64.4965135268444,20280,114.6556922154343
-6.991623,60,321.464301,False,False,0.0111419172442585,42.61308235310935,20340,11.1419172442585
-6.775759,60,321.535299,False,False,0.0179655854575452,56.42956306683167,20400,17.9655854575452
-7.068406,60,325.556317,False,False,0.0463464251242693,70.7476801778109,20460,46.3464251242693
-7.002618,60,325.56032,False,False,0.0070350633383949,59.44953317060419,20520,7.0350633383949
-6.530075,60,325.566317,False,False,0.055770081499849,69.94945612924565,20580,55.770081499849
-7.680861,60,325.638312,False,False,0.0687361612514986,83.26206792637868,20640,68.7361612514986
-6.080184,60,328.757928,False,False,0.036746732573603,71.37874196021309,20700,36.746732573603005
-6.912893,60,328.76293,False,False,0.0263395072389022,51.44859735818664,20760,26.3395072389022
-6.248589,60,328.769934,False,False,0.059015838751043,65.58304527803631,20820,59.015838751043
-6.858491,60,328.834929,False,False,0.0092058550633009,68.0621609373247,20880,9.2058550633009
-7.032502,60,332.834509,False,False,0.0302594425861263,80.20431598329738,20940,30.2594425861263
-6.740731,60,332.838512,False,False,0.0415422951584945,66.90708514335299,21000,41.542295158494504
-7.09541,60,332.845514,False,False,0.0103998327471323,62.463355512598845,21060,10.399832747132299
-5.842146,60,332.909507,False,False,0.0452214180185146,66.7671645631549,21120,45.2214180185146
-6.018727,60,336.070146,False,False,0.031277586880164,74.10304014020768,21180,31.277586880164
-6.819238,60,336.072145,False,False,0.0119976692789827,72.77616534854977,21240,11.9976692789827
-6.367712,60,336.080147,False,False,0.0509904476766852,79.75272035001825,21300,50.9904476766852
-7.342748,60,336.149141,False,False,0.0323870900182888,72.85353839449799,21360,32.3870900182888
-5.896797,60,340.272213,False,False,0.025486215176345,70.79327006792543,21420,25.486215176345002
-6.501531,60,340.279212,False,False,0.0456655203670415,75.02591679833617,21480,45.6655203670415
-6.675905,60,340.291216,False,False,0.0338444692208256,50.97630056655064,21540,33.8444692208256
-6.177194,60,340.355202,False,False,0.0033318466736556,53.25423551998875,21600,3.3318466736556
-6.25312,60,343.537956,False,False,0.0550306135703237,53.06539182426074,21660,55.030613570323695
-7.503452,60,343.546978,False,False,0.0409992853785498,60.8223862441918,21720,40.9992853785498
-6.245134,60,343.553956,False,False,0.052301352236397,67.10136784402404,21780,52.301352236397
-6.570838,60,343.62097,False,False,0.037936760322414,58.84187630997558,21840,37.936760322413996
-6.763551,60,347.587625,False,False,0.0175521854406049,52.53450046908152,21900,17.5521854406049
-6.947674,60,347.595624,False,False,0.0008888075500295,66.93774108561797,21960,0.8888075500295
-6.253278,60,347.603631,False,False,0.0509574123883891,65.76762601946194,22020,50.9574123883891
-6.744093,60,347.662625,False,False,0.0031565403065714,67.22839322019239,22080,3.1565403065714
-6.909972,60,350.849621,False,False,0.010696968244019,64.69023194271662,22140,10.696968244019
-6.522263,60,350.851621,False,False,0.0440362736281174,75.97285411657215,22200,44.0362736281174
-7.688307,60,350.861619,False,False,0.0249817534371747,69.94621325463943,22260,24.981753437174703
-7.39327,60,350.926617,False,False,0.0481396992672124,58.112489207571095,22320,48.1396992672124
-5.862434,60,354.97751,False,False,0.0029471492081838,73.07181447382246,22380,2.9471492081838
-7.117511,60,354.986515,False,False,0.0007476706055344,78.27154764131596,22440,0.7476706055344
-6.804493,60,354.992511,False,False,0.0151054033841304,62.4619782810632,22500,15.1054033841304
-7.412427,60,355.060506,False,False,0.0221529561070094,68.40209357228328,22560,22.1529561070094
-5.991991,60,358.234339,False,False,0.0987989358349384,60.82080288483423,22620,98.7989358349384
-7.239961,60,358.239342,False,False,0.0138736474410552,68.59982271499109,22680,13.8736474410552
-6.475916,60,358.247341,False,False,0.0085578554416846,55.62583550924622,22740,8.5578554416846
-6.251209,60,358.316332,False,False,0.0031601812592087,59.37472203307421,22800,3.1601812592087
-6.351431,60,361.416018,False,False,0.0783509624318265,78.50139997795497,22860,78.3509624318265
-6.400022,60,361.421019,False,False,0.0403076186714489,61.06923833204284,22920,40.3076186714489
-6.33057,60,361.431019,False,False,0.022955108042201,77.27297709337886,22980,22.955108042201
-6.944709,60,361.494013,False,False,0.0201364587643898,56.72637164862162,23040,20.1364587643898
-6.1534,60,365.511158,False,False,0.0637681341933888,68.37638091891488,23100,63.768134193388796
-7.788225,60,365.518163,False,False,0.0352648595573207,74.45303724591948,23160,35.2648595573207
-6.582335,60,365.52916,False,False,0.0381113437487413,69.50247220057828,23220,38.1113437487413
-5.936151,60,365.591146,False,False,0.0067684428617737,81.65946537170304,23280,6.7684428617737
-6.048837,60,368.80359,False,False,0.1094609799652972,66.446510830572,23340,109.4609799652972
-6.208353,60,368.811593,False,False,0.0687029924961036,68.614197909058,23400,68.70299249610359
-6.122505,60,368.823595,False,False,0.0726753144186699,70.72083888385366,23460,72.6753144186699
-6.095591,60,368.883586,False,False,0.0583759071476782,74.13567974833697,23520,58.3759071476782
-7.532746,60,372.873007,False,False,0.0169172397794608,58.49891801314462,23580,16.9172397794608
-6.051237,60,372.880013,False,False,0.0782365094964381,37.958427433024106,23640,78.23650949643809
-6.775613,60,372.889011,False,False,0.0321815885769002,63.39106382140778,23700,32.1815885769002
-6.023388,60,372.956005,False,False,0.0758175138736444,62.49604596778274,23760,75.8175138736444
-7.237471,60,376.113962,False,False,0.0120771862018995,78.00449110610211,23820,12.0771862018995
-6.032125,60,376.117966,False,False,0.0785367747435432,61.25834363481802,23880,78.5367747435432
-7.162866,60,376.133516,False,False,0.0199635566364376,60.64625062791096,23940,19.963556636437602
-6.175467,60,376.192959,False,False,0.0763517823822793,46.63348236688057,24000,76.3517823822793
-7.472486,60,380.222265,False,False,0.0487323771556765,45.55346798699519,24060,48.7323771556765
-6.111827,60,380.229264,False,False,0.0543868013822343,62.59051361095607,24120,54.386801382234296
-5.939262,60,380.238267,False,False,0.0891185581659793,67.37936572925445,24180,89.1185581659793
-5.936351,60,380.301261,False,False,0.0508264298362016,74.32036660067124,24240,50.8264298362016
-8.050818,60,383.46013,False,True,0.0704278777118257,52.82668429140358,24300,70.4278777118257
-6.49651,60,383.464134,False,False,0.0565941361915194,70.97927053024372,24360,56.594136191519404
-6.670683,60,383.476137,False,False,0.0561180333208542,51.74150942905632,24420,56.1180333208542
-6.210446,60,383.541128,False,False,0.0505125586987449,56.619477986344044,24480,50.512558698744904
-7.134341,60,387.694011,False,False,0.049198019920037,68.11261818806888,24540,49.198019920037
-6.324011,60,387.698014,False,False,0.0273501232658349,59.97025525134185,24600,27.3501232658349
-6.550989,60,387.705014,False,False,0.00263110712147,72.82281887150754,24660,2.63110712147
-6.814,60,387.77001,False,False,0.0239205996018346,56.69359330011186,24720,23.9205996018346
-7.043824,60,390.99935,False,False,0.007517098027561,76.439714168537,24780,7.517098027561
-6.054124,60,391.010352,False,False,0.1147604473144082,64.03581234084675,24840,114.7604473144082
-7.09026,60,391.02235,False,False,0.0265102370571099,70.37638002864438,24900,26.5102370571099
-6.965771,60,391.084344,False,False,0.0190235874313154,48.414064607514966,24960,19.023587431315402
-7.278747,60,395.12884,False,False,0.0103059901686218,57.48658737271106,25020,10.3059901686218
-6.185061,60,395.138843,False,False,0.0478697503591781,65.54126958755813,25080,47.8697503591781
-6.809451,60,395.146843,False,False,0.0313083120546801,64.05525564091744,25140,31.308312054680098
-6.038818,60,395.202833,False,False,0.0088884401171267,52.50105542097472,25200,8.8884401171267
-7.415489,60,398.493775,False,False,0.0176848487663981,56.77817156686768,25260,17.6848487663981
-6.139453,60,398.494784,False,False,0.117540244916716,61.04744145306442,25320,117.54024491671599
-6.891904,60,398.504786,False,False,0.0065461758180773,55.309091493028674,25380,6.5461758180773
-6.99752,60,398.568776,False,False,0.0049952408891412,68.61554309986374,25440,4.9952408891412
-7.004604,60,402.710761,False,False,0.0090136720107987,47.278190343601146,25500,9.0136720107987
-6.983046,60,402.713768,False,False,0.0006110565979114,84.79913046724643,25560,0.6110565979114
-6.702141,60,402.722766,False,False,0.0017525948656081,68.10618464966336,25620,1.7525948656081
-6.624244,60,402.789754,False,False,0.0311845329010494,76.87703608942981,25680,31.184532901049398
-6.963421,60,405.925735,False,False,0.015841105219756,64.81295895749909,25740,15.841105219755999
-6.362605,60,405.927726,False,False,0.0744915539049197,72.50822532556577,25800,74.4915539049197
-7.04434,60,405.93773,False,False,1.395342153791973e-05,65.06950988470871,25860,0.01395342153791973
-7.425953,60,405.999727,False,False,0.0103815156557721,64.56823064097614,25920,10.3815156557721
-7.478348,60,410.017476,False,False,0.0302519033922293,61.26438386203069,25980,30.251903392229302
-7.806012,60,410.022478,False,False,0.0392267128498586,63.51711854814922,26040,39.2267128498586
-6.552869,60,410.030478,False,False,0.02121030844443,78.89402971893264,26100,21.21030844443
-7.016285,60,410.094471,False,False,0.0094893132719265,55.43291211569365,26160,9.4893132719265
-6.308544,60,413.255071,False,False,0.0517529759143494,56.76775790807572,26220,51.7529759143494
-6.576884,60,413.259074,False,False,0.0362261695196934,73.6459064550406,26280,36.2261695196934
-6.880648,60,413.270072,False,False,0.0153919361379376,42.16120131632682,26340,15.3919361379376
-6.446938,60,413.332066,False,False,0.0753584436932017,65.35452471941473,26400,75.3584436932017
-6.424746,60,417.446751,False,False,0.0257879484232715,67.3668125005945,26460,25.787948423271498
-6.460608,60,417.451752,False,False,0.0557798867596091,54.15418192968416,26520,55.7798867596091
-6.950278,60,417.463748,False,False,0.0651482344739215,82.22206130700059,26580,65.1482344739215
-6.155742,60,417.526742,False,False,0.0936125858141558,74.41685862125193,26640,93.61258581415579
-6.032724,60,420.763191,False,False,0.1020040833840687,68.67521989514302,26700,102.00408338406871
-7.028781,60,420.767186,False,False,0.0215723798185085,68.23238873863426,26760,21.572379818508498
-6.219021,60,420.774189,False,False,0.0872709449256177,60.36882553294636,26820,87.2709449256177
-6.410832,60,420.842186,False,False,0.0406444736715528,67.77455861807626,26880,40.6444736715528
-6.58811,60,424.010541,False,False,0.0488060210773054,82.72191447649026,26940,48.8060210773054
-6.351174,60,424.013545,False,False,0.0255089307079993,61.509213808887495,27000,25.5089307079993
-6.171868,60,424.026541,False,False,0.0796293400195412,68.41616582119019,27060,79.62934001954119
-6.796875,60,424.087537,False,False,0.0154199735497262,48.24842192633162,27120,15.419973549726201
-6.136242,60,428.04965,False,False,0.0629103081681539,80.19224569970302,27180,62.910308168153904
-6.019525,60,428.053653,False,False,0.0940944240596124,79.78414362675805,27240,94.0944240596124
-6.88127,60,428.063653,False,False,0.0103160385528037,72.16525945010356,27300,10.3160385528037
-6.368689,60,428.124649,False,False,0.0595451251246956,67.56140547588575,27360,59.5451251246956
-6.096667,60,431.353041,False,False,0.0878175177512934,78.0462468928083,27420,87.8175177512934
-6.131096,60,431.357663,False,False,0.0217919615753395,72.97973719648434,27480,21.7919615753395
-6.502003,60,431.367032,False,False,0.0407851567313216,50.2947536715912,27540,40.78515673132161
-6.875806,60,431.429029,False,False,0.0075769135049852,67.98367957033578,27600,7.5769135049852
-6.231585,60,435.355435,False,False,0.0787057547787541,60.87737144026439,27660,78.70575477875411
-6.37089,60,435.366427,False,False,0.0140488678769864,61.2892377915957,27720,14.0488678769864
-6.24507,60,435.372429,False,False,0.0436329069619141,57.49950528309338,27780,43.6329069619141
-7.240541,60,435.435423,False,False,0.0157586859601359,66.78726831484875,27840,15.7586859601359
-6.029371,60,438.570105,False,False,0.0711669482573219,66.55641285285907,27900,71.16694825732189
-6.148515,60,438.57463,False,False,0.0921536578640936,86.97416341613675,27960,92.1536578640936
-7.311249,60,438.585627,False,False,0.0090248415913274,71.43004488430212,28020,9.0248415913274
-7.302909,60,438.64565,False,False,0.0232314213734059,69.3664190586839,28080,23.231421373405897
-7.152583,60,442.760584,False,False,0.0104283027894959,59.42991838074368,28140,10.4283027894959
-7.091583,60,442.76259,False,False,0.0014050722675689,70.75897205645634,28200,1.4050722675689
-6.543351,60,442.774586,False,False,0.0263957584509062,76.08202352583378,28260,26.3957584509062
-6.082707,60,442.833573,False,False,0.020561748183087,70.05086747260519,28320,20.561748183087
-6.569545,60,446.316337,False,False,0.0330960306628355,74.67205256978383,28380,33.0960306628355
-6.574302,60,446.324328,False,False,0.0125679402406601,55.12190747664432,28440,12.5679402406601
-6.653981,60,446.337321,False,False,0.0389739173429466,75.2190747677076,28500,38.9739173429466
-6.805198,60,446.393321,False,False,0.0165581270788182,84.83912384565453,28560,16.558127078818202
-6.171454,60,450.488368,False,False,0.1090417131656268,88.78167860613786,28620,109.0417131656268
-6.625765,60,450.492371,False,False,0.0378731383244439,56.15671002908641,28680,37.8731383244439
-9.012792,60,450.502373,False,True,0.0033642039964821,58.78208803961403,28740,3.3642039964821002
-6.292417,60,450.564368,False,False,0.035597505729354,69.46598103270414,28800,35.597505729354005
-6.741454,60,453.763382,False,False,0.0009088382368525,78.12466346847839,28860,0.9088382368525
-6.199486,60,453.765392,False,False,0.0530827597595797,86.04136856106885,28920,53.082759759579695
-6.658638,60,453.775392,False,False,0.0581405866624348,53.445715306063335,28980,58.1405866624348
-6.552326,60,453.843375,False,False,0.0361268052480794,57.02396003233024,29040,36.1268052480794
-6.162774,60,457.868965,False,False,0.1035846850271091,62.947165747351946,29100,103.5846850271091
-6.282799,60,457.872969,False,False,0.0475398884833688,80.2869312767994,29160,47.5398884833688
-5.817587,60,457.887963,False,False,0.0241634982797151,47.13818390995117,29220,24.1634982797151
-6.62609,60,457.94696,False,False,0.0113985278893099,75.2642750280925,29280,11.3985278893099
-6.670371,60,461.222171,False,False,0.0349734221375435,72.50207850436557,29340,34.9734221375435
-6.230123,60,461.226175,False,False,0.0677342196341363,79.87112844549027,29400,67.7342196341363
-6.613371,60,461.236175,False,False,0.0311188015319239,78.0578072254594,29460,31.1188015319239
-9.21635,60,461.29917,False,True,0.0469033629060314,58.72794888504933,29520,46.9033629060314
-6.020109,60,465.288335,False,False,0.0423383134836078,66.79691958633896,29580,42.3383134836078
-6.06452,60,465.297341,False,False,0.0810351307716388,82.66040653992162,29640,81.0351307716388
-7.481953,60,465.305344,False,False,0.0196110126484432,63.59533270674877,29700,19.6110126484432
-6.646141,60,465.371333,False,False,0.0060723598361604,80.10593279764714,29760,6.0723598361604
-6.28238,60,468.524911,False,False,0.0086044705739851,51.2912079640408,29820,8.6044705739851
-6.177407,60,468.529913,False,False,0.0764706043917525,81.67454617255855,29880,76.4706043917525
-7.405243,60,468.538913,False,False,0.0104477210862635,77.12006523327497,29940,10.447721086263499
-6.143979,60,468.599908,False,False,0.0481128635391424,69.04725277868457,30000,48.1128635391424
-6.708891,60,472.571152,False,False,0.0230935473800002,49.51344358401104,30060,23.0935473800002
-6.537161,60,472.579153,False,False,0.0136506808348955,60.46451614958887,30120,13.6506808348955
-6.519943,60,472.585154,False,False,0.0495239483162177,57.91710116559597,30180,49.523948316217705
-6.662814,60,472.648148,False,False,0.0014979993468714,70.11935680176347,30240,1.4979993468714
-6.865035,60,475.815124,False,False,0.007678087592955,69.48774746604205,30300,7.678087592955
-6.276452,60,475.815131,False,False,0.0317647000850569,61.517649930919866,30360,31.764700085056898
-6.581298,60,475.833123,False,False,0.031559848847533,72.58969328841745,30420,31.559848847532997
-6.29419,60,475.894119,False,False,0.0027132117527469,85.13796589774758,30480,2.7132117527469
-6.409753,60,479.078602,False,False,0.0657351667332381,89.44848086348236,30540,65.7351667332381
-6.236099,60,479.088598,False,False,0.0781478651256932,86.43041599050292,30600,78.1478651256932
-6.392942,60,479.0966,False,False,0.0698517638005169,83.93479312666399,30660,69.8517638005169
-6.996404,60,479.155595,False,False,0.0184885379666694,50.094912685276,30720,18.4885379666694
-6.195973,60,483.162045,False,False,0.077463078893297,84.64062206687632,30780,77.463078893297
-6.557199,60,483.166048,False,False,0.0397991612104417,89.49718931460144,30840,39.799161210441696
-6.36311,60,483.168047,False,False,0.0449134801415584,77.55014914784982,30900,44.9134801415584
-7.164861,60,483.235041,False,False,0.0381673206648418,76.20866996420219,30960,38.167320664841796
-6.150883,60,486.399987,False,False,0.0084222558044089,89.78752002885953,31020,8.4222558044089
-7.523677,60,486.40499,False,False,0.0292008451742777,84.37442922550403,31080,29.2008451742777
-6.944764,60,486.412988,False,False,0.0306323704011796,87.08501119501778,31140,30.6323704011796
-6.059173,60,486.478982,False,False,0.0518418092006444,83.17735911191441,31200,51.8418092006444
-6.067999,60,490.604777,False,False,0.0422974204988458,72.78516024044558,31260,42.2974204988458
-7.556164,60,490.609786,False,False,0.025648607730986,80.47210205514355,31320,25.648607730986
-7.465206,60,490.619778,False,False,0.045392172121571,88.14526603306813,31380,45.392172121571
-8.217116,60,490.682772,False,True,0.0381105050789659,76.69669546563998,31440,38.1105050789659
-6.739327,60,493.878165,False,False,0.0301113271791984,85.6514842202832,31500,30.111327179198398
-6.089834,60,493.882169,False,False,0.0485190380323998,68.3216530205611,31560,48.5190380323998
-5.78211,60,493.894167,False,False,0.0044346404543447,71.9674339079089,31620,4.4346404543447
-6.335248,60,493.957161,False,False,0.0230119962426929,84.4152873985784,31680,23.011996242692902
-6.022685,60,497.926347,False,False,0.0697404221962597,76.520977153637,31740,69.7404221962597
-6.310819,60,497.926357,False,False,0.0445432009874439,89.65520157468085,31800,44.5432009874439
-5.766844,60,497.941348,False,False,0.0105300103308971,83.96430069637663,31860,10.5300103308971
-6.645309,60,498.009338,False,False,0.0022876269600228,84.56775263538519,31920,2.2876269600228
-6.067138,60,501.155514,False,False,0.1003629493662236,88.55184235696623,31980,100.3629493662236
-6.775624,60,501.164516,False,False,0.0128328818957867,83.43796209471374,32040,12.832881895786699
-6.04557,60,501.175514,False,False,0.0266310930703955,87.7433191055046,32100,26.6310930703955
-5.923479,60,501.234506,False,False,0.0583874915908255,74.46237167262979,32160,58.3874915908255
-5.831271,60,505.219853,False,False,0.053244262317079,86.07169053728019,32220,53.244262317079006
-6.190396,60,505.231851,False,False,0.029745818530999,82.2811922533284,32280,29.745818530999
-6.735071,60,505.243845,False,False,0.0039734196128271,89.03581234033759,32340,3.9734196128271004
-6.415922,60,505.302844,False,False,0.0480890532420298,85.94243332003147,32400,48.0890532420298
-6.747346,60,508.535964,False,False,0.0355660742777127,77.13217798499588,32460,35.5660742777127
-8.105919,60,508.543963,False,True,0.0595652940497728,72.59288525070994,32520,59.5652940497728
-5.930048,60,508.552962,False,False,0.0188508714368123,85.28806768179493,32580,18.850871436812298
-5.893679,60,508.61896,False,False,0.0125030377229898,76.76992747480087,32640,12.5030377229898
-6.004796,60,512.586843,False,False,0.0162425266634027,84.96261933248914,32700,16.2425266634027
-6.490012,60,512.591842,False,False,0.0535547751501138,67.35890146640729,32760,53.554775150113805
-6.040194,60,512.601844,False,False,0.0010640558281378,61.99653757694849,32820,1.0640558281378
-7.122678,60,512.665834,False,False,0.0032854799569732,65.26024324977561,32880,3.2854799569732
-5.980326,60,515.953789,False,False,0.0016195284331341,85.5913448629516,32940,1.6195284331341
-7.409938,60,515.965784,False,False,0.0289955452669142,79.83390892283238,33000,28.9955452669142
-5.727531,60,515.972785,False,False,0.0251093761537925,71.28395880353777,33060,25.1093761537925
-7.303433,60,516.037779,False,False,0.027405196135165,75.38935884627855,33120,27.405196135165
-6.27039,60,520.047317,False,False,0.026639870738273,73.23720975746788,33180,26.639870738273
-6.386141,60,520.057319,False,False,0.0122605343294233,69.33194259498545,33240,12.2605343294233
-6.344772,60,520.067321,False,False,0.0309825045252151,76.04645678972302,33300,30.982504525215102
-11.09349,60,520.128318,False,True,0.0413605946757881,82.69722351705613,33360,41.3605946757881
-6.516466,60,523.320783,False,False,0.0024449273280432,82.26230628089921,33420,2.4449273280432
-7.293698,60,523.322783,False,False,0.0067734922970159,75.47652609033372,33480,6.7734922970159
-7.487961,60,523.334784,False,False,0.0240733494894325,89.44371574289107,33540,24.0733494894325
-5.449539,60,523.397778,False,False,0.0061131773419915,76.50671002652723,33600,6.1131773419915
-5.955124,60,527.344196,False,False,0.0557282053448081,85.59239623806538,33660,55.7282053448081
-7.095286,60,527.350202,False,False,0.0473138927289472,85.45918367914729,33720,47.313892728947195
-9.676507,60,527.364194,False,True,0.0208608735884426,85.40335939485249,33780,20.860873588442598
-5.880586,60,527.427188,False,False,0.0019816534830914,81.954842830822,33840,1.9816534830914
-5.750494,60,530.556926,False,False,0.0130749805334051,81.84083867285942,33900,13.0749805334051
-7.585991,60,530.558934,False,False,0.0372067981966092,80.76535903887137,33960,37.2067981966092
-6.100171,60,530.564932,False,False,0.0053602727013527,80.30075837604859,34020,5.3602727013527
-6.163523,60,530.631927,False,False,0.073781744911763,88.51917165210014,34080,73.781744911763
-6.81061,60,534.609829,False,False,0.0242716264101657,83.63376195023653,34140,24.2716264101657
-6.583357,60,534.615264,False,False,0.052228412713383,83.62254144345904,34200,52.228412713383
-6.513886,60,534.62483,False,False,0.0329548615615396,89.06796025813172,34260,32.9548615615396
-6.279302,60,534.690954,False,False,0.0269414017376866,89.96278548484464,34320,26.9414017376866
-5.709717,60,537.88451,False,False,0.0126845073296013,82.68379546075916,34380,12.684507329601301
-7.021088,60,537.895524,False,False,0.029018859369105,69.07019091739677,34440,29.018859369105
-7.230216,60,537.906521,False,False,0.0422428357569771,67.36969157215213,34500,42.2428357569771
-7.962244,60,537.967524,False,False,0.0680066845434986,70.76239148753307,34560,68.00668454349861
-6.569035,60,541.157792,False,False,0.0192312091215941,78.342503545917,34620,19.231209121594098
-5.809593,60,541.161795,False,False,0.0186359921291853,76.54703855185159,34680,18.635992129185297
-7.030885,60,541.177874,False,False,0.0467870682204935,83.27755365596292,34740,46.7870682204935
-7.165995,60,541.241786,False,False,0.0177736744717205,82.16143342952677,34800,17.7736744717205
-5.873997,60,545.292014,False,False,0.0568327090738003,86.91925578468467,34860,56.8327090738003
-6.278222,60,545.296018,False,False,0.0142648571198556,86.79533587187697,34920,14.2648571198556
-5.975557,60,545.303019,False,False,0.0728939376364743,73.23265008100749,34980,72.89393763647429
-6.393167,60,545.364015,False,False,0.0717035235197033,87.06586643853538,35040,71.7035235197033
-6.417224,60,548.638954,False,False,0.0512161888720375,83.42355681025353,35100,51.2161888720375
-7.636783,60,548.643951,False,False,0.0264005044438303,65.62888084235519,35160,26.4005044438303
-6.3552,60,548.653955,False,False,0.0460359119507871,74.92845425067166,35220,46.0359119507871
-5.870577,60,548.712944,False,False,0.0633043400476999,76.97788768464353,35280,63.3043400476999
-7.022654,60,552.714681,False,False,0.0423926664539809,80.37145628023914,35340,42.392666453980894
-6.329698,60,552.717676,False,False,0.0046291040143329,75.71500084035574,35400,4.6291040143329
-7.415387,60,552.729673,False,False,0.0207982463043916,82.24935250072865,35460,20.7982463043916
-11.225974,60,552.797662,False,True,0.0101995176908214,89.52558488487752,35520,10.1995176908214
-7.682602,60,555.958091,False,False,0.0486970622813532,86.82207611528722,35580,48.6970622813532
-6.724813,60,555.963093,False,False,0.0237173561366663,87.98354876896671,35640,23.717356136666297
-6.382692,60,555.973092,False,False,0.014044341468334,88.61238502687156,35700,14.044341468334
-5.783443,60,556.040082,False,False,0.0560705672704107,77.00572286387776,35760,56.070567270410706
-7.348627,60,560.091407,False,False,0.0457249020127714,85.00628141430282,35820,45.7249020127714
-6.626309,60,560.095411,False,False,0.0039300602974933,62.91629032760384,35880,3.9300602974933
-6.238151,60,560.108404,False,False,0.0104241954483626,85.48468222238272,35940,10.4241954483626
-6.097355,60,560.169402,False,False,0.0005995830168401,83.69513556399417,36000,0.5995830168401
-6.010024,60,563.350768,False,False,0.0302069616262837,66.83844433901527,36060,30.2069616262837
-6.178482,60,563.354771,False,False,0.0719545213864542,79.39849270347621,36120,71.95452138645419
-6.864249,60,563.365769,False,False,0.0284042145610473,82.33251967422902,36180,28.4042145610473
-6.712045,60,563.428763,False,False,0.0400564321934867,63.164117424288776,36240,40.0564321934867
-6.234952,60,567.486543,False,False,0.0732118702823619,82.14165199226855,36300,73.2118702823619
-6.412111,60,567.494546,False,False,0.0270492831857285,53.52729530190454,36360,27.0492831857285
-6.189433,60,567.505543,False,False,0.0396814167466721,56.219831768230165,36420,39.681416746672106
-6.44593,60,567.564538,False,False,0.058859975756097,77.05625621239271,36480,58.859975756097
-5.79815,60,570.755775,False,False,0.0339112632102374,66.18015979098539,36540,33.9112632102374
-6.620814,60,570.757782,False,False,0.0202771181445625,67.05077256678953,36600,20.2771181445625
-6.479144,60,570.771778,False,False,0.0234281396361757,86.991902777851,36660,23.4281396361757
-7.227538,60,570.830778,False,False,0.0239614740891286,74.49323908812381,36720,23.9614740891286
-6.167484,60,574.781687,False,False,0.0559348617512023,57.73901583080565,36780,55.9348617512023
-7.538485,60,574.789692,False,False,0.0269094892228655,77.97667902940191,36840,26.9094892228655
-6.496035,60,574.792685,False,False,0.064113050545695,70.37815893550136,36900,64.11305054569499
-5.949582,60,574.864679,False,False,0.0080973926369196,68.87759517175708,36960,8.0973926369196
-6.402428,60,578.17347,False,False,0.0001411382467397,61.11712209055765,37020,0.1411382467397
-6.803834,60,578.181464,False,False,0.0402606242972966,70.0571250540906,37080,40.2606242972966
-7.12202,60,578.193465,False,False,0.0365358583860935,70.6582611634567,37140,36.5358583860935
-7.175725,60,578.251465,False,False,0.0100228706908863,78.50218025621461,37200,10.022870690886299
-6.570912,60,582.444571,False,False,0.0268711555946214,73.32750016550958,37260,26.871155594621403
-7.662454,60,582.44757,False,False,0.0355593120901594,76.45673444484545,37320,35.5593120901594
-6.338967,60,582.460569,False,False,0.0681058643433971,51.37962185749145,37380,68.1058643433971
-7.322259,60,582.524562,False,False,0.024471053409911,71.51567361858307,37440,24.471053409911
-7.125552,60,585.783245,False,False,0.0054429606623048,78.7636523821815,37500,5.4429606623048
-6.733048,60,585.789243,False,False,0.0096943941132775,57.34504511025493,37560,9.6943941132775
-6.794971,60,585.800241,False,False,0.0175977598544358,66.79084872830528,37620,17.5977598544358
-5.794611,60,585.86124,False,False,0.0492451324226479,67.41424583745844,37680,49.2451324226479
-6.097934,60,589.93605,False,False,0.0295898035460315,89.56830748134124,37740,29.5898035460315
-6.681006,60,589.940054,False,False,0.0090120090604824,66.05243627257626,37800,9.0120090604824
-5.976662,60,589.951051,False,False,0.0601637758123703,70.07887277144691,37860,60.1637758123703
-6.603798,60,590.013047,False,False,0.0010169495524672,60.290447805361815,37920,1.0169495524672
-6.872388,60,593.238511,False,False,0.0334055203843152,81.62812064502424,37980,33.405520384315196
-5.96081,60,593.240503,False,False,0.0638506160309376,59.953731492830926,38040,63.8506160309376
-7.242466,60,593.256502,False,False,0.0278854946926515,70.13121779424675,38100,27.8854946926515
-6.067011,60,593.320497,False,False,0.0712605736755024,82.49384782217803,38160,71.2605736755024
-6.385534,60,596.506967,False,False,0.0005758393178262,70.01343584589507,38220,0.5758393178262
-7.528207,60,596.514966,False,False,0.0212694895846295,67.62541238094012,38280,21.2694895846295
-7.099522,60,596.520964,False,False,0.0285526373803437,62.51662226977469,38340,28.5526373803437
-6.174129,60,596.58596,False,False,0.0335881638081216,89.50401594340617,38400,33.5881638081216
-5.924948,60,600.887324,False,False,0.0942967519458847,61.84286278658905,38460,94.29675194588471
-6.643175,60,600.891327,False,False,0.0117809316293678,80.15174757710248,38520,11.780931629367801
-7.513972,60,600.898322,False,False,0.0606467881189028,67.47794594100405,38580,60.6467881189028
-6.876546,60,600.961317,False,False,0.0161364763608848,59.693014612939095,38640,16.136476360884803
-7.159421,60,604.084165,False,False,0.0344443413579592,72.19227567941935,38700,34.4443413579592
-6.567664,60,604.08917,False,False,0.0142687472767929,46.91950504503421,38760,14.2687472767929
-5.83459,60,604.099166,False,False,0.0502750666963964,68.29411741142408,38820,50.2750666963964
-6.433819,60,604.159172,False,False,0.0192560654523545,72.39779980371571,38880,19.256065452354502
-8.066155,60,608.198145,False,True,0.0507678367838876,50.14278600425588,38940,50.767836783887596
-6.79058,60,608.205146,False,False,0.0257045513095752,54.251165644975735,39000,25.7045513095752
-5.383697,60,608.212148,False,False,0.0053478385743485,48.2317840695308,39060,5.3478385743485
-6.459748,60,608.274144,False,False,0.0568318179997189,58.53367621926863,39120,56.8318179997189
-6.733327,60,611.518342,False,False,0.0214484357092411,69.80950547957922,39180,21.448435709241103
-6.03792,60,611.52334,False,False,0.0805312374791174,45.873999394432445,39240,80.53123747911741
-9.347255,60,611.535339,False,True,0.0228375324139852,74.34936028440065,39300,22.8375324139852
-8.02084,60,611.594336,False,True,0.0145216773752279,71.64191590214544,39360,14.521677375227899
-6.19201,60,615.543457,False,False,0.0361278326432208,64.51819143311835,39420,36.1278326432208
-6.191348,60,615.552455,False,False,0.0044191810488183,53.12312621985149,39480,4.4191810488183005
-6.17822,60,615.557456,False,False,0.0425954272335087,77.65234887824674,39540,42.595427233508694
-6.469154,60,615.624446,False,False,0.0364361854651831,59.05906098566216,39600,36.4361854651831
-5.381467,60,618.680032,False,False,0.0080510667692159,32.70201658046299,39660,8.0510667692159
-6.055119,60,618.684036,False,False,0.0115762148125179,59.45203398183691,39720,11.5762148125179
-6.460882,60,618.696029,False,False,0.0474804222982136,76.79180612556662,39780,47.480422298213604
-6.492098,60,618.759023,False,False,0.035070276020947,55.9611375020471,39840,35.070276020947
-9.695368,60,622.727313,False,True,0.0365556978816809,59.049351791356855,39900,36.5556978816809
-7.235404,60,622.730156,False,False,0.0213291202461591,66.71741093128573,39960,21.3291202461591
-5.97689,60,622.747339,False,False,0.084413460884399,57.56405879802515,40020,84.413460884399
-6.185764,60,622.80633,False,False,0.0645239485026597,74.96867301529268,40080,64.5239485026597
-6.507418,60,625.917371,False,False,0.0317108807522217,55.886099022387,40140,31.710880752221698
-6.123152,60,625.925377,False,False,0.0665693124640807,69.49185285945472,40200,66.5693124640807
-5.950271,60,625.937373,False,False,0.0256307538533055,72.68773852500415,40260,25.6307538533055
-5.928118,60,625.997367,False,False,0.0306161069504428,61.40523573383268,40320,30.616106950442802
-5.836325,60,629.965283,False,False,0.0666300376428045,44.61024733679276,40380,66.6300376428045
-7.066952,60,629.974289,False,False,0.034343783675121,67.29627192887273,40440,34.343783675120996
-5.554128,60,629.983292,False,False,0.0417906837069981,31.221642198834253,40500,41.7906837069981
-7.056509,60,630.046286,False,False,0.0261490358665599,49.77784382716556,40560,26.149035866559903
-5.408878,60,633.183528,False,False,0.0011141876531358,47.05278662579339,40620,1.1141876531358
-5.94962,60,633.191526,False,False,0.0650749384116892,76.5996845960676,40680,65.07493841168919
-5.778762,60,633.201527,False,False,0.080358632706559,46.48116139360556,40740,80.358632706559
-6.492143,60,633.265518,False,False,0.0442028109276085,51.030619654313405,40800,44.202810927608496
-5.160782,60,637.303036,False,False,0.0006010549282874,83.43284747388816,40860,0.6010549282874
-5.998214,60,637.310034,False,False,0.0493280411582636,58.23284821776336,40920,49.3280411582636
-6.430899,60,637.321031,False,False,0.0163669073323522,71.2424170953546,40980,16.366907332352202
-6.412728,60,637.384026,False,False,0.0161521822146253,29.145950929885487,41040,16.152182214625302
-6.238752,60,640.604369,False,False,0.0414258937271501,57.73953351674349,41100,41.425893727150104
-7.660122,60,640.617361,False,False,0.0229083672181925,80.69915810582683,41160,22.908367218192502
-5.818769,60,640.627366,False,False,0.0565267185535309,48.61314560104339,41220,56.5267185535309
-6.281798,60,640.687352,False,False,0.0507349739430698,87.44195161054535,41280,50.7349739430698
-6.398947,60,644.706626,False,False,0.0140540770341074,54.76239057235572,41340,14.0540770341074
-5.735935,60,644.713625,False,False,0.0721696804142014,80.02533018475197,41400,72.1696804142014
-6.255732,60,644.720628,False,False,0.0579185871784767,73.11777821316666,41460,57.9185871784767
-7.108641,60,644.788616,False,False,0.0210860448212687,54.28565895326908,41520,21.0860448212687
-6.155873,60,647.926371,False,False,0.0415269864951833,52.67702215498187,41580,41.5269864951833
-6.653402,60,647.93637,False,False,0.0173590548693352,39.792208882334826,41640,17.3590548693352
-8.739501,60,647.946369,False,True,0.0461774175587606,77.02670845954552,41700,46.177417558760595
-6.061252,60,648.009364,False,False,0.021684437116216,69.02780922926175,41760,21.684437116216
-6.090037,60,652.032226,False,False,0.0568564687032469,56.91588259573483,41820,56.8564687032469
-6.204792,60,652.03923,False,False,0.0111746653074767,46.06952165468311,41880,11.174665307476701
-6.161122,60,652.053229,False,False,0.038956394894412,44.7828410830815,41940,38.956394894412
-6.27233,60,652.112223,False,False,0.0703302587856572,68.96137805407581,42000,70.3302587856572
-7.605234,60,655.249657,False,False,0.0254992873846885,76.33427998651297,42060,25.4992873846885
-7.25747,60,655.250661,False,False,0.0096911910464298,88.15346582226749,42120,9.691191046429799
-7.010643,60,655.263663,False,False,0.0328432944451411,68.04474409476693,42180,32.8432944451411
-6.34876,60,655.32865,False,False,0.0005994283736175,43.97840030257957,42240,0.5994283736175
-6.757621,60,658.537666,False,False,0.0247439153972717,66.44096359384399,42300,24.7439153972717
-7.455462,60,658.538657,False,False,0.0321674067877756,64.96636320920027,42360,32.1674067877756
-5.881472,60,658.549654,False,False,0.0464370935339618,74.46262084369147,42420,46.4370935339618
-6.229511,60,658.607666,False,False,0.0018078690828909,71.43728934174023,42480,1.8078690828909
-6.999797,60,662.605599,False,False,0.0374753296499981,49.86996495285587,42540,37.4753296499981
-7.288725,60,662.6106,False,False,0.0313612980093523,48.17488272397298,42600,31.3612980093523
-6.000859,60,662.622599,False,False,0.0175006019898473,42.94323103075939,42660,17.5006019898473
-7.152637,60,662.681595,False,False,0.0310842706422822,51.19686851196223,42720,31.0842706422822
-6.026419,60,665.894883,False,False,0.0484096778948027,71.80593118930254,42780,48.409677894802705
-5.82598,60,665.896888,False,False,0.0822532335946761,71.8350373980801,42840,82.25323359467609
-5.871608,60,665.905881,False,False,0.0488015590664104,59.85643631707635,42900,48.8015590664104
-6.519596,60,665.968875,False,False,0.0056595415165584,31.943344367222306,42960,5.6595415165583995
-6.224189,60,670.122161,False,False,0.0714963592139787,48.61732729588913,43020,71.4963592139787
-6.15228,60,670.124154,False,False,0.0320525030885552,37.85508033187058,43080,32.0525030885552
-7.282229,60,670.137156,False,False,0.0440011128502112,70.4796891192947,43140,44.0011128502112
-6.162229,60,670.20015,False,False,0.0658011184086915,68.4205654590539,43200,65.80111840869151
-6.43257,60,673.326116,False,False,0.0075553952414012,74.85820245446314,43260,7.555395241401199
-6.180715,60,673.338131,False,False,0.071257028563911,56.23526337182877,43320,71.257028563911
-6.340437,60,673.350123,False,False,0.0458119641612261,56.3449857560718,43380,45.8119641612261
-6.197871,60,673.415121,False,False,0.0443575343422811,81.12398750583415,43440,44.357534342281106
-6.259086,60,677.407379,False,False,0.0267031572388675,41.49966056666267,43500,26.7031572388675
-6.614751,60,677.412378,False,False,0.0283436958670798,85.24296360288213,43560,28.3436958670798
-6.631145,60,677.421376,False,False,0.0373354140068123,57.04973302963853,43620,37.3354140068123
-6.905547,60,677.48437,False,False,0.0192288716590513,61.94973916232861,43680,19.2288716590513
-6.652529,60,680.723755,False,False,0.0006309090461456,64.89352743474491,43740,0.6309090461456
-6.366391,60,680.724759,False,False,0.0457930075331013,60.93100514928463,43800,45.7930075331013
-6.429992,60,680.738756,False,False,0.034390567882535,67.24846770528126,43860,34.390567882535
-7.107486,60,680.80175,False,False,0.0091188454252207,50.01055485872936,43920,9.1188454252207
-5.979771,60,684.816272,False,False,0.0659448157603835,89.1631603064249,43980,65.94481576038349
-7.12728,60,684.821272,False,False,0.0167991122528742,57.02549343802943,44040,16.7991122528742
-6.299848,60,684.831273,False,False,0.0454188911270086,51.71554567680504,44100,45.4188911270086
-6.778788,60,684.891269,False,False,0.0293968233798977,58.11713305513147,44160,29.3968233798977
-6.11913,60,688.09754,False,False,0.0674578871109466,64.79591774278535,44220,67.45788711094659
-6.069181,60,688.103535,False,False,0.1204903656161243,73.64345547130031,44280,120.49036561612431
-7.248417,60,688.109536,False,False,0.0078975948988715,59.71232454993695,44340,7.897594898871501
-6.130337,60,688.17653,False,False,0.0211797679246209,71.25306424449262,44400,21.1797679246209
-6.533113,60,692.210751,False,False,0.0458628415605403,67.72167389074414,44460,45.8628415605403
-5.764658,60,692.223745,False,False,0.0519535802182111,49.184957662961246,44520,51.9535802182111
-7.110919,60,692.234742,False,False,0.0383375282672666,65.79842949336002,44580,38.3375282672666
-6.351046,60,692.297737,False,False,0.0121157154757987,27.63283333752305,44640,12.1157154757987
-6.159318,60,695.512594,False,False,0.0030470277258388,45.730724191178375,44700,3.0470277258388
-6.755762,60,695.515599,False,False,0.0143617645701895,58.82942443662685,44760,14.3617645701895
-7.376296,60,695.525598,False,False,0.0152156593721684,65.95739491122467,44820,15.2156593721684
-6.047973,60,695.588592,False,False,0.0681113364069691,66.42958508818398,44880,68.1113364069691
-6.369459,60,699.58085,False,False,0.0068557227693559,81.19508778939951,44940,6.8557227693559
-7.679371,60,699.583862,False,False,0.0323114439882151,63.21289519118935,45000,32.3114439882151
-6.656593,60,699.594859,False,False,0.00951825112341,30.021988887022328,45060,9.51825112341
-6.049148,60,699.657853,False,False,0.0542734024426522,64.74668008482672,45120,54.2734024426522
-9.340923,60,702.82495,False,True,0.011580319132278,82.7636806347326,45180,11.580319132278
-6.051591,60,702.826959,False,False,0.0195070057338741,55.85326765148141,45240,19.507005733874102
-6.089233,60,702.837957,False,False,0.0911407003523438,63.71048355277134,45300,91.1407003523438
-8.232389,60,702.900951,False,True,0.0662982758265416,54.73514056339448,45360,66.2982758265416
-6.689854,60,706.794421,False,False,0.0057946159841442,44.26116348283391,45420,5.794615984144199
-8.066525,60,706.795423,False,True,0.0373065768070491,63.7100630531888,45480,37.306576807049105
-6.177065,60,706.807423,False,False,0.0765848739084706,88.22967347056482,45540,76.5848739084706
-6.218307,60,706.869418,False,False,0.0334832474113604,62.55668341583899,45600,33.483247411360395
-7.347899,60,709.989229,False,False,0.0033151652291983,60.41547321063129,45660,3.3151652291983
-7.169842,60,709.998225,False,False,0.0024125435127421,60.46498512217016,45720,2.4125435127421
-6.16933,60,710.00423,False,False,0.0988362557656983,89.4303821530112,45780,98.8362557656983
-6.092038,60,710.066224,False,False,0.0638624125022345,54.16521599732841,45840,63.8624125022345
-6.650253,60,713.263929,False,False,0.0487074979946667,49.8592576538564,45900,48.707497994666696
-6.405225,60,713.26694,False,False,0.0005988426430518,63.272760000284514,45960,0.5988426430518
-5.842284,60,713.284932,False,False,0.0189893676168382,32.979451097245814,46020,18.989367616838198
-8.054005,60,713.343927,False,True,0.1087168243632688,81.89122838626926,46080,108.7168243632688
-6.24126,60,717.311246,False,False,0.0049883754141687,83.34948838394904,46140,4.9883754141687
-6.10176,60,717.31824,False,False,0.0763450984368825,71.48657471805718,46200,76.34509843688251
-9.216085,60,717.330236,False,True,0.0088696621851276,78.07111622041513,46260,8.869662185127599
-6.997895,60,717.388235,False,False,0.0015195260323128,80.32296423301239,46320,1.5195260323128
-6.260598,60,720.658945,False,False,0.0431215298068896,89.64091443062895,46380,43.121529806889605
-6.544895,60,720.660949,False,False,0.0445412493148547,73.42301393599794,46440,44.5412493148547
-5.952481,60,720.671947,False,False,0.0656453292730841,77.65958368553228,46500,65.6453292730841
-6.144262,60,720.734941,False,False,0.0721532305406955,86.98409162559244,46560,72.1532305406955
-7.126215,60,724.690393,False,False,0.0040729762695566,81.28236177510203,46620,4.0729762695566
-6.206746,60,724.698395,False,False,0.0515043982787283,81.58705243007604,46680,51.504398278728296
-6.100959,60,724.705394,False,False,0.0569679898751799,75.57054147766347,46740,56.967989875179896
-6.223357,60,724.771389,False,False,0.0200582396078938,46.29430455461801,46800,20.0582396078938
-6.534513,60,727.97861,False,False,0.0095019678321193,49.35883045959713,46860,9.5019678321193
-5.940143,60,727.980612,False,False,0.0809138569658594,60.43375383369372,46920,80.9138569658594
-7.116319,60,727.99461,False,False,0.0168015128941046,70.47563347545403,46980,16.8015128941046
-6.725019,60,728.049601,False,False,0.0043438911309263,75.09177707772724,47040,4.3438911309263
-6.295436,60,732.120928,False,False,0.0536016655380441,78.32661496822949,47100,53.6016655380441
-5.981319,60,732.130927,False,False,0.0287729020856571,70.78681298045554,47160,28.772902085657098
-6.630288,60,732.136925,False,False,0.0208579704501981,67.32460781160256,47220,20.857970450198103
-6.175973,60,732.198923,False,False,0.0251260160337015,57.90399285717192,47280,25.1260160337015
-7.265591,60,735.330353,False,False,0.0172965057570714,76.9778211487357,47340,17.296505757071397
-6.561066,60,735.335362,False,False,0.0259406658071822,66.07821582466032,47400,25.940665807182203
-6.192835,60,735.349357,False,False,0.0005226502380369,65.28350032436283,47460,0.5226502380369
-9.029964,60,735.407356,False,True,0.0070325447348794,72.9332003395593,47520,7.032544734879401
-7.278728,60,739.433627,False,False,0.0094783468419393,79.9594625365546,47580,9.4783468419393
-6.171194,60,739.436635,False,False,0.0437679664227365,55.153985475200834,47640,43.7679664227365
-5.917714,60,739.450629,False,False,0.0606941808232415,81.44658955127339,47700,60.6941808232415
-7.992196,60,739.512622,False,True,0.0710989425380751,89.7426185042753,47760,71.0989425380751
-6.171871,60,742.647769,False,False,0.0079159691644394,89.65949777852181,47820,7.9159691644393995
-6.175016,60,742.648779,False,False,0.0123184311032298,59.9461482082152,47880,12.318431103229798
-6.489642,60,742.656774,False,False,0.0205818601426364,89.47458450114173,47940,20.5818601426364
-6.055901,60,742.726763,False,False,0.08396439055964,89.1488139263133,48000,83.96439055964
-6.478017,60,746.677049,False,False,0.0017838257876403,71.6629301983198,48060,1.7838257876402999
-7.960296,60,746.681052,False,True,0.0088348697080958,74.84025508562407,48120,8.8348697080958
-6.833516,60,746.696046,False,False,0.0258430485490572,70.01680854233975,48180,25.8430485490572
-5.61577,60,746.750038,False,False,0.027678004464595,63.907239584794944,48240,27.678004464595002
-6.82463,60,749.995762,False,False,0.0056828703838705,67.30708302301085,48300,5.6828703838705
-6.241738,60,749.999765,False,False,0.0312900252648377,88.94578802537119,48360,31.2900252648377
-6.311239,60,750.01176,False,False,0.0422609207729929,84.29958132491537,48420,42.2609207729929
-7.10415,60,750.07076,False,False,0.0129464450488347,83.24974976292748,48480,12.946445048834699
-6.059897,60,754.092238,False,False,0.0638583511974674,79.06616393717778,48540,63.8583511974674
-6.693191,60,754.099244,False,False,0.0404919275881711,71.84181929146605,48600,40.4919275881711
-5.999414,60,754.110241,False,False,0.039963262103263,61.39229071520578,48660,39.963262103263
-5.891625,60,754.176234,False,False,0.0869081155463581,79.47696988765462,48720,86.9081155463581
-6.098117,60,757.350712,False,False,0.0822581989379907,88.09134823472989,48780,82.2581989379907
-7.849033,60,757.354706,False,True,0.0553835088489016,53.38150647460415,48840,55.3835088489016
-6.001966,60,757.368706,False,False,0.1214422326230843,68.6172552374687,48900,121.44223262308431
-7.490446,60,757.426696,False,False,0.0255621100360028,72.34444987528477,48960,25.5621100360028
-5.907133,60,761.464141,False,False,0.0090364401777657,30.166184904657584,49020,9.0364401777657
-5.997605,60,761.468144,False,False,0.0027691673802033,59.97399200622296,49080,2.7691673802033003
-6.134662,60,761.472415,False,False,0.0391573925257866,64.3265581782175,49140,39.1573925257866
-5.810079,60,761.54014,False,False,0.0365992774547534,63.19169430679943,49200,36.5992774547534
-6.090021,60,764.700357,False,False,0.0503617363450002,71.98529955888878,49260,50.361736345000196
-5.964986,60,764.707366,False,False,0.1037465408849513,50.33206786222499,49320,103.7465408849513
-5.591807,60,764.716351,False,False,0.0331883516122492,36.07572004877288,49380,33.1883516122492
-7.284392,60,764.777353,False,False,0.0204255555398725,30.005577302995707,49440,20.425555539872498
-5.659111,60,768.764595,False,False,0.0377231649286532,56.58090062331971,49500,37.7231649286532
-6.15715,60,768.773601,False,False,0.0024814562056351,43.39752120159618,49560,2.4814562056351
-5.977901,60,768.784598,False,False,0.0326416739504748,51.04746794362652,49620,32.6416739504748
-5.954591,60,768.846593,False,False,0.0571070149701896,57.4576606007716,49680,57.1070149701896
-6.058898,60,771.972253,False,False,0.1089155431624282,84.02579012620758,49740,108.9155431624282
-6.583741,60,771.977257,False,False,0.0344627774671317,72.04772246355601,49800,34.4627774671317
-7.00863,60,771.988255,False,False,0.0153370787567262,77.13779295976781,49860,15.3370787567262
-7.209878,60,772.054246,False,False,0.0026227783974668,76.97725613532438,49920,2.6227783974668
-5.87659,60,775.238705,False,False,0.0629012951269184,74.89757897507513,49980,62.901295126918406
-5.908756,60,775.241709,False,False,0.0002557958319793,82.29241337761127,50040,0.25579583197929995
-7.323486,60,775.255701,False,False,0.0243008256490862,69.12755355609572,50100,24.3008256490862
-6.011495,60,775.318695,False,False,0.0084827217046264,57.66620446923957,50160,8.4827217046264
-5.857864,60,779.326036,False,False,0.0607805579153906,60.17791126323134,50220,60.7805579153906
-5.817285,60,779.329043,False,False,0.0382984508833449,40.59081692166078,50280,38.2984508833449
-6.060738,60,779.33704,False,False,0.0431025034126344,63.092774829924586,50340,43.1025034126344
-5.975957,60,779.403034,False,False,0.0756470410502044,75.24873104569892,50400,75.6470410502044
-5.660224,60,782.520232,False,False,0.0589333365210855,48.41364139430975,50460,58.933336521085494
-6.713692,60,782.52024,False,False,0.0395730779071465,54.44272525282644,50520,39.573077907146505
-5.839002,60,782.533235,False,False,0.0416226814384033,54.16615564764663,50580,41.622681438403305
-5.982795,60,782.589228,False,False,0.0194009289792451,43.99546976587174,50640,19.400928979245098
-6.807721,60,786.646304,False,False,0.0445417085928926,64.9979403136496,50700,44.541708592892604
-7.197857,60,786.652324,False,False,0.0333901475412867,74.06318310225946,50760,33.3901475412867
-5.885983,60,786.667325,False,False,0.0875200201981635,70.72885047387192,50820,87.52002019816351
-6.417569,60,786.729299,False,False,0.0260395444738169,80.5621168670465,50880,26.0395444738169
-5.806758,60,789.962464,False,False,0.000854151562338,32.46654978738664,50940,0.854151562338
-5.916546,60,789.966467,False,False,0.0811849839178533,57.94954781249451,51000,81.1849839178533
-5.989813,60,789.97647,False,False,0.0450865317641292,63.44922668204759,51060,45.0865317641292
-5.922643,60,790.043458,False,False,0.0559108911931058,33.6303048334003,51120,55.9108911931058
-5.816333,60,794.090919,False,False,0.0050034949316369,62.743684940954765,51180,5.0034949316369
-5.912494,60,794.096921,False,False,0.0402235891834495,67.4186472798557,51240,40.223589183449505
-6.317976,60,794.101924,False,False,0.0308192306169821,87.6212043476462,51300,30.8192306169821
-5.904831,60,794.167917,False,False,0.0316674273979687,42.55253956045234,51360,31.667427397968698
-5.923756,60,797.334152,False,False,0.0665523225269604,76.1065978053857,51420,66.55232252696041
-5.879798,60,797.337156,False,False,0.0250988877257034,36.240246685104665,51480,25.0988877257034
-6.879845,60,797.348154,False,False,0.0001614318944792,64.77004324769409,51540,0.1614318944792
-5.219835,60,797.409151,False,False,0.0149619367588276,34.030561304278635,51600,14.9619367588276
-5.651062,60,801.376018,False,False,0.0684390404409144,31.89366690489631,51660,68.4390404409144
-5.749916,60,801.378024,False,False,0.0596457105175154,47.51875138729498,51720,59.645710517515404
-5.967972,60,801.392019,False,False,0.0067669690001113,54.14953540705733,51780,6.7669690001113
-7.095973,60,801.451011,False,False,0.0461436571340212,37.73133461719485,51840,46.143657134021204
-6.496002,60,804.645847,False,False,0.035991950325963,58.775918178370645,51900,35.991950325963
-5.692946,60,804.648854,False,False,0.0173578635177089,39.48609748163356,51960,17.3578635177089
-6.312961,60,804.661844,False,False,0.0442104340169859,83.97365259160034,52020,44.2104340169859
-6.042288,60,804.714843,False,False,0.0325967795239278,45.24750274407763,52080,32.5967795239278
-6.481514,60,808.703354,False,False,0.0281943221527791,56.96661442126573,52140,28.194322152779097
-6.463695,60,808.706358,False,False,0.0379295543887644,61.90468843411873,52200,37.9295543887644
-5.650822,60,808.717355,False,False,0.0046077880336711,53.90631206770716,52260,4.6077880336711
-6.740639,60,808.777356,False,False,0.0100830747728044,54.5336408814736,52320,10.0830747728044
-5.623714,60,811.983591,False,False,0.0237634969619242,54.79101423687365,52380,23.763496961924197
-6.110282,60,811.993593,False,False,0.084469812866695,88.64827241111364,52440,84.469812866695
-6.549722,60,811.996595,False,False,0.0691978947079343,63.52187793504472,52500,69.19789470793431
-5.475046,60,812.061586,False,False,0.03968012966455,61.33143906637832,52560,39.68012966455
-7.130503,60,816.098977,False,False,0.038760627544136,51.39041216325677,52620,38.760627544136
-7.08489,60,816.103983,False,False,0.0050457797231769,70.53925027721816,52680,5.045779723176899
-6.985432,60,816.121976,False,False,0.0032055781512074,75.02971638110044,52740,3.2055781512074
-7.176363,60,816.18497,False,False,0.0302304441120406,42.1222419541232,52800,30.2304441120406
-7.284257,60,819.339939,False,False,0.0336779984140844,71.34696719903339,52860,33.6779984140844
-5.699738,60,819.351972,False,False,0.0513461204587092,63.21278474748567,52920,51.346120458709194
-7.004813,60,819.359971,False,False,0.0432557710280923,83.52407942390785,52980,43.2557710280923
-5.720748,60,819.423964,False,False,0.056561014447219,55.46450443228626,53040,56.561014447218994
-5.681756,60,823.491528,False,False,0.0111368153436803,29.90721248778882,53100,11.1368153436803
-6.526628,60,823.496529,False,False,0.0026292885231519,48.79180219195686,53160,2.6292885231519
-6.594262,60,823.50553,False,False,0.0282936768752279,55.85048721693247,53220,28.293676875227902
-5.927718,60,823.566525,False,False,0.0689992315734098,50.776474748569726,53280,68.9992315734098
-5.928201,60,826.727933,False,False,0.1050099561904901,63.19878084368205,53340,105.0099561904901
-6.493804,60,826.727933,False,False,0.0079760049406539,53.87312071622448,53400,7.9760049406539
-6.880362,60,826.743924,False,False,0.0091749680772157,36.850961290161365,53460,9.1749680772157
-6.131563,60,826.805928,False,False,0.0457148407955679,58.59856805772924,53520,45.7148407955679
-7.135011,60,830.070735,False,False,0.0015798944621697,72.24833949591752,53580,1.5798944621697
-5.777244,60,830.080738,False,False,0.047333194744401,40.92118134342412,53640,47.333194744401
-7.158534,60,830.090734,False,False,0.0347746246441656,52.089723442551445,53700,34.7746246441656
-5.87457,60,830.150737,False,False,0.0737857730351968,49.4899452442205,53760,73.7857730351968
-5.494245,60,834.150213,False,False,0.0184889688166717,33.5749892220375,53820,18.4889688166717
-5.638457,60,834.156222,False,False,0.0385060109292431,31.36156235817209,53880,38.5060109292431
-5.997473,60,834.163237,False,False,0.0141974997145118,31.25722772213392,53940,14.1974997145118
-9.045948,60,834.220221,False,True,0.0527500405463237,59.06680220853998,54000,52.7500405463237
-6.297723,60,837.402123,False,False,0.0169181454101741,30.53967165806012,54060,16.9181454101741
-6.101424,60,837.406126,False,False,0.0507821594862428,31.806333186297984,54120,50.782159486242804
-5.956112,60,837.415283,False,False,0.052560234715799,39.41029566480209,54180,52.560234715799
-5.846966,60,837.481139,False,False,0.0456883882635337,44.34165024823871,54240,45.688388263533696
-5.802064,60,841.650867,False,False,0.0095481194045749,29.718639677469923,54300,9.5481194045749
-5.909253,60,841.65487,False,False,0.0863409550415832,33.41891420274675,54360,86.3409550415832
-5.752149,60,841.662877,False,False,0.0441732068039211,33.77649806873891,54420,44.173206803921104
-6.633436,60,841.726869,False,False,0.0351908358701448,29.792809986687843,54480,35.1908358701448
-5.672852,60,845.296449,False,False,0.0372857411659627,30.136784418854702,54540,37.2857411659627
-5.49507,60,845.298459,False,False,0.0119402084707409,30.15377779837185,54600,11.9402084707409
-6.659926,60,845.300452,False,False,0.0465243460073769,38.91071244095316,54660,46.5243460073769
-5.767009,60,845.369446,False,False,0.078071506400595,31.019721875391667,54720,78.071506400595
-5.711321,60,850.114149,False,False,0.0335505992088289,30.058446588722365,54780,33.5505992088289
-6.008579,60,850.118153,False,False,0.055290923374882,33.53810899361218,54840,55.290923374882
-6.203905,60,850.12915,False,False,0.0395217493656865,35.01480248127017,54900,39.521749365686496
-5.951283,60,850.192144,False,False,0.004382654365517,62.7881010757478,54960,4.382654365517
-6.017551,60,853.811821,False,False,0.0699174434902942,38.33619540943546,55020,69.9174434902942
-5.247483,60,853.815825,False,False,0.0092766621173532,46.39442884167264,55080,9.2766621173532
-6.733824,60,853.825826,False,False,0.0002230547253212,26.57893969400433,55140,0.2230547253212
-6.957987,60,853.887816,False,False,0.0480531497522162,33.41344848900631,55200,48.0531497522162
-5.853729,60,858.516397,False,False,0.0771900705214386,31.87570861480085,55260,77.1900705214386
-6.347725,60,858.517406,False,False,0.0307272847517735,36.15881437592955,55320,30.727284751773503
-7.108363,60,858.532394,False,False,0.0691465621411292,36.86619848028868,55380,69.1465621411292
-6.593132,60,858.5934,False,False,0.0483275533037569,55.47379031329285,55440,48.32755330375689
-5.759891,60,862.068597,False,False,0.035724620004371,39.63187706353598,55500,35.724620004371005
-5.878434,60,862.0726,False,False,0.0588152399637911,35.83764212532915,55560,58.8152399637911
-6.500802,60,862.083597,False,False,0.0372036829982415,29.983873094339337,55620,37.2036829982415
-6.595184,60,862.143609,False,False,0.0446565721953367,40.33171743509081,55680,44.65657219533669
-5.916128,60,866.285162,False,False,0.0580800534529389,42.54525963610477,55740,58.0800534529389
-7.016022,60,866.296163,False,False,0.0207243406221205,33.100022184143455,55800,20.724340622120497
-6.732828,60,866.306164,False,False,0.0006002767280062,52.2165703234537,55860,0.6002767280062
-5.643211,60,866.370155,False,False,0.0324278584856751,29.97481543132234,55920,32.4278584856751
-5.844634,60,869.575655,False,False,0.0522923301150096,48.327091411616486,55980,52.2923301150096
-5.799117,60,869.581651,False,False,0.0616507855103363,73.71035947963563,56040,61.6507855103363
-5.925144,60,869.588658,False,False,0.0011108855867452,54.14861424823372,56100,1.1108855867452
-5.872572,60,869.654646,False,False,0.0338703837774491,35.6512816080904,56160,33.8703837774491
-6.110502,60,873.946037,False,False,0.0568428090204283,54.565387754293965,56220,56.8428090204283
-6.070943,60,873.949041,False,False,0.0566435804372234,31.37038443050852,56280,56.6435804372234
-6.042203,60,873.958038,False,False,0.0096930459941876,45.06721486359653,56340,9.6930459941876
-6.096872,60,874.024032,False,False,0.0640590431108625,36.35797087908205,56400,64.05904311086249
-6.493742,60,877.230214,False,False,0.0091786551809434,30.733596048391828,56460,9.1786551809434
-5.416723,60,877.236212,False,False,0.0248087951660046,47.18321923659884,56520,24.8087951660046
-6.847159,60,877.245215,False,False,0.0517055836465799,74.60668160355536,56580,51.7055836465799
-5.691189,60,877.315197,False,False,0.0287197335698685,56.49414951865135,56640,28.7197335698685
-5.942143,60,881.311926,False,False,0.0131601183208252,71.01681137728693,56700,13.1601183208252
-6.598221,60,881.317924,False,False,0.017257154047193,66.11192853353955,56760,17.257154047193
-5.880454,60,881.326926,False,False,0.0196795588235302,69.3380881503185,56820,19.679558823530197
-7.360751,60,881.391916,False,False,0.0185688365826942,52.38993964784701,56880,18.5688365826942
-5.645219,60,884.625948,False,False,0.005251000949109,45.00387098399474,56940,5.251000949109001
-6.339768,60,884.629951,False,False,0.0310997602638628,44.7170414587716,57000,31.0997602638628
-6.15724,60,884.638955,False,False,0.0361832644477326,66.10292334547829,57060,36.183264447732604
-5.945404,60,884.703943,False,False,0.024852593086625,56.97600171660767,57120,24.852593086625003
-7.203159,60,888.707958,False,False,0.0107497789031449,59.85348790820535,57180,10.7497789031449
-7.01147,60,888.715982,False,False,0.0382300861139902,61.300868737897005,57240,38.230086113990204
-7.055615,60,888.72898,False,False,0.0358657007587362,57.3904559509145,57300,35.865700758736196
-7.17821,60,888.790967,False,False,0.0474363750629426,59.54178476522411,57360,47.436375062942595
-5.862944,60,891.954633,False,False,0.0559815244027355,64.60182732709816,57420,55.9815244027355
-6.246563,60,891.955626,False,False,0.0184305820804959,52.203455664438,57480,18.4305820804959
-6.665167,60,891.967631,False,False,0.0541256220797201,56.85267211245328,57540,54.125622079720095
-7.963256,60,892.030625,False,False,0.0567686127008597,58.51580722421133,57600,56.7686127008597
-5.867101,60,895.283515,False,False,0.070465567451498,62.82716749142862,57660,70.465567451498
-6.744591,60,895.289514,False,False,0.0190559000983415,61.23747596282664,57720,19.0559000983415
-6.001502,60,895.29652,False,False,0.0844150458038053,67.82331534368438,57780,84.4150458038053
-5.502002,60,895.358515,False,False,0.0078955636253118,70.94994133702363,57840,7.8955636253118
-6.642385,60,899.3996,False,False,0.0088883863900824,66.70627433171485,57900,8.8883863900824
-5.883369,60,899.403603,False,False,0.0675360610487452,57.89102575829284,57960,67.5360610487452
-7.424236,60,899.413607,False,False,0.020382950307079,61.79881284482829,58020,20.382950307079003
-5.526927,60,899.4736,False,False,0.0024507164033508,53.25955048151307,58080,2.4507164033508
-6.034187,60,902.952311,False,False,0.0793683844997647,53.86660229998659,58140,79.3683844997647
-5.571921,60,902.955317,False,False,0.04565471124103,53.32168932100855,58200,45.65471124103
-6.604636,60,902.965314,False,False,0.0043494932939434,52.56556322024286,58260,4.3494932939434
-6.768867,60,903.030306,False,False,0.0100957189309729,61.59322371812695,58320,10.0957189309729
-7.587768,60,907.55397,False,False,0.0249424236106132,55.13407021207296,58380,24.9424236106132
-5.754603,60,907.561967,False,False,0.0643183325364844,43.87046300321544,58440,64.3183325364844
-7.034106,60,907.568971,False,False,0.0367197923952022,54.69478422371042,58500,36.7197923952022
-5.935251,60,907.636966,False,False,0.046029124371196,58.29128350650633,58560,46.029124371196005
-7.989563,60,911.069127,False,True,0.0596851582110163,47.93153351338067,58620,59.685158211016294
-5.637621,60,911.078125,False,False,0.0091881397355769,54.063577240089295,58680,9.188139735576899
-6.764592,60,911.085124,False,False,0.0018478272037693,48.49502293833483,58740,1.8478272037693
-7.219199,60,911.148118,False,False,0.0261948788479573,64.00689937696022,58800,26.1948788479573
-7.245887,60,915.494475,False,False,0.0459088056776457,63.1888148871639,58860,45.9088056776457
-6.068837,60,915.502477,False,False,0.04223876685251,70.36264821168673,58920,42.23876685251
-6.241087,60,915.514469,False,False,0.0532526509042691,63.490968588259726,58980,53.2526509042691
-5.657354,60,915.573465,False,False,0.0460153252021095,38.42828486167372,59040,46.0153252021095
-7.291592,60,918.942594,False,False,0.0359086800098742,58.52739733448251,59100,35.908680009874196
-7.088294,60,918.946597,False,False,0.0006192618921299,56.16362744199928,59160,0.6192618921299
-7.28549,60,918.957594,False,False,0.0101969582179743,52.37971099132415,59220,10.1969582179743
-7.054849,60,919.016572,False,False,0.0027587935580772,73.5917251349826,59280,2.7587935580772003
-6.250025,60,923.265684,False,False,0.0018514194069151,62.24474406187125,59340,1.8514194069151
-6.678715,60,923.269687,False,False,0.0460418469555443,58.16743332481225,59400,46.0418469555443
-6.086044,60,923.280685,False,False,0.0921864255536302,69.31933283428805,59460,92.1864255536302
-6.553256,60,923.343679,False,False,0.0127019090769302,77.07720494936198,59520,12.7019090769302
-6.794205,60,926.827378,False,False,0.0230860731958983,63.15428933890355,59580,23.0860731958983
-5.889487,60,926.828387,False,False,0.0281205705801585,42.78841269045282,59640,28.1205705801585
-6.311729,60,926.840383,False,False,0.0554468802794352,57.925729573561405,59700,55.4468802794352
-6.157588,60,926.905373,False,False,0.0970898630624716,70.7557591924512,59760,97.0898630624716
-6.42925,60,931.466619,False,False,0.0202439093845033,61.06580490131353,59820,20.2439093845033
-6.716864,60,931.472628,False,False,0.0475056490822645,50.30840757287309,59880,47.5056490822645
-7.034304,60,931.484627,False,False,0.016062151861904,85.768435970572,59940,16.062151861904
-5.901516,60,931.544614,False,False,0.0518428818789496,68.93479718094082,60000,51.8428818789496
-5.856863,60,935.53403,False,False,0.0420498910085439,69.36057345759046,60060,42.0498910085439
-5.756911,60,935.540029,False,False,0.075116302143189,30.15497489791265,60120,75.116302143189
-6.437337,60,935.551027,False,False,0.0375811734166636,56.71251295326983,60180,37.5811734166636
-6.087386,60,935.614021,False,False,0.064749242235406,71.54013110711483,60240,64.749242235406
-5.960104,60,940.154946,False,False,0.0744889764205078,67.2841065312254,60300,74.4889764205078
-7.377231,60,940.15496,False,False,0.0216771818140073,76.16201270735455,60360,21.677181814007298
-6.245969,60,940.172942,False,False,0.0071825176050944,54.8034903210516,60420,7.1825176050944
-5.55959,60,940.231942,False,False,0.0206020353613856,51.61813907311237,60480,20.6020353613856
-7.052041,60,944.052161,False,False,0.0169486634996687,56.16367046343315,60540,16.9486634996687
-6.838938,60,944.058161,False,False,0.0196552082304633,79.67065451398884,60600,19.655208230463302
-5.933919,60,944.070159,False,False,0.0172872985686402,42.46525939552553,60660,17.2872985686402
-6.276181,60,944.130157,False,False,0.0870326444348551,85.26055355155538,60720,87.0326444348551
-5.269537,60,948.679216,False,False,0.0174633929256978,70.3246178251793,60780,17.4633929256978
-6.925005,60,948.684219,False,False,0.0397277443030542,70.35525854287705,60840,39.7277443030542
-5.725635,60,948.689226,False,False,0.0332725720839313,88.45702778868942,60900,33.2725720839313
-6.578446,60,948.758211,False,False,0.0013012839542098,74.57248001174604,60960,1.3012839542098
-6.492297,60,952.414852,False,False,0.0183368800580551,83.55498690078822,61020,18.336880058055097
-7.157892,60,952.415861,False,False,0.0189295188321361,70.28307511225835,61080,18.9295188321361
-6.608175,60,952.427854,False,False,0.0025327371454955,77.72695023472868,61140,2.5327371454955
-6.45367,60,952.492847,False,False,0.0101984536110901,60.44822496720844,61200,10.1984536110901
-5.902171,60,956.0525,False,False,0.0022962645253892,54.29158482418512,61260,2.2962645253892
-7.055311,60,956.058499,False,False,0.021536224633608,54.705734848386975,61320,21.536224633608
-6.292325,60,956.068497,False,False,0.0981235287212455,84.73731053132731,61380,98.12352872124549
-6.926177,60,956.138485,False,False,0.0609906260454252,77.63804051844578,61440,60.990626045425195
-5.892626,60,961.579987,False,False,0.0673151257241463,53.71454945012384,61500,67.3151257241463
-7.152639,60,961.580996,False,False,0.0413547959751776,52.83921948724071,61560,41.354795975177595
-6.707972,60,961.592987,False,False,0.001042237899631,70.97705679301565,61620,1.042237899631
-5.402416,60,961.654988,False,False,0.0165786773527984,74.68398483241097,61680,16.5786773527984
-5.680036,60,965.720318,False,False,0.0208354528988292,72.81741869205896,61740,20.8354528988292
-7.365728,60,965.721324,False,False,0.0190423913632948,73.1670965030797,61800,19.0423913632948
-6.492548,60,965.732322,False,False,0.0221380036351881,61.16593692130888,61860,22.1380036351881
-5.113549,60,965.798313,False,False,0.0027610015490568,42.979795516699255,61920,2.7610015490568
-6.983524,60,970.16281,False,False,0.012503214830504,70.36727248983588,61980,12.503214830504
-5.286467,60,970.164813,False,False,0.015307660630525,62.08538666079136,62040,15.307660630525
-6.283367,60,970.174813,False,False,0.0256688782463087,70.9423471128228,62100,25.668878246308697
-6.652816,60,970.242807,False,False,0.0020941803181338,57.780721156835234,62160,2.0941803181338
-6.282507,60,973.842545,False,False,0.06855325231346,83.46315263093959,62220,68.55325231346
-5.281501,60,973.846549,False,False,0.0051453062113902,58.23695179263967,62280,5.1453062113902
-5.914284,60,973.85555,False,False,0.0218661951049004,83.48942054638931,62340,21.8661951049004
-6.094064,60,973.924538,False,False,0.0438081743033579,60.91463077961608,62400,43.8081743033579
-6.309446,60,978.490176,False,False,0.0013381595643679,56.47752033718829,62460,1.3381595643679
-5.760174,60,978.491181,False,False,0.0641968717908923,85.9824641226519,62520,64.1968717908923
-5.274577,60,978.504176,False,False,0.0012902065274703,62.68212961358951,62580,1.2902065274703
-5.942738,60,978.566171,False,False,0.0565475667112248,69.36620178106567,62640,56.5475667112248
-5.873517,60,982.091308,False,False,0.0648567471227798,63.84765379217448,62700,64.85674712277981
-5.915086,60,982.096309,False,False,0.0677051724765483,56.62249172313178,62760,67.7051724765483
-6.832058,60,982.1093,False,False,0.0319446732965751,30.53528770685518,62820,31.944673296575097
-6.062714,60,982.169303,False,False,0.0422144102977718,62.7538824167807,62880,42.2144102977718
-7.554279,60,986.571663,False,False,0.0579637255268944,57.76180891515618,62940,57.9637255268944
-6.787796,60,986.576667,False,False,0.0117792641475764,63.22595398323195,63000,11.7792641475764
-9.282785,60,986.585671,False,True,0.0156023073164142,52.4908883912509,63060,15.6023073164142
-5.612423,60,986.649658,False,False,0.0180614258914905,85.25940146825934,63120,18.061425891490497
-7.327461,60,990.222663,False,False,0.0271601852026827,67.97354799969166,63180,27.1601852026827
-6.513082,60,990.226666,False,False,0.0384023179075098,70.83203951265796,63240,38.402317907509804
-6.269209,60,990.237664,False,False,0.0521979717525318,52.63865223337352,63300,52.1979717525318
-7.601102,60,990.304654,False,False,0.0347793325920557,68.87604110075091,63360,34.7793325920557
-5.642379,60,994.896593,False,False,0.0460492599261047,70.11237401555339,63420,46.0492599261047
-6.121845,60,994.903602,False,False,0.0192605136699456,49.60956430567714,63480,19.2605136699456
-5.572602,60,994.914599,False,False,0.0316888444414418,67.70716456742268,63540,31.688844441441802
-6.461589,60,994.970593,False,False,0.0218983774711861,53.126759551307664,63600,21.8983774711861
-6.92924,60,998.589841,False,False,0.0071151832535513,59.53179330867946,63660,7.1151832535513
-7.512198,60,998.594848,False,False,0.0259638033117809,86.81627953188905,63720,25.9638033117809
-7.167891,60,998.603853,False,False,0.0204919328230415,65.60054171304817,63780,20.491932823041502
-6.112566,60,998.663843,False,False,0.0092317128984715,68.33924070315331,63840,9.2317128984715
-5.068393,60,1003.196697,False,False,0.0042080603181356,33.24635708805881,63900,4.2080603181356
-5.671265,60,1003.199706,False,False,0.0230282007365595,60.41042210973104,63960,23.028200736559498
-5.979305,60,1003.212699,False,False,0.0595061563375543,67.63105451347784,64020,59.5061563375543
-6.377755,60,1003.273698,False,False,0.0067699511853777,67.76294126485858,64080,6.7699511853777
-5.865192,60,1006.930231,False,False,0.1132442580843572,48.922615942888974,64140,113.2442580843572
-7.657715,60,1006.941888,False,False,0.0397576140674582,72.018623491254,64200,39.7576140674582
-7.220288,60,1006.949229,False,False,0.0152249649887715,88.52979721564388,64260,15.224964988771498
-7.525539,60,1007.008226,False,False,0.0363837107435709,57.57556045032128,64320,36.3837107435709
-5.178461,60,1011.202114,False,False,0.0083028530585868,35.168612922410865,64380,8.3028530585868
-6.010154,60,1011.207113,False,False,0.0488841428266915,80.93170954160159,64440,48.8841428266915
-5.694383,60,1011.219103,False,False,0.096880895332418,30.45595558026634,64500,96.880895332418
-5.477955,60,1011.281105,False,False,0.0202814351845947,56.67861866171149,64560,20.281435184594702
-5.76217,60,1014.473491,False,False,0.0477685998382006,54.621264348942304,64620,47.7685998382006
-6.249092,60,1014.476484,False,False,0.0741824014031874,45.14035626521691,64680,74.1824014031874
-6.980594,60,1014.491485,False,False,0.0149911684302496,37.26396834323042,64740,14.991168430249601
-5.736866,60,1014.554479,False,False,0.0519423710484705,36.40463284208334,64800,51.9423710484705
-6.268297,60,1018.791555,False,False,0.0374831979112851,53.97684944121207,64860,37.483197911285096
-6.715412,60,1018.796558,False,False,0.0231386366784915,62.03490159250446,64920,23.1386366784915
-7.32539,60,1018.81355,False,False,0.0625827409726589,72.88612407902937,64980,62.5827409726589
-5.775817,60,1018.87355,False,False,0.0616191436598316,53.3087146954378,65040,61.6191436598316
-5.961189,60,1022.09598,False,False,0.0672422688268354,41.6380976023999,65100,67.2422688268354
-6.5171,60,1022.108919,False,False,0.0546867711305836,37.11338624494611,65160,54.6867711305836
-8.969703,60,1022.110981,False,True,0.0098639162167888,48.0957801998829,65220,9.8639162167888
-6.645875,60,1022.18291,False,False,0.0277475035622494,34.40814534072621,65280,27.7475035622494
-6.451652,60,1025.437685,False,False,0.0023396335048522,62.15312057405157,65340,2.3396335048521997
-5.699306,60,1025.442703,False,False,0.0660707138760452,37.29830295271259,65400,66.0707138760452
-6.659133,60,1025.454684,False,False,0.0139454170300034,44.2092207853321,65460,13.945417030003401
-6.885306,60,1025.513686,False,False,0.0215578609290186,36.318948761555845,65520,21.5578609290186
-6.783783,60,1029.749904,False,False,0.0625922756427486,57.91765269510422,65580,62.5922756427486
-6.043241,60,1029.757914,False,False,0.1154101954620556,86.26180945917794,65640,115.4101954620556
-6.00959,60,1029.760899,False,False,0.026485899210232,43.80157147349671,65700,26.485899210232
-6.367746,60,1029.825903,False,False,0.0239815165156575,47.56165985997102,65760,23.9815165156575
-6.054091,60,1033.123585,False,False,0.0667571841617124,52.74624627079456,65820,66.7571841617124
-6.107967,60,1033.124582,False,False,0.0339163263071518,45.02851668604734,65880,33.9163263071518
-6.668526,60,1033.131593,False,False,0.0373634299175414,55.39921657238024,65940,37.3634299175414
-7.162375,60,1033.202577,False,False,0.0650302791046652,75.72037495037652,66000,65.0302791046652
-6.619503,60,1037.398474,False,False,0.0118619545073167,42.75023863385571,66060,11.8619545073167
-5.687801,60,1037.405473,False,False,0.0669709088039522,30.43291821831619,66120,66.97090880395221
-5.753555,60,1037.414468,False,False,0.0172829428350814,48.65079525739913,66180,17.2829428350814
-5.942716,60,1037.479465,False,False,0.0608138734320229,53.98292682029049,66240,60.8138734320229
-6.779545,60,1040.675081,False,False,0.024707513085935,85.00436994787026,66300,24.707513085935
-5.92329,60,1040.681081,False,False,0.0507054214357154,78.9177724839349,66360,50.7054214357154
-6.276485,60,1040.698085,False,False,0.0680651517816438,65.21017644441132,66420,68.06515178164379
-6.367747,60,1040.757076,False,False,0.0442187457200742,80.07870403342548,66480,44.218745720074196
-6.153346,60,1044.950543,False,False,0.0475360435912168,81.54456970935904,66540,47.536043591216796
-8.204119,60,1044.956542,False,True,0.0012780938601566,64.19862019912661,66600,1.2780938601565999
-6.318452,60,1044.966549,False,False,0.0642565801508461,66.22159838314957,66660,64.25658015084609
-5.863742,60,1045.029543,False,False,0.0953925950276351,33.99000030203789,66720,95.3925950276351
-5.753478,60,1048.266816,False,False,0.0492252196524001,38.47545804092444,66780,49.2252196524001
-5.848786,60,1048.269826,False,False,0.0115772754066207,36.70640542462974,66840,11.5772754066207
-5.479265,60,1048.279824,False,False,0.0315042620594892,31.86350528071593,66900,31.504262059489204
-5.560199,60,1048.344811,False,False,0.0857798697036771,29.922992835016995,66960,85.7798697036771
-5.947503,60,1052.522304,False,False,0.1092267990073816,62.31170900032073,67020,109.2267990073816
-5.946517,60,1052.527297,False,False,0.0592493371098313,35.51783892208293,67080,59.2493371098313
-5.783438,60,1052.540281,False,False,0.0463713833853125,42.035682934055686,67140,46.3713833853125
-7.336672,60,1052.602278,False,False,0.0127103088039716,73.89223932828294,67200,12.7103088039716
-6.659905,60,1055.840095,False,False,0.0027823658953989,44.59767231164023,67260,2.7823658953989003
-6.136308,60,1055.840135,False,False,0.0049611841135123,36.03519240787981,67320,4.961184113512299
-7.220109,60,1055.85311,False,False,0.016619937755009,54.25331074380387,67380,16.619937755009
-6.767985,60,1055.91813,False,False,0.0056154345357599,67.98364387780931,67440,5.6154345357599
-6.596865,60,1060.084081,False,False,0.0089528055183299,28.962147358677928,67500,8.9528055183299
-6.353993,60,1060.085087,False,False,0.0348582119051671,29.83217644276342,67560,34.8582119051671
-6.5921,60,1060.099082,False,False,0.0112035725869576,30.78382326508908,67620,11.2035725869576
-6.943664,60,1060.159079,False,False,0.0206812061438804,33.237122518642124,67680,20.681206143880402
-6.380023,60,1063.429357,False,False,0.0484188545128384,29.818179458826837,67740,48.4188545128384
-6.78309,60,1063.43736,False,False,0.0184883260950399,32.23884619927861,67800,18.4883260950399
-5.496562,60,1063.442357,False,False,0.024567790833843,48.98393615071433,67860,24.567790833843002
-5.649713,60,1063.509351,False,False,0.0041428130967323,48.34700156728595,67920,4.1428130967323
-6.08845,60,1067.715468,False,False,0.0039832685256351,31.372857527420614,67980,3.9832685256351006
-5.643458,60,1067.717477,False,False,0.0384118721452291,40.72752700991048,68040,38.4118721452291
-5.7627,60,1067.729471,False,False,0.0275189051904409,36.98682645620769,68100,27.5189051904409
-5.718305,60,1067.799464,False,False,0.0341568931057654,38.24932908856316,68160,34.1568931057654
-5.410965,60,1071.974442,False,False,0.0045883874641591,29.759508473970502,68220,4.5883874641591005
-6.856428,60,1071.976437,False,False,0.0242067182053049,45.859253732219294,68280,24.2067182053049
-6.061867,60,1071.990442,False,False,0.0470583625224915,28.860276234375032,68340,47.0583625224915
-5.68032,60,1072.054432,False,False,0.0657228890999207,33.445890532295614,68400,65.7228890999207
-5.245862,60,1076.159175,False,False,0.0059053063669966,34.525665714442326,68460,5.9053063669966
-5.506723,60,1076.165176,False,False,0.045014637176656,38.008685898753576,68520,45.014637176655995
-5.63769,60,1076.176174,False,False,0.0303963926219055,47.53043324259688,68580,30.396392621905502
-6.349901,60,1076.236167,False,False,0.0134812389488607,46.97672868186252,68640,13.4812389488607
-7.214451,60,1079.530953,False,False,0.0254140273074718,30.385004678488343,68700,25.4140273074718
-6.045378,60,1079.534957,False,False,0.0641444342915117,46.04256659526228,68760,64.1444342915117
-7.497537,60,1079.547952,False,False,0.0248462704754384,33.024074595158986,68820,24.846270475438402
-6.28939,60,1079.607951,False,False,0.0352891939629705,33.10699714553404,68880,35.2891939629705
-6.805872,60,1082.875483,False,False,0.0152316244365936,37.61115606048698,68940,15.2316244365936
-6.124542,60,1082.878016,False,False,0.0139766106020341,54.56332518571753,69000,13.9766106020341
-5.47638,60,1082.887489,False,False,0.0584383952373698,29.721126677632025,69060,58.438395237369804
-8.052293,60,1082.953472,False,False,0.0689875183260613,66.20918977366527,69120,68.9875183260613
-5.825107,60,1087.062747,False,False,0.1184597992303623,37.92796939469032,69180,118.45979923036231
-5.842036,60,1087.072752,False,False,0.0513541414135848,30.19077035208124,69240,51.3541414135848
-6.890759,60,1087.077748,False,False,0.0309761702274991,45.68924673249686,69300,30.9761702274991
-5.730546,60,1087.140742,False,False,0.0688442878895799,33.869254838448,69360,68.8442878895799
-5.730971,60,1090.476927,False,False,0.0265414082476044,45.94410588831328,69420,26.5414082476044
-6.557374,60,1090.483928,False,False,0.0342698714663207,49.53367257524212,69480,34.269871466320694
-6.056186,60,1090.488926,False,False,0.0796800812744549,56.496056347054726,69540,79.6800812744549
-5.777334,60,1090.55692,False,False,0.0044232729539756,55.47089840343588,69600,4.4232729539756
-6.148366,60,1094.799618,False,False,0.0450542197186559,51.730090607862216,69660,45.0542197186559
-6.393687,60,1094.799635,False,False,0.0400209136199173,69.72748439867281,69720,40.0209136199173
-5.600912,60,1094.809648,False,False,0.0313551239513698,30.00140717115346,69780,31.3551239513698
-5.906808,60,1094.876616,False,False,0.0888971741640783,51.41557283534143,69840,88.89717416407831
-5.623996,60,1098.115011,False,False,0.0212577443596828,33.970028413561224,69900,21.2577443596828
-6.688212,60,1098.118004,False,False,0.0074845346883751,28.73708642371998,69960,7.4845346883751
-5.769579,60,1098.131008,False,False,0.0872552590176655,28.617751131175808,70020,87.2552590176655
-6.276226,60,1098.195999,False,False,0.0243296753882941,33.794300315602136,70080,24.3296753882941
-5.786304,60,1102.388753,False,False,0.0393944820993507,33.21670099118975,70140,39.394482099350704
-6.951994,60,1102.402754,False,False,0.013255854353671,24.371044145935343,70200,13.255854353671
-6.837454,60,1102.412761,False,False,0.0241639008681302,29.53959765600425,70260,24.163900868130202
-5.893325,60,1102.477745,False,False,0.0931952506121359,38.367423887712015,70320,93.19525061213591
-6.939662,60,1105.701039,False,False,0.0092263593573089,29.497165819162827,70380,9.2263593573089
-5.675571,60,1105.704041,False,False,0.0292555181738201,33.98879895758424,70440,29.2555181738201
-5.972455,60,1105.71604,False,False,0.1015994567041452,42.53402217868664,70500,101.59945670414521
-5.763986,60,1105.772043,False,False,0.0973102262772469,33.6862629474315,70560,97.31022627724691
-6.372692,60,1109.920161,False,False,0.0544337789083629,43.77313772519785,70620,54.4337789083629
-6.5934,60,1109.924165,False,False,0.007738546326644,34.360991206964044,70680,7.738546326644
-6.297916,60,1109.934166,False,False,0.0386078674587983,31.869540531403416,70740,38.6078674587983
-5.961058,60,1109.995165,False,False,0.0653376379311853,53.76048351914893,70800,65.3376379311853
-5.671817,60,1113.210462,False,False,0.0518034906853134,33.12849893639436,70860,51.8034906853134
-6.009383,60,1113.217464,False,False,0.0082837239430106,46.24132381770677,70920,8.2837239430106
-6.511251,60,1113.223465,False,False,0.0188376474251494,32.90889539394454,70980,18.837647425149402
-6.502642,60,1113.288457,False,False,0.0128498263789802,32.15871709620003,71040,12.8498263789802
-7.428164,60,1117.428766,False,False,0.0623323726515914,32.65043851350803,71100,62.332372651591406
-6.445052,60,1117.430775,False,False,0.0228045141089787,52.07158938426338,71160,22.804514108978697
-7.206556,60,1117.442768,False,False,0.0362831088618233,31.77487589742019,71220,36.2831088618233
-7.129039,60,1117.506762,False,False,0.0158007040311855,30.50901556756913,71280,15.8007040311855
-6.463287,60,1120.844208,False,False,0.0764184007176568,52.01800119354421,71340,76.41840071765681
-5.932756,60,1120.846213,False,False,0.0639247412138189,39.46610874830777,71400,63.9247412138189
-7.148697,60,1120.855202,False,False,0.0313846062197425,57.402105119437785,71460,31.384606219742498
-5.823279,60,1120.924199,False,False,0.0832268777320332,32.912403374250275,71520,83.2268777320332
-6.653234,60,1125.096901,False,False,0.0145363194595371,30.02739879710757,71580,14.5363194595371
-5.8589,60,1125.098895,False,False,0.0463378560203637,31.339918274315465,71640,46.3378560203637
-5.734655,60,1125.109897,False,False,0.0416922853973618,30.31668031014099,71700,41.6922853973618
-6.346022,60,1125.174891,False,False,0.0324940531769302,35.50986754741752,71760,32.4940531769302
-6.739324,60,1128.414653,False,False,0.0137148239927955,26.874552492246337,71820,13.7148239927955
-5.795134,60,1128.421657,False,False,0.0490998803403233,28.12144173389413,71880,49.0998803403233
-6.16345,60,1128.434651,False,False,0.0213215374977531,31.93531808776756,71940,21.321537497753102
-6.517655,60,1128.496645,False,False,0.0559100904771664,29.64698573377757,72000,55.9100904771664
-7.185009,60,1132.638664,False,False,0.0134914944272158,31.008516468135277,72060,13.4914944272158
-6.303688,60,1132.644659,False,False,0.0580424825007269,39.24883423027633,72120,58.0424825007269
-6.028465,60,1132.651661,False,False,0.0682994678252675,55.55265933003625,72180,68.2994678252675
-5.9671,60,1132.720657,False,False,0.0245813900144338,31.323861440111,72240,24.5813900144338
-6.878828,60,1136.011507,False,False,0.046849895682289,75.5966294265952,72300,46.849895682288995
-6.528741,60,1136.018505,False,False,0.0321806033847762,31.35329263779789,72360,32.1806033847762
-6.926419,60,1136.020494,False,False,0.0004653115883599,41.14824862173804,72420,0.4653115883599
-6.780396,60,1136.0905,False,False,0.0334890178090764,33.762094796107206,72480,33.4890178090764
-6.020494,60,1140.222201,False,False,0.0769370354332481,35.45766810030641,72540,76.9370354332481
-5.964747,60,1140.229199,False,False,0.0674927763791617,31.339386974857693,72600,67.49277637916171
-6.768894,60,1140.238198,False,False,0.0374199350214214,30.39938678089714,72660,37.4199350214214
-6.517508,60,1140.300196,False,False,0.0627742284775311,34.26278446999222,72720,62.774228477531096
-6.117919,60,1143.519892,False,False,0.0710074633762875,39.64972652239091,72780,71.00746337628749
-6.722239,60,1143.52031,False,False,0.0253270655669897,32.28256121694929,72840,25.327065566989702
-5.902538,60,1143.535311,False,False,0.0606835303564303,29.74520943216058,72900,60.6835303564303
-6.249097,60,1143.59089,False,False,0.048749245107275,29.26055069047545,72960,48.749245107275
-6.661968,60,1146.87505,False,False,0.0238569441074736,39.43279965201266,73020,23.856944107473602
-6.007934,60,1146.879053,False,False,0.0514839711232619,29.830364352369543,73080,51.483971123261895
-5.886893,60,1146.886054,False,False,0.0490819926677734,31.88141305803175,73140,49.0819926677734
-5.941187,60,1146.953045,False,False,0.0663048447959669,29.33008653615185,73200,66.3048447959669
-5.967255,60,1151.126831,False,False,0.0657282829511221,43.53446483974629,73260,65.7282829511221
-6.263443,60,1151.132833,False,False,0.003431361805184,29.88042470674898,73320,3.4313618051840002
-6.309005,60,1151.141831,False,False,0.0167008709160122,39.70106068700127,73380,16.7008709160122
-5.902846,60,1151.205826,False,False,0.111261820429717,36.938261371077,73440,111.26182042971699
-6.41088,60,1154.416031,False,False,0.0040595742822095,44.43489440566461,73500,4.059574282209501
-6.413574,60,1154.419026,False,False,0.0392189785310329,44.12630020860113,73560,39.2189785310329
-6.211858,60,1154.433025,False,False,0.0174976440526283,31.093208379616403,73620,17.4976440526283
-6.51525,60,1154.493017,False,False,0.0327217006547661,31.77108567073811,73680,32.7217006547661
-6.056486,60,1158.738342,False,False,0.064078828855659,38.13712474127382,73740,64.07882885565901
-5.892516,60,1158.744335,False,False,0.1044381034174287,40.2391994424169,73800,104.43810341742869
-7.470656,60,1158.757332,False,False,0.0208430882686031,33.56246215441259,73860,20.8430882686031
-6.007926,60,1158.817329,False,False,0.0729992973509461,74.63057221185626,73920,72.9992973509461
-6.24778,60,1162.231599,False,False,0.0633716871876902,46.08945824646083,73980,63.371687187690206
-7.052668,60,1162.231604,False,False,0.010601096037028,31.685504711985786,74040,10.601096037028
-5.978852,60,1162.247599,False,False,0.0083846766062008,29.996590713730104,74100,8.3846766062008
-7.093446,60,1162.311594,False,False,0.0099515518216028,48.501339433998,74160,9.951551821602798
-5.958204,60,1166.416734,False,False,0.0647382238149522,38.683885448597074,74220,64.7382238149522
-7.162218,60,1166.421735,False,False,0.0269544648708265,55.65006824126546,74280,26.9544648708265
-6.460548,60,1166.433731,False,False,0.0070693666220199,37.37476907378512,74340,7.0693666220199
-7.431864,60,1166.495727,False,False,0.0143184891506069,65.25681937716416,74400,14.3184891506069
-6.0257,60,1169.752377,False,False,0.0440320454889315,30.31125687577605,74460,44.0320454889315
-6.068788,60,1169.753373,False,False,0.1002205116920362,43.966006935389245,74520,100.2205116920362
-6.163673,60,1169.766367,False,False,0.0620478966122326,32.647456611265696,74580,62.047896612232606
-5.778789,60,1169.831358,False,False,0.0297829257681242,30.34679443781634,74640,29.7829257681242
-5.993509,60,1174.056173,False,False,0.16786964190995,54.12361308975785,74700,167.86964190995
-6.527967,60,1174.056552,False,False,0.049202538974867,47.70078359532437,74760,49.202538974867
-5.869679,60,1174.067171,False,False,0.067467176008226,31.01762818627852,74820,67.467176008226
-7.304418,60,1174.136589,False,False,0.0146286111942689,43.17831911113247,74880,14.628611194268899
-7.045422,60,1177.41766,False,False,0.0044030059830888,36.13699843161346,74940,4.4030059830888
-6.73593,60,1177.420667,False,False,0.0348513852410668,32.648337528349906,75000,34.851385241066794
-6.207294,60,1177.431665,False,False,0.0679944492354634,59.85963250930479,75060,67.99444923546339
-5.951505,60,1177.495655,False,False,0.0147696885662503,29.76629226203201,75120,14.7696885662503
-6.321981,60,1181.736608,False,False,0.0215593766032314,32.6061455910614,75180,21.5593766032314
-5.951094,60,1181.738614,False,False,0.0354030043711486,41.10144727789992,75240,35.4030043711486
-5.917965,60,1181.752608,False,False,0.0775799072620283,35.95766753426617,75300,77.5799072620283
-5.87081,60,1181.812606,False,False,0.1073343476433133,39.11335146366249,75360,107.33434764331331
-5.868903,60,1185.016462,False,False,0.0934651422972115,37.748834916577614,75420,93.4651422972115
-7.08045,60,1185.020466,False,False,0.0178144636849247,65.62242061263645,75480,17.8144636849247
-5.90396,60,1185.028463,False,False,0.0543327415281214,29.020917181271727,75540,54.332741528121396
-6.380104,60,1185.089458,False,False,0.048834653847863,69.54856998220838,75600,48.834653847863
-6.039839,60,1189.234445,False,False,0.0615920802179016,28.66412083016132,75660,61.5920802179016
-5.960132,60,1189.237442,False,False,0.0703807508349164,39.47860018149972,75720,70.38075083491641
-5.840634,60,1189.248446,False,False,0.0401715925538536,58.85512071857841,75780,40.1715925538536
-6.597223,60,1189.312438,False,False,0.0348176163599039,33.969941750735536,75840,34.8176163599039
-5.853518,60,1192.552688,False,False,0.0320353224539809,28.17989628542705,75900,32.035322453980896
-5.834436,60,1192.555689,False,False,0.0415148857011074,43.40078016605009,75960,41.5148857011074
-5.938026,60,1192.562688,False,False,0.0042201009668538,30.920378357445877,76020,4.2201009668538
-6.989427,60,1192.622681,False,False,0.0071845029281592,28.15480647089642,76080,7.1845029281592
-6.025266,60,1196.851825,False,False,0.0211004127566962,28.711233502716038,76140,21.1004127566962
-5.998336,60,1196.859827,False,False,0.0177771319097895,32.71379361987692,76200,17.7771319097895
-6.96355,60,1196.872822,False,False,0.0193123936726554,47.57228122658504,76260,19.3123936726554
-6.36332,60,1196.928823,False,False,0.044069810792442,43.23450336708989,76320,44.069810792442
-6.490381,60,1200.360969,False,False,0.052013022258682,37.35598390755881,76380,52.013022258682
-6.240917,60,1200.365973,False,False,0.0030684782642275,43.358983932857775,76440,3.0684782642275
-7.113667,60,1200.374977,False,False,0.0200556343973686,33.80186660574841,76500,20.0556343973686
-7.267989,60,1200.44496,False,False,0.0244889572550824,30.588072465677616,76560,24.488957255082397
-6.669544,60,1203.650316,False,False,0.025529233385305,30.67953922469626,76620,25.529233385305
-6.884131,60,1203.657316,False,False,0.0242430036641042,29.548335396779084,76680,24.2430036641042
-6.427493,60,1203.659865,False,False,0.0634532653497926,29.861643433523817,76740,63.45326534979261
-6.06805,60,1203.728311,False,False,0.0763566535778832,50.91267235434824,76800,76.3566535778832
-5.731206,60,1208.057229,False,False,0.0018626624749129,28.20417808433121,76860,1.8626624749129
-5.801589,60,1208.060234,False,False,0.0495471346207027,30.199772465414515,76920,49.5471346207027
-6.085914,60,1208.071231,False,False,0.0615166814624053,54.2575335212164,76980,61.5166814624053
-7.659899,60,1208.135224,False,False,0.0248796138734722,56.18255610537798,77040,24.8796138734722
-6.998117,60,1211.564555,False,False,0.0170296016720227,39.33273501813643,77100,17.0296016720227
-6.422932,60,1211.564569,False,False,0.0247535795408029,67.38013162132734,77160,24.7535795408029
-6.876257,60,1211.578559,False,False,0.0077975035517379,29.71428340285108,77220,7.7975035517379
-6.964587,60,1211.637548,False,False,0.0162233973558312,29.43143271647741,77280,16.2233973558312
-7.224749,60,1215.800419,False,False,0.0247909582036301,35.45758335088698,77340,24.7909582036301
-5.673423,60,1215.806425,False,False,0.0787382347372683,29.997749897577023,77400,78.7382347372683
-6.169278,60,1215.817422,False,False,0.0306209500781007,42.35899686949363,77460,30.6209500781007
-6.094494,60,1215.87642,False,False,0.059080842351849,29.491300857643825,77520,59.080842351849
-7.194918,60,1219.029726,False,False,0.0307492190968007,29.90040319039896,77580,30.7492190968007
-6.020478,60,1219.033729,False,False,0.0314930661522374,34.53155663407675,77640,31.493066152237404
-5.785129,60,1219.045731,False,False,0.0678353878348007,29.66108337413613,77700,67.8353878348007
-5.865135,60,1219.110722,False,False,0.0423764444185236,29.669326038762986,77760,42.3764444185236
-6.578958,60,1223.336486,False,False,0.0412505351827382,49.308328875993546,77820,41.2505351827382
-5.940668,60,1223.339494,False,False,0.0247254519474922,26.52428219537894,77880,24.7254519474922
-5.891318,60,1223.350492,False,False,0.0820485352404322,31.0690917479954,77940,82.04853524043219
-6.070285,60,1223.41548,False,False,0.0418789261346191,42.8804152951906,78000,41.8789261346191
-5.598419,60,1226.591292,False,False,0.0081082648907075,30.197636851383145,78060,8.108264890707499
-5.899882,60,1226.591294,False,False,0.0555693370675514,31.369623450135396,78120,55.5693370675514
-5.532917,60,1226.599295,False,False,0.0226010497890015,30.958016635552887,78180,22.6010497890015
-6.072153,60,1226.669289,False,False,0.0865082801521621,57.51469288297216,78240,86.5082801521621
-6.374625,60,1230.852422,False,False,0.024646282208431,27.963008523404238,78300,24.646282208431
-5.880756,60,1230.85443,False,False,0.0748134823966615,59.67090933256462,78360,74.8134823966615
-6.306459,60,1230.86642,False,False,0.016197275563957,32.33911520156076,78420,16.197275563957
-5.875147,60,1230.930417,False,False,0.0905682220490877,40.69526140378157,78480,90.5682220490877
-5.892022,60,1234.208372,False,False,0.0728782021319534,31.42334888528724,78540,72.8782021319534
-6.284717,60,1234.22037,False,False,0.038859041204015,29.759361996589817,78600,38.859041204015
-5.795674,60,1234.222384,False,False,0.0385423883812109,34.24836892759372,78660,38.5423883812109
-6.39283,60,1234.289372,False,False,0.0618208975164771,35.69748504701188,78720,61.820897516477096
-6.127664,60,1238.452954,False,False,0.0187112448373619,31.466466323452263,78780,18.7112448373619
-6.139956,60,1238.462702,False,False,0.005483645811335,29.657922320450822,78840,5.483645811334999
-5.806776,60,1238.473699,False,False,0.0876563291498937,39.43939359756896,78900,87.6563291498937
-5.879763,60,1238.538743,False,False,0.1209853787781125,45.777670356485245,78960,120.98537877811249
-5.754892,60,1241.878105,False,False,0.0870142055597867,33.89448549387925,79020,87.0142055597867
-5.773975,60,1241.882108,False,False,0.0388297865002343,39.43540203412415,79080,38.829786500234306
-7.128937,60,1241.895106,False,False,0.0191431543920689,33.67210590645238,79140,19.1431543920689
-5.860342,60,1241.9561,False,False,0.0189452349557736,30.359763996806013,79200,18.9452349557736
-6.61452,60,1246.142672,False,False,0.04714730527137,29.799768642494943,79260,47.14730527137
-7.187217,60,1246.145676,False,False,0.0212795735094746,30.98428600026851,79320,21.279573509474602
-6.138014,60,1246.149668,False,False,0.0659570901394359,30.43663831473649,79380,65.9570901394359
-5.77347,60,1246.219668,False,False,0.0507371982257502,30.01424993811974,79440,50.7371982257502
-6.342886,60,1249.470168,False,False,0.0289350847733763,29.72936347905284,79500,28.9350847733763
-6.988343,60,1249.475177,False,False,0.018757161442552,30.784540079666744,79560,18.757161442552
-6.236099,60,1249.480181,False,False,0.0223430193741915,30.744781118326465,79620,22.3430193741915
-6.285887,60,1249.543175,False,False,0.0426511308154032,30.043644541094856,79680,42.6511308154032
-7.040204,60,1253.673787,False,False,0.0266988959133013,30.03967910758881,79740,26.6988959133013
-5.761885,60,1253.674793,False,False,0.0200355455957547,31.50274072828445,79800,20.0355455957547
-6.977188,60,1253.684794,False,False,0.0494010617766222,37.62938411510339,79860,49.4010617766222
-6.003955,60,1253.749792,False,False,0.1023065987897463,47.50426533033601,79920,102.30659878974629
-7.05244,60,1257.042305,False,False,0.0487109494279327,30.997852977118598,79980,48.7109494279327
-5.887246,60,1257.051311,False,False,0.057658180638729,42.55446460910592,80040,57.658180638729
-5.800548,60,1257.054316,False,False,0.0523644452687876,29.988414603804813,80100,52.3644452687876
-6.891303,60,1257.118307,False,False,0.0132768827284832,27.92716272981674,80160,13.2768827284832
-5.981646,60,1261.247646,False,False,0.0974143485072924,40.46190637897069,80220,97.4143485072924
-5.922011,60,1261.24864,False,False,0.0260426573161107,29.73453660398169,80280,26.0426573161107
-8.256106,60,1261.264641,False,True,0.0268012640186176,30.53356898444047,80340,26.801264018617598
-6.577854,60,1261.323637,False,False,0.0183046192456139,30.583058275325342,80400,18.3046192456139
-5.56872,60,1264.553535,False,False,0.0102055908559834,32.823241191411604,80460,10.205590855983399
-8.236284,60,1264.558536,False,True,0.0273768269707874,32.72265486347381,80520,27.3768269707874
-6.404574,60,1264.568536,False,False,0.0491495566734551,40.23157610806315,80580,49.1495566734551
-7.01641,60,1264.633527,False,False,0.0297872769751267,30.981707954521426,80640,29.787276975126698
-5.822207,60,1267.836736,False,False,0.0388359992578841,35.59742985244329,80700,38.8359992578841
-6.43043,60,1267.838742,False,False,0.0284308241765436,31.831093227378624,80760,28.4308241765436
-6.997094,60,1267.842734,False,False,0.0206181280649739,30.3424564154361,80820,20.618128064973902
-6.145225,60,1267.912734,False,False,0.0274139387484442,43.90519379173079,80880,27.413938748444203
-5.975276,60,1272.051316,False,False,0.0858982560690599,31.654562764658245,80940,85.8982560690599
-6.161033,60,1272.052324,False,False,0.0694559583170112,54.61620663183844,81000,69.4559583170112
-5.801098,60,1272.066317,False,False,0.03756170520813,38.57098778946322,81060,37.56170520813
-6.195085,60,1272.131305,False,False,0.0730359926936099,36.91667444051159,81120,73.0359926936099
-6.027352,60,1275.43208,False,False,0.0451844945391868,36.79031614943971,81180,45.1844945391868
-7.353021,60,1275.436084,False,False,0.0215220310305442,30.09437502792683,81240,21.5220310305442
-6.117182,60,1275.447081,False,False,0.0449377082335782,30.041166706764795,81300,44.9377082335782
-5.854155,60,1275.511075,False,False,0.1099528550046611,35.571970666977336,81360,109.95285500466109
-6.337884,60,1279.674768,False,False,0.0203372018101299,59.51690766172134,81420,20.3372018101299
-6.893341,60,1279.679766,False,False,0.0271087147907622,32.189197682697255,81480,27.1087147907622
-5.699982,60,1279.683773,False,False,0.0538743139905463,36.101045937065166,81540,53.8743139905463
-6.276538,60,1279.75176,False,False,0.0373144509167137,39.30916868453767,81600,37.314450916713696
-6.078534,60,1282.971477,False,False,0.1228038825948462,50.48707444849683,81660,122.8038825948462
-5.625989,60,1282.977478,False,False,0.009840089185748,36.12228378639247,81720,9.840089185748
-6.598996,60,1282.983473,False,False,0.0541065436656621,54.789841629696326,81780,54.1065436656621
-5.898787,60,1283.052468,False,False,0.0121016445965967,52.2472757715791,81840,12.101644596596701
-6.190547,60,1287.250257,False,False,0.0517933295690854,46.235993970926536,81900,51.7933295690854
-6.046482,60,1287.257258,False,False,0.0457261076249535,49.2369115750545,81960,45.7261076249535
-6.911998,60,1287.265258,False,False,0.0147950840457957,48.28321933175062,82020,14.7950840457957
-7.005222,60,1287.329258,False,False,0.0427365761712189,49.05293958030479,82080,42.7365761712189
-5.974612,60,1290.559653,False,False,0.0754209179140934,44.81678533271688,82140,75.42091791409341
-5.556843,60,1290.562658,False,False,0.0327888699993397,40.5579199142805,82200,32.7888699993397
-6.240378,60,1290.572655,False,False,0.0193840532442114,52.63416698206856,82260,19.3840532442114
-5.745641,60,1290.638647,False,False,0.0676083734638004,42.83647120271228,82320,67.6083734638004
-6.744442,60,1294.882205,False,False,0.0016410362084549,42.86013420935754,82380,1.6410362084549
-6.589929,60,1294.883209,False,False,0.0358828174526218,45.41551682761615,82440,35.8828174526218
-5.994349,60,1294.899206,False,False,0.0137462478876843,30.54968733193135,82500,13.746247887684302
-6.217714,60,1294.9622,False,False,0.021465495821024,35.631634082091765,82560,21.465495821024
-6.069859,60,1298.246101,False,False,0.0067330802688944,50.786356611048056,82620,6.733080268894399
-7.054703,60,1298.249106,False,False,0.0256698601025983,36.60981195681096,82680,25.6698601025983
-6.055996,60,1298.259103,False,False,0.046905496917065,36.79134787424244,82740,46.905496917065
-6.191438,60,1298.324096,False,False,0.0471401278626295,50.74523700315788,82800,47.1401278626295
-5.966299,60,1302.529675,False,False,0.0120292500501751,32.80397403476035,82860,12.0292500501751
-6.214409,60,1302.53468,False,False,0.0237493120732228,74.80913798687124,82920,23.7493120732228
-5.892658,60,1302.54968,False,False,0.0799357516480878,38.64940335747353,82980,79.9357516480878
-6.013787,60,1302.612675,False,False,0.0713306866743339,37.08766195873063,83040,71.3306866743339
-6.751242,60,1305.855037,False,False,0.0161348109964873,56.22571517833407,83100,16.1348109964873
-6.076231,60,1305.863456,False,False,0.0377309713548517,36.05379104710411,83160,37.7309713548517
-5.373567,60,1305.872458,False,False,0.0180761848062491,31.10571916909115,83220,18.0761848062491
-6.91774,60,1305.93645,False,False,0.0694549705156726,61.13103727260686,83280,69.45497051567261
-6.988758,60,1310.090066,False,False,0.0230651061442299,31.710259354565657,83340,23.0651061442299
-6.069446,60,1310.093071,False,False,0.058865671855316,46.58814690241172,83400,58.865671855316
-5.98337,60,1310.104068,False,False,0.0230800074453145,30.50384074144503,83460,23.0800074453145
-5.859813,60,1310.16906,False,False,0.1110894045368831,41.82440893504399,83520,111.0894045368831
-6.40494,60,1313.448102,False,False,0.0051721700025647,61.00865841905915,83580,5.172170002564701
-5.970173,60,1313.449104,False,False,0.0029505669175234,56.53787210398252,83640,2.9505669175234
-7.906615,60,1313.461106,False,True,0.0553140792990623,56.805647993888606,83700,55.3140792990623
-6.814517,60,1313.52509,False,False,0.0590759470102298,53.85316492052711,83760,59.0759470102298
-6.377158,60,1317.686273,False,False,0.0225801289547696,61.51723119231713,83820,22.580128954769602
-6.19051,60,1317.692273,False,False,0.0295542605295649,42.04739254023813,83880,29.5542605295649
-5.631687,60,1317.69927,False,False,0.0887536045826468,30.04266804606528,83940,88.7536045826468
-5.777564,60,1317.76726,False,False,0.0684682234358874,30.239322028750117,84000,68.46822343588741
-7.628176,60,1321.029904,False,False,0.0395585740400676,55.76788602172244,84060,39.558574040067604
-6.382191,60,1321.036906,False,False,0.054028075547012,30.11497316587772,84120,54.028075547012
-6.094404,60,1321.041905,False,False,0.0150162038590632,37.03342413672513,84180,15.0162038590632
-6.740661,60,1321.1089,False,False,0.0186419647402757,31.183850427839975,84240,18.6419647402757
-5.809384,60,1324.327903,False,False,0.0138102371404252,35.24751652503618,84300,13.810237140425201
-5.757227,60,1324.332899,False,False,0.001600995686552,40.24551497684031,84360,1.6009956865519999
-6.478201,60,1324.342904,False,False,0.0157613719942704,30.001433031183254,84420,15.761371994270398
-6.953445,60,1324.407897,False,False,0.0226374943159105,29.07468116949502,84480,22.6374943159105
-6.280965,60,1328.647101,False,False,0.0600677408501647,32.31312384352405,84540,60.0677408501647
-5.804007,60,1328.6551,False,False,0.0121506513483011,46.62710708074869,84600,12.1506513483011
-5.827767,60,1328.666098,False,False,0.0636246878752805,34.9162797414417,84660,63.6246878752805
-5.83616,60,1328.727095,False,False,0.0379170947708091,29.946877307584693,84720,37.9170947708091
-5.973347,60,1331.998936,False,False,0.0492864554664079,28.014428801756083,84780,49.2864554664079
-7.01583,60,1331.999945,False,False,0.016762713497146,30.99209021457388,84840,16.762713497146
-5.834504,60,1332.011938,False,False,0.001246427716238,27.739231922635994,84900,1.246427716238
-7.053904,60,1332.075932,False,False,0.0116749145234046,36.39994148080029,84960,11.6749145234046
-6.213932,60,1336.20795,False,False,0.0461005383192686,31.43537481126804,85020,46.1005383192686
-6.210809,60,1336.20995,False,False,0.0060298546571561,32.91853202404724,85080,6.0298546571561
-6.211206,60,1336.219949,False,False,0.0036881212364087,41.49317450873475,85140,3.6881212364087
-5.941573,60,1336.285937,False,False,0.0035490485252562,46.80867669529149,85200,3.5490485252562
-7.19292,60,1339.503619,False,False,0.0426061303201345,35.87723108921681,85260,42.606130320134504
-6.698805,60,1339.512618,False,False,0.0431567754997696,50.75784142332455,85320,43.1567754997696
-5.560365,60,1339.522622,False,False,0.0299589549245441,40.63785254914664,85380,29.958954924544102
-7.157204,60,1339.578612,False,False,0.0325436247404072,41.70755795069228,85440,32.5436247404072
-5.650573,60,1343.71927,False,False,0.0809564172007742,30.33159994268713,85500,80.95641720077421
-7.415605,60,1343.726275,False,False,0.0326351651117479,59.51834211801288,85560,32.6351651117479
-6.296631,60,1343.738288,False,False,0.0136272520519108,39.16933057814744,85620,13.6272520519108
-5.95206,60,1343.802275,False,False,0.0584628184035005,36.69659675179452,85680,58.4628184035005
-6.806535,60,1347.047825,False,False,0.0203632364321368,51.90015300680337,85740,20.363236432136798
-6.631675,60,1347.051828,False,False,0.022605791929622,46.50293127783397,85800,22.605791929622
-6.525007,60,1347.060833,False,False,0.0219437441918114,66.45492175240538,85860,21.9437441918114
-6.753401,60,1347.123827,False,False,0.0162885868356052,49.71890456940112,85920,16.2885868356052
-5.912967,60,1351.24073,False,False,0.0556964978030924,57.3482924212085,85980,55.696497803092406
-5.965562,60,1351.243743,False,False,0.0017675362281811,40.42626058928514,86040,1.7675362281811
-6.580707,60,1351.25373,False,False,0.0016339360662711,49.52300645992044,86100,1.6339360662711
-7.085337,60,1351.321725,False,False,0.013359355934465,49.47690648646215,86160,13.359355934465
-6.046825,60,1354.623731,False,False,0.0468937321243206,57.88257427489125,86220,46.8937321243206
-6.054713,60,1354.626736,False,False,0.041209324025723,59.78534033898001,86280,41.209324025723
-5.918751,60,1354.631737,False,False,0.0468566318564876,59.93325883818708,86340,46.856631856487596
-6.372223,60,1354.698729,False,False,0.0100930251015238,54.65881494090975,86400,10.0930251015238
-7.350596,60,1358.883789,False,False,0.0220653743000533,32.38031175998767,86460,22.0653743000533
-6.699849,60,1358.890794,False,False,0.0646344629069781,48.00479333477538,86520,64.63446290697809
-7.037781,60,1358.903789,False,False,0.0136418795019566,78.26290716740327,86580,13.6418795019566
-6.275048,60,1358.965779,False,False,0.0158724619591614,64.63085736438235,86640,15.8724619591614
-6.966947,60,1362.306135,False,False,0.0519644528687986,53.99463069990065,86700,51.964452868798595
-6.009653,60,1362.308131,False,False,0.0762556933298509,63.27447506202555,86760,76.2556933298509
-6.647236,60,1362.322132,False,False,0.0364736774520501,55.97884670062005,86820,36.473677452050104
-6.718245,60,1362.382126,False,False,0.0327320289681426,48.14935151875851,86880,32.7320289681426
-6.571152,60,1366.498627,False,False,0.0635808135000261,51.78625556976237,86940,63.5808135000261
-7.753804,60,1366.507635,False,True,0.0551047047462607,43.12165116985676,87000,55.1047047462607
-5.8975,60,1366.519631,False,False,0.0200249912936251,34.34578792580656,87060,20.0249912936251
-7.097449,60,1366.580627,False,False,0.0089199877642828,45.33568156138477,87120,8.9199877642828
-6.10025,60,1369.827638,False,False,0.0216598936882054,69.1722872301321,87180,21.659893688205397
-5.93659,60,1369.836634,False,False,0.0490748973818629,53.969749869810144,87240,49.074897381862904
-6.316551,60,1369.850628,False,False,0.0181610022140931,36.35227668528008,87300,18.1610022140931
-5.846791,60,1369.911625,False,False,0.0494211974107774,47.00278382250401,87360,49.421197410777395
-7.513614,60,1374.063087,False,False,0.0265731643678,47.37478000288554,87420,26.573164367799997
-6.079531,60,1374.068084,False,False,0.000970461134942,31.07988379643435,87480,0.970461134942
-5.973748,60,1374.073085,False,False,0.0206761082136709,44.62312644650218,87540,20.6761082136709
-5.938008,60,1374.13608,False,False,0.0948929266890706,62.11266107685677,87600,94.89292668907059
-6.171329,60,1377.439957,False,False,0.0636065601361333,54.38932340749955,87660,63.606560136133304
-6.044044,60,1377.43996,False,False,0.0980205656099676,78.07013873113267,87720,98.02056560996759
-7.125903,60,1377.452954,False,False,0.0470214062429139,73.49544608709729,87780,47.0214062429139
-5.724957,60,1377.51095,False,False,0.0104630282445368,61.87150746109161,87840,10.4630282445368
-6.577616,60,1381.659919,False,False,0.0205171582900094,48.619426205376165,87900,20.517158290009398
-6.357947,60,1381.668916,False,False,0.0599639540821825,73.86077301614642,87960,59.9639540821825
-7.586991,60,1381.679914,False,False,0.0229501155678357,56.91060033408025,88020,22.9501155678357
-6.270506,60,1381.741912,False,False,0.0019606157919893,54.05246049973009,88080,1.9606157919893
-8.723952,60,1385.023328,False,True,0.0442094521020415,57.42173841427346,88140,44.209452102041496
-5.817044,60,1385.025335,False,False,0.0605100697901058,46.16808205872193,88200,60.5100697901058
-6.183144,60,1385.033329,False,False,0.0637461379010188,70.3582281388193,88260,63.7461379010188
-6.955384,60,1385.100325,False,False,0.0373677137855928,70.5357658680993,88320,37.367713785592805
-6.223948,60,1388.340742,False,False,0.0495948341993723,73.63961365251886,88380,49.5948341993723
-6.66623,60,1388.342753,False,False,0.0151389976313876,50.33489447961279,88440,15.1389976313876
-6.124905,60,1388.356746,False,False,0.0480430280089873,69.90670068168738,88500,48.0430280089873
-6.205895,60,1388.423733,False,False,0.0167693911157713,63.39066241466647,88560,16.7693911157713
-5.9657,60,1392.755235,False,False,0.0954151324144917,60.54494739285066,88620,95.41513241449171
-6.13912,60,1392.757233,False,False,0.0715680132161283,56.77566206447929,88680,71.56801321612829
-7.442341,60,1392.76823,False,False,0.0342889927985275,65.75749373313991,88740,34.288992798527495
-6.923713,60,1392.834216,False,False,0.0219976869030327,62.82407619528688,88800,21.9976869030327
-5.997398,60,1396.077927,False,False,0.0423572351088076,38.906946101006135,88860,42.3572351088076
-6.192507,60,1396.08293,False,False,0.0251411304434859,63.83234625934642,88920,25.1411304434859
-7.191246,60,1396.091928,False,False,0.0324787565095395,71.42309295001498,88980,32.4787565095395
-6.467547,60,1396.150925,False,False,0.0471364684633636,72.04715927928848,89040,47.1364684633636
-7.128447,60,1400.328107,False,False,0.0074984755848735,62.70231481652621,89100,7.498475584873501
-7.774744,60,1400.33411,False,True,0.046647186069123,61.887077095379695,89160,46.647186069123
-7.592228,60,1400.341108,False,False,0.0192173389376485,77.36782681337449,89220,19.217338937648503
-6.267535,60,1400.406102,False,False,0.0511272583343092,78.59444066323364,89280,51.127258334309204
-5.605533,60,1403.57373,False,False,0.0200454600429168,79.55857792556209,89340,20.0454600429168
-5.780975,60,1403.578733,False,False,0.0545007501563655,31.755817353374493,89400,54.5007501563655
-6.106958,60,1403.58773,False,False,0.0984693146266874,65.40825654779769,89460,98.46931462668739
-5.954864,60,1403.651725,False,False,0.0314718573268038,51.83291585451392,89520,31.4718573268038
-7.248746,60,1407.851243,False,False,0.0353706895302503,51.59219064583656,89580,35.370689530250296
-5.969996,60,1407.861238,False,False,0.0688063742286966,40.53447422463682,89640,68.80637422869661
-7.122415,60,1407.871236,False,False,0.0446694799857072,53.48900192485232,89700,44.6694799857072
-6.752735,60,1407.938234,False,False,0.0302706345581445,64.78310351944783,89760,30.2706345581445
-5.714038,60,1411.179199,False,False,0.0494930552080469,40.792659679995154,89820,49.4930552080469
-5.7681,60,1411.181206,False,False,0.0530521284261858,47.70313237275052,89880,53.052128426185796
-5.972005,60,1411.191208,False,False,0.1127965205912367,53.66221766452955,89940,112.7965205912367
-6.328363,60,1411.255198,False,False,0.033317462737091,37.64250441400266,90000,33.317462737091
-6.445059,60,1415.517829,False,False,0.0285266127437622,44.69139112418378,90060,28.5266127437622
-7.190525,60,1415.520835,False,False,0.0464090160386107,40.0963069259344,90120,46.4090160386107
-6.336438,60,1415.529836,False,False,0.0377117583945584,51.44142553221921,90180,37.711758394558395
-6.060353,60,1415.599822,False,False,0.0553989466194586,37.26492281931165,90240,55.3989466194586
-6.769478,60,1418.899383,False,False,0.0112086359779571,41.8426363808818,90300,11.208635977957101
-6.57708,60,1418.901385,False,False,0.0448082336137316,41.81710491486291,90360,44.8082336137316
-6.556345,60,1418.907384,False,False,0.0079723607819669,32.379754742845584,90420,7.9723607819669
-5.996072,60,1418.971385,False,False,0.0800604507130905,44.659631582094285,90480,80.06045071309049
-6.074167,60,1423.165223,False,False,0.0211440666829331,75.11193547117327,90540,21.144066682933097
-5.804799,60,1423.171227,False,False,0.0463849374154776,51.45784095662672,90600,46.384937415477594
-5.9662,60,1423.182225,False,False,0.0618000639297303,35.34263257430069,90660,61.8000639297303
-5.895804,60,1423.246217,False,False,0.0853845444371731,43.66613803882745,90720,85.38454443717309
-6.205227,60,1426.511543,False,False,0.066306874304095,66.99287374848672,90780,66.306874304095
-5.976731,60,1426.515547,False,False,0.0640929427788549,64.47214962150017,90840,64.09294277885489
-6.294994,60,1426.523552,False,False,0.0032027340411289,64.6497821617032,90900,3.2027340411289
-5.968667,60,1426.58854,False,False,0.1176492902394867,67.63663309639274,90960,117.6492902394867
-6.446762,60,1430.693011,False,False,0.0225366669626302,57.74198173451896,91020,22.5366669626302
-5.81606,60,1430.693019,False,False,0.0809786316371805,44.54781751040657,91080,80.9786316371805
-6.008011,60,1430.704016,False,False,0.0409921882033358,65.23268368047215,91140,40.9921882033358
-6.541731,60,1430.766015,False,False,0.0697077105476646,67.72874939193454,91200,69.7077105476646
-5.986694,60,1433.974896,False,False,0.084997237637987,48.98807538414045,91260,84.997237637987
-5.738542,60,1433.978899,False,False,0.0798744161515955,27.142199451413983,91320,79.8744161515955
-6.427841,60,1433.984902,False,False,0.029109789822735,83.05606945098731,91380,29.109789822735
-6.512453,60,1434.046905,False,False,0.0212260582491306,34.57511333696309,91440,21.2260582491306
-5.851676,60,1438.22287,False,False,0.0283195439131139,65.10299676722072,91500,28.3195439131139
-6.081198,60,1438.226873,False,False,0.0097080068204626,65.35969048721033,91560,9.7080068204626
-6.136343,60,1438.243874,False,False,0.0178942928000289,51.435435236793765,91620,17.8942928000289
-6.094795,60,1438.300865,False,False,0.0663642369541175,46.885118861404784,91680,66.3642369541175
-5.904312,60,1441.659792,False,False,0.0069839138354395,57.92635853104589,91740,6.9839138354395
-6.515126,60,1441.659796,False,False,0.0154916864313219,65.01842425685585,91800,15.491686431321899
-6.830354,60,1441.6676,False,False,0.0418537145985692,45.38767801319389,91860,41.8537145985692
-7.084977,60,1441.730594,False,False,0.0023212754088994,64.11258424150522,91920,2.3212754088993997
-5.761098,60,1444.986765,False,False,0.0925056918015791,33.34401103416611,91980,92.50569180157909
-5.756513,60,1444.987764,False,False,0.0286468099532994,33.717732457955854,92040,28.6468099532994
-9.913009,60,1444.998765,False,True,0.0465530571037778,47.50409960363579,92100,46.5530571037778
-8.193526,60,1445.06176,False,True,0.0559410435061805,63.75000341950146,92160,55.941043506180506
-6.2436,60,1449.221921,False,False,0.0035961478020137,55.53239070669761,92220,3.5961478020136997
-6.152578,60,1449.223932,False,False,0.0814136535642542,81.14327411628969,92280,81.4136535642542
-7.237206,60,1449.233932,False,False,0.0287385665319291,55.58092279205448,92340,28.738566531929102
-5.946296,60,1449.300925,False,False,0.0459086065222805,35.90564760566686,92400,45.9086065222805
-6.882682,60,1452.562393,False,False,0.0111388991360225,50.876352111145145,92460,11.1388991360225
-5.944084,60,1452.562397,False,False,0.055725475818592,49.43529909057288,92520,55.725475818592
-6.725492,60,1452.577394,False,False,0.0092824871203517,43.45462887577319,92580,9.2824871203517
-6.309509,60,1452.647386,False,False,0.0271421401976024,61.05345506984769,92640,27.142140197602398
-6.629811,60,1456.882081,False,False,0.0341449263940779,61.5983863385163,92700,34.1449263940779
-6.059298,60,1456.884088,False,False,0.0866073462813393,55.33565990395468,92760,86.6073462813393
-5.721546,60,1456.893082,False,False,0.0864883324656297,25.48726545914531,92820,86.4883324656297
-6.150862,60,1456.953074,False,False,0.0492347240871884,49.77642564117297,92880,49.234724087188404
-7.778603,60,1460.225397,False,False,0.0509390117897372,78.94247399098421,92940,50.9390117897372
-6.643612,60,1460.228402,False,False,0.0229814328914246,48.913334311088136,93000,22.9814328914246
-7.778473,60,1460.2394,False,True,0.0449387909348447,68.96547253504372,93060,44.938790934844704
-6.381309,60,1460.304389,False,False,0.0479103332957074,60.40991398612985,93120,47.9103332957074
-6.019846,60,1464.421796,False,False,0.0791253938952764,36.84334098796334,93180,79.1253938952764
-6.226127,60,1464.426805,False,False,0.0349871608117557,58.45300553510422,93240,34.9871608117557
-6.014881,60,1464.437803,False,False,0.0700830400723176,35.330934810841086,93300,70.0830400723176
-6.098131,60,1464.502797,False,False,0.0575925298836489,64.48645978613155,93360,57.5925298836489
-5.93895,60,1467.687711,False,False,0.0322965944360354,28.90296375062782,93420,32.2965944360354
-6.018955,60,1467.687719,False,False,0.0452444153724519,41.4749209044972,93480,45.2444153724519
-6.32944,60,1467.694716,False,False,0.0459064878529258,56.13100134576079,93540,45.9064878529258
-6.644183,60,1467.766703,False,False,0.0364928868654681,33.01564479292034,93600,36.4928868654681
-6.388146,60,1471.951939,False,False,0.0299261128380727,48.871316223354775,93660,29.9261128380727
-6.677909,60,1471.95794,False,False,0.0201370557078009,69.04752809937494,93720,20.137055707800897
-6.450135,60,1471.966939,False,False,0.0205925966262316,36.2651237229605,93780,20.5925966262316
-6.063872,60,1472.03593,False,False,0.0529088218140398,57.0234152041271,93840,52.908821814039804
-5.705558,60,1475.254729,False,False,0.0240834317484978,50.4562622679387,93900,24.0834317484978
-8.40504,60,1475.255725,False,True,0.0182776696093633,48.29226795469082,93960,18.2776696093633
-6.280047,60,1475.268731,False,False,0.0099925489906329,51.615492792105584,94020,9.992548990632901
-6.150524,60,1475.336723,False,False,0.0765027357567824,64.00301426623341,94080,76.5027357567824
-6.292065,60,1479.519234,False,False,0.0332082705715864,50.8827783463342,94140,33.208270571586404
-6.678776,60,1479.526237,False,False,0.0131051877666764,35.147450260340456,94200,13.1051877666764
-6.520181,60,1479.54123,False,False,0.0352407489992851,63.27983896616336,94260,35.2407489992851
-6.106359,60,1479.604224,False,False,0.0624628313202522,59.06782095959791,94320,62.46283132025221
-5.789347,60,1482.922522,False,False,0.0092966855038272,61.19781769698559,94380,9.296685503827199
-5.840664,60,1482.93051,False,False,0.0247309982244023,52.1423813133594,94440,24.7309982244023
-6.656039,60,1482.941507,False,False,0.0046600551173319,47.07937665987551,94500,4.6600551173319
-5.90315,60,1483.004501,False,False,0.0359763903980504,60.52814649420339,94560,35.976390398050405
-7.160582,60,1487.152661,False,False,0.0451722290465284,38.65790033592963,94620,45.1722290465284
-5.9709,60,1487.157661,False,False,0.0580526388752757,51.97595925330331,94680,58.052638875275704
-6.144733,60,1487.170656,False,False,0.0443951835076818,48.98095776470669,94740,44.3951835076818
-5.290418,60,1487.227654,False,False,0.0022310922117855,55.69435516186724,94800,2.2310922117854997
-6.713195,60,1490.511535,False,False,0.0381729775147277,58.97840524123515,94860,38.172977514727705
-6.490192,60,1490.514524,False,False,0.035273820243445,35.83652512150581,94920,35.273820243444995
-7.000891,60,1490.52553,False,False,0.0300828268982806,62.76220620887187,94980,30.0828268982806
-5.923948,60,1490.592519,False,False,0.0897480002343997,44.72795787623471,95040,89.7480002343997
-6.214245,60,1494.730694,False,False,0.0374498225875838,52.21982886521857,95100,37.4498225875838
-7.05645,60,1494.731686,False,False,0.0229284669923259,58.76516124529339,95160,22.9284669923259
-6.054133,60,1494.744691,False,False,0.0186332559725029,58.8302623713917,95220,18.633255972502898
-6.508828,60,1494.807686,False,False,0.0349786586166157,53.71689124035434,95280,34.9786586166157
-5.714129,60,1498.06965,False,False,0.0885090089318696,31.76272477787547,95340,88.5090089318696
-6.704148,60,1498.071656,False,False,0.0018440788929914,77.93480600203672,95400,1.8440788929914
-6.589026,60,1498.082653,False,False,0.0013704911491718,33.096173988722576,95460,1.3704911491718001
-6.020686,60,1498.149642,False,False,0.0433544245879904,37.05531312263479,95520,43.3544245879904
-6.425833,60,1502.300748,False,False,0.0104493482569175,33.318270188688295,95580,10.4493482569175
-6.041199,60,1502.302797,False,False,0.0606438133134373,31.081269886123927,95640,60.6438133134373
-5.939969,60,1502.312795,False,False,0.0775186812260195,47.43325331614804,95700,77.5186812260195
-6.322419,60,1502.376789,False,False,0.0115703010837097,39.15288667718056,95760,11.570301083709701
-6.236165,60,1505.807266,False,False,0.0045215752524461,58.369584677378725,95820,4.521575252446101
-6.268409,60,1505.809263,False,False,0.0026118346556052,35.83484001003111,95880,2.6118346556052
-6.10599,60,1505.824263,False,False,0.0675018378439174,45.13652114463461,95940,67.5018378439174
-5.799484,60,1505.887258,False,False,0.0634330992440903,37.80627176851324,96000,63.43309924409029
-6.683204,60,1509.082257,False,False,0.0192191955494587,64.95419631345779,96060,19.2191955494587
-6.05064,60,1509.088248,False,False,0.0705545965888298,67.52323113131327,96120,70.5545965888298
-5.904006,60,1509.098253,False,False,0.0991380131921275,42.90839077806205,96180,99.1380131921275
-6.138116,60,1509.157248,False,False,0.0201999226065219,42.88083897678004,96240,20.199922606521902
-6.260635,60,1513.391239,False,False,0.0190776163484707,55.64447478350756,96300,19.0776163484707
-6.481966,60,1513.392228,False,False,0.0347763024082194,58.68488993579613,96360,34.7763024082194
-5.918124,60,1513.410224,False,False,0.0434102880074981,60.79837040344218,96420,43.410288007498096
-6.802291,60,1513.473218,False,False,2.6735390146255533e-05,29.024011612347422,96480,0.026735390146255533
-6.58705,60,1516.706444,False,False,0.033541418741592,51.23004272317701,96540,33.541418741592
-5.82303,60,1516.710769,False,False,0.0304099645776353,30.76764505060304,96600,30.4099645776353
-6.430274,60,1516.726066,False,False,0.0252399527159418,48.42448101067588,96660,25.239952715941797
-6.521567,60,1516.790055,False,False,0.0079151982588452,68.43516062091263,96720,7.915198258845201
-5.760545,60,1520.892807,False,False,0.0250174631885813,75.12425373594684,96780,25.0174631885813
-5.836557,60,1520.895794,False,False,0.0319650080305957,43.0346488398527,96840,31.9650080305957
-5.354055,60,1520.907809,False,False,0.0219915620799025,31.49796520286733,96900,21.9915620799025
-6.846973,60,1520.971797,False,False,0.0230315246632312,59.47902606314992,96960,23.0315246632312
-6.877332,60,1524.199273,False,False,0.0186253555589429,79.0206458991523,97020,18.6253555589429
-6.130837,60,1524.20027,False,False,0.0409189508514175,59.45416874626446,97080,40.9189508514175
-6.124488,60,1524.212269,False,False,0.0823297326804821,54.42125257072154,97140,82.32973268048211
-5.800344,60,1524.275263,False,False,0.0633115894413181,55.44495651384149,97200,63.31158944131809
-7.222151,60,1528.381578,False,False,0.0056097844082916,73.47905543093256,97260,5.6097844082916
-7.229816,60,1528.384571,False,False,0.0352480145654251,36.06523746305793,97320,35.248014565425095
-6.509636,60,1528.396576,False,False,0.0615243319305684,45.79222623301148,97380,61.5243319305684
-7.612499,60,1528.463564,False,False,0.0196754671553841,64.33902824936577,97440,19.6754671553841
-6.074155,60,1531.713373,False,False,0.0047936506249668,81.87155769775367,97500,4.7936506249668
-5.778897,60,1531.718429,False,False,0.0232445793566435,48.1806306069178,97560,23.244579356643502
-5.930381,60,1531.731894,False,False,0.0684137031929164,37.48814657452335,97620,68.4137031929164
-6.258329,60,1531.796936,False,False,0.0598054472951178,38.43619294638661,97680,59.8054472951178
-6.16303,60,1535.933518,False,False,0.0441522707399391,58.510764911071625,97740,44.152270739939105
-5.684893,60,1535.938519,False,False,0.0586747291330915,30.498397949792142,97800,58.674729133091496
-7.436867,60,1535.944515,False,False,0.0277348719351901,30.32557641964984,97860,27.7348719351901
-6.504994,60,1536.010514,False,False,0.0652520903314069,62.24571463848734,97920,65.2520903314069
-7.660529,60,1539.281651,False,False,0.0545249758397054,52.323103291410966,97980,54.5249758397054
-6.317569,60,1539.284642,False,False,0.0282708617696675,53.976110150532506,98040,28.2708617696675
-5.837768,60,1539.289646,False,False,0.077850834070363,57.03475604848821,98100,77.850834070363
-7.022324,60,1539.362637,False,False,0.0139370258783899,58.88372913133466,98160,13.9370258783899
-6.796242,60,1543.558925,False,False,0.0701825462309927,47.77771561918379,98220,70.1825462309927
-7.506512,60,1543.558946,False,False,0.0284981826340978,45.41135294812847,98280,28.498182634097798
-5.987592,60,1543.57194,False,False,3.665332457462346e-05,62.00700462899707,98340,0.03665332457462346
-7.127048,60,1543.634934,False,False,0.0179423520893787,38.63222421726971,98400,17.9423520893787
-6.116504,60,1546.8261,False,False,0.0317809914876777,74.5455779470302,98460,31.7809914876777
-6.21166,60,1546.826117,False,False,0.0263575833750065,60.52070525473107,98520,26.3575833750065
-5.881896,60,1546.840119,False,False,0.0200301940537165,61.20191211375381,98580,20.0301940537165
-6.639745,60,1546.901092,False,False,0.0094080154766307,50.26599155340797,98640,9.4080154766307
-5.899688,60,1550.973734,False,False,0.0069209905041786,46.05538323294839,98700,6.9209905041786
-5.397329,60,1550.980757,False,False,0.0014750318386768,59.11794802389655,98760,1.4750318386768
-5.419086,60,1550.987759,False,False,0.0069497930768974,64.22346073412895,98820,6.9497930768974
-7.493058,60,1551.05375,False,False,0.0305273574579785,66.34049920200522,98880,30.5273574579785
-7.604695,60,1554.210167,False,False,0.0262124530140221,58.36299902589862,98940,26.2124530140221
-6.113564,60,1554.21417,False,False,0.0707476945135887,59.9232066682061,99000,70.7476945135887
-5.667512,60,1554.219169,False,False,0.0341547429754972,60.09096636300701,99060,34.1547429754972
-6.205272,60,1554.289163,False,False,0.0715915284220229,80.28626455326082,99120,71.5915284220229
-6.22891,60,1558.423515,False,False,0.0053306054573259,55.72576476264635,99180,5.3306054573259
-6.833242,60,1558.424597,False,False,0.0461434432365429,56.97855409617014,99240,46.1434432365429
-5.800923,60,1558.440791,False,False,0.0236657603741407,74.13450495031445,99300,23.6657603741407
-6.268945,60,1558.503785,False,False,0.0090193282551432,66.1097280101645,99360,9.0193282551432
-6.032107,60,1561.695961,False,False,0.0510091277762801,65.0148983721218,99420,51.009127776280096
-7.208732,60,1561.697967,False,False,0.0495589704927003,53.21923974708972,99480,49.5589704927003
-7.187168,60,1561.708964,False,False,0.0064855786390703,85.41057059927157,99540,6.4855786390703
-6.478124,60,1561.769957,False,False,0.0116034616285325,82.1347002789619,99600,11.6034616285325
-5.524275,60,1564.980322,False,False,0.0341564288644742,60.51254286102653,99660,34.1564288644742
-5.81556,60,1564.985321,False,False,0.0309215103122057,77.15222876985882,99720,30.9215103122057
-5.603561,60,1564.996319,False,False,0.0216534704470054,72.43663614448471,99780,21.6534704470054
-5.432193,60,1565.051308,False,False,0.0165238040590969,47.92526743318846,99840,16.5238040590969
-6.818564,60,1569.193051,False,False,0.0008188921985719,57.04599912870316,99900,0.8188921985719
-6.971834,60,1569.206059,False,False,0.0271504140655642,57.81435682497168,99960,27.150414065564203
-5.63565,60,1569.213053,False,False,0.0088346775386207,58.23012587137041,100020,8.8346775386207
-7.664142,60,1569.275046,False,False,0.0143860608297849,88.80953635128891,100080,14.386060829784899
-6.074557,60,1572.569424,False,False,0.0744731679328918,78.59040499786136,100140,74.4731679328918
-6.479201,60,1572.57143,False,False,0.0342796594765954,72.39348021104347,100200,34.2796594765954
-7.219149,60,1572.582427,False,False,0.0602984188460925,63.713051851701856,100260,60.2984188460925
-6.289182,60,1572.645422,False,False,0.009637257404674,80.85052386655063,100320,9.637257404674001
-6.343534,60,1576.834455,False,False,0.0155033604079074,59.51074586021272,100380,15.5033604079074
-7.251046,60,1576.84146,False,False,0.0216176441901818,69.4123226835877,100440,21.6176441901818
-6.671467,60,1576.852457,False,False,0.0434050127989852,86.79327441413042,100500,43.4050127989852
-6.92614,60,1576.91745,False,False,0.0147612288335952,78.05000960999485,100560,14.761228833595199
-5.757049,60,1580.051991,False,False,0.0151659373410582,84.56602490363089,100620,15.1659373410582
-6.472782,60,1580.052989,False,False,0.0202440201257339,86.29469285762684,100680,20.2440201257339
-8.047583,60,1580.06799,False,True,0.0569414664534649,82.07525674750535,100740,56.9414664534649
-6.325148,60,1580.123991,False,False,0.0331312009520871,60.53689293912279,100800,33.131200952087106
-8.768345,60,1584.211074,False,True,0.0032993093214055,86.97471169931177,100860,3.2993093214055
-7.991206,60,1584.219073,False,True,0.0841200620891694,82.09990932216857,100920,84.12006208916941
-6.922107,60,1584.225072,False,False,0.0147815181170605,83.0440788032895,100980,14.7815181170605
-5.970066,60,1584.285071,False,False,0.0708692207270481,79.32532830265528,101040,70.8692207270481
-6.766847,60,1587.501386,False,False,0.0125060206749212,81.4970808731837,101100,12.5060206749212
-7.454908,60,1587.5024,False,False,0.0337991651002695,88.39135532268969,101160,33.7991651002695
-5.880186,60,1587.514397,False,False,0.0073742760776511,65.95699712217659,101220,7.3742760776511
-6.313257,60,1587.579381,False,False,0.0164574333931332,72.30393409533653,101280,16.4574333931332
-6.052208,60,1591.722878,False,False,0.0506124582696076,48.73544533172942,101340,50.6124582696076
-6.943131,60,1591.722883,False,False,0.0190582986185976,86.84383537183568,101400,19.0582986185976
-5.96078,60,1591.731882,False,False,0.0244757059914592,63.10915308993327,101460,24.4757059914592
-5.313643,60,1591.800873,False,False,0.0260645776758771,59.12649005608898,101520,26.0645776758771
-5.662518,60,1595.001582,False,False,0.0020580294766066,84.80691421509593,101580,2.0580294766066
-5.995138,60,1595.002579,False,False,0.0547797878648839,72.69184987885629,101640,54.7797878648839
-6.60451,60,1595.01258,False,False,0.0096117304916435,73.51415663528819,101700,9.6117304916435
-7.381315,60,1595.080575,False,False,0.0315296211514108,59.9896230655788,101760,31.5296211514108
-6.124618,60,1599.178785,False,False,0.0588236933469145,85.5918612214864,101820,58.8236933469145
-5.78543,60,1599.185791,False,False,0.0498875045190639,79.5269610086727,101880,49.8875045190639
-9.225819,60,1599.191784,False,True,0.0042508346272239,70.87989057611392,101940,4.2508346272239
-9.398674,60,1599.260779,False,True,0.0281212048912585,53.49699993159656,102000,28.1212048912585
-7.845081,60,1602.451266,False,True,0.0494857926713539,62.65247353683933,102060,49.4857926713539
-5.929086,60,1602.452263,False,False,0.089279205639514,87.71239817591602,102120,89.279205639514
-6.315949,60,1602.461264,False,False,0.0803967773765927,86.52962834673629,102180,80.39677737659271
-6.915021,60,1602.531258,False,False,0.0122844962437695,76.42760829719437,102240,12.2844962437695
-6.082381,60,1606.70263,False,False,0.034291698899686,63.37745472667723,102300,34.291698899686004
-8.276978,60,1606.704644,False,True,0.0335262715866377,73.06011667699777,102360,33.5262715866377
-6.647614,60,1606.717631,False,False,0.0158337884441702,84.61989084170406,102420,15.833788444170198
-6.036429,60,1606.779628,False,False,0.0689591748101704,79.56414271041844,102480,68.9591748101704
-6.053727,60,1610.007488,False,False,0.0205681336960204,78.80863160592305,102540,20.5681336960204
-6.504149,60,1610.008483,False,False,0.0420866098303224,73.50586783529818,102600,42.086609830322395
-6.991235,60,1610.016487,False,False,0.0369267379470932,82.09152206577096,102660,36.926737947093194
-6.278886,60,1610.08348,False,False,0.0558738690396782,80.01495853288456,102720,55.8738690396782
-6.807651,60,1614.197131,False,False,0.0363360166935912,67.17481005734425,102780,36.3360166935912
-6.424099,60,1614.20913,False,False,0.0782679377673113,46.341086735381175,102840,78.2679377673113
-6.338636,60,1614.223129,False,False,0.0281385158805356,84.59928897383905,102900,28.1385158805356
-6.922368,60,1614.285126,False,False,0.0268502297064049,77.51524921317768,102960,26.8502297064049
-5.899113,60,1617.55841,False,False,0.0337451804436184,82.63570775356726,103020,33.7451804436184
-6.835776,60,1617.565418,False,False,0.0414778975687738,71.6248241796579,103080,41.4778975687738
-6.628019,60,1617.577411,False,False,0.0446841143948947,64.59101970337491,103140,44.6841143948947
-7.335116,60,1617.638406,False,False,0.0247066047938298,85.76333716943957,103200,24.7066047938298
-6.963805,60,1621.71727,False,False,0.0159720328123107,83.2229260846072,103260,15.9720328123107
-6.966317,60,1621.718278,False,False,0.0134645500595511,79.94778704578952,103320,13.464550059551101
-6.27298,60,1621.726269,False,False,0.0928696027480894,82.39146142072137,103380,92.8696027480894
-6.172978,60,1621.79427,False,False,0.0822966037798205,88.10124273326463,103440,82.2966037798205
-7.24706,60,1625.016575,False,False,0.0109640323174383,73.2530809831121,103500,10.9640323174383
-6.124765,60,1625.016575,False,False,0.0894497967296976,88.34030301255218,103560,89.44979672969761
-6.11798,60,1625.026578,False,False,0.0734564438269389,83.17482635337001,103620,73.45644382693891
-6.127758,60,1625.092572,False,False,0.058215871264347,74.89662749775725,103680,58.215871264347
-7.576829,60,1628.337081,False,False,0.0446569417340901,73.01307304789674,103740,44.6569417340901
-8.679301,60,1628.338082,False,True,0.0681659249728552,83.71656796492839,103800,68.16592497285521
-5.909445,60,1628.350092,False,False,0.0824049194095414,76.00908929807804,103860,82.40491940954139
-6.207239,60,1628.414081,False,False,0.0574412767645266,74.67443492147034,103920,57.4412767645266
-6.654183,60,1632.534471,False,False,0.0222556542596484,76.66678924347748,103980,22.2556542596484
-6.666338,60,1632.538474,False,False,0.0086122915860924,89.50242686911523,104040,8.6122915860924
-6.030011,60,1632.548467,False,False,0.0853937861164548,67.79778297910615,104100,85.3937861164548
-7.44235,60,1632.615464,False,False,0.0257231400177765,82.50154854607848,104160,25.7231400177765
-6.134851,60,1635.925791,False,False,0.0626197134029008,85.25567365377796,104220,62.61971340290081
-6.438212,60,1635.935793,False,False,0.0531508633645795,78.22213275093276,104280,53.1508633645795
-7.355212,60,1635.942794,False,False,0.0117208079106264,70.78857214495329,104340,11.7208079106264
-7.077493,60,1636.006786,False,False,0.0449295648525839,67.1061511002726,104400,44.929564852583894
-6.140276,60,1640.100298,False,False,0.0706598821324152,68.44533222089275,104460,70.65988213241519
-6.665915,60,1640.105295,False,False,0.0293336756336855,85.62088641121065,104520,29.3336756336855
-6.189379,60,1640.111303,False,False,0.0372425774699047,82.89367015931303,104580,37.242577469904695
-9.364631,60,1640.176293,False,True,0.0243276073231622,88.15655185333274,104640,24.327607323162198
-6.238434,60,1643.43781,False,False,0.0621812683130354,84.12105794759246,104700,62.1812683130354
-6.120903,60,1643.440817,False,False,0.0694574265378337,80.00388216002624,104760,69.4574265378337
-6.216351,60,1643.452811,False,False,0.058502957087886,78.71989567445901,104820,58.502957087885996
-6.073712,60,1643.514809,False,False,0.0608218767547999,84.7545843309278,104880,60.8218767547999
-6.228221,60,1647.577435,False,False,0.0482247487257621,87.26439895257455,104940,48.2247487257621
-6.56175,60,1647.579433,False,False,0.0503810212741771,77.92453734099247,105000,50.3810212741771
-5.347566,60,1647.597433,False,False,0.0044310608490124,57.239374957160685,105060,4.4310608490124
-6.57299,60,1647.658426,False,False,0.0151925652714665,88.33745133525419,105120,15.192565271466501
-6.945994,60,1650.965956,False,False,0.0049504863994896,85.89885899632745,105180,4.9504863994896
-5.673654,60,1650.967959,False,False,0.00539420842168,64.12330266915482,105240,5.39420842168
-6.055291,60,1650.982952,False,False,0.1003972825396042,75.64335436811541,105300,100.3972825396042
-6.020653,60,1651.038939,False,False,0.0493326148873127,58.19275578570975,105360,49.3326148873127
-6.263907,60,1655.59849,False,False,0.0315945742135506,84.3258673083581,105420,31.5945742135506
-6.071303,60,1655.60149,False,False,0.1092832073341091,80.25829204792707,105480,109.2832073341091
-6.904169,60,1655.611496,False,False,0.0181106574282377,70.48628612002742,105540,18.1106574282377
-6.241731,60,1655.67449,False,False,0.0921150033490643,69.3625038206423,105600,92.11500334906431
-6.065752,60,1659.221837,False,False,0.1448021647651845,88.85311844395456,105660,144.8021647651845
-5.97731,60,1659.22584,False,False,0.095008588603353,66.0777929290491,105720,95.008588603353
-6.490567,60,1659.240834,False,False,0.0434960524873465,86.36668294045312,105780,43.496052487346496
-6.105704,60,1659.302821,False,False,0.1060297329825691,88.6239639033142,105840,106.0297329825691
-7.48336,60,1663.463861,False,False,0.0428722728710732,72.48755472371154,105900,42.8722728710732
-7.196153,60,1663.472863,False,False,0.0551726705804898,75.38706287519285,105960,55.1726705804898
-6.355501,60,1663.484864,False,False,0.0662433290068898,69.3576945362184,106020,66.2433290068898
-6.307862,60,1663.546855,False,False,0.0063164849077191,88.77025826648446,106080,6.3164849077191
-6.763068,60,1666.843194,False,False,0.0069278729299454,84.71181449657374,106140,6.9278729299454
-5.842047,60,1666.8452,False,False,0.0587436032828107,87.23462459970757,106200,58.743603282810696
-6.776883,60,1666.852194,False,False,0.0294016158420372,77.98207075486233,106260,29.4016158420372
-6.454841,60,1666.921189,False,False,0.0171584594301017,68.82444338014201,106320,17.1584594301017
-6.62269,60,1671.00059,False,False,0.0265310479184763,71.67647505982555,106380,26.5310479184763
-6.263236,60,1671.006591,False,False,0.0150995430923201,85.62198002752413,106440,15.099543092320099
-5.759982,60,1671.020589,False,False,0.0495171000090453,80.87962976194638,106500,49.5171000090453
-6.192612,60,1671.083583,False,False,0.0920620636019858,85.82109811654598,106560,92.0620636019858
-6.85079,60,1674.294615,False,False,0.0082551943078005,77.76836126857367,106620,8.255194307800501
-6.694484,60,1674.299612,False,False,0.0296459658890976,81.21405848192192,106680,29.6459658890976
-5.813447,60,1674.308613,False,False,0.0213559610310518,73.42779512322677,106740,21.355961031051798
-7.872387,60,1674.373604,False,True,0.0544445454859827,81.72481245014116,106800,54.4445454859827
-8.562049,60,1678.541684,False,True,0.0498240692726534,67.87263349818635,106860,49.8240692726534
-6.418738,60,1678.545688,False,False,0.0470241420427283,73.74356604533006,106920,47.0241420427283
-8.289052,60,1678.556685,False,True,0.0658126013007602,87.52707968273641,106980,65.8126013007602
-6.30511,60,1678.619679,False,False,0.0229726308809837,75.41785677885274,107040,22.9726308809837
-5.902893,60,1681.894052,False,False,0.0818551685754199,89.24895841496985,107100,81.8551685754199
-6.093117,60,1681.898055,False,False,0.0619570898041123,63.46139756317694,107160,61.9570898041123
-6.079313,60,1681.913052,False,False,0.0719655352639176,89.16530771982715,107220,71.96553526391759
-6.971478,60,1681.978045,False,False,0.0152414387473146,78.75414965426629,107280,15.2414387473146
-6.693491,60,1685.154419,False,False,0.0433488398598829,73.20310716275223,107340,43.3488398598829
-6.801113,60,1685.160419,False,False,0.0173987439418578,61.30659999576645,107400,17.398743941857802
-6.264473,60,1685.170426,False,False,0.0418458589398896,82.23199049823532,107460,41.8458589398896
-6.256282,60,1685.232414,False,False,0.060374840025629,72.44780956477156,107520,60.374840025629
-6.792718,60,1689.364531,False,False,0.006387967818664,78.93809123433837,107580,6.387967818664
-6.354013,60,1689.368534,False,False,0.0067163675792019,61.28073272497752,107640,6.7163675792019
-6.499225,60,1689.380532,False,False,0.0510805512281042,83.15198391293957,107700,51.0805512281042
-6.039446,60,1689.4463,False,False,0.0538615899263413,62.78237426439811,107760,53.861589926341296
-5.806251,60,1692.626795,False,False,0.0623820677076747,71.18605147143569,107820,62.3820677076747
-6.225306,60,1692.626802,False,False,0.0439719869473057,57.890041479383655,107880,43.971986947305695
-6.918846,60,1692.638799,False,False,0.0233951551239176,74.63594342705872,107940,23.3951551239176
-7.209,60,1692.705791,False,False,0.032303346289094,73.64375722809172,108000,32.303346289094
-6.289828,60,1696.882627,False,False,0.0175987229921083,63.46368426005456,108060,17.5987229921083
-5.980842,60,1696.886631,False,False,0.1136324317469315,67.87472113139164,108120,113.6324317469315
-5.802842,60,1696.898626,False,False,0.0174488889242718,73.86658866669414,108180,17.448888924271802
-6.262843,60,1696.968618,False,False,0.0525174858633451,75.39396996351935,108240,52.5174858633451
-6.935719,60,1700.165583,False,False,0.0041977766523561,88.30081906159522,108300,4.1977766523561
-7.271846,60,1700.169586,False,False,0.0114659380983276,74.14876569664456,108360,11.4659380983276
-7.437213,60,1700.179591,False,False,0.0128426800403852,69.70669703976807,108420,12.8426800403852
-9.239454,60,1700.244576,False,True,0.0109186261755408,77.51140349306449,108480,10.9186261755408
-6.701548,60,1704.310076,False,False,0.0299083683856503,76.54369545381734,108540,29.908368385650302
-6.106018,60,1704.31408,False,False,0.0644532250784402,86.4876003423795,108600,64.4532250784402
-6.003379,60,1704.322089,False,False,0.0499025524013988,75.26461639726638,108660,49.9025524013988
-6.147095,60,1704.382077,False,False,0.0657585604424362,65.00092444869942,108720,65.7585604424362
-6.740118,60,1707.566502,False,False,0.0455524542303794,83.9816550665857,108780,45.552454230379404
-6.62709,60,1707.574493,False,False,0.0121804404237613,87.88598842996929,108840,12.180440423761299
-6.967337,60,1707.584492,False,False,0.0052017390722643,74.62829264243554,108900,5.2017390722643
-6.094517,60,1707.648485,False,False,0.0955449959075088,61.616745630368015,108960,95.54499590750879
-7.74693,60,1711.850386,False,False,0.049399908553255,58.11007773875228,109020,49.399908553254996
-6.510133,60,1711.858381,False,False,0.0121622474141027,47.87567313541836,109080,12.1622474141027
-6.179292,60,1711.869378,False,False,0.0335599317629373,81.08960966043745,109140,33.559931762937296
-10.099126,60,1711.928375,False,True,0.0530438345198184,65.54703777067789,109200,53.043834519818404
-5.981694,60,1715.1695,False,False,0.0758372952917946,80.14501915489721,109260,75.8372952917946
-6.252441,60,1715.174498,False,False,0.038609869423102,62.77287441592549,109320,38.609869423102005
-6.069686,60,1715.185495,False,False,0.0180247406687088,78.68118681982692,109380,18.0247406687088
-6.099629,60,1715.245497,False,False,0.079270336924003,78.07715533987043,109440,79.27033692400299
-6.092355,60,1719.347456,False,False,0.0399021230082901,69.72792213434079,109500,39.902123008290104
-6.158454,60,1719.348461,False,False,0.0577075037793075,75.86584092460504,109560,57.7075037793075
-5.900364,60,1719.36046,False,False,0.1003567018446214,79.5028965656686,109620,100.3567018446214
-5.924426,60,1719.426451,False,False,0.0960148078320894,54.846245058275,109680,96.0148078320894
-6.201266,60,1722.602519,False,False,0.0428621364700811,78.91504402097043,109740,42.862136470081104
-6.550453,60,1722.604526,False,False,0.0118451735600713,69.97354319122857,109800,11.8451735600713
-5.983027,60,1722.614524,False,False,0.0562493565979152,88.15232559352714,109860,56.249356597915195
-6.505733,60,1722.683519,False,False,0.0457706867262973,67.36344997784751,109920,45.7706867262973
-5.992679,60,1726.840425,False,False,0.0576741313618379,69.44078321790745,109980,57.6741313618379
-6.185045,60,1726.849423,False,False,0.0490783416466524,85.65822441591584,110040,49.078341646652405
-5.913212,60,1726.855426,False,False,0.00696277593291,73.45976139294224,110100,6.9627759329100005
-6.194394,60,1726.916419,False,False,0.0544255978400027,59.62507645464622,110160,54.4255978400027
-5.829734,60,1730.124205,False,False,0.0260705014123298,66.07464107436257,110220,26.0705014123298
-6.192073,60,1730.128209,False,False,0.0606264021384475,64.9220351916167,110280,60.6264021384475
-6.151282,60,1730.142203,False,False,0.0816946785994178,88.62960499691145,110340,81.6946785994178
-6.102032,60,1730.200198,False,False,0.0715707435176319,64.13672603946837,110400,71.5707435176319
-6.284413,60,1734.313748,False,False,0.0075500652603415,80.17698527985098,110460,7.5500652603415
-5.681672,60,1734.317751,False,False,0.0437432694109936,70.40034487853345,110520,43.743269410993605
-6.078359,60,1734.329746,False,False,0.0409727463107633,71.63196317150094,110580,40.9727463107633
-6.325948,60,1734.39274,False,False,0.002193502081738,89.27694857099002,110640,2.193502081738
-6.213085,60,1737.644266,False,False,0.018016017835148,66.79667199017406,110700,18.016017835148002
-5.990934,60,1737.644267,False,False,0.0318844202948151,89.98045180775513,110760,31.8844202948151
-5.875527,60,1737.656269,False,False,0.0478342345796486,86.0395300138142,110820,47.8342345796486
-5.990162,60,1737.717261,False,False,0.0141583958770428,48.064374516764765,110880,14.1583958770428
-5.961953,60,1741.825428,False,False,0.0114181327311218,59.92665812689915,110940,11.4181327311218
-5.591453,60,1741.836413,False,False,0.0193906171310019,69.09343577894998,111000,19.3906171310019
-6.046403,60,1741.848415,False,False,0.059779148055761,62.08803024589864,111060,59.779148055761
-5.98027,60,1741.903423,False,False,0.0938132362636223,75.04355137254844,111120,93.8132362636223
-6.459887,60,1745.066681,False,False,0.037529086836551,74.25457822958222,111180,37.529086836550995
-6.219735,60,1745.073684,False,False,0.0497119463199849,79.2558367977733,111240,49.7119463199849
-7.768033,60,1745.075687,False,False,0.0440782299201789,73.86708212074792,111300,44.0782299201789
-6.072316,60,1745.144676,False,False,0.0638687079188173,65.12785939320158,111360,63.8687079188173
-6.801351,60,1748.33789,False,False,0.0053207184222015,51.20079661248932,111420,5.3207184222015
-6.149167,60,1748.340897,False,False,0.062017715878445,78.69282841452174,111480,62.017715878444996
-6.170186,60,1748.351894,False,False,0.0017009743983867,62.24308390136392,111540,1.7009743983867
-6.460254,60,1748.41289,False,False,0.0414701735380515,79.31486747817505,111600,41.4701735380515
-6.324638,60,1752.502741,False,False,0.0136728573494705,50.27273227517629,111660,13.6728573494705
-7.728939,60,1752.505748,False,False,0.0371150167170568,76.18171565463034,111720,37.1150167170568
-5.923094,60,1752.514753,False,False,0.0088729689961892,69.82449396185429,111780,8.8729689961892
-6.196775,60,1752.580736,False,False,0.0002129159795838,63.91357032097849,111840,0.21291597958379999
-6.008685,60,1755.911579,False,False,0.0648225319133871,51.44286056726152,111900,64.82253191338711
-6.74007,60,1755.920582,False,False,0.0470079876344285,85.70782284673886,111960,47.007987634428495
-7.179326,60,1755.929583,False,False,0.0420154948642293,89.73683004863332,112020,42.0154948642293
-6.444386,60,1755.996571,False,False,0.0520317442624545,62.52245585027344,112080,52.0317442624545
-5.670537,60,1760.083166,False,False,0.0125760376716545,72.15735779562958,112140,12.576037671654499
-6.820407,60,1760.08917,False,False,0.0161938698426134,66.10283479749948,112200,16.1938698426134
-6.074548,60,1760.093172,False,False,0.0249352681648367,58.501726046380455,112260,24.9352681648367
-7.403975,60,1760.161161,False,False,0.0148715382505817,66.49709740242896,112320,14.8715382505817
-7.290485,60,1763.370254,False,False,0.0204457566998537,71.12872256819955,112380,20.445756699853703
-6.382863,60,1763.377256,False,False,0.0445185792755037,64.2177119923825,112440,44.5185792755037
-6.039259,60,1763.385255,False,False,0.0559748931466037,62.30791950206224,112500,55.9748931466037
-6.080853,60,1763.451248,False,False,0.0025308003382771,75.86948298260234,112560,2.5308003382771003
-5.903399,60,1767.619192,False,False,0.0656993867521061,69.66666965284661,112620,65.6993867521061
-7.025271,60,1767.628194,False,False,0.0500582694890978,66.8237681087347,112680,50.058269489097796
-5.923292,60,1767.640193,False,False,0.04936997674164,86.36437674068212,112740,49.36997674164
-5.900966,60,1767.705183,False,False,0.0432013289346828,65.88741511968905,112800,43.2013289346828
-7.435635,60,1770.937674,False,False,0.0209525102594321,73.76977281179968,112860,20.952510259432103
-7.911965,60,1770.939663,False,True,0.0008228857502302,69.04702354083234,112920,0.8228857502301999
-5.872495,60,1770.95067,False,False,0.0084150066062644,65.45788130736375,112980,8.4150066062644
-6.106082,60,1771.012664,False,False,0.1353345126959319,86.93617919084807,113040,135.33451269593192
-6.16593,60,1775.10036,False,False,0.0844640189151596,70.36468140900678,113100,84.4640189151596
-6.03305,60,1775.103364,False,False,0.0840616163337237,85.10003948953083,113160,84.06161633372369
-7.408036,60,1775.116364,False,False,0.0186207332323097,61.361250482229856,113220,18.6207332323097
-5.939502,60,1775.183348,False,False,0.0181591748940165,58.85268024901018,113280,18.1591748940165
-6.105493,60,1778.436118,False,False,0.0444387131278651,66.13160104580462,113340,44.4387131278651
-6.026036,60,1778.445124,False,False,0.13541898828248,70.30436680768973,113400,135.41898828248
-6.127697,60,1778.454128,False,False,0.007024727852595,60.12569479905388,113460,7.024727852595
-6.624481,60,1778.519116,False,False,0.0172499555423934,60.01722842157727,113520,17.249955542393398
-5.747719,60,1782.595628,False,False,0.0482232580985605,57.23065337945112,113580,48.2232580985605
-6.408578,60,1782.605631,False,False,0.0404908459285717,76.60602750471368,113640,40.4908459285717
-7.99889,60,1782.612631,False,True,0.0647653510589798,84.34391173578324,113700,64.7653510589798
-6.152202,60,1782.676625,False,False,0.0752930853317282,68.68667043511664,113760,75.2930853317282
-6.057189,60,1785.878562,False,False,0.0095167957083394,76.64387070342593,113820,9.516795708339401
-6.479351,60,1785.884566,False,False,0.0361179567983745,73.26854973715913,113880,36.1179567983745
-6.29365,60,1785.89756,False,False,0.0391665603408542,59.69489198192927,113940,39.166560340854204
-6.850908,60,1785.957565,False,False,0.0119230526742272,79.12465985106029,114000,11.9230526742272
-7.315009,60,1790.133931,False,False,0.0248059097332746,49.509380780254574,114060,24.8059097332746
-6.582632,60,1790.138932,False,False,0.0049047734586962,72.41339883259322,114120,4.904773458696201
-6.732635,60,1790.14993,False,False,0.0391410230513188,77.63769586909402,114180,39.1410230513188
-6.66989,60,1790.210928,False,False,0.0226870786082794,62.49593776344001,114240,22.6870786082794
-6.968995,60,1793.482354,False,False,0.0204293006107075,80.5187709433442,114300,20.4293006107075
-6.727055,60,1793.486357,False,False,0.044534717104498,63.15183722086795,114360,44.534717104498
-6.337285,60,1793.500457,False,False,0.0642059620697316,71.87977703558391,114420,64.2059620697316
-7.444447,60,1793.56544,False,False,0.0128029187929143,62.546881303856,114480,12.8029187929143
-6.06094,60,1797.70991,False,False,0.0653493239091473,72.70732375633408,114540,65.3493239091473
-5.757964,60,1797.712919,False,False,0.0276387397647413,74.61642307052105,114600,27.6387397647413
-6.01313,60,1797.722915,False,False,0.0649392481163094,55.950581520187086,114660,64.9392481163094
-7.227773,60,1797.784913,False,False,0.0171853848626584,70.44400505408223,114720,17.185384862658402
-6.500385,60,1801.133423,False,False,0.0508915807890263,57.09142734229851,114780,50.8915807890263
-6.142918,60,1801.138425,False,False,0.0970921489493924,75.93408924918405,114840,97.0921489493924
-6.174924,60,1801.148424,False,False,0.0038957214283975,51.7056000859989,114900,3.8957214283975
-7.008295,60,1801.211418,False,False,0.008304761967621,60.15546957492883,114960,8.304761967621
-7.136448,60,1804.519436,False,False,0.023998954399114,65.5545872467528,115020,23.998954399114
-6.322724,60,1804.520456,False,False,0.0678880917070202,60.71618461298949,115080,67.88809170702021
-6.249532,60,1804.531453,False,False,0.0041270604293315,51.40666516963185,115140,4.1270604293315
-5.987857,60,1804.597431,False,False,0.1122311365803206,63.20855219144895,115200,112.23113658032061
-6.032925,60,1808.773948,False,False,0.0710769633781088,69.66361520440176,115260,71.0769633781088
-7.502656,60,1808.777951,False,False,0.0327252442748199,66.20406928571654,115320,32.72524427481989
-6.102192,60,1808.792944,False,False,0.0145757720268483,71.39801753541187,115380,14.5757720268483
-6.325889,60,1808.851943,False,False,0.0784782722759382,83.37889768073919,115440,78.47827227593821
-6.334699,60,1812.117212,False,False,0.003036860916176,73.2829763484987,115500,3.036860916176
-6.095171,60,1812.119218,False,False,0.0819946824204963,67.31727708379692,115560,81.9946824204963
-6.358882,60,1812.126211,False,False,0.0621240701757508,74.23035737121833,115620,62.1240701757508
-6.863787,60,1812.194207,False,False,0.0066240444352659,71.28364445943389,115680,6.624044435265899
-7.299588,60,1816.342364,False,False,0.0140288018055017,84.06050962046228,115740,14.0288018055017
-6.21117,60,1816.342372,False,False,0.0510932609787225,75.26040090752159,115800,51.0932609787225
-6.405757,60,1816.35637,False,False,0.0160695714782647,50.491474982069874,115860,16.0695714782647
-6.049043,60,1816.417365,False,False,0.0624561391867886,83.81999890536913,115920,62.4561391867886
-6.035919,60,1819.702246,False,False,0.110829090771313,84.89249858295858,115980,110.829090771313
-6.002276,60,1819.707251,False,False,0.1166188683754666,87.57796756456064,116040,116.6188683754666
-5.964503,60,1819.719232,False,False,0.0946608861891111,78.48034939610972,116100,94.6608861891111
-6.047954,60,1819.780241,False,False,0.0417313424998446,74.67920280708591,116160,41.7313424998446
-6.58935,60,1823.958014,False,False,0.0208319303901523,74.87296615700646,116220,20.8319303901523
-6.941301,60,1823.964013,False,False,0.010058209162204,61.9587988890429,116280,10.058209162204001
-7.517998,60,1823.976009,False,False,0.0171784714516674,73.71544066823859,116340,17.1784714516674
-6.05732,60,1824.039003,False,False,0.0959830052951122,56.71748281916676,116400,95.98300529511219
-6.068055,60,1827.260708,False,False,0.0552868175797132,80.41093659940853,116460,55.2868175797132
-7.028143,60,1827.267707,False,False,0.0303240594691044,77.0094412859051,116520,30.3240594691044
-6.035468,60,1827.275709,False,False,0.0665427010085459,89.93310356718985,116580,66.54270100854589
-5.894638,60,1827.339703,False,False,0.077000567506168,87.23830046161093,116640,77.000567506168
-6.434253,60,1831.547977,False,False,0.0217059929688594,78.40177999730903,116700,21.705992968859398
-6.497809,60,1831.552978,False,False,0.0644125521932167,88.61174617370146,116760,64.4125521932167
-6.404139,60,1831.562978,False,False,0.0209559286216041,81.72554982031563,116820,20.9559286216041
-7.383003,60,1831.62697,False,False,0.010014964114133,74.92724082720005,116880,10.014964114132999
-6.006335,60,1834.870711,False,False,0.072101918452686,89.50484174346704,116940,72.10191845268601
-6.792272,60,1834.878711,False,False,0.039342615427651,71.39739455759282,117000,39.342615427651005
-6.842219,60,1834.889709,False,False,0.0352768204043099,74.52703503174756,117060,35.2768204043099
-6.545199,60,1834.951703,False,False,0.0361466797684161,80.30673838581622,117120,36.1466797684161
-6.008649,60,1839.003666,False,False,0.0921310278750417,79.72277698996467,117180,92.1310278750417
-6.810447,60,1839.007669,False,False,0.0107260218100327,78.09643505287072,117240,10.7260218100327
-6.130293,60,1839.01966,False,False,0.0492138032152522,70.92243458366937,117300,49.2138032152522
-6.003767,60,1839.083652,False,False,0.0909672442581619,77.44905847434066,117360,90.9672442581619
-6.87968,60,1842.269087,False,False,0.0106669077044481,83.75110733440911,117420,10.6669077044481
-6.373098,60,1842.26909,False,False,0.0046717152403238,86.55462961138146,117480,4.6717152403238
-6.39965,60,1842.283088,False,False,0.0530321987698377,76.65211226875911,117540,53.032198769837706
-6.022468,60,1842.341084,False,False,0.0915762539055891,84.72877015712686,117600,91.5762539055891
-6.106197,60,1846.569798,False,False,0.0785922971505812,84.3523474096926,117660,78.5922971505812
-7.195315,60,1846.573792,False,False,0.0286033152768756,71.13963415576852,117720,28.6033152768756
-6.224659,60,1846.584791,False,False,0.0243982634290285,73.66729538202158,117780,24.3982634290285
-6.041928,60,1846.654786,False,False,0.1333219352875607,87.76442284284711,117840,133.3219352875607
-6.566542,60,1850.304041,False,False,0.0045129969320461,73.21892765663776,117900,4.5129969320461
-6.271937,60,1850.305046,False,False,0.0341050347254894,76.51322451508024,117960,34.105034725489396
-6.027167,60,1850.318043,False,False,0.0547551655092402,80.39227485230646,118020,54.7551655092402
-6.631033,60,1850.380037,False,False,0.0272860235859871,88.67240353968202,118080,27.2860235859871
-7.086441,60,1854.817726,False,False,0.0066241492600527,84.26030229676124,118140,6.6241492600527
-6.166292,60,1854.823726,False,False,0.068310226513148,86.05335402580162,118200,68.310226513148
-6.587519,60,1854.830722,False,False,0.0034709684950751,77.26107280558487,118260,3.4709684950751
-7.177288,60,1854.891718,False,False,0.0157423920877874,65.06008341519926,118320,15.7423920877874
-6.202161,60,1858.193049,False,False,0.0011551619887645,80.26783406906749,118380,1.1551619887645
-5.828499,60,1858.196053,False,False,0.0435207838353169,76.12867478888094,118440,43.5207838353169
-5.977341,60,1858.211048,False,False,0.0427182250346122,82.34597091901702,118500,42.7182250346122
-7.539425,60,1858.275037,False,False,0.0203418540039718,89.05374650997847,118560,20.3418540039718
-6.316722,60,1862.271657,False,False,0.0707505662190568,70.04963840636778,118620,70.75056621905681
-6.64913,60,1862.273653,False,False,0.0117531214178645,80.96135772476302,118680,11.7531214178645
-6.11996,60,1862.286653,False,False,0.0297149371354845,75.06232250825062,118740,29.714937135484497
-6.0381,60,1862.34865,False,False,0.0688119486418516,85.0390910183384,118800,68.8119486418516
-6.002136,60,1865.533549,False,False,0.084249929783939,79.73208400076884,118860,84.249929783939
-5.732368,60,1865.539547,False,False,0.0340433004499924,85.4706943004031,118920,34.0433004499924
-6.059062,60,1865.549546,False,False,0.0159378222172383,77.7555007124756,118980,15.9378222172383
-5.992235,60,1865.615536,False,False,0.0188441826086441,79.80555525202642,119040,18.8441826086441
-7.485636,60,1868.79638,False,False,0.0304074139435586,76.66467482242503,119100,30.407413943558602
-6.458538,60,1868.805383,False,False,0.0452845380076433,88.69085613462585,119160,45.2845380076433
-7.425636,60,1868.812381,False,False,0.0242540341151817,67.25284745691967,119220,24.254034115181703
-6.298269,60,1868.879375,False,False,0.043804240609556,85.09895250298158,119280,43.804240609556
-6.621849,60,1873.120465,False,False,0.0138949084380303,83.3617594296975,119340,13.894908438030301
-6.12369,60,1873.128464,False,False,0.0572467533071243,86.63655626202488,119400,57.2467533071243
-6.035442,60,1873.140473,False,False,0.0396863917253663,80.9093545571144,119460,39.686391725366306
-5.527321,60,1873.19846,False,False,0.0090646922785815,79.62802915981447,119520,9.0646922785815
-6.192213,60,1876.45164,False,False,0.0444133774451403,76.36121615242152,119580,44.4133774451403
-6.251258,60,1876.457639,False,False,0.0042942449514909,72.00966215229043,119640,4.2942449514909
-5.97731,60,1876.465641,False,False,0.1106861158299098,80.9749273963246,119700,110.6861158299098
-6.71822,60,1876.528635,False,False,0.0528889497445029,88.97966601191662,119760,52.8889497445029
-6.093535,60,1880.729212,False,False,0.1031316341022401,74.36496622031918,119820,103.1316341022401
-6.248037,60,1880.729215,False,False,0.053391642173581,85.95308358514532,119880,53.391642173581
-6.589596,60,1880.745208,False,False,0.0116189608323366,63.88495854151664,119940,11.618960832336601
-6.379642,60,1880.80721,False,False,0.0280137673691705,65.76078710442592,120000,28.013767369170502
-6.499548,60,1884.007502,False,False,0.0014310695066029,67.7363935560683,120060,1.4310695066029
-6.312915,60,1884.008749,False,False,0.0117879754082612,84.64949200302205,120120,11.7879754082612
-7.37081,60,1884.02375,False,False,0.0232252399552782,75.11758497957692,120180,23.225239955278198
-6.225399,60,1884.086744,False,False,0.0441061897931888,74.32414910327385,120240,44.106189793188804
-6.372747,60,1888.203612,False,False,0.048305009120327,74.99284401736918,120300,48.305009120327
-5.800228,60,1888.207605,False,False,0.0315962210479697,87.25569489788471,120360,31.5962210479697
-6.117327,60,1888.213608,False,False,0.0732126522463768,85.5193109148197,120420,73.21265224637679
-5.6835,60,1888.2856,False,False,0.0057773202126919,78.02379670414614,120480,5.7773202126919
-6.125288,60,1891.530898,False,False,0.0171528072860863,77.30801779050717,120540,17.1528072860863
-6.507975,60,1891.535903,False,False,0.0281883380678992,77.87646668657015,120600,28.1883380678992
-5.97913,60,1891.544902,False,False,0.088383004627937,88.32317143054424,120660,88.383004627937
-6.074162,60,1891.608893,False,False,0.0754401234838715,81.38521259514114,120720,75.4401234838715
-5.955201,60,1895.729105,False,False,0.0121938690925354,75.55348007149698,120780,12.193869092535401
-6.477295,60,1895.735105,False,False,0.0032558159551436,84.46484297118903,120840,3.2558159551436
-7.113385,60,1895.744106,False,False,0.0275970538970386,82.63326578429039,120900,27.5970538970386
-5.861308,60,1895.811093,False,False,0.039804689242661,85.42100769805734,120960,39.804689242661
-6.080807,60,1898.968615,False,False,0.0719560812045303,77.31093374263521,121020,71.9560812045303
-5.936816,60,1898.970618,False,False,0.0237034894804953,84.98977443402549,121080,23.7034894804953
-6.668358,60,1898.984615,False,False,0.0236225332526529,84.13694232590657,121140,23.6225332526529
-5.820967,60,1899.042611,False,False,0.035337732569033,71.5730255049807,121200,35.337732569033
-6.653445,60,1903.242082,False,False,0.0343993234905987,74.78202156411936,121260,34.399323490598704
-6.52821,60,1903.247083,False,False,0.0585431604603299,86.08048837389609,121320,58.5431604603299
-7.305453,60,1903.25808,False,False,0.0224494104752198,87.16394752863924,121380,22.4494104752198
-7.10857,60,1903.317077,False,False,0.0242732342903857,87.13833021018532,121440,24.273234290385698
-5.853637,60,1906.517551,False,False,0.0697667233584865,85.44951827273938,121500,69.76672335848649
-6.799692,60,1906.526555,False,False,0.0198387822029727,72.2636376801116,121560,19.838782202972702
-5.69257,60,1906.538552,False,False,0.0510076087097685,77.1506571544235,121620,51.0076087097685
-7.39783,60,1906.595546,False,False,0.0150387214104632,75.25527599639821,121680,15.0387214104632
-5.869014,60,1910.750594,False,False,0.0461362893895687,82.43794694397984,121740,46.1362893895687
-6.344048,60,1910.751586,False,False,0.0445628268896616,67.67514124010768,121800,44.5628268896616
-5.7075,60,1910.763598,False,False,0.0160985449377004,65.53686266057171,121860,16.0985449377004
-5.921758,60,1910.826592,False,False,0.0134617717718812,87.14137638473791,121920,13.4617717718812
-6.152277,60,1913.960917,False,False,0.0157930556735228,88.81597281967028,121980,15.793055673522801
-7.531928,60,1913.97092,False,False,0.0153508045877422,88.15261273802186,122040,15.3508045877422
-6.829675,60,1913.982916,False,False,0.0241786824007245,84.52042149059628,122100,24.178682400724497
-6.337772,60,1914.042916,False,False,0.0018162249596053,83.77069566758492,122160,1.8162249596053
-7.023311,60,1918.183347,False,False,0.0359817626146414,82.68741299360941,122220,35.981762614641404
-7.226364,60,1918.187351,False,False,0.0008083023130035,84.97252441918987,122280,0.8083023130035
-6.303181,60,1918.198348,False,False,0.0374097355699416,66.41535779223227,122340,37.4097355699416
-6.279107,60,1918.25534,False,False,0.048040510184569,82.54371820898596,122400,48.040510184569
-7.301026,60,1921.506777,False,False,0.0107417664135359,70.02925708707521,122460,10.741766413535899
-5.770992,60,1921.51078,False,False,0.0374397332720837,85.4366894407499,122520,37.4397332720837
-5.932682,60,1921.519782,False,False,0.0901278865755704,88.05163084623614,122580,90.1278865755704
-6.650254,60,1921.583774,False,False,0.0724153116815811,75.85579316220216,122640,72.41531168158109
-5.887985,60,1924.828903,False,False,0.0312819536484909,86.13559500028721,122700,31.2819536484909
-6.901847,60,1924.834906,False,False,0.0749983499153707,85.98043200210083,122760,74.9983499153707
-6.131501,60,1924.844901,False,False,0.0658965998647201,88.38032484579686,122820,65.8965998647201
-7.232996,60,1924.9059,False,False,0.0167058836875328,82.90046088692912,122880,16.7058836875328
-7.209927,60,1929.004141,False,False,0.0129804158214641,81.65632028897882,122940,12.980415821464101
-7.109213,60,1929.007136,False,False,0.0174734066081411,79.57243243662225,123000,17.4734066081411
-6.94409,60,1929.017133,False,False,0.0197484974965654,89.74365111990234,123060,19.7484974965654
-6.062673,60,1929.086127,False,False,0.0185371613748752,87.20977819661796,123120,18.5371613748752
-6.212117,60,1932.339807,False,False,0.0111260143306884,88.98434880763455,123180,11.1260143306884
-6.034603,60,1932.347806,False,False,0.0180060268044169,74.72614994051014,123240,18.006026804416898
-6.459949,60,1932.358804,False,False,0.02326227418647,82.18848839158214,123300,23.26227418647
-6.658418,60,1932.424791,False,False,0.0088955291246149,82.22499980819744,123360,8.8955291246149
-6.789949,60,1936.548452,False,False,0.0459133001751822,83.63262239215233,123420,45.9133001751822
-6.259297,60,1936.55145,False,False,0.1013618372096205,84.62438126637795,123480,101.3618372096205
-7.175042,60,1936.565452,False,False,0.0089733407814714,87.35838195135948,123540,8.9733407814714
-5.819733,60,1936.62745,False,False,0.0481723545723487,85.27243138547577,123600,48.172354572348695
-6.865214,60,1940.164683,False,False,0.0203653778981427,71.12524745278907,123660,20.3653778981427
-6.025901,60,1940.175684,False,False,0.0503358039236415,59.55330347290863,123720,50.3358039236415
-6.092776,60,1940.180683,False,False,0.0595322176147507,88.37100316000796,123780,59.5322176147507
-6.381882,60,1940.248674,False,False,0.0185725254179589,87.67948509961063,123840,18.5725254179589
-5.669775,60,1944.367167,False,False,0.0430435538775935,74.89405874364847,123900,43.0435538775935
-6.491569,60,1944.377168,False,False,0.0494379610266667,85.14663551783558,123960,49.4379610266667
-6.240502,60,1944.383881,False,False,0.0173394440620859,88.34247814729737,124020,17.339444062085903
-5.963886,60,1944.453157,False,False,0.0329303541000845,87.69550175158325,124080,32.9303541000845
-5.755499,60,1947.681028,False,False,0.050419575229244,79.60675586266963,124140,50.419575229244
-6.115993,60,1947.685031,False,False,0.0118913611567828,61.516391073915706,124200,11.8913611567828
-6.591247,60,1947.693041,False,False,0.0256532070746499,68.15742069119322,124260,25.653207074649902
-6.211125,60,1947.760024,False,False,0.0632196965024952,72.67711205973035,124320,63.219696502495204
-5.439787,60,1951.949032,False,False,0.0055205185242328,82.12390589327022,124380,5.520518524232799
-5.763772,60,1951.951034,False,False,0.0539415570229639,81.69377830753352,124440,53.941557022963906
-5.693013,60,1951.958041,False,False,0.0305110174626635,87.80622391856829,124500,30.5110174626635
-6.201062,60,1952.02403,False,False,0.0131382804291464,84.3514584888656,124560,13.1382804291464
-5.522843,60,1955.335082,False,False,0.038376045992194,84.19297917564658,124620,38.376045992194
-6.229288,60,1955.341078,False,False,0.0459210844787731,78.62241327753368,124680,45.921084478773096
-6.287891,60,1955.351081,False,False,0.0132354008123414,79.44176924790933,124740,13.2354008123414
-5.244658,60,1955.412079,False,False,0.0067872324510264,77.85172754751302,124800,6.7872324510264
-5.947832,60,1959.520406,False,False,0.0126569992669403,80.8692471578614,124860,12.6569992669403
-5.349126,60,1959.525414,False,False,0.0025564479265243,82.59973392614509,124920,2.5564479265243
-6.092302,60,1959.532418,False,False,0.0232469831664949,89.73429838175673,124980,23.2469831664949
-6.537451,60,1959.597413,False,False,0.0422798361895392,82.98568615680367,125040,42.279836189539196
-6.850897,60,1962.912922,False,False,0.0214350329251161,76.41425388391391,125100,21.4350329251161
-6.570555,60,1962.916925,False,False,0.0224581644356925,79.39494420551284,125160,22.4581644356925
-7.016338,60,1962.921316,False,False,0.0264221541609445,75.26281593267024,125220,26.4221541609445
-5.669811,60,1962.983322,False,False,0.002964630779677,89.76912451263564,125280,2.964630779677
-6.16791,60,1967.215837,False,False,0.0322629754346989,83.12887507827067,125340,32.2629754346989
-7.08191,60,1967.217834,False,False,0.0140701219498416,87.47314983906789,125400,14.0701219498416
-6.858321,60,1967.226835,False,False,0.0188893484553447,85.86562579850306,125460,18.8893484553447
-7.935731,60,1967.288828,False,False,0.0572914052120195,84.73410553144846,125520,57.291405212019505
-6.019978,60,1970.739187,False,False,0.079228487348742,82.34270867978204,125580,79.228487348742
-7.379762,60,1970.745195,False,False,0.0172006280322833,79.8265686269743,125640,17.2006280322833
-6.404009,60,1970.754188,False,False,0.0386503681307101,89.36664786715814,125700,38.6503681307101
-7.250233,60,1970.814191,False,False,0.0389222419788447,88.92738759856167,125760,38.9222419788447
-5.999006,60,1974.862813,False,False,0.0749538191546835,83.71159219004998,125820,74.95381915468349
-6.375085,60,1974.868814,False,False,0.0328265745744503,88.45302268688215,125880,32.8265745744503
-6.277637,60,1974.875819,False,False,0.0507825165370642,86.76841372616542,125940,50.7825165370642
-6.257425,60,1974.941805,False,False,0.0120972938878081,89.35201344460292,126000,12.0972938878081
-5.787451,60,1978.1618,False,False,0.0473965859283518,83.01347668872337,126060,47.396585928351804
-6.083711,60,1978.167792,False,False,0.0089661869579892,85.26556414389869,126120,8.9661869579892
-6.432146,60,1978.177792,False,False,0.00057170232933,84.13838627651653,126180,0.57170232933
-5.793587,60,1978.236673,False,False,0.0063911520447413,87.67411307658232,126240,6.3911520447412995
-6.290505,60,1982.361105,False,False,0.0442252423674583,82.55221382691442,126300,44.2252423674583
-5.842714,60,1982.3681,False,False,0.0445957884926297,89.25970751328393,126360,44.5957884926297
-6.292728,60,1982.3781,False,False,0.037178152699682,80.40617789725968,126420,37.178152699682
-6.480495,60,1982.435083,False,False,0.025634108597072,84.83482646503816,126480,25.634108597072
-6.216845,60,1985.650349,False,False,0.0353226717607002,88.11687112396835,126540,35.322671760700196
-7.239981,60,1985.655353,False,False,0.0268445034718477,82.75966532115055,126600,26.8445034718477
-6.003084,60,1985.658354,False,False,0.1129937450112485,75.94761134714531,126660,112.99374501124849
-5.559965,60,1985.726346,False,False,0.0001453477776971,87.81163597914382,126720,0.1453477776971
-6.013769,60,1988.946703,False,False,0.087026938099874,88.50272877810121,126780,87.026938099874
-5.871072,60,1988.953705,False,False,0.0432167829091253,85.91384792989363,126840,43.2167829091253
-5.51841,60,1988.9637,False,False,0.0415260636962621,75.55309005116385,126900,41.5260636962621
-6.97097,60,1989.027696,False,False,0.0122259386614027,76.41880487669306,126960,12.2259386614027
-6.307769,60,1993.182924,False,False,0.0147998281468481,75.79548023065435,127020,14.799828146848101
-6.541086,60,1993.187926,False,False,0.0614644673766481,70.76683655215469,127080,61.4644673766481
-7.522425,60,1993.199922,False,False,0.0395599633432225,83.96035476360908,127140,39.5599633432225
-6.918197,60,1993.258917,False,False,0.0502960659549501,77.55645491197448,127200,50.2960659549501
-6.95916,60,1996.444819,False,False,0.0571049709392509,85.56143447652093,127260,57.1049709392509
-5.801721,60,1996.445829,False,False,0.0376623005544555,79.03287474508815,127320,37.6623005544555
-6.542346,60,1996.452821,False,False,0.0153350476594906,87.12866879206867,127380,15.3350476594906
-9.733457,60,1996.522814,False,True,0.0475477053480214,80.68114440787512,127440,47.5477053480214
-6.642982,60,2000.731159,False,False,0.0048996795208655,86.11882670281626,127500,4.8996795208655
-7.323445,60,2000.733157,False,False,0.0157027348196654,76.6472471217672,127560,15.702734819665402
-6.485113,60,2000.746148,False,False,0.0238705851563516,73.20446409411969,127620,23.870585156351602
-6.61879,60,2000.816142,False,False,0.0443166702958004,79.86118045196527,127680,44.3166702958004
-6.270643,60,2004.02679,False,False,0.0062776509340311,80.2131070401981,127740,6.2776509340311
-6.109747,60,2004.027793,False,False,0.0408438248458481,75.49784372552848,127800,40.843824845848104
-6.517916,60,2004.036794,False,False,0.0059579061202219,81.4644387826256,127860,5.9579061202219
-6.303137,60,2004.107785,False,False,0.0602410194155755,81.28106321290228,127920,60.2410194155755
-6.025897,60,2008.157421,False,False,0.024263735799117,86.47914203223426,127980,24.263735799117
-6.075522,60,2008.160427,False,False,0.0482537135568573,79.59067935998651,128040,48.2537135568573
-6.615428,60,2008.170427,False,False,0.0164394190466397,89.26790615249999,128100,16.4394190466397
-7.054992,60,2008.234419,False,False,0.0151851277161814,85.31117517633,128160,15.1851277161814
-6.280754,60,2011.472903,False,False,0.007584006068637,84.82059991988694,128220,7.584006068637
-7.35529,60,2011.476906,False,False,0.0351103148193116,80.11101556578483,128280,35.110314819311604
-6.024707,60,2011.485904,False,False,0.0323102248238017,83.54628025138713,128340,32.3102248238017
-6.514661,60,2011.55389,False,False,3.990222099001933e-05,87.24923774907286,128400,0.03990222099001933
-6.310666,60,2015.617743,False,False,0.064172895288787,83.58324686096843,128460,64.172895288787
-7.116183,60,2015.626744,False,False,0.0045313054596556,80.03376148773042,128520,4.5313054596556
-6.330973,60,2015.638739,False,False,0.0358134120171027,88.30675564555908,128580,35.8134120171027
-6.573886,60,2015.694747,False,False,0.025062066369676,87.756179808657,128640,25.062066369676
-6.610632,60,2018.898111,False,False,0.0478530507016559,84.45230241623513,128700,47.8530507016559
-7.907243,60,2018.902114,False,False,0.0487354430897934,80.62441346106036,128760,48.7354430897934
-7.378362,60,2018.911106,False,False,0.0294478443416314,86.41452607459453,128820,29.447844341631402
-8.987611,60,2018.975106,False,True,0.0257553663919528,77.0068939244835,128880,25.755366391952798
-6.19206,60,2023.185415,False,False,0.0468518904192742,87.7533193650405,128940,46.8518904192742
-6.620539,60,2023.192413,False,False,0.0390577516809001,76.50229338170662,129000,39.057751680900104
-5.927116,60,2023.210417,False,False,0.014801534681413,89.0667236463665,129060,14.801534681413
-6.312294,60,2023.270406,False,False,0.0637809790575618,80.62039799115983,129120,63.7809790575618
-7.277864,60,2026.493734,False,False,0.0472989845445845,86.37302176082999,129180,47.2989845445845
-5.967602,60,2026.495731,False,False,0.0127367501770433,87.30150244448063,129240,12.7367501770433
-6.58337,60,2026.507741,False,False,0.0513054905468902,62.67119277432771,129300,51.305490546890205
-7.252186,60,2026.572726,False,False,0.0100487968218308,81.65521056684929,129360,10.0487968218308
-6.609399,60,2030.684508,False,False,0.0192813853935274,84.75046696046323,129420,19.2813853935274
-6.206295,60,2030.685516,False,False,0.0304648594342814,83.99507990907651,129480,30.4648594342814
-6.495311,60,2030.695513,False,False,0.0253558666486742,86.6648917706181,129540,25.355866648674198
-6.704337,60,2030.758507,False,False,0.0211300339048512,70.23634053805078,129600,21.1300339048512
-6.592126,60,2034.072587,False,False,0.0643351763721563,66.90785887640074,129660,64.3351763721563
-7.658795,60,2034.074595,False,False,0.0327595270096931,89.36282049592894,129720,32.759527009693095
-5.9184,60,2034.087588,False,False,0.0594855224695461,75.12137906065237,129780,59.485522469546105
-7.639984,60,2034.153591,False,False,0.0349065848724257,75.61321174957877,129840,34.9065848724257
-5.971231,60,2038.249996,False,False,0.0453648074096545,89.06642878574834,129900,45.364807409654496
-6.845051,60,2038.254998,False,False,0.0188313598796915,85.75306189443484,129960,18.831359879691497
-5.817681,60,2038.2711,False,False,0.0191341584445195,85.97011602491939,130020,19.1341584445195
-7.427395,60,2038.335097,False,False,0.0643575507193295,89.95899585702374,130080,64.3575507193295
-7.18418,60,2041.566207,False,False,0.0303720250593988,75.23474974090273,130140,30.372025059398798
-7.765394,60,2041.566223,False,False,0.0351401325874545,60.32439631553276,130200,35.1401325874545
-5.834518,60,2041.57722,False,False,0.0651995676677864,89.83376703722314,130260,65.1995676677864
-6.093377,60,2041.639215,False,False,0.103927007884981,74.87140891529022,130320,103.927007884981
-5.978944,60,2044.821713,False,False,0.00695698039196,69.5011026712891,130380,6.95698039196
-5.989726,60,2044.827721,False,False,0.1084004989246013,78.21776171798398,130440,108.4004989246013
-6.197375,60,2044.838718,False,False,0.051777115635085,87.73888507787278,130500,51.777115635084996
-5.349977,60,2044.898712,False,False,0.0098497054348335,74.08768058747094,130560,9.8497054348335
-6.001852,60,2049.023935,False,False,0.076131111599149,83.18506252122512,130620,76.131111599149
-5.891027,60,2049.027938,False,False,0.0608232767025516,89.1880637379165,130680,60.8232767025516
-7.132546,60,2049.037942,False,False,0.0434493503669133,85.17562616231166,130740,43.4493503669133
-5.778904,60,2049.10193,False,False,0.057125496722884,78.1636282417864,130800,57.125496722884
-6.036515,60,2052.364265,False,False,0.0812768980293189,84.63070959956984,130860,81.2768980293189
-6.791674,60,2052.369264,False,False,0.0456470394135441,77.13198854666891,130920,45.6470394135441
-5.956052,60,2052.380261,False,False,0.100912539055875,60.27141366393599,130980,100.912539055875
-6.200253,60,2052.44126,False,False,0.0702479399071167,81.85048401160698,131040,70.2479399071167
-6.030707,60,2056.490242,False,False,0.0795272270723775,80.75780806209882,131100,79.5272270723775
-7.140912,60,2056.495243,False,False,0.014738884821246,87.52494765416553,131160,14.738884821246002
-5.880576,60,2056.509238,False,False,0.0533801633154969,78.43655811402097,131220,53.3801633154969
-7.07861,60,2056.563232,False,False,0.0317981453340567,86.71591717713025,131280,31.7981453340567
-6.306446,60,2059.763387,False,False,0.0465588697951836,82.68086321877563,131340,46.558869795183604
-5.877696,60,2059.76739,False,False,0.052854090206079,77.70239455405289,131400,52.854090206079
-6.361369,60,2059.771387,False,False,0.0170812787174034,82.15278323110061,131460,17.0812787174034
-6.275958,60,2059.832381,False,False,0.0381091170894184,82.76185256517914,131520,38.109117089418405
-6.695898,60,2064.028613,False,False,0.0344643427543672,82.49598528923401,131580,34.4643427543672
-5.611586,60,2064.03162,False,False,0.0034937000450881,78.1644919383092,131640,3.4937000450881
-6.598047,60,2064.043614,False,False,0.011102429763458,84.77618422392722,131700,11.102429763458
-6.060545,60,2064.104614,False,False,0.0059724236486929,70.66212917968983,131760,5.9724236486929
-5.989011,60,2067.483469,False,False,0.0634874340882493,86.07691326448409,131820,63.48743408824931
-6.481252,60,2067.485443,False,False,0.0270466168847775,81.09313264767815,131880,27.0466168847775
-6.327987,60,2067.494442,False,False,0.0335462041018316,89.69261644785483,131940,33.5462041018316
-6.375932,60,2067.564501,False,False,0.0260911550731819,74.35172333074189,132000,26.0911550731819
-7.629892,60,2071.769047,False,False,0.02741149748119,75.83305157518313,132060,27.41149748119
-6.975349,60,2071.777045,False,False,0.0315917904846047,76.23995125217074,132120,31.591790484604697
-6.629267,60,2071.788042,False,False,0.0022791496340267,84.3827891187674,132180,2.2791496340267
-6.105506,60,2071.848037,False,False,0.0514331791230723,64.1266680809686,132240,51.4331791230723
-5.778493,60,2075.065412,False,False,0.0089600060327031,77.54199383856017,132300,8.9600060327031
-6.382007,60,2075.065423,False,False,0.0143593281230644,78.43617813752468,132360,14.3593281230644
-6.808858,60,2075.075416,False,False,0.0104027716400969,74.83725952971052,132420,10.402771640096901
-7.183672,60,2075.136413,False,False,0.0123115309586661,84.77626092533522,132480,12.3115309586661
-4.975933,60,2079.200582,False,False,0.0025818583544745,81.26755859002681,132540,2.5818583544745
-5.965332,60,2079.210595,False,False,0.0456597202747013,69.88505475459263,132600,45.6597202747013
-6.991174,60,2079.222593,False,False,0.0141071131664723,78.18431715039209,132660,14.1071131664723
-6.06037,60,2079.281576,False,False,0.0571866100555976,85.56563643977483,132720,57.186610055597605
-6.488979,60,2082.54248,False,False,0.0172761613022315,87.83857369059581,132780,17.276161302231497
-7.060149,60,2082.547479,False,False,0.0223841535969967,76.81654242539368,132840,22.3841535969967
-7.031245,60,2082.554483,False,False,0.0349180833261778,86.25121218073383,132900,34.9180833261778
-6.472596,60,2082.619472,False,False,0.0043915460826363,78.84776388943105,132960,4.3915460826363
-6.125668,60,2086.741503,False,False,0.0694767364622873,83.28757455769383,133020,69.4767364622873
-6.977837,60,2086.742501,False,False,0.0297571694725075,76.96586089751979,133080,29.7571694725075
-6.713217,60,2086.756503,False,False,0.0345109349571055,85.41987943811333,133140,34.5109349571055
-5.969742,60,2086.825075,False,False,0.0332550355206227,77.17614055725537,133200,33.2550355206227
-7.448967,60,2090.036876,False,False,0.0313179130242273,55.49880962937552,133260,31.3179130242273
-6.72359,60,2090.045233,False,False,0.0123581246563991,70.82921127847948,133320,12.3581246563991
-7.112979,60,2090.05822,False,False,0.0311149764497786,66.07354817640869,133380,31.1149764497786
-6.960354,60,2090.115218,False,False,0.0436593994273603,86.7976802858224,133440,43.6593994273603
-5.970697,60,2094.332948,False,False,0.0322708498558096,74.86547360597626,133500,32.2708498558096
-7.769052,60,2094.345949,False,False,0.0406570496882553,71.66354712402354,133560,40.6570496882553
-6.920765,60,2094.354952,False,False,0.0420568269730629,85.34703673084356,133620,42.0568269730629
-7.412628,60,2094.413942,False,False,0.0479183852906147,68.90887441982717,133680,47.9183852906147
-7.710464,60,2097.724039,False,False,0.0321513615511199,82.45609773909142,133740,32.151361551119905
-6.069591,60,2097.731111,False,False,0.0591995906891563,82.94236692194333,133800,59.199590689156295
-6.674678,60,2097.736083,False,False,0.0434985985861374,76.94476359109372,133860,43.498598586137405
-6.251984,60,2097.806104,False,False,0.0212104279624494,72.34500342306758,133920,21.210427962449398
-5.918201,60,2102.108063,False,False,0.040830495109761,83.32658520950342,133980,40.830495109761
-6.513963,60,2102.116068,False,False,0.0165429398822781,78.01877595201871,134040,16.5429398822781
-6.261497,60,2102.128062,False,False,0.0465836053151789,78.64952496315331,134100,46.5836053151789
-6.035569,60,2102.189055,False,False,0.0690303168512001,89.88255165636991,134160,69.0303168512001
-6.118773,60,2105.511567,False,False,0.019538500459287,87.70536251403598,134220,19.538500459287
-5.594517,60,2105.515571,False,False,0.0223605026776199,82.23805330555,134280,22.3605026776199
-6.548496,60,2105.529564,False,False,0.0170454703737158,84.0645847510711,134340,17.0454703737158
-5.951449,60,2105.587565,False,False,0.0339261871681394,86.25695735342987,134400,33.9261871681394
-6.003753,60,2108.939715,False,False,0.0475906983055639,83.2746716141781,134460,47.590698305563905
-7.124754,60,2108.941718,False,False,0.0103578502280246,85.8796113187147,134520,10.3578502280246
-6.421674,60,2108.952716,False,False,0.0084806138879479,78.65584240490757,134580,8.4806138879479
-6.983718,60,2109.016707,False,False,0.002478697851129,86.09760203125737,134640,2.478697851129
-6.155906,60,2113.293889,False,False,0.0420501903658309,87.53378102983142,134700,42.0501903658309
-7.122925,60,2113.301888,False,False,0.0309688265015642,72.03422539983006,134760,30.9688265015642
-5.795961,60,2113.306802,False,False,0.0531170911065296,71.16971031531098,134820,53.1170911065296
-6.456346,60,2113.371884,False,False,0.0283458421104185,85.29725108614333,134880,28.3458421104185
-6.241353,60,2116.557079,False,False,0.0006224987259563,75.70885482593852,134940,0.6224987259563001
-6.109884,60,2116.560808,False,False,0.018109408738638,86.97583144532408,135000,18.109408738638
-6.378203,60,2116.573573,False,False,0.0654551592471269,79.52300224057728,135060,65.4551592471269
-6.157263,60,2116.637605,False,False,0.0324436354353094,81.34532348378848,135120,32.443635435309396
-7.454557,60,2120.775142,False,False,0.0485992014456002,80.60022381913396,135180,48.599201445600194
-5.898209,60,2120.776133,False,False,0.0720511787104161,78.75961687245805,135240,72.0511787104161
-6.430022,60,2120.790137,False,False,0.0050951907035993,88.93323542239703,135300,5.095190703599299
-6.124077,60,2120.852135,False,False,0.0805289629865915,79.31429925997834,135360,80.5289629865915
-7.24358,60,2124.089974,False,False,0.0231201981913758,85.08510962000152,135420,23.1201981913758
-7.092973,60,2124.091993,False,False,0.0022089457821003,82.15348549930037,135480,2.2089457821003
-7.026257,60,2124.102991,False,False,0.0367541229133704,75.19791328003048,135540,36.7541229133704
-7.014388,60,2124.166982,False,False,0.0125419514783684,87.36997980178305,135600,12.5419514783684
-7.07951,60,2128.29966,False,False,0.0398799723335746,74.27213120228777,135660,39.8799723335746
-6.074483,60,2128.302651,False,False,0.0959289443501003,75.09881131948512,135720,95.9289443501003
-6.370961,60,2128.312654,False,False,0.0408043866450239,88.57711971477129,135780,40.804386645023904
-6.520443,60,2128.376646,False,False,0.0394903915704111,82.45584636773341,135840,39.4903915704111
-5.928174,60,2131.689244,False,False,0.0561785193662169,77.71889068013533,135900,56.178519366216904
-6.023608,60,2131.690252,False,False,0.0504505689957466,87.43426226924807,135960,50.4505689957466
-7.768395,60,2131.705242,False,False,0.0390606801817329,81.4471471557754,136020,39.0606801817329
-6.386897,60,2131.768236,False,False,0.0571449671831519,89.4700592232887,136080,57.1449671831519
-6.986477,60,2136.079627,False,False,0.009335070470603,80.49223450343156,136140,9.335070470603
-6.435794,60,2136.084631,False,False,0.0406936597998836,83.62858811703646,136200,40.6936597998836
-6.358242,60,2136.092633,False,False,0.0474522038289267,80.1282447617347,136260,47.452203828926706
-7.786309,60,2136.157622,False,False,0.0515121169485234,70.49797150292383,136320,51.5121169485234
-7.265082,60,2139.420298,False,False,0.0108196292657778,86.60969006819387,136380,10.8196292657778
-6.566933,60,2139.426293,False,False,0.0392593729006036,67.14876456551708,136440,39.2593729006036
-6.132895,60,2139.436297,False,False,0.0185337562859657,81.2288421096079,136500,18.5337562859657
-7.028694,60,2139.507284,False,False,0.0148347470347528,89.58451655383861,136560,14.8347470347528
-5.53181,60,2143.761134,False,False,0.0091868149877409,73.30363611836958,136620,9.186814987740899
-6.694638,60,2143.763139,False,False,0.0159127038578473,73.86666140505329,136680,15.912703857847301
-7.16249,60,2143.772129,False,False,0.0045406758577024,66.46168986951452,136740,4.5406758577024
-6.499264,60,2143.835123,False,False,0.0525667678465497,74.81542316625547,136800,52.5667678465497
-6.123462,60,2147.135693,False,False,0.0789083385750136,79.83887087998241,136860,78.9083385750136
-6.552258,60,2147.140692,False,False,0.0089420208873371,75.62768575862953,136920,8.9420208873371
-5.967978,60,2147.15469,False,False,0.0929877689737007,67.92698995503397,136980,92.9877689737007
-8.288948,60,2147.216683,False,True,0.0375915173514568,84.08435384322094,137040,37.5915173514568
-6.025291,60,2151.468321,False,False,0.1053760841708821,85.42678708521922,137100,105.3760841708821
-7.646002,60,2151.471321,False,False,0.0289548425380104,86.80479427415716,137160,28.9548425380104
-5.834685,60,2151.490313,False,False,0.0553376589484735,71.53248017975811,137220,55.337658948473496
-7.179035,60,2151.546316,False,False,0.0175570134084982,86.28057307506836,137280,17.5570134084982
-6.934892,60,2154.881114,False,False,0.0301841733492519,78.99995152707304,137340,30.1841733492519
-6.59847,60,2154.886116,False,False,0.1016942152004054,68.48921132663982,137400,101.69421520040541
-7.395184,60,2154.898114,False,False,0.0288921834230732,85.29960936162276,137460,28.8921834230732
-6.153908,60,2154.958109,False,False,0.0524896299142528,68.51086233192717,137520,52.4896299142528
-7.040802,60,2159.247217,False,False,0.0018721486342382,87.39736831931154,137580,1.8721486342382
-6.157372,60,2159.25122,False,False,0.0745783153280913,82.96524813079526,137640,74.57831532809129
-7.898238,60,2159.262218,False,True,0.0061260736062607,78.23044681343815,137700,6.126073606260699
-7.237854,60,2159.323213,False,False,0.0031027173991792,87.39690382154552,137760,3.1027173991792
-6.955173,60,2162.673127,False,False,0.0333149611340327,68.22959975571233,137820,33.3149611340327
-5.671619,60,2162.675134,False,False,0.0004376881176945,78.88705934835951,137880,0.4376881176945
-6.125054,60,2162.686132,False,False,0.1014692452098093,74.24250127566125,137940,101.4692452098093
-7.316902,60,2162.751122,False,False,0.0179076650185639,89.07966613930604,138000,17.9076650185639
-6.036336,60,2166.032392,False,False,0.0709997457650366,86.31471437176663,138060,70.99974576503661
-6.437052,60,2166.033403,False,False,0.0573121422261094,81.64030855055962,138120,57.3121422261094
-6.240779,60,2166.048385,False,False,0.0275112297655639,81.12789258367397,138180,27.511229765563897
-6.254978,60,2166.113383,False,False,0.0718229456936248,82.5406013904929,138240,71.8229456936248
-6.982889,60,2170.375121,False,False,0.019327514506569,75.57460587616508,138300,19.327514506569
-5.497097,60,2170.376128,False,False,0.0169024699606992,79.19948819912706,138360,16.9024699606992
-6.653511,60,2170.385126,False,False,0.0517077178567145,82.0541147915897,138420,51.707717856714495
-6.145159,60,2170.44812,False,False,0.1067260631048963,81.90675535189237,138480,106.7260631048963
-6.837804,60,2173.843037,False,False,0.0072015541022221,57.06947913134508,138540,7.2015541022221
-6.194713,60,2173.854039,False,False,0.0151480499502637,52.63596002579759,138600,15.1480499502637
-5.987922,60,2173.866034,False,False,0.0436727249419956,73.49207835493087,138660,43.672724941995604
-6.153019,60,2173.929029,False,False,0.0222369717882268,82.5359882585509,138720,22.2369717882268
-5.655459,60,2178.17142,False,False,0.0439261540066299,65.69020960559044,138780,43.9261540066299
-6.627293,60,2178.17442,False,False,0.0085795348408408,88.84834105841061,138840,8.5795348408408
-7.035417,60,2178.18742,False,False,0.0223697277342044,80.11528597188408,138900,22.3697277342044
-6.964088,60,2178.251412,False,False,0.0338435087072821,68.03016709977008,138960,33.843508707282105
-6.029842,60,2181.58701,False,False,0.0542304011188494,63.79835955089066,139020,54.2304011188494
-6.919289,60,2181.591013,False,False,0.06434353882537,84.6544904182873,139080,64.34353882537
-5.781757,60,2181.601014,False,False,0.0077057507501565,79.41068883391293,139140,7.705750750156501
-6.048873,60,2181.665005,False,False,0.0644221349047013,71.85256530309793,139200,64.42213490470131
-6.021889,60,2185.96286,False,False,0.0289201735235145,84.97647326807174,139260,28.9201735235145
-6.860943,60,2185.962864,False,False,0.0009307228383594,73.7532720950663,139320,0.9307228383594
-5.959604,60,2185.980858,False,False,0.1244378771962012,54.01042794011662,139380,124.4378771962012
-6.010067,60,2186.043852,False,False,0.0212132160420957,81.8914624723381,139440,21.2132160420957
-7.328789,60,2189.365397,False,False,0.0187594597215092,88.95440306618296,139500,18.7594597215092
-6.692854,60,2189.368402,False,False,0.0554239939397399,74.15072037560917,139560,55.4239939397399
-6.046458,60,2189.376861,False,False,0.0291452052568794,81.01216393208543,139620,29.1452052568794
-5.683535,60,2189.442394,False,False,0.0384164394205159,88.21219884422199,139680,38.4164394205159
-6.454637,60,2193.702495,False,False,0.0049842674172039,76.35176646132908,139740,4.9842674172039
-6.995976,60,2193.703499,False,False,0.0571513834085286,75.20241524726731,139800,57.1513834085286
-7.414346,60,2193.712499,False,False,0.0383371339082048,85.21166118831319,139860,38.3371339082048
-6.230269,60,2193.779494,False,False,0.0352855706049668,63.951214360548754,139920,35.2855706049668
-6.717606,60,2197.07821,False,False,0.0119062198162255,86.70327471258001,139980,11.9062198162255
-7.501576,60,2197.082213,False,False,0.0212355752847807,71.49743588128645,140040,21.235575284780698
-6.714069,60,2197.091215,False,False,0.0114989825155259,82.30282137391228,140100,11.4989825155259
-7.451567,60,2197.152209,False,False,0.0214335143801791,85.60811920614495,140160,21.4335143801791
-5.206633,60,2201.423869,False,False,0.0033358442639718,76.89378018404057,140220,3.3358442639718
-5.869519,60,2201.429873,False,False,0.0459064987213248,63.16496063808086,140280,45.9064987213248
-6.082045,60,2201.439871,False,False,0.0410226194101078,82.27501875827303,140340,41.0226194101078
-7.169192,60,2201.501864,False,False,0.0124096076662277,86.74653765995117,140400,12.4096076662277
-5.847179,60,2204.879749,False,False,0.0415159317030651,83.37156954802953,140460,41.5159317030651
-6.703671,60,2204.889743,False,False,0.0040391565915,74.37281629818251,140520,4.0391565915
-6.927091,60,2204.899739,False,False,0.0371284529478811,86.44917527613939,140580,37.1284529478811
-6.813034,60,2204.955757,False,False,0.0452893421240565,80.70886419516137,140640,45.289342124056496
-5.491632,60,2209.207028,False,False,0.0325633718987682,84.11489960645038,140700,32.563371898768196
-6.145356,60,2209.214027,False,False,0.0452790823546764,84.60773443372366,140760,45.2790823546764
-5.922835,60,2209.225025,False,False,0.029117599724307,89.56610429899955,140820,29.117599724307002
-6.075324,60,2209.290016,False,False,0.0814609153195694,80.5543587548233,140880,81.4609153195694
-6.955067,60,2212.643104,False,False,0.0284640152932189,69.44405919784701,140940,28.4640152932189
-6.433791,60,2212.647108,False,False,0.0471165236304404,80.86209199545273,141000,47.116523630440405
-6.052186,60,2212.656106,False,False,0.0766356144406771,75.51641839911925,141060,76.6356144406771
-6.927202,60,2212.717107,False,False,0.0097697467194106,84.89986298387373,141120,9.7697467194106
-6.840377,60,2216.935211,False,False,0.0357212120845416,78.84022751448346,141180,35.7212120845416
-6.739755,60,2216.936202,False,False,0.0099722871050408,78.16175524824705,141240,9.9722871050408
-6.411238,60,2216.946209,False,False,0.0706437500088408,86.8828464987704,141300,70.6437500088408
-7.273301,60,2217.012194,False,False,0.0278165989930723,70.49332801368747,141360,27.8165989930723
-8.603494,60,2220.38195,False,True,0.0280841033653141,86.84933132440776,141420,28.0841033653141
-5.931278,60,2220.392958,False,False,0.0518817810491117,87.00012163192979,141480,51.8817810491117
-6.420932,60,2220.399954,False,False,0.0560244491766187,87.17575887268868,141540,56.0244491766187
-7.159729,60,2220.460951,False,False,0.0190616345036422,85.01315801536482,141600,19.0616345036422
-7.745432,60,2224.710341,False,False,0.0364536734955217,79.68819450356342,141660,36.4536734955217
-6.058227,60,2224.715351,False,False,0.0883683937466445,88.2291692620775,141720,88.3683937466445
-7.235143,60,2224.726348,False,False,0.0084736065770192,80.02931019944391,141780,8.473606577019199
-7.038513,60,2224.784332,False,False,0.0547009009560212,70.65168861683,141840,54.7009009560212
-5.734225,60,2228.124367,False,False,0.01932367539599,66.79598799177953,141900,19.32367539599
-5.892649,60,2228.127371,False,False,0.0632497959077233,87.90443073182955,141960,63.249795907723296
-6.534939,60,2228.140366,False,False,0.0371782099717855,77.95685149067283,142020,37.178209971785506
-6.049884,60,2228.198364,False,False,0.0780600540625856,83.89509684158456,142080,78.06005406258559
-5.385572,60,2231.481469,False,False,0.0094531695250263,67.66133586155567,142140,9.453169525026299
-6.72533,60,2231.485472,False,False,0.0162426007366262,87.56655078886541,142200,16.2426007366262
-6.93774,60,2231.489469,False,False,0.0500859090261649,89.24362800197751,142260,50.0859090261649
-6.099336,60,2231.560465,False,False,0.0342272469384291,77.35025156574741,142320,34.227246938429104
-5.828243,60,2235.867562,False,False,0.0420801164864886,86.46728122724839,142380,42.0801164864886
-6.114131,60,2235.878546,False,False,0.0253781433794218,88.94328555956666,142440,25.378143379421797
-6.473009,60,2235.884549,False,False,0.0416191972135104,81.3081011750386,142500,41.619197213510404
-5.836902,60,2235.949541,False,False,0.071818532510922,78.259555076765,142560,71.818532510922
-6.76777,60,2239.355295,False,False,0.0486757161693698,80.76878923235142,142620,48.6757161693698
-6.640258,60,2239.364837,False,False,0.0025839601229984,71.72926062224712,142680,2.5839601229983997
-6.829529,60,2239.373833,False,False,0.0340767567022419,86.98361097482753,142740,34.0767567022419
-6.508295,60,2239.435807,False,False,0.0040351473839003,81.85047718613099,142800,4.035147383900299
-5.987366,60,2243.687358,False,False,0.0588734532287802,80.29715874168156,142860,58.8734532287802
-6.193036,60,2243.690361,False,False,0.0190256180313055,74.06487716249907,142920,19.025618031305502
-6.72427,60,2243.704352,False,False,0.0175569495582195,81.39567268708339,142980,17.5569495582195
-5.764268,60,2243.759359,False,False,0.0542854843255074,79.36760786490224,143040,54.2854843255074
-5.683491,60,2247.051179,False,False,0.0105026407646591,89.11044702359057,143100,10.5026407646591
-5.919869,60,2247.052185,False,False,0.0564875838184665,84.84868596670398,143160,56.4875838184665
-5.982789,60,2247.071174,False,False,0.0691737697299956,81.90198184163427,143220,69.1737697299956
-6.0424,60,2247.138168,False,False,0.1031665937691101,83.12619366302812,143280,103.1665937691101
-5.453849,60,2251.349593,False,False,0.0043751662263886,84.06095048362502,143340,4.3751662263886
-7.814111,60,2251.359593,False,False,0.0184495133482737,74.29500273873829,143400,18.449513348273697
-5.540138,60,2251.365594,False,False,0.0395808000526745,87.04583030756184,143460,39.580800052674505
-6.124326,60,2251.429587,False,False,0.01977642443476,80.49526456717238,143520,19.77642443476
-6.220969,60,2254.757751,False,False,0.0170754091491682,79.9434135799793,143580,17.0754091491682
-6.789786,60,2254.762753,False,False,0.037185185900891,81.41173620927408,143640,37.185185900891
-6.921306,60,2254.771745,False,False,0.0174934346036517,87.0879483132125,143700,17.4934346036517
-5.8291,60,2254.835747,False,False,0.0674472486842606,79.46899363736048,143760,67.4472486842606
-5.68378,60,2259.075722,False,False,0.0629920900526014,89.21930465405588,143820,62.9920900526014
-5.656007,60,2259.079725,False,False,0.0501918090091565,87.65802208390653,143880,50.1918090091565
-6.19245,60,2259.091722,False,False,0.0252725881944838,82.4772256800253,143940,25.2725881944838
-5.915857,60,2259.153717,False,False,0.0536815390005866,81.17935038073738,144000,53.6815390005866
-5.958509,60,2262.477043,False,False,0.0199314876664065,87.89737520942798,144060,19.9314876664065
-5.86324,60,2262.480043,False,False,0.0782658428730715,81.21765145747125,144120,78.2658428730715
-5.853202,60,2262.498039,False,False,0.0021845004102861,78.76989700793008,144180,2.1845004102861
-5.947252,60,2262.558035,False,False,0.0352425837803376,88.39308792902565,144240,35.242583780337604
-6.00903,60,2266.885022,False,False,0.0735579797358164,87.8953446418058,144300,73.5579797358164
-6.449124,60,2266.886031,False,False,0.0072478968859287,88.73555090024479,144360,7.2478968859287
-5.882742,60,2266.900023,False,False,0.0609801309004809,89.83834791097031,144420,60.9801309004809
-7.561614,60,2266.963017,False,False,0.0228314130914041,78.1259825579555,144480,22.8314130914041
-7.151373,60,2270.306531,False,False,0.0253003975316113,87.2540990925737,144540,25.3003975316113
-5.84914,60,2270.313534,False,False,0.0738998077821884,89.69620216268845,144600,73.89980778218839
-6.442423,60,2270.322532,False,False,0.0602796341184337,83.52562355928437,144660,60.2796341184337
-5.769845,60,2270.381311,False,False,0.0559722931988896,88.71979437923736,144720,55.972293198889595
-7.983795,60,2274.617533,False,False,0.0200026902405308,81.63410126736353,144780,20.0026902405308
-7.379456,60,2274.620538,False,False,0.0100339912830538,88.08265149153405,144840,10.0339912830538
-6.910634,60,2274.631535,False,False,0.0082913854240073,83.1651959708788,144900,8.2913854240073
-5.76381,60,2274.694529,False,False,0.0171765814801757,78.1666419298542,144960,17.176581480175702
-5.830338,60,2278.164213,False,False,0.0740402889991677,63.169031821023154,145020,74.0402889991677
-6.14986,60,2278.167211,False,False,0.099449380794279,88.89977709069397,145080,99.449380794279
-6.05985,60,2278.181209,False,False,0.0690314668384687,80.68683465941125,145140,69.0314668384687
-7.241263,60,2278.243199,False,False,0.0214211670996549,80.34225545600314,145200,21.4211670996549
-7.980451,60,2282.514863,False,False,0.0451032022986969,83.2946805522342,145260,45.1032022986969
-7.385653,60,2282.517859,False,False,0.0245149513244635,87.60463488987216,145320,24.5149513244635
-6.329199,60,2282.520865,False,False,0.0454741316297816,87.8199948345241,145380,45.4741316297816
-7.175279,60,2282.590862,False,False,0.0101086522109612,85.95893034253075,145440,10.108652210961202
-7.646466,60,2285.931902,False,False,0.0327060435170995,85.6430489642729,145500,32.7060435170995
-6.250668,60,2285.937901,False,False,0.0909024768228205,83.28882142263495,145560,90.9024768228205
-6.271918,60,2285.948898,False,False,0.030008791137541,82.54949970626095,145620,30.008791137541
-6.516772,60,2286.017889,False,False,0.0490646057440499,89.99014748307536,145680,49.0646057440499
-6.046492,60,2289.381067,False,False,0.107716622360605,76.63645331769978,145740,107.716622360605
-6.386466,60,2289.383072,False,False,0.0272067978204871,83.33991023916168,145800,27.2067978204871
-5.971912,60,2289.395069,False,False,0.037768216038552,74.6676857852152,145860,37.768216038552005
-6.834468,60,2289.458063,False,False,0.0515807985882929,75.80762356053131,145920,51.5807985882929
-6.333893,60,2293.753724,False,False,0.0693071055391391,76.56523243256109,145980,69.3071055391391
-5.969469,60,2293.758727,False,False,0.0128439437732052,88.46785076455996,146040,12.843943773205199
-7.399481,60,2293.771726,False,False,0.0166040384396517,79.27233719143427,146100,16.6040384396517
-5.986068,60,2293.832719,False,False,0.0100735428197708,76.25782903982798,146160,10.073542819770799
-6.483478,60,2297.152537,False,False,0.030244498872839,79.09159459604336,146220,30.244498872839
-5.958309,60,2297.158584,False,False,0.0147605458343943,69.13207359205137,146280,14.7605458343943
-7.288116,60,2297.166333,False,False,0.0261880417303223,75.05478348909229,146340,26.1880417303223
-5.645861,60,2297.227308,False,False,0.0072740868928964,82.39953289330813,146400,7.2740868928964
-7.117965,60,2301.445465,False,False,0.0463422381701097,80.73572211000142,146460,46.342238170109695
-6.680111,60,2301.451467,False,False,0.0319778402752378,71.9158916314656,146520,31.9778402752378
-6.989496,60,2301.463462,False,False,0.0289746904175026,86.55723200907866,146580,28.9746904175026
-5.825499,60,2301.514455,False,False,0.0807069937742307,70.60151362205082,146640,80.7069937742307
-6.959057,60,2304.874414,False,False,0.0413835384873309,77.81307456454347,146700,41.3835384873309
-5.48231,60,2304.875422,False,False,0.022374777264058,86.72445155393248,146760,22.374777264058
-6.077532,60,2304.887415,False,False,0.0175726833041404,82.95890065837035,146820,17.572683304140398
-5.759076,60,2304.946412,False,False,0.0337564624735921,87.79906423033418,146880,33.756462473592094
-5.893477,60,2309.182404,False,False,0.0412407535653143,77.37366840230338,146940,41.2407535653143
-5.918475,60,2309.190409,False,False,0.0960065862725092,88.93687958537659,147000,96.0065862725092
-5.861842,60,2309.201406,False,False,0.0590521602876119,80.71556297910428,147060,59.0521602876119
-6.274567,60,2309.259398,False,False,0.0688731567198334,87.54520591707802,147120,68.8731567198334
-6.534341,60,2312.585925,False,False,0.0183160409504464,85.02674225271622,147180,18.3160409504464
-6.058948,60,2312.592014,False,False,0.0497181789671944,87.85508418057996,147240,49.718178967194405
-6.76174,60,2312.599886,False,False,0.0431633620070014,83.51816089208631,147300,43.1633620070014
-5.722812,60,2312.659577,False,False,0.018782960494075,89.05800116973111,147360,18.782960494075002
-5.856593,60,2316.905215,False,False,0.0036671110427639,74.72634379761925,147420,3.6671110427638998
-6.123132,60,2316.905857,False,False,0.0838257368584864,68.10111256410832,147480,83.82573685848641
-6.296581,60,2316.91885,False,False,0.0444672262964015,82.77558907305401,147540,44.4672262964015
-6.37095,60,2316.976848,False,False,0.0435523207203755,83.84560036134577,147600,43.5523207203755
-6.141044,60,2320.29887,False,False,0.0643010199654575,81.44030784133673,147660,64.30101996545751
-6.441597,60,2320.300875,False,False,0.0280640567475969,88.74599179403164,147720,28.0640567475969
-6.737209,60,2320.30687,False,False,0.0582599567059083,88.8497282599704,147780,58.2599567059083
-6.856638,60,2320.374867,False,False,0.062955465696904,86.03974713302858,147840,62.95546569690399
-6.623595,60,2324.689339,False,False,0.0189988998684307,82.15051388773395,147900,18.998899868430698
-6.619466,60,2324.692347,False,False,0.0417795420731983,70.56457709735668,147960,41.7795420731983
-6.07879,60,2324.70534,False,False,0.0711386882135058,69.47073793985011,148020,71.1386882135058
-6.522789,60,2324.768334,False,False,0.0031773492177546,87.68516160409789,148080,3.1773492177545997
-7.236215,60,2328.102122,False,False,0.0070333697360217,73.41222498314423,148140,7.033369736021699
-6.013589,60,2328.107123,False,False,0.0556823855983553,79.2869451066428,148200,55.682385598355296
-6.842497,60,2328.118121,False,False,0.0205942204000888,81.34890665226942,148260,20.594220400088798
-5.742583,60,2328.181115,False,False,0.0557101721516549,84.92699515083895,148320,55.7101721516549
-6.422897,60,2332.441778,False,False,0.0026835813225422,86.75185851990496,148380,2.6835813225422
-5.852123,60,2332.446781,False,False,0.051260046349699,83.36769547821237,148440,51.260046349699
-6.269624,60,2332.454779,False,False,0.0648183295541034,89.37675179376308,148500,64.8183295541034
-5.866525,60,2332.520773,False,False,0.0077012950285554,81.65415104713549,148560,7.7012950285554
-6.383848,60,2335.86427,False,False,0.0673560195763771,73.44749266379878,148620,67.35601957637711
-6.494001,60,2335.869278,False,False,0.0135741361857974,88.62145430258164,148680,13.5741361857974
-5.951633,60,2335.882271,False,False,0.0816832442280121,77.78185939146255,148740,81.6832442280121
-7.213701,60,2335.94327,False,False,0.0286111622167005,81.4028729264265,148800,28.6111622167005
-6.295071,60,2340.260867,False,False,0.062868800670824,86.55150203150893,148860,62.868800670823994
-6.378304,60,2340.270414,False,False,0.0013102879836809,89.5971833128198,148920,1.3102879836809
-5.801426,60,2340.280406,False,False,0.034894133235967,85.81404620213864,148980,34.894133235967
-5.999239,60,2340.3434,False,False,0.0839696735601074,77.96793409554171,149040,83.9696735601074
-6.729591,60,2343.698211,False,False,0.0405693116066803,86.28838874152056,149100,40.5693116066803
-6.496804,60,2343.703216,False,False,0.0003051891207706,76.51592518193098,149160,0.3051891207706
-6.013475,60,2343.714213,False,False,0.0454681156803874,88.91015128953637,149220,45.468115680387406
-6.290804,60,2343.779209,False,False,0.0034508148851662,84.92568988512056,149280,3.4508148851661997
-6.185324,60,2347.995204,False,False,0.0258700483189561,84.19273196516461,149340,25.8700483189561
-7.193712,60,2348.000211,False,False,0.0028812445609169,86.57784452698085,149400,2.8812445609169
-6.633673,60,2348.007208,False,False,0.0106030961609441,87.59213275391056,149460,10.6030961609441
-6.761718,60,2348.071205,False,False,0.0355095464117361,89.41146667991988,149520,35.509546411736096
-6.007275,60,2351.395823,False,False,0.0735910451498249,85.53481973175587,149580,73.5910451498249
-8.130638,60,2351.404823,False,True,0.0082569502682672,79.08241350550982,149640,8.256950268267198
-6.558875,60,2351.415821,False,False,0.0509221966025863,84.17011113255205,149700,50.922196602586304
-5.946976,60,2351.474816,False,False,0.0757632335367737,88.55355420790265,149760,75.7632335367737
-7.142637,60,2354.825906,False,False,0.0327176721418748,85.47900157102652,149820,32.7176721418748
-5.644357,60,2354.826916,False,False,0.0050515354479746,85.23361108580497,149880,5.0515354479746
-6.2425,60,2354.837913,False,False,0.0712498028657786,83.82533867609638,149940,71.2498028657786
-6.108637,60,2354.898904,False,False,0.1047493444128051,84.07322962404777,150000,104.7493444128051
-5.900564,60,2359.113313,False,False,0.0081432492983324,83.03371100797838,150060,8.1432492983324
-6.206403,60,2359.114697,False,False,0.0437341182180455,79.39093776596874,150120,43.7341182180455
-6.66989,60,2359.129698,False,False,0.0359788778646645,81.35468833293882,150180,35.9788778646645
-7.234655,60,2359.194744,False,False,0.0111486398495214,86.9601410053317,150240,11.1486398495214
-5.854851,60,2362.589094,False,False,0.047706340560982,81.6121734655476,150300,47.706340560982
-6.177371,60,2362.596104,False,False,0.0065662032788705,76.90788332323244,150360,6.5662032788705
-6.623222,60,2362.605099,False,False,0.0003415662793218,70.15290667876937,150420,0.3415662793218
-8.048152,60,2362.670096,False,False,0.0522053430525642,81.65632063745393,150480,52.205343052564196
-6.050939,60,2367.021825,False,False,0.0264851560248227,80.33715097715833,150540,26.4851560248227
-6.606569,60,2367.028837,False,False,0.0535367478011486,83.82308778114454,150600,53.5367478011486
-5.36861,60,2367.041837,False,False,0.001838118656016,86.98275943185683,150660,1.8381186560159999
-7.384437,60,2367.100825,False,False,0.0240569552439404,87.26338342328125,150720,24.0569552439404
-5.574859,60,2370.434412,False,False,0.0375859193657522,87.02858033040128,150780,37.585919365752204
-6.414492,60,2370.436418,False,False,0.0011824685670492,82.33460559241055,150840,1.1824685670492001
-6.859021,60,2370.453416,False,False,0.0370952475531716,82.22889170237835,150900,37.095247553171596
-5.954519,60,2370.513407,False,False,0.038261739250898,77.8726644142765,150960,38.261739250898
-5.779826,60,2374.680216,False,False,0.0092210285185628,88.08516291641075,151020,9.2210285185628
-5.992579,60,2374.681217,False,False,0.0493653760563608,69.11649339941471,151080,49.3653760563608
-6.851204,60,2374.691213,False,False,0.0021904197205114,81.85206940790039,151140,2.1904197205113998
-5.997374,60,2374.756211,False,False,0.0018902646867705,86.93188052009096,151200,1.8902646867705
-5.951336,60,2378.211865,False,False,0.1208637137158534,56.60367389262285,151260,120.86371371585341
-8.25957,60,2378.215868,False,True,0.0710150051499222,80.8149083697889,151320,71.0150051499222
-7.534965,60,2378.22886,False,False,0.0657099647950188,80.71651399834717,151380,65.70996479501879
-5.676955,60,2378.285858,False,False,0.0286362821867578,77.26219542401782,151440,28.6362821867578
-6.196456,60,2382.55844,False,False,0.035327640832064,76.22817420668487,151500,35.327640832064
-5.718237,60,2382.560446,False,False,0.0462893024824853,84.01550115104784,151560,46.2893024824853
-7.243499,60,2382.568448,False,False,0.0218142512258944,74.33895612684701,151620,21.8142512258944
-6.996103,60,2382.638433,False,False,0.0183093501252934,85.39737239566631,151680,18.3093501252934
-6.006619,60,2385.957403,False,False,0.0576356239336857,87.87092825480002,151740,57.6356239336857
-8.078541,60,2385.961407,False,True,0.0759573436942623,83.17318045753609,151800,75.95734369426229
-5.903558,60,2385.966411,False,False,0.064774415387805,62.34960618392646,151860,64.77441538780499
-7.30644,60,2386.034403,False,False,0.0175748082501476,80.9488052874043,151920,17.5748082501476
-5.973981,60,2390.215736,False,False,0.0882542451552779,61.34867468604218,151980,88.2542451552779
-6.551559,60,2390.220731,False,False,0.0055174682424275,87.14884585485238,152040,5.5174682424275
-6.171951,60,2390.233727,False,False,0.0096348930055654,85.74996005593702,152100,9.6348930055654
-6.23289,60,2390.296721,False,False,0.0329236562260153,84.72720648479385,152160,32.9236562260153
-6.5686,60,2393.667488,False,False,0.0342584648227224,89.95169677639171,152220,34.2584648227224
-7.452853,60,2393.669439,False,False,0.0310881977848201,67.99917926064023,152280,31.0881977848201
-6.745838,60,2393.679387,False,False,0.0381045953664796,88.32918495406521,152340,38.1045953664796
-5.587307,60,2393.744481,False,False,0.0382991492868657,69.08283536968426,152400,38.2991492868657
-7.306984,60,2398.092663,False,False,0.0231924506289908,55.6223612220563,152460,23.1924506289908
-7.678749,60,2398.101672,False,False,0.0331618764178483,80.6208220352676,152520,33.1618764178483
-6.046807,60,2398.113666,False,False,0.0401187385566581,72.85281762693685,152580,40.1187385566581
-6.137583,60,2398.172662,False,False,0.0035186378535876,88.80648061874965,152640,3.5186378535876
-5.725126,60,2401.541638,False,False,0.0435540561107879,65.40933005101033,152700,43.5540561107879
-7.348462,60,2401.542497,False,False,0.0369598794049917,77.14459529658552,152760,36.9598794049917
-6.138677,60,2401.553494,False,False,0.0573667400871883,83.22165920477443,152820,57.3667400871883
-7.287591,60,2401.613489,False,False,0.0097606826491239,89.47230897259735,152880,9.7606826491239
-7.769687,60,2405.822144,False,False,0.030967672070259,66.93467404670247,152940,30.967672070259002
-6.518842,60,2405.833146,False,False,0.0089732207981857,76.92079835496888,153000,8.9732207981857
-5.887768,60,2405.837145,False,False,0.0597787300082228,88.47784729345105,153060,59.7787300082228
-6.254903,60,2405.900139,False,False,0.0347241547564668,70.35776899471938,153120,34.7241547564668
-6.618082,60,2409.262993,False,False,0.0410922981770422,63.21502620011499,153180,41.0922981770422
-6.145924,60,2409.267997,False,False,0.0394931842357511,71.78876163915132,153240,39.4931842357511
-6.145117,60,2409.278995,False,False,0.0002252771666797,72.70368183443274,153300,0.22527716667970002
-6.746456,60,2409.344996,False,False,0.0223048766505221,79.4387013098444,153360,22.3048766505221
-6.702898,60,2412.712697,False,False,0.0386417528147448,75.95628855080102,153420,38.6417528147448
-6.652507,60,2412.714692,False,False,0.0161321694378088,89.00363890023044,153480,16.132169437808802
-5.976179,60,2412.729695,False,False,0.0428146185925741,59.68956498235889,153540,42.8146185925741
-7.556951,60,2412.794683,False,False,0.0437432096342759,76.70451486346948,153600,43.7432096342759
-6.687307,60,2417.023708,False,False,0.0451174223498355,71.3929425184929,153660,45.1174223498355
-7.270012,60,2417.027711,False,False,0.0169491967735407,69.23586625612323,153720,16.9491967735407
-5.89394,60,2417.030702,False,False,0.04077806183135,77.4483273284194,153780,40.77806183135
-6.120713,60,2417.101703,False,False,0.0343652886318932,81.15784808416504,153840,34.3652886318932
-6.684328,60,2420.37408,False,False,0.0161140925551535,69.04222446523751,153900,16.1140925551535
-6.24331,60,2420.377088,False,False,0.0511456512064765,72.14141147226077,153960,51.1456512064765
-7.312958,60,2420.389081,False,False,0.0228467807857513,79.93514083497027,154020,22.846780785751303
-5.882529,60,2420.45108,False,False,0.0506920174651889,88.9313582107601,154080,50.6920174651889
-6.299204,60,2424.734066,False,False,0.05260632775751,68.74048147782392,154140,52.60632775751
-6.002784,60,2424.739061,False,False,0.0795152115461429,68.08571000823434,154200,79.5152115461429
-6.047852,60,2424.743073,False,False,0.0765726827931838,68.58998943567165,154260,76.5726827931838
-5.993688,60,2424.811054,False,False,0.0256833919629885,79.90651428505487,154320,25.6833919629885
-6.521023,60,2428.216025,False,False,0.0060171798031626,64.4555242971054,154380,6.0171798031626
-5.504995,60,2428.226024,False,False,0.0092999298193139,86.54336966003635,154440,9.299929819313899
-6.151348,60,2428.234036,False,False,0.0074333640909182,71.5849604429638,154500,7.433364090918199
-6.003785,60,2428.300016,False,False,0.0777116304037547,78.33792917657138,154560,77.7116304037547
-5.785346,60,2432.576718,False,False,0.0317533999262139,83.62337859228761,154620,31.7533999262139
-6.147137,60,2432.587709,False,False,0.0061019706186711,85.74174316349068,154680,6.101970618671101
-5.700487,60,2432.59771,False,False,0.0008786423241245,68.77808424231081,154740,0.8786423241245
-7.281385,60,2432.660704,False,False,0.0399936978632772,79.58574266308524,154800,39.9936978632772
-6.320915,60,2435.943173,False,False,0.0161749989298171,83.97611889382927,154860,16.1749989298171
-5.963676,60,2435.945187,False,False,0.0286060496591862,82.27047493237696,154920,28.6060496591862
-5.815008,60,2435.954176,False,False,0.0621311043923724,83.92726907941173,154980,62.1311043923724
-6.306683,60,2436.022168,False,False,0.0208358837011563,84.68144856232563,155040,20.8358837011563
-6.632195,60,2440.286779,False,False,0.0174465899662952,82.5165542529372,155100,17.4465899662952
-5.953473,60,2440.286926,False,False,0.0936545076186952,82.06212214683171,155160,93.6545076186952
-8.85351,60,2440.300927,False,True,0.033615637131631,84.4139034621532,155220,33.615637131631004
-7.282496,60,2440.364921,False,False,0.0242531235365789,86.86076898730387,155280,24.2531235365789
-6.600054,60,2443.67993,False,False,0.0114232830364865,88.57199151228622,155340,11.4232830364865
-7.068568,60,2443.680096,False,False,0.0068395319957472,89.6229821755635,155400,6.8395319957472
-8.538722,60,2443.695928,False,True,0.0191138232322438,81.55920165031462,155460,19.1138232322438
-5.85205,60,2443.7555,False,False,0.0689961732388707,71.37277691558032,155520,68.9961732388707
-6.417968,60,2448.009144,False,False,0.0493436641294409,89.67477446500892,155580,49.343664129440896
-5.251857,60,2448.010038,False,False,0.0028736758304068,83.21454450563077,155640,2.8736758304068
-7.034353,60,2448.024145,False,False,0.0410294943232067,88.11554452389045,155700,41.0294943232067
-5.864959,60,2448.086088,False,False,0.0839554837813548,70.00312340968746,155760,83.9554837813548
-7.36687,60,2451.382175,False,False,0.0473614917456597,80.66788986932471,155820,47.3614917456597
-5.86795,60,2451.384175,False,False,0.0178191948682807,86.4275818429296,155880,17.8191948682807
-6.725339,60,2451.397176,False,False,0.0644052007128582,87.55333308350963,155940,64.4052007128582
-6.146512,60,2451.456169,False,False,0.0701574569543252,84.1857892126384,156000,70.1574569543252
-6.058975,60,2455.719437,False,False,0.123918145922398,85.23493845003686,156060,123.918145922398
-6.196958,60,2455.723441,False,False,0.0231060905966755,79.39987189704317,156120,23.1060905966755
-6.772025,60,2455.734438,False,False,0.0206464918819171,88.13953292206338,156180,20.6464918819171
-6.841579,60,2455.794445,False,False,0.0234975794154226,77.05597256881971,156240,23.4975794154226
-6.123797,60,2459.186894,False,False,0.0063201248011303,89.53762072350132,156300,6.3201248011303
-6.200064,60,2459.187885,False,False,0.0279467770812511,79.36414516182772,156360,27.9467770812511
-6.199036,60,2459.20389,False,False,0.0173498379063323,80.35715666749212,156420,17.3498379063323
-6.66046,60,2459.267879,False,False,0.0499823276651324,85.57281678626313,156480,49.9823276651324
-6.49311,60,2463.769385,False,False,0.0112480046723247,77.23660891907255,156540,11.2480046723247
-7.179267,60,2463.773378,False,False,0.0293924734862302,62.77239220832231,156600,29.3924734862302
-5.618809,60,2463.789394,False,False,0.0064321160696196,76.57811846339266,156660,6.4321160696196
-7.136057,60,2463.848377,False,False,0.0390168770831675,68.70964444429565,156720,39.0168770831675
-5.357904,60,2467.447098,False,False,4.744979656869444e-05,77.41943079823577,156780,0.04744979656869444
-6.061476,60,2467.4541,False,False,0.0628969238359591,79.79712598972573,156840,62.8969238359591
-6.084311,60,2467.459091,False,False,0.0007313792477084,81.88184341524087,156900,0.7313792477084
-5.468857,60,2467.518089,False,False,0.0218457570317097,80.37998769416483,156960,21.845757031709702
-6.590989,60,2472.589421,False,False,0.0181213128475376,88.19221083637665,157020,18.1213128475376
-6.196408,60,2472.591291,False,False,0.0571604014681284,86.30947535565404,157080,57.1604014681284
-5.710125,60,2472.603299,False,False,0.0503392400194939,87.11399103690701,157140,50.3392400194939
-7.339136,60,2472.663292,False,True,9.789332565838908e-05,69.63637702381415,157200,0.09789332565838908
-5.997738,60,2475.955292,False,False,0.0696715728628182,85.65006495144323,157260,69.67157286281821
-5.885182,60,2475.961287,False,False,0.0388195606636237,66.81059507243462,157320,38.8195606636237
-5.795901,60,2475.971284,False,False,0.0695019790393259,87.31503027177938,157380,69.50197903932589
-7.904882,60,2476.034279,False,False,0.04405047099227,70.94409177689026,157440,44.05047099226999
-6.206239,60,2479.344664,False,False,0.0717409485783866,77.21454595821054,157500,71.74094857838661
-6.44028,60,2479.350677,False,False,0.0522504104082932,81.00459744978254,157560,52.2504104082932
-6.19005,60,2479.357683,False,False,0.0352341536176009,75.17010454261735,157620,35.234153617600896
-6.045776,60,2479.428672,False,False,0.0045402704676532,76.23358926949571,157680,4.5402704676532
-6.535735,60,2483.687235,False,False,0.0323551850738401,60.08689988559927,157740,32.355185073840104
-6.832132,60,2483.690245,False,False,0.0165152107505223,88.77246130076767,157800,16.5152107505223
-6.695173,60,2483.698253,False,False,0.0382807434650907,67.20824586033957,157860,38.2807434650907
-6.060823,60,2483.766232,False,False,0.04153022642084,69.74375640726161,157920,41.530226420839995
-5.606478,60,2487.135543,False,False,0.0023428706697543,81.28398809827392,157980,2.3428706697543
-8.51101,60,2487.13755,False,True,0.0279665946663822,84.00471678274181,158040,27.9665946663822
-6.243124,60,2487.145548,False,False,0.0416340496429316,87.21786803929405,158100,41.6340496429316
-7.490268,60,2487.208543,False,False,0.0333218549803703,75.69901921512974,158160,33.3218549803703
-5.554259,60,2491.456529,False,False,0.0314827650667958,80.97969334200032,158220,31.4827650667958
-7.447288,60,2491.456547,False,False,0.0558681212975998,78.62747439617867,158280,55.8681212975998
-7.207929,60,2491.469531,False,False,0.0087628090060605,82.18613819774322,158340,8.762809006060499
-6.13309,60,2491.532526,False,False,0.0746051906572547,78.05708329927698,158400,74.6051906572547
-6.895918,60,2494.862655,False,False,0.0405837270120886,69.33276386317623,158460,40.5837270120886
-6.472363,60,2494.865663,False,False,0.0179994705672069,73.61468985272408,158520,17.9994705672069
-5.330271,60,2494.879656,False,False,0.00624960438806,78.71080168793266,158580,6.24960438806
-6.941121,60,2494.941648,False,False,0.0465591596978855,68.19392808043385,158640,46.559159697885505
-6.017519,60,2499.283156,False,False,0.0295562054388337,81.7542726857312,158700,29.5562054388337
-5.30517,60,2499.289151,False,False,0.0114739739410751,81.36704705068095,158760,11.4739739410751
-6.111384,60,2499.301162,False,False,0.0675670785552683,67.86510407042,158820,67.56707855526831
-6.046726,60,2499.367143,False,False,0.0901935846274091,62.82089423949495,158880,90.19358462740911
-5.661818,60,2502.662955,False,False,0.0233492274171871,76.82844292611337,158940,23.3492274171871
-6.089581,60,2502.665957,False,False,0.0206506734221466,80.2825975623199,159000,20.6506734221466
-5.919443,60,2502.666955,False,False,0.0482571678096094,84.84822833942121,159060,48.2571678096094
-6.792354,60,2502.738947,False,False,0.0522660544827322,77.53612471599993,159120,52.2660544827322
-6.354976,60,2506.97981,False,False,0.0551055899723203,87.9366071924447,159180,55.105589972320296
-6.951302,60,2506.980828,False,False,0.030645479397783,78.22285898801026,159240,30.645479397783
-6.467436,60,2506.996814,False,False,0.0180534814907636,88.4319996664255,159300,18.0534814907636
-6.737543,60,2507.059808,False,False,0.0355375566967671,80.70596051502042,159360,35.5375566967671
-7.368943,60,2510.339612,False,False,0.0365597019557788,83.17522429504392,159420,36.559701955778806
-6.336647,60,2510.347609,False,False,0.0403238237062446,72.94897645606517,159480,40.323823706244596
-7.633042,60,2510.350617,False,False,0.0244996090407449,84.42782012611428,159540,24.4996090407449
-7.569453,60,2510.413611,False,False,0.0702541977473935,86.88292519863349,159600,70.2541977473935
-7.374322,60,2514.719049,False,False,0.0099601710800199,87.74114347031009,159660,9.9601710800199
-6.804935,60,2514.724046,False,False,0.035091944506344,87.01985737956522,159720,35.091944506344
-7.536771,60,2514.734049,False,False,0.0313598921599985,75.30633116925122,159780,31.359892159998502
-6.801899,60,2514.797044,False,False,0.0391822174564579,77.20977564709425,159840,39.1822174564579
-6.13304,60,2518.233258,False,False,0.0625979783126184,86.50567788670384,159900,62.5979783126184
-5.901862,60,2518.234252,False,False,0.0189764000150904,86.22882977439673,159960,18.976400015090398
-7.053698,60,2518.250259,False,False,0.0038213893853523,73.5477036408177,160020,3.8213893853523
-5.971377,60,2518.312247,False,False,0.0122123695900786,88.36896115253704,160080,12.2123695900786
-6.876137,60,2522.584251,False,False,0.0074908571710188,79.04991089964018,160140,7.4908571710188
-6.02244,60,2522.584256,False,False,0.1203387789327123,70.06176954486466,160200,120.3387789327123
-5.939909,60,2522.599252,False,False,0.0991500082692706,86.99698325696117,160260,99.1500082692706
-6.32011,60,2522.661252,False,False,0.038985987960873,89.3232465717304,160320,38.985987960873
-7.528666,60,2525.947847,False,False,0.0435472825708578,83.05700378811039,160380,43.547282570857796
-6.952655,60,2525.956845,False,False,0.0166928581084812,86.24421012491601,160440,16.6928581084812
-6.256205,60,2525.963844,False,False,0.0296193569455843,87.12707126500146,160500,29.6193569455843
-7.074838,60,2526.032837,False,False,0.0457910007744504,77.31730199093069,160560,45.791000774450396
-5.962601,60,2530.361068,False,False,0.0714131834664473,82.39342940222258,160620,71.41318346644731
-5.981399,60,2530.364077,False,False,0.0910117224412349,88.04851212622171,160680,91.0117224412349
-5.8344,60,2530.375075,False,False,0.0180120733255202,84.6433984305739,160740,18.012073325520202
-7.593299,60,2530.439064,False,False,0.0270904055723426,89.15083632339079,160800,27.090405572342597
-5.977792,60,2533.732568,False,False,0.0852178533627474,78.40048578899068,160860,85.21785336274739
-6.289426,60,2533.741566,False,False,0.0529973206824744,88.1597906036266,160920,52.997320682474395
-5.678728,60,2533.750567,False,False,0.0296349129740209,77.89471061554258,160980,29.634912974020903
-7.10045,60,2533.810563,False,False,0.0198937455914785,63.994040045768536,161040,19.8937455914785
-6.730385,60,2537.106441,False,False,0.014368954509756,57.64360763452419,161100,14.368954509756
-6.726384,60,2537.110444,False,False,0.0148575342389235,82.84547673971798,161160,14.857534238923499
-5.983304,60,2537.121442,False,False,0.0180067118570487,77.37439548245003,161220,18.0067118570487
-6.805562,60,2537.184436,False,False,0.0403234966351547,75.9647985760499,161280,40.3234966351547
-5.993359,60,2541.424979,False,False,0.1118808078434491,74.49989716077584,161340,111.8808078434491
-5.78139,60,2541.425982,False,False,0.0057904622001943,88.83347193006254,161400,5.7904622001943
-5.882124,60,2541.432985,False,False,0.0638861318032436,73.29521709902626,161460,63.88613180324359
-6.540093,60,2541.500974,False,False,0.0507104547602984,81.04888714371248,161520,50.710454760298404
-6.315282,60,2544.771065,False,False,0.0060202755995387,85.32280332607627,161580,6.0202755995387
-6.268084,60,2544.774066,False,False,0.0358546785885474,86.58740080444079,161640,35.8546785885474
-6.415746,60,2544.782062,False,False,0.0390190067059453,84.01053703353324,161700,39.019006705945294
-7.235259,60,2544.849056,False,False,0.0316799029510534,80.46608083357098,161760,31.6799029510534
-6.230942,60,2549.191901,False,False,0.0373560204972994,74.70939595740774,161820,37.3560204972994
-6.09055,60,2549.1979,False,False,0.0203111318056275,88.7556437336357,161880,20.311131805627497
-6.785603,60,2549.203899,False,False,0.0196843035652203,84.3831891568786,161940,19.6843035652203
-5.924637,60,2549.270893,False,False,0.071337541899796,73.00163663135882,162000,71.33754189979601
-7.665055,60,2552.590422,False,False,0.0539239346490943,71.45621475159005,162060,53.9239346490943
-6.187503,60,2552.590618,False,False,0.0575718161788203,66.27829147150788,162120,57.5718161788203
-7.348866,60,2552.602419,False,False,0.011969040547354,87.36791412762103,162180,11.969040547354
-6.394061,60,2552.665413,False,False,0.0287860389597269,85.17004561963998,162240,28.7860389597269
-7.245645,60,2556.899092,False,False,0.0023057375481752,79.37568776321758,162300,2.3057375481752
-5.999549,60,2556.903077,False,False,0.051684392644041,74.45511758052707,162360,51.684392644041
-5.76093,60,2556.911083,False,False,0.0580605017462432,71.78222465881333,162420,58.0605017462432
-6.116771,60,2556.97508,False,False,0.0727171473114912,83.05874691273097,162480,72.7171473114912
-6.032432,60,2560.39775,False,False,0.0299825205494908,84.7586219392465,162540,29.9825205494908
-7.28663,60,2560.405795,False,False,0.0244324209970507,66.9694407417754,162600,24.4324209970507
-6.063051,60,2560.415791,False,False,0.0032446004730172,82.93406961561455,162660,3.2446004730172
-6.702965,60,2560.476803,False,False,0.005561715557137,87.90454676203858,162720,5.561715557137
-6.885879,60,2564.699195,False,False,0.0265604212540862,80.2189262487262,162780,26.5604212540862
-5.877524,60,2564.708188,False,False,0.0376612086752045,86.40918107702096,162840,37.6612086752045
-6.559535,60,2564.717193,False,False,0.009554036584266,83.4722754600243,162900,9.554036584266
-6.028544,60,2564.780187,False,False,0.0960351635892866,74.48268800518478,162960,96.0351635892866
-6.780137,60,2568.128447,False,False,0.0106191147373657,85.5293093462476,163020,10.6191147373657
-6.424343,60,2568.135434,False,False,0.0372965774984041,75.06782605284302,163080,37.2965774984041
-7.273221,60,2568.143447,False,False,0.0126902560897901,86.51460243347631,163140,12.690256089790099
-6.837301,60,2568.210424,False,False,0.0489279444078308,74.95225325045446,163200,48.9279444078308
-5.828491,60,2572.491383,False,False,0.0441306109631472,69.01656200103088,163260,44.1306109631472
-7.133429,60,2572.497388,False,False,0.0100236334609661,86.68775269378818,163320,10.0236334609661
-7.173092,60,2572.507387,False,False,0.008262352030584,88.57321243116401,163380,8.262352030584
-6.326802,60,2572.570382,False,False,0.0489666810670295,83.03838191000737,163440,48.9666810670295
-6.109778,60,2575.89158,False,False,0.0809391622182167,85.08174863972951,163500,80.93916221821671
-7.237886,60,2575.894583,False,False,0.0109721334600995,85.75652310534895,163560,10.972133460099501
-7.15873,60,2575.906581,False,False,0.0214558678075948,83.08018466653607,163620,21.4558678075948
-6.119665,60,2575.968575,False,False,0.0037400874078396,85.7384364977836,163680,3.7400874078396003
-5.936473,60,2580.404681,False,False,0.0416344224744092,82.428166423975,163740,41.6344224744092
-7.376179,60,2580.411684,False,False,0.0159316699180908,86.27310498235845,163800,15.931669918090801
-7.30849,60,2580.422681,False,False,0.015180639576771,67.79265796872701,163860,15.180639576771
-5.878856,60,2580.483677,False,False,0.0608361758238413,46.372312442730326,163920,60.8361758238413
-5.85743,60,2583.803772,False,False,0.0136620011011877,79.56789587989448,163980,13.6620011011877
-6.396076,60,2583.806773,False,False,0.0241383642221784,60.81420831242813,164040,24.1383642221784
-5.867993,60,2583.820774,False,False,0.0048155041923163,76.4305013410119,164100,4.8155041923163004
-6.114691,60,2583.885768,False,False,0.122790932739514,84.92763504900819,164160,122.79093273951399
-6.644099,60,2588.133382,False,False,0.0305730846585735,83.60117306212841,164220,30.573084658573503
-6.177583,60,2588.146507,False,False,0.038775588095059,82.35550317336447,164280,38.775588095059
-6.151089,60,2588.157504,False,False,0.0685169864725844,84.98038508519788,164340,68.5169864725844
-6.522613,60,2588.218499,False,False,0.0575420869064706,86.60319893983944,164400,57.5420869064706
-7.220174,60,2591.572303,False,False,0.0250122736307916,74.05744126633385,164460,25.0122736307916
-6.140197,60,2591.574306,False,False,0.0652666732610775,87.2489790202106,164520,65.2666732610775
-5.995038,60,2591.587304,False,False,0.0447608856508459,76.95401095601929,164580,44.7608856508459
-6.276338,60,2591.654297,False,False,0.0643535503939173,78.04236265630381,164640,64.3535503939173
-6.478248,60,2595.865203,False,False,0.0638567806027427,75.13320542449047,164700,63.8567806027427
-6.055998,60,2595.870208,False,False,0.1091793097434879,83.94080454040208,164760,109.17930974348789
-5.932399,60,2595.881205,False,False,0.0617656486165892,89.03772618184158,164820,61.7656486165892
-6.207684,60,2595.945198,False,False,0.0527998405355797,65.31196678700422,164880,52.7998405355797
-6.494672,60,2599.28567,False,False,0.0786755947033505,85.25681555887441,164940,78.6755947033505
-6.124555,60,2599.28921,False,False,0.044502912698224,89.27378240448827,165000,44.502912698224
-6.282035,60,2599.301189,False,False,0.0319828901205511,82.76501627370052,165060,31.982890120551097
-7.302998,60,2599.367205,False,False,0.0404051402174975,84.44299974650487,165120,40.4051402174975
-6.430115,60,2602.637031,False,False,0.0256099622609301,86.40919006932415,165180,25.6099622609301
-7.40408,60,2602.638022,False,False,0.0166703158880367,88.35560657913578,165240,16.6703158880367
-6.234768,60,2602.646529,False,False,0.0462306675556128,77.75976447860693,165300,46.230667555612804
-5.777805,60,2602.713004,False,False,0.0226948221498261,87.8698180309231,165360,22.6948221498261
-6.035642,60,2606.934614,False,False,0.0544767809221999,72.71949782427316,165420,54.4767809221999
-5.341807,60,2606.938617,False,False,0.0021682513102924,85.12476321492255,165480,2.1682513102924
-5.741131,60,2606.949099,False,False,0.0371518689325285,86.41187398724934,165540,37.1518689325285
-6.678453,60,2607.012609,False,False,0.0068306209791328,66.15217933357454,165600,6.8306209791328
-5.895632,60,2610.382669,False,False,0.0593608075148167,73.888897189511,165660,59.3608075148167
-6.804416,60,2610.387668,False,False,0.0585959603796445,84.56996965944849,165720,58.5959603796445
-6.192029,60,2610.396667,False,False,0.0513480356634108,86.8915565900172,165780,51.3480356634108
-7.288351,60,2610.458666,False,False,0.0358903430161831,80.10746489548127,165840,35.8903430161831
-6.22808,60,2614.658518,False,False,0.0055305550986489,83.52967188605355,165900,5.5305550986489
-6.872748,60,2614.669561,False,False,0.0063242979678501,89.3055577418469,165960,6.3242979678501
-6.200612,60,2614.679562,False,False,0.0561903758694086,80.52616800334445,166020,56.1903758694086
-6.631472,60,2614.742556,False,False,0.0294109007826213,79.82613227745665,166080,29.4109007826213
-5.160775,60,2618.12297,False,False,0.0006250235170638,78.80965718853071,166140,0.6250235170638
-6.06212,60,2618.129975,False,False,0.0318782635674378,81.43117975989198,166200,31.878263567437802
-5.694127,60,2618.142969,False,False,0.0280666867171677,86.12843651670542,166260,28.066686717167702
-6.134731,60,2618.203966,False,False,0.0073440493187804,65.53945869016809,166320,7.3440493187803995
-6.045024,60,2622.429242,False,False,0.024953418831208,85.6337052047331,166380,24.953418831208
-6.207379,60,2622.432245,False,False,0.0433086163431275,77.56467915337457,166440,43.3086163431275
-5.78043,60,2622.440249,False,False,0.0021677700642044,89.29516395215016,166500,2.1677700642044
-6.904148,60,2622.505238,False,False,0.0197550919810509,69.91485386886144,166560,19.7550919810509
-6.720368,60,2625.802806,False,False,0.0015398682591427,64.12254360775636,166620,1.5398682591427
-6.001842,60,2625.807812,False,False,0.0661483973842359,86.74174742426452,166680,66.1483973842359
-6.765955,60,2625.81881,False,False,0.0517792588794963,70.92275774256244,166740,51.7792588794963
-7.320505,60,2625.881804,False,False,0.0372009890629078,85.19015235835049,166800,37.2009890629078
-5.488282,60,2630.091073,False,False,0.0086322910678004,87.79503390361823,166860,8.632291067800399
-5.602804,60,2630.097074,False,False,0.024346379476296,87.97872810000655,166920,24.346379476296
-6.006755,60,2630.102078,False,False,0.0748917736733896,87.87684398293513,166980,74.89177367338961
-6.04283,60,2630.164074,False,False,0.0251104623259927,85.17430536943195,167040,25.110462325992703
-5.971425,60,2633.467304,False,False,0.0482989283743492,78.08127339138326,167100,48.2989283743492
-5.979193,60,2633.472309,False,False,0.0884124330919354,78.74403853852668,167160,88.4124330919354
-7.051764,60,2633.481313,False,False,0.0094123599962213,72.54244858314753,167220,9.4123599962213
-7.058847,60,2633.543304,False,False,0.0179487467204789,87.2912269772873,167280,17.9487467204789
-6.988294,60,2637.778415,False,False,0.0322870372609224,84.10254331509786,167340,32.287037260922396
-6.902084,60,2637.77942,False,False,0.0441469529507783,82.28807945459954,167400,44.1469529507783
-6.237045,60,2637.789411,False,False,0.0511418052875983,88.38647949842199,167460,51.141805287598295
-7.126026,60,2637.857404,False,False,0.0433770391903809,65.43635113222639,167520,43.3770391903809
-5.932465,60,2641.25754,False,False,0.0428384739706574,79.20888209374438,167580,42.8384739706574
-7.853769,60,2641.26554,False,True,0.0058627756833353,81.3787315648511,167640,5.8627756833353
-6.061681,60,2641.277537,False,False,0.0741099771826571,78.6909104227703,167700,74.1099771826571
-6.18687,60,2641.339532,False,False,0.0629431808276368,88.02394833469288,167760,62.943180827636795
-7.580949,60,2645.563382,False,False,0.0270260462644176,75.46685741121577,167820,27.0260462644176
-6.667019,60,2645.565392,False,False,0.0132788268568339,86.81833135744421,167880,13.2788268568339
-5.837774,60,2645.573385,False,False,0.0565752553816589,81.97190060518258,167940,56.5752553816589
-5.706622,60,2645.641377,False,False,0.0238357666500242,89.36199484494311,168000,23.835766650024198
-6.4926,60,2648.94322,False,False,0.026698370949799,76.32313060485622,168060,26.698370949799
-7.030802,60,2648.947223,False,False,0.0165479007306651,85.9933083535917,168120,16.5479007306651
-5.837409,60,2648.958221,False,False,0.0206604358379658,78.88992766719649,168180,20.6604358379658
-7.275401,60,2649.021215,False,False,0.0104172239199542,86.32008550862837,168240,10.4172239199542
-6.64214,60,2653.285649,False,False,0.008720073489858,83.60468160940808,168300,8.720073489858
-6.310914,60,2653.29024,False,False,0.0404356527778604,80.47340638331374,168360,40.4356527778604
-6.282429,60,2653.30395,False,False,0.0593677771554678,86.71108151857088,168420,59.3677771554678
-6.376204,60,2653.354285,False,False,0.0132226269812653,87.09712103722488,168480,13.2226269812653
-6.304081,60,2656.644067,False,False,0.0059716973751243,74.72338771609147,168540,5.9716973751243
-6.319899,60,2656.650059,False,False,0.0161101802869892,86.87266035798557,168600,16.110180286989202
-6.224781,60,2656.660065,False,False,0.0410448707613838,79.07414251753639,168660,41.0448707613838
-6.968123,60,2656.724051,False,False,0.0209995103316883,87.27120635243381,168720,20.999510331688303
-5.948953,60,2660.110485,False,False,0.06451823179012,82.42437754600148,168780,64.51823179012001
-6.658858,60,2660.114488,False,False,0.0216873690315213,67.38999126668197,168840,21.6873690315213
-7.37051,60,2660.125485,False,False,0.0447294905189171,87.54010326286384,168900,44.7294905189171
-6.533853,60,2660.18948,False,False,0.0217223664057176,70.5626380203695,168960,21.722366405717597
-6.219154,60,2664.413642,False,False,0.0034071502349094,77.79568015771157,169020,3.4071502349094
-7.129129,60,2664.417646,False,False,0.0040261933598451,60.25088718601043,169080,4.0261933598451
-7.421516,60,2664.427651,False,False,0.0241172503665429,88.09404639113747,169140,24.1172503665429
-5.900245,60,2664.491637,False,False,0.024803695917634,75.3887566771459,169200,24.803695917634002
-6.785715,60,2667.757504,False,False,0.0402810097886524,77.4429108962468,169260,40.2810097886524
-6.237282,60,2667.761507,False,False,0.0602512909328824,84.05783337620737,169320,60.251290932882405
-5.849062,60,2667.774507,False,False,0.0462269657988037,89.52376305474714,169380,46.2269657988037
-6.051853,60,2667.828502,False,False,0.0120630975409231,63.38883731036256,169440,12.0630975409231
-4.98027,60,2672.064825,False,False,0.0024691093435698,85.07116778016787,169500,2.4691093435697997
-6.569298,60,2672.068828,False,False,0.0431087770728326,82.00215597866753,169560,43.1087770728326
-6.11776,60,2672.079825,False,False,0.0189112411567771,68.86978210012724,169620,18.911241156777102
-5.731017,60,2672.138321,False,False,0.0093942139089621,88.63792373013185,169680,9.3942139089621
-5.593012,60,2675.442069,False,False,0.0109584334217503,81.12694031001125,169740,10.9584334217503
-5.763229,60,2675.443081,False,False,0.0395930190797821,79.47489796193324,169800,39.593019079782096
-7.170398,60,2675.454078,False,False,0.0131215630291989,87.28363081076229,169860,13.1215630291989
-5.813306,60,2675.519079,False,False,0.0323208344707254,72.86873611418946,169920,32.3208344707254
-6.579197,60,2679.820358,False,False,0.0136475035124136,85.15614503611334,169980,13.6475035124136
-6.029302,60,2679.822363,False,False,0.0543613883907871,76.95886317907569,170040,54.3613883907871
-5.868941,60,2679.838355,False,False,0.0297462898531395,72.43560312197198,170100,29.746289853139498
-5.903117,60,2679.901349,False,False,0.0293237002301022,89.80105687282914,170160,29.323700230102197
-6.472648,60,2683.284299,False,False,0.0474896563443627,71.59315431050189,170220,47.4896563443627
-6.875023,60,2683.286319,False,False,0.0415724437563636,75.54899154792888,170280,41.5724437563636
-7.396434,60,2683.300291,False,False,0.0161930040664875,69.93076812679853,170340,16.1930040664875
-6.09238,60,2683.359256,False,False,0.0027703810330784,76.76096900060293,170400,2.7703810330784
-7.029356,60,2687.598492,False,False,0.0287842420089891,85.1134607021255,170460,28.7842420089891
-6.545449,60,2687.600498,False,False,0.0488837756724339,75.1106336339556,170520,48.8837756724339
-6.3655,60,2687.610496,False,False,0.0413843825953625,88.62014399396116,170580,41.3843825953625
-6.660619,60,2687.676487,False,False,0.0131227586335287,68.74915232026252,170640,13.1227586335287
-7.815111,60,2691.050629,False,False,0.0438549390537531,69.66082623546247,170700,43.8549390537531
-7.139384,60,2691.051628,False,False,0.0058062605852965,82.6037344302174,170760,5.8062605852965
-6.161654,60,2691.06063,False,False,0.0182574742490333,70.17013717233739,170820,18.2574742490333
-7.171514,60,2691.123624,False,False,0.0246010242418167,77.18530412132867,170880,24.601024241816702
-7.073706,60,2695.614894,False,False,0.0026720280257038,65.19597365629978,170940,2.6720280257038
-6.571658,60,2695.619901,False,False,0.0114011400616512,85.26682634224443,171000,11.4011400616512
-6.946317,60,2695.629894,False,False,0.0282636624402373,64.65071055918084,171060,28.2636624402373
-5.899171,60,2695.694876,False,False,0.0740224732079891,76.37053466337295,171120,74.02247320798911
-5.922396,60,2699.047843,False,False,0.0143185443252503,54.00625867639648,171180,14.318544325250299
-6.324055,60,2699.053842,False,False,0.0218193661623439,64.88658288916994,171240,21.819366162343897
-5.626254,60,2699.062844,False,False,0.0425728161061198,73.89016324593874,171300,42.5728161061198
-6.029845,60,2699.125838,False,False,0.0120928229712082,79.79364143733035,171360,12.0928229712082
-6.245376,60,2703.487334,False,False,0.0403924475577151,84.76457341931234,171420,40.3924475577151
-6.64394,60,2703.491337,False,False,0.0350568318931162,86.95840732597946,171480,35.056831893116204
-6.024908,60,2703.496339,False,False,0.0561763254973322,59.27273401308982,171540,56.1763254973322
-5.958076,60,2703.560335,False,False,0.0833674661525651,67.87199876052918,171600,83.3674661525651
-6.765193,60,2706.823727,False,False,0.0089631749095729,87.73514579253275,171660,8.963174909572901
-5.606541,60,2706.82773,False,False,0.0003118023224766,88.8803286489017,171720,0.3118023224766
-5.72583,60,2706.837728,False,False,0.0494207778089338,84.24135037247368,171780,49.4207778089338
-6.466439,60,2706.90272,False,False,0.02118668477243,81.8756691250676,171840,21.18668477243
-6.293077,60,2711.142586,False,False,0.0162595379375375,57.824314449483225,171900,16.2595379375375
-6.158373,60,2711.144593,False,False,0.0223133620113959,77.87321873389452,171960,22.313362011395903
-5.52552,60,2711.158586,False,False,0.0237072770149484,66.67744694813722,172020,23.7072770149484
-6.289398,60,2711.220582,False,False,0.0104007942530301,66.72535530988318,172080,10.4007942530301
-5.610278,60,2714.506344,False,False,0.0366608104122098,71.290555535998,172140,36.660810412209806
-6.213781,60,2714.513342,False,False,0.0397176402068345,86.69160758115021,172200,39.7176402068345
-7.505851,60,2714.522342,False,False,0.0342127351095638,65.96277685521461,172260,34.212735109563795
-5.723832,60,2714.584339,False,False,0.0444840023118832,89.99709929186723,172320,44.4840023118832
-5.871014,60,2718.773937,False,False,0.0390023083357484,78.81917061799217,172380,39.0023083357484
-7.146962,60,2718.776953,False,False,0.031463223572275,89.48763210353279,172440,31.463223572274998
-5.959131,60,2718.788937,False,False,0.0367114535984346,70.48547528864886,172500,36.7114535984346
-5.813466,60,2718.851932,False,False,0.0150304080542505,87.81821024813053,172560,15.0304080542505
-7.01401,60,2722.110583,False,False,0.0344278377405298,81.88928543858621,172620,34.4278377405298
-6.327248,60,2722.115585,False,False,0.0334707235574162,77.525277699304,172680,33.4707235574162
-6.957187,60,2722.125584,False,False,0.0078475110182707,78.04936784150826,172740,7.8475110182707
-6.824142,60,2722.187576,False,False,0.0432597974670407,70.87290115749519,172800,43.2597974670407
-5.764473,60,2725.492055,False,False,0.0515609273292655,78.90611773578802,172860,51.5609273292655
-6.162225,60,2725.494058,False,False,0.0690523870705276,53.10311944341654,172920,69.0523870705276
-6.752126,60,2725.506054,False,False,0.0123923430228854,80.79781132591395,172980,12.3923430228854
-7.588921,60,2725.571049,False,False,0.0244949283068128,71.74388752469196,173040,24.4949283068128
-6.108914,60,2729.728792,False,False,0.0004158963220875,64.93905687837938,173100,0.41589632208750005
-7.074475,60,2729.737784,False,False,0.0496797899724709,69.62034486018845,173160,49.6797899724709
-5.357774,60,2729.746783,False,False,0.0190589708555178,73.96355867876596,173220,19.0589708555178
-7.6136,60,2729.809778,False,False,0.0365878886814414,61.43112010419064,173280,36.5878886814414
-5.82887,60,2733.071234,False,False,0.0024197581935069,75.47673734874273,173340,2.4197581935068997
-6.159055,60,2733.079243,False,False,0.0004014142180608,62.44837589277768,173400,0.4014142180608
-5.836328,60,2733.092232,False,False,0.0755372290020889,71.09915915273437,173460,75.53722900208889
-7.096817,60,2733.154227,False,False,0.0030676345688546,87.28192784199172,173520,3.0676345688546003
-5.791958,60,2737.348914,False,False,0.0715491784667564,62.11880119500388,173580,71.5491784667564
-6.215078,60,2737.357913,False,False,0.0059262906005434,85.9910257625096,173640,5.9262906005434
-6.713325,60,2737.367913,False,False,0.0241795706996183,83.52855556554549,173700,24.179570699618303
-6.036711,60,2737.42991,False,False,0.0292695808513055,86.17462954285818,173760,29.269580851305502
-5.336668,60,2740.720636,False,False,0.0064685930329497,77.85987609292418,173820,6.4685930329497
-6.809469,60,2740.721634,False,False,0.0352063512194789,76.6715612066683,173880,35.2063512194789
-7.481317,60,2740.728633,False,False,0.02570972797498,57.49658186533614,173940,25.70972797498
-6.083534,60,2740.794628,False,False,0.0605037471447309,69.08020496541246,174000,60.503747144730895
-5.912079,60,2745.031559,False,False,0.0711369085742457,76.2026153872283,174060,71.13690857424571
-7.57277,60,2745.040565,False,False,0.0579821436841631,89.87019525480446,174120,57.9821436841631
-6.052441,60,2745.045562,False,False,0.0495793317667609,82.2923254036292,174180,49.5793317667609
-6.156876,60,2745.115548,False,False,0.0129385188526614,49.0209340123124,174240,12.9385188526614
-6.485306,60,2748.363087,False,False,0.0320213728881099,84.69099096065644,174300,32.021372888109894
-6.787611,60,2748.36709,False,False,0.0017607348084342,83.97233323221488,174360,1.7607348084341998
-9.583511,60,2748.381084,False,True,0.0131923504848004,82.97109953390301,174420,13.1923504848004
-7.460749,60,2748.44308,False,False,0.048088008271748,89.60943162878188,174480,48.088008271748
-5.980859,60,2752.669264,False,False,0.045470136597385,89.61412530413922,174540,45.470136597385
-8.055689,60,2752.674264,False,True,0.0896913995593206,79.62911233512452,174600,89.6913995593206
-6.664552,60,2752.682265,False,False,0.0342549853626659,88.01026538185151,174660,34.2549853626659
-7.594265,60,2752.748255,False,True,0.0160717579894558,84.63635750583089,174720,16.0717579894558
-6.012829,60,2756.018704,False,False,0.0654107766288276,89.79405458503089,174780,65.4107766288276
-5.654885,60,2756.020711,False,False,0.0364095181521997,70.95420449630262,174840,36.4095181521997
-5.502904,60,2756.035704,False,False,0.0217741923713207,79.69040901556498,174900,21.7741923713207
-5.726061,60,2756.102698,False,False,0.0428188322696492,89.07223728237813,174960,42.8188322696492
-6.176375,60,2760.271658,False,False,0.0599530753546935,79.07685545460248,175020,59.953075354693496
-7.041852,60,2760.276665,False,False,0.004033947706723,71.4952873025551,175080,4.033947706723
-7.595341,60,2760.286659,False,False,0.0358176346085175,86.4533597383567,175140,35.8176346085175
-5.806337,60,2760.349653,False,False,0.0107785620215646,79.11427416589197,175200,10.7785620215646
-7.475947,60,2763.661582,False,False,0.032977518920766,84.92663855107163,175260,32.977518920766
-5.730238,60,2763.668586,False,False,0.0268247099405733,87.76931533133491,175320,26.8247099405733
-7.187828,60,2763.678579,False,False,0.0125162860323383,71.50635975663927,175380,12.5162860323383
-6.006108,60,2763.741573,False,False,0.0354726083790107,87.19092062842428,175440,35.4726083790107
-6.183606,60,2767.920306,False,False,0.061025536404077,88.23281149135721,175500,61.025536404077
-7.195882,60,2767.928305,False,False,0.0370519477792844,87.01202710460426,175560,37.051947779284404
-6.600908,60,2767.937307,False,False,0.0384905268634599,62.340598458022434,175620,38.4905268634599
-6.27773,60,2767.998302,False,False,0.0260526307705281,74.76975722311204,175680,26.0526307705281
-7.929522,60,2771.265178,False,True,0.0570738201769955,81.09545889337569,175740,57.0738201769955
-5.390152,60,2771.266189,False,False,0.0011064686266191,73.39584734959233,175800,1.1064686266191
-5.907641,60,2771.279182,False,False,0.0400816618868871,79.96854306045581,175860,40.081661886887105
-5.76837,60,2771.343173,False,False,0.0425556650772999,85.55299976663792,175920,42.5556650772999
-6.266906,60,2776.105579,False,False,0.0085520018501796,70.2780717983607,175980,8.5520018501796
-6.86355,60,2776.108587,False,False,0.0168981372012985,86.61709022840441,176040,16.8981372012985
-6.138928,60,2776.122575,False,False,0.0467262186831805,82.79634008604765,176100,46.7262186831805
-5.908512,60,2776.183574,False,False,0.0832941450226545,78.01092388022172,176160,83.2941450226545
-7.29023,60,2779.489523,False,False,0.0132403808591392,84.51225555984236,176220,13.2403808591392
-5.936137,60,2779.497521,False,False,0.013441813139181,67.66805092237912,176280,13.441813139181
-5.559145,60,2779.509516,False,False,0.0096039487280567,86.69353753758341,176340,9.6039487280567
-5.419659,60,2779.571512,False,False,0.0125153596229183,81.96081386651232,176400,12.5153596229183
-7.234338,60,2782.814459,False,False,0.0235577816576669,88.08988892819866,176460,23.5577816576669
-9.439653,60,2782.817463,False,True,0.043643367140846,87.62637193447077,176520,43.643367140845996
-5.812415,60,2782.82946,False,False,0.0283402895800005,72.94856029554524,176580,28.3402895800005
-6.003519,60,2782.893452,False,False,0.0617898544209201,86.18475547393221,176640,61.7898544209201
-7.634451,60,2787.105328,False,False,0.0233848970324794,70.66378028732558,176700,23.3848970324794
-5.958741,60,2787.112326,False,False,0.0509653440153084,72.44974630552872,176760,50.9653440153084
-6.233763,60,2787.11733,False,False,0.0382047676269097,77.67015803700117,176820,38.2047676269097
-5.478976,60,2787.185318,False,False,0.0058424355634474,89.40129119998592,176880,5.8424355634474
-6.79237,60,2790.474969,False,False,0.0233182040392067,86.82015846461884,176940,23.318204039206698
-5.449734,60,2790.479971,False,False,0.0224556224690857,84.88939002053728,177000,22.4556224690857
-6.216543,60,2790.491966,False,False,0.00837783290587,88.57099124305198,177060,8.377832905870001
-8.052629,60,2790.553963,False,True,0.0512978319279312,76.85907093890758,177120,51.2978319279312
-6.249239,60,2794.842514,False,False,0.0223709373864723,75.9849009933419,177180,22.3709373864723
-6.789297,60,2794.849513,False,False,0.0715174685885085,82.35627314549133,177240,71.5174685885085
-6.552715,60,2794.859513,False,False,0.0063804350813333,78.17911055374971,177300,6.3804350813332995
-6.558112,60,2794.922507,False,False,0.0051817416724745,81.77912221673499,177360,5.1817416724745
-5.699299,60,2798.244004,False,False,0.0416802474229263,78.39464275701913,177420,41.6802474229263
-6.581695,60,2798.245987,False,False,0.0079559989370041,75.15643792030787,177480,7.9559989370041
-7.136979,60,2798.259986,False,False,0.0039622829923573,88.205503524465,177540,3.9622829923573
-7.487992,60,2798.326977,False,False,0.0165011759510457,84.27971769549264,177600,16.5011759510457
-7.928815,60,2802.450871,False,True,0.0542465033738472,80.86890164188725,177660,54.2465033738472
-5.811826,60,2802.461878,False,False,0.0678112123456141,85.29216309455181,177720,67.81121234561411
-7.35152,60,2802.469881,False,False,0.0229242811501604,88.09592324162303,177780,22.9242811501604
-5.87613,60,2802.53587,False,False,0.0354165581536435,64.32290107960335,177840,35.4165581536435
-5.657582,60,2805.797631,False,False,0.0259106467204822,84.63515181211307,177900,25.9106467204822
-5.628194,60,2805.800634,False,False,0.0216986216648501,84.31870907854749,177960,21.6986216648501
-6.228634,60,2805.814629,False,False,0.0451128240713447,81.86298625782034,178020,45.1128240713447
-5.825389,60,2805.877623,False,False,0.0514856587017837,87.67981457229902,178080,51.4856587017837
-5.759805,60,2810.054918,False,False,0.0449573620076702,82.52991184769942,178140,44.9573620076702
-6.22005,60,2810.062061,False,False,0.0523630142228679,60.249579338988994,178200,52.363014222867896
-5.430591,60,2810.076061,False,False,0.0187115042824269,81.48705719796878,178260,18.7115042824269
-7.150081,60,2810.139055,False,False,0.0380513166762122,85.91563466600218,178320,38.051316676212195
-6.035416,60,2813.441798,False,False,0.0323075621854091,89.19298348781963,178380,32.307562185409104
-6.216107,60,2813.445801,False,False,0.061068456017731,86.90090502268856,178440,61.068456017730995
-5.814503,60,2813.457796,False,False,0.046824967524707,86.90765260145668,178500,46.824967524707
-5.476875,60,2813.518797,False,False,0.0299375222540324,74.20945785043608,178560,29.9375222540324
-7.524,60,2817.66782,False,False,0.0478320330633028,88.12204560370793,178620,47.8320330633028
-5.864204,60,2817.671823,False,False,0.0545163945224125,88.2674603930359,178680,54.5163945224125
-6.616635,60,2817.679834,False,False,0.0080335808322097,89.64493889522127,178740,8.0335808322097
-6.753917,60,2817.75532,False,False,0.0145562775175335,70.4420800334196,178800,14.5562775175335
-5.8019,60,2820.968278,False,False,0.0336291007449734,80.19075808435286,178860,33.6291007449734
-6.422813,60,2820.982281,False,False,0.0343652541145716,78.55860151080715,178920,34.3652541145716
-6.074728,60,2820.99628,False,False,0.0753041216777116,87.10450925486774,178980,75.30412167771159
-6.730366,60,2821.053289,False,False,0.012337890323673,89.89396471208066,179040,12.337890323673001
-6.010288,60,2825.284867,False,False,0.0331237214590044,70.23850740954876,179100,33.1237214590044
-6.853699,60,2825.289856,False,False,0.0571808701853127,86.78293229908607,179160,57.1808701853127
-7.015966,60,2825.303859,False,False,0.0266564965061627,73.77929773789387,179220,26.6564965061627
-6.098381,60,2825.364855,False,False,0.0499330595397383,83.56367062356345,179280,49.933059539738295
-6.154852,60,2828.583548,False,False,0.0581411767281282,80.85695549103846,179340,58.1411767281282
-6.131292,60,2828.589546,False,False,0.0116844789592936,84.83587733178439,179400,11.6844789592936
-6.340706,60,2828.59556,False,False,0.0580080822039155,88.48097804761896,179460,58.0080822039155
-6.128503,60,2828.660549,False,False,0.0178406979063168,89.22988802421176,179520,17.840697906316798
-5.240151,60,2832.852278,False,False,0.0163923113814906,72.75338175081691,179580,16.3923113814906
-5.698457,60,2832.856281,False,False,0.0489610651237991,84.39466103114674,179640,48.9610651237991
-6.781369,60,2832.867279,False,False,0.0160423115887795,75.59842074153705,179700,16.0423115887795
-7.158938,60,2832.931274,False,False,0.0202107775129754,86.57704975017708,179760,20.2107775129754
-6.24174,60,2836.169548,False,False,0.0190421432545689,67.6854589688181,179820,19.042143254568902
-7.715663,60,2836.171557,False,False,0.0366942711645985,82.85371144789403,179880,36.694271164598504
-6.135226,60,2836.180551,False,False,0.0001143653632595,65.46063401589534,179940,0.1143653632595
-6.902177,60,2836.250533,False,False,0.037876246841229,72.85574005524086,180000,37.876246841229
-5.898771,60,2840.479824,False,False,0.0989191591226895,76.14440546164579,180060,98.9191591226895
-7.327576,60,2840.47983,False,False,0.026912771434864,77.82494156556072,180120,26.912771434864002
-6.042688,60,2840.490828,False,False,0.0026568362915433,89.14111156849646,180180,2.6568362915433
-5.714411,60,2840.555819,False,False,0.007027368866015,68.86279907204383,180240,7.027368866015
-6.641801,60,2843.77594,False,False,0.0169013267019627,78.6216832127449,180300,16.901326701962702
-6.111567,60,2843.779944,False,False,0.0598506350808655,69.17060988970017,180360,59.8506350808655
-6.199969,60,2843.788934,False,False,0.0508978612984807,88.51496017401439,180420,50.8978612984807
-6.127454,60,2843.852923,False,False,0.0128931856614147,81.04536785454789,180480,12.8931856614147
-6.072438,60,2847.078104,False,False,0.078674647751779,75.54227464203646,180540,78.674647751779
-6.04385,60,2847.079103,False,False,0.0249461605612203,71.47440362285121,180600,24.946160561220303
-6.008999,60,2847.091101,False,False,0.0214554715169106,77.76722883943177,180660,21.455471516910603
-6.777054,60,2847.154095,False,False,0.0231065709359506,73.81278449036185,180720,23.1065709359506
-6.43045,60,2851.31971,False,False,0.0111504832285328,67.94628349960445,180780,11.1504832285328
-7.089504,60,2851.321713,False,False,0.0590397315142339,67.21925992590157,180840,59.0397315142339
-7.212241,60,2851.33271,False,False,0.0383247547771893,87.85949096793098,180900,38.3247547771893
-7.262342,60,2851.394707,False,False,0.0430236895070833,68.16775664866549,180960,43.023689507083304
-6.754561,60,2854.653793,False,False,0.0235634829513918,84.41583414536326,181020,23.563482951391798
-4.827579,60,2854.653793,False,False,0.0037774623723307,86.17937872658311,181080,3.7774623723307
-6.063686,60,2854.662791,False,False,0.0170026625322385,79.55660382104382,181140,17.002662532238503
-7.228924,60,2854.73278,False,False,0.0302464451669791,82.64619052358061,181200,30.2464451669791
-6.405586,60,2858.891153,False,False,0.0308170550313511,73.11797985360127,181260,30.817055031351103
-7.080761,60,2858.896156,False,False,0.0097555074389336,89.60674975660898,181320,9.7555074389336
-5.754054,60,2858.904156,False,False,0.0021214108796359,76.55464185837388,181380,2.1214108796359
-6.689118,60,2858.965151,False,False,0.024607890153903,68.23090232427414,181440,24.607890153903
-6.290909,60,2862.274976,False,False,0.0151984449468916,82.96680089028254,181500,15.1984449468916
-5.52467,60,2862.277977,False,False,0.0048850051504323,71.21458154276667,181560,4.8850051504323
-5.66337,60,2862.286978,False,False,0.0296944825346123,67.3136989147351,181620,29.694482534612302
-6.061407,60,2862.350983,False,False,0.0525393495074946,87.91460259307306,181680,52.5393495074946
-6.770619,60,2866.433739,False,False,0.0424617967655531,88.60879783401073,181740,42.4617967655531
-6.042269,60,2866.433742,False,False,0.0286063620302134,81.11647460304076,181800,28.6063620302134
-5.154307,60,2866.442742,False,False,0.0099842661744787,67.38237283409796,181860,9.9842661744787
-5.790012,60,2866.50874,False,False,0.0011534708809218,67.532159504233,181920,1.1534708809218002
-6.16288,60,2869.756003,False,False,0.0430236865164062,83.81543098777037,181980,43.0236865164062
-6.082468,60,2869.759012,False,False,0.0272790201944019,89.99870142847911,182040,27.279020194401898
-7.01808,60,2869.775004,False,False,0.0137637104045948,84.86161184234706,182100,13.7637104045948
-6.084391,60,2869.837998,False,False,0.0089867576650803,89.23218434017072,182160,8.9867576650803
-5.481652,60,2873.951419,False,False,0.0209642160101175,69.13022119312429,182220,20.9642160101175
-7.669662,60,2873.958421,False,False,0.0278490549428286,76.16089949842603,182280,27.8490549428286
-6.257819,60,2873.970419,False,False,0.012551301396184,72.0582898849423,182340,12.551301396184
-6.088802,60,2874.032413,False,False,0.0247310089885265,70.6309823129311,182400,24.7310089885265
-6.703211,60,2877.268191,False,False,0.0066032006888827,78.05574665224819,182460,6.6032006888827
-6.024946,60,2877.27019,False,False,0.0502498653611742,77.77018036685804,182520,50.2498653611742
-6.787031,60,2877.281188,False,False,0.0145180181798245,69.23415097688793,182580,14.5180181798245
-6.416323,60,2877.345181,False,False,0.0285989222999155,59.19326421018642,182640,28.5989222999155
-5.878551,60,2881.487568,False,False,0.0022742416830335,70.31817183408113,182700,2.2742416830335004
-6.761882,60,2881.497792,False,False,0.0044552834939535,70.90995978479809,182760,4.4552834939535
-5.415465,60,2881.506794,False,False,0.0029826783821597,67.56376944793013,182820,2.9826783821597
-7.137912,60,2881.568794,False,False,0.0207834761246542,76.54328359947795,182880,20.7834761246542
-6.003646,60,2884.838659,False,False,0.0085207280127787,83.33607443676102,182940,8.5207280127787
-6.49862,60,2884.841669,False,False,0.0519024036506443,57.00040223655576,183000,51.9024036506443
-5.902812,60,2884.85366,False,False,0.0012202588101252,85.71323653608766,183060,1.2202588101252
-6.390774,60,2884.916654,False,False,0.0572498289194497,75.25054856324039,183120,57.2498289194497
-6.996804,60,2889.091136,False,False,0.0056665818536249,57.154468105130405,183180,5.6665818536249
-5.455978,60,2889.091141,False,False,0.0093226511813941,65.55369367472082,183240,9.3226511813941
-6.115416,60,2889.105139,False,False,0.0728220136634862,81.98552880985795,183300,72.8220136634862
-6.706468,60,2889.170128,False,False,0.0114284889116722,86.39435704934135,183360,11.4284889116722
-5.987883,60,2892.444154,False,False,0.0442288542047803,72.24560671871546,183420,44.228854204780305
-6.212601,60,2892.45116,False,False,0.058945252686124,81.3446975213903,183480,58.945252686124
-6.305854,60,2892.462157,False,False,0.0143139465939107,72.61323702572052,183540,14.3139465939107
-5.635876,60,2892.52415,False,False,0.0530146457842774,56.06843320626801,183600,53.0146457842774
-6.852016,60,2896.715775,False,False,0.0499150806631571,60.55462122645702,183660,49.9150806631571
-5.589731,60,2896.71778,False,False,0.0077145771114186,81.82297796178764,183720,7.7145771114186
-6.59981,60,2896.730776,False,False,0.023851405420036,84.33665271224737,183780,23.851405420036002
-6.2414,60,2896.79377,False,False,0.086854586717258,85.3378458633112,183840,86.854586717258
-5.834777,60,2900.11779,False,False,0.0907758137809873,59.70790344519036,183900,90.7758137809873
-6.787308,60,2900.122816,False,False,0.0081609911574322,87.51967607438222,183960,8.1609911574322
-5.821374,60,2900.134815,False,False,0.0397518667567557,55.93463611202949,184020,39.751866756755696
-6.581305,60,2900.195785,False,False,0.0573262307274703,44.20853225012269,184080,57.326230727470296
-6.612651,60,2903.478297,False,False,0.0109981540230834,41.951987084149685,184140,10.9981540230834
-6.045447,60,2903.4823,False,False,0.0390137299734238,58.40964845585146,184200,39.0137299734238
-7.303006,60,2903.491301,False,False,0.0392371913303238,56.14822223129112,184260,39.2371913303238
-5.772118,60,2903.554295,False,False,0.015129149138969,52.64374676422344,184320,15.129149138969
-6.580728,60,2907.675394,False,False,0.0222042148724807,71.19021837485288,184380,22.204214872480698
-6.460297,60,2907.6754,False,False,0.0065857083387156,58.72270711030308,184440,6.5857083387156
-6.395167,60,2907.686398,False,False,0.0267085100037067,56.13376383663951,184500,26.7085100037067
-5.689558,60,2907.752393,False,False,0.0086712266922391,68.25126658763105,184560,8.6712266922391
-6.461955,60,2910.929112,False,False,0.0486494877534387,50.79142526742303,184620,48.6494877534387
-6.004242,60,2910.933115,False,False,0.0255311595993192,54.69743139246778,184680,25.5311595993192
-5.978573,60,2910.934953,False,False,0.0532895481264868,60.33341140119136,184740,53.2895481264868
-6.060616,60,2911.008126,False,False,0.0655958560138412,64.24049163978277,184800,65.5958560138412
-6.027227,60,2915.215462,False,False,0.069605338569544,66.90655162650147,184860,69.605338569544
-6.542213,60,2915.217467,False,False,0.0171318702278328,59.8470242868277,184920,17.131870227832803
-6.106721,60,2915.228464,False,False,0.0445068577354172,72.85068614935204,184980,44.506857735417206
-6.447242,60,2915.284464,False,False,0.0355161440550727,68.85106203316168,185040,35.5161440550727
-7.146754,60,2918.584001,False,False,0.0023985922170951,71.55687093741207,185100,2.3985922170951
-5.673703,60,2918.58401,False,False,0.0494765975716952,57.04929605480704,185160,49.4765975716952
-7.113451,60,2918.595008,False,False,0.015242262519814,77.97580256608687,185220,15.242262519814
-6.304995,60,2918.661996,False,False,0.0080557893367498,83.8706043941016,185280,8.0557893367498
-5.929783,60,2922.813354,False,False,0.0043378861013681,72.0147637472245,185340,4.3378861013681
-6.539761,60,2922.81336,False,False,0.031578489835249,77.99455677923312,185400,31.578489835249
-5.955649,60,2922.827353,False,False,0.0248226012104103,72.15488694357151,185460,24.8226012104103
-6.390906,60,2922.887352,False,False,0.0146479504702443,51.97717902483058,185520,14.6479504702443
-7.507445,60,2926.121886,False,False,0.0138772098029568,78.91472295688274,185580,13.8772098029568
-6.334944,60,2926.122879,False,False,0.0363601148540637,55.5197650571175,185640,36.3601148540637
-5.674211,60,2926.13788,False,False,0.0692788418838047,41.26347684994462,185700,69.2788418838047
-5.858908,60,2926.199882,False,False,0.0256418859198016,56.22098240254705,185760,25.6418859198016
-7.084894,60,2930.311712,False,False,0.0238006522192448,60.58477108603866,185820,23.800652219244803
-6.671836,60,2930.314708,False,False,0.001082721631736,65.03652656580171,185880,1.082721631736
-5.507052,60,2930.32271,False,False,0.0045109622015324,61.74144244570837,185940,4.5109622015324
-5.837107,60,2930.391703,False,False,0.0526731940536838,70.13657996411595,186000,52.6731940536838
-5.867445,60,2933.697545,False,False,0.0763186114939989,57.04225059314687,186060,76.3186114939989
-6.076472,60,2933.702549,False,False,0.009034032600611,84.44744360826728,186120,9.034032600610999
-7.417893,60,2933.713546,False,False,0.0411553942603679,60.81741172586675,186180,41.1553942603679
-5.951849,60,2933.777547,False,False,0.0246300934105747,40.77145586681476,186240,24.630093410574702
-7.042472,60,2937.936416,False,False,0.0201686334486473,63.55398343734178,186300,20.168633448647302
-6.084255,60,2937.938426,False,False,0.0373268670193153,59.93538121793488,186360,37.3268670193153
-6.213121,60,2937.950425,False,False,0.0436931560021525,53.87468527691437,186420,43.6931560021525
-6.153413,60,2938.019798,False,False,0.0020818754491565,74.9595993652844,186480,2.0818754491565
-6.011689,60,2941.234482,False,False,0.0372579474528844,64.27600205385602,186540,37.2579474528844
-6.328406,60,2941.237476,False,False,0.0593641585722943,78.62166760144582,186600,59.3641585722943
-6.779011,60,2941.250478,False,False,0.0299513480699921,64.58838893208797,186660,29.9513480699921
-6.072158,60,2941.317479,False,False,0.0584500293487163,47.65170063193057,186720,58.4500293487163
-6.330494,60,2945.48862,False,False,0.0631460204430512,57.054602802732745,186780,63.146020443051206
-5.871533,60,2945.489623,False,False,0.0019548465480173,40.38288252746853,186840,1.9548465480173
-7.657522,60,2945.504617,False,False,0.0315769278000932,70.60334304652154,186900,31.5769278000932
-5.485135,60,2945.562625,False,False,0.0035409125162172,64.75067695688101,186960,3.5409125162171997
-5.659653,60,2948.859952,False,False,0.0250898847233894,65.40477915833188,187020,25.0898847233894
-6.067997,60,2948.863955,False,False,0.0115497987679343,74.71943299760457,187080,11.5497987679343
-5.98223,60,2948.873953,False,False,0.00671240221954,88.07765857579281,187140,6.71240221954
-5.694483,60,2948.937947,False,False,0.0623737587276714,60.14871671960178,187200,62.373758727671394
-5.805254,60,2953.03256,False,False,0.0062119376915881,72.8765848984698,187260,6.2119376915881
-6.739668,60,2953.033555,False,False,0.0056541753373578,69.06371102764345,187320,5.6541753373578
-7.418528,60,2953.046556,False,False,0.0558827611230617,72.20707203211737,187380,55.882761123061705
-7.279169,60,2953.11055,False,False,0.0125435668748904,59.48706601240934,187440,12.5435668748904
-5.969914,60,2956.362317,False,False,0.0215833312975846,60.53531472351776,187500,21.5833312975846
-7.634993,60,2956.367322,False,False,0.0446161632234857,72.15153446960781,187560,44.6161632234857
-6.015405,60,2956.378319,False,False,0.0008335171922743,72.27748037761098,187620,0.8335171922743
-5.98666,60,2956.442313,False,False,0.0381299459070754,79.2189948635389,187680,38.1299459070754
-6.171819,60,2960.552506,False,False,0.0124453155046876,67.16062552395671,187740,12.4453155046876
-6.033412,60,2960.554516,False,False,0.0820162993158852,78.01057596488214,187800,82.01629931588519
-5.842926,60,2960.566507,False,False,0.0572948608158491,75.95819747369521,187860,57.2948608158491
-6.479089,60,2960.630501,False,False,0.0395971419450026,72.77145130954054,187920,39.5971419450026
-5.874301,60,2963.891955,False,False,0.0270269826092454,74.60848139402927,187980,27.026982609245398
-6.199217,60,2963.89395,False,False,0.0578164174706328,74.43277109578064,188040,57.8164174706328
-7.748728,60,2963.904953,False,False,0.0734907775243847,79.07160337220036,188100,73.4907775243847
-6.342062,60,2963.971946,False,False,0.0210688712335555,68.94281959143204,188160,21.0688712335555
-7.417131,60,2967.308066,False,False,0.0177115644725574,52.0517526027964,188220,17.7115644725574
-5.879628,60,2967.318075,False,False,0.0485550701650635,84.17414300706893,188280,48.555070165063505
-5.904527,60,2967.318078,False,False,0.0644228680481667,75.2774391760621,188340,64.4228680481667
-6.019478,60,2967.387058,False,False,0.0567207769754087,74.75952869525672,188400,56.7207769754087
-5.818666,60,2971.696868,False,False,0.0118710976552154,82.4283164457177,188460,11.871097655215399
-6.060726,60,2971.698873,False,False,0.0469035757660408,70.88463718438537,188520,46.9035757660408
-5.999123,60,2971.714867,False,False,0.0682513203297094,69.96146750246034,188580,68.2513203297094
-5.490146,60,2971.776861,False,False,0.0018231016864915,74.6158770364333,188640,1.8231016864915002
-6.3073,60,2975.178741,False,False,0.0494544265582733,78.47282676827305,188700,49.4544265582733
-6.984242,60,2975.178752,False,False,0.0235617893775551,82.47203985320786,188760,23.5617893775551
-5.397913,60,2975.192746,False,False,0.0073969070433141,78.19832825266228,188820,7.3969070433141
-6.784279,60,2975.256737,False,False,0.0127281975667674,68.53779941489691,188880,12.7281975667674
-6.710534,60,2979.481822,False,False,0.0205692720115888,78.72612553876226,188940,20.569272011588797
-6.096737,60,2979.482816,False,False,0.046816900740806,84.00935790394135,189000,46.816900740806
-5.859924,60,2979.495819,False,False,0.0534332832287683,69.96295109250423,189060,53.4332832287683
-5.421178,60,2979.561811,False,False,0.0034190170622687,69.65415218880592,189120,3.4190170622687
-6.045137,60,2982.767066,False,False,0.0417528767428605,78.38133429049032,189180,41.752876742860494
-6.113979,60,2982.768477,False,False,0.0555610926683393,75.21891118389,189240,55.5610926683393
-5.546118,60,2982.785067,False,False,0.0371372776087696,70.42455336197497,189300,37.1372776087696
-7.678224,60,2982.848061,False,False,0.0305310122631949,88.72040301725676,189360,30.5310122631949
-6.985039,60,2986.987107,False,False,0.0177718881952542,85.14289026517004,189420,17.771888195254203
-6.053145,60,2986.993113,False,False,0.047571525733766,83.85758271849429,189480,47.571525733766
-7.593762,60,2986.994116,False,False,0.0270762198693751,81.78307259598739,189540,27.076219869375098
-6.612082,60,2987.066102,False,False,0.0009471149198125,89.90682555879859,189600,0.9471149198125001
-7.824494,60,2990.277652,False,False,0.0430244096827469,88.22749415479953,189660,43.0244096827469
-6.083638,60,2990.286649,False,False,0.0876976822736537,76.83387707381956,189720,87.6976822736537
-6.745568,60,2990.299643,False,False,0.0213564206072865,76.62737525690997,189780,21.3564206072865
-5.796053,60,2990.361643,False,False,0.0287679246401902,87.23078419200056,189840,28.7679246401902
-5.629703,60,2994.510391,False,False,0.0154171510054053,66.00951675196944,189900,15.4171510054053
-7.56975,60,2994.517395,False,False,0.0252320529773928,76.17043415834578,189960,25.2320529773928
-6.063095,60,2994.527393,False,False,0.012117158723733,54.56792471783453,190020,12.117158723733
-7.787275,60,2994.590388,False,False,0.0408542340071543,57.41678207658809,190080,40.854234007154304
-7.119108,60,2998.207707,False,False,0.0398334915520128,68.21908101589601,190140,39.8334915520128
-5.683178,60,2998.216697,False,False,0.03261229210668,75.52300566938769,190200,32.61229210668
-6.593044,60,2998.226699,False,False,0.0406448983450724,62.12235291426784,190260,40.6448983450724
-5.205294,60,2998.292689,False,False,0.0003717386335469,71.08874682394499,190320,0.3717386335469
-6.479812,60,3002.560459,False,False,0.0138498499681133,79.46817862528754,190380,13.8498499681133
-7.569337,60,3002.564463,False,False,0.0286072540511207,77.92318196196685,190440,28.6072540511207
-6.053658,60,3002.572459,False,False,0.0629328072392889,70.37260619040778,190500,62.9328072392889
-7.183405,60,3002.640454,False,False,0.022040460950957,62.79555153194418,190560,22.040460950956998
-6.089955,60,3005.9884,False,False,0.0435550242010839,83.0170172121179,190620,43.555024201083896
-6.026776,60,3005.991398,False,False,0.0043493241263809,64.82423713831643,190680,4.3493241263809
-5.679318,60,3006.001403,False,False,0.0169474467999985,62.43058988028835,190740,16.9474467999985
-5.659802,60,3006.066395,False,False,0.0398565283701978,61.30765347010077,190800,39.8565283701978
-5.933395,60,3011.541393,False,False,0.0404012051055181,71.8083132769363,190860,40.401205105518095
-7.01129,60,3011.5514,False,False,0.0297467202746251,74.95104187183469,190920,29.7467202746251
-6.283825,60,3011.558394,False,False,0.0470860471862949,63.49303236102943,190980,47.086047186294905
-5.714068,60,3011.623393,False,False,0.0720418066023759,52.46984466567062,191040,72.0418066023759
-6.178566,60,3014.894905,False,False,0.0426635957394464,73.12933154502554,191100,42.6635957394464
-6.18154,60,3014.899896,False,False,0.0187619029264007,72.1199453034423,191160,18.7619029264007
-5.06614,60,3014.910894,False,False,0.0037419143891944,87.586699865758,191220,3.7419143891944002
-7.018606,60,3014.976894,False,False,0.0072516221613976,79.20080403305138,191280,7.2516221613976
-6.663415,60,3019.163429,False,False,0.0224595913437993,85.06076414095527,191340,22.4595913437993
-7.074346,60,3019.166434,False,False,0.0217671018481427,84.70210437109168,191400,21.767101848142698
-7.356576,60,3019.174431,False,False,0.0150307950758123,64.54299076286779,191460,15.0307950758123
-6.950701,60,3019.238425,False,False,0.007516931919748,64.00713309201402,191520,7.516931919748
-5.899043,60,3022.513352,False,False,0.0020929630860982,80.6938939420591,191580,2.0929630860982
-7.28122,60,3022.514356,False,False,0.0301328140135834,82.19329443155357,191640,30.1328140135834
-6.01995,60,3022.528352,False,False,0.0626042428325914,76.84388150367067,191700,62.6042428325914
-5.765534,60,3022.590351,False,False,0.0447593577120345,66.24043611792514,191760,44.7593577120345
-5.935114,60,3025.816807,False,False,0.0648908809931729,85.73283643088645,191820,64.8908809931729
-5.823303,60,3025.819815,False,False,0.0628368781429336,66.37471611417767,191880,62.83687814293359
-6.389627,60,3025.828817,False,False,0.059673928886112,88.15160088649793,191940,59.673928886111995
-6.146632,60,3025.896799,False,False,0.0366324196308631,66.9430630895321,192000,36.6324196308631
-6.094801,60,3030.188864,False,False,0.0302771531261306,72.47925023112414,192060,30.2771531261306
-5.863425,60,3030.193867,False,False,0.0490480783787927,84.0127177789081,192120,49.0480783787927
-6.014705,60,3030.205872,False,False,0.0616153223173816,75.01140675559415,192180,61.6153223173816
-5.435832,60,3030.27386,False,False,0.0057114815862349,70.25482820651273,192240,5.7114815862349
-7.513052,60,3033.873951,False,False,0.0338395716924345,78.5445396285766,192300,33.8395716924345
-6.004968,60,3033.877954,False,False,0.0099864688672019,89.27847075858845,192360,9.9864688672019
-5.366529,60,3033.885944,False,False,0.0152784908178468,70.46758888030217,192420,15.2784908178468
-7.771382,60,3033.951946,False,True,0.0163553099490403,84.2939372409515,192480,16.3553099490403
-6.11366,60,3038.490623,False,False,0.0065241940295723,81.44297063648382,192540,6.5241940295723
-5.585679,60,3038.491622,False,False,0.0468079268311052,73.98519982644889,192600,46.8079268311052
-7.233459,60,3038.505623,False,False,0.049608220490189,79.72564552369226,192660,49.608220490189005
-6.838393,60,3038.56662,False,False,0.0023440793977054,61.47791012898363,192720,2.3440793977054
-6.2605,60,3041.8171,False,False,0.02437153055834,69.35702255598092,192780,24.37153055834
-6.074076,60,3041.819102,False,False,0.0384384836724208,77.9448686126148,192840,38.4384836724208
-6.361281,60,3041.830099,False,False,0.0519664402480506,69.06194327696085,192900,51.966440248050596
-6.198228,60,3041.897092,False,False,0.028936311378416,78.30565970599787,192960,28.936311378416
-5.981916,60,3046.06069,False,False,0.0492101686980765,71.66226508878567,193020,49.2101686980765
-6.19977,60,3046.065693,False,False,0.0557919591883288,87.47138778138027,193080,55.791959188328796
-5.872132,60,3046.076691,False,False,0.0224599523402207,75.6880831250651,193140,22.4599523402207
-5.315831,60,3046.138685,False,False,0.00521314164778,82.45234128149077,193200,5.21314164778
-5.9628,60,3049.411176,False,False,0.0508036757013862,72.01772810486989,193260,50.8036757013862
-5.884535,60,3049.412158,False,False,0.0602224748943541,80.79020065111693,193320,60.2224748943541
-5.428561,60,3049.426177,False,False,0.01535263793608,74.87867150800872,193380,15.35263793608
-5.749165,60,3049.488171,False,False,0.0360879703657935,79.8681464146588,193440,36.087970365793495
-5.557861,60,3053.642311,False,False,0.0258925883413385,79.07368906636904,193500,25.8925883413385
-6.052542,60,3053.644315,False,False,0.0037262532253938,77.95063343996435,193560,3.7262532253938
-7.371249,60,3053.658311,False,False,0.0256213373569648,79.11577308916652,193620,25.621337356964798
-7.707583,60,3053.7253,False,False,0.0191284456019781,82.64360397631675,193680,19.1284456019781
-7.987885,60,3056.99847,False,False,0.0325498126063699,74.98205960011359,193740,32.549812606369905
-5.999431,60,3056.998482,False,False,0.0165377975229824,83.25884541725864,193800,16.5377975229824
-5.561243,60,3057.014463,False,False,0.0306808519007073,75.88155954799701,193860,30.6808519007073
-7.372424,60,3057.079457,False,False,0.0345915209726705,82.58597265501257,193920,34.5915209726705
-6.530531,60,3061.229204,False,False,0.0116352072877539,87.0925327068111,193980,11.6352072877539
-5.876176,60,3061.231206,False,False,0.0830924869949552,76.51326784866309,194040,83.0924869949552
-6.512227,60,3061.241204,False,False,0.0132782070366684,89.8383431870777,194100,13.2782070366684
-6.191424,60,3061.304199,False,False,0.0371109495379051,83.51598425983838,194160,37.1109495379051
-5.812576,60,3064.608447,False,False,0.0480032989936496,81.02497176394004,194220,48.0032989936496
-6.440995,60,3064.615446,False,False,0.0307827203476013,89.79133615291316,194280,30.782720347601302
-7.019425,60,3064.62028,False,False,0.0604565139387869,89.40211082500132,194340,60.4565139387869
-6.130126,60,3064.689438,False,False,0.0428693181262692,70.2605637975046,194400,42.8693181262692
-6.378516,60,3068.850958,False,False,0.0722904939342578,81.58104165294688,194460,72.2904939342578
-6.057264,60,3068.854961,False,False,0.0017208575262429,80.02040996236815,194520,1.7208575262429
-6.199439,60,3068.862986,False,False,0.0426346764386061,76.74925332011675,194580,42.6346764386061
-5.968895,60,3068.928953,False,False,0.0223125661406877,71.74434447858377,194640,22.3125661406877
-5.741336,60,3072.281709,False,False,0.0467941970814194,75.91876416818008,194700,46.794197081419405
-6.49499,60,3072.290715,False,False,0.0075113250170755,79.70909214428045,194760,7.5113250170755
-5.77498,60,3072.297704,False,False,0.0463731532657044,85.02072325739466,194820,46.3731532657044
-7.334142,60,3072.360698,False,False,0.0245038961225238,88.46212564009944,194880,24.503896122523802
-8.06005,60,3076.532775,False,False,0.039782247468802,81.03277799662136,194940,39.782247468802
-6.448105,60,3076.54677,False,False,0.0154151282343451,82.93570159876974,195000,15.4151282343451
-6.08887,60,3076.556771,False,False,0.0267310644954211,78.07356587372851,195060,26.731064495421098
-5.939978,60,3076.618764,False,False,0.0151062393258452,75.44994676385993,195120,15.1062393258452
-5.694392,60,3079.916923,False,False,0.0367156952765149,85.70413287319784,195180,36.7156952765149
-5.815433,60,3079.919927,False,False,0.0287897982447332,81.5991502402823,195240,28.789798244733202
-6.817571,60,3079.925924,False,False,0.019891795569802,85.891038114402,195300,19.891795569802
-6.634518,60,3079.995919,False,False,0.0608536485584831,77.95226123217361,195360,60.8536485584831
-7.663265,60,3084.054571,False,False,0.0465482037897255,88.88864082718905,195420,46.5482037897255
-5.950427,60,3084.056578,False,False,0.0229696382476236,86.9050430262363,195480,22.9696382476236
-6.896084,60,3084.067575,False,False,0.0255195380888235,88.51266456473037,195540,25.5195380888235
-6.332156,60,3084.132566,False,False,0.0032508035757238,82.0102175560153,195600,3.2508035757237996
-5.828901,60,3087.434593,False,False,0.0436459795836827,82.79760971384628,195660,43.6459795836827
-7.331148,60,3087.435601,False,False,0.0596637116377498,78.12659546133646,195720,59.6637116377498
-6.814837,60,3087.445597,False,False,0.0191551611696024,85.3152116941204,195780,19.155161169602398
-6.58259,60,3087.507584,False,False,0.045260956697191,88.59158669019523,195840,45.260956697191
-6.964315,60,3090.81045,False,False,0.0038908994509705,74.96818585798358,195900,3.8908994509704997
-7.812982,60,3090.811446,False,False,0.0349554833374387,79.88369222275722,195960,34.9554833374387
-6.931939,60,3090.826447,False,False,0.0212245838178597,83.9418003544855,196020,21.2245838178597
-6.92964,60,3090.888447,False,False,0.0344953524402681,84.45523630776056,196080,34.4953524402681
-6.089994,60,3095.126493,False,False,0.0469229280951884,75.02134052304547,196140,46.922928095188404
-6.818383,60,3095.126499,False,False,0.0168317441107855,86.66709155489174,196200,16.8317441107855
-5.896673,60,3095.140494,False,False,0.0783017763906776,77.51905241268717,196260,78.3017763906776
-6.193151,60,3095.205486,False,False,0.0621055551265908,83.61086413013405,196320,62.1055551265908
-5.198107,60,3098.591953,False,False,0.0090237429156716,78.86467395019172,196380,9.023742915671601
-6.088325,60,3098.595956,False,False,0.0568966182885741,79.08623576549067,196440,56.896618288574096
-5.796103,60,3098.604962,False,False,0.0363058255965251,79.53122077175236,196500,36.3058255965251
-6.32245,60,3098.669948,False,False,0.012672726202957,77.7870149181107,196560,12.672726202957001
-5.805868,60,3102.909823,False,False,0.0089793445013558,74.71285392179587,196620,8.9793445013558
-5.987262,60,3102.913826,False,False,0.024782729952438,88.22019181553748,196680,24.782729952438
-5.691943,60,3102.927822,False,False,0.0119990861258629,75.900272284224,196740,11.9990861258629
-6.02682,60,3102.992838,False,False,0.0252357309029063,76.71709058908026,196800,25.2357309029063
-5.590865,60,3106.229786,False,False,0.0093845265308929,89.93606019717252,196860,9.3845265308929
-5.876534,60,3106.235785,False,False,0.0091906393288552,75.43186316017282,196920,9.1906393288552
-5.788478,60,3106.246782,False,False,0.0891500526105175,83.54589571675194,196980,89.1500526105175
-6.15317,60,3106.309776,False,False,0.05443710267938,79.51812118880329,197040,54.43710267938
-7.312182,60,3110.57063,False,False,0.0332856673608366,80.86294060125257,197100,33.2856673608366
-7.058427,60,3110.572624,False,False,0.025444151520025,80.54928758296256,197160,25.444151520025
-7.069559,60,3110.585627,False,False,0.0458614930422557,84.46623795753729,197220,45.8614930422557
-6.075974,60,3110.645625,False,False,0.0923845155187091,84.43617411595105,197280,92.38451551870911
-6.841863,60,3113.91146,False,False,0.022680879718342,75.45999792419808,197340,22.680879718342002
-6.311535,60,3113.921517,False,False,0.0657462446448761,83.6753904292677,197400,65.7462446448761
-6.5242,60,3113.929468,False,False,0.0205071032337172,73.94159884887169,197460,20.5071032337172
-5.29515,60,3113.993456,False,False,0.016562955240853,84.22226803712259,197520,16.562955240853
-5.570962,60,3118.294018,False,False,0.0316760987790386,84.15576275933988,197580,31.676098779038597
-5.56965,60,3118.305019,False,False,0.0274093215391831,82.24249244822867,197640,27.4093215391831
-6.476089,60,3118.316017,False,False,0.045739815900818,72.20623990877678,197700,45.739815900818
-6.686436,60,3118.375008,False,False,0.0273280522688128,69.04771924534519,197760,27.3280522688128
-6.29719,60,3121.596366,False,False,0.0132459545680379,82.13002455290547,197820,13.2459545680379
-5.963276,60,3121.600369,False,False,0.0262233409080369,85.11173426296814,197880,26.2233409080369
-6.498178,60,3121.610367,False,False,0.0079323221410562,89.02142949886087,197940,7.9323221410562
-8.247558,60,3121.675358,False,True,0.0016780926339804,85.26391729840584,198000,1.6780926339804
-5.688767,60,3125.854178,False,False,0.0321377315517762,72.63458208185,198060,32.1377315517762
-6.193555,60,3125.855181,False,False,0.0097987472399306,64.05782236119023,198120,9.7987472399306
-8.087692,60,3125.86018,False,True,0.007926216346565,86.00045569459449,198180,7.926216346565001
-5.207601,60,3125.927176,False,False,2.671105076465074e-05,75.32573623615347,198240,0.02671105076465074
-6.448633,60,3129.322923,False,False,0.0594126565462872,73.22154065199446,198300,59.412656546287195
-6.572486,60,3129.326926,False,False,0.0518569801044652,81.91862980095824,198360,51.856980104465194
-5.674723,60,3129.33393,False,False,0.0189973292757001,73.628050365675,198420,18.9973292757001
-7.552342,60,3129.396924,False,False,0.0278027317903821,78.08594737890631,198480,27.8027317903821
-8.741061,60,3133.641529,False,True,0.0235767685133408,85.27173927851162,198540,23.5767685133408
-7.499253,60,3133.641536,False,False,0.0328420431944526,57.66041709049792,198600,32.8420431944526
-5.819513,60,3133.653532,False,False,0.0051859255173438,71.85291649710886,198660,5.1859255173438
-6.446658,60,3133.719524,False,False,0.0555220652125898,76.60925056118906,198720,55.5220652125898
-7.447476,60,3136.958869,False,False,0.038730517057134,83.7130710273906,198780,38.730517057134
-7.219697,60,3136.962872,False,False,0.0407537433979958,77.10181467545576,198840,40.7537433979958
-5.899182,60,3136.964846,False,False,0.0669030626101266,88.25008415939202,198900,66.9030626101266
-5.643236,60,3137.034861,False,False,0.0036045742451058,87.8490612447582,198960,3.6045742451058
-6.041846,60,3141.226456,False,False,0.0095098503945028,76.15010753695437,199020,9.5098503945028
-7.23133,60,3141.232457,False,False,0.0019916472162128,86.69741508968711,199080,1.9916472162127998
-6.898988,60,3141.241457,False,False,0.0294163046586313,84.1073564404649,199140,29.4163046586313
-7.66886,60,3141.306449,False,False,0.0472166605483064,89.06446836160411,199200,47.2166605483064
-5.880739,60,3144.558308,False,False,0.0180789488270579,77.6967878003026,199260,18.0789488270579
-6.64586,60,3144.563317,False,False,0.0170470168650798,89.04758390920342,199320,17.0470168650798
-5.979183,60,3144.578304,False,False,0.02442080203592,89.10076563316088,199380,24.42080203592
-7.301087,60,3144.640296,False,False,0.0243502708401594,89.98171647877471,199440,24.3502708401594
-6.460439,60,3147.922175,False,False,0.0234022582189279,88.57847546380793,199500,23.402258218927898
-5.870691,60,3147.926178,False,False,0.0154514986431824,71.66832663732798,199560,15.4514986431824
-5.94965,60,3147.934182,False,False,0.0499095140221791,78.38343030109151,199620,49.9095140221791
-6.034787,60,3148.002173,False,False,0.011570245346188,81.47509748110113,199680,11.570245346188
-6.1453,60,3152.214784,False,False,0.0201813766283463,87.342845591507,199740,20.1813766283463
-6.075374,60,3152.215793,False,False,0.0633443490627615,87.36572103661078,199800,63.3443490627615
-6.204512,60,3152.227791,False,False,0.0467922439953161,89.06525887220906,199860,46.7922439953161
-6.359491,60,3152.288787,False,False,0.0122338904177541,73.02347230705868,199920,12.233890417754099
-7.034888,60,3155.56394,False,False,0.0382812392166371,86.143406064379,199980,38.2812392166371
-6.740678,60,3155.568945,False,False,0.0260778970470978,77.73240938450213,200040,26.0778970470978
-7.52331,60,3155.577944,False,False,0.034443285235293,86.81321133969811,200100,34.443285235293
-6.585439,60,3155.642937,False,False,0.0141039009360599,67.24138971729448,200160,14.103900936059901
