r,l,t,worker,cum_timesteps
-10.050704,60,9.766147,monitor_2.monitor.csv,60
-18.49463,60,9.774137,monitor_1.monitor.csv,120
-22.016481,60,9.780135,monitor_3.monitor.csv,180
-19.857406,60,9.81614,monitor.csv,240
-12.878425,60,12.454816,monitor_2.monitor.csv,300
-18.591085,60,12.474803,monitor_1.monitor.csv,360
-16.934151,60,12.478797,monitor_3.monitor.csv,420
-16.510299,60,12.504799,monitor.csv,480
-8.782018,60,15.911372,monitor_2.monitor.csv,540
-12.834752,60,15.929364,monitor_1.monitor.csv,600
-18.541665,60,15.933353,monitor_3.monitor.csv,660
-9.352234,60,15.963353,monitor.csv,720
-14.501709,60,18.581142,monitor_2.monitor.csv,780
-10.09537,60,18.595126,monitor_1.monitor.csv,840
-8.456641,60,18.596123,monitor_3.monitor.csv,900
-12.572769,60,18.626124,monitor.csv,960
-10.54302,60,21.99901,monitor_2.monitor.csv,1020
-6.95028,60,22.015005,monitor_1.monitor.csv,1080
-9.390293,60,22.027989,monitor_3.monitor.csv,1140
-9.373161,60,22.05799,monitor.csv,1200
-12.828625,60,24.819085,monitor_2.monitor.csv,1260
-8.087551,60,24.830075,monitor_1.monitor.csv,1320
-9.09727,60,24.831071,monitor_3.monitor.csv,1380
-10.041274,60,24.866079,monitor.csv,1440
-6.297709,60,28.236072,monitor_2.monitor.csv,1500
-10.040315,60,28.251067,monitor_1.monitor.csv,1560
-6.005063,60,28.25705,monitor_3.monitor.csv,1620
-12.731953,60,28.28805,monitor.csv,1680
-8.061745,60,31.01469,monitor_2.monitor.csv,1740
-10.603666,60,31.032687,monitor_1.monitor.csv,1800
-13.840197,60,31.033683,monitor_3.monitor.csv,1860
-10.743786,60,31.062679,monitor.csv,1920
-5.437448,60,34.532687,monitor_2.monitor.csv,1980
-10.671684,60,34.537689,monitor_1.monitor.csv,2040
-7.896382,60,34.542666,monitor_3.monitor.csv,2100
-7.277355,60,34.580675,monitor.csv,2160
-9.126101,60,37.215335,monitor_2.monitor.csv,2220
-6.934187,60,37.239332,monitor_3.monitor.csv,2280
-6.106908,60,37.239338,monitor_1.monitor.csv,2340
-10.22524,60,37.262321,monitor.csv,2400
-6.597895,60,40.937039,monitor_2.monitor.csv,2460
-6.446274,60,40.951041,monitor_3.monitor.csv,2520
-8.007224,60,40.95403,monitor_1.monitor.csv,2580
-6.624612,60,40.982042,monitor.csv,2640
-6.603689,60,43.820783,monitor_2.monitor.csv,2700
-7.093838,60,43.834762,monitor_1.monitor.csv,2760
-7.985472,60,43.838771,monitor_3.monitor.csv,2820
-6.026428,60,43.867762,monitor.csv,2880
-5.928295,60,47.277737,monitor_2.monitor.csv,2940
-5.992699,60,47.292716,monitor_1.monitor.csv,3000
-9.60023,60,47.296724,monitor_3.monitor.csv,3060
-6.011307,60,47.323714,monitor.csv,3120
-5.908104,60,50.031522,monitor_2.monitor.csv,3180
-5.967637,60,50.043509,monitor_3.monitor.csv,3240
-6.009392,60,50.045506,monitor_1.monitor.csv,3300
-6.057894,60,50.074502,monitor.csv,3360
-8.541091,60,53.382452,monitor_2.monitor.csv,3420
-8.507426,60,53.397455,monitor_3.monitor.csv,3480
-6.819533,60,53.408429,monitor_1.monitor.csv,3540
-8.010884,60,53.43743,monitor.csv,3600
-9.752067,60,56.078874,monitor_2.monitor.csv,3660
-7.749852,60,56.092864,monitor_3.monitor.csv,3720
-7.126996,60,56.096866,monitor_1.monitor.csv,3780
-6.250187,60,56.121865,monitor.csv,3840
-7.454523,60,58.756214,monitor_2.monitor.csv,3900
-6.087326,60,58.774202,monitor_3.monitor.csv,3960
-6.879709,60,58.776184,monitor_1.monitor.csv,4020
-8.019229,60,58.804203,monitor.csv,4080
-6.171238,60,62.159434,monitor_2.monitor.csv,4140
-6.863357,60,62.178421,monitor_1.monitor.csv,4200
-6.54198,60,62.184424,monitor_3.monitor.csv,4260
-6.336842,60,62.207422,monitor.csv,4320
-6.345448,60,64.962741,monitor_2.monitor.csv,4380
-9.29763,60,64.977738,monitor_1.monitor.csv,4440
-6.383403,60,64.978735,monitor_3.monitor.csv,4500
-6.239962,60,65.01073,monitor.csv,4560
-6.755276,60,68.386751,monitor_2.monitor.csv,4620
-6.966445,60,68.402745,monitor_1.monitor.csv,4680
-7.027188,60,68.407733,monitor_3.monitor.csv,4740
-6.900021,60,68.433743,monitor.csv,4800
-7.550487,60,71.155033,monitor_2.monitor.csv,4860
-6.985498,60,71.169034,monitor_1.monitor.csv,4920
-6.080826,60,71.170031,monitor_3.monitor.csv,4980
-8.526158,60,71.201023,monitor.csv,5040
-9.103045,60,74.600357,monitor_2.monitor.csv,5100
-7.468301,60,74.611634,monitor_1.monitor.csv,5160
-6.919815,60,74.61263,monitor_3.monitor.csv,5220
-6.160293,60,74.649354,monitor.csv,5280
-9.232792,60,77.352966,monitor_2.monitor.csv,5340
-7.351165,60,77.370954,monitor_3.monitor.csv,5400
-6.514921,60,77.37731,monitor_1.monitor.csv,5460
-6.969585,60,77.406299,monitor.csv,5520
-6.27618,60,81.006328,monitor_2.monitor.csv,5580
-6.018283,60,81.025317,monitor_1.monitor.csv,5640
-6.487699,60,81.025319,monitor_3.monitor.csv,5700
-6.736706,60,81.054316,monitor.csv,5760
-5.875894,60,83.936952,monitor_2.monitor.csv,5820
-7.720928,60,83.948959,monitor_1.monitor.csv,5880
-10.13971,60,83.95494,monitor_3.monitor.csv,5940
-6.835587,60,83.983942,monitor.csv,6000
-8.424432,60,87.507522,monitor_2.monitor.csv,6060
-8.577779,60,87.521528,monitor_1.monitor.csv,6120
-7.229883,60,87.523516,monitor_3.monitor.csv,6180
-9.851746,60,87.55551,monitor.csv,6240
-7.458728,60,90.252745,monitor_2.monitor.csv,6300
-6.921269,60,90.267741,monitor_1.monitor.csv,6360
-6.003729,60,90.268738,monitor_3.monitor.csv,6420
-6.069419,60,90.302732,monitor.csv,6480
-6.148158,60,93.651502,monitor_2.monitor.csv,6540
-7.990507,60,93.671474,monitor_1.monitor.csv,6600
-6.822371,60,93.678469,monitor_3.monitor.csv,6660
-6.538186,60,93.70847,monitor.csv,6720
-5.961406,60,99.345195,monitor_2.monitor.csv,6780
-5.716994,60,99.352198,monitor_1.monitor.csv,6840
-6.004471,60,99.357186,monitor_3.monitor.csv,6900
-5.862662,60,99.390193,monitor.csv,6960
-6.41022,60,103.26609,monitor_2.monitor.csv,7020
-6.329448,60,103.282083,monitor_1.monitor.csv,7080
-6.528814,60,103.288068,monitor_3.monitor.csv,7140
-7.944617,60,103.315069,monitor.csv,7200
-6.400375,60,106.041564,monitor_2.monitor.csv,7260
-5.983643,60,106.056561,monitor_1.monitor.csv,7320
-8.077282,60,106.060548,monitor_3.monitor.csv,7380
-5.97442,60,106.090549,monitor.csv,7440
-6.582302,60,108.797176,monitor_2.monitor.csv,7500
-6.52811,60,108.814167,monitor_1.monitor.csv,7560
-6.719667,60,108.823154,monitor_3.monitor.csv,7620
-6.01355,60,108.853155,monitor.csv,7680
-9.03542,60,112.196977,monitor_2.monitor.csv,7740
-7.715998,60,112.208948,monitor_3.monitor.csv,7800
-7.979211,60,112.212969,monitor_1.monitor.csv,7860
-4.49739,60,112.237945,monitor.csv,7920
-4.730961,60,114.994539,monitor_2.monitor.csv,7980
-5.818383,60,115.011531,monitor_1.monitor.csv,8040
-7.205047,60,115.01552,monitor_3.monitor.csv,8100
-6.176419,60,115.044527,monitor.csv,8160
-7.020542,60,120.370312,monitor_2.monitor.csv,8220
-6.161541,60,120.389301,monitor_3.monitor.csv,8280
-6.730196,60,120.389302,monitor_1.monitor.csv,8340
-8.298664,60,120.420299,monitor.csv,8400
-6.014929,60,123.342509,monitor_2.monitor.csv,8460
-6.005599,60,123.353503,monitor_1.monitor.csv,8520
-6.57674,60,123.361495,monitor_3.monitor.csv,8580
-6.365641,60,123.3845,monitor.csv,8640
-6.384646,60,126.850301,monitor_2.monitor.csv,8700
-7.806224,60,126.866298,monitor_3.monitor.csv,8760
-7.08376,60,126.868293,monitor_1.monitor.csv,8820
-6.560698,60,126.896299,monitor.csv,8880
-5.944493,60,129.571117,monitor_2.monitor.csv,8940
-5.976941,60,129.58411,monitor_3.monitor.csv,9000
-6.41247,60,129.586111,monitor_1.monitor.csv,9060
-6.480634,60,129.621102,monitor.csv,9120
-5.887343,60,133.043315,monitor_2.monitor.csv,9180
-6.438979,60,133.061303,monitor_3.monitor.csv,9240
-5.90989,60,133.064293,monitor_1.monitor.csv,9300
-6.870959,60,133.087317,monitor.csv,9360
-5.931941,60,135.834368,monitor_2.monitor.csv,9420
-5.170879,60,135.854351,monitor_1.monitor.csv,9480
-5.801505,60,135.855348,monitor_3.monitor.csv,9540
-6.422076,60,135.882357,monitor.csv,9600
-6.136632,60,139.241358,monitor_2.monitor.csv,9660
-8.755522,60,139.259332,monitor_1.monitor.csv,9720
-7.199372,60,139.264328,monitor_3.monitor.csv,9780
-8.844677,60,139.294329,monitor.csv,9840
-5.967511,60,141.981856,monitor_2.monitor.csv,9900
-7.701409,60,142.001841,monitor_1.monitor.csv,9960
-6.75888,60,142.003837,monitor_3.monitor.csv,10020
-7.258291,60,142.030842,monitor.csv,10080
-5.919136,60,145.352818,monitor_2.monitor.csv,10140
-5.988357,60,145.365815,monitor_1.monitor.csv,10200
-5.884095,60,145.366811,monitor_3.monitor.csv,10260
-6.386623,60,145.400806,monitor.csv,10320
-6.591957,60,148.024826,monitor_2.monitor.csv,10380
-7.921546,60,148.035817,monitor_1.monitor.csv,10440
-5.534971,60,148.043815,monitor_3.monitor.csv,10500
-7.224886,60,148.066814,monitor.csv,10560
-5.482984,60,151.531024,monitor_2.monitor.csv,10620
-5.960226,60,151.545021,monitor_1.monitor.csv,10680
-6.689508,60,151.548014,monitor_3.monitor.csv,10740
-5.978847,60,151.576018,monitor.csv,10800
-6.713104,60,154.293117,monitor_2.monitor.csv,10860
-5.032867,60,154.308095,monitor_1.monitor.csv,10920
-6.661157,60,154.310102,monitor_3.monitor.csv,10980
-5.990307,60,154.343107,monitor.csv,11040
-6.087138,60,157.803327,monitor_2.monitor.csv,11100
-5.278563,60,157.822319,monitor_3.monitor.csv,11160
-7.520101,60,157.82233,monitor_1.monitor.csv,11220
-6.62728,60,157.853327,monitor.csv,11280
-7.418803,60,160.538832,monitor_2.monitor.csv,11340
-6.374566,60,160.554827,monitor_1.monitor.csv,11400
-7.384727,60,160.560815,monitor_3.monitor.csv,11460
-6.827605,60,160.588819,monitor.csv,11520
-5.396014,60,163.296456,monitor_2.monitor.csv,11580
-6.704835,60,163.316448,monitor_1.monitor.csv,11640
-7.342983,60,163.318439,monitor_3.monitor.csv,11700
-6.842959,60,163.34844,monitor.csv,11760
-6.847085,60,166.712417,monitor_2.monitor.csv,11820
-7.135653,60,166.728412,monitor_1.monitor.csv,11880
-8.439711,60,166.731405,monitor_3.monitor.csv,11940
-6.552556,60,166.760406,monitor.csv,12000
-6.676542,60,169.44881,monitor_2.monitor.csv,12060
-5.825738,60,169.467776,monitor_3.monitor.csv,12120
-5.760495,60,169.467782,monitor_1.monitor.csv,12180
-7.560693,60,169.501771,monitor.csv,12240
-5.836791,60,172.91471,monitor_2.monitor.csv,12300
-6.191036,60,172.928715,monitor_1.monitor.csv,12360
-7.03217,60,172.930706,monitor_3.monitor.csv,12420
-6.010796,60,172.967707,monitor.csv,12480
-7.569997,60,175.652557,monitor_2.monitor.csv,12540
-7.122478,60,175.675547,monitor_1.monitor.csv,12600
-6.899799,60,175.67754,monitor_3.monitor.csv,12660
-5.49949,60,175.702543,monitor.csv,12720
-5.510493,60,179.053895,monitor_2.monitor.csv,12780
-4.785454,60,179.077877,monitor_3.monitor.csv,12840
-6.565044,60,179.080878,monitor_1.monitor.csv,12900
-5.842182,60,179.106878,monitor.csv,12960
-5.953127,60,181.773613,monitor_2.monitor.csv,13020
-8.766902,60,181.792603,monitor_1.monitor.csv,13080
-5.681363,60,181.798563,monitor_3.monitor.csv,13140
-7.32513,60,181.829565,monitor.csv,13200
-6.840588,60,185.189129,monitor_2.monitor.csv,13260
-5.415195,60,185.207101,monitor_1.monitor.csv,13320
-7.599451,60,185.211095,monitor_3.monitor.csv,13380
-4.992215,60,185.244109,monitor.csv,13440
-5.851404,60,187.93558,monitor_2.monitor.csv,13500
-7.959364,60,187.946582,monitor_1.monitor.csv,13560
-5.898062,60,187.951567,monitor_3.monitor.csv,13620
-5.414754,60,187.979573,monitor.csv,13680
-5.988606,60,191.382253,monitor_2.monitor.csv,13740
-5.868343,60,191.399244,monitor_1.monitor.csv,13800
-5.876703,60,191.39925,monitor_3.monitor.csv,13860
-7.186364,60,191.432242,monitor.csv,13920
-7.372882,60,194.163052,monitor_2.monitor.csv,13980
-5.569738,60,194.176038,monitor_3.monitor.csv,14040
-5.87608,60,194.183043,monitor_1.monitor.csv,14100
-7.363169,60,194.21204,monitor.csv,14160
-5.986428,60,197.624616,monitor_2.monitor.csv,14220
-5.784549,60,197.642608,monitor_1.monitor.csv,14280
-6.311939,60,197.647598,monitor_3.monitor.csv,14340
-5.977231,60,197.681595,monitor.csv,14400
-6.867549,60,200.382396,monitor_2.monitor.csv,14460
-7.193831,60,200.398367,monitor_1.monitor.csv,14520
-5.844644,60,200.401371,monitor_3.monitor.csv,14580
-6.822896,60,200.432377,monitor.csv,14640
-5.39938,60,203.902722,monitor_2.monitor.csv,14700
-6.69896,60,203.91206,monitor_1.monitor.csv,14760
-7.336023,60,203.918663,monitor_3.monitor.csv,14820
-6.606316,60,203.94663,monitor.csv,14880
3.973564,40,206.048681,monitor.csv,14920
-5.606185,60,207.264816,monitor_2.monitor.csv,14980
-6.501602,60,207.282807,monitor_1.monitor.csv,15040
-5.89787,60,207.283803,monitor_3.monitor.csv,15100
-6.457923,60,209.394813,monitor.csv,15160
-6.383379,60,210.823814,monitor_2.monitor.csv,15220
-5.724889,60,210.83681,monitor_1.monitor.csv,15280
-6.577427,60,210.840803,monitor_3.monitor.csv,15340
-4.735304,60,213.782095,monitor.csv,15400
-5.951482,60,214.975225,monitor_2.monitor.csv,15460
-6.5023,60,214.993213,monitor_3.monitor.csv,15520
-6.328895,60,214.995206,monitor_1.monitor.csv,15580
-6.014819,60,217.039383,monitor.csv,15640
-5.424115,60,218.238322,monitor_2.monitor.csv,15700
-9.159409,60,218.248782,monitor_1.monitor.csv,15760
-6.665456,60,218.253311,monitor_3.monitor.csv,15820
-5.080773,60,221.247494,monitor.csv,15880
-5.894712,60,222.497369,monitor_2.monitor.csv,15940
-6.45641,60,222.510356,monitor_3.monitor.csv,16000
-6.456428,60,222.51136,monitor_1.monitor.csv,16060
-6.017885,60,224.616658,monitor.csv,16120
-5.899492,60,225.807889,monitor_2.monitor.csv,16180
-6.087808,60,225.825877,monitor_3.monitor.csv,16240
-5.301923,60,225.82888,monitor_1.monitor.csv,16300
-5.817233,60,228.877817,monitor.csv,16360
-6.803349,60,230.084916,monitor_2.monitor.csv,16420
-4.411165,60,230.103889,monitor_1.monitor.csv,16480
-7.643042,60,230.105884,monitor_3.monitor.csv,16540
-7.660127,60,232.068728,monitor.csv,16600
-5.751406,60,233.332125,monitor_2.monitor.csv,16660
-7.813437,60,233.341154,monitor_1.monitor.csv,16720
-6.374676,60,233.347134,monitor_3.monitor.csv,16780
-6.054688,60,236.130068,monitor.csv,16840
-5.719799,60,237.324434,monitor_2.monitor.csv,16900
-6.325346,60,237.339423,monitor_1.monitor.csv,16960
-5.971975,60,237.34042,monitor_3.monitor.csv,17020
-6.49355,60,239.401962,monitor.csv,17080
-7.277094,60,240.60266,monitor_2.monitor.csv,17140
-8.528084,60,240.616655,monitor_1.monitor.csv,17200
-5.971841,60,240.62464,monitor_3.monitor.csv,17260
-7.060354,60,243.30664,monitor.csv,17320
-7.2464,60,244.47424,monitor_2.monitor.csv,17380
-6.350218,60,244.488226,monitor_1.monitor.csv,17440
-5.817804,60,244.489222,monitor_3.monitor.csv,17500
-5.069391,60,246.555756,monitor.csv,17560
-5.98549,60,247.718929,monitor_2.monitor.csv,17620
-7.491477,60,247.734926,monitor_1.monitor.csv,17680
-5.999321,60,247.738912,monitor_3.monitor.csv,17740
-7.379128,60,249.792067,monitor.csv,17800
-5.468922,60,251.681347,monitor_2.monitor.csv,17860
-4.871687,60,251.698338,monitor_1.monitor.csv,17920
-7.466642,60,251.699335,monitor_3.monitor.csv,17980
-6.278158,60,253.745694,monitor.csv,18040
-7.28073,60,254.94769,monitor_2.monitor.csv,18100
-5.982891,60,254.962689,monitor_1.monitor.csv,18160
-7.384637,60,254.969682,monitor_3.monitor.csv,18220
-7.055569,60,256.935578,monitor.csv,18280
-5.690707,60,258.835068,monitor_2.monitor.csv,18340
-5.874779,60,258.849082,monitor_1.monitor.csv,18400
-6.004563,60,258.851075,monitor_3.monitor.csv,18460
-6.510665,60,260.902042,monitor.csv,18520
-6.691746,60,262.105872,monitor_2.monitor.csv,18580
-6.501695,60,262.113877,monitor_1.monitor.csv,18640
-5.994148,60,262.11887,monitor_3.monitor.csv,18700
-7.047053,60,264.127887,monitor.csv,18760
-6.243529,60,266.021685,monitor_2.monitor.csv,18820
-6.119659,60,266.040684,monitor_3.monitor.csv,18880
-7.322454,60,266.042677,monitor_1.monitor.csv,18940
-5.46835,60,268.163428,monitor.csv,19000
-6.398223,60,269.391536,monitor_2.monitor.csv,19060
-6.981278,60,269.400523,monitor_1.monitor.csv,19120
-6.557592,60,269.407535,monitor_3.monitor.csv,19180
-7.048101,60,271.41932,monitor.csv,19240
-5.867911,60,272.573311,monitor_2.monitor.csv,19300
-6.750414,60,272.5893,monitor_3.monitor.csv,19360
-5.945755,60,272.591299,monitor_1.monitor.csv,19420
-5.976363,60,275.282308,monitor.csv,19480
-6.189393,60,276.479398,monitor_2.monitor.csv,19540
-5.073492,60,276.492401,monitor_1.monitor.csv,19600
-6.114514,60,276.496393,monitor_3.monitor.csv,19660
-5.428709,60,278.560416,monitor.csv,19720
-6.32623,60,279.764013,monitor_2.monitor.csv,19780
-7.601449,60,279.779021,monitor_3.monitor.csv,19840
-6.830618,60,279.780013,monitor_1.monitor.csv,19900
-6.431314,60,282.532839,monitor.csv,19960
-6.747039,60,283.745721,monitor_2.monitor.csv,20020
-6.129242,60,283.762712,monitor_1.monitor.csv,20080
-7.314122,60,283.764705,monitor_3.monitor.csv,20140
-6.739269,60,285.862276,monitor.csv,20200
-5.993364,60,287.010262,monitor_2.monitor.csv,20260
-6.185292,60,287.020252,monitor_3.monitor.csv,20320
-6.364517,60,287.020256,monitor_1.monitor.csv,20380
-5.493525,60,290.060126,monitor.csv,20440
-7.202997,60,291.19738,monitor_2.monitor.csv,20500
-6.173794,60,291.214371,monitor_1.monitor.csv,20560
-7.421199,60,291.219376,monitor_3.monitor.csv,20620
-6.132594,60,293.249709,monitor.csv,20680
-6.884462,60,294.465794,monitor_2.monitor.csv,20740
-5.093102,60,294.475764,monitor_1.monitor.csv,20800
-6.49783,60,294.483782,monitor_3.monitor.csv,20860
-5.975554,60,297.185881,monitor.csv,20920
-7.447191,60,298.372484,monitor_2.monitor.csv,20980
-6.287064,60,298.389476,monitor_1.monitor.csv,21040
-8.257998,60,298.394466,monitor_3.monitor.csv,21100
-5.775008,60,300.500192,monitor.csv,21160
-7.304093,60,301.670509,monitor_2.monitor.csv,21220
-6.253914,60,301.679492,monitor_3.monitor.csv,21280
-6.81077,60,301.683498,monitor_1.monitor.csv,21340
-6.113839,60,304.38288,monitor.csv,21400
-6.09124,60,305.550279,monitor_2.monitor.csv,21460
-5.820019,60,305.570261,monitor_1.monitor.csv,21520
-5.296561,60,305.573256,monitor_3.monitor.csv,21580
-5.951381,60,307.59653,monitor.csv,21640
-6.07798,60,308.771008,monitor_2.monitor.csv,21700
-6.685765,60,308.780999,monitor_3.monitor.csv,21760
-6.614908,60,308.780999,monitor_1.monitor.csv,21820
-6.126303,60,310.848525,monitor.csv,21880
-6.860701,60,312.668957,monitor_2.monitor.csv,21940
-5.732936,60,312.685949,monitor_1.monitor.csv,22000
-5.370812,60,312.686945,monitor_3.monitor.csv,22060
-7.288786,60,314.698094,monitor.csv,22120
-5.553055,60,315.913067,monitor_2.monitor.csv,22180
-6.757723,60,315.930058,monitor_1.monitor.csv,22240
-5.882949,60,315.93605,monitor_3.monitor.csv,22300
-5.595962,60,317.892381,monitor.csv,22360
-6.108732,60,319.748122,monitor_2.monitor.csv,22420
-4.191056,60,319.76611,monitor_3.monitor.csv,22480
-5.905338,60,319.767112,monitor_1.monitor.csv,22540
-6.145115,60,321.850352,monitor.csv,22600
-6.72692,60,323.052573,monitor_2.monitor.csv,22660
-7.269082,60,323.072555,monitor_3.monitor.csv,22720
-5.984582,60,323.07708,monitor_1.monitor.csv,22780
-6.193653,60,325.089214,monitor.csv,22840
-6.789566,60,326.211248,monitor_2.monitor.csv,22900
-5.517427,60,326.229236,monitor_3.monitor.csv,22960
-5.52838,60,326.230235,monitor_1.monitor.csv,23020
-5.186504,60,329.080318,monitor.csv,23080
-5.857077,60,330.304595,monitor_2.monitor.csv,23140
-6.295314,60,330.320587,monitor_3.monitor.csv,23200
-4.65776,60,330.321586,monitor_1.monitor.csv,23260
-6.452722,60,332.322772,monitor.csv,23320
-5.292131,60,333.454557,monitor_2.monitor.csv,23380
-6.484799,60,333.472543,monitor_1.monitor.csv,23440
-6.704693,60,333.474543,monitor_3.monitor.csv,23500
-5.918145,60,336.227243,monitor.csv,23560
-7.519657,60,337.392586,monitor_2.monitor.csv,23620
-5.547163,60,337.406588,monitor_1.monitor.csv,23680
-4.891135,60,337.411573,monitor_3.monitor.csv,23740
-5.557184,60,339.556433,monitor.csv,23800
-6.126085,60,340.757823,monitor_2.monitor.csv,23860
-6.521866,60,340.774815,monitor_1.monitor.csv,23920
-5.371965,60,340.777792,monitor_3.monitor.csv,23980
-6.318579,60,343.502417,monitor.csv,24040
-6.656255,60,344.69678,monitor_2.monitor.csv,24100
-5.780882,60,344.719766,monitor_1.monitor.csv,24160
-6.804638,60,344.720763,monitor_3.monitor.csv,24220
-7.859112,60,346.747319,monitor.csv,24280
-5.587476,60,347.917734,monitor_2.monitor.csv,24340
-6.349239,60,347.931732,monitor_1.monitor.csv,24400
-5.557169,60,347.935722,monitor_3.monitor.csv,24460
-6.380108,60,350.677489,monitor.csv,24520
-6.835649,60,351.86117,monitor_2.monitor.csv,24580
-6.04299,60,351.873161,monitor_1.monitor.csv,24640
-7.109189,60,351.879158,monitor_3.monitor.csv,24700
-5.087911,60,353.856009,monitor.csv,24760
-5.703049,60,355.129736,monitor_2.monitor.csv,24820
-6.40306,60,355.146727,monitor_1.monitor.csv,24880
-4.663086,60,355.148721,monitor_3.monitor.csv,24940
-6.584916,60,358.22579,monitor.csv,25000
-7.314216,60,359.545106,monitor_2.monitor.csv,25060
-6.057585,60,359.550129,monitor_1.monitor.csv,25120
-5.454458,60,359.553107,monitor_3.monitor.csv,25180
-7.281395,60,361.926321,monitor.csv,25240
-5.968882,60,363.164507,monitor_2.monitor.csv,25300
-6.563607,60,363.181496,monitor_3.monitor.csv,25360
-6.382982,60,363.181498,monitor_1.monitor.csv,25420
-5.996994,60,365.355852,monitor.csv,25480
-5.696805,60,367.353083,monitor_2.monitor.csv,25540
-5.850395,60,367.364068,monitor_1.monitor.csv,25600
-6.665726,60,367.365064,monitor_3.monitor.csv,25660
-4.780428,60,369.61623,monitor.csv,25720
-5.996411,60,370.769432,monitor_2.monitor.csv,25780
-5.20651,60,370.77943,monitor_1.monitor.csv,25840
-6.497408,60,370.786424,monitor_3.monitor.csv,25900
-6.456113,60,372.84941,monitor.csv,25960
-7.808594,60,374.755733,monitor_2.monitor.csv,26020
-6.429517,60,374.772725,monitor_1.monitor.csv,26080
-7.200288,60,374.775728,monitor_3.monitor.csv,26140
-6.203701,60,376.882308,monitor.csv,26200
-5.131444,60,378.014794,monitor_2.monitor.csv,26260
-5.316382,60,378.029787,monitor_1.monitor.csv,26320
-6.472911,60,378.033791,monitor_3.monitor.csv,26380
-8.489121,60,380.038746,monitor.csv,26440
-6.182799,60,381.966523,monitor_2.monitor.csv,26500
-5.990808,60,381.977517,monitor_3.monitor.csv,26560
-5.690638,60,381.978524,monitor_1.monitor.csv,26620
-5.716773,60,383.954864,monitor.csv,26680
-6.831198,60,385.120796,monitor_2.monitor.csv,26740
-5.917828,60,385.141793,monitor_1.monitor.csv,26800
-6.506865,60,385.145785,monitor_3.monitor.csv,26860
-6.512899,60,387.087161,monitor.csv,26920
-6.002792,60,388.225318,monitor_2.monitor.csv,26980
-6.128451,60,388.238329,monitor_1.monitor.csv,27040
-5.510755,60,388.239326,monitor_3.monitor.csv,27100
-5.439738,60,391.019341,monitor.csv,27160
-6.589522,60,392.180657,monitor_2.monitor.csv,27220
-5.937018,60,392.195656,monitor_3.monitor.csv,27280
-5.471356,60,392.195671,monitor_1.monitor.csv,27340
-7.015068,60,394.18755,monitor.csv,27400
-4.762046,60,395.386763,monitor_2.monitor.csv,27460
-5.268803,60,395.404737,monitor_1.monitor.csv,27520
-6.784169,60,395.408741,monitor_3.monitor.csv,27580
-6.020184,60,398.138734,monitor.csv,27640
-7.946529,60,399.342792,monitor_2.monitor.csv,27700
-6.618285,60,399.356795,monitor_3.monitor.csv,27760
-6.013957,60,399.356801,monitor_1.monitor.csv,27820
-5.280864,60,401.405969,monitor.csv,27880
-7.240371,60,402.58924,monitor_2.monitor.csv,27940
-6.544203,60,402.601232,monitor_1.monitor.csv,28000
-6.749933,60,402.604235,monitor_3.monitor.csv,28060
-5.966214,60,405.389986,monitor.csv,28120
-6.533048,60,406.576186,monitor_2.monitor.csv,28180
-6.48387,60,406.593178,monitor_1.monitor.csv,28240
-6.540668,60,406.595181,monitor_3.monitor.csv,28300
-6.302326,60,408.612484,monitor.csv,28360
-6.008756,60,409.802961,monitor_2.monitor.csv,28420
-5.848793,60,409.820955,monitor_1.monitor.csv,28480
-6.794912,60,409.82794,monitor_3.monitor.csv,28540
-5.853585,60,412.546978,monitor.csv,28600
-5.999294,60,413.685437,monitor_2.monitor.csv,28660
-4.952595,60,413.699444,monitor_1.monitor.csv,28720
-6.478531,60,413.710397,monitor_3.monitor.csv,28780
-5.873798,60,415.750285,monitor.csv,28840
-5.993146,60,416.916601,monitor_2.monitor.csv,28900
-6.365306,60,416.933593,monitor_1.monitor.csv,28960
-6.363663,60,416.93858,monitor_3.monitor.csv,29020
-6.003854,60,419.699438,monitor.csv,29080
-5.91235,60,421.017164,monitor_2.monitor.csv,29140
-4.756589,60,421.026162,monitor_3.monitor.csv,29200
-7.238169,60,421.030148,monitor_1.monitor.csv,29260
-6.677833,60,423.168766,monitor.csv,29320
-6.93979,60,424.327679,monitor_2.monitor.csv,29380
-5.993377,60,424.34467,monitor_1.monitor.csv,29440
-6.267665,60,424.345667,monitor_3.monitor.csv,29500
-5.860503,60,426.414765,monitor.csv,29560
-5.970411,60,428.281007,monitor_2.monitor.csv,29620
-6.93024,60,428.298995,monitor_1.monitor.csv,29680
-6.482429,60,428.308995,monitor_3.monitor.csv,29740
-5.942882,60,430.411817,monitor.csv,29800
-5.998168,60,431.587243,monitor_2.monitor.csv,29860
-4.743425,60,431.597233,monitor_3.monitor.csv,29920
-6.487293,60,431.601236,monitor_1.monitor.csv,29980
-6.510784,60,433.629897,monitor.csv,30040
-5.739073,60,435.560851,monitor_2.monitor.csv,30100
-5.406754,60,435.577843,monitor_1.monitor.csv,30160
-5.196295,60,435.587047,monitor_3.monitor.csv,30220
-6.300971,60,437.617655,monitor.csv,30280
-5.589656,60,438.811269,monitor_2.monitor.csv,30340
-3.711918,60,438.831267,monitor_1.monitor.csv,30400
-5.842253,60,438.836253,monitor_3.monitor.csv,30460
-6.477648,60,440.916402,monitor.csv,30520
-7.424717,60,442.137737,monitor_2.monitor.csv,30580
-7.205455,60,442.157714,monitor_1.monitor.csv,30640
-7.061848,60,442.163713,monitor_3.monitor.csv,30700
-7.664765,60,444.908111,monitor.csv,30760
-5.617546,60,446.088532,monitor_2.monitor.csv,30820
-7.880273,60,446.10353,monitor_3.monitor.csv,30880
-6.223196,60,446.106518,monitor_1.monitor.csv,30940
-7.972612,60,448.103041,monitor.csv,31000
-5.983819,60,449.318568,monitor_2.monitor.csv,31060
-3.88565,60,449.334578,monitor_1.monitor.csv,31120
-6.117119,60,449.34255,monitor_3.monitor.csv,31180
-6.83655,60,452.122798,monitor.csv,31240
-5.387354,60,453.341904,monitor_2.monitor.csv,31300
-6.113121,60,453.3599,monitor_1.monitor.csv,31360
-7.60646,60,453.360897,monitor_3.monitor.csv,31420
-6.796814,60,455.393326,monitor.csv,31480
-7.321698,60,456.5976,monitor_2.monitor.csv,31540
-5.208453,60,456.612598,monitor_3.monitor.csv,31600
-5.109473,60,456.614592,monitor_1.monitor.csv,31660
-6.392894,60,459.344413,monitor.csv,31720
-6.894195,60,460.538017,monitor_2.monitor.csv,31780
-6.559448,60,460.552008,monitor_1.monitor.csv,31840
-5.957465,60,460.553998,monitor_3.monitor.csv,31900
-6.612959,60,462.537004,monitor.csv,31960
-6.22966,60,463.655817,monitor_2.monitor.csv,32020
-5.786786,60,463.673799,monitor_1.monitor.csv,32080
-5.885784,60,463.674795,monitor_3.monitor.csv,32140
-4.986572,60,466.458947,monitor.csv,32200
-7.565344,60,467.63694,monitor_2.monitor.csv,32260
-6.037961,60,467.652935,monitor_1.monitor.csv,32320
-7.249595,60,467.654927,monitor_3.monitor.csv,32380
-6.768318,60,469.70417,monitor.csv,32440
-5.846153,60,470.853427,monitor_2.monitor.csv,32500
-7.297863,60,470.871415,monitor_3.monitor.csv,32560
-6.7164,60,470.871428,monitor_1.monitor.csv,32620
-7.293253,60,473.60446,monitor.csv,32680
-5.896382,60,474.810112,monitor_2.monitor.csv,32740
-5.969534,60,474.825107,monitor_3.monitor.csv,32800
-6.619209,60,474.825107,monitor_1.monitor.csv,32860
-8.695011,60,476.876377,monitor.csv,32920
-7.32272,60,478.028178,monitor_2.monitor.csv,32980
-6.418899,60,478.044197,monitor_1.monitor.csv,33040
-6.963341,60,478.046166,monitor_3.monitor.csv,33100
-5.819128,60,480.120971,monitor.csv,33160
-6.005108,60,482.009974,monitor_2.monitor.csv,33220
-7.315552,60,482.027983,monitor_1.monitor.csv,33280
-5.175748,60,482.034973,monitor_3.monitor.csv,33340
-6.384892,60,484.028455,monitor.csv,33400
-7.816279,60,485.224648,monitor_2.monitor.csv,33460
-6.406895,60,485.240647,monitor_1.monitor.csv,33520
-7.309926,60,485.241643,monitor_3.monitor.csv,33580
-6.190696,60,487.330534,monitor.csv,33640
-8.05525,60,489.161115,monitor_2.monitor.csv,33700
-6.773815,60,489.180103,monitor_1.monitor.csv,33760
-6.009597,60,489.183102,monitor_3.monitor.csv,33820
-5.915719,60,491.211307,monitor.csv,33880
-4.309434,60,492.394943,monitor_2.monitor.csv,33940
-5.872273,60,492.408934,monitor_1.monitor.csv,34000
-6.666823,60,492.40993,monitor_3.monitor.csv,34060
-7.332906,60,494.641266,monitor.csv,34120
-4.946476,60,496.519649,monitor_2.monitor.csv,34180
-7.461281,60,496.538634,monitor_3.monitor.csv,34240
-6.379364,60,496.542636,monitor_1.monitor.csv,34300
-5.556787,60,498.576433,monitor.csv,34360
-7.534894,60,499.753021,monitor_2.monitor.csv,34420
-6.029097,60,499.767007,monitor_1.monitor.csv,34480
-5.959326,60,499.771008,monitor_3.monitor.csv,34540
-7.678346,60,501.915581,monitor.csv,34600
-6.837364,60,503.07692,monitor_2.monitor.csv,34660
-6.494177,60,503.094908,monitor_3.monitor.csv,34720
-5.296334,60,503.098915,monitor_1.monitor.csv,34780
-6.3019,60,505.82682,monitor.csv,34840
-6.852263,60,507.014817,monitor_2.monitor.csv,34900
-6.711943,60,507.031808,monitor_1.monitor.csv,34960
-4.817176,60,507.034798,monitor_3.monitor.csv,35020
-5.728253,60,509.034302,monitor.csv,35080
-5.435563,60,510.23774,monitor_2.monitor.csv,35140
-5.468683,60,510.253735,monitor_1.monitor.csv,35200
-6.384307,60,510.255728,monitor_3.monitor.csv,35260
-6.373164,60,512.99327,monitor.csv,35320
-7.396232,60,514.131161,monitor_2.monitor.csv,35380
-5.739214,60,514.151149,monitor_3.monitor.csv,35440
-6.985685,60,514.151151,monitor_1.monitor.csv,35500
-5.301432,60,516.195514,monitor.csv,35560
-5.027496,60,517.367273,monitor_2.monitor.csv,35620
-6.190313,60,517.378257,monitor_1.monitor.csv,35680
-6.397329,60,517.384267,monitor_3.monitor.csv,35740
-5.940797,60,520.124591,monitor.csv,35800
-5.479959,60,521.259801,monitor_2.monitor.csv,35860
-5.392085,60,521.271794,monitor_3.monitor.csv,35920
-7.172184,60,521.271799,monitor_1.monitor.csv,35980
-6.130009,60,523.324063,monitor.csv,36040
-5.665053,60,524.509811,monitor_2.monitor.csv,36100
-6.736488,60,524.52181,monitor_1.monitor.csv,36160
-7.214609,60,524.521821,monitor_3.monitor.csv,36220
-6.952135,60,527.332081,monitor.csv,36280
-7.115536,60,528.53206,monitor_2.monitor.csv,36340
-6.871622,60,528.549052,monitor_1.monitor.csv,36400
-6.637858,60,528.559038,monitor_3.monitor.csv,36460
-5.659232,60,530.590304,monitor.csv,36520
-6.71514,60,531.875046,monitor_2.monitor.csv,36580
-3.47911,60,531.894005,monitor_3.monitor.csv,36640
-5.364725,60,531.895002,monitor_1.monitor.csv,36700
-6.298329,60,535.063596,monitor.csv,36760
-5.62428,60,536.400219,monitor_2.monitor.csv,36820
-6.772493,60,536.418201,monitor_1.monitor.csv,36880
-5.712008,60,536.427197,monitor_3.monitor.csv,36940
-5.448279,60,538.663659,monitor.csv,37000
-6.131719,60,539.98382,monitor_2.monitor.csv,37060
-5.78767,60,539.999808,monitor_3.monitor.csv,37120
-7.485153,60,540.002821,monitor_1.monitor.csv,37180
-6.944196,60,542.247808,monitor.csv,37240
-5.726775,60,544.291455,monitor_2.monitor.csv,37300
-5.760017,60,544.305422,monitor_3.monitor.csv,37360
-5.822818,60,544.306436,monitor_1.monitor.csv,37420
-5.932152,60,546.640353,monitor.csv,37480
-5.891609,60,547.941865,monitor_2.monitor.csv,37540
-6.182323,60,547.957847,monitor_1.monitor.csv,37600
-6.010597,60,547.961832,monitor_3.monitor.csv,37660
-7.596543,60,550.415889,monitor.csv,37720
-5.963035,60,552.555639,monitor_2.monitor.csv,37780
-6.719298,60,552.571632,monitor_1.monitor.csv,37840
-5.945303,60,552.575625,monitor_3.monitor.csv,37900
-7.013356,60,555.361674,monitor.csv,37960
-6.678345,60,556.731746,monitor_2.monitor.csv,38020
-6.749003,60,556.749744,monitor_1.monitor.csv,38080
-5.12361,60,556.753734,monitor_3.monitor.csv,38140
-5.872782,60,559.280839,monitor.csv,38200
-5.992612,60,560.74263,monitor_2.monitor.csv,38260
-6.73914,60,560.758619,monitor_1.monitor.csv,38320
-8.293413,60,560.764611,monitor_3.monitor.csv,38380
-6.733136,60,563.914567,monitor.csv,38440
-5.99266,60,565.238527,monitor_2.monitor.csv,38500
-6.067241,60,565.248522,monitor_1.monitor.csv,38560
-6.716976,60,565.258518,monitor_3.monitor.csv,38620
-6.690854,60,567.583967,monitor.csv,38680
-6.48004,60,568.95552,monitor_2.monitor.csv,38740
-5.177133,60,568.973506,monitor_1.monitor.csv,38800
-5.437838,60,568.974502,monitor_3.monitor.csv,38860
-6.921291,60,572.240012,monitor.csv,38920
-5.732142,60,573.550002,monitor_2.monitor.csv,38980
-7.739213,60,573.566993,monitor_1.monitor.csv,39040
-8.221281,60,573.570992,monitor_3.monitor.csv,39100
-5.917084,60,575.851663,monitor.csv,39160
-5.743909,60,577.188199,monitor_2.monitor.csv,39220
-5.479506,60,577.20044,monitor_3.monitor.csv,39280
-8.692124,60,577.20519,monitor_1.monitor.csv,39340
-5.084906,60,580.881831,monitor.csv,39400
-7.032113,60,582.329594,monitor_2.monitor.csv,39460
-6.946712,60,582.347582,monitor_3.monitor.csv,39520
-6.500755,60,582.348581,monitor_1.monitor.csv,39580
-6.207002,60,584.861062,monitor.csv,39640
-5.178628,60,586.260993,monitor_2.monitor.csv,39700
-5.910833,60,586.27573,monitor_1.monitor.csv,39760
-6.547744,60,586.278245,monitor_3.monitor.csv,39820
-5.214979,60,589.665805,monitor.csv,39880
-6.20458,60,591.103408,monitor_2.monitor.csv,39940
-5.611774,60,591.117387,monitor_3.monitor.csv,40000
-5.885526,60,591.119401,monitor_1.monitor.csv,40060
-7.034395,60,593.659296,monitor.csv,40120
-5.642971,60,595.023957,monitor_2.monitor.csv,40180
-4.880562,60,595.039954,monitor_1.monitor.csv,40240
-6.776637,60,595.040951,monitor_3.monitor.csv,40300
-6.567574,60,598.401437,monitor.csv,40360
-6.995694,60,599.75589,monitor_2.monitor.csv,40420
-5.826359,60,599.768878,monitor_1.monitor.csv,40480
-5.185106,60,599.772881,monitor_3.monitor.csv,40540
-5.555906,60,602.524295,monitor.csv,40600
-6.597122,60,603.812547,monitor_2.monitor.csv,40660
-6.282638,60,603.834537,monitor_1.monitor.csv,40720
-5.954573,60,603.840537,monitor_3.monitor.csv,40780
-6.079709,60,606.313724,monitor.csv,40840
-6.015248,60,608.626214,monitor_2.monitor.csv,40900
-5.79498,60,608.65121,monitor_1.monitor.csv,40960
-6.714195,60,608.654204,monitor_3.monitor.csv,41020
-6.90815,60,610.953136,monitor.csv,41080
-4.763855,60,612.331601,monitor_2.monitor.csv,41140
-5.960793,60,612.351602,monitor_1.monitor.csv,41200
-6.272965,60,612.355583,monitor_3.monitor.csv,41260
-6.531658,60,614.744524,monitor.csv,41320
-5.133197,60,616.863194,monitor_2.monitor.csv,41380
-4.470709,60,616.870206,monitor_3.monitor.csv,41440
-6.603459,60,616.87219,monitor_1.monitor.csv,41500
-5.339011,60,619.117867,monitor.csv,41560
-5.692456,60,620.390856,monitor_2.monitor.csv,41620
-5.979274,60,620.407842,monitor_3.monitor.csv,41680
-4.910219,60,620.407847,monitor_1.monitor.csv,41740
-5.259195,60,622.661747,monitor.csv,41800
-5.834829,60,625.786558,monitor_2.monitor.csv,41860
-7.612328,60,625.801543,monitor_1.monitor.csv,41920
-5.96941,60,625.80254,monitor_3.monitor.csv,41980
-3.040578,60,628.247527,monitor.csv,42040
-6.369506,60,629.415366,monitor_2.monitor.csv,42100
-5.72122,60,629.430358,monitor_1.monitor.csv,42160
-5.968702,60,629.432348,monitor_3.monitor.csv,42220
-5.576268,60,631.343328,monitor.csv,42280
-6.682366,60,632.515915,monitor_2.monitor.csv,42340
-6.154723,60,632.529896,monitor_1.monitor.csv,42400
-4.852124,60,632.530893,monitor_3.monitor.csv,42460
-5.978704,60,635.18487,monitor.csv,42520
-5.639957,60,636.45313,monitor_2.monitor.csv,42580
-4.811447,60,636.462135,monitor_1.monitor.csv,42640
-6.600947,60,636.465132,monitor_3.monitor.csv,42700
-6.871368,60,638.593396,monitor.csv,42760
-6.718914,60,639.853872,monitor_2.monitor.csv,42820
-6.657184,60,639.869849,monitor_1.monitor.csv,42880
-6.067726,60,639.874852,monitor_3.monitor.csv,42940
-6.968637,60,642.652131,monitor.csv,43000
-6.249342,60,643.843277,monitor_2.monitor.csv,43060
-5.293353,60,643.854273,monitor_1.monitor.csv,43120
-4.829741,60,643.860266,monitor_3.monitor.csv,43180
-5.833765,60,645.910819,monitor.csv,43240
-5.393482,60,647.090014,monitor_2.monitor.csv,43300
-6.837222,60,647.103006,monitor_1.monitor.csv,43360
-5.698485,60,647.106007,monitor_3.monitor.csv,43420
-7.207983,60,649.902182,monitor.csv,43480
-6.461669,60,651.110106,monitor_2.monitor.csv,43540
-7.204323,60,651.129096,monitor_1.monitor.csv,43600
-6.970596,60,651.134088,monitor_3.monitor.csv,43660
-6.382878,60,653.169321,monitor.csv,43720
-5.993335,60,654.363059,monitor_2.monitor.csv,43780
-6.592361,60,654.384042,monitor_3.monitor.csv,43840
-5.711375,60,654.386036,monitor_1.monitor.csv,43900
-6.60144,60,657.102911,monitor.csv,43960
-5.143096,60,658.260738,monitor_2.monitor.csv,44020
-6.766567,60,658.277717,monitor_3.monitor.csv,44080
-5.971713,60,658.278718,monitor_1.monitor.csv,44140
-5.838107,60,660.349358,monitor.csv,44200
-6.854366,60,661.504083,monitor_2.monitor.csv,44260
-7.193926,60,661.522071,monitor_3.monitor.csv,44320
-6.401523,60,661.523074,monitor_1.monitor.csv,44380
-5.843846,60,664.221835,monitor.csv,44440
-6.906812,60,665.406278,monitor_2.monitor.csv,44500
-5.982461,60,665.427262,monitor_1.monitor.csv,44560
-6.214246,60,665.428258,monitor_3.monitor.csv,44620
-6.03919,60,667.467363,monitor.csv,44680
-6.871987,60,668.653723,monitor_2.monitor.csv,44740
-6.340112,60,668.671712,monitor_1.monitor.csv,44800
-4.377616,60,668.683706,monitor_3.monitor.csv,44860
-6.870904,60,670.657613,monitor.csv,44920
-6.324726,60,672.576475,monitor_2.monitor.csv,44980
-6.436345,60,672.595465,monitor_1.monitor.csv,45040
-6.088356,60,672.599444,monitor_3.monitor.csv,45100
-7.120523,60,674.663402,monitor.csv,45160
-4.641249,60,675.970446,monitor_2.monitor.csv,45220
-6.376618,60,675.985452,monitor_1.monitor.csv,45280
-5.439129,60,675.986448,monitor_3.monitor.csv,45340
-6.197879,60,677.987938,monitor.csv,45400
-4.531174,60,679.910721,monitor_2.monitor.csv,45460
-6.035354,60,679.927713,monitor_1.monitor.csv,45520
-6.921725,60,679.928709,monitor_3.monitor.csv,45580
-6.655136,60,682.01386,monitor.csv,45640
-6.466905,60,683.188914,monitor_2.monitor.csv,45700
-5.639983,60,683.204903,monitor_1.monitor.csv,45760
-5.538837,60,683.215903,monitor_3.monitor.csv,45820
-6.731335,60,685.234655,monitor.csv,45880
-5.69653,60,686.38544,monitor_2.monitor.csv,45940
-6.617433,60,686.402431,monitor_1.monitor.csv,46000
-6.034153,60,686.407425,monitor_3.monitor.csv,46060
-6.889359,60,689.174704,monitor.csv,46120
-7.063486,60,690.396742,monitor_2.monitor.csv,46180
-5.633608,60,690.408731,monitor_1.monitor.csv,46240
-5.988727,60,690.41274,monitor_3.monitor.csv,46300
-7.122168,60,692.466724,monitor.csv,46360
-6.433054,60,693.613267,monitor_2.monitor.csv,46420
-5.991604,60,693.628269,monitor_1.monitor.csv,46480
-6.739946,60,693.629266,monitor_3.monitor.csv,46540
-6.460674,60,696.398933,monitor.csv,46600
-5.999886,60,697.597933,monitor_2.monitor.csv,46660
-6.579284,60,697.617913,monitor_3.monitor.csv,46720
-5.699703,60,697.618919,monitor_1.monitor.csv,46780
-6.147491,60,699.639304,monitor.csv,46840
-6.294287,60,700.854238,monitor_2.monitor.csv,46900
-5.925701,60,700.866221,monitor_3.monitor.csv,46960
-6.961088,60,700.868234,monitor_1.monitor.csv,47020
-4.770749,60,703.593535,monitor.csv,47080
-6.269772,60,704.783623,monitor_2.monitor.csv,47140
-5.886051,60,704.793642,monitor_3.monitor.csv,47200
-7.340081,60,704.796607,monitor_1.monitor.csv,47260
-5.890298,60,707.067016,monitor.csv,47320
-6.918257,60,708.688901,monitor_2.monitor.csv,47380
-6.686367,60,708.706908,monitor_1.monitor.csv,47440
-5.860356,60,708.709018,monitor_3.monitor.csv,47500
-6.469272,60,713.337867,monitor.csv,47560
-7.918982,60,714.72534,monitor_2.monitor.csv,47620
-7.068096,60,714.742329,monitor_3.monitor.csv,47680
-5.902098,60,714.742331,monitor_1.monitor.csv,47740
-5.875787,60,717.489367,monitor.csv,47800
-6.298419,60,718.629775,monitor_2.monitor.csv,47860
-7.128007,60,718.64176,monitor_1.monitor.csv,47920
-5.363188,60,718.642757,monitor_3.monitor.csv,47980
-6.801286,60,721.484545,monitor.csv,48040
-7.98287,60,722.639477,monitor_2.monitor.csv,48100
-5.971731,60,722.653466,monitor_1.monitor.csv,48160
-5.588726,60,722.664475,monitor_3.monitor.csv,48220
-7.27397,60,724.623524,monitor.csv,48280
-6.15235,60,725.851141,monitor_2.monitor.csv,48340
-7.610436,60,725.868132,monitor_1.monitor.csv,48400
-5.874458,60,725.869129,monitor_3.monitor.csv,48460
-4.863876,60,727.935187,monitor.csv,48520
-5.121042,60,729.827672,monitor_2.monitor.csv,48580
-5.769449,60,729.841661,monitor_3.monitor.csv,48640
-7.219808,60,729.845669,monitor_1.monitor.csv,48700
-6.819269,60,731.875881,monitor.csv,48760
-5.680324,60,733.068349,monitor_2.monitor.csv,48820
-5.730107,60,733.08534,monitor_1.monitor.csv,48880
-8.060536,60,733.086337,monitor_3.monitor.csv,48940
-6.464782,60,735.151286,monitor.csv,49000
-6.603644,60,737.029939,monitor_2.monitor.csv,49060
-5.903204,60,737.049921,monitor_1.monitor.csv,49120
-6.92504,60,737.053911,monitor_3.monitor.csv,49180
-5.920817,60,739.045271,monitor.csv,49240
-5.278706,60,740.310014,monitor_2.monitor.csv,49300
-6.421037,60,740.33003,monitor_3.monitor.csv,49360
-6.808871,60,740.333208,monitor_1.monitor.csv,49420
-6.006986,60,742.417203,monitor.csv,49480
-6.370797,60,744.470704,monitor_2.monitor.csv,49540
-3.922489,60,744.489693,monitor_1.monitor.csv,49600
-5.127137,60,744.492693,monitor_3.monitor.csv,49660
-7.046755,60,746.700909,monitor.csv,49720
-7.345841,60,748.011652,monitor_2.monitor.csv,49780
-6.003993,60,748.029632,monitor_1.monitor.csv,49840
-5.119055,60,748.032625,monitor_3.monitor.csv,49900
-6.884593,60,750.097605,monitor.csv,49960
-7.312565,60,751.26202,monitor_2.monitor.csv,50020
-8.278139,60,751.278015,monitor_1.monitor.csv,50080
-5.688523,60,751.281007,monitor_3.monitor.csv,50140
-6.087607,60,754.005061,monitor.csv,50200
-5.613614,60,755.213815,monitor_2.monitor.csv,50260
-6.929824,60,755.227813,monitor_3.monitor.csv,50320
-5.069018,60,755.230807,monitor_1.monitor.csv,50380
-6.872745,60,757.249437,monitor.csv,50440
-7.449919,60,758.447218,monitor_2.monitor.csv,50500
-6.049783,60,758.459203,monitor_1.monitor.csv,50560
-8.083388,60,758.46621,monitor_3.monitor.csv,50620
-5.419103,60,761.359211,monitor.csv,50680
-6.100183,60,762.556957,monitor_2.monitor.csv,50740
-6.524572,60,762.574944,monitor_1.monitor.csv,50800
-5.476457,60,762.58093,monitor_3.monitor.csv,50860
-7.137716,60,764.548283,monitor.csv,50920
-5.108838,60,765.760557,monitor_2.monitor.csv,50980
-6.76679,60,765.776545,monitor_1.monitor.csv,51040
-5.652791,60,765.78252,monitor_3.monitor.csv,51100
-5.423447,60,768.485701,monitor.csv,51160
-7.825911,60,769.659682,monitor_2.monitor.csv,51220
-6.012177,60,769.673675,monitor_3.monitor.csv,51280
-6.092156,60,769.677672,monitor_1.monitor.csv,51340
-6.020707,60,771.743218,monitor.csv,51400
-4.08239,60,772.958996,monitor_2.monitor.csv,51460
-5.476935,60,772.976984,monitor_3.monitor.csv,51520
-4.671406,60,772.976985,monitor_1.monitor.csv,51580
-5.493491,60,775.903169,monitor.csv,51640
-6.049791,60,777.064614,monitor_2.monitor.csv,51700
-7.502391,60,777.080605,monitor_1.monitor.csv,51760
-5.06068,60,777.081601,monitor_3.monitor.csv,51820
-5.67054,60,779.099869,monitor.csv,51880
-6.314753,60,780.236248,monitor_2.monitor.csv,51940
-5.809822,60,780.255242,monitor_1.monitor.csv,52000
-5.34969,60,780.256239,monitor_3.monitor.csv,52060
-6.035651,60,783.263172,monitor.csv,52120
-5.766574,60,784.434322,monitor_2.monitor.csv,52180
-4.966764,60,784.450332,monitor_1.monitor.csv,52240
-6.627832,60,784.45231,monitor_3.monitor.csv,52300
-8.012927,60,786.487422,monitor.csv,52360
-7.644413,60,787.65415,monitor_2.monitor.csv,52420
-6.199639,60,787.667157,monitor_1.monitor.csv,52480
-7.573302,60,787.674138,monitor_3.monitor.csv,52540
-5.304644,60,789.669017,monitor.csv,52600
-6.037667,60,791.650468,monitor_2.monitor.csv,52660
-6.364037,60,791.666472,monitor_1.monitor.csv,52720
-6.913789,60,791.670458,monitor_3.monitor.csv,52780
-6.767685,60,793.844713,monitor.csv,52840
-6.084991,60,795.044468,monitor_2.monitor.csv,52900
-5.497504,60,795.058465,monitor_1.monitor.csv,52960
-4.734354,60,795.065448,monitor_3.monitor.csv,53020
-5.607976,60,797.151059,monitor.csv,53080
-5.935876,60,799.068407,monitor_2.monitor.csv,53140
-5.451397,60,799.081409,monitor_1.monitor.csv,53200
-7.153511,60,799.083405,monitor_3.monitor.csv,53260
-6.596259,60,801.201975,monitor.csv,53320
-6.025069,60,802.401718,monitor_2.monitor.csv,53380
-5.931055,60,802.411722,monitor_3.monitor.csv,53440
-6.790083,60,802.411728,monitor_1.monitor.csv,53500
-7.653946,60,804.432368,monitor.csv,53560
-6.538745,60,805.614029,monitor_2.monitor.csv,53620
-5.098933,60,805.635018,monitor_1.monitor.csv,53680
-6.942508,60,805.641026,monitor_3.monitor.csv,53740
-6.167938,60,808.457173,monitor.csv,53800
-5.990816,60,809.606699,monitor_2.monitor.csv,53860
-6.665332,60,809.625693,monitor_3.monitor.csv,53920
-6.181801,60,809.626454,monitor_1.monitor.csv,53980
-5.304204,60,811.665481,monitor.csv,54040
-5.04422,60,812.859262,monitor_2.monitor.csv,54100
-6.700002,60,812.87826,monitor_1.monitor.csv,54160
-5.084622,60,812.881252,monitor_3.monitor.csv,54220
-6.22816,60,815.589178,monitor.csv,54280
-5.808583,60,816.790277,monitor_2.monitor.csv,54340
-5.149744,60,816.810269,monitor_1.monitor.csv,54400
-5.571876,60,816.813246,monitor_3.monitor.csv,54460
-7.430645,60,818.86254,monitor.csv,54520
-6.112117,60,820.050671,monitor_2.monitor.csv,54580
-5.999406,60,820.069665,monitor_1.monitor.csv,54640
-7.085316,60,820.075819,monitor_3.monitor.csv,54700
-6.367191,60,822.808982,monitor.csv,54760
-6.722298,60,823.978035,monitor_2.monitor.csv,54820
-7.169918,60,823.99204,monitor_1.monitor.csv,54880
-4.992443,60,823.993037,monitor_3.monitor.csv,54940
-7.680615,60,826.032348,monitor.csv,55000
-5.243584,60,827.199181,monitor_2.monitor.csv,55060
-5.811626,60,827.220155,monitor_1.monitor.csv,55120
-6.505797,60,827.222152,monitor_3.monitor.csv,55180
-5.958067,60,829.93446,monitor.csv,55240
-5.834934,60,831.16358,monitor_2.monitor.csv,55300
-5.961317,60,831.178576,monitor_1.monitor.csv,55360
-6.303763,60,831.182559,monitor_3.monitor.csv,55420
-6.836503,60,833.211109,monitor.csv,55480
-5.429761,60,834.416963,monitor_2.monitor.csv,55540
-6.743782,60,834.434953,monitor_1.monitor.csv,55600
-6.204265,60,834.43595,monitor_3.monitor.csv,55660
-6.102909,60,837.158991,monitor.csv,55720
-6.679507,60,838.323795,monitor_2.monitor.csv,55780
-6.468031,60,838.347503,monitor_1.monitor.csv,55840
-6.582348,60,838.347934,monitor_3.monitor.csv,55900
-5.907415,60,840.372694,monitor.csv,55960
-6.789195,60,841.537935,monitor_2.monitor.csv,56020
-6.437352,60,841.552926,monitor_1.monitor.csv,56080
-5.537424,60,841.553923,monitor_3.monitor.csv,56140
-7.892281,60,843.638757,monitor.csv,56200
-7.635528,60,845.859783,monitor_2.monitor.csv,56260
-6.019744,60,845.869778,monitor_3.monitor.csv,56320
-5.001967,60,845.873784,monitor_1.monitor.csv,56380
-6.566575,60,848.074689,monitor.csv,56440
-5.691311,60,849.292147,monitor_2.monitor.csv,56500
-6.697958,60,849.302137,monitor_1.monitor.csv,56560
-6.738804,60,849.307143,monitor_3.monitor.csv,56620
-6.787343,60,851.507071,monitor.csv,56680
-6.000883,60,853.462129,monitor_2.monitor.csv,56740
-6.369349,60,853.474116,monitor_1.monitor.csv,56800
-6.376254,60,853.480117,monitor_3.monitor.csv,56860
-5.888516,60,855.510208,monitor.csv,56920
-6.637303,60,856.680955,monitor_2.monitor.csv,56980
-5.193476,60,856.695946,monitor_1.monitor.csv,57040
-6.151061,60,856.697944,monitor_3.monitor.csv,57100
-7.41035,60,858.675344,monitor.csv,57160
-6.730514,60,860.653884,monitor_2.monitor.csv,57220
-7.58141,60,860.673884,monitor_1.monitor.csv,57280
-6.15396,60,860.674881,monitor_3.monitor.csv,57340
-6.020666,60,862.698679,monitor.csv,57400
-6.809924,60,863.865193,monitor_2.monitor.csv,57460
-6.308912,60,863.885173,monitor_1.monitor.csv,57520
-6.846047,60,863.885175,monitor_3.monitor.csv,57580
-6.093678,60,865.922035,monitor.csv,57640
-4.569753,60,867.112354,monitor_2.monitor.csv,57700
-6.650983,60,867.127352,monitor_3.monitor.csv,57760
-6.40613,60,867.128348,monitor_1.monitor.csv,57820
-6.152697,60,869.853177,monitor.csv,57880
-6.0145,60,871.062848,monitor_2.monitor.csv,57940
-6.128899,60,871.076847,monitor_3.monitor.csv,58000
-6.575335,60,871.07984,monitor_1.monitor.csv,58060
-6.597601,60,873.079193,monitor.csv,58120
-5.835831,60,874.225706,monitor_2.monitor.csv,58180
-7.355156,60,874.245685,monitor_1.monitor.csv,58240
-6.137138,60,874.25364,monitor_3.monitor.csv,58300
-6.217727,60,877.003334,monitor.csv,58360
-6.264315,60,878.198286,monitor_2.monitor.csv,58420
-5.409441,60,878.211285,monitor_1.monitor.csv,58480
-7.202626,60,878.212282,monitor_3.monitor.csv,58540
-6.162451,60,880.273396,monitor.csv,58600
-6.259177,60,881.443854,monitor_2.monitor.csv,58660
-6.773052,60,881.455844,monitor_3.monitor.csv,58720
-5.835018,60,881.46184,monitor_1.monitor.csv,58780
-6.932437,60,884.207032,monitor.csv,58840
-5.281914,60,885.438993,monitor_2.monitor.csv,58900
-6.134344,60,885.457989,monitor_3.monitor.csv,58960
-6.738342,60,885.458001,monitor_1.monitor.csv,59020
-5.926957,60,887.465675,monitor.csv,59080
-5.843149,60,888.642234,monitor_2.monitor.csv,59140
-6.242557,60,888.657228,monitor_3.monitor.csv,59200
-6.403172,60,888.659225,monitor_1.monitor.csv,59260
-5.676106,60,891.459092,monitor.csv,59320
-6.20226,60,892.582241,monitor_2.monitor.csv,59380
-5.770344,60,892.600218,monitor_1.monitor.csv,59440
-6.397165,60,892.602211,monitor_3.monitor.csv,59500
-6.876304,60,894.57898,monitor.csv,59560
-7.080568,60,895.816116,monitor_2.monitor.csv,59620
-6.001369,60,895.833107,monitor_1.monitor.csv,59680
-6.719134,60,895.839081,monitor_3.monitor.csv,59740
-5.338236,60,898.613953,monitor.csv,59800
-6.730339,60,899.756586,monitor_2.monitor.csv,59860
-5.477278,60,899.770561,monitor_1.monitor.csv,59920
-6.77705,60,899.776562,monitor_3.monitor.csv,59980
-5.99901,60,901.813348,monitor.csv,60040
-7.920832,60,902.969821,monitor_2.monitor.csv,60100
-6.490521,60,902.982817,monitor_1.monitor.csv,60160
-5.896686,60,902.983814,monitor_3.monitor.csv,60220
-6.028445,60,905.046559,monitor.csv,60280
-6.687635,60,906.956058,monitor_2.monitor.csv,60340
-5.128034,60,906.971056,monitor_3.monitor.csv,60400
-5.437382,60,906.974041,monitor_1.monitor.csv,60460
-6.270054,60,908.965947,monitor.csv,60520
-6.096406,60,910.29004,monitor_2.monitor.csv,60580
-6.116308,60,910.309031,monitor_3.monitor.csv,60640
-5.62799,60,910.310039,monitor_1.monitor.csv,60700
-6.346773,60,912.324828,monitor.csv,60760
-5.824143,60,914.161371,monitor_2.monitor.csv,60820
-5.739785,60,914.178362,monitor_1.monitor.csv,60880
-6.60931,60,914.179359,monitor_3.monitor.csv,60940
-5.774672,60,916.235819,monitor.csv,61000
-7.05049,60,917.421762,monitor_2.monitor.csv,61060
-6.089272,60,917.438753,monitor_1.monitor.csv,61120
-6.530253,60,917.440751,monitor_3.monitor.csv,61180
-5.360635,60,919.48708,monitor.csv,61240
-8.646976,60,920.678359,monitor_2.monitor.csv,61300
-4.535552,60,920.69535,monitor_1.monitor.csv,61360
-6.192093,60,920.699347,monitor_3.monitor.csv,61420
-5.442677,60,923.416182,monitor.csv,61480
-4.425165,60,924.556496,monitor_2.monitor.csv,61540
-5.97758,60,924.574484,monitor_3.monitor.csv,61600
-6.300232,60,924.576487,monitor_1.monitor.csv,61660
-4.509553,60,926.624517,monitor.csv,61720
-5.697108,60,927.805271,monitor_2.monitor.csv,61780
-6.354834,60,927.824257,monitor_1.monitor.csv,61840
-6.435466,60,927.827246,monitor_3.monitor.csv,61900
-6.677327,60,930.523822,monitor.csv,61960
-6.202418,60,931.688688,monitor_2.monitor.csv,62020
-6.013667,60,931.709678,monitor_1.monitor.csv,62080
-6.018785,60,931.711669,monitor_3.monitor.csv,62140
-6.003203,60,933.724797,monitor.csv,62200
-6.598712,60,934.914534,monitor_2.monitor.csv,62260
-6.013155,60,934.924533,monitor_1.monitor.csv,62320
-6.112037,60,934.92852,monitor_3.monitor.csv,62380
-5.087152,60,937.722639,monitor.csv,62440
-6.023276,60,938.879533,monitor_2.monitor.csv,62500
-4.887847,60,938.895528,monitor_1.monitor.csv,62560
-6.007194,60,938.901522,monitor_3.monitor.csv,62620
-6.118967,60,940.945163,monitor.csv,62680
-5.328029,60,942.087531,monitor_2.monitor.csv,62740
-6.638405,60,942.101536,monitor_1.monitor.csv,62800
-5.058295,60,942.106515,monitor_3.monitor.csv,62860
-6.2216,60,944.85808,monitor.csv,62920
-6.76678,60,946.088343,monitor_2.monitor.csv,62980
-8.175008,60,946.10633,monitor_1.monitor.csv,63040
-5.963289,60,946.107327,monitor_3.monitor.csv,63100
-6.010874,60,948.092416,monitor.csv,63160
-7.305083,60,949.223042,monitor_2.monitor.csv,63220
-6.066681,60,949.242034,monitor_1.monitor.csv,63280
-8.34288,60,949.247021,monitor_3.monitor.csv,63340
-6.810105,60,952.003291,monitor.csv,63400
-6.282123,60,953.126355,monitor_2.monitor.csv,63460
-7.105377,60,953.146358,monitor_1.monitor.csv,63520
-7.131326,60,953.14934,monitor_3.monitor.csv,63580
-5.561502,60,955.142634,monitor.csv,63640
-6.467466,60,956.335298,monitor_2.monitor.csv,63700
-6.565815,60,956.348294,monitor_3.monitor.csv,63760
-8.531159,60,956.351285,monitor_1.monitor.csv,63820
-6.87293,60,958.3155,monitor.csv,63880
-6.664499,60,960.213281,monitor_2.monitor.csv,63940
-6.299178,60,960.231275,monitor_1.monitor.csv,64000
-6.527624,60,960.241259,monitor_3.monitor.csv,64060
-6.569329,60,962.271509,monitor.csv,64120
-5.567819,60,963.429702,monitor_2.monitor.csv,64180
-6.520318,60,963.449696,monitor_1.monitor.csv,64240
-6.029431,60,963.458674,monitor_3.monitor.csv,64300
-5.368254,60,965.509856,monitor.csv,64360
-5.483597,60,967.380816,monitor_2.monitor.csv,64420
-7.861965,60,967.397808,monitor_1.monitor.csv,64480
-6.790848,60,967.402793,monitor_3.monitor.csv,64540
-6.021778,60,969.41872,monitor.csv,64600
-6.069579,60,970.604159,monitor_2.monitor.csv,64660
-7.57776,60,970.623153,monitor_3.monitor.csv,64720
-5.578224,60,970.625151,monitor_1.monitor.csv,64780
-6.00158,60,972.638967,monitor.csv,64840
-5.952005,60,974.509749,monitor_2.monitor.csv,64900
-7.012849,60,974.530735,monitor_1.monitor.csv,64960
-5.959928,60,974.536717,monitor_3.monitor.csv,65020
-6.996413,60,976.620017,monitor.csv,65080
-6.056481,60,977.778985,monitor_2.monitor.csv,65140
-5.828851,60,977.793981,monitor_1.monitor.csv,65200
-6.191832,60,977.795976,monitor_3.monitor.csv,65260
-5.96711,60,979.780904,monitor.csv,65320
-8.26423,60,981.022876,monitor_2.monitor.csv,65380
-8.446091,60,981.038859,monitor_3.monitor.csv,65440
-7.715317,60,981.039868,monitor_1.monitor.csv,65500
-7.811156,60,983.779238,monitor.csv,65560
-6.068172,60,984.946187,monitor_2.monitor.csv,65620
-5.840365,60,984.962182,monitor_1.monitor.csv,65680
-6.006601,60,984.96918,monitor_3.monitor.csv,65740
-6.184432,60,986.926059,monitor.csv,65800
-5.620793,60,988.089642,monitor_2.monitor.csv,65860
-6.294218,60,988.106633,monitor_1.monitor.csv,65920
-6.371941,60,988.111628,monitor_3.monitor.csv,65980
-6.437966,60,990.909052,monitor.csv,66040
-5.841295,60,992.04075,monitor_2.monitor.csv,66100
-6.121494,60,992.056741,monitor_3.monitor.csv,66160
-5.704583,60,992.058736,monitor_1.monitor.csv,66220
-4.366323,60,994.076931,monitor.csv,66280
-6.740218,60,995.24134,monitor_2.monitor.csv,66340
-5.536798,60,995.257327,monitor_1.monitor.csv,66400
-6.622593,60,995.257328,monitor_3.monitor.csv,66460
-6.217203,60,998.022702,monitor.csv,66520
-5.185245,60,999.202417,monitor_2.monitor.csv,66580
-5.864209,60,999.218386,monitor_1.monitor.csv,66640
-6.937116,60,999.219382,monitor_3.monitor.csv,66700
-5.959778,60,1001.268734,monitor.csv,66760
-6.227706,60,1002.437768,monitor_2.monitor.csv,66820
-5.657195,60,1002.449747,monitor_1.monitor.csv,66880
-6.071091,60,1002.451743,monitor_3.monitor.csv,66940
-6.590331,60,1005.135492,monitor.csv,67000
-6.001875,60,1006.284482,monitor_2.monitor.csv,67060
-6.112262,60,1006.297481,monitor_1.monitor.csv,67120
-6.01468,60,1006.302469,monitor_3.monitor.csv,67180
-6.474975,60,1008.269446,monitor.csv,67240
-5.990288,60,1009.453157,monitor_2.monitor.csv,67300
-6.056055,60,1009.469143,monitor_1.monitor.csv,67360
-6.089617,60,1009.47314,monitor_3.monitor.csv,67420
-5.816392,60,1012.373189,monitor.csv,67480
-6.799051,60,1013.675301,monitor_2.monitor.csv,67540
-5.948411,60,1013.685293,monitor_3.monitor.csv,67600
-6.014219,60,1013.689296,monitor_1.monitor.csv,67660
-5.592207,60,1015.892609,monitor.csv,67720
-5.260731,60,1017.028719,monitor_2.monitor.csv,67780
-5.983047,60,1017.04571,monitor_1.monitor.csv,67840
-6.447863,60,1017.058702,monitor_3.monitor.csv,67900
-8.415451,60,1019.064134,monitor.csv,67960
-8.058229,60,1020.945347,monitor_2.monitor.csv,68020
-6.002469,60,1020.961342,monitor_1.monitor.csv,68080
-7.2431,60,1020.962339,monitor_3.monitor.csv,68140
-5.182113,60,1023.005215,monitor.csv,68200
-5.928707,60,1024.155712,monitor_2.monitor.csv,68260
-4.721378,60,1024.1737,monitor_3.monitor.csv,68320
-6.843597,60,1024.178696,monitor_1.monitor.csv,68380
-6.741043,60,1026.21584,monitor.csv,68440
-5.990911,60,1028.041338,monitor_2.monitor.csv,68500
-5.401197,60,1028.053324,monitor_1.monitor.csv,68560
-5.045637,60,1028.055337,monitor_3.monitor.csv,68620
-7.407232,60,1030.102139,monitor.csv,68680
-6.187148,60,1031.269422,monitor_2.monitor.csv,68740
-7.050668,60,1031.285412,monitor_1.monitor.csv,68800
-5.807926,60,1031.291399,monitor_3.monitor.csv,68860
-5.127751,60,1033.296606,monitor.csv,68920
-7.182066,60,1034.473498,monitor_2.monitor.csv,68980
-6.085125,60,1034.491494,monitor_1.monitor.csv,69040
-6.07177,60,1034.49249,monitor_3.monitor.csv,69100
-6.724333,60,1037.314514,monitor.csv,69160
-5.970794,60,1038.503187,monitor_2.monitor.csv,69220
-5.595933,60,1038.523172,monitor_1.monitor.csv,69280
-6.734028,60,1038.524168,monitor_3.monitor.csv,69340
-6.542585,60,1040.60205,monitor.csv,69400
-8.243691,60,1041.804352,monitor_2.monitor.csv,69460
-7.278037,60,1041.82434,monitor_1.monitor.csv,69520
-5.908869,60,1041.827337,monitor_3.monitor.csv,69580
-7.589744,60,1044.534043,monitor.csv,69640
-7.673768,60,1045.748697,monitor_2.monitor.csv,69700
-6.727968,60,1045.765689,monitor_1.monitor.csv,69760
-5.980888,60,1045.768679,monitor_3.monitor.csv,69820
-6.618392,60,1047.793799,monitor.csv,69880
-5.393326,60,1048.953371,monitor_2.monitor.csv,69940
-6.349013,60,1048.966368,monitor_3.monitor.csv,70000
-6.626481,60,1048.970363,monitor_1.monitor.csv,70060
-6.005618,60,1051.874079,monitor.csv,70120
-5.988181,60,1052.98891,monitor_2.monitor.csv,70180
-5.243886,60,1053.005898,monitor_3.monitor.csv,70240
-6.2068,60,1053.007908,monitor_1.monitor.csv,70300
-6.019388,60,1055.045877,monitor.csv,70360
-5.193346,60,1056.227479,monitor_2.monitor.csv,70420
-6.216771,60,1056.238492,monitor_1.monitor.csv,70480
-6.361199,60,1056.247461,monitor_3.monitor.csv,70540
-6.085927,60,1058.98904,monitor.csv,70600
-6.024727,60,1060.119565,monitor_2.monitor.csv,70660
-5.828059,60,1060.129566,monitor_1.monitor.csv,70720
-6.372138,60,1060.136554,monitor_3.monitor.csv,70780
-6.753324,60,1062.181902,monitor.csv,70840
-6.658686,60,1063.399056,monitor_2.monitor.csv,70900
-7.097178,60,1063.411046,monitor_3.monitor.csv,70960
-3.436448,60,1063.415045,monitor_1.monitor.csv,71020
-6.484819,60,1066.178512,monitor.csv,71080
-6.658209,60,1067.393277,monitor_2.monitor.csv,71140
-7.006923,60,1067.408274,monitor_1.monitor.csv,71200
-6.228134,60,1067.410263,monitor_3.monitor.csv,71260
-5.419658,60,1069.415493,monitor.csv,71320
-6.555442,60,1070.582647,monitor_2.monitor.csv,71380
-5.830534,60,1070.599639,monitor_1.monitor.csv,71440
-6.002631,60,1070.606633,monitor_3.monitor.csv,71500
-7.191904,60,1072.713174,monitor.csv,71560
-4.176173,60,1074.531923,monitor_2.monitor.csv,71620
-6.451705,60,1074.548915,monitor_1.monitor.csv,71680
-6.781028,60,1074.5539,monitor_3.monitor.csv,71740
-7.186856,60,1076.573056,monitor.csv,71800
-6.523973,60,1077.762676,monitor_2.monitor.csv,71860
-7.015655,60,1077.779667,monitor_1.monitor.csv,71920
-6.023716,60,1077.779677,monitor_3.monitor.csv,71980
-6.695821,60,1079.782466,monitor.csv,72040
-6.071225,60,1081.686638,monitor_2.monitor.csv,72100
-5.305249,60,1081.697644,monitor_3.monitor.csv,72160
-6.753878,60,1081.699636,monitor_1.monitor.csv,72220
-6.56519,60,1083.727268,monitor.csv,72280
-5.429197,60,1084.85551,monitor_2.monitor.csv,72340
-5.985991,60,1084.876508,monitor_3.monitor.csv,72400
-4.858729,60,1084.877509,monitor_1.monitor.csv,72460
-6.216559,60,1086.91063,monitor.csv,72520
-6.716783,60,1088.791305,monitor_2.monitor.csv,72580
-6.586745,60,1088.805291,monitor_1.monitor.csv,72640
-6.139424,60,1088.811294,monitor_3.monitor.csv,72700
-6.265714,60,1090.891883,monitor.csv,72760
-6.17737,60,1092.066422,monitor_2.monitor.csv,72820
-9.022911,60,1092.080425,monitor_3.monitor.csv,72880
-5.836761,60,1092.083414,monitor_1.monitor.csv,72940
-6.897072,60,1094.070802,monitor.csv,73000
-4.820202,60,1095.220581,monitor_2.monitor.csv,73060
-5.641257,60,1095.240568,monitor_1.monitor.csv,73120
-7.655148,60,1095.245567,monitor_3.monitor.csv,73180
-4.887047,60,1098.035313,monitor.csv,73240
-5.940452,60,1099.207211,monitor_2.monitor.csv,73300
-7.299059,60,1099.221193,monitor_1.monitor.csv,73360
-6.557557,60,1099.231191,monitor_3.monitor.csv,73420
-6.682794,60,1101.292586,monitor.csv,73480
-7.883923,60,1102.49105,monitor_2.monitor.csv,73540
-8.369417,60,1102.513605,monitor_3.monitor.csv,73600
-6.273854,60,1102.514604,monitor_1.monitor.csv,73660
-6.860747,60,1105.256071,monitor.csv,73720
-5.948165,60,1106.452106,monitor_2.monitor.csv,73780
-6.568104,60,1106.469097,monitor_1.monitor.csv,73840
-6.019356,60,1106.470094,monitor_3.monitor.csv,73900
-6.018276,60,1108.520882,monitor.csv,73960
-6.695099,60,1109.69554,monitor_2.monitor.csv,74020
-6.240287,60,1109.709528,monitor_1.monitor.csv,74080
-7.569527,60,1109.713528,monitor_3.monitor.csv,74140
-6.977006,60,1112.465951,monitor.csv,74200
-6.195688,60,1113.648239,monitor_2.monitor.csv,74260
-5.754462,60,1113.665231,monitor_1.monitor.csv,74320
-5.264726,60,1113.670223,monitor_3.monitor.csv,74380
-5.563869,60,1115.678221,monitor.csv,74440
-6.035277,60,1116.948981,monitor_2.monitor.csv,74500
-6.566074,60,1116.963889,monitor_3.monitor.csv,74560
-6.035578,60,1116.965973,monitor_1.monitor.csv,74620
-5.445081,60,1120.626154,monitor.csv,74680
-5.231338,60,1121.929731,monitor_2.monitor.csv,74740
-5.576778,60,1121.946722,monitor_1.monitor.csv,74800
-6.30058,60,1121.950713,monitor_3.monitor.csv,74860
-6.017122,60,1123.980068,monitor.csv,74920
-5.929569,60,1125.143018,monitor_2.monitor.csv,74980
-5.540096,60,1125.166999,monitor_1.monitor.csv,75040
-7.354761,60,1125.168996,monitor_3.monitor.csv,75100
-5.151694,60,1128.217554,monitor.csv,75160
-6.017653,60,1129.414353,monitor_2.monitor.csv,75220
-6.619964,60,1129.43234,monitor_1.monitor.csv,75280
-5.924951,60,1129.434339,monitor_3.monitor.csv,75340
-6.731311,60,1131.50737,monitor.csv,75400
-6.007498,60,1132.695812,monitor_2.monitor.csv,75460
-6.340968,60,1132.709789,monitor_1.monitor.csv,75520
-6.685448,60,1132.710785,monitor_3.monitor.csv,75580
-5.573915,60,1134.739346,monitor.csv,75640
-5.977226,60,1136.656118,monitor_2.monitor.csv,75700
-7.566892,60,1136.672115,monitor_1.monitor.csv,75760
-5.414773,60,1136.673112,monitor_3.monitor.csv,75820
-3.40889,60,1138.720575,monitor.csv,75880
-6.610468,60,1139.832305,monitor_2.monitor.csv,75940
-5.694883,60,1139.850285,monitor_1.monitor.csv,76000
-6.45359,60,1139.85229,monitor_3.monitor.csv,76060
-4.621774,60,1141.86053,monitor.csv,76120
-5.411885,60,1143.734575,monitor_2.monitor.csv,76180
-5.992468,60,1143.747576,monitor_1.monitor.csv,76240
-6.004829,60,1143.751565,monitor_3.monitor.csv,76300
-5.753625,60,1145.782165,monitor.csv,76360
-5.14258,60,1146.969603,monitor_2.monitor.csv,76420
-9.291687,60,1146.989593,monitor_1.monitor.csv,76480
-6.021053,60,1146.991586,monitor_3.monitor.csv,76540
-5.25058,60,1149.045765,monitor.csv,76600
-5.872476,60,1150.221797,monitor_2.monitor.csv,76660
-6.076337,60,1150.238788,monitor_1.monitor.csv,76720
-6.254494,60,1150.241788,monitor_3.monitor.csv,76780
-6.073115,60,1153.001754,monitor.csv,76840
-5.508848,60,1154.222749,monitor_2.monitor.csv,76900
-6.048251,60,1154.24273,monitor_1.monitor.csv,76960
-5.731182,60,1154.242738,monitor_3.monitor.csv,77020
-7.88716,60,1156.378785,monitor.csv,77080
-5.398365,60,1157.535406,monitor_2.monitor.csv,77140
-7.597106,60,1157.555392,monitor_3.monitor.csv,77200
-7.086751,60,1157.556392,monitor_1.monitor.csv,77260
-4.581086,60,1160.299348,monitor.csv,77320
-6.973059,60,1161.484864,monitor_2.monitor.csv,77380
-5.913095,60,1161.501845,monitor_3.monitor.csv,77440
-6.048994,60,1161.502851,monitor_1.monitor.csv,77500
-6.492592,60,1163.514893,monitor.csv,77560
-4.818085,60,1164.705667,monitor_2.monitor.csv,77620
-5.762406,60,1164.722658,monitor_1.monitor.csv,77680
-5.673435,60,1164.722659,monitor_3.monitor.csv,77740
-6.734771,60,1167.434553,monitor.csv,77800
-5.957026,60,1168.574405,monitor_2.monitor.csv,77860
-7.136681,60,1168.586394,monitor_1.monitor.csv,77920
-5.255365,60,1168.587391,monitor_3.monitor.csv,77980
-6.065982,60,1170.643499,monitor.csv,78040
-6.487144,60,1171.781657,monitor_2.monitor.csv,78100
-6.861244,60,1171.79965,monitor_1.monitor.csv,78160
-8.55668,60,1171.803639,monitor_3.monitor.csv,78220
-4.947934,60,1174.569364,monitor.csv,78280
-4.028935,60,1175.774288,monitor_2.monitor.csv,78340
-6.290092,60,1175.78529,monitor_1.monitor.csv,78400
-5.278364,60,1175.786286,monitor_3.monitor.csv,78460
-7.050007,60,1177.863538,monitor.csv,78520
-6.147449,60,1179.060902,monitor_2.monitor.csv,78580
-6.754999,60,1179.076563,monitor_1.monitor.csv,78640
-6.245167,60,1179.078559,monitor_3.monitor.csv,78700
-7.005288,60,1181.968164,monitor.csv,78760
-6.724235,60,1183.255671,monitor_2.monitor.csv,78820
-5.887025,60,1183.274659,monitor_3.monitor.csv,78880
-7.968263,60,1183.274663,monitor_1.monitor.csv,78940
-7.048506,60,1185.387606,monitor.csv,79000
-6.009674,60,1186.611192,monitor_2.monitor.csv,79060
-7.070738,60,1186.626189,monitor_1.monitor.csv,79120
-5.071261,60,1186.627186,monitor_3.monitor.csv,79180
-5.022238,60,1188.671121,monitor.csv,79240
-5.866508,60,1190.79428,monitor_2.monitor.csv,79300
-7.089205,60,1190.810294,monitor_1.monitor.csv,79360
-6.69433,60,1190.812268,monitor_3.monitor.csv,79420
-7.441639,60,1192.880116,monitor.csv,79480
-7.449266,60,1194.081219,monitor_2.monitor.csv,79540
-6.033292,60,1194.100209,monitor_1.monitor.csv,79600
-7.103833,60,1194.101205,monitor_3.monitor.csv,79660
-5.230603,60,1196.111496,monitor.csv,79720
-6.240992,60,1197.995304,monitor_2.monitor.csv,79780
-6.833417,60,1198.014306,monitor_1.monitor.csv,79840
-6.767025,60,1198.01931,monitor_3.monitor.csv,79900
-4.19124,60,1200.054182,monitor.csv,79960
-5.730069,60,1201.187532,monitor_2.monitor.csv,80020
-6.799136,60,1201.204525,monitor_3.monitor.csv,80080
-6.789097,60,1201.205523,monitor_1.monitor.csv,80140
-5.999101,60,1203.33349,monitor.csv,80200
-5.990494,60,1205.376114,monitor_2.monitor.csv,80260
-6.690442,60,1205.385105,monitor_1.monitor.csv,80320
-6.002276,60,1205.386102,monitor_3.monitor.csv,80380
-7.345662,60,1207.677165,monitor.csv,80440
-7.541914,60,1208.907271,monitor_2.monitor.csv,80500
-6.694125,60,1208.925259,monitor_3.monitor.csv,80560
-7.45067,60,1208.927275,monitor_1.monitor.csv,80620
-6.347831,60,1211.191643,monitor.csv,80680
-6.239945,60,1212.42099,monitor_2.monitor.csv,80740
-5.542702,60,1212.442958,monitor_3.monitor.csv,80800
-5.969511,60,1212.444974,monitor_1.monitor.csv,80860
-7.767021,60,1215.410263,monitor.csv,80920
-6.874912,60,1216.754116,monitor_2.monitor.csv,80980
-6.531507,60,1216.769113,monitor_1.monitor.csv,81040
-6.482953,60,1216.773101,monitor_3.monitor.csv,81100
-5.495575,60,1219.002402,monitor.csv,81160
-6.884982,60,1220.193141,monitor_2.monitor.csv,81220
-5.22205,60,1220.206131,monitor_3.monitor.csv,81280
-6.923422,60,1220.211149,monitor_1.monitor.csv,81340
-6.43674,60,1223.398315,monitor.csv,81400
-7.153252,60,1224.642704,monitor_2.monitor.csv,81460
-5.99637,60,1224.652698,monitor_3.monitor.csv,81520
-5.994198,60,1224.659695,monitor_1.monitor.csv,81580
-8.846603,60,1226.933368,monitor.csv,81640
-6.853525,60,1228.165276,monitor_2.monitor.csv,81700
-6.969206,60,1228.185274,monitor_1.monitor.csv,81760
-5.446525,60,1228.186271,monitor_3.monitor.csv,81820
-5.80363,60,1231.425115,monitor.csv,81880
-5.739666,60,1232.672588,monitor_2.monitor.csv,81940
-7.056982,60,1232.683581,monitor_3.monitor.csv,82000
-6.149504,60,1232.687584,monitor_1.monitor.csv,82060
-6.007628,60,1234.836866,monitor.csv,82120
-5.370958,60,1236.09663,monitor_2.monitor.csv,82180
-3.702056,60,1236.109623,monitor_1.monitor.csv,82240
-6.900001,60,1236.114618,monitor_3.monitor.csv,82300
-7.004736,60,1239.074252,monitor.csv,82360
-8.072078,60,1240.416199,monitor_2.monitor.csv,82420
-4.991677,60,1240.429959,monitor_1.monitor.csv,82480
-4.232757,60,1240.434187,monitor_3.monitor.csv,82540
-6.062595,60,1242.743715,monitor.csv,82600
-7.65037,60,1243.968576,monitor_2.monitor.csv,82660
-8.703538,60,1243.980565,monitor_1.monitor.csv,82720
-6.444911,60,1243.981561,monitor_3.monitor.csv,82780
-6.523496,60,1246.869223,monitor.csv,82840
-6.255898,60,1248.049276,monitor_2.monitor.csv,82900
-6.019362,60,1248.071262,monitor_3.monitor.csv,82960
-6.612878,60,1248.076263,monitor_1.monitor.csv,83020
-6.796867,60,1250.232734,monitor.csv,83080
-6.005649,60,1251.617049,monitor_2.monitor.csv,83140
-5.997911,60,1251.62805,monitor_3.monitor.csv,83200
-6.231681,60,1251.64107,monitor_1.monitor.csv,83260
-6.462338,60,1254.115712,monitor.csv,83320
-6.621397,60,1256.112992,monitor_2.monitor.csv,83380
-6.006144,60,1256.13698,monitor_1.monitor.csv,83440
-6.150065,60,1256.137977,monitor_3.monitor.csv,83500
-6.535844,60,1258.294121,monitor.csv,83560
-7.413907,60,1259.500869,monitor_2.monitor.csv,83620
-6.006636,60,1259.514173,monitor_3.monitor.csv,83680
-6.016058,60,1259.518862,monitor_1.monitor.csv,83740
-6.647645,60,1261.686154,monitor.csv,83800
-5.949062,60,1263.739031,monitor_2.monitor.csv,83860
-7.231445,60,1263.761011,monitor_1.monitor.csv,83920
-5.932192,60,1263.762007,monitor_3.monitor.csv,83980
-5.516884,60,1266.0242,monitor.csv,84040
-5.357827,60,1267.266443,monitor_2.monitor.csv,84100
-6.002289,60,1267.283435,monitor_1.monitor.csv,84160
-5.669363,60,1267.284431,monitor_3.monitor.csv,84220
-7.626806,60,1269.43876,monitor.csv,84280
-7.300311,60,1270.670513,monitor_2.monitor.csv,84340
-5.311523,60,1270.686501,monitor_1.monitor.csv,84400
-6.550291,60,1270.691474,monitor_3.monitor.csv,84460
-7.556903,60,1273.684814,monitor.csv,84520
-5.673166,60,1274.92399,monitor_2.monitor.csv,84580
-5.871807,60,1274.935984,monitor_3.monitor.csv,84640
-6.612693,60,1274.935985,monitor_1.monitor.csv,84700
-7.627033,60,1277.266325,monitor.csv,84760
-6.684294,60,1278.557728,monitor_2.monitor.csv,84820
-6.56027,60,1278.567714,monitor_3.monitor.csv,84880
-7.076178,60,1278.575713,monitor_1.monitor.csv,84940
-6.571836,60,1281.614286,monitor.csv,85000
-6.127297,60,1282.873954,monitor_2.monitor.csv,85060
-6.537805,60,1282.894937,monitor_1.monitor.csv,85120
-8.42789,60,1282.895934,monitor_3.monitor.csv,85180
-6.033387,60,1285.119257,monitor.csv,85240
-6.241884,60,1286.372331,monitor_2.monitor.csv,85300
-4.107493,60,1286.391316,monitor_1.monitor.csv,85360
-7.655839,60,1286.395296,monitor_3.monitor.csv,85420
-6.048256,60,1289.403015,monitor.csv,85480
-7.043832,60,1290.672933,monitor_2.monitor.csv,85540
-5.865026,60,1290.685913,monitor_3.monitor.csv,85600
-5.995645,60,1290.691922,monitor_1.monitor.csv,85660
-8.784945,60,1292.948327,monitor.csv,85720
-6.150932,60,1294.250645,monitor_2.monitor.csv,85780
-6.027321,60,1294.262633,monitor_1.monitor.csv,85840
-6.904084,60,1294.268633,monitor_3.monitor.csv,85900
-6.512127,60,1297.3075,monitor.csv,85960
-7.434619,60,1298.587838,monitor_2.monitor.csv,86020
-5.793699,60,1298.604829,monitor_1.monitor.csv,86080
-6.016655,60,1298.605826,monitor_3.monitor.csv,86140
-5.94904,60,1300.825097,monitor.csv,86200
-6.980327,60,1302.081568,monitor_2.monitor.csv,86260
-6.236089,60,1302.087561,monitor_1.monitor.csv,86320
-6.129892,60,1302.087568,monitor_3.monitor.csv,86380
-6.720482,60,1305.077623,monitor.csv,86440
-6.14441,60,1306.438222,monitor_2.monitor.csv,86500
-5.973499,60,1306.442217,monitor_1.monitor.csv,86560
-6.119542,60,1306.445212,monitor_3.monitor.csv,86620
-6.540922,60,1308.978704,monitor.csv,86680
-7.410645,60,1310.226892,monitor_2.monitor.csv,86740
-6.35982,60,1310.239882,monitor_1.monitor.csv,86800
-8.564978,60,1310.242878,monitor_3.monitor.csv,86860
-5.71504,60,1312.483298,monitor.csv,86920
-6.220675,60,1314.582425,monitor_2.monitor.csv,86980
-6.62502,60,1314.596404,monitor_1.monitor.csv,87040
-5.890057,60,1314.600413,monitor_3.monitor.csv,87100
-5.593444,60,1316.843224,monitor.csv,87160
-6.522413,60,1318.072242,monitor_2.monitor.csv,87220
-5.49242,60,1318.093226,monitor_3.monitor.csv,87280
-5.435904,60,1318.09623,monitor_1.monitor.csv,87340
-8.772074,60,1320.335154,monitor.csv,87400
-3.824133,60,1322.340284,monitor_2.monitor.csv,87460
-6.29097,60,1322.355269,monitor_3.monitor.csv,87520
-6.84642,60,1322.36327,monitor_1.monitor.csv,87580
-6.163927,60,1324.766401,monitor.csv,87640
-5.932727,60,1326.182017,monitor_2.monitor.csv,87700
-7.384081,60,1326.204005,monitor_3.monitor.csv,87760
-6.218305,60,1326.206006,monitor_1.monitor.csv,87820
-5.479809,60,1328.500998,monitor.csv,87880
-6.754296,60,1330.519242,monitor_2.monitor.csv,87940
-7.068994,60,1330.536233,monitor_1.monitor.csv,88000
-6.722355,60,1330.53723,monitor_3.monitor.csv,88060
-5.662464,60,1332.835999,monitor.csv,88120
-5.976745,60,1334.062023,monitor_2.monitor.csv,88180
-7.003237,60,1334.076011,monitor_3.monitor.csv,88240
-4.925403,60,1334.080011,monitor_1.monitor.csv,88300
-6.786562,60,1336.389792,monitor.csv,88360
-6.795381,60,1337.623212,monitor_2.monitor.csv,88420
-8.767208,60,1337.637677,monitor_3.monitor.csv,88480
-6.41165,60,1337.641224,monitor_1.monitor.csv,88540
-6.046722,60,1340.67871,monitor.csv,88600
-7.34367,60,1341.94049,monitor_2.monitor.csv,88660
-6.009325,60,1341.956474,monitor_1.monitor.csv,88720
-6.841318,60,1341.961471,monitor_3.monitor.csv,88780
-5.270466,60,1344.229309,monitor.csv,88840
-6.816186,60,1345.454597,monitor_2.monitor.csv,88900
-4.623714,60,1345.477575,monitor_1.monitor.csv,88960
-5.710405,60,1345.478571,monitor_3.monitor.csv,89020
-6.542815,60,1348.494864,monitor.csv,89080
-5.988795,60,1349.747634,monitor_2.monitor.csv,89140
-3.998208,60,1349.768634,monitor_3.monitor.csv,89200
-5.695264,60,1349.77263,monitor_1.monitor.csv,89260
-6.613177,60,1352.034265,monitor.csv,89320
-6.334404,60,1353.292986,monitor_2.monitor.csv,89380
-6.264145,60,1353.30598,monitor_3.monitor.csv,89440
-6.394879,60,1353.309977,monitor_1.monitor.csv,89500
-5.767673,60,1356.322024,monitor.csv,89560
-5.223696,60,1357.562452,monitor_2.monitor.csv,89620
-5.710861,60,1357.579443,monitor_1.monitor.csv,89680
-5.906163,60,1357.581409,monitor_3.monitor.csv,89740
-7.061668,60,1359.847394,monitor.csv,89800
-6.552197,60,1361.118181,monitor_2.monitor.csv,89860
-5.842671,60,1361.137164,monitor_3.monitor.csv,89920
-4.033082,60,1361.140157,monitor_1.monitor.csv,89980
-7.144179,60,1364.180461,monitor.csv,90040
-5.391268,60,1365.419746,monitor_2.monitor.csv,90100
-5.911921,60,1365.437734,monitor_3.monitor.csv,90160
-5.611998,60,1365.442734,monitor_1.monitor.csv,90220
-6.121441,60,1367.633271,monitor.csv,90280
-6.858111,60,1368.998897,monitor_2.monitor.csv,90340
-6.684273,60,1369.015888,monitor_1.monitor.csv,90400
-5.169376,60,1369.017883,monitor_3.monitor.csv,90460
-5.538072,60,1371.986135,monitor.csv,90520
-7.656178,60,1373.196354,monitor_2.monitor.csv,90580
-5.870467,60,1373.210344,monitor_3.monitor.csv,90640
-7.421402,60,1373.213346,monitor_1.monitor.csv,90700
-5.988509,60,1375.522506,monitor.csv,90760
-7.890478,60,1376.754945,monitor_2.monitor.csv,90820
-6.916721,60,1376.772933,monitor_3.monitor.csv,90880
-7.706715,60,1376.778944,monitor_1.monitor.csv,90940
-6.009972,60,1379.01136,monitor.csv,91000
-6.076777,60,1381.003301,monitor_2.monitor.csv,91060
-5.28196,60,1381.014304,monitor_3.monitor.csv,91120
-7.078777,60,1381.017301,monitor_1.monitor.csv,91180
-6.909119,60,1383.25037,monitor.csv,91240
-4.739402,60,1384.488527,monitor_2.monitor.csv,91300
-6.299186,60,1384.503563,monitor_1.monitor.csv,91360
-7.091033,60,1384.507519,monitor_3.monitor.csv,91420
-6.753452,60,1386.799177,monitor.csv,91480
-6.329625,60,1388.791627,monitor_2.monitor.csv,91540
-6.014122,60,1388.800638,monitor_1.monitor.csv,91600
-7.059785,60,1388.804629,monitor_3.monitor.csv,91660
-3.478326,60,1391.087116,monitor.csv,91720
-5.755398,60,1392.330625,monitor_2.monitor.csv,91780
-6.023576,60,1392.342634,monitor_1.monitor.csv,91840
-6.224332,60,1392.344626,monitor_3.monitor.csv,91900
-5.977055,60,1394.604332,monitor.csv,91960
-5.706805,60,1395.944468,monitor_2.monitor.csv,92020
-4.978419,60,1395.959452,monitor_1.monitor.csv,92080
-4.988482,60,1395.95946,monitor_3.monitor.csv,92140
-5.601759,60,1398.977574,monitor.csv,92200
-5.482722,60,1400.203892,monitor_2.monitor.csv,92260
-6.195079,60,1400.216899,monitor_3.monitor.csv,92320
-6.615666,60,1400.226247,monitor_1.monitor.csv,92380
-5.823316,60,1402.644017,monitor.csv,92440
-6.898405,60,1403.971214,monitor_2.monitor.csv,92500
-8.01917,60,1403.987211,monitor_1.monitor.csv,92560
-6.273412,60,1403.989202,monitor_3.monitor.csv,92620
-5.068003,60,1407.11272,monitor.csv,92680
-7.230881,60,1408.443483,monitor_2.monitor.csv,92740
-6.375381,60,1408.457065,monitor_1.monitor.csv,92800
-5.980332,60,1408.461471,monitor_3.monitor.csv,92860
-5.521755,60,1410.737561,monitor.csv,92920
-5.543831,60,1411.999436,monitor_2.monitor.csv,92980
-7.020242,60,1412.017424,monitor_1.monitor.csv,93040
-5.538916,60,1412.020414,monitor_3.monitor.csv,93100
-5.671815,60,1415.072738,monitor.csv,93160
-7.032337,60,1416.349018,monitor_2.monitor.csv,93220
-7.151414,60,1416.361988,monitor_3.monitor.csv,93280
-6.284703,60,1416.366009,monitor_1.monitor.csv,93340
-6.347518,60,1418.651925,monitor.csv,93400
-6.236034,60,1419.920334,monitor_2.monitor.csv,93460
-8.375575,60,1419.940318,monitor_3.monitor.csv,93520
-7.657244,60,1419.948315,monitor_1.monitor.csv,93580
-6.005595,60,1423.038599,monitor.csv,93640
-5.993687,60,1424.28931,monitor_2.monitor.csv,93700
-7.606334,60,1424.306301,monitor_1.monitor.csv,93760
-5.659053,60,1424.309815,monitor_3.monitor.csv,93820
-6.647526,60,1426.558881,monitor.csv,93880
-6.714136,60,1427.924796,monitor_2.monitor.csv,93940
-5.804885,60,1427.938793,monitor_1.monitor.csv,94000
-6.097233,60,1427.940784,monitor_3.monitor.csv,94060
-6.695441,60,1430.909004,monitor.csv,94120
-5.205755,60,1432.201212,monitor_2.monitor.csv,94180
-8.047446,60,1432.213208,monitor_3.monitor.csv,94240
-5.866084,60,1432.21721,monitor_1.monitor.csv,94300
-6.238386,60,1434.490417,monitor.csv,94360
-6.371896,60,1435.818326,monitor_2.monitor.csv,94420
-6.905221,60,1435.828328,monitor_3.monitor.csv,94480
-6.010701,60,1435.828343,monitor_1.monitor.csv,94540
-5.244112,60,1438.076552,monitor.csv,94600
-6.008069,60,1440.078869,monitor_2.monitor.csv,94660
-6.724629,60,1440.090835,monitor_3.monitor.csv,94720
-4.983236,60,1440.092866,monitor_1.monitor.csv,94780
-7.259725,60,1442.352758,monitor.csv,94840
-7.629742,60,1443.610215,monitor_2.monitor.csv,94900
-5.416891,60,1443.624189,monitor_3.monitor.csv,94960
-7.200292,60,1443.629213,monitor_1.monitor.csv,95020
-6.925286,60,1445.869359,monitor.csv,95080
-3.913337,60,1447.896912,monitor_2.monitor.csv,95140
-5.018827,60,1447.912904,monitor_3.monitor.csv,95200
-7.589332,60,1447.914902,monitor_1.monitor.csv,95260
-6.052586,60,1450.195446,monitor.csv,95320
-6.200308,60,1451.456489,monitor_2.monitor.csv,95380
-5.822741,60,1451.47348,monitor_1.monitor.csv,95440
-5.150185,60,1451.474477,monitor_3.monitor.csv,95500
-6.505719,60,1454.112124,monitor.csv,95560
-5.063831,60,1456.206403,monitor_2.monitor.csv,95620
-7.364233,60,1456.227923,monitor_3.monitor.csv,95680
-6.578542,60,1456.230922,monitor_1.monitor.csv,95740
-5.875947,60,1458.318486,monitor.csv,95800
-6.28782,60,1459.524841,monitor_2.monitor.csv,95860
-5.957212,60,1459.53884,monitor_1.monitor.csv,95920
-6.186042,60,1459.543827,monitor_3.monitor.csv,95980
-6.837397,60,1461.605299,monitor.csv,96040
-7.054981,60,1462.789944,monitor_2.monitor.csv,96100
-7.225934,60,1462.806935,monitor_1.monitor.csv,96160
-6.189223,60,1462.809931,monitor_3.monitor.csv,96220
-7.596041,60,1465.53604,monitor.csv,96280
-7.726751,60,1466.695623,monitor_2.monitor.csv,96340
-5.944094,60,1466.71361,monitor_1.monitor.csv,96400
-7.198873,60,1466.723609,monitor_3.monitor.csv,96460
-6.308173,60,1468.781355,monitor.csv,96520
-6.197082,60,1469.954868,monitor_2.monitor.csv,96580
-4.015348,60,1469.972857,monitor_1.monitor.csv,96640
-8.128808,60,1469.974852,monitor_3.monitor.csv,96700
-5.992854,60,1472.774216,monitor.csv,96760
-5.901572,60,1473.917076,monitor_2.monitor.csv,96820
-7.222839,60,1473.934067,monitor_1.monitor.csv,96880
-6.14599,60,1473.939054,monitor_3.monitor.csv,96940
-6.001385,60,1475.967751,monitor.csv,97000
-6.18789,60,1477.151764,monitor_2.monitor.csv,97060
-5.627964,60,1477.169752,monitor_3.monitor.csv,97120
-6.234007,60,1477.177757,monitor_1.monitor.csv,97180
-6.329205,60,1479.922337,monitor.csv,97240
-5.272165,60,1481.093359,monitor_2.monitor.csv,97300
-5.570307,60,1481.109355,monitor_1.monitor.csv,97360
-5.219168,60,1481.114346,monitor_3.monitor.csv,97420
-5.706307,60,1483.132233,monitor.csv,97480
-8.259411,60,1484.339637,monitor_2.monitor.csv,97540
-6.83153,60,1484.349622,monitor_1.monitor.csv,97600
-5.154001,60,1484.350618,monitor_3.monitor.csv,97660
-7.855074,60,1487.078051,monitor.csv,97720
-6.018699,60,1488.226417,monitor_2.monitor.csv,97780
-5.908609,60,1488.239399,monitor_1.monitor.csv,97840
-5.987403,60,1488.240396,monitor_3.monitor.csv,97900
-6.313191,60,1490.279553,monitor.csv,97960
-5.983498,60,1491.479195,monitor_2.monitor.csv,98020
-6.524374,60,1491.489172,monitor_3.monitor.csv,98080
-6.250992,60,1491.49319,monitor_1.monitor.csv,98140
-7.004381,60,1494.275933,monitor.csv,98200
-4.530006,60,1495.468841,monitor_2.monitor.csv,98260
-6.063304,60,1495.485833,monitor_1.monitor.csv,98320
-6.255625,60,1495.486829,monitor_3.monitor.csv,98380
-5.555043,60,1497.515117,monitor.csv,98440
-4.286127,60,1498.673725,monitor_2.monitor.csv,98500
-6.014965,60,1498.68971,monitor_1.monitor.csv,98560
-7.695281,60,1498.693715,monitor_3.monitor.csv,98620
-5.954795,60,1500.664398,monitor.csv,98680
-6.055181,60,1502.73035,monitor_2.monitor.csv,98740
-8.010304,60,1502.745339,monitor_1.monitor.csv,98800
-5.591995,60,1502.748338,monitor_3.monitor.csv,98860
-7.597424,60,1504.89216,monitor.csv,98920
-5.95307,60,1506.158826,monitor_2.monitor.csv,98980
-6.924928,60,1506.176816,monitor_1.monitor.csv,99040
-4.529565,60,1506.180796,monitor_3.monitor.csv,99100
-5.771084,60,1508.270385,monitor.csv,99160
-6.053071,60,1510.121641,monitor_2.monitor.csv,99220
-5.687039,60,1510.140608,monitor_3.monitor.csv,99280
-7.486423,60,1510.142616,monitor_1.monitor.csv,99340
-8.618397,60,1512.201725,monitor.csv,99400
-6.213057,60,1513.362768,monitor_2.monitor.csv,99460
-6.038392,60,1513.373051,monitor_1.monitor.csv,99520
-5.956307,60,1513.376058,monitor_3.monitor.csv,99580
-5.804786,60,1515.427736,monitor.csv,99640
-6.393679,60,1516.574159,monitor_2.monitor.csv,99700
-5.88634,60,1516.601143,monitor_1.monitor.csv,99760
-6.463012,60,1516.603137,monitor_3.monitor.csv,99820
-7.521816,60,1519.271663,monitor.csv,99880
-6.70429,60,1520.438734,monitor_2.monitor.csv,99940
-6.093429,60,1520.449734,monitor_3.monitor.csv,100000
-8.024617,60,1520.452734,monitor_1.monitor.csv,100060
-7.105349,60,1522.511654,monitor.csv,100120
-8.254649,60,1523.721208,monitor_2.monitor.csv,100180
-5.211434,60,1523.740205,monitor_1.monitor.csv,100240
-6.904444,60,1523.741202,monitor_3.monitor.csv,100300
-7.472213,60,1526.498855,monitor.csv,100360
-6.023414,60,1527.669032,monitor_2.monitor.csv,100420
-6.080007,60,1527.685024,monitor_1.monitor.csv,100480
-5.870874,60,1527.69002,monitor_3.monitor.csv,100540
-5.863532,60,1529.71027,monitor.csv,100600
-6.298826,60,1530.858611,monitor_2.monitor.csv,100660
-6.000917,60,1530.872603,monitor_1.monitor.csv,100720
-5.771785,60,1530.881582,monitor_3.monitor.csv,100780
-3.213801,60,1533.604572,monitor.csv,100840
-5.871716,60,1534.782033,monitor_2.monitor.csv,100900
-5.988293,60,1534.793037,monitor_1.monitor.csv,100960
-8.136147,60,1534.799029,monitor_3.monitor.csv,101020
-7.170901,60,1536.845675,monitor.csv,101080
-6.889145,60,1537.989212,monitor_2.monitor.csv,101140
-8.003403,60,1538.006203,monitor_1.monitor.csv,101200
-5.539055,60,1538.0072,monitor_3.monitor.csv,101260
-5.93669,60,1540.698012,monitor.csv,101320
-6.528592,60,1541.891485,monitor_2.monitor.csv,101380
-4.407347,60,1541.904463,monitor_1.monitor.csv,101440
-5.717991,60,1541.90546,monitor_3.monitor.csv,101500
-4.902742,60,1543.893646,monitor.csv,101560
-4.333144,60,1545.064203,monitor_2.monitor.csv,101620
-6.877127,60,1545.0752,monitor_1.monitor.csv,101680
-6.53364,60,1545.082191,monitor_3.monitor.csv,101740
-6.294697,60,1547.834592,monitor.csv,101800
-6.381793,60,1549.037288,monitor_2.monitor.csv,101860
-3.738014,60,1549.048289,monitor_1.monitor.csv,101920
-6.232286,60,1549.055276,monitor_3.monitor.csv,101980
-6.82512,60,1551.119798,monitor.csv,102040
-5.322539,60,1552.313068,monitor_2.monitor.csv,102100
-6.723281,60,1552.327062,monitor_3.monitor.csv,102160
-5.905597,60,1552.332059,monitor_1.monitor.csv,102220
-6.630792,60,1554.368249,monitor.csv,102280
-4.251339,60,1556.25664,monitor_2.monitor.csv,102340
-6.039402,60,1556.272635,monitor_1.monitor.csv,102400
-6.389078,60,1556.274628,monitor_3.monitor.csv,102460
-5.822419,60,1558.305005,monitor.csv,102520
-6.673177,60,1559.457879,monitor_2.monitor.csv,102580
-3.912656,60,1559.474871,monitor_1.monitor.csv,102640
-4.900666,60,1559.480868,monitor_3.monitor.csv,102700
-4.681361,60,1561.523826,monitor.csv,102760
-6.047905,60,1563.402225,monitor_2.monitor.csv,102820
-5.863384,60,1563.417225,monitor_1.monitor.csv,102880
-6.796721,60,1563.422206,monitor_3.monitor.csv,102940
-6.016877,60,1565.440867,monitor.csv,103000
-6.607274,60,1566.615228,monitor_2.monitor.csv,103060
-4.320357,60,1566.634213,monitor_3.monitor.csv,103120
-6.228166,60,1566.636232,monitor_1.monitor.csv,103180
-4.378969,60,1568.654917,monitor.csv,103240
-7.33024,60,1570.52661,monitor_2.monitor.csv,103300
-4.151453,60,1570.543601,monitor_1.monitor.csv,103360
-5.898453,60,1570.548578,monitor_3.monitor.csv,103420
-7.072614,60,1572.591774,monitor.csv,103480
-6.573658,60,1573.777476,monitor_2.monitor.csv,103540
-6.010433,60,1573.792484,monitor_3.monitor.csv,103600
-6.06777,60,1573.794467,monitor_1.monitor.csv,103660
-6.049418,60,1575.82863,monitor.csv,103720
-6.521023,60,1577.02021,monitor_2.monitor.csv,103780
-6.008015,60,1577.032179,monitor_3.monitor.csv,103840
-6.057696,60,1577.033187,monitor_1.monitor.csv,103900
-4.94991,60,1579.706248,monitor.csv,103960
-6.071116,60,1580.914964,monitor_2.monitor.csv,104020
-6.020752,60,1580.928963,monitor_1.monitor.csv,104080
-6.012396,60,1580.92996,monitor_3.monitor.csv,104140
-6.816472,60,1582.974323,monitor.csv,104200
-6.027958,60,1584.10942,monitor_2.monitor.csv,104260
-6.569363,60,1584.131409,monitor_1.monitor.csv,104320
-6.276844,60,1584.132406,monitor_3.monitor.csv,104380
-6.037124,60,1586.864305,monitor.csv,104440
-6.160684,60,1588.028369,monitor_2.monitor.csv,104500
-6.992842,60,1588.040358,monitor_1.monitor.csv,104560
-6.46969,60,1588.047354,monitor_3.monitor.csv,104620
-3.727393,60,1590.070285,monitor.csv,104680
-7.559256,60,1591.245805,monitor_2.monitor.csv,104740
-6.029715,60,1591.261798,monitor_1.monitor.csv,104800
-5.076845,60,1591.267324,monitor_3.monitor.csv,104860
-5.920263,60,1594.133145,monitor.csv,104920
-5.693704,60,1595.327351,monitor_2.monitor.csv,104980
-5.981774,60,1595.337342,monitor_1.monitor.csv,105040
-8.699618,60,1595.338339,monitor_3.monitor.csv,105100
-6.388745,60,1597.400155,monitor.csv,105160
-6.02417,60,1598.593278,monitor_2.monitor.csv,105220
-5.979675,60,1598.608273,monitor_1.monitor.csv,105280
-6.53933,60,1598.611266,monitor_3.monitor.csv,105340
-6.680751,60,1601.332913,monitor.csv,105400
-5.943894,60,1602.531703,monitor_2.monitor.csv,105460
-5.273666,60,1602.546692,monitor_1.monitor.csv,105520
-6.145298,60,1602.557687,monitor_3.monitor.csv,105580
-5.484522,60,1604.597917,monitor.csv,105640
-7.164046,60,1605.840539,monitor_2.monitor.csv,105700
-7.146051,60,1605.858527,monitor_3.monitor.csv,105760
-6.065564,60,1605.859524,monitor_1.monitor.csv,105820
-6.709487,60,1608.621007,monitor.csv,105880
-6.231895,60,1609.861646,monitor_2.monitor.csv,105940
-6.002561,60,1609.878637,monitor_1.monitor.csv,106000
-6.049472,60,1609.88464,monitor_3.monitor.csv,106060
-6.12024,60,1611.942551,monitor.csv,106120
-6.010126,60,1613.11147,monitor_2.monitor.csv,106180
-5.67528,60,1613.128461,monitor_1.monitor.csv,106240
-7.586419,60,1613.129457,monitor_3.monitor.csv,106300
-5.996192,60,1615.160114,monitor.csv,106360
-5.612525,60,1617.055035,monitor_2.monitor.csv,106420
-7.47779,60,1617.071027,monitor_3.monitor.csv,106480
-7.215877,60,1617.072027,monitor_1.monitor.csv,106540
-5.97181,60,1619.070025,monitor.csv,106600
-5.239867,60,1620.191909,monitor_2.monitor.csv,106660
-7.711036,60,1620.207903,monitor_1.monitor.csv,106720
-6.46488,60,1620.214904,monitor_3.monitor.csv,106780
-7.976322,60,1622.240691,monitor.csv,106840
-7.899762,60,1624.108756,monitor_2.monitor.csv,106900
-6.514633,60,1624.119753,monitor_3.monitor.csv,106960
-7.952191,60,1624.120755,monitor_1.monitor.csv,107020
-6.528957,60,1626.134863,monitor.csv,107080
-5.633922,60,1627.306369,monitor_2.monitor.csv,107140
-5.993611,60,1627.328351,monitor_3.monitor.csv,107200
-6.420624,60,1627.333352,monitor_1.monitor.csv,107260
-6.865064,60,1629.357233,monitor.csv,107320
-8.159274,60,1630.527765,monitor_2.monitor.csv,107380
-5.650067,60,1630.544753,monitor_3.monitor.csv,107440
-6.958876,60,1630.544756,monitor_1.monitor.csv,107500
-6.435326,60,1633.266278,monitor.csv,107560
-6.233744,60,1634.382546,monitor_2.monitor.csv,107620
-4.871787,60,1634.405539,monitor_1.monitor.csv,107680
-6.069283,60,1634.406535,monitor_3.monitor.csv,107740
-6.008249,60,1636.498882,monitor.csv,107800
-8.018952,60,1637.706062,monitor_2.monitor.csv,107860
-6.044753,60,1637.718052,monitor_1.monitor.csv,107920
-5.993044,60,1637.720049,monitor_3.monitor.csv,107980
-7.947154,60,1640.386148,monitor.csv,108040
-5.497554,60,1641.570103,monitor_2.monitor.csv,108100
-6.023276,60,1641.581095,monitor_1.monitor.csv,108160
-6.410789,60,1641.585105,monitor_3.monitor.csv,108220
-7.068875,60,1643.764035,monitor.csv,108280
-5.795342,60,1644.984457,monitor_2.monitor.csv,108340
-5.259937,60,1645.001448,monitor_1.monitor.csv,108400
-5.828672,60,1645.008442,monitor_3.monitor.csv,108460
-6.243024,60,1647.74272,monitor.csv,108520
-5.528978,60,1648.942913,monitor_2.monitor.csv,108580
-6.266762,60,1648.953902,monitor_1.monitor.csv,108640
-4.542189,60,1648.954899,monitor_3.monitor.csv,108700
-6.422844,60,1651.000355,monitor.csv,108760
-5.548842,60,1652.200471,monitor_2.monitor.csv,108820
-7.01776,60,1652.215467,monitor_1.monitor.csv,108880
-6.225997,60,1652.216463,monitor_3.monitor.csv,108940
-6.960607,60,1654.930719,monitor.csv,109000
-6.031132,60,1656.074146,monitor_2.monitor.csv,109060
-5.035847,60,1656.085146,monitor_1.monitor.csv,109120
-6.149485,60,1656.087138,monitor_3.monitor.csv,109180
-8.092608,60,1658.104538,monitor.csv,109240
-6.051169,60,1659.303959,monitor_2.monitor.csv,109300
-6.007856,60,1659.322948,monitor_3.monitor.csv,109360
-5.765598,60,1659.323952,monitor_1.monitor.csv,109420
-7.819796,60,1662.061848,monitor.csv,109480
-5.936007,60,1663.193935,monitor_2.monitor.csv,109540
-6.090445,60,1663.211923,monitor_3.monitor.csv,109600
-6.098617,60,1663.214916,monitor_1.monitor.csv,109660
-5.379661,60,1665.230499,monitor.csv,109720
-7.989105,60,1666.442398,monitor_2.monitor.csv,109780
-8.034578,60,1666.460386,monitor_3.monitor.csv,109840
-5.92375,60,1666.465382,monitor_1.monitor.csv,109900
-5.033951,60,1668.50558,monitor.csv,109960
-8.120792,60,1670.372727,monitor_2.monitor.csv,110020
-5.546521,60,1670.389718,monitor_1.monitor.csv,110080
-5.973009,60,1670.390715,monitor_3.monitor.csv,110140
-6.010276,60,1672.453125,monitor.csv,110200
-4.721493,60,1673.60593,monitor_2.monitor.csv,110260
-6.100117,60,1673.623907,monitor_1.monitor.csv,110320
-6.932438,60,1673.629896,monitor_3.monitor.csv,110380
-6.081674,60,1675.694059,monitor.csv,110440
-6.85503,60,1677.556231,monitor_2.monitor.csv,110500
-5.845127,60,1677.574219,monitor_1.monitor.csv,110560
-6.037604,60,1677.578209,monitor_3.monitor.csv,110620
-6.656673,60,1679.559619,monitor.csv,110680
-5.689321,60,1680.724538,monitor_2.monitor.csv,110740
-8.854218,60,1680.746524,monitor_3.monitor.csv,110800
-6.621802,60,1680.750521,monitor_1.monitor.csv,110860
-4.696783,60,1682.775167,monitor.csv,110920
-6.900096,60,1684.68287,monitor_2.monitor.csv,110980
-5.954985,60,1684.699861,monitor_1.monitor.csv,111040
-5.152382,60,1684.702849,monitor_3.monitor.csv,111100
-6.861131,60,1686.809352,monitor.csv,111160
-4.881626,60,1687.97571,monitor_2.monitor.csv,111220
-6.156186,60,1687.991712,monitor_1.monitor.csv,111280
-6.691188,60,1688.002678,monitor_3.monitor.csv,111340
-6.679463,60,1690.016541,monitor.csv,111400
-6.773756,60,1691.207738,monitor_2.monitor.csv,111460
-5.939472,60,1691.221723,monitor_3.monitor.csv,111520
-5.502159,60,1691.226727,monitor_1.monitor.csv,111580
-7.131806,60,1694.199029,monitor.csv,111640
-5.810646,60,1695.596353,monitor_2.monitor.csv,111700
-4.903883,60,1695.614341,monitor_1.monitor.csv,111760
-6.037718,60,1695.616332,monitor_3.monitor.csv,111820
-7.427627,60,1697.70228,monitor.csv,111880
-7.388666,60,1698.843774,monitor_2.monitor.csv,111940
-6.101229,60,1698.861762,monitor_3.monitor.csv,112000
-6.152025,60,1698.861764,monitor_1.monitor.csv,112060
-5.629752,60,1701.656996,monitor.csv,112120
-6.992589,60,1702.829906,monitor_2.monitor.csv,112180
-6.611218,60,1702.848871,monitor_1.monitor.csv,112240
-5.679755,60,1702.849868,monitor_3.monitor.csv,112300
-7.313413,60,1704.843101,monitor.csv,112360
-6.865637,60,1706.065042,monitor_2.monitor.csv,112420
-6.739047,60,1706.077039,monitor_1.monitor.csv,112480
-6.073405,60,1706.081034,monitor_3.monitor.csv,112540
-6.345937,60,1708.812243,monitor.csv,112600
-6.756372,60,1709.92946,monitor_2.monitor.csv,112660
-6.752738,60,1709.948448,monitor_1.monitor.csv,112720
-7.201623,60,1709.951437,monitor_3.monitor.csv,112780
-6.012631,60,1711.994572,monitor.csv,112840
-6.161255,60,1713.136938,monitor_2.monitor.csv,112900
-5.986492,60,1713.149932,monitor_1.monitor.csv,112960
-6.328991,60,1713.155923,monitor_3.monitor.csv,113020
-5.981657,60,1715.842807,monitor.csv,113080
-6.255743,60,1717.042941,monitor_2.monitor.csv,113140
-5.978129,60,1717.056424,monitor_3.monitor.csv,113200
-6.380523,60,1717.059932,monitor_1.monitor.csv,113260
-6.025636,60,1719.113375,monitor.csv,113320
-7.42636,60,1720.306127,monitor_2.monitor.csv,113380
-6.360382,60,1720.322125,monitor_1.monitor.csv,113440
-7.745835,60,1720.329117,monitor_3.monitor.csv,113500
-7.329313,60,1723.231736,monitor.csv,113560
-6.348108,60,1724.374855,monitor_2.monitor.csv,113620
-5.875489,60,1724.380848,monitor_1.monitor.csv,113680
-7.042889,60,1724.381845,monitor_3.monitor.csv,113740
-6.030348,60,1726.523725,monitor.csv,113800
-4.577649,60,1727.821148,monitor_2.monitor.csv,113860
-5.064956,60,1727.837147,monitor_1.monitor.csv,113920
-6.307406,60,1727.839136,monitor_3.monitor.csv,113980
-5.358896,60,1729.865615,monitor.csv,114040
-6.172041,60,1731.800188,monitor_2.monitor.csv,114100
-6.753292,60,1731.816164,monitor_1.monitor.csv,114160
-5.998717,60,1731.818176,monitor_3.monitor.csv,114220
-7.327717,60,1733.810254,monitor.csv,114280
-6.792559,60,1734.978525,monitor_2.monitor.csv,114340
-5.458549,60,1734.990517,monitor_1.monitor.csv,114400
-6.366024,60,1734.993512,monitor_3.monitor.csv,114460
-5.545322,60,1737.218502,monitor.csv,114520
-6.359425,60,1739.041668,monitor_2.monitor.csv,114580
-6.697874,60,1739.059664,monitor_1.monitor.csv,114640
-7.173601,60,1739.06066,monitor_3.monitor.csv,114700
-6.759839,60,1741.049605,monitor.csv,114760
-4.699603,60,1742.268825,monitor_2.monitor.csv,114820
-6.04032,60,1742.290814,monitor_3.monitor.csv,114880
-6.604012,60,1742.290815,monitor_1.monitor.csv,114940
-5.966139,60,1744.362209,monitor.csv,115000
-5.958087,60,1745.554331,monitor_2.monitor.csv,115060
-8.563351,60,1745.571322,monitor_1.monitor.csv,115120
-5.666227,60,1745.582307,monitor_3.monitor.csv,115180
-7.056351,60,1748.505843,monitor.csv,115240
-5.922986,60,1749.730086,monitor_2.monitor.csv,115300
-6.037186,60,1749.750077,monitor_1.monitor.csv,115360
-7.142944,60,1749.752077,monitor_3.monitor.csv,115420
-4.18971,60,1751.78074,monitor.csv,115480
-6.018215,60,1752.934216,monitor_2.monitor.csv,115540
-6.093611,60,1752.953187,monitor_1.monitor.csv,115600
-6.221062,60,1752.960188,monitor_3.monitor.csv,115660
-6.74644,60,1755.751131,monitor.csv,115720
-5.974809,60,1756.971058,monitor_2.monitor.csv,115780
-6.579374,60,1756.989046,monitor_3.monitor.csv,115840
-5.160136,60,1756.992036,monitor_1.monitor.csv,115900
-6.857886,60,1759.025207,monitor.csv,115960
-6.391781,60,1760.28083,monitor_2.monitor.csv,116020
-6.90231,60,1760.293846,monitor_1.monitor.csv,116080
-5.984671,60,1760.298818,monitor_3.monitor.csv,116140
-3.548497,60,1763.18487,monitor.csv,116200
-6.585557,60,1764.385875,monitor_2.monitor.csv,116260
-6.399186,60,1764.402867,monitor_1.monitor.csv,116320
-6.015443,60,1764.407849,monitor_3.monitor.csv,116380
-4.705984,60,1766.509795,monitor.csv,116440
-5.521828,60,1767.6966,monitor_2.monitor.csv,116500
-6.71866,60,1767.71758,monitor_1.monitor.csv,116560
-6.297797,60,1767.718577,monitor_3.monitor.csv,116620
-6.32049,60,1770.409178,monitor.csv,116680
-6.323372,60,1771.616601,monitor_2.monitor.csv,116740
-6.65042,60,1771.633593,monitor_1.monitor.csv,116800
-6.319033,60,1771.644576,monitor_3.monitor.csv,116860
-6.493949,60,1773.665541,monitor.csv,116920
-6.939262,60,1774.84698,monitor_2.monitor.csv,116980
-7.294739,60,1774.862971,monitor_1.monitor.csv,117040
-5.973532,60,1774.870964,monitor_3.monitor.csv,117100
-6.813917,60,1777.58909,monitor.csv,117160
-6.0106,60,1778.758857,monitor_2.monitor.csv,117220
-5.342835,60,1778.775848,monitor_1.monitor.csv,117280
-6.548398,60,1778.780859,monitor_3.monitor.csv,117340
-6.105318,60,1780.782017,monitor.csv,117400
-5.991191,60,1781.989467,monitor_2.monitor.csv,117460
-6.09362,60,1782.010452,monitor_1.monitor.csv,117520
-5.926023,60,1782.012445,monitor_3.monitor.csv,117580
-6.125173,60,1783.999531,monitor.csv,117640
-5.696195,60,1785.953238,monitor_2.monitor.csv,117700
-5.679555,60,1785.972228,monitor_3.monitor.csv,117760
-5.87439,60,1785.973226,monitor_1.monitor.csv,117820
-6.006015,60,1788.048734,monitor.csv,117880
-8.384602,60,1789.233103,monitor_2.monitor.csv,117940
-5.956382,60,1789.24609,monitor_3.monitor.csv,118000
-5.626922,60,1789.249091,monitor_1.monitor.csv,118060
-7.322207,60,1791.286753,monitor.csv,118120
-6.470221,60,1793.177051,monitor_2.monitor.csv,118180
-5.417028,60,1793.193046,monitor_1.monitor.csv,118240
-6.075819,60,1793.193048,monitor_3.monitor.csv,118300
-5.937238,60,1795.18612,monitor.csv,118360
-7.195687,60,1796.402078,monitor_2.monitor.csv,118420
-5.508823,60,1796.413101,monitor_1.monitor.csv,118480
-6.457553,60,1796.417064,monitor_3.monitor.csv,118540
-8.390651,60,1798.451114,monitor.csv,118600
-5.335449,60,1800.303137,monitor_2.monitor.csv,118660
-6.953214,60,1800.315139,monitor_1.monitor.csv,118720
-6.693292,60,1800.318135,monitor_3.monitor.csv,118780
-6.579476,60,1802.330955,monitor.csv,118840
-6.035033,60,1803.478743,monitor_2.monitor.csv,118900
-6.115495,60,1803.497776,monitor_1.monitor.csv,118960
-6.966086,60,1803.499772,monitor_3.monitor.csv,119020
-6.010287,60,1805.479882,monitor.csv,119080
-7.154985,60,1806.634902,monitor_2.monitor.csv,119140
-6.064795,60,1806.654897,monitor_1.monitor.csv,119200
-5.462059,60,1806.659976,monitor_3.monitor.csv,119260
-8.360575,60,1809.428936,monitor.csv,119320
-6.425584,60,1810.60069,monitor_2.monitor.csv,119380
-6.082059,60,1810.614681,monitor_1.monitor.csv,119440
-5.863628,60,1810.61668,monitor_3.monitor.csv,119500
-4.576924,60,1812.643351,monitor.csv,119560
-6.342823,60,1813.827854,monitor_2.monitor.csv,119620
-6.342152,60,1813.84885,monitor_1.monitor.csv,119680
-6.688996,60,1813.85084,monitor_3.monitor.csv,119740
-7.179638,60,1816.644269,monitor.csv,119800
-5.987043,60,1817.817196,monitor_2.monitor.csv,119860
-6.035144,60,1817.829196,monitor_1.monitor.csv,119920
-7.155266,60,1817.835184,monitor_3.monitor.csv,119980
-5.806224,60,1819.868037,monitor.csv,120040
-6.84121,60,1821.066674,monitor_2.monitor.csv,120100
-5.479914,60,1821.083665,monitor_1.monitor.csv,120160
-5.106943,60,1821.084661,monitor_3.monitor.csv,120220
-7.277902,60,1823.826118,monitor.csv,120280
-8.662383,60,1825.015436,monitor_2.monitor.csv,120340
-6.007396,60,1825.032428,monitor_1.monitor.csv,120400
-6.627689,60,1825.038407,monitor_3.monitor.csv,120460
-6.899175,60,1827.15672,monitor.csv,120520
-6.157533,60,1828.345441,monitor_2.monitor.csv,120580
-5.94052,60,1828.359433,monitor_3.monitor.csv,120640
-6.237429,60,1828.36143,monitor_1.monitor.csv,120700
-5.438128,60,1831.067728,monitor.csv,120760
-7.86566,60,1832.222787,monitor_2.monitor.csv,120820
-7.031339,60,1832.25077,monitor_3.monitor.csv,120880
-5.99959,60,1832.250774,monitor_1.monitor.csv,120940
-6.581205,60,1834.279816,monitor.csv,121000
-5.383578,60,1835.475397,monitor_2.monitor.csv,121060
-6.241286,60,1835.489395,monitor_1.monitor.csv,121120
-5.664298,60,1835.495387,monitor_3.monitor.csv,121180
-5.846375,60,1838.229916,monitor.csv,121240
-7.1997,60,1839.36992,monitor_2.monitor.csv,121300
-6.473832,60,1839.388915,monitor_1.monitor.csv,121360
-6.776917,60,1839.389912,monitor_3.monitor.csv,121420
-6.303586,60,1841.36688,monitor.csv,121480
-8.282854,60,1842.550445,monitor_2.monitor.csv,121540
-7.128111,60,1842.565437,monitor_3.monitor.csv,121600
-6.874349,60,1842.571434,monitor_1.monitor.csv,121660
-4.796314,60,1844.585314,monitor.csv,121720
-6.20025,60,1846.433126,monitor_2.monitor.csv,121780
-5.953026,60,1846.444105,monitor_1.monitor.csv,121840
-5.744731,60,1846.445102,monitor_3.monitor.csv,121900
-6.704721,60,1848.469835,monitor.csv,121960
-6.020307,60,1849.542504,monitor_2.monitor.csv,122020
-6.930926,60,1849.558503,monitor_1.monitor.csv,122080
-5.293242,60,1849.5595,monitor_3.monitor.csv,122140
-5.231464,60,1851.600069,monitor.csv,122200
-6.009138,60,1853.490773,monitor_2.monitor.csv,122260
-6.825502,60,1853.507765,monitor_1.monitor.csv,122320
-6.656283,60,1853.508761,monitor_3.monitor.csv,122380
-5.791666,60,1855.46772,monitor.csv,122440
-6.877337,60,1856.620157,monitor_2.monitor.csv,122500
-6.785857,60,1856.63616,monitor_3.monitor.csv,122560
-6.039336,60,1856.638144,monitor_1.monitor.csv,122620
-8.65179,60,1858.625054,monitor.csv,122680
-5.133265,60,1859.758289,monitor_2.monitor.csv,122740
-6.639887,60,1859.779269,monitor_1.monitor.csv,122800
-6.594353,60,1859.786258,monitor_3.monitor.csv,122860
-4.713162,60,1862.571791,monitor.csv,122920
-5.693461,60,1863.938895,monitor_2.monitor.csv,122980
-5.271849,60,1863.955887,monitor_1.monitor.csv,123040
-8.55903,60,1863.955891,monitor_3.monitor.csv,123100
-7.00207,60,1866.301116,monitor.csv,123160
-4.851141,60,1867.547965,monitor_2.monitor.csv,123220
-5.658934,60,1867.563949,monitor_1.monitor.csv,123280
-7.276425,60,1867.567961,monitor_3.monitor.csv,123340
-5.801241,60,1870.249212,monitor.csv,123400
-7.479003,60,1871.894919,monitor_2.monitor.csv,123460
-6.412181,60,1871.913905,monitor_3.monitor.csv,123520
-6.560714,60,1871.915906,monitor_1.monitor.csv,123580
-6.140951,60,1874.956319,monitor.csv,123640
-6.285179,60,1876.5962,monitor_2.monitor.csv,123700
-6.154124,60,1876.614412,monitor_1.monitor.csv,123760
-5.401626,60,1876.61741,monitor_3.monitor.csv,123820
-4.735784,60,1879.756168,monitor.csv,123880
-5.411317,60,1880.97673,monitor_2.monitor.csv,123940
-4.818066,60,1880.993721,monitor_1.monitor.csv,124000
-5.93318,60,1880.995716,monitor_3.monitor.csv,124060
-6.21081,60,1883.049067,monitor.csv,124120
-5.076559,60,1884.173196,monitor_2.monitor.csv,124180
-7.242533,60,1884.196174,monitor_1.monitor.csv,124240
-4.79165,60,1884.19717,monitor_3.monitor.csv,124300
-5.602882,60,1887.067664,monitor.csv,124360
-6.065194,60,1888.202681,monitor_2.monitor.csv,124420
-5.700492,60,1888.219672,monitor_1.monitor.csv,124480
-6.06795,60,1888.227999,monitor_3.monitor.csv,124540
-5.943001,60,1890.227445,monitor.csv,124600
-4.807995,60,1891.400506,monitor_2.monitor.csv,124660
-6.448207,60,1891.417497,monitor_3.monitor.csv,124720
-6.347151,60,1891.418494,monitor_1.monitor.csv,124780
-6.110548,60,1894.141182,monitor.csv,124840
-7.070252,60,1895.305932,monitor_2.monitor.csv,124900
-6.745343,60,1895.324569,monitor_1.monitor.csv,124960
-6.780173,60,1895.32959,monitor_3.monitor.csv,125020
-5.53894,60,1897.380873,monitor.csv,125080
-6.358352,60,1898.543954,monitor_2.monitor.csv,125140
-7.053134,60,1898.556946,monitor_1.monitor.csv,125200
-6.010836,60,1898.567943,monitor_3.monitor.csv,125260
-5.127241,60,1900.582665,monitor.csv,125320
-6.27227,60,1902.467696,monitor_2.monitor.csv,125380
-6.464456,60,1902.483687,monitor_1.monitor.csv,125440
-5.347118,60,1902.483689,monitor_3.monitor.csv,125500
-6.677855,60,1904.528387,monitor.csv,125560
-5.936854,60,1905.689038,monitor_2.monitor.csv,125620
-6.36919,60,1905.707026,monitor_3.monitor.csv,125680
-6.395179,60,1905.707028,monitor_1.monitor.csv,125740
-6.385485,60,1907.712283,monitor.csv,125800
-5.703745,60,1909.602764,monitor_2.monitor.csv,125860
-6.071711,60,1909.617753,monitor_1.monitor.csv,125920
-7.418537,60,1909.627757,monitor_3.monitor.csv,125980
-6.395123,60,1911.671639,monitor.csv,126040
-4.08422,60,1912.838828,monitor_2.monitor.csv,126100
-6.380828,60,1912.855819,monitor_1.monitor.csv,126160
-6.136188,60,1912.861815,monitor_3.monitor.csv,126220
-6.137677,60,1914.849473,monitor.csv,126280
-7.988313,60,1916.739704,monitor_2.monitor.csv,126340
-6.919724,60,1916.759689,monitor_3.monitor.csv,126400
-5.782054,60,1916.761688,monitor_1.monitor.csv,126460
-5.990122,60,1918.790883,monitor.csv,126520
-5.494062,60,1919.915844,monitor_2.monitor.csv,126580
-6.769042,60,1919.931839,monitor_1.monitor.csv,126640
-6.493352,60,1919.933832,monitor_3.monitor.csv,126700
-6.356729,60,1921.973508,monitor.csv,126760
-6.785974,60,1923.144832,monitor_2.monitor.csv,126820
-6.115527,60,1923.156806,monitor_1.monitor.csv,126880
-6.237224,60,1923.159817,monitor_3.monitor.csv,126940
-6.212754,60,1925.885671,monitor.csv,127000
-4.719797,60,1927.099478,monitor_2.monitor.csv,127060
-6.336256,60,1927.116469,monitor_1.monitor.csv,127120
-6.014499,60,1927.117466,monitor_3.monitor.csv,127180
0.525267,18,1928.352208,monitor_2.monitor.csv,127198
-7.097857,60,1929.680699,monitor.csv,127258
-5.16706,60,1930.83287,monitor_1.monitor.csv,127318
-6.124191,60,1930.839847,monitor_3.monitor.csv,127378
-6.508271,60,1932.730766,monitor_2.monitor.csv,127438
-5.751995,60,1934.034778,monitor.csv,127498
-6.027502,60,1935.249615,monitor_1.monitor.csv,127558
-6.108648,60,1935.251603,monitor_3.monitor.csv,127618
-6.223916,60,1936.442496,monitor_2.monitor.csv,127678
-6.393955,60,1937.728583,monitor.csv,127738
-5.788548,60,1938.907529,monitor_1.monitor.csv,127798
-8.065086,60,1938.908525,monitor_3.monitor.csv,127858
-5.640275,60,1940.076,monitor_2.monitor.csv,127918
-5.046653,60,1942.101442,monitor.csv,127978
-6.019212,60,1943.3262,monitor_1.monitor.csv,128038
-7.15451,60,1943.331195,monitor_3.monitor.csv,128098
-6.118038,60,1944.53061,monitor_2.monitor.csv,128158
-5.664799,60,1945.821901,monitor.csv,128218
-5.983861,60,1947.043031,monitor_1.monitor.csv,128278
-6.481222,60,1947.04503,monitor_3.monitor.csv,128338
-8.73807,60,1948.250664,monitor_2.monitor.csv,128398
-5.974652,60,1950.239819,monitor.csv,128458
-6.00121,60,1951.471358,monitor_1.monitor.csv,128518
-7.533334,60,1951.478348,monitor_3.monitor.csv,128578
-6.033461,60,1952.677355,monitor_2.monitor.csv,128638
-7.165901,60,1953.998475,monitor.csv,128698
-5.753395,60,1955.172524,monitor_1.monitor.csv,128758
-6.822315,60,1955.174508,monitor_3.monitor.csv,128818
-6.186919,60,1956.365691,monitor_2.monitor.csv,128878
-6.182672,60,1958.448749,monitor.csv,128938
-6.087009,60,1959.620417,monitor_3.monitor.csv,128998
-6.518973,60,1959.620428,monitor_1.monitor.csv,129058
-6.03901,60,1960.817014,monitor_2.monitor.csv,129118
-7.027322,60,1962.127003,monitor.csv,129178
-6.057051,60,1963.322822,monitor_1.monitor.csv,129238
-6.833778,60,1963.324826,monitor_3.monitor.csv,129298
-6.548364,60,1964.519199,monitor_2.monitor.csv,129358
-5.109268,60,1965.846642,monitor.csv,129418
-6.227343,60,1967.739547,monitor_1.monitor.csv,129478
-4.736139,60,1967.740544,monitor_3.monitor.csv,129538
-5.999816,60,1968.903101,monitor_2.monitor.csv,129598
-6.530092,60,1970.201561,monitor.csv,129658
-6.233351,60,1971.456033,monitor_1.monitor.csv,129718
-8.42351,60,1971.461026,monitor_3.monitor.csv,129778
-5.99707,60,1972.636643,monitor_2.monitor.csv,129838
-6.139179,60,1974.011316,monitor.csv,129898
-5.999239,60,1975.861153,monitor_1.monitor.csv,129958
-5.177157,60,1975.868145,monitor_3.monitor.csv,130018
-6.029264,60,1977.166332,monitor_2.monitor.csv,130078
-5.950598,60,1978.472588,monitor.csv,130138
-6.290555,60,1979.674639,monitor_3.monitor.csv,130198
-7.312686,60,1979.677641,monitor_1.monitor.csv,130258
-5.962315,60,1980.846898,monitor_2.monitor.csv,130318
-6.008617,60,1982.194727,monitor.csv,130378
-6.347244,60,1983.424763,monitor_3.monitor.csv,130438
-8.428989,60,1983.426761,monitor_1.monitor.csv,130498
-5.970138,60,1985.322102,monitor_2.monitor.csv,130558
-6.944538,60,1986.843328,monitor.csv,130618
-6.001771,60,1988.049295,monitor_3.monitor.csv,130678
-6.221671,60,1988.049299,monitor_1.monitor.csv,130738
-4.992821,60,1989.235464,monitor_2.monitor.csv,130798
-5.239874,60,1990.552653,monitor.csv,130858
-7.189195,60,1991.792118,monitor_1.monitor.csv,130918
-5.997365,60,1991.794111,monitor_3.monitor.csv,130978
-5.492851,60,1993.68941,monitor_2.monitor.csv,131038
-6.807413,60,1995.074367,monitor.csv,131098
-6.019112,60,1996.211402,monitor_3.monitor.csv,131158
-7.882393,60,1996.211407,monitor_1.monitor.csv,131218
-5.855391,60,1997.376208,monitor_2.monitor.csv,131278
-5.630448,60,1998.688919,monitor.csv,131338
-7.521086,60,1999.83828,monitor_1.monitor.csv,131398
-6.851703,60,1999.842268,monitor_3.monitor.csv,131458
-6.058767,60,2001.837188,monitor_2.monitor.csv,131518
-5.827775,60,2003.351421,monitor.csv,131578
-8.168417,60,2004.589001,monitor_1.monitor.csv,131638
-7.586366,60,2004.599993,monitor_3.monitor.csv,131698
-8.065365,60,2005.82675,monitor_2.monitor.csv,131758
-5.328348,60,2007.221112,monitor.csv,131818
-5.394085,60,2008.469908,monitor_1.monitor.csv,131878
-6.519326,60,2008.471902,monitor_3.monitor.csv,131938
-8.861214,60,2009.673643,monitor_2.monitor.csv,131998
-7.506547,60,2011.740038,monitor.csv,132058
-6.54488,60,2012.967695,monitor_3.monitor.csv,132118
-6.522878,60,2012.970224,monitor_1.monitor.csv,132178
-5.95434,60,2014.137323,monitor_2.monitor.csv,132238
-5.865598,60,2015.473282,monitor.csv,132298
-6.327479,60,2016.655542,monitor_3.monitor.csv,132358
-6.221899,60,2016.660829,monitor_1.monitor.csv,132418
-5.58131,60,2017.880164,monitor_2.monitor.csv,132478
-6.037722,60,2019.969159,monitor.csv,132538
-6.16668,60,2021.210641,monitor_1.monitor.csv,132598
-5.908532,60,2021.211637,monitor_3.monitor.csv,132658
-6.739285,60,2022.452359,monitor_2.monitor.csv,132718
-5.677634,60,2023.764763,monitor.csv,132778
-5.959758,60,2024.917229,monitor_1.monitor.csv,132838
-6.514302,60,2024.928223,monitor_3.monitor.csv,132898
-5.802163,60,2026.094795,monitor_2.monitor.csv,132958
-5.556537,60,2027.404256,monitor.csv,133018
-5.345999,60,2029.301281,monitor_1.monitor.csv,133078
-6.613747,60,2029.303277,monitor_3.monitor.csv,133138
-6.038686,60,2030.474275,monitor_2.monitor.csv,133198
-6.239864,60,2031.833682,monitor.csv,133258
-5.674479,60,2033.039395,monitor_1.monitor.csv,133318
-6.340668,60,2033.0394,monitor_3.monitor.csv,133378
-4.200958,60,2034.134245,monitor_2.monitor.csv,133438
-6.288403,60,2035.513804,monitor.csv,133498
-6.882005,60,2037.422435,monitor_1.monitor.csv,133558
-6.028287,60,2037.425447,monitor_3.monitor.csv,133618
-6.776727,60,2038.612278,monitor_2.monitor.csv,133678
-5.816873,60,2039.968563,monitor.csv,133738
-5.971651,60,2041.129024,monitor_1.monitor.csv,133798
-5.412881,60,2041.131021,monitor_3.monitor.csv,133858
-7.364024,60,2042.34794,monitor_2.monitor.csv,133918
-5.724037,60,2043.661479,monitor.csv,133978
-7.184792,60,2045.542211,monitor_1.monitor.csv,134038
-6.788519,60,2045.5442,monitor_3.monitor.csv,134098
-6.984807,60,2046.763004,monitor_2.monitor.csv,134158
-7.072117,60,2048.144169,monitor.csv,134218
-9.060756,60,2049.349894,monitor_1.monitor.csv,134278
-6.298792,60,2049.35491,monitor_3.monitor.csv,134338
-6.930859,60,2050.549629,monitor_2.monitor.csv,134398
-5.829387,60,2051.934318,monitor.csv,134458
-5.872348,60,2053.171578,monitor_3.monitor.csv,134518
-6.820539,60,2053.178563,monitor_1.monitor.csv,134578
-6.043106,60,2055.164956,monitor_2.monitor.csv,134638
-5.587152,60,2056.489667,monitor.csv,134698
-6.239904,60,2057.735494,monitor_1.monitor.csv,134758
-6.613239,60,2057.735496,monitor_3.monitor.csv,134818
-6.637193,60,2058.996394,monitor_2.monitor.csv,134878
-6.964435,60,2060.294984,monitor.csv,134938
-6.680248,60,2061.52434,monitor_3.monitor.csv,134998
-6.529421,60,2061.532338,monitor_1.monitor.csv,135058
-5.710873,60,2063.54254,monitor_2.monitor.csv,135118
-5.94495,60,2064.916551,monitor.csv,135178
-6.046031,60,2066.143567,monitor_3.monitor.csv,135238
-5.717627,60,2066.152568,monitor_1.monitor.csv,135298
-7.807203,60,2067.389436,monitor_2.monitor.csv,135358
-5.105556,60,2068.741828,monitor.csv,135418
-5.771523,60,2069.969555,monitor_3.monitor.csv,135478
-5.412482,60,2069.969559,monitor_1.monitor.csv,135538
-4.557974,60,2071.167873,monitor_2.monitor.csv,135598
-8.349633,60,2073.346805,monitor.csv,135658
-7.297316,60,2074.571951,monitor_3.monitor.csv,135718
-4.47001,60,2074.575941,monitor_1.monitor.csv,135778
-5.309538,60,2075.816241,monitor_2.monitor.csv,135838
-5.975889,60,2077.201933,monitor.csv,135898
-5.963352,60,2078.411869,monitor_3.monitor.csv,135958
-6.135672,60,2078.412876,monitor_1.monitor.csv,136018
-6.733334,60,2079.6286,monitor_2.monitor.csv,136078
-5.945809,60,2081.765959,monitor.csv,136138
-4.109599,60,2083.12063,monitor_3.monitor.csv,136198
-5.433037,60,2083.130623,monitor_1.monitor.csv,136258
-6.190739,60,2084.356942,monitor_2.monitor.csv,136318
-7.431692,60,2085.745801,monitor.csv,136378
-6.449371,60,2086.968506,monitor_3.monitor.csv,136438
-6.419066,60,2086.972514,monitor_1.monitor.csv,136498
-6.771112,60,2088.168015,monitor_2.monitor.csv,136558
-6.736373,60,2090.250411,monitor.csv,136618
-5.738863,60,2091.486463,monitor_3.monitor.csv,136678
-7.548128,60,2091.491989,monitor_1.monitor.csv,136738
-5.53111,60,2092.745326,monitor_2.monitor.csv,136798
-5.985075,60,2094.145931,monitor.csv,136858
-6.850903,60,2095.523271,monitor_3.monitor.csv,136918
-6.019628,60,2095.524271,monitor_1.monitor.csv,136978
-7.786742,60,2096.701631,monitor_2.monitor.csv,137038
-6.055067,60,2098.155504,monitor.csv,137098
-6.834488,60,2100.111892,monitor_1.monitor.csv,137158
-4.661335,60,2100.113888,monitor_3.monitor.csv,137218
-5.77592,60,2101.348222,monitor_2.monitor.csv,137278
-6.884482,60,2102.6848,monitor.csv,137338
-6.419415,60,2103.906295,monitor_1.monitor.csv,137398
-6.011766,60,2103.906297,monitor_3.monitor.csv,137458
-5.641896,60,2105.073843,monitor_2.monitor.csv,137518
-5.905763,60,2106.382524,monitor.csv,137578
-6.985885,60,2108.285506,monitor_1.monitor.csv,137638
-5.923044,60,2108.286503,monitor_3.monitor.csv,137698
-5.984745,60,2109.479853,monitor_2.monitor.csv,137758
-5.778939,60,2110.798411,monitor.csv,137818
-4.967544,60,2112.007596,monitor_1.monitor.csv,137878
-6.985291,60,2112.008593,monitor_3.monitor.csv,137938
-6.562915,60,2113.171208,monitor_2.monitor.csv,137998
-7.49411,60,2114.524554,monitor.csv,138058
-6.025981,60,2115.756433,monitor_3.monitor.csv,138118
-6.158821,60,2115.757438,monitor_1.monitor.csv,138178
-5.635358,60,2117.857823,monitor_2.monitor.csv,138238
-6.048067,60,2119.173222,monitor.csv,138298
-5.746157,60,2120.316654,monitor_1.monitor.csv,138358
-3.914253,60,2120.316654,monitor_3.monitor.csv,138418
-7.366705,60,2121.509724,monitor_2.monitor.csv,138478
-7.748185,60,2122.847757,monitor.csv,138538
-5.896125,60,2124.010159,monitor_1.monitor.csv,138598
-5.658466,60,2124.014147,monitor_3.monitor.csv,138658
-6.031369,60,2125.852276,monitor_2.monitor.csv,138718
-6.183745,60,2127.258741,monitor.csv,138778
-4.618648,60,2128.465135,monitor_3.monitor.csv,138838
-4.948754,60,2128.466128,monitor_1.monitor.csv,138898
-6.169752,60,2129.685337,monitor_2.monitor.csv,138958
-7.782296,60,2131.037793,monitor.csv,139018
-6.836871,60,2132.233052,monitor_1.monitor.csv,139078
-6.410471,60,2132.239065,monitor_3.monitor.csv,139138
-5.76042,60,2134.115499,monitor_2.monitor.csv,139198
-5.384179,60,2135.465916,monitor.csv,139258
-7.469657,60,2136.732542,monitor_1.monitor.csv,139318
-6.005494,60,2136.733538,monitor_3.monitor.csv,139378
-5.850101,60,2137.89915,monitor_2.monitor.csv,139438
-6.579305,60,2139.246771,monitor.csv,139498
-6.154824,60,2140.461035,monitor_1.monitor.csv,139558
-7.348995,60,2140.46403,monitor_3.monitor.csv,139618
-5.911119,60,2141.659713,monitor_2.monitor.csv,139678
-4.681913,60,2143.660141,monitor.csv,139738
-6.096314,60,2144.89955,monitor_1.monitor.csv,139798
-6.542485,60,2144.90254,monitor_3.monitor.csv,139858
-5.001992,60,2146.101784,monitor_2.monitor.csv,139918
-6.112018,60,2147.44395,monitor.csv,139978
-6.152144,60,2148.631573,monitor_1.monitor.csv,140038
-5.430885,60,2148.635566,monitor_3.monitor.csv,140098
-5.834564,60,2149.779285,monitor_2.monitor.csv,140158
-5.93861,60,2151.804921,monitor.csv,140218
-5.413378,60,2152.989186,monitor_1.monitor.csv,140278
-7.071373,60,2152.999175,monitor_3.monitor.csv,140338
-5.189004,60,2154.19518,monitor_2.monitor.csv,140398
-4.968053,60,2155.504933,monitor.csv,140458
-7.222198,60,2156.686997,monitor_1.monitor.csv,140518
-6.330377,60,2156.688996,monitor_3.monitor.csv,140578
-3.944463,60,2157.882907,monitor_2.monitor.csv,140638
-7.105105,60,2159.193435,monitor.csv,140698
-5.999399,60,2161.059725,monitor_1.monitor.csv,140758
-6.314932,60,2161.0647,monitor_3.monitor.csv,140818
-5.932377,60,2162.239738,monitor_2.monitor.csv,140878
-7.110613,60,2163.583129,monitor.csv,140938
-6.55551,60,2164.796314,monitor_3.monitor.csv,140998
-6.053059,60,2164.798322,monitor_1.monitor.csv,141058
-6.773639,60,2166.034893,monitor_2.monitor.csv,141118
-6.114045,60,2167.381638,monitor.csv,141178
-6.185886,60,2169.257739,monitor_1.monitor.csv,141238
-6.00937,60,2169.260746,monitor_3.monitor.csv,141298
-6.825443,60,2170.47472,monitor_2.monitor.csv,141358
-5.931182,60,2171.791535,monitor.csv,141418
-6.000079,60,2172.985172,monitor_1.monitor.csv,141478
-6.283975,60,2172.986168,monitor_3.monitor.csv,141538
-4.14467,60,2174.160543,monitor_2.monitor.csv,141598
-6.028262,60,2175.554575,monitor.csv,141658
-6.088505,60,2177.483973,monitor_1.monitor.csv,141718
-6.137902,60,2177.488957,monitor_3.monitor.csv,141778
-6.839173,60,2178.668077,monitor_2.monitor.csv,141838
-7.996621,60,2179.997826,monitor.csv,141898
-6.072768,60,2181.20524,monitor_3.monitor.csv,141958
-5.509064,60,2181.205241,monitor_1.monitor.csv,142018
-7.733517,60,2182.403694,monitor_2.monitor.csv,142078
-6.437522,60,2183.697295,monitor.csv,142138
-6.438088,60,2184.884065,monitor_3.monitor.csv,142198
-5.361632,60,2184.884596,monitor_1.monitor.csv,142258
-6.005853,60,2186.769651,monitor_2.monitor.csv,142318
-6.115734,60,2188.158396,monitor.csv,142378
-5.553991,60,2189.338029,monitor_1.monitor.csv,142438
-6.603799,60,2189.338038,monitor_3.monitor.csv,142498
-6.088492,60,2190.499452,monitor_2.monitor.csv,142558
-6.333601,60,2191.837461,monitor.csv,142618
-5.918075,60,2193.009884,monitor_1.monitor.csv,142678
-6.846009,60,2193.013875,monitor_3.monitor.csv,142738
-6.454014,60,2194.878406,monitor_2.monitor.csv,142798
-7.545323,60,2196.191305,monitor.csv,142858
-6.437876,60,2197.417667,monitor_1.monitor.csv,142918
-6.565817,60,2197.426672,monitor_3.monitor.csv,142978
-7.6317,60,2198.643992,monitor_2.monitor.csv,143038
-6.106431,60,2199.931279,monitor.csv,143098
-5.43637,60,2201.145449,monitor_1.monitor.csv,143158
-5.598504,60,2201.148442,monitor_3.monitor.csv,143218
-5.813449,60,2202.373556,monitor_2.monitor.csv,143278
-6.683447,60,2204.459207,monitor.csv,143338
-6.925639,60,2205.715501,monitor_1.monitor.csv,143398
-5.757095,60,2205.718517,monitor_3.monitor.csv,143458
-8.528905,60,2206.89381,monitor_2.monitor.csv,143518
-5.820738,60,2208.2301,monitor.csv,143578
-7.443999,60,2209.434672,monitor_1.monitor.csv,143638
-5.343476,60,2209.438671,monitor_3.monitor.csv,143698
-6.838075,60,2210.631695,monitor_2.monitor.csv,143758
-6.120061,60,2212.656892,monitor.csv,143818
-5.991376,60,2213.805376,monitor_1.monitor.csv,143878
-5.661372,60,2213.813357,monitor_3.monitor.csv,143938
-6.473294,60,2214.966733,monitor_2.monitor.csv,143998
-5.83005,60,2216.280392,monitor.csv,144058
-8.204351,60,2217.494253,monitor_1.monitor.csv,144118
-8.532939,60,2217.496248,monitor_3.monitor.csv,144178
-6.13387,60,2218.732033,monitor_2.monitor.csv,144238
-6.913922,60,2220.742184,monitor.csv,144298
-6.473607,60,2221.926577,monitor_1.monitor.csv,144358
-6.899616,60,2221.933558,monitor_3.monitor.csv,144418
-5.359445,60,2223.119731,monitor_2.monitor.csv,144478
-6.277741,60,2224.435029,monitor.csv,144538
-6.055114,60,2225.642053,monitor_1.monitor.csv,144598
-5.990456,60,2225.645038,monitor_3.monitor.csv,144658
-6.282945,60,2226.844965,monitor_2.monitor.csv,144718
-5.319322,60,2228.202636,monitor.csv,144778
-6.935212,60,2230.087914,monitor_1.monitor.csv,144838
-6.491285,60,2230.095921,monitor_3.monitor.csv,144898
-6.017578,60,2231.288089,monitor_2.monitor.csv,144958
-7.060955,60,2232.653586,monitor.csv,145018
-7.604026,60,2233.85411,monitor_1.monitor.csv,145078
-6.641287,60,2233.858096,monitor_3.monitor.csv,145138
-6.144618,60,2235.027526,monitor_2.monitor.csv,145198
-6.688456,60,2236.404439,monitor.csv,145258
-5.908963,60,2238.338084,monitor_1.monitor.csv,145318
-5.513811,60,2238.338089,monitor_3.monitor.csv,145378
-7.696379,60,2239.506056,monitor_2.monitor.csv,145438
-6.014314,60,2240.862927,monitor.csv,145498
-7.372643,60,2242.064704,monitor_1.monitor.csv,145558
-5.818263,60,2242.071696,monitor_3.monitor.csv,145618
-6.881957,60,2243.252643,monitor_2.monitor.csv,145678
-5.967265,60,2244.598276,monitor.csv,145738
-5.377498,60,2245.760905,monitor_1.monitor.csv,145798
-6.260199,60,2245.763902,monitor_3.monitor.csv,145858
-6.522544,60,2247.669377,monitor_2.monitor.csv,145918
-5.99706,60,2249.147631,monitor.csv,145978
-5.968356,60,2250.330969,monitor_1.monitor.csv,146038
-7.994757,60,2250.335968,monitor_3.monitor.csv,146098
-5.949997,60,2251.50617,monitor_2.monitor.csv,146158
-6.210643,60,2252.828255,monitor.csv,146218
-5.820462,60,2253.992971,monitor_1.monitor.csv,146278
-6.272163,60,2253.996967,monitor_3.monitor.csv,146338
-4.903184,60,2255.896211,monitor_2.monitor.csv,146398
-5.774822,60,2257.253468,monitor.csv,146458
-5.84385,60,2258.454282,monitor_3.monitor.csv,146518
-6.01696,60,2258.459246,monitor_1.monitor.csv,146578
-5.730521,60,2259.624479,monitor_2.monitor.csv,146638
-6.035198,60,2260.98,monitor.csv,146698
-6.303253,60,2262.128458,monitor_1.monitor.csv,146758
-5.996725,60,2262.131445,monitor_3.monitor.csv,146818
-5.607445,60,2263.974303,monitor_2.monitor.csv,146878
-6.132353,60,2265.277101,monitor.csv,146938
-5.952012,60,2266.516355,monitor_1.monitor.csv,146998
-8.85734,60,2266.516356,monitor_3.monitor.csv,147058
-6.066869,60,2267.725735,monitor_2.monitor.csv,147118
-6.261215,60,2269.082047,monitor.csv,147178
-7.021317,60,2270.237879,monitor_1.monitor.csv,147238
-5.73953,60,2270.237894,monitor_3.monitor.csv,147298
-8.00571,60,2271.400639,monitor_2.monitor.csv,147358
-6.386061,60,2273.490685,monitor.csv,147418
-6.850362,60,2274.667658,monitor_1.monitor.csv,147478
-6.965918,60,2274.668655,monitor_3.monitor.csv,147538
-6.973863,60,2275.87493,monitor_2.monitor.csv,147598
-8.248745,60,2277.206473,monitor.csv,147658
-7.257569,60,2278.389953,monitor_1.monitor.csv,147718
-8.441329,60,2278.392948,monitor_3.monitor.csv,147778
-5.915543,60,2279.629186,monitor_2.monitor.csv,147838
-4.815749,60,2281.657551,monitor.csv,147898
-5.822457,60,2282.868061,monitor_3.monitor.csv,147958
-6.178311,60,2282.872053,monitor_1.monitor.csv,148018
-5.721485,60,2284.023148,monitor_2.monitor.csv,148078
-5.421127,60,2285.256898,monitor.csv,148138
-6.590903,60,2286.423463,monitor_1.monitor.csv,148198
-5.725636,60,2286.425462,monitor_3.monitor.csv,148258
-7.220056,60,2287.590855,monitor_2.monitor.csv,148318
-5.890295,60,2288.90179,monitor.csv,148378
-6.214294,60,2290.797935,monitor_3.monitor.csv,148438
-5.753949,60,2290.800936,monitor_1.monitor.csv,148498
-6.162457,60,2292.002051,monitor_2.monitor.csv,148558
-5.437431,60,2293.363651,monitor.csv,148618
-6.359792,60,2294.509884,monitor_1.monitor.csv,148678
-5.332663,60,2294.515888,monitor_3.monitor.csv,148738
-5.069088,60,2295.777059,monitor_2.monitor.csv,148798
-4.550363,60,2297.149206,monitor.csv,148858
-5.927254,60,2298.981531,monitor_1.monitor.csv,148918
-5.952153,60,2298.985508,monitor_3.monitor.csv,148978
-5.377711,60,2300.16993,monitor_2.monitor.csv,149038
-6.750976,60,2301.533735,monitor.csv,149098
-5.730661,60,2302.706203,monitor_3.monitor.csv,149158
-6.125656,60,2302.710197,monitor_1.monitor.csv,149218
-4.984541,60,2303.86113,monitor_2.monitor.csv,149278
-5.412146,60,2305.206655,monitor.csv,149338
-7.624018,60,2307.05022,monitor_1.monitor.csv,149398
-5.814236,60,2307.055246,monitor_3.monitor.csv,149458
-6.06934,60,2308.278681,monitor_2.monitor.csv,149518
-8.024885,60,2309.579758,monitor.csv,149578
-7.184283,60,2310.784509,monitor_3.monitor.csv,149638
-5.558307,60,2310.78553,monitor_1.monitor.csv,149698
-6.95163,60,2312.017976,monitor_2.monitor.csv,149758
-5.477941,60,2313.328697,monitor.csv,149818
-6.677012,60,2314.509023,monitor_3.monitor.csv,149878
-6.873989,60,2314.51003,monitor_1.monitor.csv,149938
-6.457402,60,2316.388061,monitor_2.monitor.csv,149998
-5.711621,60,2317.748111,monitor.csv,150058
-7.704816,60,2319.011316,monitor_3.monitor.csv,150118
-6.055392,60,2319.011319,monitor_1.monitor.csv,150178
-6.803471,60,2320.201878,monitor_2.monitor.csv,150238
-6.196795,60,2321.512612,monitor.csv,150298
-7.833018,60,2322.729066,monitor_1.monitor.csv,150358
-7.52533,60,2322.730062,monitor_3.monitor.csv,150418
-4.581567,60,2324.626197,monitor_2.monitor.csv,150478
-5.971377,60,2325.960261,monitor.csv,150538
-6.650485,60,2327.17316,monitor_1.monitor.csv,150598
-7.019654,60,2327.177158,monitor_3.monitor.csv,150658
-4.888228,60,2328.336985,monitor_2.monitor.csv,150718
-7.413046,60,2329.652258,monitor.csv,150778
-6.501669,60,2330.823316,monitor_1.monitor.csv,150838
-6.008844,60,2330.824312,monitor_3.monitor.csv,150898
-7.043501,60,2331.991773,monitor_2.monitor.csv,150958
-5.435041,60,2333.990776,monitor.csv,151018
-6.563937,60,2335.321193,monitor_1.monitor.csv,151078
-7.053721,60,2335.330195,monitor_3.monitor.csv,151138
-5.741016,60,2336.518333,monitor_2.monitor.csv,151198
-5.691178,60,2337.895744,monitor.csv,151258
-5.426266,60,2339.083416,monitor_1.monitor.csv,151318
-5.478156,60,2339.086415,monitor_3.monitor.csv,151378
-6.352587,60,2340.284459,monitor_2.monitor.csv,151438
-6.831742,60,2342.552495,monitor.csv,151498
-5.944935,60,2343.736057,monitor_1.monitor.csv,151558
-4.944089,60,2343.73606,monitor_3.monitor.csv,151618
-5.844879,60,2344.930547,monitor_2.monitor.csv,151678
-6.174268,60,2346.246027,monitor.csv,151738
-6.67056,60,2347.507208,monitor_1.monitor.csv,151798
-5.963235,60,2347.513197,monitor_3.monitor.csv,151858
-6.000665,60,2348.70225,monitor_2.monitor.csv,151918
-5.971187,60,2350.690114,monitor.csv,151978
-4.138069,60,2351.915086,monitor_1.monitor.csv,152038
-7.184661,60,2351.915087,monitor_3.monitor.csv,152098
-6.606582,60,2353.101264,monitor_2.monitor.csv,152158
-6.058996,60,2354.472034,monitor.csv,152218
-4.87748,60,2355.648192,monitor_1.monitor.csv,152278
-6.444271,60,2355.657183,monitor_3.monitor.csv,152338
-6.289459,60,2356.850453,monitor_2.monitor.csv,152398
-8.164914,60,2358.159287,monitor.csv,152458
-6.98699,60,2360.032367,monitor_3.monitor.csv,152518
-6.239679,60,2360.03537,monitor_1.monitor.csv,152578
-4.676023,60,2361.211296,monitor_2.monitor.csv,152638
-5.56081,60,2362.56355,monitor.csv,152698
-5.90031,60,2363.794683,monitor_3.monitor.csv,152758
-6.188076,60,2363.795685,monitor_1.monitor.csv,152818
-5.530237,60,2364.971266,monitor_2.monitor.csv,152878
-5.450715,60,2366.311363,monitor.csv,152938
-6.423658,60,2368.23083,monitor_3.monitor.csv,152998
-8.352849,60,2368.230837,monitor_1.monitor.csv,153058
-7.040341,60,2369.461105,monitor_2.monitor.csv,153118
-4.157454,60,2370.804045,monitor.csv,153178
-5.995638,60,2372.057781,monitor_1.monitor.csv,153238
-7.356368,60,2372.062763,monitor_3.monitor.csv,153298
-6.29292,60,2373.27191,monitor_2.monitor.csv,153358
-5.904275,60,2374.601082,monitor.csv,153418
-6.645308,60,2375.792703,monitor_1.monitor.csv,153478
-5.469434,60,2375.795705,monitor_3.monitor.csv,153538
-6.169691,60,2377.765359,monitor_2.monitor.csv,153598
-5.273108,60,2379.150885,monitor.csv,153658
-7.374622,60,2380.334958,monitor_1.monitor.csv,153718
-5.889382,60,2380.339943,monitor_3.monitor.csv,153778
-7.183095,60,2381.553035,monitor_2.monitor.csv,153838
-6.072846,60,2382.947268,monitor.csv,153898
-6.422592,60,2384.19486,monitor_3.monitor.csv,153958
-6.060703,60,2384.194867,monitor_1.monitor.csv,154018
-7.057448,60,2386.108657,monitor_2.monitor.csv,154078
-5.652773,60,2387.446463,monitor.csv,154138
-5.764662,60,2388.588116,monitor_3.monitor.csv,154198
-5.990702,60,2388.589111,monitor_1.monitor.csv,154258
-6.613866,60,2389.753328,monitor_2.monitor.csv,154318
-6.157022,60,2391.079778,monitor.csv,154378
-6.528191,60,2392.350185,monitor_1.monitor.csv,154438
-4.977863,60,2392.35518,monitor_3.monitor.csv,154498
-4.779535,60,2394.285001,monitor_2.monitor.csv,154558
-6.458412,60,2395.619282,monitor.csv,154618
-5.683069,60,2396.806624,monitor_1.monitor.csv,154678
-6.85893,60,2396.810628,monitor_3.monitor.csv,154738
-6.686095,60,2398.001164,monitor_2.monitor.csv,154798
-6.242878,60,2399.367502,monitor.csv,154858
-5.367563,60,2400.582572,monitor_1.monitor.csv,154918
-5.03078,60,2400.584568,monitor_3.monitor.csv,154978
-6.13931,60,2401.800496,monitor_2.monitor.csv,155038
-5.77065,60,2404.221974,monitor.csv,155098
-6.101837,60,2405.945115,monitor_1.monitor.csv,155158
-6.280269,60,2405.950085,monitor_3.monitor.csv,155218
-5.975443,60,2407.862478,monitor_2.monitor.csv,155278
-4.986214,60,2409.80374,monitor.csv,155338
-6.20049,60,2411.256254,monitor_1.monitor.csv,155398
-6.139802,60,2411.260245,monitor_3.monitor.csv,155458
-5.669478,60,2412.827782,monitor_2.monitor.csv,155518
-8.150277,60,2415.13169,monitor.csv,155578
-6.103593,60,2416.541976,monitor_3.monitor.csv,155638
-5.650421,60,2416.544977,monitor_1.monitor.csv,155698
-6.953353,60,2418.246493,monitor_2.monitor.csv,155758
-6.209775,60,2420.794232,monitor.csv,155818
-4.978603,60,2422.967523,monitor_1.monitor.csv,155878
-5.070023,60,2422.981528,monitor_3.monitor.csv,155938
-5.889274,60,2424.633431,monitor_2.monitor.csv,155998
-6.474994,60,2426.207237,monitor.csv,156058
-5.261966,60,2431.167153,monitor_3.monitor.csv,156118
-6.64723,60,2431.168159,monitor_1.monitor.csv,156178
-7.346215,60,2432.959111,monitor_2.monitor.csv,156238
-6.374853,60,2434.722771,monitor.csv,156298
-5.728969,60,2435.930301,monitor_3.monitor.csv,156358
-5.988584,60,2435.934299,monitor_1.monitor.csv,156418
-6.867418,60,2437.293258,monitor_2.monitor.csv,156478
-5.997139,60,2438.676892,monitor.csv,156538
-7.618871,60,2440.719736,monitor_3.monitor.csv,156598
-6.433028,60,2440.72374,monitor_1.monitor.csv,156658
-6.015837,60,2441.945444,monitor_2.monitor.csv,156718
-7.120152,60,2443.388561,monitor.csv,156778
-5.946065,60,2445.089508,monitor_3.monitor.csv,156838
-6.045484,60,2445.091506,monitor_1.monitor.csv,156898
-5.88887,60,2446.799447,monitor_2.monitor.csv,156958
-6.057945,60,2449.490067,monitor.csv,157018
-6.187011,60,2456.532316,monitor_1.monitor.csv,157078
-5.98392,60,2456.535311,monitor_3.monitor.csv,157138
-7.944729,60,2458.929241,monitor_2.monitor.csv,157198
-7.16078,60,2460.536833,monitor.csv,157258
-7.058827,60,2461.803642,monitor_1.monitor.csv,157318
-4.924737,60,2461.805638,monitor_3.monitor.csv,157378
-5.481273,60,2463.018196,monitor_2.monitor.csv,157438
-6.235251,60,2465.034175,monitor.csv,157498
-5.950117,60,2466.651019,monitor_3.monitor.csv,157558
-5.704398,60,2466.655579,monitor_1.monitor.csv,157618
-5.920459,60,2469.0219,monitor_2.monitor.csv,157678
-6.388241,60,2470.613431,monitor.csv,157738
-5.98,60,2472.146011,monitor_1.monitor.csv,157798
-5.999222,60,2472.14802,monitor_3.monitor.csv,157858
-5.936628,60,2473.614541,monitor_2.monitor.csv,157918
-5.792416,60,2475.190842,monitor.csv,157978
-5.563129,60,2476.743957,monitor_3.monitor.csv,158038
-6.731672,60,2476.743991,monitor_1.monitor.csv,158098
-5.198586,60,2479.610401,monitor_2.monitor.csv,158158
-7.857551,60,2481.704126,monitor.csv,158218
-5.726458,60,2483.503715,monitor_3.monitor.csv,158278
-6.515245,60,2483.509849,monitor_1.monitor.csv,158338
-6.496692,60,2485.456025,monitor_2.monitor.csv,158398
-5.799568,60,2487.848216,monitor.csv,158458
-6.274535,60,2489.607573,monitor_1.monitor.csv,158518
-6.332481,60,2489.609151,monitor_3.monitor.csv,158578
-6.05855,60,2491.38056,monitor_2.monitor.csv,158638
-5.33846,60,2493.680082,monitor.csv,158698
-5.471057,60,2494.970102,monitor_1.monitor.csv,158758
-5.961542,60,2494.975097,monitor_3.monitor.csv,158818
-5.511037,60,2496.635679,monitor_2.monitor.csv,158878
-5.943745,60,2498.804792,monitor.csv,158938
-4.258839,60,2501.272958,monitor_3.monitor.csv,158998
-5.287508,60,2501.272965,monitor_1.monitor.csv,159058
-7.214816,60,2503.168314,monitor_2.monitor.csv,159118
-5.30187,60,2506.050756,monitor.csv,159178
-8.703861,60,2507.654667,monitor_3.monitor.csv,159238
-6.384743,60,2507.657822,monitor_1.monitor.csv,159298
-7.475567,60,2509.579111,monitor_2.monitor.csv,159358
-5.766026,60,2515.078863,monitor.csv,159418
-6.199941,60,2517.510005,monitor_3.monitor.csv,159478
-5.823122,60,2517.513496,monitor_1.monitor.csv,159538
-8.677128,60,2519.454519,monitor_2.monitor.csv,159598
-5.179949,60,2522.79039,monitor.csv,159658
-5.894798,60,2524.200765,monitor_3.monitor.csv,159718
-7.083121,60,2524.205271,monitor_1.monitor.csv,159778
-4.594438,60,2525.621248,monitor_2.monitor.csv,159838
-4.847897,60,2527.224612,monitor.csv,159898
-5.795675,60,2528.777668,monitor_1.monitor.csv,159958
-7.278398,60,2528.778665,monitor_3.monitor.csv,160018
-5.856189,60,2530.338731,monitor_2.monitor.csv,160078
-4.686672,60,2531.839281,monitor.csv,160138
-6.256736,60,2534.11021,monitor_1.monitor.csv,160198
-5.708602,60,2534.112198,monitor_3.monitor.csv,160258
-7.86299,60,2535.656491,monitor_2.monitor.csv,160318
-6.943316,60,2537.152127,monitor.csv,160378
-4.604509,60,2538.502554,monitor_3.monitor.csv,160438
-5.788786,60,2538.502558,monitor_1.monitor.csv,160498
-6.076377,60,2540.043268,monitor_2.monitor.csv,160558
-6.998307,60,2541.563989,monitor.csv,160618
-7.096671,60,2543.854497,monitor_1.monitor.csv,160678
-6.777721,60,2543.855494,monitor_3.monitor.csv,160738
-5.692115,60,2545.37122,monitor_2.monitor.csv,160798
-6.004901,60,2547.040964,monitor.csv,160858
-5.982082,60,2548.430016,monitor_1.monitor.csv,160918
-7.580557,60,2548.434012,monitor_3.monitor.csv,160978
-5.954438,60,2549.928288,monitor_2.monitor.csv,161038
-5.749502,60,2551.421271,monitor.csv,161098
-6.234025,60,2552.780583,monitor_1.monitor.csv,161158
-6.496349,60,2552.783579,monitor_3.monitor.csv,161218
-6.273985,60,2554.985955,monitor_2.monitor.csv,161278
-5.308484,60,2556.486022,monitor.csv,161338
-7.03669,60,2557.829901,monitor_1.monitor.csv,161398
-7.188433,60,2557.831888,monitor_3.monitor.csv,161458
-4.698665,60,2559.343627,monitor_2.monitor.csv,161518
-5.95492,60,2560.826113,monitor.csv,161578
-8.449777,60,2562.145341,monitor_3.monitor.csv,161638
-5.380617,60,2562.145346,monitor_1.monitor.csv,161698
-5.255604,60,2564.419073,monitor_2.monitor.csv,161758
-6.188262,60,2565.937626,monitor.csv,161818
-5.412971,60,2567.413848,monitor_3.monitor.csv,161878
-5.350762,60,2567.414849,monitor_1.monitor.csv,161938
-5.730504,60,2568.922821,monitor_2.monitor.csv,161998
-6.545478,60,2570.415115,monitor.csv,162058
-5.979687,60,2571.757635,monitor_3.monitor.csv,162118
-6.880259,60,2571.758633,monitor_1.monitor.csv,162178
-6.180419,60,2574.043491,monitor_2.monitor.csv,162238
-5.325352,60,2575.517975,monitor.csv,162298
-5.822876,60,2576.857903,monitor_1.monitor.csv,162358
-6.058433,60,2576.861889,monitor_3.monitor.csv,162418
-5.354854,60,2578.328656,monitor_2.monitor.csv,162478
-7.127639,60,2579.773519,monitor.csv,162538
-5.602115,60,2581.176662,monitor_3.monitor.csv,162598
-8.556407,60,2581.176667,monitor_1.monitor.csv,162658
-3.766649,60,2582.859771,monitor_2.monitor.csv,162718
-5.64347,60,2585.132392,monitor.csv,162778
-6.816284,60,2586.54548,monitor_1.monitor.csv,162838
-5.700986,60,2586.546476,monitor_3.monitor.csv,162898
-4.938914,60,2588.107174,monitor_2.monitor.csv,162958
-5.98978,60,2589.588124,monitor.csv,163018
-5.661665,60,2590.907425,monitor_1.monitor.csv,163078
-6.68338,60,2590.90743,monitor_3.monitor.csv,163138
-8.597114,60,2592.438217,monitor_2.monitor.csv,163198
-6.865633,60,2594.774362,monitor.csv,163258
-5.848873,60,2596.134438,monitor_1.monitor.csv,163318
-6.594968,60,2596.13444,monitor_3.monitor.csv,163378
-5.953653,60,2597.618749,monitor_2.monitor.csv,163438
-4.930996,60,2599.103726,monitor.csv,163498
-5.294277,60,2600.428939,monitor_1.monitor.csv,163558
-6.831567,60,2600.429935,monitor_3.monitor.csv,163618
-6.755454,60,2601.924173,monitor_2.monitor.csv,163678
-5.410485,60,2603.450889,monitor.csv,163738
-7.115462,60,2605.569178,monitor_3.monitor.csv,163798
-5.381729,60,2605.569181,monitor_1.monitor.csv,163858
-5.935484,60,2607.046317,monitor_2.monitor.csv,163918
-5.550008,60,2609.161102,monitor.csv,163978
-6.003405,60,2610.650459,monitor_1.monitor.csv,164038
-6.060079,60,2610.653462,monitor_3.monitor.csv,164098
-7.738558,60,2612.162479,monitor_2.monitor.csv,164158
-3.951432,60,2613.662014,monitor.csv,164218
-5.911013,60,2615.764386,monitor_1.monitor.csv,164278
-6.980784,60,2615.768375,monitor_3.monitor.csv,164338
-6.628607,60,2617.3176,monitor_2.monitor.csv,164398
-6.303265,60,2618.797791,monitor.csv,164458
-5.903431,60,2620.092459,monitor_1.monitor.csv,164518
-5.482789,60,2620.09446,monitor_3.monitor.csv,164578
-4.951983,60,2621.576326,monitor_2.monitor.csv,164638
-5.775883,60,2623.065982,monitor.csv,164698
-5.982116,60,2625.158422,monitor_3.monitor.csv,164758
-6.749441,60,2625.159413,monitor_1.monitor.csv,164818
-6.507461,60,2626.648368,monitor_2.monitor.csv,164878
-6.84895,60,2628.131261,monitor.csv,164938
-6.209989,60,2629.432949,monitor_3.monitor.csv,164998
-5.598131,60,2629.435941,monitor_1.monitor.csv,165058
-6.704241,60,2630.967248,monitor_2.monitor.csv,165118
-4.925256,60,2632.489368,monitor.csv,165178
-5.394023,60,2633.795771,monitor_1.monitor.csv,165238
-8.224257,60,2633.796768,monitor_3.monitor.csv,165298
-6.716294,60,2636.034893,monitor_2.monitor.csv,165358
-6.885841,60,2637.495927,monitor.csv,165418
-6.116701,60,2639.029826,monitor_1.monitor.csv,165478
-5.964002,60,2639.030822,monitor_3.monitor.csv,165538
-4.642189,60,2640.546109,monitor_2.monitor.csv,165598
-6.544105,60,2642.012907,monitor.csv,165658
-5.509994,60,2643.34641,monitor_1.monitor.csv,165718
-5.82695,60,2643.347406,monitor_3.monitor.csv,165778
-7.221094,60,2645.647129,monitor_2.monitor.csv,165838
-6.865464,60,2647.192255,monitor.csv,165898
-6.019246,60,2648.544634,monitor_3.monitor.csv,165958
-5.97933,60,2648.546643,monitor_1.monitor.csv,166018
-6.652244,60,2649.97795,monitor_2.monitor.csv,166078
-7.011331,60,2651.465134,monitor.csv,166138
-5.7013,60,2652.77941,monitor_3.monitor.csv,166198
-5.908712,60,2652.779411,monitor_1.monitor.csv,166258
-6.17962,60,2654.234792,monitor_2.monitor.csv,166318
-7.075409,60,2656.568695,monitor.csv,166378
-7.007877,60,2657.858946,monitor_1.monitor.csv,166438
-6.449229,60,2657.862901,monitor_3.monitor.csv,166498
-7.706487,60,2659.317962,monitor_2.monitor.csv,166558
-5.632227,60,2660.779617,monitor.csv,166618
-7.618585,60,2662.150606,monitor_1.monitor.csv,166678
-6.32708,60,2662.1526,monitor_3.monitor.csv,166738
-7.036544,60,2663.679298,monitor_2.monitor.csv,166798
-6.740609,60,2665.909095,monitor.csv,166858
-6.417031,60,2667.276149,monitor_3.monitor.csv,166918
-7.982982,60,2667.276159,monitor_1.monitor.csv,166978
-7.013141,60,2668.857699,monitor_2.monitor.csv,167038
-5.303124,60,2670.357505,monitor.csv,167098
-5.166415,60,2671.695122,monitor_3.monitor.csv,167158
-6.565351,60,2671.695125,monitor_1.monitor.csv,167218
-5.870661,60,2673.209905,monitor_2.monitor.csv,167278
-6.02946,60,2675.436763,monitor.csv,167338
-6.818407,60,2676.816202,monitor_1.monitor.csv,167398
-7.371171,60,2676.817199,monitor_3.monitor.csv,167458
-7.8803,60,2678.355602,monitor_2.monitor.csv,167518
-6.316924,60,2679.855796,monitor.csv,167578
-6.496297,60,2681.184594,monitor_1.monitor.csv,167638
-6.73579,60,2681.184603,monitor_3.monitor.csv,167698
-6.576128,60,2682.74124,monitor_2.monitor.csv,167758
-5.515725,60,2684.240482,monitor.csv,167818
-6.986782,60,2686.36397,monitor_1.monitor.csv,167878
-5.892853,60,2686.364967,monitor_3.monitor.csv,167938
-6.277917,60,2687.850295,monitor_2.monitor.csv,167998
-5.842291,60,2689.329617,monitor.csv,168058
-5.468768,60,2690.668791,monitor_1.monitor.csv,168118
-5.583611,60,2690.669788,monitor_3.monitor.csv,168178
-5.244681,60,2692.196978,monitor_2.monitor.csv,168238
-6.249371,60,2694.074522,monitor.csv,168298
-6.465128,60,2696.379941,monitor_3.monitor.csv,168358
-7.946943,60,2696.379946,monitor_1.monitor.csv,168418
-5.69623,60,2697.832036,monitor_2.monitor.csv,168478
-5.183479,60,2699.311312,monitor.csv,168538
-5.884226,60,2700.612728,monitor_3.monitor.csv,168598
-6.257878,60,2700.613719,monitor_1.monitor.csv,168658
-7.136113,60,2702.191302,monitor_2.monitor.csv,168718
-5.57899,60,2703.725877,monitor.csv,168778
-5.883597,60,2705.047247,monitor_1.monitor.csv,168838
-5.954238,60,2705.048244,monitor_3.monitor.csv,168898
-5.952738,60,2707.413825,monitor_2.monitor.csv,168958
-6.881902,60,2708.881943,monitor.csv,169018
-6.720809,60,2710.205244,monitor_1.monitor.csv,169078
-6.943548,60,2710.20624,monitor_3.monitor.csv,169138
-5.966694,60,2711.731904,monitor_2.monitor.csv,169198
-5.994901,60,2713.257063,monitor.csv,169258
-5.956972,60,2714.587558,monitor_1.monitor.csv,169318
-6.039037,60,2714.589557,monitor_3.monitor.csv,169378
-5.557729,60,2716.908751,monitor_2.monitor.csv,169438
-6.885209,60,2718.380233,monitor.csv,169498
-6.040957,60,2719.760539,monitor_3.monitor.csv,169558
-4.70169,60,2719.760712,monitor_1.monitor.csv,169618
-6.241367,60,2721.265759,monitor_2.monitor.csv,169678
-6.351619,60,2722.735991,monitor.csv,169738
-6.601963,60,2724.050985,monitor_1.monitor.csv,169798
-6.834226,60,2724.05397,monitor_3.monitor.csv,169858
-5.771292,60,2726.347104,monitor_2.monitor.csv,169918
-5.658571,60,2727.96089,monitor.csv,169978
-6.161349,60,2729.291827,monitor_1.monitor.csv,170038
-5.00105,60,2729.292824,monitor_3.monitor.csv,170098
-5.550256,60,2730.785674,monitor_2.monitor.csv,170158
-5.825333,60,2732.29064,monitor.csv,170218
-5.997684,60,2733.546515,monitor_1.monitor.csv,170278
-6.167718,60,2733.551497,monitor_3.monitor.csv,170338
-5.636985,60,2734.976656,monitor_2.monitor.csv,170398
-5.704058,60,2737.271641,monitor.csv,170458
-6.052972,60,2738.608907,monitor_1.monitor.csv,170518
-8.076557,60,2738.610902,monitor_3.monitor.csv,170578
-5.315343,60,2740.108353,monitor_2.monitor.csv,170638
-5.597502,60,2741.605574,monitor.csv,170698
-6.599405,60,2742.957947,monitor_1.monitor.csv,170758
-6.391659,60,2742.958943,monitor_3.monitor.csv,170818
-5.054073,60,2744.470079,monitor_2.monitor.csv,170878
-5.901616,60,2746.722843,monitor.csv,170938
-6.30183,60,2748.024789,monitor_1.monitor.csv,170998
-5.728668,60,2748.025786,monitor_3.monitor.csv,171058
-4.878057,60,2749.521118,monitor_2.monitor.csv,171118
-5.861814,60,2751.07192,monitor.csv,171178
-5.890006,60,2752.433354,monitor_3.monitor.csv,171238
-9.210889,60,2752.436357,monitor_1.monitor.csv,171298
-6.461827,60,2753.955396,monitor_2.monitor.csv,171358
-6.993254,60,2755.455509,monitor.csv,171418
-6.78962,60,2757.51715,monitor_3.monitor.csv,171478
-5.79596,60,2757.517159,monitor_1.monitor.csv,171538
-6.45383,60,2759.002273,monitor_2.monitor.csv,171598
-6.438356,60,2760.496189,monitor.csv,171658
-6.312726,60,2761.815276,monitor_3.monitor.csv,171718
-7.175763,60,2761.815291,monitor_1.monitor.csv,171778
-6.013377,60,2763.304105,monitor_2.monitor.csv,171838
-6.228027,60,2764.774945,monitor.csv,171898
-5.967548,60,2766.849126,monitor_1.monitor.csv,171958
-6.015587,60,2766.852101,monitor_3.monitor.csv,172018
-4.822647,60,2768.336282,monitor_2.monitor.csv,172078
-7.472391,60,2769.817453,monitor.csv,172138
-6.646303,60,2771.203025,monitor_1.monitor.csv,172198
-3.999272,60,2771.205016,monitor_3.monitor.csv,172258
-5.553128,60,2772.858546,monitor_2.monitor.csv,172318
-8.313768,60,2774.480105,monitor.csv,172378
-6.15298,60,2776.785374,monitor_3.monitor.csv,172438
-4.947768,60,2776.786373,monitor_1.monitor.csv,172498
-6.515344,60,2778.27304,monitor_2.monitor.csv,172558
-5.927072,60,2779.775343,monitor.csv,172618
-6.176387,60,2781.101413,monitor_3.monitor.csv,172678
-5.034392,60,2781.101416,monitor_1.monitor.csv,172738
-5.338385,60,2782.636094,monitor_2.monitor.csv,172798
-5.909159,60,2784.124208,monitor.csv,172858
-5.769797,60,2785.462828,monitor_3.monitor.csv,172918
-6.202399,60,2785.463824,monitor_1.monitor.csv,172978
-6.430658,60,2787.846694,monitor_2.monitor.csv,173038
-5.516443,60,2789.373799,monitor.csv,173098
-5.910827,60,2790.729437,monitor_1.monitor.csv,173158
-5.793041,60,2790.730433,monitor_3.monitor.csv,173218
-5.641511,60,2792.230136,monitor_2.monitor.csv,173278
-6.02139,60,2793.722477,monitor.csv,173338
-6.050475,60,2795.048106,monitor_1.monitor.csv,173398
-5.963528,60,2795.049103,monitor_3.monitor.csv,173458
-6.263692,60,2797.342091,monitor_2.monitor.csv,173518
-5.958802,60,2798.873003,monitor.csv,173578
-7.961837,60,2800.164951,monitor_1.monitor.csv,173638
-4.394168,60,2800.164953,monitor_3.monitor.csv,173698
-6.630615,60,2801.696322,monitor_2.monitor.csv,173758
-6.12342,60,2803.154807,monitor.csv,173818
-5.925525,60,2804.412835,monitor_1.monitor.csv,173878
-6.675412,60,2804.41583,monitor_3.monitor.csv,173938
-4.839732,60,2805.908482,monitor_2.monitor.csv,173998
-6.348882,60,2808.187049,monitor.csv,174058
-8.221203,60,2810.228442,monitor_3.monitor.csv,174118
-5.491925,60,2810.232457,monitor_1.monitor.csv,174178
-6.966594,60,2811.754331,monitor_2.monitor.csv,174238
-5.670444,60,2813.203666,monitor.csv,174298
-5.347149,60,2814.52754,monitor_1.monitor.csv,174358
-6.559498,60,2814.528537,monitor_3.monitor.csv,174418
-6.072091,60,2816.085942,monitor_2.monitor.csv,174478
-5.920904,60,2819.043225,monitor.csv,174538
-5.385208,60,2820.729209,monitor_1.monitor.csv,174598
-6.146509,60,2820.730206,monitor_3.monitor.csv,174658
-6.639621,60,2823.798049,monitor_2.monitor.csv,174718
-5.963477,60,2825.755932,monitor.csv,174778
-5.850096,60,2827.182523,monitor_3.monitor.csv,174838
-5.693421,60,2827.183518,monitor_1.monitor.csv,174898
-5.78755,60,2828.630401,monitor_2.monitor.csv,174958
-6.671356,60,2831.396675,monitor.csv,175018
-4.578167,60,2832.785458,monitor_3.monitor.csv,175078
-6.773318,60,2832.800547,monitor_1.monitor.csv,175138
-5.836216,60,2834.266259,monitor_2.monitor.csv,175198
-5.12755,60,2835.737738,monitor.csv,175258
-4.148862,60,2837.140154,monitor_1.monitor.csv,175318
-6.771316,60,2837.148707,monitor_3.monitor.csv,175378
-5.781756,60,2838.581546,monitor_2.monitor.csv,175438
-6.870005,60,2840.161917,monitor.csv,175498
-6.849918,60,2843.12443,monitor_1.monitor.csv,175558
-6.027965,60,2843.125427,monitor_3.monitor.csv,175618
-8.713321,60,2844.560178,monitor_2.monitor.csv,175678
-7.909777,60,2846.171021,monitor.csv,175738
-5.845328,60,2847.522078,monitor_1.monitor.csv,175798
-7.11785,60,2847.52559,monitor_3.monitor.csv,175858
-7.151524,60,2848.95902,monitor_2.monitor.csv,175918
-4.750036,60,2850.535606,monitor.csv,175978
-5.977669,60,2852.80598,monitor_3.monitor.csv,176038
-6.284712,60,2852.809982,monitor_1.monitor.csv,176098
-7.097008,60,2854.338796,monitor_2.monitor.csv,176158
-5.520656,60,2855.960283,monitor.csv,176218
-6.00728,60,2857.407976,monitor_1.monitor.csv,176278
-6.043876,60,2857.410496,monitor_3.monitor.csv,176338
-5.49083,60,2858.865048,monitor_2.monitor.csv,176398
-5.246318,60,2860.885405,monitor.csv,176458
-5.229454,60,2862.703825,monitor_1.monitor.csv,176518
-3.918423,60,2862.707828,monitor_3.monitor.csv,176578
-7.107496,60,2865.548303,monitor_2.monitor.csv,176638
-7.672915,60,2867.1422,monitor.csv,176698
-6.165445,60,2868.484901,monitor_3.monitor.csv,176758
-6.53895,60,2868.48542,monitor_1.monitor.csv,176818
-5.953896,60,2870.081254,monitor_2.monitor.csv,176878
-6.987498,60,2871.632985,monitor.csv,176938
-5.852148,60,2872.982005,monitor_1.monitor.csv,176998
-5.885335,60,2872.985549,monitor_3.monitor.csv,177058
-6.740243,60,2875.450337,monitor_2.monitor.csv,177118
-7.687179,60,2876.859526,monitor.csv,177178
-7.941273,60,2878.235536,monitor_3.monitor.csv,177238
-6.893725,60,2878.237525,monitor_1.monitor.csv,177298
-6.178937,60,2879.706113,monitor_2.monitor.csv,177358
-5.42772,60,2881.529638,monitor.csv,177418
-4.739005,60,2882.869404,monitor_1.monitor.csv,177478
-4.321531,60,2882.87394,monitor_3.monitor.csv,177538
-5.899662,60,2885.387465,monitor_2.monitor.csv,177598
-4.94772,60,2886.950746,monitor.csv,177658
-6.858554,60,2888.367335,monitor_3.monitor.csv,177718
-6.60047,60,2888.368338,monitor_1.monitor.csv,177778
-4.883406,60,2890.070462,monitor_2.monitor.csv,177838
-6.85074,60,2891.676124,monitor.csv,177898
-6.743018,60,2893.075949,monitor_1.monitor.csv,177958
-5.271913,60,2893.077951,monitor_3.monitor.csv,178018
-5.090706,60,2894.647095,monitor_2.monitor.csv,178078
-6.62176,60,2897.00333,monitor.csv,178138
-5.485845,60,2898.461703,monitor_1.monitor.csv,178198
-4.417078,60,2898.464707,monitor_3.monitor.csv,178258
-6.842499,60,2899.907526,monitor_2.monitor.csv,178318
-6.483249,60,2901.538024,monitor.csv,178378
-5.287687,60,2902.915869,monitor_3.monitor.csv,178438
-6.80397,60,2902.917006,monitor_1.monitor.csv,178498
-6.2617,60,2904.420665,monitor_2.monitor.csv,178558
-6.177421,60,2907.308712,monitor.csv,178618
-6.335606,60,2908.911674,monitor_3.monitor.csv,178678
-5.97397,60,2908.91267,monitor_1.monitor.csv,178738
-6.237448,60,2910.339651,monitor_2.monitor.csv,178798
-5.958652,60,2912.006507,monitor.csv,178858
-5.914935,60,2914.145579,monitor_3.monitor.csv,178918
-5.993359,60,2914.145581,monitor_1.monitor.csv,178978
-6.79182,60,2916.05559,monitor_2.monitor.csv,179038
-5.800807,60,2919.024012,monitor.csv,179098
-4.101807,60,2922.907697,monitor_1.monitor.csv,179158
-5.190062,60,2922.907697,monitor_3.monitor.csv,179218
-6.863114,60,2924.566365,monitor_2.monitor.csv,179278
-6.719387,60,2926.160402,monitor.csv,179338
-4.898033,60,2927.583718,monitor_3.monitor.csv,179398
-5.910325,60,2927.583724,monitor_1.monitor.csv,179458
-7.0479,60,2929.258613,monitor_2.monitor.csv,179518
-5.959422,60,2930.86921,monitor.csv,179578
-7.092899,60,2933.155228,monitor_3.monitor.csv,179638
-5.907335,60,2933.159823,monitor_1.monitor.csv,179698
-6.749621,60,2934.854793,monitor_2.monitor.csv,179758
-6.342525,60,2936.409032,monitor.csv,179818
-6.06387,60,2937.823217,monitor_3.monitor.csv,179878
-4.426561,60,2937.826779,monitor_1.monitor.csv,179938
-6.706566,60,2939.536572,monitor_2.monitor.csv,179998
-3.841619,60,2941.140448,monitor.csv,180058
-6.043157,60,2943.52942,monitor_1.monitor.csv,180118
-5.936539,60,2943.530416,monitor_3.monitor.csv,180178
-6.701905,60,2945.24422,monitor_2.monitor.csv,180238
-5.427937,60,2946.948019,monitor.csv,180298
-5.84963,60,2948.381441,monitor_3.monitor.csv,180358
-5.818264,60,2948.384446,monitor_1.monitor.csv,180418
-6.984365,60,2950.113253,monitor_2.monitor.csv,180478
-5.736072,60,2951.773279,monitor.csv,180538
-7.007311,60,2953.376022,monitor_3.monitor.csv,180598
-3.776728,60,2953.379016,monitor_1.monitor.csv,180658
-6.6764,60,2955.989674,monitor_2.monitor.csv,180718
-5.496782,60,2957.522069,monitor.csv,180778
-4.813149,60,2959.330243,monitor_3.monitor.csv,180838
-8.547201,60,2959.331237,monitor_1.monitor.csv,180898
-5.969385,60,2961.360682,monitor_2.monitor.csv,180958
-7.77728,60,2963.127798,monitor.csv,181018
-6.002331,60,2964.592211,monitor_3.monitor.csv,181078
-6.797013,60,2964.594267,monitor_1.monitor.csv,181138
-6.094133,60,2967.035824,monitor_2.monitor.csv,181198
-5.972664,60,2968.696979,monitor.csv,181258
-7.181554,60,2970.174838,monitor_3.monitor.csv,181318
-4.210775,60,2970.175841,monitor_1.monitor.csv,181378
-6.768363,60,2971.813793,monitor_2.monitor.csv,181438
-5.914961,60,2973.492742,monitor.csv,181498
-6.005718,60,2974.968947,monitor_1.monitor.csv,181558
-5.925376,60,2974.972488,monitor_3.monitor.csv,181618
-6.482935,60,2976.584979,monitor_2.monitor.csv,181678
-5.518256,60,2979.189412,monitor.csv,181738
-5.449991,60,2980.806859,monitor_1.monitor.csv,181798
-5.483558,60,2980.808848,monitor_3.monitor.csv,181858
-5.92033,60,2982.488725,monitor_2.monitor.csv,181918
-6.898603,60,2984.153493,monitor.csv,181978
-7.435825,60,2985.640433,monitor_3.monitor.csv,182038
-7.775745,60,2985.641437,monitor_1.monitor.csv,182098
-5.651596,60,2987.2379,monitor_2.monitor.csv,182158
-5.963446,60,2989.678925,monitor.csv,182218
-5.929098,60,2991.094693,monitor_1.monitor.csv,182278
-6.101211,60,2991.094708,monitor_3.monitor.csv,182338
-5.231821,60,2992.760768,monitor_2.monitor.csv,182398
-5.215509,60,2994.700313,monitor.csv,182458
-6.646662,60,2996.381678,monitor_1.monitor.csv,182518
-6.14027,60,2996.382675,monitor_3.monitor.csv,182578
-5.861284,60,2998.034275,monitor_2.monitor.csv,182638
-5.895472,60,3000.566555,monitor.csv,182698
-6.232882,60,3002.069954,monitor_3.monitor.csv,182758
-6.954786,60,3002.070951,monitor_1.monitor.csv,182818
-7.628062,60,3003.675707,monitor_2.monitor.csv,182878
-5.37285,60,3005.371841,monitor.csv,182938
-5.950003,60,3006.828923,monitor_1.monitor.csv,182998
-5.934447,60,3006.831916,monitor_3.monitor.csv,183058
-6.429462,60,3008.422549,monitor_2.monitor.csv,183118
-5.792558,60,3010.205865,monitor.csv,183178
-6.638265,60,3012.573313,monitor_1.monitor.csv,183238
-5.928868,60,3012.57732,monitor_3.monitor.csv,183298
-7.138527,60,3014.242387,monitor_2.monitor.csv,183358
-7.887171,60,3015.896872,monitor.csv,183418
-5.998423,60,3017.341098,monitor_3.monitor.csv,183478
-6.738604,60,3017.341121,monitor_1.monitor.csv,183538
-6.820994,60,3018.969103,monitor_2.monitor.csv,183598
-4.056801,60,3020.634342,monitor.csv,183658
-7.939253,60,3023.266804,monitor_1.monitor.csv,183718
-2.638423,60,3023.266808,monitor_3.monitor.csv,183778
-6.588079,60,3024.913814,monitor_2.monitor.csv,183838
-6.458241,60,3026.545019,monitor.csv,183898
-7.031251,60,3027.967526,monitor_1.monitor.csv,183958
-4.874223,60,3027.968522,monitor_3.monitor.csv,184018
-6.024718,60,3029.558159,monitor_2.monitor.csv,184078
-5.956409,60,3031.214305,monitor.csv,184138
-6.310363,60,3032.641824,monitor_1.monitor.csv,184198
-6.000851,60,3032.645814,monitor_3.monitor.csv,184258
-5.963901,60,3035.132816,monitor_2.monitor.csv,184318
-6.688278,60,3036.752444,monitor.csv,184378
-5.04653,60,3038.206601,monitor_3.monitor.csv,184438
-5.891315,60,3038.211191,monitor_1.monitor.csv,184498
-6.673737,60,3039.810596,monitor_2.monitor.csv,184558
-5.867133,60,3041.43517,monitor.csv,184618
-6.293389,60,3042.901102,monitor_1.monitor.csv,184678
-6.209351,60,3042.905094,monitor_3.monitor.csv,184738
-5.960109,60,3045.42819,monitor_2.monitor.csv,184798
-6.460713,60,3047.069113,monitor.csv,184858
-3.570919,60,3048.518743,monitor_3.monitor.csv,184918
-6.682851,60,3048.520278,monitor_1.monitor.csv,184978
-7.103622,60,3050.129632,monitor_2.monitor.csv,185038
-6.791569,60,3051.736567,monitor.csv,185098
-6.465554,60,3053.184565,monitor_3.monitor.csv,185158
-5.464914,60,3053.192113,monitor_1.monitor.csv,185218
-5.913585,60,3055.615705,monitor_2.monitor.csv,185278
-6.085371,60,3057.274132,monitor.csv,185338
-5.804104,60,3058.790679,monitor_3.monitor.csv,185398
-6.906072,60,3058.791206,monitor_1.monitor.csv,185458
-5.815195,60,3060.393343,monitor_2.monitor.csv,185518
-7.039657,60,3062.113016,monitor.csv,185578
-7.174165,60,3063.544907,monitor_1.monitor.csv,185638
-7.281553,60,3063.545904,monitor_3.monitor.csv,185698
-5.788136,60,3065.126751,monitor_2.monitor.csv,185758
-6.619119,60,3067.741158,monitor.csv,185818
-5.41759,60,3069.300616,monitor_3.monitor.csv,185878
-6.106214,60,3069.300641,monitor_1.monitor.csv,185938
-6.841221,60,3070.969202,monitor_2.monitor.csv,185998
-7.059841,60,3072.531932,monitor.csv,186058
-8.04667,60,3074.018958,monitor_3.monitor.csv,186118
-5.978117,60,3074.019953,monitor_1.monitor.csv,186178
-5.495366,60,3075.667619,monitor_2.monitor.csv,186238
-5.914306,60,3078.211143,monitor.csv,186298
-7.085706,60,3079.668645,monitor_3.monitor.csv,186358
-6.499802,60,3079.668672,monitor_1.monitor.csv,186418
-6.487315,60,3081.165775,monitor_2.monitor.csv,186478
-4.90182,60,3082.798882,monitor.csv,186538
-6.014847,60,3084.236149,monitor_1.monitor.csv,186598
-4.693712,60,3084.237145,monitor_3.monitor.csv,186658
-5.847947,60,3085.808279,monitor_2.monitor.csv,186718
-5.861298,60,3087.398071,monitor.csv,186778
-5.942435,60,3089.883427,monitor_3.monitor.csv,186838
-5.645693,60,3089.885397,monitor_1.monitor.csv,186898
-6.715234,60,3091.499223,monitor_2.monitor.csv,186958
-5.643479,60,3093.081111,monitor.csv,187018
-7.114048,60,3094.505718,monitor_1.monitor.csv,187078
-6.089311,60,3094.508738,monitor_3.monitor.csv,187138
-6.330287,60,3096.011834,monitor_2.monitor.csv,187198
-6.762752,60,3097.576358,monitor.csv,187258
-5.035193,60,3099.842715,monitor_3.monitor.csv,187318
-6.076138,60,3099.843698,monitor_1.monitor.csv,187378
-5.532254,60,3101.64219,monitor_2.monitor.csv,187438
-5.258275,60,3103.394951,monitor.csv,187498
-6.863033,60,3104.720899,monitor_3.monitor.csv,187558
-6.480525,60,3104.72587,monitor_1.monitor.csv,187618
-6.378073,60,3106.321962,monitor_2.monitor.csv,187678
-5.861885,60,3107.803215,monitor.csv,187738
-6.303823,60,3109.994753,monitor_3.monitor.csv,187798
-6.722938,60,3109.998773,monitor_1.monitor.csv,187858
-6.942846,60,3111.427983,monitor_2.monitor.csv,187918
-5.84978,60,3112.896776,monitor.csv,187978
-5.914486,60,3114.283786,monitor_3.monitor.csv,188038
-5.453931,60,3114.292864,monitor_1.monitor.csv,188098
-5.93115,60,3115.702375,monitor_2.monitor.csv,188158
-6.304825,60,3117.242639,monitor.csv,188218
-5.169677,60,3118.646973,monitor_3.monitor.csv,188278
-4.879581,60,3118.649979,monitor_1.monitor.csv,188338
-5.678333,60,3120.899862,monitor_2.monitor.csv,188398
-5.478155,60,3122.459749,monitor.csv,188458
-8.478519,60,3123.807738,monitor_3.monitor.csv,188518
-5.98607,60,3123.81078,monitor_1.monitor.csv,188578
-5.452187,60,3125.232606,monitor_2.monitor.csv,188638
-5.714877,60,3126.727405,monitor.csv,188698
-6.408007,60,3128.155248,monitor_1.monitor.csv,188758
-6.021834,60,3128.15526,monitor_3.monitor.csv,188818
-5.050938,60,3130.374125,monitor_2.monitor.csv,188878
-6.157275,60,3131.988037,monitor.csv,188938
-6.524367,60,3133.510537,monitor_1.monitor.csv,188998
-4.235566,60,3133.516069,monitor_3.monitor.csv,189058
-6.000216,60,3135.265746,monitor_2.monitor.csv,189118
-6.453731,60,3136.815348,monitor.csv,189178
-5.915809,60,3138.24001,monitor_3.monitor.csv,189238
-6.032985,60,3138.240038,monitor_1.monitor.csv,189298
-6.565404,60,3139.931108,monitor_2.monitor.csv,189358
-6.206493,60,3142.384641,monitor.csv,189418
-6.106458,60,3143.930667,monitor_3.monitor.csv,189478
-5.374941,60,3143.930668,monitor_1.monitor.csv,189538
-6.841304,60,3145.512731,monitor_2.monitor.csv,189598
-6.171569,60,3147.212398,monitor.csv,189658
-6.01138,60,3148.679397,monitor_1.monitor.csv,189718
-6.26842,60,3148.6814,monitor_3.monitor.csv,189778
-7.133964,60,3150.301406,monitor_2.monitor.csv,189838
-5.14393,60,3152.755958,monitor.csv,189898
-6.002717,60,3154.242323,monitor_3.monitor.csv,189958
-5.876466,60,3154.244326,monitor_1.monitor.csv,190018
-6.164328,60,3155.834789,monitor_2.monitor.csv,190078
-6.010944,60,3157.640121,monitor.csv,190138
-5.734267,60,3159.134171,monitor_1.monitor.csv,190198
-6.348957,60,3159.135168,monitor_3.monitor.csv,190258
-4.654913,60,3160.744256,monitor_2.monitor.csv,190318
-6.990787,60,3163.358753,monitor.csv,190378
-5.903972,60,3164.800622,monitor_1.monitor.csv,190438
-5.442837,60,3164.805593,monitor_3.monitor.csv,190498
-6.972317,60,3166.541442,monitor_2.monitor.csv,190558
-6.884775,60,3168.157881,monitor.csv,190618
-5.866604,60,3169.636451,monitor_3.monitor.csv,190678
-4.235319,60,3169.636471,monitor_1.monitor.csv,190738
-6.251835,60,3171.222113,monitor_2.monitor.csv,190798
-5.835013,60,3172.83597,monitor.csv,190858
-3.676893,60,3175.144257,monitor_1.monitor.csv,190918
-5.292993,60,3175.148139,monitor_3.monitor.csv,190978
-5.831959,60,3176.706158,monitor_2.monitor.csv,191038
-6.544615,60,3178.33363,monitor.csv,191098
-5.979747,60,3179.85937,monitor_1.monitor.csv,191158
-6.648008,60,3179.861365,monitor_3.monitor.csv,191218
-4.854193,60,3181.578632,monitor_2.monitor.csv,191278
-6.378001,60,3183.212677,monitor.csv,191338
-7.088738,60,3185.58609,monitor_3.monitor.csv,191398
-5.930265,60,3185.586629,monitor_1.monitor.csv,191458
-8.089176,60,3187.302245,monitor_2.monitor.csv,191518
-6.503786,60,3188.931717,monitor.csv,191578
-5.443795,60,3190.690468,monitor_3.monitor.csv,191638
-5.90448,60,3190.718203,monitor_1.monitor.csv,191698
-5.446404,60,3194.467228,monitor_2.monitor.csv,191758
-5.961802,60,3196.753705,monitor.csv,191818
-6.969194,60,3198.852127,monitor_1.monitor.csv,191878
-5.891716,60,3198.853124,monitor_3.monitor.csv,191938
-6.017218,60,3201.921296,monitor_2.monitor.csv,191998
-7.123481,60,3204.328945,monitor.csv,192058
-5.943568,60,3206.559424,monitor_1.monitor.csv,192118
-5.05436,60,3206.638688,monitor_3.monitor.csv,192178
-5.493556,60,3208.615761,monitor_2.monitor.csv,192238
-7.193716,60,3210.450518,monitor.csv,192298
-7.261082,60,3211.943197,monitor_3.monitor.csv,192358
-4.859736,60,3211.947711,monitor_1.monitor.csv,192418
-4.609685,60,3214.531959,monitor_2.monitor.csv,192478
-7.060655,60,3216.073281,monitor.csv,192538
-6.361318,60,3217.551944,monitor_1.monitor.csv,192598
-6.562589,60,3217.553952,monitor_3.monitor.csv,192658
-5.939615,60,3219.26074,monitor_2.monitor.csv,192718
-5.930006,60,3220.846376,monitor.csv,192778
-5.784899,60,3222.415222,monitor_1.monitor.csv,192838
-7.927554,60,3222.416219,monitor_3.monitor.csv,192898
-6.291088,60,3225.08184,monitor_2.monitor.csv,192958
-5.949402,60,3226.699608,monitor.csv,193018
-6.009713,60,3228.231921,monitor_3.monitor.csv,193078
-5.667279,60,3228.241481,monitor_1.monitor.csv,193138
-6.424766,60,3229.941644,monitor_2.monitor.csv,193198
-6.397968,60,3231.519057,monitor.csv,193258
-7.057617,60,3233.004746,monitor_1.monitor.csv,193318
-6.635572,60,3233.007786,monitor_3.monitor.csv,193378
-6.624267,60,3234.802341,monitor_2.monitor.csv,193438
-7.050481,60,3237.223157,monitor.csv,193498
-5.969368,60,3238.675354,monitor_3.monitor.csv,193558
-5.151626,60,3238.683911,monitor_1.monitor.csv,193618
-6.604205,60,3240.383872,monitor_2.monitor.csv,193678
-6.680135,60,3242.02093,monitor.csv,193738
-6.863331,60,3243.481628,monitor_1.monitor.csv,193798
-6.052472,60,3243.485596,monitor_3.monitor.csv,193858
-6.109734,60,3245.242181,monitor_2.monitor.csv,193918
-5.881122,60,3247.774045,monitor.csv,193978
-6.584733,60,3249.251147,monitor_1.monitor.csv,194038
-5.513569,60,3249.252144,monitor_3.monitor.csv,194098
-7.696619,60,3250.88238,monitor_2.monitor.csv,194158
-5.623027,60,3252.525306,monitor.csv,194218
-5.84569,60,3254.0939,monitor_1.monitor.csv,194278
-5.413959,60,3254.095896,monitor_3.monitor.csv,194338
-5.477009,60,3255.850972,monitor_2.monitor.csv,194398
-5.810745,60,3257.475175,monitor.csv,194458
-6.576076,60,3259.771528,monitor_1.monitor.csv,194518
-6.08515,60,3259.772525,monitor_3.monitor.csv,194578
-8.667582,60,3261.523409,monitor_2.monitor.csv,194638
-6.031975,60,3263.081934,monitor.csv,194698
-4.281556,60,3264.47787,monitor_3.monitor.csv,194758
-7.643714,60,3264.48336,monitor_1.monitor.csv,194818
-6.017476,60,3265.933445,monitor_2.monitor.csv,194878
-5.158299,60,3267.555861,monitor.csv,194938
-7.261053,60,3269.873475,monitor_3.monitor.csv,194998
-6.700485,60,3269.873476,monitor_1.monitor.csv,195058
-6.162218,60,3271.306554,monitor_2.monitor.csv,195118
-5.928485,60,3272.858899,monitor.csv,195178
-5.511041,60,3274.265756,monitor_1.monitor.csv,195238
-6.436744,60,3274.266753,monitor_3.monitor.csv,195298
-4.545993,60,3275.973815,monitor_2.monitor.csv,195358
-6.622965,60,3277.574255,monitor.csv,195418
-7.073951,60,3279.903283,monitor_1.monitor.csv,195478
-6.578701,60,3279.90428,monitor_3.monitor.csv,195538
-6.234412,60,3281.665142,monitor_2.monitor.csv,195598
-5.82434,60,3283.275834,monitor.csv,195658
-5.696379,60,3284.742474,monitor_1.monitor.csv,195718
-8.406686,60,3284.746459,monitor_3.monitor.csv,195778
-5.794316,60,3286.424482,monitor_2.monitor.csv,195838
-6.506536,60,3288.035706,monitor.csv,195898
-5.979685,60,3289.488314,monitor_1.monitor.csv,195958
-6.3575,60,3289.492301,monitor_3.monitor.csv,196018
-8.017436,60,3292.024946,monitor_2.monitor.csv,196078
-7.951532,60,3293.848707,monitor.csv,196138
-5.352906,60,3295.502503,monitor_1.monitor.csv,196198
-6.193573,60,3295.5035,monitor_3.monitor.csv,196258
-5.471433,60,3297.140526,monitor_2.monitor.csv,196318
-5.885273,60,3298.782506,monitor.csv,196378
-6.968948,60,3300.245292,monitor_1.monitor.csv,196438
-3.913902,60,3300.246289,monitor_3.monitor.csv,196498
-6.403876,60,3302.69096,monitor_2.monitor.csv,196558
-6.015871,60,3304.364082,monitor.csv,196618
-5.098624,60,3305.803452,monitor_1.monitor.csv,196678
-5.818706,60,3305.806443,monitor_3.monitor.csv,196738
-6.07014,60,3307.768698,monitor_2.monitor.csv,196798
-5.237826,60,3309.485907,monitor.csv,196858
-5.813482,60,3311.214929,monitor_1.monitor.csv,196918
-5.822434,60,3311.217973,monitor_3.monitor.csv,196978
-8.50213,60,3312.921454,monitor_2.monitor.csv,197038
-7.382375,60,3315.527729,monitor.csv,197098
-5.83992,60,3316.910558,monitor_3.monitor.csv,197158
-5.44892,60,3316.918473,monitor_1.monitor.csv,197218
-5.447579,60,3318.561784,monitor_2.monitor.csv,197278
-6.457461,60,3320.100788,monitor.csv,197338
-6.435523,60,3321.891152,monitor_3.monitor.csv,197398
-5.153881,60,3321.891159,monitor_1.monitor.csv,197458
-4.57666,60,3323.950979,monitor_2.monitor.csv,197518
-5.646142,60,3326.470817,monitor.csv,197578
-7.75137,60,3327.902084,monitor_3.monitor.csv,197638
-6.938468,60,3327.90308,monitor_1.monitor.csv,197698
-6.523529,60,3329.607067,monitor_2.monitor.csv,197758
-6.03392,60,3331.16101,monitor.csv,197818
-5.827165,60,3332.642716,monitor_3.monitor.csv,197878
-5.64492,60,3332.646808,monitor_1.monitor.csv,197938
-6.852222,60,3334.364534,monitor_2.monitor.csv,197998
-5.936149,60,3336.845023,monitor.csv,198058
-7.021313,60,3338.32577,monitor_3.monitor.csv,198118
-6.000377,60,3338.326775,monitor_1.monitor.csv,198178
-4.734761,60,3339.873561,monitor_2.monitor.csv,198238
-5.679535,60,3341.407091,monitor.csv,198298
-8.120416,60,3342.775197,monitor_3.monitor.csv,198358
-5.989709,60,3342.777193,monitor_1.monitor.csv,198418
-5.267296,60,3344.344393,monitor_2.monitor.csv,198478
-6.281917,60,3345.969572,monitor.csv,198538
-5.944996,60,3348.441587,monitor_1.monitor.csv,198598
-5.331902,60,3348.454127,monitor_3.monitor.csv,198658
-4.031851,60,3350.07605,monitor_2.monitor.csv,198718
-6.422488,60,3351.645983,monitor.csv,198778
-6.03755,60,3353.10128,monitor_3.monitor.csv,198838
-5.720836,60,3353.10228,monitor_1.monitor.csv,198898
-6.090394,60,3354.61896,monitor_2.monitor.csv,198958
-6.425844,60,3356.319108,monitor.csv,199018
-5.92818,60,3358.637795,monitor_1.monitor.csv,199078
-7.16426,60,3358.638791,monitor_3.monitor.csv,199138
-6.400785,60,3360.186529,monitor_2.monitor.csv,199198
-5.506613,60,3361.765428,monitor.csv,199258
-6.441577,60,3363.187904,monitor_3.monitor.csv,199318
-5.517894,60,3363.193928,monitor_1.monitor.csv,199378
-5.855076,60,3364.688213,monitor_2.monitor.csv,199438
-7.145481,60,3366.271139,monitor.csv,199498
-7.534107,60,3367.640105,monitor_3.monitor.csv,199558
-7.814256,60,3367.645276,monitor_1.monitor.csv,199618
-5.745565,60,3370.008609,monitor_2.monitor.csv,199678
-6.907126,60,3371.597979,monitor.csv,199738
-5.930074,60,3373.018338,monitor_1.monitor.csv,199798
-5.458066,60,3373.020848,monitor_3.monitor.csv,199858
-6.176516,60,3374.468088,monitor_2.monitor.csv,199918
-5.680125,60,3376.024424,monitor.csv,199978
-5.597271,60,3377.415434,monitor_1.monitor.csv,200038
-6.969315,60,3377.417452,monitor_3.monitor.csv,200098
