#{"t_start": 1785332048.984726, "env_id": "None"}
r,l,t,success,freeze_attempted,d_m,alpha_deg
-0.441445,22,25.955633,True,True,0.0027594052940178547,15.658422441329929
-0.4001,35,40.41362,True,True,0.0028095825754588435,13.816407919262133
-0.351574,17,45.751768,True,True,0.011957375150201599,11.698709847252314
9.106772,3,47.922363,True,True,0.002133416023076991,0.9654371737954615
-9.496968,60,92.36912,False,True,0.003677333972145081,18.341530171944832
-1.305565,32,3456.861875,True,True,0.007176517137109005,13.542622330291332
7.784459,9,3468.622941,True,True,0.005569218352557891,3.176159097007011
-7.839604,35,3480.192817,True,True,0.00041835911207663756,10.359302938148595
-1.773906,29,3491.892131,True,True,0.0012780961472464271,13.979257830736623
0.768468,24,3501.300584,True,True,0.002471977081239529,9.678351173319738
-0.459671,24,3514.527414,True,True,0.005177473233417841,13.275594776101144
9.908449,1,3515.886605,True,True,1.6333219601552431e-12,0.0025643881341447746
8.258428,9,3519.28474,True,True,0.0028421468006179056,1.8144321341666247
4.719705,16,3522.141497,True,True,0.002679268331993503,5.950399323726522
5.672757,15,3523.746849,True,True,0.007644870412147295,4.236616045594632
8.056049,1,3524.784109,True,True,0.003647071813501851,3.351397281609045
3.307313,23,3529.670238,True,True,0.007007329150809425,7.152173068217381
1.618544,2,3533.238401,True,True,0.0027489755709103753,14.759507176909981
1.045991,16,3546.832349,True,True,0.005915420715817516,13.312836801534482
3.098779,3,3549.246337,True,True,0.005903527561512759,11.367720823699152
7.444045,7,3552.988051,True,True,0.0044726639932301665,3.34366151969823
-1.893733,16,3557.687521,True,True,0.00013176332100959696,17.091888176401323
7.69026,5,3559.107268,True,True,0.002884415123543621,3.5290446480312654
8.324277,1,3560.227944,True,True,0.00349724237035011,2.868297404640255
7.072759,19,3567.528282,True,True,0.00277170883439205,2.0790896498713156
-1.138088,48,3583.481116,True,True,0.011403464974300698,1.3043657168901326
3.317559,9,3588.360693,True,True,0.004322604393553433,7.726901439784792
-16.938243,60,3618.253234,False,True,0.011692707011470675,23.002326285143592
5.507879,3,3619.691481,True,True,0.0025894371850717496,7.7731953532062
6.753977,20,3633.686158,True,True,0.0017678709218088458,3.015364800365445
-5.324247,30,3653.426763,True,True,0.002371286321718788,15.066779442595367
8.572593,2,3657.555619,True,True,0.006545058714605896,2.0831238591476056
5.666959,9,3663.691054,True,True,0.0003217547712432711,6.301094671839071
7.508218,7,3667.736353,True,True,5.545305730105572e-10,2.8328944334354764
7.325108,3,3674.082838,True,True,0.006064306833575853,4.377616063180401
7.756542,2,3676.104873,True,True,0.0054251139591762875,3.7532136087617713
5.991226,2,3677.79807,True,True,1.3279876504013188e-10,5.963619189580333
7.652371,9,3688.042402,True,True,0.005433053658630518,1.9557493608337602
7.52533,3,3690.891212,True,True,0.0009973223595728213,2.794681182830342
6.865806,5,3696.423114,True,True,0.002438457346922829,4.210843977794684
7.196634,4,3701.838019,True,True,0.0028060461497955626,4.028180811297026
6.368384,8,3706.713022,True,True,5.7753481719213795e-09,4.168495569763592
6.362986,5,3710.211976,True,True,0.004762059286326257,6.654536665840984
6.091057,6,3714.771884,True,True,0.00514982111387724,4.974786897844897
10.445541,2,3716.127628,True,True,1.0053001371426295e-05,0.009096819065430986
9.607639,2,3717.931383,True,True,1.903054598780664e-09,0.3039884749959071
8.526648,16,3730.696844,True,True,0.0044859491015568605,1.34007877563645
6.539356,6,3739.211247,True,True,0.0019012337537139396,5.206264472874684
7.787191,4,3743.813173,True,True,0.0020784362796833116,2.2906021282950473
-23.272933,60,3798.140842,False,True,0.036250223404683084,12.646522716504965
8.359754,8,3803.699695,True,True,0.00094593190525823,2.708061969656806
4.81306,8,3813.605531,True,True,0.0025467228602746896,7.635976512146148
6.576971,7,3823.017147,True,True,0.007580604088273563,3.9852014198080483
8.277201,1,3825.388681,True,True,2.0392266000812675e-11,2.950394888280462
8.241301,1,3827.554771,True,True,0.00011146939905649911,3.0121849304588673
9.42299,1,3829.275836,True,True,0.0042561751136774425,0.8829919097738058
3.650931,1,3830.952147,True,True,0.005068136155026113,11.304620178955942
9.101013,1,3832.992032,True,True,0.0038054321464543323,1.4666911647301688
5.118468,6,3842.614716,True,True,7.1586347960561625e-12,6.591173049192655
8.57807,3,3846.535823,True,True,1.67523564464922e-10,2.094956637534304
-28.588923,60,3903.216498,False,True,0.02098072848929938,26.175593926435734
5.524335,4,3904.953104,True,True,0.009785558019544328,7.36880380726696
4.190789,4,3908.44349,True,True,0.004224601894039472,8.360886482106121
3.269534,5,3914.850012,True,True,0.0032413177835741644,10.262891120554917
6.125781,1,3916.483481,True,True,0.0002204507313090312,6.835431672723307
4.110294,19,3931.00975,True,True,0.001201318110396864,6.82472922469252
1.337369,3,3932.659538,True,True,0.0006910938241730322,14.680515167545733
8.68393,9,3938.943337,True,True,0.0042068756107112425,1.5083970712023897
5.082613,2,3942.14434,True,True,0.001126966590600121,8.391959598032173
7.971285,3,3946.637776,True,True,0.00025328279170106285,3.152946258450483
6.224473,3,3953.52533,True,True,0.006063299666134794,5.029386234520268
-0.138847,18,3967.612723,True,True,0.00891664253632078,11.653339407763966
-1.191356,9,3975.360443,True,True,0.0071918087067768385,15.894896322723634
6.546445,4,3981.169746,True,True,0.004603557572991773,3.926914337371107
7.205127,3,3984.741572,True,True,7.877407969794758e-10,4.241662453918956
8.359385,5,3987.736497,True,True,2.955770253094958e-05,1.9101213560149317
-0.597371,5,3990.967697,True,True,0.00246373379620282,16.394617910279845
9.905848,1,3992.432518,True,True,4.638871705276175e-11,0.0025623922008689358
7.478867,2,3994.432447,True,True,0.010553785270241648,4.235304372336496
7.904004,1,3996.214724,True,True,0.004258056127187086,3.6289777341597085
8.636691,2,3997.985339,True,True,7.22385464368237e-05,1.515046386539018
4.547459,11,4007.705361,True,True,0.0035936892218451227,7.387445464406856
-4.351115,8,4012.984826,True,True,0.009265315557649003,16.837208408098903
6.591066,2,4014.51081,True,True,9.04221890822756e-05,5.446570617683611
8.822725,3,4017.940181,True,True,0.0012050540731807521,1.2722269703910731
6.718706,2,4021.399897,True,True,0.0011026399337462356,5.25875014577534
8.022766,8,4027.261734,True,True,0.005090552260479183,4.159772247997102
6.971049,1,4029.441533,True,True,0.004293710146653348,5.313606944333077
4.677505,5,4038.985465,True,True,0.0006118552845499497,7.7576613869540605
8.881884,2,4043.599834,True,True,0.006035925434103813,1.7172549856756052
0.812437,13,4055.18985,True,True,0.003693566970121768,11.334169179914904
6.249224,3,4057.711515,True,True,0.00024165496986943403,5.382498014311678
8.301978,1,4060.399631,True,True,1.1406156921744959e-10,2.9056377364528845
8.550426,3,4068.277782,True,True,0.005068942769207153,2.2582817318509845
8.070398,3,4072.67733,True,True,2.2214542705345508e-11,3.3510754881054496
4.380988,16,4091.933906,True,True,0.006000101342229027,6.687193923822636
8.741322,1,4093.814041,True,True,0.0022520714738110707,2.114353439097446
5.168792,9,4105.301549,True,True,3.5570880671385056e-10,6.3271296724590425
5.137459,2,4107.381196,True,True,0.005871735731913784,7.752675344417141
2.419745,2,4109.20264,True,True,0.0001269351117961547,13.076049911855257
5.175687,9,4122.586361,True,True,3.2384210590929996e-10,6.3276847619325745
1.079222,6,4127.977962,True,True,0.00566114200444334,14.447170179261674
7.965835,3,4133.03451,True,True,0.00010930996654741343,2.7312541727254964
5.57125,4,4138.039738,True,True,0.002367874511753989,6.814395646239766
2.477158,3,4141.575114,True,True,0.011723823020740279,12.844928425303035
6.781269,1,4143.290467,True,True,3.539828703176713e-05,5.6519279835697755
10.413018,5,4146.970023,True,True,8.549725927231577e-10,0.44559826132002595
7.443177,2,4150.710813,True,True,0.0012564305258576276,4.188863902223746
9.773523,3,4156.07295,True,True,0.00023641525136237473,1.1142020927229277
6.511809,1,4158.199604,True,True,1.7812117920185631e-06,6.138368687263804
7.542589,5,4160.391577,True,True,5.444847996517038e-07,3.70341116278325
8.997109,7,4163.195584,True,True,0.0028558372799727255,1.2465990977975112
8.861765,3,4164.681071,True,True,0.011623831501918836,1.7422289945701182
-31.605505,36,4198.958033,True,True,0.00789947893533551,17.574881607210234
2.438303,4,4205.16751,True,True,0.0029750854911453958,12.49408071900013
3.333254,3,4211.147682,True,True,1.0860597143835804e-11,11.009763241586425
0.042296,4,4215.224985,True,True,0.002945087850348556,16.955253777551103
5.944118,2,4217.127528,True,True,0.007178947848623277,7.129566336843244
7.651807,1,4219.194975,True,True,0.005786150792863793,4.086184501655463
0.684946,1,4221.152096,True,True,0.00486012254471939,16.65230161317863
8.908049,3,4227.393793,True,True,0.0061360669330796,1.494979525860806
7.534667,1,4228.943581,True,True,0.005620954715153613,4.294668363542422
8.763185,1,4230.689614,True,True,0.004365052893260266,2.0771463237168346
4.682078,1,4233.327679,True,True,0.004817766867828747,9.444514512837854
4.029264,3,4236.650168,True,True,0.004404885942917794,10.360356955153922
9.908582,1,4238.278443,True,True,2.435687172785972e-10,0.0025625951637712496
8.530019,4,4243.859452,True,True,0.003629428468385605,3.254191945998572
8.093048,4,4247.371576,True,True,0.0004423630870251903,2.835224406571214
6.627678,9,4254.758867,True,True,0.0010616694456531857,4.465959663115231
-38.352374,60,4294.64101,False,True,0.008431593454789603,35.66983208658963
9.875935,1,4295.730087,True,True,4.8111996396106235e-05,0.0616445029763473
6.260467,8,4303.272661,True,True,7.487776403702906e-05,3.857618770097734
9.90858,1,4304.347369,True,True,2.2051657513566462e-10,0.002567317371389696
6.797002,14,4311.944109,True,True,0.0022309013760141174,3.004056439127713
3.292691,3,4315.342266,True,True,0.008114261686101326,9.059099124896909
-44.144645,60,4362.093132,False,True,0.03448982117832468,6.419860427661649
8.492277,2,4364.761075,True,True,1.9914987834598137e-10,2.426441926579053
5.562558,5,4368.672755,True,True,0.005593984811675845,6.628456390116571
9.956245,3,4371.527359,True,True,0.0003662147518997966,0.5079510807429323
8.17909,2,4372.954939,True,True,1.672854660983352e-12,3.0004623687916037
7.195415,2,4374.532809,True,True,1.556794693158281e-10,4.234473931730832
9.538106,2,4377.753076,True,True,1.8476416990792321e-09,0.3013595667551261
-0.307261,15,4390.085535,True,True,0.002993366800125091,13.611409141719678
9.90858,1,4391.484264,True,True,1.7914642457122146e-10,0.0025667237544102165
-34.889665,60,4409.197339,False,True,0.01426894973138079,64.44299873287892
9.437737,1,4410.502398,True,True,0.004272480589086529,0.8591927478598159
8.509101,1,4411.789034,True,True,0.0026048275609969174,2.533885721730529
8.926066,2,4413.010347,True,True,0.002296739670739227,2.3121275913278803
9.898537,1,4414.62739,True,True,7.670474847878942e-11,0.01751269814834449
3.846194,5,4421.534229,True,True,0.0052879164950059565,8.15615567506571
8.36074,1,4423.171068,True,True,9.754944545591407e-05,2.794772961556452
8.280123,3,4426.134636,True,True,0.0025165996766663215,2.5146258955717826
1.369035,5,4430.352098,True,True,0.004908559676575009,15.136234403916044
7.243181,1,4432.159915,True,True,0.0048900411886589334,4.822559356233527
1.004152,1,4433.395223,True,True,0.007065018913927894,16.07799508184235
-0.295161,6,4438.071355,True,True,0.004733490519784528,17.54907527364664
7.090725,3,4442.017917,True,True,0.011422545618991016,2.5578562579915767
6.409607,5,4447.452279,True,True,0.002130375284805449,4.809140643347822
9.173816,9,4456.66002,True,True,0.0041713544710306714,0.8505554841145847
8.445555,2,4459.503875,True,True,1.4296005351743801e-11,3.3099164087795523
8.394716,6,4464.87156,True,True,2.8121190132090165e-09,2.098085687511625
8.249655,1,4466.479859,True,True,5.924919614274932e-10,3.0001531789178735
2.553061,6,4472.309031,True,True,0.005182539959172561,11.80462499536073
3.798652,1,4474.033035,True,True,2.7850079611688497e-05,11.034557574509332
8.275041,1,4475.553122,True,True,2.8702151766424322e-11,2.9523917680670726
9.906863,1,4476.986825,True,True,9.711084455777094e-09,0.0025629006445469873
6.841571,3,4479.972605,True,True,0.001619835537887867,4.782996136264388
-0.011055,9,4483.141586,True,True,0.0002825009744994965,16.911131184860785
7.56068,1,4484.519975,True,True,0.00010337380808567512,4.244646393033334
8.16599,2,4487.235049,True,True,8.13174822193246e-12,2.9999284904521573
7.169773,3,4490.028858,True,True,0.005402095301147977,4.035078330374071
1.087918,6,4493.901417,True,True,2.002621917933248e-05,15.06339687725474
-32.737502,60,4532.364267,False,True,0.007344575436640976,25.331903055682766
6.859553,9,4537.552722,True,True,0.004224170930128683,3.790508617803933
7.383061,1,4538.892529,True,True,0.0009792468074905018,4.565903437282179
0.784475,11,4545.606436,True,True,0.0017189514956891991,12.123500357825812
2.215896,1,4546.930237,True,True,0.005044919207182511,13.892380215342515
6.7256,4,4548.454807,True,True,0.0029332214369322683,4.627105918245687
5.356535,10,4555.019714,True,True,0.005035356658431467,4.6416080095942105
-6.183527,13,4562.597827,True,True,0.009033414176222356,13.656779764835342
-31.085132,60,4604.820526,False,True,0.02737128437209673,5.7825572631785676
8.726763,5,4611.09497,True,True,0.007288689382734752,1.5563585957875365
6.349158,7,4619.718139,True,True,0.005193418510819808,4.835858457687709
7.016862,1,4621.067769,True,True,0.0042550415580210514,5.226391357111435
9.908123,1,4622.430025,True,True,8.313889131793308e-10,0.0025624513704108976
3.174341,2,4623.978508,True,True,0.0006002288465666947,11.50431436852069
7.582005,3,4627.775282,True,True,1.6681753201019944e-10,2.953164305538832
8.110797,1,4629.429636,True,True,0.0015369762302932417,3.2527835160945657
7.885646,6,4633.531633,True,True,0.006129908136902179,1.5062152088071128
-20.635433,25,4659.803051,True,True,0.004984265873779569,16.98360129823079
9.89947,1,4661.065273,True,True,2.564185879686681e-10,0.019034125133302056
3.564091,3,4664.042561,True,True,0.00013460927462623923,10.654320261646612
9.816879,2,4666.525114,True,True,4.129711156375393e-11,0.0025624253416701337
3.711776,8,4675.889852,True,True,0.006038144668240166,7.377987894718233
8.273171,1,4677.199208,True,True,2.4424642056692855e-05,2.957703788597238
7.215395,1,4678.798821,True,True,0.004824715652970262,4.873051562230231
7.897557,5,4682.595885,True,True,5.0690565437220586e-11,2.1020093728402913
7.01669,3,4684.972419,True,True,6.570733553645791e-07,5.206495069803381
3.966387,9,4691.639934,True,True,8.475080606114814e-05,7.9669963116256
6.837112,1,4692.92199,True,True,1.132636375997774e-05,5.551081506751296
7.654352,7,4698.275473,True,True,0.009184363592912019,3.758830968563623
2.674879,9,4702.622683,True,True,0.005470199203603656,11.19881952934994
6.567004,1,4704.004972,True,True,0.0002731452937267337,6.038998334876477
9.818001,2,4705.209389,True,True,6.28659218735027e-10,0.0025650905638516675
6.377171,5,4710.171704,True,True,0.002693914628107058,5.6240844067374125
7.019486,1,4711.413523,True,True,0.00619116312833985,5.227994265960095
9.455978,1,4712.67412,True,True,0.0028689332231653653,0.8216954566246413
10.39624,2,4714.156731,True,True,2.20526278704336e-12,0.29466018495845153
9.254341,1,4715.525314,True,True,6.903925569400515e-05,1.1850750307364744
8.152901,3,4718.352071,True,True,0.004771018192910562,4.13564669952092
8.750351,3,4719.919695,True,True,0.0014551728393483348,2.0106102802883146
6.640855,5,4725.490836,True,True,0.0033033842907635447,5.535249190281735
8.1611,2,4726.78328,True,True,0.006029553014840688,3.0229640349534517
0.846472,6,4729.553253,True,True,8.65358193642571e-06,15.581769595863896
7.015011,1,4730.766593,True,True,0.002968953532849439,5.232560749308614
3.026615,3,4732.171203,True,True,0.002159327491400373,12.000381368007647
6.923067,2,4733.618243,True,True,0.005310142194807167,5.26314311897053
7.166205,2,4734.860046,True,True,0.004887378320869869,3.98445084903996
7.951122,1,4736.089801,True,True,0.004240560715984861,3.5401630971469835
1.731812,4,4740.125775,True,True,0.00489937259282992,14.233015244416261
8.741294,1,4741.486549,True,True,3.188205810467082e-10,2.107700296077554
-1.351877,9,4750.29829,True,True,0.004590420428939347,16.047206668040563
-34.979274,60,4809.868107,False,True,0.0062421012418480085,31.245239344055758
9.143166,1,4811.231672,True,True,0.004504172218110401,1.391621034768652
8.353347,1,4812.55244,True,True,3.0409627004013284e-09,2.812844798801553
7.200345,1,4813.973428,True,True,0.010632166649191288,4.903551776068879
6.65331,1,4815.490678,True,True,0.00010749478552391466,5.880199092738962
8.090502,3,4818.025358,True,True,0.006179112996198284,1.5116174539161347
8.339287,1,4819.581137,True,True,0.002431404620744204,2.8352667028060576
9.908147,1,4821.047943,True,True,7.700956964382783e-10,0.0025634203617276507
9.908572,1,4822.394772,True,True,4.7551914472704e-10,0.0025810944233768773
8.65989,2,4824.004013,True,True,9.395624754168904e-05,1.621681709225745
7.939174,3,4827.390074,True,True,0.0028690816934487657,4.44935077676564
6.12794,1,4828.848649,True,True,0.0007725190975483064,6.823383156475502
7.810686,1,4830.264659,True,True,2.895198240729954e-05,3.792703845818015
6.198192,1,4831.645748,True,True,9.569634534816002e-05,6.703897668538089
9.588935,1,4832.867311,True,True,0.003108570961535756,0.5845189188162583
4.486456,3,4836.659906,True,True,0.006108670232963763,7.6083781864933036
-53.699974,60,4894.841836,False,True,0.001374404835675678,38.73498417950621
8.990018,1,4896.203781,True,True,2.502778585830389e-12,1.6579292562815606
9.758579,1,4897.271645,True,True,0.0015119562645579572,0.27581472792015066
8.135799,2,4899.827134,True,True,0.002051529921493778,2.9262121598744213
8.990168,1,4901.110302,True,True,0.005535093824924356,1.6655652631523183
8.038246,2,4902.243949,True,True,0.002538999315332582,3.27432481529556
9.473159,1,4903.595937,True,True,0.002580194334007451,0.792100495264327
8.000891,4,4907.153568,True,True,0.004026092903739972,2.684629451510466
8.15955,1,4908.319978,True,True,0.003455019563893046,3.1665264385308234
9.906197,1,4909.544417,True,True,3.943792140082003e-09,0.0025672179951908643
8.818791,2,4910.88412,True,True,9.829789898718744e-10,1.321003293243029
7.47996,1,4911.948649,True,True,0.0032915716249246746,4.393865934444441
8.14092,1,4913.292713,True,True,0.005833263767334146,3.198237913764675
6.311948,3,4917.016909,True,True,0.0048597315627384174,5.513376105629962
4.215805,2,4918.38005,True,True,0.0007503438549691646,10.369350073354164
7.346491,2,4919.841242,True,True,7.439220154364808e-05,3.0306696493474377
8.813799,1,4921.098684,True,True,0.004796507661780135,1.986500657412428
5.34347,5,4923.629168,True,True,0.005891620572841276,7.3626444067830805
9.908574,1,4924.986697,True,True,6.715983087590833e-11,0.0025767157393802695
-46.848732,60,4962.676662,False,True,0.003060457070304652,56.917076015826424
-11.965499,42,4973.414906,True,True,0.007108696518804866,12.364703564427877
6.769425,2,4976.043696,True,True,0.004996627860168292,5.1568352933313655
8.125926,2,4978.601645,True,True,7.746264254715806e-05,3.0590595540746017
8.565739,3,4981.189234,True,True,0.0005262010843748444,2.2463978899321138
6.839342,4,4984.852433,True,True,0.00484370779257503,4.4626047398901365
9.750472,2,4987.335133,True,True,2.6081650689753334e-11,0.08955620118992373
8.191636,2,4989.779593,True,True,0.005301465209244974,1.9153669202605168
7.829758,5,4992.458288,True,True,0.005383503150281799,1.9098998858911458
8.78055,1,4993.646078,True,True,0.002621670640724413,2.037204739727089
8.161194,1,4994.828065,True,True,0.0015730016742070852,3.161803098451914
0.28106,3,4996.042743,True,True,0.0018051394237258954,16.793950837167465
7.121196,2,4997.551476,True,True,0.00044399617808230096,3.7697663457230517
6.628107,4,5000.142772,True,True,0.006307495298777572,6.106521226100185
8.341571,1,5001.401104,True,True,0.007468467177404875,2.8421915270007507
6.879599,3,5002.703815,True,True,0.0059302794982474755,5.049948411918856
9.232086,1,5004.087649,True,True,9.512900189800888e-11,1.2244840945776414
8.07566,3,5006.574811,True,True,2.04126817879291e-10,3.000000355999048
-33.606453,60,5060.308056,False,True,0.00366091131476691,38.42011343500025
9.908234,1,5061.919415,True,True,1.221217877098109e-09,0.002565434816321053
8.357459,3,5065.278752,True,True,3.039384438574544e-10,2.9792001335469753
6.812486,1,5066.974088,True,True,0.006036480606982593,5.598154803703467
7.184895,4,5073.530617,True,True,0.010206439081081986,4.570020931192858
8.249496,1,5075.264046,True,True,8.462165418991218e-11,3.0000951038975656
3.440831,1,5076.78268,True,True,0.005214981984913178,11.683631093852599
8.248539,1,5078.360295,True,True,2.2155201805096336e-10,2.9995082307805387
9.908581,1,5079.971574,True,True,1.1674929079052987e-09,0.0025644306292908104
3.986893,2,5083.000444,True,True,0.002499039737586058,10.688159591613166
1.162727,2,5086.277279,True,True,0.0049295076827648755,15.551579379704894
1.903258,3,5091.543698,True,True,0.00018008721942697512,13.51911275483052
6.684292,1,5093.129245,True,True,0.006392895499792908,5.832077461292557
9.043901,10,5101.255797,True,True,0.004227813470348399,0.8485761649305195
1.617216,4,5105.824608,True,True,0.0029913862425116136,14.378609609877577
3.198027,7,5114.113163,True,True,0.00489322812071785,10.043859541349342
7.38498,3,5117.2782,True,True,0.006163501904556082,4.378403217183325
9.906255,1,5118.930143,True,True,2.4308359360510363e-11,0.00256237655484818
3.325709,2,5122.294549,True,True,0.0006579768770616813,11.510403596062154
9.128481,1,5123.885152,True,True,0.005880595375162883,1.4163585262492469
9.223329,1,5125.558269,True,True,0.0028805020887495165,1.2446105480008731
7.55741,3,5127.336197,True,True,0.00038136620468412485,3.720773914174578
6.423163,13,5140.467659,True,True,0.002356384658557183,3.7578268761734357
8.265803,1,5142.141366,True,True,0.0030192214720188974,2.9712226265651753
8.596064,1,5143.826722,True,True,0.00193825117211191,2.376273520731424
7.123409,8,5148.751024,True,True,0.00015370833502986736,5.9213460607511355
8.170983,2,5150.422186,True,True,0.00018884111581996316,2.9751020591326913
9.140762,1,5151.827203,True,True,0.002334589965801803,1.3932629489021273
6.963149,1,5153.377181,True,True,0.004199577481200634,5.327775801600098
0.33368,1,5154.827303,True,True,0.00044902031173878025,17.28326948315649
8.919711,2,5158.147787,True,True,0.0007524416103894983,1.4526155781910601
9.905619,1,5159.961478,True,True,2.6253280105414945e-10,0.002562347253861416
7.508411,1,5161.589211,True,True,9.970192095441928e-05,4.339035033043076
0.454678,1,5163.390559,True,True,0.0025727183171993604,17.066240702378163
8.084411,3,5166.868065,True,True,5.507661243539776e-05,2.976351313173874
7.860963,2,5168.437387,True,True,0.0007735646536932324,3.4148906419287397
8.813184,2,5169.934846,True,True,0.0013111680499875425,1.3829053512991092
7.625251,5,5173.460937,True,True,0.0041043064312340505,2.658753322289887
7.629251,1,5175.074931,True,True,0.006014400580918542,4.126704010266852
9.90679,1,5176.867126,True,True,4.776322889395031e-10,0.002565252537338506
9.837016,1,5178.435104,True,True,1.2271573565569923e-11,0.1244937369209942
9.676172,2,5181.688485,True,True,0.0002488435642267387,0.13580772847713887
-0.961761,5,5186.122655,True,True,0.004077675070732751,16.86860358801364
3.813029,1,5187.740528,True,True,0.004703925040738524,11.012013501744823
7.212426,4,5194.005623,True,True,0.00787551786474473,4.298814681695251
3.217198,6,5202.560075,True,True,0.0007991815321439034,9.313861257532796
6.338453,8,5206.255871,True,True,0.009115925076905873,5.172872883859622
7.068104,5,5214.248108,True,True,0.0003037646114085052,4.253867736948327
0.309064,4,5217.407746,True,True,0.006542153346423824,12.918451382025328
9.158874,1,5219.096121,True,True,0.0010629681604970426,1.3583163784120482
9.159529,3,5220.900207,True,True,0.002648813682584336,0.5704562914752161
9.057136,1,5222.638526,True,True,2.8172622915101364e-10,1.5413311582082447
8.569667,3,5226.297389,True,True,1.396199171901924e-10,1.5000258886058964
1.953569,6,5233.565011,True,True,0.0007746832932877586,13.588044622021156
7.722893,1,5235.138852,True,True,0.0050461267832060406,3.9570596893509826
6.977393,4,5238.842961,True,True,1.0718387040515031e-10,3.3766028753169026
2.936806,4,5242.660499,True,True,0.009194386194757279,11.70521841418044
5.157569,1,5244.308621,True,True,0.00037838703404289133,8.583005338880225
8.443454,1,5246.130105,True,True,0.004478848316637407,2.655375429161024
7.155889,4,5251.305188,True,True,0.0020886591979081023,3.966278778871064
6.511473,2,5253.139448,True,True,4.61180761981983e-10,6.006517930464522
8.798377,1,5255.056304,True,True,0.0049065607575421175,2.013707486241981
8.994131,1,5256.917825,True,True,0.0028781525434615762,1.6560928310987708
4.35027,1,5258.78511,True,True,0.00016693546433337557,10.039498931965118
5.784907,6,5262.529279,True,True,0.0023203247647983344,5.705901401647659
8.269632,2,5264.464765,True,True,0.000313881906366803,2.8082812529073955
-21.988656,45,5271.42897,True,True,0.0012191933926121367,10.842856899472991
7.291652,2,5273.098745,True,True,0.005939297053518436,4.620641958882768
8.339146,1,5274.736029,True,True,0.0009720459172800328,2.8390671809031165
5.536481,4,5278.251105,True,True,2.7283322813561833e-10,6.563189261390426
7.137275,3,5282.025959,True,True,0.001482843249584533,5.217511795609239
0.752498,1,5285.010724,True,True,0.009731295651208585,16.532852997069863
9.006787,2,5286.735295,True,True,0.00588247505279905,1.4268127385019527
5.170027,2,5290.215459,True,True,0.01120703085465058,7.674936122926466
9.433176,2,5293.885326,True,True,0.0014756778834163333,0.34772869205519763
5.101196,6,5297.026831,True,True,0.007297184012673489,6.61755133119393
8.286064,1,5298.228094,True,True,4.884533626320714e-10,2.933819017221762
8.38552,2,5299.499417,True,True,0.00010182071176530163,2.999581404731724
8.216972,1,5300.783992,True,True,0.003995578249378781,3.063558207779932
8.877936,3,5302.019308,True,True,0.005892730264499698,1.1421902111738937
7.272208,1,5303.81836,True,True,0.0025545226821381984,4.765833454692464
0.952142,2,5305.783247,True,True,3.346604434545375e-10,16.049539945154457
6.441423,1,5306.93932,True,True,0.010227923225219007,6.272736662902902
8.027,6,5309.469738,True,True,2.550459825972906e-10,2.999844776743826
7.606437,4,5311.813291,True,True,0.006407177053520082,4.079031249291514
7.413889,1,5313.654918,True,True,1.2474056718114745e-09,4.505187994399192
9.767376,2,5316.762446,True,True,0.0001466694901170362,0.06511403605838184
7.780696,1,5318.026294,True,True,0.003258450296281589,3.85003639470715
6.781915,5,5320.603529,True,True,0.0015681532663990758,3.7920205145198103
6.620411,6,5321.955681,True,True,0.006834823733632661,5.090002555008392
5.833063,6,5323.426737,True,True,0.010216760770178496,4.938031347479998
7.916451,4,5324.627612,True,True,0.0009520187204283409,3.0267668802648853
-0.048714,2,5325.930162,True,True,0.005284903413719548,17.046148369653572
-0.653949,18,5332.187899,True,True,0.010896684294273288,7.674547544692112
6.570644,1,5333.355493,True,True,0.00018752190515398948,6.031987647277037
2.919695,2,5335.287977,True,True,0.003971570667177762,12.499134279447832
8.122137,4,5338.897602,True,True,0.0046680211840829655,2.2537528818762897
3.084525,1,5340.813829,True,True,0.0007786631664141036,12.323245245737118
7.026875,2,5342.63142,True,True,0.004716465060325017,5.325496826871359
8.225974,6,5348.23712,True,True,0.0049242947043868605,2.216109061397148
1.517134,5,5352.89774,True,True,0.004363350359508794,12.667186696578414
4.262067,17,5368.708186,True,True,0.00500682162966104,6.497322839249747
9.098887,2,5369.941579,True,True,0.00030451549730396363,1.3120563634473392
9.492208,1,5371.141893,True,True,0.004178795646808815,0.7606658187141032
7.951619,10,5377.105403,True,True,2.086835697231687e-10,3.725490161899425
8.249891,2,5378.432486,True,True,4.716173561745864e-05,2.9190302638644234
-4.566252,27,5394.226734,True,True,0.00234135550280593,5.303428570351915
0.087537,13,5398.865996,True,True,0.0031414477234145734,15.823997843367744
6.076394,1,5400.087425,True,True,0.0009543134955528124,6.925277714250258
6.408104,7,5403.450128,True,True,0.0028206649895443515,5.120579344840538
6.798428,4,5407.630505,True,True,3.3509347831572526e-10,3.7582354442168784
9.01271,1,5409.453619,True,True,0.00035364320948847935,1.622067795100311
7.875484,2,5412.8188,True,True,0.00023831513064630216,3.4568319810905708
7.999042,5,5416.628262,True,True,0.0049371156985053965,2.413486431594077
8.517766,4,5422.692556,True,True,0.004541868745391968,2.383384188151024
10.501498,2,5425.747088,True,True,7.193831306079155e-11,0.002562576390021927
3.723068,5,5428.412466,True,True,0.009376662424244515,8.516512331986014
8.988301,2,5429.583677,True,True,0.0029700058426973966,0.7915665636013766
4.551686,22,5448.210851,True,True,0.006293324349548282,5.260037552978604
7.005787,5,5454.141861,True,True,0.004916500142850833,4.359952333591098
7.605883,7,5456.270466,True,True,0.00041410001656662365,3.032035819716659
2.929608,2,5457.452278,True,True,8.533687291973138e-05,12.391763797613486
8.511941,4,5459.840931,True,True,0.0001253668330187174,1.9386773578705643
7.268582,6,5462.337696,True,True,1.1119033348336894e-12,4.2093740161809095
5.344131,3,5463.659669,True,True,0.006059299735639991,7.99235378093535
7.259618,5,5469.252726,True,True,0.0023115383915484873,5.124222402162859
1.002723,3,5472.10185,True,True,5.789937973510462e-11,15.701404306866605
8.293307,4,5473.294345,True,True,0.0013102398650867314,2.4582266485205824
7.942489,1,5474.427645,True,True,0.004255898147596338,3.5583094407071867
8.295303,1,5475.614396,True,True,0.00018075824362967245,2.9175531769393914
6.391793,2,5476.868591,True,True,0.004188574913182443,5.29805639947198
8.249736,1,5478.004622,True,True,1.898691422271453e-11,3.000006892533243
8.63586,4,5482.981125,True,True,0.0046305447898265725,2.5993701257223916
5.429118,6,5488.608361,True,True,0.005994030601613797,5.863185300524957
7.161876,3,5490.612504,True,True,0.005763029253963686,4.167994522468811
9.389221,3,5491.895229,True,True,0.0017143834817530679,0.8043939047472853
9.169627,3,5494.30577,True,True,0.0028727034199546183,1.0548357063641667
8.578668,3,5497.480401,True,True,0.005572325734133965,1.8640386500690465
8.15688,4,5500.062727,True,True,2.502548489200483e-11,2.8712024313232414
5.548177,7,5505.388548,True,True,8.172744439920642e-05,6.023352582227034
6.553036,5,5508.617648,True,True,0.005714531913044801,5.041904922806875
4.400026,3,5509.800127,True,True,0.00730678723231814,9.717586843029284
7.700547,2,5511.083447,True,True,0.002889697878556852,3.8390049145610394
6.438247,7,5515.888822,True,True,0.005518091989368828,4.917453303014203
9.865221,1,5517.177609,True,True,0.00034186226031303194,0.08143003656164848
5.386034,4,5522.123815,True,True,0.0048537848436488035,7.4446472692808765
8.090855,4,5524.043948,True,True,0.0014447783390559097,2.8401760656443766
7.205815,5,5526.0126,True,True,0.0004538206509665148,4.669855765677174
8.747282,3,5528.374771,True,True,3.0974979838005456e-09,1.329122105089741
1.012828,9,5540.279603,True,True,0.009123439993446914,14.754975446605
8.204425,1,5541.932267,True,True,0.011520857089059727,3.0902102560507396
7.688848,4,5545.926687,True,True,0.003208812949179259,2.372787728224765
5.552088,3,5548.43699,True,True,0.0030849871701707065,6.392583183810576
9.755207,1,5549.64984,True,True,0.0010991312466558669,0.28073627227761216
8.163239,3,5552.097608,True,True,7.625224579614186e-05,2.9033996236202073
8.465384,1,5553.244658,True,True,0.0014540381511843332,2.6110689592207112
8.106366,3,5556.312432,True,True,0.00586584261657555,2.5875933481413513
9.908225,1,5558.153242,True,True,3.637849751417663e-10,0.0025635867058408372
7.75206,6,5560.611933,True,True,0.0011392165741876317,2.404729264334796
8.220758,1,5561.850555,True,True,4.1686622161674937e-10,3.048513082755099
8.365687,2,5564.132853,True,True,6.689741561248339e-10,3.000022091844237
7.257381,3,5565.405371,True,True,0.0023012931857964583,3.8132473203500097
7.408132,3,5567.322502,True,True,0.0056965534295922,3.0531139481771055
9.873874,1,5568.436754,True,True,0.0002336017205498599,0.05998765347311369
8.428926,1,5569.676602,True,True,0.007678753286100584,2.683597454339464
6.671971,3,5572.034434,True,True,5.607814532102603e-06,5.824735105599919
8.50923,4,5574.004609,True,True,0.004823592734085799,1.4470485381551168
8.663469,3,5575.310434,True,True,4.740356361797218e-05,1.910034908456578
1.217089,17,5585.040395,True,True,0.007102579290993174,11.1598614674908
7.588952,1,5586.924912,True,True,0.006245819705046018,4.1998870949981155
-26.440878,60,5638.049389,False,True,0.01959791574886876,22.473468332976793
2.81685,4,5640.064172,True,True,0.0015612203953618616,12.726429265454195
6.395986,3,5641.332327,True,True,0.004128656057576444,7.480752792038664
3.660257,2,5642.498403,True,True,0.004717195515813026,11.030515104758368
4.679449,1,5643.607872,True,True,0.002794461061099927,9.44769554973064
9.603436,2,5644.876689,True,True,2.07568050183073e-11,0.6415683987920371
-0.498217,13,5647.747974,True,True,0.009039402750722193,16.405723081842254
-6.104874,15,5651.673962,True,True,0.002570556017387428,14.669290549473537
8.041583,1,5653.329733,True,True,0.00143423394136509,3.377350378452785
2.220844,7,5656.69981,True,True,0.0048198398108827145,10.972650784781235
3.883058,1,5657.807645,True,True,0.004335516831232612,10.885448656965607
8.451328,1,5659.64348,True,True,0.005687105410958834,2.641157554913375
-29.896411,60,5679.865643,False,True,0.006306609228771436,35.52674167106034
8.180148,1,5681.161324,True,True,0.002587767567960364,3.1266439075969825
0.690582,9,5685.997908,True,True,0.004999637462481431,15.469541890531424
7.817211,2,5688.325639,True,True,0.011285274754404113,3.6549826168773767
2.666653,1,5690.179208,True,True,0.0005518689885029241,13.076748707030482
4.859344,3,5692.594406,True,True,0.006209075255383657,8.863499682482873
8.326025,2,5693.762031,True,True,3.7658261925477277e-11,2.750235676708153
9.366491,1,5695.560549,True,True,1.8060026763825055e-11,0.9817954009944168
3.961554,6,5700.439806,True,True,0.00624871177840567,3.681191790322858
9.259795,1,5701.584473,True,True,0.003758800560072511,1.1796527784785256
7.203871,5,5706.033124,True,True,0.005797990319833799,3.5370547515861936
4.969325,3,5710.35886,True,True,0.011046203784476141,8.677979628429291
7.859429,5,5716.725324,True,True,0.0008420170151958973,2.946739727795849
7.919712,2,5719.723735,True,True,1.916861114281687e-11,3.6232272182669165
8.278102,1,5721.554658,True,True,1.13944992330417e-10,2.9446561583973536
7.304485,1,5723.356597,True,True,0.0025678397692268286,4.709925076736594
9.819699,1,5724.523278,True,True,0.000620959085747521,0.16410601418334156
6.690904,1,5726.401671,True,True,0.00015827455539964286,5.812971007848507
8.332621,3,5727.796832,True,True,2.0474999441036415e-10,2.537838138656951
9.6864,3,5731.521656,True,True,0.006016789609663713,0.1986022145763803
3.396993,12,5737.252032,True,True,0.00953514105770991,8.487214714210268
8.413853,1,5738.383642,True,True,0.007921517344793266,2.712584750121033
0.954748,10,5744.411543,True,True,0.0025363439084971975,14.79422141104279
9.378959,4,5748.586319,True,True,3.6642242018380955e-10,1.543522883703405
7.43701,1,5749.74731,True,True,0.003157635447069679,4.470592034464658
3.427242,4,5753.377779,True,True,0.004287196495219482,10.003692498087325
6.676342,2,5757.237345,True,True,0.00022706884245352033,5.264779084161833
7.654906,1,5758.946758,True,True,0.0010394353641119821,4.0748495646622604
7.674621,5,5763.079691,True,True,0.0012554520989344602,3.3943491126459393
9.404448,2,5765.403339,True,True,0.0035753414968348316,0.7591165623771121
8.441505,1,5766.625561,True,True,0.0025962045902480912,2.651281794565859
-3.075174,18,5780.499421,True,True,0.00042215015472302653,15.21208475316628
7.80887,2,5783.485363,True,True,0.005985883718516994,3.781677772320625
4.631389,2,5784.608919,True,True,0.004742982199096563,8.392057173915498
7.149042,6,5789.70057,True,True,0.0012244175104614262,3.6629527375027275
9.656864,2,5792.678986,True,True,0.0006457908376869278,0.14372709190389718
6.762948,2,5795.769728,True,True,0.0008433506328402338,5.187393278094276
1.458971,11,5806.595747,True,True,0.011506581998278967,11.678200672254116
2.204581,2,5808.516446,True,True,0.004853903231876266,13.126400048881134
8.976011,2,5810.178701,True,True,0.0021270797682640466,1.2768029630175162
6.971472,1,5812.07392,True,True,1.0411803098023517e-09,5.307820156103648
-26.091242,26,5822.081003,True,True,0.009763594394811472,14.919418119391276
6.564721,3,5824.639505,True,True,0.006086597851161044,4.886230635261067
9.851382,1,5826.555569,True,True,5.098645847675101e-10,0.09782096977486769
3.016033,1,5827.799232,True,True,0.002907034831909151,12.448213366444481
7.551376,1,5829.647478,True,True,6.475505454783424e-05,4.261405166086664
5.764105,2,5830.905092,True,True,0.0002754497502113233,6.925369701807443
9.055643,3,5832.188282,True,True,0.0008133448870360493,0.9319370417370212
8.418039,2,5834.141524,True,True,0.0030379828615360316,2.4868928139464015
1.761631,4,5837.199692,True,True,0.003787851186712834,14.034412169971228
-2.784439,8,5842.482545,True,True,0.0006412397359648429,17.780607756387294
6.586413,1,5843.740791,True,True,3.653093431700871e-11,6.000015905942998
8.938661,2,5844.952467,True,True,0.006185403696629493,1.540583656011806
8.548602,1,5846.752952,True,True,0.0042167495011888115,2.465063485392961
4.3234,2,5848.102605,True,True,0.0005494752116255129,9.978112470236212
-1.768196,14,5861.874572,True,True,0.008778662537564251,9.581926996180297
5.93475,3,5864.893026,True,True,0.004381854698166127,5.947078900134477
9.905564,1,5866.178603,True,True,2.19325126116221e-09,0.00256477283877825
8.715151,1,5868.010164,True,True,0.004145440672383632,2.1642974738234524
9.905783,1,5869.222994,True,True,4.373709390104761e-11,0.002562631146406352
7.655617,3,5873.585011,True,True,0.008605108170670036,3.6735030242894995
5.929464,1,5874.67961,True,True,0.004856859416846276,7.193312056811177
9.797849,1,5876.327968,True,True,0.000277711462016883,0.19634244302526593
9.86589,1,5878.174526,True,True,4.976983620369468e-09,0.07973126943393861
5.191827,8,5885.58553,True,True,0.002132796160862255,6.197584644273099
6.07204,2,5886.822161,True,True,0.0002832336448311962,6.553497667659699
1.881147,1,5888.038109,True,True,0.0009521755354670834,14.493536320138904
8.930714,5,5891.532648,True,True,0.002154014119057926,0.9720427861609504
7.040403,9,5899.528619,True,True,0.0022348699852419536,2.6939133204471304
-30.533011,60,5947.811902,False,True,0.00685548706777147,26.426868059695423
7.657092,1,5949.202879,True,True,0.0038476846007903247,4.0746379398885715
9.20416,1,5950.816356,True,True,6.36663544781263e-05,1.2757469145735263
0.89627,3,5953.094309,True,True,0.003744877356029677,16.2613517574947
6.516586,1,5954.193673,True,True,0.0002571217464585815,6.128635313041954
-8.086317,23,5972.646657,True,True,0.010106053923585764,12.601766702152306
5.554149,4,5977.47502,True,True,0.006054182100339107,7.345507214985364
0.06583,10,5986.019258,True,True,0.004033056652072624,15.402022376436033
-38.559051,60,6021.202998,False,True,0.016662851189894336,56.0851681356914
5.487411,2,6023.465718,True,True,0.009460630081428303,6.6746751450984805
8.14922,2,6025.827789,True,True,5.0069504536384505e-05,3.0210329907822153
8.757885,1,6026.991555,True,True,0.008332932299285969,2.091420372881978
8.062384,3,6028.263874,True,True,0.0001427701497777493,3.0232933141794334
6.190035,4,6029.592437,True,True,0.003043888315815022,5.3202080215336975
6.736164,2,6030.780049,True,True,0.004409311347293108,5.420102728000271
8.294941,1,6031.944863,True,True,0.0002008551583985961,2.9176227149898186
9.410768,1,6033.250714,True,True,0.0025101462831152305,0.9007249017782255
9.100845,2,6034.466456,True,True,0.00560022421712219,1.3106638269059114
7.431708,1,6035.653679,True,True,2.6106608541631715e-10,4.4704185123895295
8.218952,1,6036.91153,True,True,0.0012390338114387509,3.0570935559302983
8.248105,1,6037.993984,True,True,1.2168991297991073e-09,2.9999686411648656
6.757369,2,6040.250414,True,True,0.008035104972085177,5.236704656938934
4.446976,3,6043.708916,True,True,2.989641000039622e-11,9.601891515045684
-1.052316,13,6052.605572,True,True,0.0026643614817463915,12.376836913044109
8.850505,3,6056.445147,True,True,0.00578991003097595,3.1376642314485315
2.905189,1,6058.30915,True,True,5.127578917019093e-12,12.64616030048629
5.347664,1,6059.734433,True,True,0.004633325779604075,8.243578010544574
9.908582,1,6060.847522,True,True,1.8531176098348635e-09,0.002562474412026362
9.908575,1,6062.122625,True,True,2.8179328066057365e-07,0.00257553694624673
8.139809,4,6065.543667,True,True,0.006755403164480828,1.3823259854334204
3.735684,2,6066.681975,True,True,1.0196856206623472e-10,10.997702168101862
-4.056638,10,6073.467862,True,True,0.010362536797665547,17.886660919594803
0.872986,6,6079.136984,True,True,0.00013873582452057515,10.34258269451313
3.274975,3,6083.126266,True,True,0.007681712896545644,11.875821194567413
7.733036,5,6086.493243,True,True,0.0034147745161675104,3.257926440448258
9.313088,1,6087.571542,True,True,0.005088550199206999,1.0853875790499043
5.313769,5,6088.941823,True,True,0.007022766236386729,7.597926526304924
9.485454,3,6090.067352,True,True,2.820996152052509e-11,0.27953216754831195
7.378251,1,6091.226941,True,True,0.005338199487108883,4.579132570678136
3.655439,5,6092.619863,True,True,0.006004871245315329,10.550542446573562
-1.186043,14,6103.539194,True,True,0.011879758352383855,1.0416301182943093
9.123548,2,6104.788275,True,True,2.3485627886898897e-09,0.9340230327120019
8.619399,1,6106.127852,True,True,0.002127013427937216,2.334845190805156
-30.115661,60,6154.68603,False,True,0.012059292054216233,1.4156464852798563
6.241047,3,6157.04691,True,True,0.010543999435721998,5.861524262752957
4.097543,8,6163.892302,True,True,0.004712383408348259,9.211324390275383
6.769275,4,6165.319856,True,True,0.0011458253478001707,4.916279263307499
8.88309,1,6166.537739,True,True,0.0057138214194538085,1.8627040214713138
8.469087,2,6168.901417,True,True,0.00826193255560702,1.8897635551973644
5.142864,1,6170.181468,True,True,0.005787183569736602,8.613992305533328
7.42584,3,6172.279444,True,True,0.005381461529489697,3.3636420988453337
4.90252,1,6173.417377,True,True,8.101399139084209e-11,9.0429188494639
0.86719,13,6178.181619,True,True,0.003936787085992922,14.47236497138344
8.102685,3,6179.334127,True,True,0.0020748914576617676,2.962228085403497
8.308758,1,6180.479129,True,True,2.0695807567694402e-10,2.892587694139124
0.379443,7,6184.022816,True,True,0.006280887719619853,16.017445560414334
7.503644,6,6190.114298,True,True,0.005577610376918328,3.3681835489392364
9.627065,2,6192.436935,True,True,0.0001417987769386269,0.24902953518671636
8.24948,1,6193.521168,True,True,7.492670316263576e-12,3.000019012300393
1.505872,5,6197.077859,True,True,3.8823688269954163e-05,14.704185534324559
2.105308,3,6200.488398,True,True,0.0006715180569529331,15.036348106764855
8.659571,4,6202.933567,True,True,0.0023666833285736766,2.323412219997375
7.591783,2,6205.582618,True,True,0.00024292794358216768,2.862376370052257
7.376326,2,6208.20843,True,True,0.0056615114251699055,3.6793740636609766
5.187026,4,6212.083834,True,True,0.002169341784385422,7.214238243895713
3.986681,2,6214.432635,True,True,0.002437598474695408,10.223901443140573
3.88191,1,6215.596849,True,True,0.004606559351343046,10.887710013904437
5.560338,1,6216.842424,True,True,0.00012371280310125802,7.85582809936121
8.461725,4,6221.941979,True,True,0.000831297839031336,2.682877658902306
6.752194,4,6224.636214,True,True,0.004246175273786821,4.366515368890977
8.671984,3,6227.276741,True,True,0.0016301131217391213,2.081001593958414
8.982731,3,6229.900137,True,True,0.0029579196984387546,1.8509654385672119
8.74378,1,6231.168401,True,True,0.0002161397294599752,2.1077797847385558
7.003712,1,6232.340765,True,True,0.0007015105541872263,5.250190005367885
8.280556,2,6233.57823,True,True,0.009381080616851977,2.221802544308046
7.00205,2,6234.84885,True,True,0.005177293579957045,4.401897544459984
-13.407356,36,6241.231928,True,True,0.00942261821098248,13.030092156701622
9.094723,1,6242.362024,True,True,7.35227503878555e-10,1.4732011249676418
8.514774,1,6243.492372,True,True,0.004705275276211313,2.5264624292416507
7.642928,4,6245.863301,True,True,0.005445411532020173,3.4264671836994007
8.17644,1,6247.07868,True,True,0.0009189533489968819,3.1323815262265
8.023872,1,6248.49931,True,True,0.0034794912138273125,3.4091846648790898
9.908333,1,6249.638131,True,True,1.4210474383432285e-12,0.002562366171527122
9.360981,2,6252.106245,True,True,0.0010827677820189202,0.6749638624215405
9.7277,3,6254.584752,True,True,3.8894472365047505e-10,0.0025631196353576337
7.78032,2,6255.85137,True,True,0.006900181651810902,3.8393478240691725
9.916514,5,6258.163968,True,True,0.002250217466311744,0.7277479224584055
9.647155,2,6260.464234,True,True,0.0007391522755975932,0.14811211800108073
7.2279,2,6261.531329,True,True,0.005712498300161417,4.553879690848758
1.724637,7,6264.024484,True,True,0.0052251748677407134,12.428590563002736
7.384181,1,6265.242585,True,True,0.0026173399807247616,4.561634471213461
6.016206,3,6267.646377,True,True,4.0576648985268804e-10,5.300503012465512
7.707708,2,6268.819176,True,True,0.005405778152378915,4.688777326531212
2.215542,5,6271.281155,True,True,0.004096425878978557,13.288830651095065
7.009567,1,6272.487084,True,True,4.620245023806157e-10,5.239256481324693
7.420708,1,6273.53571,True,True,3.224209635056862e-05,4.497336606495914
4.818583,2,6274.787696,True,True,0.010159431195660014,8.649466688802548
7.110243,5,6279.457289,True,True,0.0061347566164430545,4.2470330813715655
9.117247,1,6280.606712,True,True,2.4696935619459367e-09,1.4279395199376008
7.432939,3,6282.844731,True,True,7.766539580499054e-05,2.8853764101436257
6.896267,2,6284.14365,True,True,6.6357644656900305e-09,5.621443340813495
6.726416,4,6285.430555,True,True,6.5620405160699e-05,5.410395482136659
9.038034,2,6286.627932,True,True,0.005910396336373944,1.4305591551131924
8.059274,1,6287.790069,True,True,0.000512383490630014,3.3436367441172186
4.43581,1,6288.875611,True,True,4.292634669897442e-05,9.885064864572659
6.452187,3,6290.09402,True,True,0.0005311709029210002,5.131310299287315
9.035743,1,6291.214134,True,True,0.0010497787278709776,1.5813552765613728
1.5633,10,6304.177555,True,True,0.005939025146535265,13.332530585973425
7.725103,3,6307.969329,True,True,0.004582211780335861,3.546385286066111
-16.414549,47,6353.012531,True,True,0.001053617102078444,6.849018482550755
7.561671,1,6354.431248,True,True,2.414403767658335e-11,4.242549652030454
8.199592,1,6355.748842,True,True,0.006375557373305236,3.0958049189121026
9.712924,3,6358.32636,True,True,7.916428276799614e-11,0.022571380348739675
7.386913,3,6360.502923,True,True,9.419478090730857e-05,4.265340440586268
9.905083,1,6361.839489,True,True,2.8484679357041016e-11,0.002562479959050994
3.017763,3,6364.388485,True,True,0.0028548085921298776,12.132895742846456
7.635691,3,6367.938256,True,True,0.002066467854434373,3.8969596326278717
7.589151,1,6369.183869,True,True,0.011016961639799414,4.202396298961295
6.998315,3,6372.750271,True,True,0.002463127134846374,3.388648787192515
9.894334,1,6373.775088,True,True,3.0087733997249955e-06,0.02832126360415548
9.908581,1,6375.133158,True,True,2.3688809698552138e-09,0.0025640853891469484
9.444465,1,6376.335127,True,True,0.00421726104799628,0.8465283835667702
7.812927,1,6377.658595,True,True,9.124223321332892e-10,3.785271984944803
7.708428,1,6378.853449,True,True,0.006811574051920757,3.9845949250368946
7.501679,3,6381.44354,True,True,0.00010699884803202987,3.35186546411228
8.336459,1,6382.653198,True,True,7.226526321790772e-10,2.8383152652678683
8.400393,2,6383.92834,True,True,0.004194636056998012,2.3210275766262076
6.050206,5,6388.747099,True,True,3.795508617193868e-10,5.780891669231531
-18.289025,43,6412.152442,True,True,0.009676147489763177,9.067504479763304
8.032985,3,6415.815039,True,True,5.078241972623909e-05,3.056314405531047
9.461349,1,6417.074627,True,True,0.00410680195968692,0.8163248704722199
9.051424,2,6419.766556,True,True,0.0005055062677619541,1.439884661645543
-0.441889,11,6429.962593,True,True,0.004764039946361144,5.971039448665472
6.576383,1,6432.238388,True,True,8.302550313304502e-05,6.021874823892324
8.24978,1,6433.752729,True,True,4.063270553356091e-12,2.9984853256860067
2.47357,1,6435.052161,True,True,0.0015851737219148773,13.4256336495755
6.418244,1,6436.344538,True,True,0.00019604119965790402,6.307470646643752
6.447173,1,6437.518538,True,True,0.002373380501435979,6.2573780856160175
6.24016,1,6439.056684,True,True,0.002621553485781511,6.626456238240398
4.192378,1,6440.351285,True,True,0.0005224962024584056,10.324642567397477
4.898221,3,6446.760835,True,True,0.005214507781849146,7.852226388574565
9.673616,1,6448.174678,True,True,0.0021091420961241924,0.43017047829992494
8.432974,1,6449.332054,True,True,0.00248452447971686,2.669927836584913
1.383304,6,6460.780195,True,True,0.002722302255563828,14.689698603059112
9.799628,2,6464.234644,True,True,7.64271034723674e-05,0.033389025242325336
5.876897,5,6468.674595,True,True,0.0005418117107671705,6.670387535066848
8.367722,1,6469.987153,True,True,0.005430331841056166,2.7883046925407102
8.080547,2,6471.448867,True,True,0.0056239380164918905,3.3979649375637293
9.008124,1,6472.874094,True,True,0.00010257177929441988,1.6221293648663953
-25.06387,32,6486.688573,True,True,0.003778324003204646,17.489624908196614
8.357574,2,6488.933789,True,True,3.8315045272322365e-11,2.999999071538598
9.479412,1,6490.144388,True,True,0.0031430254109543975,0.7795275262298796
3.479574,2,6492.564935,True,True,9.581396257073388e-05,10.216147879062405
7.49985,1,6493.706636,True,True,0.0023677697283507617,4.356516729557479
9.908582,1,6494.913471,True,True,1.4610558444451875e-10,0.002563396475532828
8.903353,1,6496.132678,True,True,0.0028008916994933103,1.8212524320325663
7.51508,2,6497.546364,True,True,0.00308659680489272,4.430094037645619
6.702685,3,6498.72522,True,True,0.006278431332757713,5.528005849052454
8.751107,3,6501.985583,True,True,0.004231291397381119,0.8491329500497815
7.665694,5,6505.546396,True,True,0.0021257689790359297,3.262038163989892
6.795964,3,6509.2658,True,True,2.397676679107702e-05,5.336144046236783
8.30515,6,6518.249536,True,True,0.001519348497416365,1.492988468284717
8.233432,1,6519.521705,True,True,0.00018334754001489081,3.0263277663216575
8.776426,2,6520.759481,True,True,1.6514582485546367e-06,1.371942453328555
7.245174,4,6527.122658,True,True,0.00030638993029688706,3.1174851873758036
1.510997,12,6538.501287,True,True,0.004544651029549215,8.532480448028485
6.02151,1,6540.282458,True,True,0.009612348084890024,7.031160435103277
0.718384,2,6543.073222,True,True,0.005995835128105531,16.775313851893262
9.908308,1,6544.496951,True,True,2.159173395632763e-10,0.002581610901409448
9.856293,1,6545.809017,True,True,7.074884017007268e-05,0.08894315822125114
2.633232,1,6547.528385,True,True,0.008122555181909633,13.141689058800406
5.952344,6,6554.87918,True,True,0.0029881803208795564,5.1959262842771174
8.361799,1,6556.704978,True,True,0.0002984905715260333,2.7979415998534987
-44.457193,60,6608.272681,False,True,0.01869331477889782,15.705798051204942
5.757584,5,6614.786497,True,True,0.011604539095217324,5.11446640364812
6.177413,1,6616.785218,True,True,0.0007552385782819148,6.739311024680885
8.995601,1,6618.642146,True,True,0.004748592858280865,1.6584643982809877
3.688723,2,6621.511149,True,True,0.003626834116792897,11.322166082777636
4.891099,2,6622.68852,True,True,0.0047919799814910785,8.886711912262525
6.863923,4,6624.271653,True,True,0.00045776142747779144,4.560781057957677
0.25567,1,6625.504638,True,True,0.0041584522843337865,17.42575498232533
8.13345,1,6627.035054,True,True,0.0009879601404769805,3.2112272957667685
7.39751,4,6629.701351,True,True,0.0011559476303057601,4.061395551887515
9.187358,2,6632.193567,True,True,0.0009204733809184816,1.1996596537254842
7.760868,1,6633.453317,True,True,4.288620738222391e-09,3.8825385555757657
9.508751,1,6634.781342,True,True,1.2477111321267644e-09,0.7247559599412476
1.550089,3,6638.63948,True,True,6.299471402848589e-09,14.507335605787933
8.249599,1,6639.835421,True,True,9.529750535246088e-11,2.9990331386659923
5.031008,5,6645.197237,True,True,0.006153531546719077,6.6774215575608515
8.311323,3,6648.961547,True,True,2.5742907436147097e-06,3.413828354060786
6.454716,6,6653.892947,True,True,0.005078210865348323,4.980448461353442
2.780218,3,6657.506332,True,True,5.55486816853773e-05,12.259129409757875
7.165031,3,6658.857906,True,True,0.0006647838149665235,4.297402378829633
2.652638,4,6660.41088,True,True,0.0013919368561328225,12.033191662482066
0.756309,2,6661.57405,True,True,0.00041713303648195817,13.946242357068655
7.782369,5,6663.177596,True,True,0.0002525103630736658,3.170955016980869
8.433685,2,6664.607032,True,True,0.003925758849014949,2.4249696310173534
7.667155,1,6665.85647,True,True,0.0002008195940887761,4.049992566021539
9.905643,1,6667.095068,True,True,3.5190578600755434e-10,0.0025650003373424582
6.491477,1,6668.447678,True,True,0.009298697474266943,6.183622223841503
7.195098,3,6670.943113,True,True,0.0030359191302767874,4.38290677069815
1.027342,1,6672.249237,True,True,0.004260687587787285,16.034771224771482
-13.246948,26,6694.108627,True,True,0.00938816771511631,17.41060589197509
6.50663,1,6695.445799,True,True,0.005219134168658779,6.15247335233356
6.477399,2,6696.773962,True,True,0.006009977377111013,6.469380538448513
7.5895,3,6700.736741,True,True,0.0003066873512609582,3.9436245372653906
8.010483,1,6701.901695,True,True,0.0038784315639507523,3.4365773444659484
7.924605,1,6703.17848,True,True,1.5359596394412534e-06,3.5872744114920505
6.081578,1,6704.55273,True,True,0.004595343445424947,6.918929886294199
9.084442,1,6705.77375,True,True,0.0056353846098187825,1.4987248646470746
8.22746,1,6707.080211,True,True,3.82786592353912e-10,3.040244036748423
1.651542,2,6709.77945,True,True,0.004954424874288189,14.363495515636576
8.614358,2,6712.149488,True,True,2.174911204613425e-05,2.1110297846207127
4.524075,12,6725.878236,True,True,0.009187742675022212,1.227909022634701
1.832465,6,6730.493852,True,True,0.0022810940144037803,12.865776456351014
9.908074,1,6731.678379,True,True,3.0430573423510064e-10,0.0025634517831092515
9.908045,1,6732.724883,True,True,7.779889068682349e-11,0.0025627598548585233
5.261281,3,6734.980716,True,True,0.002407843505701976,8.16184274327712
8.013362,2,6736.15015,True,True,0.0030176898570087305,3.3052008202038023
5.003395,5,6738.62895,True,True,0.004322643344901041,8.931353241577513
4.124577,2,6741.007404,True,True,0.006929286880640317,10.298241114576896
9.908582,1,6742.055987,True,True,4.191345214534038e-11,0.0025624017306711258
8.415693,1,6743.209563,True,True,0.000561707307881576,2.697893568215947
3.899035,2,6744.222297,True,True,0.0005045539489217468,10.84514292507185
7.371735,4,6748.641025,True,True,0.002884988987143734,3.3787191380679493
8.390007,3,6751.338661,True,True,0.006542524745221986,2.0324969604454153
2.203135,2,6753.766802,True,True,0.00224686224394297,13.5511277126806
7.252277,2,6755.903529,True,True,0.00047088909355534446,4.205205095978049
4.979226,1,6757.131294,True,True,0.00013983732170288945,8.90462428352088
2.626039,3,6758.274161,True,True,0.0024136748243271883,12.446492910458689
7.757483,1,6759.371112,True,True,0.00011836989373698731,3.889245888768709
9.908582,1,6760.918867,True,True,1.6898954695798706e-10,0.00256311679144105
5.355218,5,6766.262841,True,True,0.0026540553655405585,8.241482930512161
5.64057,2,6769.348099,True,True,0.0002960975082026188,6.794325455744573
7.500922,1,6770.787924,True,True,2.893780966619399e-12,4.351767108287746
7.377446,3,6774.833963,True,True,0.0021210031945933117,4.073089237485108
9.906763,1,6776.797549,True,True,1.987196502996423e-09,0.0025703782618833127
7.87378,3,6780.445177,True,True,0.0030077277577507805,3.126825519122812
-30.321239,60,6834.951535,False,True,0.0005832383451971459,31.076559871657626
7.733778,5,6839.459936,True,True,0.011823735764057132,2.954549505413175
3.872259,3,6842.748494,True,True,4.839495362106601e-05,10.642062028216813
9.254546,1,6843.954297,True,True,1.020124430030699e-10,1.1841711612349868
9.440571,2,6845.051552,True,True,0.0004881298867003333,3.50271057388163
2.2584,3,6846.115696,True,True,4.348611830667489e-05,12.136451762498425
-0.940941,5,6851.525438,True,True,0.004839631109002722,15.465486652628806
5.151018,3,6854.919188,True,True,0.004805352883648873,7.78688439603093
2.254557,2,6857.236251,True,True,1.5918155855942917e-10,13.370934185592969
10.011952,2,6859.484272,True,True,0.0005157894183870325,0.23945643137595937
9.845255,1,6860.572778,True,True,1.4584552618785265e-09,0.11680821490905088
7.510706,1,6861.652267,True,True,0.0025951168672143517,4.3371236363814365
8.433003,4,6864.11998,True,True,0.004584491586851924,3.1335673438748404
9.731482,2,6865.313473,True,True,0.00010486051035653138,0.14447568763536803
9.043532,1,6866.36841,True,True,0.008536819484385328,1.57590965862666
9.281345,3,6868.644684,True,True,2.2165630442216866e-11,0.5777900277152784
2.722112,5,6871.010177,True,True,0.005281939481281094,12.214494399343726
3.588402,1,6872.192221,True,True,0.0017587730385987656,11.415096595799133
8.219365,4,6873.415646,True,True,4.490530376274112e-05,2.174021116065509
7.982614,2,6874.423787,True,True,9.733010232532884e-05,3.3607035095876796
8.244959,3,6877.584645,True,True,0.005111350862561331,1.4824974712507653
7.521118,1,6878.671805,True,True,0.0030399494449295326,4.31473506626421
8.794669,1,6879.720011,True,True,0.005145487944884134,2.0214390062671224
5.807607,4,6880.89083,True,True,0.005085034549259023,8.526271603100685
9.908579,1,6881.948084,True,True,1.9029128558773866e-11,0.0025694145896725936
3.781393,2,6882.926124,True,True,0.003313811357169183,10.945030591834108
0.747911,7,6888.505891,True,True,0.002650017007204986,16.040812653511438
4.034554,1,6889.619431,True,True,0.002429795196192408,10.61080863617297
8.255677,1,6890.748856,True,True,0.0003761461953837056,2.9893675555556873
7.538503,3,6892.984241,True,True,0.0011731342092209836,2.7619414394885258
4.625301,3,6895.251971,True,True,0.0044564337234254715,9.654507084710565
9.842652,1,6896.423378,True,True,0.00028367864219273203,0.11859661899347601
9.904567,1,6897.582271,True,True,4.2613764678913856e-10,0.0025654072550924567
9.460422,3,6898.808051,True,True,0.0010406148388774114,0.472273740320131
2.833375,1,6899.852777,True,True,0.0016694160556587727,12.776810405258006
8.556636,1,6900.98719,True,True,0.0015376767205420032,2.447502243416645
6.802829,2,6902.183597,True,True,0.0059162205264092485,5.303638739982369
1.854148,3,6903.421887,True,True,0.0026936911856284412,13.597024586992209
7.829165,4,6907.704586,True,True,0.0024775520850409648,2.546266754786296
8.718446,4,6912.075009,True,True,0.0023936185047725967,2.746387926220106
6.952027,1,6913.308903,True,True,0.005040285667936366,5.348663379432877
7.239598,3,6915.503002,True,True,0.0016645495644810459,3.1124539146132726
5.261886,3,6916.769565,True,True,0.0002621875810906553,8.136426857216673
7.63855,2,6917.933325,True,True,0.002408707396866027,4.629305691738375
7.833074,6,6919.892406,True,True,0.0031060554559562276,1.9282284250761323
8.4925,1,6920.967468,True,True,0.003873804985005061,2.5661077221236708
5.162584,1,6922.149183,True,True,0.007826686778358693,8.578661776368138
7.231345,5,6926.396532,True,True,0.004940464976081496,6.035130771934595
6.630835,2,6928.610972,True,True,1.2978620454481924e-06,5.498510803652334
6.070372,1,6929.695653,True,True,0.0004288003084466137,6.933223446931386
-3.9913,18,6942.296458,True,True,0.004398340035899172,16.059761172431568
9.908582,1,6943.426762,True,True,5.610863162974766e-11,0.0025626078217518755
5.094921,1,6944.730245,True,True,0.009617088548243342,8.703340000483895
9.173108,2,6947.25904,True,True,0.0049466116514357734,0.9235384005354527
3.231616,10,6954.468133,True,True,0.004157803042839765,11.025975531410126
9.908572,1,6955.633976,True,True,4.666760531543969e-10,0.0025817932959692285
8.238738,5,6958.003758,True,True,0.0047448658494081055,2.009475179366005
6.708128,1,6959.097796,True,True,0.0023606812700994032,5.785686123921634
4.900161,1,6960.125649,True,True,0.004789883298687238,9.051070569286525
8.76783,1,6961.287858,True,True,0.0056219808270841125,2.0708662925396726
7.401091,1,6962.344751,True,True,0.00015674825762474615,4.532899298328397
8.414938,1,6963.374507,True,True,0.0019963732151717863,2.7039997722163167
4.79891,1,6964.425912,True,True,1.7623091180807293e-10,9.229876559046831
9.269246,2,6965.547668,True,True,0.00045248256703625533,0.9319344960840543
8.782505,2,6966.71213,True,True,0.004816571655779339,1.8636316817074898
7.420551,1,6967.755369,True,True,0.005630749818357219,4.502984347211788
8.465908,4,6968.904163,True,True,7.218771190539123e-11,1.7418065192007648
3.315934,9,6970.183519,True,True,0.007327473300438198,9.265108202900208
9.205985,1,6971.269393,True,True,5.290647364653012e-10,1.2666462761630848
7.141222,4,6972.443816,True,True,6.051702487940513e-10,4.154027782068736
7.821861,3,6973.61192,True,True,0.006280272824040431,2.340753934744314
4.178673,3,6974.644079,True,True,0.009888187114204547,9.065185645741558
6.41728,4,6975.884504,True,True,0.005021503926747592,5.2257652183559795
-31.380369,60,7015.049598,False,True,0.011857079988684995,13.888283718034547
3.807709,1,7016.150108,True,True,0.005036667154437343,11.021838766532566
6.918041,2,7017.748927,True,True,0.0048385268385782755,3.438051868515819
7.250787,4,7020.273057,True,True,0.00047938137569793936,4.722994721810711
9.906978,1,7021.563085,True,True,5.996066230334884e-10,0.0025643038523905522
7.586173,1,7022.821891,True,True,0.005957566655053302,4.204201457499428
3.692899,2,7023.951514,True,True,0.009069294169659323,10.912274913587897
7.584029,1,7025.155376,True,True,1.2118146902606597e-09,4.200476464102919
7.915956,3,7028.201618,True,True,0.0026367184074770167,4.214036822781428
9.110975,3,7030.287608,True,True,0.002948923078705146,0.6514311904957869
8.074644,4,7033.434818,True,True,0.0037779253354164057,2.3948687311284576
7.958649,3,7037.045282,True,True,0.0012729345307190036,3.227936950078669
6.200916,5,7041.432449,True,True,0.001995191181137737,5.746303287535503
4.744734,3,7043.643799,True,True,0.0037079758199339424,8.734895153416728
7.653647,1,7044.768663,True,True,0.000422755456074269,4.0771172327262795
5.781056,1,7045.894273,True,True,1.5289937371765205e-10,7.454543498223586
7.972483,5,7051.382999,True,True,0.002361068544530555,1.951994927207663
6.216773,1,7052.6183,True,True,0.006135558854003791,6.67343512824096
-22.610818,60,7106.432427,False,True,0.009811894999573297,26.122276451715795
6.464552,4,7111.13594,True,True,0.008099067213425307,5.527663874294097
2.492567,4,7115.307776,True,True,0.011821474257666503,12.383275365613054
9.340071,1,7117.34163,True,True,0.003583494320613969,1.0347666424502
4.578934,5,7122.866903,True,True,0.005499484444325464,8.345699801303754
6.819886,2,7125.694957,True,True,0.008777245607819811,5.587320301077142
8.484809,1,7127.382987,True,True,0.0034336030093221723,2.579224780183845
8.349324,2,7130.154364,True,True,0.004721142600676409,2.430951950960923
-19.969716,60,7169.672994,False,True,3.526761690008512e-05,33.98956662715354
7.570499,1,7170.982337,True,True,0.0002193517895931335,4.223377650385955
8.635198,2,7173.274336,True,True,0.002114872702115335,2.155696430117887
8.608743,1,7174.451043,True,True,0.003978451424013664,2.35625865076793
8.939463,1,7175.620417,True,True,0.004602678427373568,1.7596894052074656
7.077364,3,7177.895218,True,True,0.003583198374567692,4.242334733680364
10.561813,2,7180.691619,True,True,1.7896534254546737e-10,0.0025629680502053825
4.189912,1,7181.771878,True,True,0.00028967874152574643,10.32890865427121
2.401879,6,7189.396684,True,True,0.00210218548227838,12.841505087104686
9.678388,2,7192.016655,True,True,0.0004612271859387091,0.16792584296000201
7.687721,3,7194.628822,True,True,6.776469913986356e-10,2.6658909983908092
7.902034,1,7195.881871,True,True,0.005556445838776876,3.634188978578483
8.350201,4,7198.331846,True,True,0.005802894193413274,2.24679927062257
3.912462,1,7199.476071,True,True,0.0051658273518568835,10.832993434851492
9.447935,1,7200.724833,True,True,0.0001141264448732411,0.8352879117673175
5.303619,1,7201.909198,True,True,0.00023953004846284653,8.315657051663457
9.893443,1,7203.366463,True,True,0.00015064380039134682,0.030144413792520725
7.490193,1,7204.494791,True,True,0.0028164012452928243,4.374167179516558
8.389002,2,7207.255413,True,True,0.0007536682018497304,2.5978479389818014
-1.052825,4,7210.086731,True,True,0.0026701491649290796,16.38239751934859
8.419742,3,7214.138098,True,True,0.005768701418452533,2.155904511497727
8.300567,1,7215.411807,True,True,8.002047551907985e-09,2.907762993146542
7.06325,3,7216.717998,True,True,0.008593667931293496,4.015014720944972
8.24913,1,7217.926471,True,True,1.5545645753611974e-09,2.999980469702424
6.209503,5,7221.630138,True,True,2.016557001244257e-09,5.654412587364818
5.369771,11,7230.719516,True,True,0.0013816034342985944,4.796290936919987
7.305453,1,7231.857667,True,True,0.0024208190767458157,4.7080228711108765
9.309436,5,7233.0926,True,True,0.0064072873192727725,1.5335793955697399
6.371975,1,7234.221187,True,True,0.004793975547934948,6.395351414708982
6.160056,3,7235.393532,True,True,3.6974541965830165e-11,6.566367965161634
9.697494,2,7236.616534,True,True,0.0024256865837655674,0.5222909192228675
9.780944,2,7238.900026,True,True,0.00028330511925354993,0.07171085473871092
6.216415,1,7239.87451,True,True,0.006984760219993554,6.677997034287183
7.149682,3,7242.134466,True,True,0.0041281487518624715,4.773780528229072
2.246691,2,7244.386247,True,True,0.0005041779958232448,13.636327723287373
4.853318,3,7246.590423,True,True,4.6162999604373514e-05,9.297471989627649
-34.313285,60,7295.964994,False,True,0.009840853031420845,46.601946298318296
5.115289,4,7297.381871,True,True,0.001582494057976701,8.25385099215774
-2.12219,24,7307.696653,True,True,0.009342886331120459,13.200494793888492
1.939558,3,7311.631384,True,True,0.0006135584010195285,14.182919127304418
8.992955,2,7314.946277,True,True,0.0009676967698066391,1.1492524926075678
4.540852,10,7323.135345,True,True,0.004604417591685054,8.217649981821468
7.570721,2,7325.650208,True,True,7.738163151525814e-10,2.934214891692108
2.929295,1,7326.881593,True,True,0.004619030721012572,12.60573958179343
8.249618,1,7328.863508,True,True,3.0714145435741766e-12,2.9999112879471297
9.761278,1,7330.372576,True,True,8.819301192120044e-11,0.26881741054224984
7.950203,1,7331.606515,True,True,0.004186798448410391,3.5457613087970534
7.883156,4,7334.449269,True,True,0.010516203143536858,3.198344063126279
7.190732,3,7337.124941,True,True,0.006204076053780955,3.98345679886862
6.769303,2,7338.589102,True,True,0.005761055824802529,4.520101082869856
9.544651,2,7341.434244,True,True,0.0029486123059912325,0.6382584749591537
6.142827,2,7343.850972,True,True,0.0030491504184462087,5.913818510482114
9.488078,1,7345.001903,True,True,0.0030959713448958227,0.7606322610304558
-35.400453,60,7358.627865,False,True,0.02360289022524233,6.766663357699067
7.29933,1,7359.767684,True,True,0.00620803845062028,4.722371406296326
8.735388,1,7360.882362,True,True,0.005448080920422499,2.1290538833832593
6.591889,1,7362.047458,True,True,6.073241269505085e-05,5.990538063256386
9.505948,2,7363.356567,True,True,0.002801686149820804,0.5776402419334545
5.058213,1,7364.48942,True,True,0.0048671294911815195,8.765990215936222
7.447264,6,7368.470201,True,True,0.002380963287302108,3.1934999635996117
9.272348,1,7369.612792,True,True,0.006168335190526554,1.1602846838263536
9.728593,3,7371.889205,True,True,3.956214596847249e-10,0.002565615377664695
7.606317,1,7373.574539,True,True,0.003325492969320486,4.163469655163209
8.188715,2,7375.253074,True,True,0.0002145305267714954,2.9514056438920777
8.195553,1,7376.478172,True,True,0.000293114917503807,3.0982308984003475
4.858534,1,7377.966331,True,True,0.00455071696225108,9.125981665315853
7.864412,3,7381.779969,True,True,0.0029942985188745825,4.046376494499605
5.379789,1,7383.447473,True,True,0.009219648508502362,8.188651665709902
7.953094,3,7387.46795,True,True,0.0038845350010498513,2.300905554944277
7.407972,1,7388.723634,True,True,1.2140695951519398e-05,4.520314216114134
0.08953,22,7409.324872,True,True,0.011726437464711323,7.511932699063617
6.42649,2,7410.931204,True,True,6.694352497534691e-05,6.051556116660509
5.950773,4,7413.26462,True,True,0.004251922668603574,6.102928883215128
6.50213,1,7414.841233,True,True,0.01024827599502827,6.159312912095321
7.297822,1,7416.422521,True,True,0.0001447666962968784,4.716851768895924
6.805334,9,7420.021385,True,True,0.0029140608475985083,2.8603760067520607
9.170148,2,7422.411689,True,True,0.00038363482136190286,1.3022694042656486
8.26189,1,7423.604734,True,True,5.258477745652933e-05,2.9779826714879083
4.072153,5,7428.361199,True,True,0.006429205416828605,7.742755394569338
4.214495,3,7430.75554,True,True,0.0006517840184149942,9.316055653166307
0.345369,1,7432.270326,True,True,0.00485742922313115,17.264405350390224
8.052529,3,7435.241864,True,True,0.0008849879574293084,3.058678047604784
5.00181,1,7436.940021,True,True,0.0004002265505691832,8.86180364483207
8.38285,1,7438.114806,True,True,0.0011975718241448222,2.7605291523218978
8.144751,2,7440.332715,True,True,0.006278931442377373,2.6526650402445786
9.170783,3,7443.084472,True,True,0.0025663402362645755,0.4746582977762099
8.770948,1,7444.83878,True,True,6.776225394768817e-11,2.057864266604359
8.23595,4,7447.574138,True,True,0.0030787500866488286,2.0711058796672397
2.49691,2,7448.7215,True,True,0.008906000855291528,13.017576778077876
6.19316,3,7451.280403,True,True,0.0055590541908006955,4.288558457681374
1.946165,5,7452.609099,True,True,0.002391570592239313,12.190669485975839
-0.864692,5,7455.544195,True,True,0.009482072244474785,15.201411069135485
-6.123591,24,7471.763393,True,True,0.009631982686329463,8.677108815586216
4.952543,12,7479.771384,True,True,0.009666337249471552,7.669603235395414
8.057645,1,7481.319177,True,True,0.003787368877951304,3.3484062134309944
8.238731,1,7482.767482,True,True,8.372899432359596e-05,3.0154737035161223
6.532338,2,7483.986994,True,True,0.00013266716282547836,5.97901969617638
1.013315,4,7489.343912,True,True,0.00017210378307101672,15.61600133290598
5.616189,5,7493.346534,True,True,0.0002120814355655029,6.074761524478126
3.905094,11,7503.777191,True,True,0.005598387874388607,9.351361775452379
9.634375,1,7505.353727,True,True,0.004552769066757776,0.5035686171788212
7.127347,1,7506.963651,True,True,0.004532343218513215,5.031386758715205
9.217063,1,7508.640958,True,True,0.00019263702086423873,1.2488894634637553
8.438814,1,7510.186207,True,True,0.002361106414457415,2.6613068221090757
7.042439,3,7514.33432,True,True,0.005936781028712591,2.8950589621496787
9.727585,1,7515.87229,True,True,0.0014437160949984946,0.3317326431491167
0.514169,3,7518.59662,True,True,0.004295987189676268,16.69161497536612
7.012155,2,7520.203602,True,True,0.009282466281378578,5.081898356929179
9.389484,1,7521.763624,True,True,5.174232758549564e-06,0.9407705201756306
7.526726,2,7523.302295,True,True,6.630383161812465e-10,3.0000246041542145
6.652049,4,7528.3359,True,True,0.005375934034287197,4.303950788341154
-0.200944,11,7530.861348,True,True,0.0022820340090364153,9.509993344697788
8.128303,1,7532.396033,True,True,8.943497581821291e-05,3.2189298542395752
8.104338,1,7533.625683,True,True,0.0024440028860417753,3.2654900414549104
6.889871,5,7540.94721,True,True,0.004032821771535479,4.039285726575508
9.500238,4,7547.478387,True,True,0.0014193206692811211,0.20062762956311622
7.021442,4,7552.51786,True,True,0.0011137451896206917,3.550390559695015
7.60793,7,7562.676774,True,True,0.001379672634992241,3.0457835754081684
8.647362,4,7569.314549,True,True,0.0005259585716578669,1.3641750905434695
3.162204,4,7575.569625,True,True,0.00013191111066495655,12.376914922758965
8.486881,1,7577.068337,True,True,0.006103317188548562,2.5787038353768503
8.392434,1,7578.841577,True,True,0.005590056435788263,2.745901448132796
1.946195,4,7584.368804,True,True,0.00010120988305179456,12.880134361973884
8.916536,1,7586.066063,True,True,0.005604189828590626,1.80227735971219
0.694674,5,7589.47227,True,True,0.0055770150009096095,16.51979119848505
7.615001,1,7591.236312,True,True,4.6051819302395103e-10,4.146430722451332
4.244195,16,7601.917495,True,True,0.002095792047589141,8.681170922539703
9.445646,4,7604.570086,True,True,2.573152990955653e-05,1.0880454840390246
9.734755,1,7605.758447,True,True,0.0012781146346374575,0.31854608697020487
7.59854,2,7608.080377,True,True,0.0003538872633550272,3.8210402767969174
9.690352,3,7611.889953,True,True,7.177028285105906e-05,0.032044458298899965
9.880026,1,7613.488754,True,True,0.00011656705877009614,0.04972826306353216
7.89158,2,7614.757685,True,True,1.1234438908640926e-05,3.497695789090596
9.728541,1,7615.935067,True,True,0.000190959776955909,0.3282567209334168
9.123058,1,7617.153942,True,True,0.0031312456687451777,1.4258019649114626
4.337757,32,7629.211207,True,True,0.004867691984765527,3.2242423022102105
5.705369,2,7630.305009,True,True,1.563420978110883e-10,6.706926582847837
9.707418,1,7631.652123,True,True,6.334521644481023e-05,0.3662550967439727
8.032238,1,7632.742944,True,True,0.00118090432386453,3.394252161892491
9.06732,1,7633.955842,True,True,0.0015008139095860906,1.5243470592558377
8.97466,2,7636.954184,True,True,0.011800406566422878,1.1151956396801324
7.227675,4,7640.759412,True,True,0.002921651970972935,3.596205406387695
6.561824,1,7642.248927,True,True,0.00026579142801088105,6.047963075657352
10.571323,2,7645.11279,True,True,0.0003271644009158227,0.1356453956096346
8.280828,1,7646.720101,True,True,0.0002912562901803417,2.9392575273314834
7.261216,4,7651.97212,True,True,0.0015210632351796982,2.9996641569655687
8.389244,1,7653.542164,True,True,0.0010943814912587695,2.749331435519209
6.511908,2,7656.500527,True,True,0.00023512466246640207,6.0409255388307015
4.459717,1,7657.733368,True,True,0.0026294203299833435,9.842307415166095
4.958148,4,7661.598011,True,True,0.006857513366318314,7.904973811715705
2.804726,1,7663.147859,True,True,0.0013468387326449616,12.828265263851472
7.313083,2,7666.477851,True,True,0.011775594414045154,3.491438408965278
9.907321,1,7668.149952,True,True,6.171248581599009e-11,0.002562419083354238
8.862045,2,7671.435124,True,True,1.0039572399811458e-07,1.3335572900046362
6.437805,2,7674.608946,True,True,0.0007973078314952417,6.03808053418755
7.74247,1,7676.11892,True,True,0.010013494281422133,3.9213345405728495
8.172657,1,7677.666396,True,True,1.8276479144018094e-05,3.1392589265018143
8.760214,1,7679.307043,True,True,0.005416645488646236,2.084386181593559
6.474465,4,7685.013395,True,True,0.0003230854927001761,5.413072202214888
7.445863,7,7691.563542,True,True,0.000616939619700072,3.0176016551164504
9.763916,1,7693.00715,True,True,2.585544838840188e-10,0.26404795634131073
9.078352,1,7694.802776,True,True,2.898546060361008e-10,1.4999686871552282
4.14677,1,7696.258183,True,True,0.008934568314764135,10.412957200683193
9.844532,1,7697.805686,True,True,0.00021118586255753098,0.11435860157298952
9.051367,4,7704.206127,True,True,0.0030194315871324862,0.8402773965196241
5.012013,3,7706.990643,True,True,0.0072373981941246755,8.168195235370547
9.906164,1,7708.547617,True,True,1.0700745844971493e-10,0.002564533950671587
7.526422,2,7711.12112,True,True,2.6649222032663206e-10,2.9996350414172435
9.156719,1,7712.732213,True,True,0.005767107634383706,1.3638967609856711
6.259511,2,7716.041496,True,True,0.0018318217071701432,5.49064699941936
7.763652,2,7718.745942,True,True,0.0021748366529101386,3.7601879347854803
2.81162,5,7724.087114,True,True,0.005074122631577807,11.888900893045442
6.813646,4,7729.907932,True,True,0.007526346121594713,4.02232063532803
5.73802,1,7731.485011,True,True,0.005712571824009239,7.537783593950704
1.244657,3,7734.783998,True,True,0.00016094491583264377,11.802175795610268
8.892522,4,7738.88159,True,True,0.005828143797018543,1.4094626364042808
6.849239,3,7742.457812,True,True,0.0024268285669903768,4.481034694806048
8.249329,1,7743.936562,True,True,1.9701965059404358e-10,3.0000533703194314
8.607761,1,7745.550721,True,True,0.004208075416038817,2.3583284585119797
6.05627,3,7747.106489,True,True,0.0003673402731532646,6.529773593681603
0.542893,4,7748.817735,True,True,0.0007131489876856887,16.586182160856787
9.833233,1,7749.995046,True,True,0.00031667520518653344,0.13463787230157848
9.071688,3,7752.232712,True,True,0.006398567382223483,0.8813814023007214
4.986132,1,7753.345081,True,True,0.009125778724460899,8.899216992962367
7.869822,1,7754.406923,True,True,0.0029759471843741198,3.689066329116076
8.246795,1,7755.554319,True,True,6.44311180594368e-11,2.999982004583256
9.908581,1,7756.55373,True,True,4.957991091944602e-09,0.0025644957208246716
9.889421,1,7757.85008,True,True,0.00015421902151101002,0.03704015073654541
8.077301,3,7758.988408,True,True,4.695775997762819e-10,2.785502045869328
7.557657,1,7760.135995,True,True,0.009882306839175611,4.257271295930598
8.598825,1,7761.317914,True,True,0.005595915397078257,2.3738020990174737
8.042232,8,7769.207358,True,True,6.98259268864435e-05,3.056388441748251
7.636264,1,7770.854555,True,True,0.00013254538062855946,4.108181947902237
8.235341,1,7771.92879,True,True,2.9643664753181773e-10,3.023921200570324
8.061203,1,7773.501033,True,True,0.00043491697256274413,3.341066337028343
8.273931,1,7774.70173,True,True,2.632104256772294e-11,2.9545555007321043
7.409036,1,7775.818261,True,True,0.009460733296099104,4.52769946196909
9.12879,1,7777.363961,True,True,0.0006297414237919507,1.412482263618688
9.822625,1,7778.919226,True,True,8.067890105989406e-12,0.15255070059014575
9.900644,1,7780.436636,True,True,2.225817204485877e-05,0.010824171698422393
9.908581,1,7781.603035,True,True,3.9004268942307296e-11,0.0025641794855519886
7.542107,1,7782.741096,True,True,5.770669153620129e-09,4.2780705656722
0.875073,2,7784.41865,True,True,0.00038671199726671157,15.698239290186219
9.770052,1,7786.139579,True,True,8.469331234099275e-05,0.25307872532712133
10.455686,2,7787.737674,True,True,2.6740942793423983e-11,0.0025789667092021135
9.576027,2,7788.862965,True,True,0.0029464367786786326,0.9929910824549358
7.912414,2,7791.074504,True,True,0.0050948036810997376,4.06351333737664
8.524329,1,7792.607412,True,True,0.0001417750368778345,2.503703156421518
9.906898,1,7794.262897,True,True,1.4419859113806037e-11,0.0025623621888722645
8.376861,1,7795.977075,True,True,0.0025611103305976635,2.7734379320676963
1.422384,4,7801.695396,True,True,4.757683018922717e-05,14.46323358130057
1.84495,1,7803.333954,True,True,0.010739283709574866,14.564197467348333
9.568797,1,7804.538939,True,True,0.0025081877859284424,0.6195414795450449
8.293574,2,7806.095864,True,True,0.001524036411492409,3.020682498182661
-28.941981,60,7875.39078,False,True,0.03244086372755788,87.66828045091107
8.04989,2,7877.973536,True,True,0.0021231051179471183,2.6602287334078802
8.104339,3,7880.693685,True,True,0.001262965094110653,2.8601326601561867
8.125723,3,7883.704035,True,True,0.004549576615132075,4.59292059206589
9.907947,1,7884.910999,True,True,2.5618584202873262e-09,0.002564045020446424
8.661686,2,7886.553374,True,True,0.010376241287331113,1.7002310689574203
-36.761678,39,7905.045732,True,True,0.0077013536942543235,12.819028594104257
-14.645025,60,7976.453371,False,True,0.021587581759929517,22.286639201745132
9.905914,1,7978.141268,True,True,7.495576798133285e-10,0.002567005459180249
4.23247,1,7980.07031,True,True,9.167242312480006e-11,10.251897485990572
-22.813848,60,8012.352033,False,True,0.00942554421187243,27.898085491948414
8.055926,2,8014.482987,True,True,0.004703187067255702,3.534743498040057
6.849414,5,8017.158358,True,True,0.0025075619580615573,3.3822270486111097
7.90248,4,8021.239989,True,True,0.001229851983505656,3.854377122629231
0.470537,5,8026.750391,True,True,0.0035380486234574127,16.23463976588946
9.493823,2,8029.518368,True,True,0.0023211088659275576,2.81381646032677
5.557373,3,8031.312433,True,True,0.011818825705942164,5.765793704073921
8.56848,1,8032.858886,True,True,0.006087729586766371,2.4299256642712797
2.529417,2,8036.116351,True,True,0.0046709104165024206,13.131663928636636
6.588214,2,8037.717489,True,True,0.004802555745019826,5.868236345213458
7.5898,2,8040.517573,True,True,0.0005303954658546799,4.045761517699261
9.872293,1,8042.119918,True,True,1.1328714836090063e-10,0.06499407318213254
5.425512,1,8043.882492,True,True,0.004389173644122337,8.102416158575773
7.917021,2,8047.108315,True,True,0.000441977339800584,3.8910994890550943
9.344245,1,8048.78665,True,True,0.003026482452119214,1.022335985387637
7.034859,1,8049.85987,True,True,0.00852444981118621,5.202395954229147
9.908206,1,8051.550417,True,True,2.3139842922671238e-10,0.002562403295262128
7.314692,2,8053.142911,True,True,0.006623556352576905,4.556793375856239
6.395745,1,8054.772798,True,True,5.2176610288236974e-11,6.347071168385052
7.045268,4,8061.03944,True,True,0.005985876859118526,2.8348670870510153
4.137546,3,8065.048012,True,True,0.005154097778669009,9.183497950221689
-0.178661,11,8074.048952,True,True,0.00889649281118765,15.017295009595617
8.563389,1,8075.68701,True,True,0.006154686894668329,2.4402425451949346
9.15893,1,8077.275898,True,True,0.00031616559434391456,1.3578143321319471
9.186873,1,8078.848675,True,True,0.00550282255645647,1.3132789827113198
6.552825,1,8080.716468,True,True,0.004406567563510155,6.068599339134704
-17.76181,60,8128.382299,False,True,0.035459931550593064,41.6713549599717
7.459198,1,8129.528514,True,True,1.2375430193722782e-10,4.427476749706005
5.773848,3,8132.305302,True,True,0.0013203142727064455,6.449602311540253
7.588148,1,8133.418008,True,True,0.0005082133922008579,4.195119287585418
5.685055,2,8136.114917,True,True,0.005267203136601511,6.6817722860333
7.91323,2,8138.939373,True,True,0.0054639351574719275,3.4828545370203834
8.151914,3,8143.410284,True,True,0.0011936963674880957,3.083618903629488
8.029245,3,8147.148853,True,True,0.0019626781774733275,4.217195250226291
7.830697,1,8148.811056,True,True,2.7919319633973316e-10,3.753636234018363
2.919364,1,8150.379838,True,True,2.0394682034765438e-06,12.620595271032435
9.770035,4,8153.140724,True,True,0.0015189248298129007,0.29246381496622587
6.141264,1,8154.419239,True,True,0.005230941046117852,6.808905115670835
8.65149,2,8157.378278,True,True,4.1956773612824736e-05,2.42302893598828
5.61658,1,8158.613964,True,True,3.259129077726186e-12,7.753012572259898
2.660825,4,8165.440162,True,True,0.005284310157017392,12.444181926252568
-25.446085,23,8186.51544,True,True,0.011140266381546299,6.078734177304204
4.075252,6,8188.017185,True,True,0.0023448154940459496,9.383889224492272
6.822598,4,8189.312382,True,True,0.005754914711369755,3.1472058210919513
6.591851,1,8190.428015,True,True,3.5517507783323736e-06,5.993869061714073
6.126398,1,8191.591034,True,True,0.00043449927912863636,6.833334348287031
8.622169,1,8192.745094,True,True,0.005253649671078983,2.3328445190307185
2.763301,2,8193.856843,True,True,0.004714475601874827,11.301848803460445
8.004753,1,8195.012134,True,True,0.011936253290760965,3.454517756091558
5.634109,2,8196.221918,True,True,2.292131291569437e-09,6.90646493502272
8.385586,1,8197.969671,True,True,0.001676966466962207,2.75645153889359
8.312403,1,8199.703973,True,True,0.01199726271478695,2.897756539978559
9.259332,1,8200.736703,True,True,0.0030379365125947737,1.1799413661198725
8.320069,1,8201.875016,True,True,5.167490972577543e-05,2.873021943075178
5.666829,1,8203.428298,True,True,0.004652274078005393,7.66687668945747
8.386124,1,8205.12058,True,True,0.00033841585482607804,2.7533183534135275
7.536055,2,8208.027527,True,True,0.0008884661961887155,4.143941856345766
2.860596,3,8209.831632,True,True,0.0038738509824698796,11.562353054573697
9.188931,2,8212.574148,True,True,0.004921138194356298,1.2678290197658224
6.590087,1,8214.287399,True,True,1.0342890904629573e-10,5.996138897458713
5.133898,4,8218.587535,True,True,4.219543097086549e-05,6.009323510219554
9.282933,4,8221.969881,True,True,7.736720872842696e-05,1.531909860334442
9.053666,8,8226.005758,True,True,0.002321373412238677,1.5809796344693623
7.943977,1,8227.608972,True,True,0.0016032538281477578,3.553353385478524
9.647093,1,8229.233015,True,True,8.112402252762876e-05,0.4753099597419969
7.566729,2,8231.079247,True,True,0.007925501421693668,3.946465078987332
8.222774,2,8232.700263,True,True,4.4578473455890865e-05,2.8923568424469246
8.961295,2,8235.687808,True,True,0.0028938834838587446,0.8077848818582303
6.746647,16,8253.910254,True,True,0.005269551489518177,5.952261756580517
7.48851,1,8255.786792,True,True,0.005979746469021215,4.3788057513088186
9.300079,1,8256.96512,True,True,0.004544358797678755,1.1047427444715392
8.434998,1,8258.695761,True,True,0.002347132411718203,2.668183385619762
9.733998,3,8261.26458,True,True,1.895157641929046e-11,0.0025632225830134
8.906402,2,8262.907941,True,True,0.0001116965898016178,2.0980575319227777
6.715287,1,8264.515112,True,True,0.011966987864678265,5.780206230296193
4.445662,6,8271.318332,True,True,0.00935049592416464,11.15183190331391
6.508829,1,8272.929766,True,True,0.00589613164882932,6.14886895973837
8.05967,1,8274.582957,True,True,0.001619045881298211,3.3450046289058073
3.108006,1,8275.653672,True,True,6.760581807112964e-05,12.280395592888022
7.885807,1,8276.820404,True,True,0.0035572880968980317,3.661126721565413
4.742892,1,8277.983613,True,True,0.0007223334823582284,9.331161027631634
8.51577,3,8280.913259,True,True,0.0027011867216425595,1.9765677464129274
9.670576,1,8282.57532,True,True,0.0023451207719947785,0.43598281242884995
6.483231,6,8287.130984,True,True,0.004208355289561377,4.3610571762522765
8.249758,1,8288.243416,True,True,2.4428753386377593e-11,2.9999671770305487
7.170761,2,8291.03867,True,True,0.0008737771710045794,4.136110240794964
2.90377,2,8292.169194,True,True,0.0013656613257611687,12.525601540762855
9.495918,2,8293.388992,True,True,0.0011709074708533239,0.49342071957009953
7.95122,5,8294.689467,True,True,0.00045405462599447947,2.898451376324549
8.470362,1,8295.848424,True,True,0.010230765531954775,2.612945791381318
2.376913,2,8296.938647,True,True,0.0002767683551952588,13.566353031558297
-12.32203,60,8319.946881,False,True,0.03650811907161203,52.39936440344352
8.027098,1,8321.660521,True,True,0.004042870687104213,3.403801292140042
2.159026,8,8325.11487,True,True,0.003579121182052435,13.589609196958076
2.267458,3,8328.631385,True,True,0.00984314645192884,11.651067801801487
-9.468623,16,8341.798039,True,True,0.003049760532997963,7.036425863693162
6.44503,1,8343.471271,True,True,0.002145321759647963,6.2610268713057735
7.856497,1,8345.160469,True,True,0.006067816396103658,3.7134078517148708
5.882685,2,8348.45725,True,True,0.0047370364853971695,6.301411736692358
9.709047,2,8351.278765,True,True,0.00039891749916808744,0.10292744559899294
2.442203,1,8352.823922,True,True,9.419177764147246e-11,13.481171846337759
8.299526,1,8354.559678,True,True,2.7402971268974536e-11,2.9094926764932327
6.585637,1,8356.10934,True,True,0.011765389782774199,6.01249408085463
8.808945,1,8357.714213,True,True,0.0021659326115523294,1.9920920623368992
9.500834,1,8359.374735,True,True,0.0038108264512396774,0.7446100796772451
6.844978,9,8365.425814,True,True,0.00412952037202766,4.062006627673299
9.785163,1,8367.190776,True,True,0.000325411814417466,0.22123721078357964
8.047981,3,8370.98569,True,True,0.00014406006644643857,3.033727147466462
8.223307,4,8373.372,True,True,0.006042966336634037,2.3391313106739102
0.981338,1,8374.506638,True,True,0.0048967252059496725,16.1180321841595
9.783091,3,8377.312649,True,True,3.1012389184459366e-10,0.022730450688829354
9.432916,1,8378.380281,True,True,0.004214792733364734,0.8678301417248246
5.604965,1,8379.424631,True,True,7.943151459069518e-05,7.775334773572052
5.893949,1,8381.113571,True,True,0.002870094676909892,7.256319987226613
4.74102,4,8385.019421,True,True,8.10266298529325e-05,8.667007048495554
6.283779,5,8390.756378,True,True,5.35694815856913e-05,4.269933635938651
8.240618,2,8392.944195,True,True,0.00596466105986126,2.873601119470727
7.047292,2,8395.155237,True,True,0.005855669242037856,4.131867743262588
0.379796,9,8404.849152,True,True,0.004916490233022329,11.72751169246305
7.050107,1,8405.957695,True,True,0.0035981161986523864,5.162541737618042
9.978437,2,8409.265563,True,True,6.001642585684586e-09,0.0025648589524133376
6.303765,2,8411.001018,True,True,0.00514641660696271,6.480685328882286
8.067911,2,8413.276409,True,True,0.003491734535274084,3.6281353346240253
4.227757,3,8417.137346,True,True,0.0005105125129627912,8.507091594576119
6.797312,1,8418.691351,True,True,0.0006690921166010964,5.623619518677438
6.706019,6,8423.223847,True,True,0.005331842996251487,3.2237776100765405
9.351228,1,8424.819569,True,True,0.0014956476914319693,1.0102121740877756
3.833664,1,8426.399578,True,True,0.0057227966440898306,10.975496510073157
9.807231,1,8428.337783,True,True,0.00032965331417410336,0.18622821384820332
2.958411,2,8431.565342,True,True,0.006371965473426964,11.372435301138129
6.414879,4,8438.106863,True,True,0.005366824207577697,5.825975231248755
9.285049,1,8439.150662,True,True,0.003974216128415318,1.134079415557789
4.966002,1,8440.81401,True,True,0.0026399878555124897,8.930574902204327
9.865737,1,8442.440589,True,True,1.628227934424853e-11,0.07750694444976775
9.099628,1,8444.037448,True,True,0.006063845334180625,1.4713951101033185
7.598726,1,8445.169526,True,True,1.0758862149819073e-10,4.175319784510655
5.669373,3,8448.02484,True,True,0.005607201479395575,5.783050484337036
5.886532,2,8451.29176,True,True,8.547886311748469e-10,6.094462070086832
7.206583,1,8453.085968,True,True,0.005830871892510955,4.886722978936635
8.626156,1,8454.275761,True,True,1.7806515983931348e-10,2.3200092442582636
9.907912,1,8456.032232,True,True,5.716737092294127e-10,0.00256493483232916
1.024592,3,8459.995836,True,True,0.0020850860889616847,15.777477119276544
8.528651,2,8462.702268,True,True,2.966701344253115e-11,2.9610498703547043
6.719616,3,8467.642902,True,True,0.007499784329943873,5.214667735045861
9.906219,1,8469.269732,True,True,5.816821163628916e-09,0.002562354650258621
8.467564,2,8471.544884,True,True,0.005292277648353565,2.4661608319843134
2.406976,10,8482.833383,True,True,0.009455716292475136,11.65092074879139
7.797966,1,8484.601224,True,True,0.010217671265595807,3.822566848731316
9.664578,1,8485.671933,True,True,0.0024104604528894405,0.4469087938165443
9.857119,1,8487.370297,True,True,0.0001368849726803706,0.09159756263068967
4.516713,1,8489.042928,True,True,0.004166949940034542,9.742261284866577
8.249785,1,8490.756922,True,True,3.513140919733298e-10,2.999918180270826
7.659544,1,8492.37586,True,True,9.321323012945118e-11,4.065988240371852
8.273447,3,8494.644829,True,True,0.0015295927172007742,2.689362333364879
5.888861,3,8499.456793,True,True,6.5549736022046945e-06,6.6874641695250725
3.26721,1,8501.086294,True,True,0.0005121399259400729,11.993551944198181
8.723795,2,8503.968234,True,True,0.0049193114264319965,1.955605008056272
9.506707,2,8506.616053,True,True,0.003054165724110264,0.5755384881968446
1.341633,7,8514.203662,True,True,0.0048896790744995,12.04077997089076
5.467795,1,8516.025851,True,True,0.005319647606265757,8.027389589076797
9.90783,1,8517.9244,True,True,2.1864939103973368e-10,0.002562781329341193
9.600918,1,8519.743384,True,True,0.0021806914815620812,0.5609473945907727
9.424341,1,8521.688942,True,True,0.004280771194824862,0.8834054481960714
9.906133,1,8523.553902,True,True,9.68671137747165e-11,0.0025623968946565335
8.729924,1,8525.270602,True,True,0.011614867912184405,2.1457599772128306
1.747677,2,8528.390277,True,True,0.0004922208581019383,14.336701586399396
6.401559,12,8545.123625,True,True,0.00481048161810988,6.391161772032463
3.709887,1,8546.782606,True,True,0.0002249834024741406,11.187433791824665
9.364453,1,8548.294147,True,True,7.45747590804311e-05,0.9860993435373712
9.152262,2,8549.893683,True,True,0.0019071715133158855,0.9959906997877395
10.55365,2,8553.735005,True,True,9.507429652583221e-11,0.002568330930889783
7.444744,2,8557.084826,True,True,1.0866835209455417e-11,2.97605650917889
6.957375,2,8559.93348,True,True,0.0007699473164731758,4.444036583618833
5.43475,2,8562.621841,True,True,0.003104487126281501,7.5163716447130815
7.417624,1,8564.276367,True,True,0.0019326504512523163,4.504977544428695
7.867788,1,8565.875233,True,True,0.002943274360736728,3.693222125360135
7.021386,2,8569.213498,True,True,0.002653238579615567,4.998952575638197
7.345019,1,8571.008207,True,True,0.0009078714390455961,4.634204803041684
8.332705,1,8572.404888,True,True,1.0781268132752946e-09,2.8497067639159193
1.809023,1,8573.822497,True,True,2.098414358440992e-05,14.623020461408762
8.614295,1,8575.56295,True,True,0.0011747353640586987,2.3425236107437777
10.004434,2,8576.872129,True,True,0.0030754134959136885,0.698263645453688
8.079687,1,8578.084022,True,True,8.766575439225072e-05,3.307270296752306
3.101429,2,8579.737062,True,True,0.005581565659845239,12.270995808276544
8.782423,1,8581.508724,True,True,8.117045190561556e-06,2.036859941659355
9.741072,2,8585.029234,True,True,0.004210365554774696,1.823566965027784
9.908519,1,8586.66067,True,True,3.104508252283093e-10,0.0025739478626414687
1.219563,6,8597.30355,True,True,2.629117904233419e-06,14.291232114514179
9.815537,1,8599.129371,True,True,0.0007491126987789087,0.1713861109768901
4.471609,1,8600.625957,True,True,0.0002174209518914969,9.82061653714688
7.921082,1,8602.232492,True,True,4.419542441215984e-05,3.593687633416731
7.544922,4,8604.081407,True,True,0.004221451693067402,4.17538748361793
8.123026,2,8607.785518,True,True,0.0012001286714913174,3.0797989271038513
7.372508,3,8612.588461,True,True,0.005556211839275613,4.299895807168461
8.156266,2,8614.192816,True,True,0.002407149226546284,2.884431211294467
3.563156,1,8615.648792,True,True,0.0038939829546627436,11.462129513609362
9.70902,1,8617.115988,True,True,0.0013439962810932599,0.36435314238953603
6.087205,1,8618.669371,True,True,0.0024506610330400514,6.907161477592209
5.196289,2,8622.213645,True,True,0.004819115351126012,7.278174580235839
3.627017,9,8635.474767,True,True,0.0040125268757806405,9.867152821286805
5.596436,3,8639.566562,True,True,0.011716882332431136,6.700797805361066
7.136012,1,8641.119227,True,True,0.004888115521698558,5.015317632627935
9.841763,1,8642.601312,True,True,2.1921974103551126e-05,0.12337360908972135
7.648078,1,8644.054009,True,True,0.0022641729292894714,4.088811067355658
6.33663,1,8645.550187,True,True,0.0037713008081024712,6.458210160255969
7.494198,1,8646.897051,True,True,0.0032629756125994343,4.368129538099758
5.495338,1,8648.389722,True,True,6.825761128133627e-05,7.973175264394184
8.670698,1,8649.896966,True,True,0.002144699348186712,2.242201855508377
7.645602,1,8651.497509,True,True,0.001408129785990109,4.092746808167125
6.053242,1,8653.029056,True,True,0.002332758937088437,6.968349847551161
7.774886,2,8655.894918,True,True,7.491777938748853e-11,3.918866748506744
9.491901,1,8657.417824,True,True,8.795825576131678e-11,0.7555422341593578
8.447078,1,8658.863467,True,True,0.004250718745115192,2.6485717530224537
2.349958,6,8667.770571,True,True,0.00044539183310001937,12.9815845919721
7.390997,1,8669.150663,True,True,0.004718669107100683,4.555943246207194
7.361755,4,8674.774136,True,True,0.0001733536328820673,4.150384226798567
5.98322,4,8678.33849,True,True,0.0015089438691082548,5.615798843719095
8.203388,1,8679.580274,True,True,0.0005669143344022021,3.084407634864912
5.988656,1,8680.74012,True,True,0.004801626158213682,7.08711149044079
7.526142,2,8682.618253,True,True,4.0017370466840577e-10,2.9999952091532562
8.011379,1,8684.470731,True,True,0.0021874379165284646,3.4330775675388243
6.789857,1,8686.284652,True,True,0.0036108731485072496,5.639076663321499
8.915129,2,8688.208069,True,True,0.0015877689440562323,1.266396313017685
9.832976,1,8690.011155,True,True,0.000604455148790331,0.13958234729730412
8.698611,1,8691.841285,True,True,0.00019905959290502908,2.18726126424534
-7.743242,14,8703.992894,True,True,0.006174779360642636,4.339154660855429
8.091629,1,8705.505093,True,True,0.0009840709667324182,3.286758188458004
7.158607,3,8708.275593,True,True,3.793233872696537e-11,4.223752452667823
9.856212,1,8709.79386,True,True,3.843017110858639e-06,0.09722965765674721
-46.661469,53,8745.272485,True,True,0.00011610682032131645,17.65248506679342
9.908579,1,8746.800397,True,True,6.695599238941344e-12,0.002567698230541291
8.608323,1,8748.015505,True,True,0.00533796648579456,2.3538591558188835
8.646463,4,8750.846565,True,True,4.8079595860173185e-11,2.130727370332478
5.921431,2,8752.258603,True,True,0.005268328801858721,7.065140339987232
8.270131,3,8753.995369,True,True,0.004074359068245349,2.6722329776835076
7.680153,6,8757.929655,True,True,0.0029022916690584918,2.3249602859288734
9.422421,1,8759.074166,True,True,0.0004057959764811247,0.8817956478332168
8.249494,1,8760.090371,True,True,1.1140373480524986e-09,2.9996501181497184
2.620627,2,8762.510054,True,True,0.0011520342677228852,13.180551269527701
9.908582,1,8764.154546,True,True,1.3087634517794378e-09,0.002562345262520059
8.194852,3,8768.31875,True,True,0.00604709461342207,1.4653335123678242
0.52709,6,8776.386315,True,True,0.0001530212474145211,13.7090215144452
4.851446,1,8777.500246,True,True,0.0012670050781432834,9.136140753033937
1.650099,1,8778.926459,True,True,0.00048652455391603663,14.909873112304169
9.904896,1,8780.591802,True,True,3.760561758611203e-11,0.0025624015884355327
9.905511,1,8781.724225,True,True,6.982258937693331e-10,0.002562581510149019
9.035421,1,8782.946883,True,True,0.0004769339910306175,1.5770554599767876
8.557908,1,8784.542691,True,True,0.002381350833445217,2.444721117979227
9.908582,1,8786.358443,True,True,2.9221769413945164e-09,0.0025624280441199996
8.554356,1,8787.969982,True,True,0.007344121533169601,2.4579091988638497
8.528721,1,8789.411669,True,True,1.4661074739310445e-10,2.4959718991544495
4.357582,1,8790.98641,True,True,0.00021022047326493213,10.026341398540213
2.491756,13,8810.527303,True,True,0.004830726416572345,6.79903305255113
7.562013,1,8812.083093,True,True,3.78971273715443e-10,4.238771332747425
0.869725,1,8813.773057,True,True,0.009941549873865689,16.321660719147605
6.358765,1,8815.299212,True,True,0.0007812092045823144,6.414396900962412
9.504462,1,8816.427342,True,True,0.0037767534116091355,0.7372767441628427
4.133418,2,8818.118908,True,True,0.003977575295410954,10.154572531250496
8.577085,1,8819.731596,True,True,0.004199796705953135,2.413720004158506
0.490255,1,8821.256036,True,True,0.00015425337121315703,17.00084460775957
7.528253,2,8822.924205,True,True,1.075742371596051e-09,3.0000190601189334
9.908094,1,8823.971025,True,True,1.0051949213848977e-05,0.003459192550404484
8.965943,1,8825.382368,True,True,0.006273905022387269,1.713820832859102
9.904792,1,8826.513721,True,True,2.1374170489085742e-10,0.0025650301763817853
8.741267,1,8827.570148,True,True,1.845520761681633e-05,2.1120688260926612
7.360844,1,8828.7071,True,True,0.004115909718812771,4.6097684727936
8.27977,2,8831.389712,True,True,2.554240569052624e-10,2.3328411802074083
6.598027,1,8832.674654,True,True,9.349073833768429e-05,5.977187055470354
9.20267,1,8834.241785,True,True,0.004483380829099947,1.284107644101813
7.857466,1,8835.809756,True,True,0.009973500326925186,3.719056341665143
7.846447,1,8837.462757,True,True,0.005913664789839073,3.7292340016792456
7.456874,1,8838.974651,True,True,0.006141210365171412,4.435134529002317
5.079307,1,8840.475271,True,True,0.0029587220586703156,8.726402096954367
8.363439,1,8841.977417,True,True,0.0055667143214976475,2.800412043447256
5.380996,3,8845.900538,True,True,0.0007597100542600151,8.261337797661744
2.126591,4,8849.932701,True,True,0.0002646679082075245,11.920668386397843
7.732886,1,8851.42793,True,True,0.00025493850857007377,3.933824478552636
8.2182,1,8852.715513,True,True,0.005238346893867089,3.062984749146533
4.146785,2,8855.724087,True,True,0.005939847629274349,9.607565199453447
0.53799,3,8859.360591,True,True,0.003714297969513302,13.941714112461323
8.984889,3,8863.816492,True,True,5.0787425672253576e-05,2.6358337738518043
4.298242,1,8864.892196,True,True,2.11632759927749e-11,10.133233174925358
8.974903,1,8866.518721,True,True,0.008466651952031166,1.6991597530481781
2.517668,3,8869.55459,True,True,0.001142781925153621,12.985142585684358
7.967559,1,8870.76852,True,True,0.004058006908136541,3.5140316571907158
9.807467,1,8872.383222,True,True,2.5959133818437697e-10,0.1846410864160488
8.323902,1,8874.095031,True,True,1.27460387748302e-10,2.8660349380956247
6.502742,1,8875.815879,True,True,0.0004498527290929463,6.1551868107221015
8.031371,3,8881.256581,True,True,0.0011977555489128349,2.711944177186688
6.195025,1,8882.99597,True,True,2.2841978672268606e-10,6.706067540722365
6.420729,1,8884.827917,True,True,0.00035890937197223527,6.301579130481344
8.185112,3,8889.462299,True,True,2.9280028973555777e-05,2.815451971073833
7.676788,1,8890.933961,True,True,0.003556467924009876,4.03792100315617
4.930539,2,8893.087765,True,True,0.00044367847287880065,9.02239153555658
6.665437,1,8894.13055,True,True,0.004754023659063472,5.865672329324372
1.162063,1,8895.773138,True,True,0.002374570695016464,15.790887725786156
5.439105,2,8898.532691,True,True,4.308760978871673e-05,7.931373043815154
7.266982,1,8900.12372,True,True,0.0002479650917231735,4.772045293051228
7.373678,1,8901.868132,True,True,0.008602609325569038,4.590970011816679
7.288896,1,8903.016796,True,True,0.005702674465985408,4.737919423757898
1.230028,2,8904.89762,True,True,0.00032777789324169374,15.45735668055991
7.042561,2,8907.292702,True,True,0.008041527680104799,4.640295283847116
5.516001,1,8908.873448,True,True,0.0051735373664441526,7.940292798578568
9.232854,1,8910.421323,True,True,0.005059858778954773,1.2302862975038598
7.305636,6,8914.561749,True,True,0.004178794611828158,3.467894250080763
9.057906,1,8915.693014,True,True,0.00018520000654666404,1.5354330747216178
9.905312,1,8916.837823,True,True,4.3864531451554e-10,0.0025687781835257366
3.468772,2,8918.952951,True,True,0.00518124103676121,9.195457853635315
7.22908,1,8920.107138,True,True,0.009981442087110754,4.852724981796615
6.289112,1,8921.28897,True,True,0.008984145810663511,6.5484990948429
7.642079,2,8922.493428,True,True,0.00017439728632520635,3.9600126871339074
2.444809,1,8924.264699,True,True,0.005514401468273119,13.47991025513388
6.229494,1,8925.928271,True,True,8.672843951689676e-11,6.647564026838056
8.388616,2,8927.528549,True,True,0.0017399717793878551,2.6555304260100203
9.764892,1,8928.584697,True,True,2.698591528282575e-09,0.26228534706468926
1.231515,1,8929.686386,True,True,0.004052430744043744,15.666586698559748
9.108775,1,8931.246973,True,True,0.005098255283597641,1.4538867614077688
7.930132,5,8937.993551,True,True,1.7780745625861627e-11,3.000252451446806
9.896882,1,8939.385151,True,True,4.506799752493438e-05,0.020290992816190897
9.051936,2,8942.080344,True,True,0.0029014419861699728,0.688482928871891
5.58997,1,8943.363709,True,True,0.0006071211347430548,7.8028769162062614
6.61094,1,8944.567452,True,True,2.27978315912869e-10,5.959403198154671
8.725533,1,8945.669432,True,True,0.004739579698144101,2.146239105054054
-14.186126,60,8989.14913,False,True,0.007726802223659386,18.91619750082249
8.582305,1,8990.243801,True,True,0.005063397442973801,2.403753323239409
7.986999,2,8992.339913,True,True,0.004736937314245782,3.3196949550664256
2.130267,4,8996.970585,True,True,9.743445633647596e-12,13.470820294215926
2.338785,3,9001.017699,True,True,0.0056453430485458155,12.096336402567715
5.730316,2,9003.703778,True,True,3.202737178937577e-06,7.095068871697856
6.859318,1,9004.937869,True,True,7.911479804612043e-11,5.505934742482603
9.002392,1,9006.400704,True,True,0.005360483010681026,1.646067680398372
7.714545,1,9007.876298,True,True,0.004550569928832126,3.9709488426417163
7.354782,2,9011.086088,True,True,0.0036359738763813345,3.9437154584407366
5.288882,1,9012.216496,True,True,0.005555194179705861,8.348041292912908
9.814893,2,9015.195944,True,True,1.239688555469844e-08,0.0025629815595650143
7.511865,2,9017.839577,True,True,0.005902440246765284,4.153619449758876
9.907825,1,9019.438463,True,True,5.354977745952727e-12,0.0025626931548212045
8.960354,1,9020.805781,True,True,0.004539745043167786,1.7212709595839202
9.908328,1,9022.137031,True,True,4.70550014091321e-10,0.002562533579670048
8.774994,1,9023.217329,True,True,0.002976967661913037,2.0544020305289576
7.942741,1,9025.048907,True,True,0.011981550020157307,3.5664087353538267
7.782883,1,9026.664528,True,True,0.002063618096373898,3.8455711874888374
6.717447,3,9030.794822,True,True,6.333680039718985e-10,6.3980773190909375
6.433832,1,9032.464528,True,True,0.009802690954872038,6.288052601272802
1.908828,1,9033.948979,True,True,0.002953274989637128,14.444141237835463
8.991113,1,9035.372623,True,True,0.0002250718188163798,1.6609216893994734
8.53149,1,9036.907776,True,True,0.004252747310671738,2.4961275427983987
7.863601,1,9038.431117,True,True,0.0019868217285490264,3.69914129685656
8.249554,1,9039.965147,True,True,6.456370006545904e-11,2.9999992655283405
8.981404,1,9041.51009,True,True,0.005681748452339148,1.6852076977007617
9.58276,2,9044.511248,True,True,0.001809442359679829,0.4145546242659828
3.35729,3,9046.134473,True,True,0.0032854835005722335,11.332348628814264
8.305836,1,9047.27876,True,True,1.7223871634497456e-11,2.8965066792243865
3.911206,6,9051.618174,True,True,0.0008037614103148932,10.174852079034741
7.599158,1,9053.074191,True,True,5.488814122765404e-06,4.17504892231731
8.416486,1,9054.484731,True,True,0.005015603980528471,2.7005080753035298
9.079816,1,9056.068918,True,True,0.006112390939181797,1.5051317864144973
8.120139,1,9057.126312,True,True,0.007364938612469507,3.241384618308274
8.940825,2,9059.532109,True,True,0.006103366498868982,1.6104618005858384
7.692671,1,9060.640423,True,True,0.005244446341780201,4.011856608118383
6.972941,1,9062.056444,True,True,0.004066151252619457,5.309705063267488
8.147978,3,9063.773557,True,True,0.005408459703522456,2.8009973029890767
7.818481,1,9064.804102,True,True,0.00255694650420534,3.781834669277154
8.852137,2,9065.956107,True,True,0.005394881359232426,1.6606728887375923
9.226223,1,9067.061286,True,True,0.0008680727166433949,1.2333513126530637
2.51198,1,9068.124811,True,True,1.3994698676821071e-09,13.35533041147172
-1.73737,5,9069.218626,True,True,0.003877148004960529,17.139963076490204
8.310289,2,9070.209601,True,True,5.849670053903466e-11,3.0000502650451932
3.746975,3,9071.376377,True,True,0.002551716206649929,10.596743983160602
9.423609,1,9072.529123,True,True,0.0030689025500270917,0.8806404285695614
5.616213,2,9075.17841,True,True,0.0035388198590264952,7.417838459254422
9.298613,1,9076.747748,True,True,0.0028719931085137013,1.1031337247155382
0.633181,1,9078.095121,True,True,7.402503434039242e-05,16.743131749500037
8.440142,2,9080.988102,True,True,0.0103313491006565,2.332034918855673
6.945508,2,9082.012179,True,True,0.007104615549878184,4.673215795590358
7.359294,1,9083.067917,True,True,0.0018411184310202482,4.610199162352648
9.283188,1,9084.146864,True,True,2.3031453359030496e-11,1.1325003485798415
0.418922,1,9085.13573,True,True,0.0005302689061812728,17.129641830762356
5.294728,1,9086.207451,True,True,0.0007950316852735088,8.335856662712766
7.687436,2,9087.352793,True,True,2.5035556960872896e-11,2.8622663997374813
3.785822,2,9088.466061,True,True,9.253491061892512e-07,10.578992187886762
0.973456,1,9089.550645,True,True,0.0004001501742683872,16.129832724060513
3.489367,1,9090.61503,True,True,0.005668254937365282,11.596185512107189
8.342696,3,9091.764608,True,True,5.836773796820405e-07,2.045507948679624
7.566587,1,9092.800183,True,True,1.0042406142773963e-10,4.233863497736649
3.643127,3,9096.545332,True,True,0.003095582538820141,10.853409542860657
3.233612,6,9103.173123,True,True,0.0027546625026194753,10.827440606637174
6.73639,7,9108.629537,True,True,0.005711691654463391,4.188442455860697
6.804926,1,9109.687634,True,True,0.004331532685947735,5.6135039864433
6.581247,1,9110.75314,True,True,0.003660764015741053,6.016601006699351
2.084905,6,9117.597551,True,True,0.004235352384207362,13.424553931031033
0.23484,1,9118.888094,True,True,0.004696306288896754,17.463558137407233
-35.43328,60,9165.843358,False,True,0.02972529894104496,30.572022843758372
4.698132,1,9167.372578,True,True,2.969400879793832e-05,9.411745428156928
-28.902067,60,9211.996934,False,True,0.006944706474173692,22.256635939429252
8.045647,2,9213.365363,True,True,0.00337886297195106,3.5286324832861777
7.79737,4,9217.962944,True,True,0.0002656086461388235,3.3644538344492085
9.228267,2,9219.039801,True,True,0.0004275189969995857,1.2323204458645658
6.076241,4,9221.902966,True,True,0.001920090675565601,6.327339769661373
8.979346,5,9225.608283,True,True,0.0002174878137474693,3.7918099994974526
5.866627,2,9227.723378,True,True,0.00475721418715294,7.082123316105098
7.342998,1,9229.264922,True,True,0.004250898655253894,4.6417710983818194
-8.228947,19,9243.758939,True,True,0.006910245324587614,17.7335567534992
8.039551,3,9247.693214,True,True,0.0042079171922240815,2.270483504007876
7.920045,1,9249.247741,True,True,0.0014964733825162538,3.596637837301908
7.223197,1,9250.221986,True,True,0.004922237167316229,4.85906279127241
9.902962,1,9251.247212,True,True,4.7265258305571054e-05,0.012349074450478939
9.906839,1,9252.511216,True,True,2.526171279764904e-10,0.0025625462379548756
9.12178,1,9253.61804,True,True,0.006034629656172949,1.4314310784249962
8.996121,1,9255.094243,True,True,0.005823124351881867,1.658317623011901
8.807453,1,9256.402066,True,True,0.0025373723602107323,1.9901005404895407
9.663618,1,9257.798413,True,True,0.0024231913463202796,0.4486614184560232
9.908348,1,9258.838683,True,True,1.2275384744590708e-10,0.0025623570683069225
7.835069,1,9259.918894,True,True,0.0052686715094030796,3.754456663907956
2.660261,5,9264.424949,True,True,0.005620221193728309,11.322665168064548
3.688085,3,9267.060286,True,True,0.001318378440006894,10.424789524320337
5.931473,2,9268.597138,True,True,0.006100563315366472,6.931275042018304
9.905479,1,9270.070058,True,True,4.5847040053281773e-10,0.0025766816508011117
8.625266,1,9271.137217,True,True,1.5016160953562618e-09,2.319033189104497
9.90534,1,9272.629,True,True,4.711503409637885e-10,0.0025632565662075018
7.515911,3,9274.251482,True,True,0.0013869330493677947,3.2930212170216446
9.768913,2,9275.335818,True,True,0.00020906785327514245,0.042718883715670494
9.908006,1,9276.449993,True,True,5.559927099271322e-10,0.0025626598752621597
7.770438,2,9277.542665,True,True,0.0005851521436303917,3.7169102544045423
9.649667,1,9278.542729,True,True,0.002568753324338133,0.47406541684951015
9.474452,2,9280.984672,True,True,0.004673186933935729,0.822374555511647
8.655531,6,9285.916452,True,True,0.01008173628339519,1.3953243485421791
7.357822,2,9288.122356,True,True,6.76972124888672e-11,2.9976982524066305
8.304787,1,9289.240321,True,True,1.9955218033551603e-12,2.897653184487091
8.937061,1,9290.653043,True,True,0.004072357047375855,1.7633935465270885
6.995268,1,9292.114605,True,True,0.0012032748844045885,5.2667796775533935
8.556597,1,9293.457901,True,True,0.004427701355613625,2.450984596134979
3.40896,8,9300.221821,True,True,6.052098931313369e-05,9.107456727804335
6.879369,1,9301.657678,True,True,1.0090783854747529e-05,5.474785264566024
2.649317,4,9303.170331,True,True,0.0026670375400059364,12.64857952425842
-18.993149,21,9317.440088,True,True,0.011320275323596585,10.310459855900175
8.139304,2,9319.602988,True,True,9.387784959453797e-05,3.014772581307396
7.265801,3,9321.934545,True,True,0.0027139502165284403,4.20204928678631
6.653518,3,9324.396141,True,True,0.005523746677227395,5.6068797325601265
8.706079,1,9325.744613,True,True,0.0029681112243233354,2.1726124846020682
8.191643,1,9326.825059,True,True,2.5959789873297723e-11,3.1044123983821446
7.58322,4,9330.593646,True,True,0.0003229372394119086,4.177226863649175
8.249557,1,9332.053359,True,True,6.426610368904152e-10,3.0001522118069435
9.003111,1,9333.463725,True,True,0.005635206488950356,1.64212024063446
9.057632,1,9334.906516,True,True,0.003052408859352873,1.5437119247071827
6.171823,1,9336.337554,True,True,0.004929539745384762,6.7559782340352585
9.812707,1,9337.742813,True,True,0.0003174170414919353,0.17250105137706942
8.520387,1,9339.357971,True,True,0.0005182636831118775,2.510850506951039
0.92522,4,9343.191164,True,True,0.0047118244154581755,15.653522650120355
8.136058,1,9344.531746,True,True,0.001973869978641806,3.2076649010682066
2.946811,4,9350.01373,True,True,0.0009321185905357288,12.002819029409853
8.609803,1,9351.12064,True,True,0.0009788954846985391,2.3497168151495944
7.243321,4,9355.466308,True,True,0.0035262529162113218,3.427076749611496
6.970586,1,9356.533034,True,True,0.005825272611211825,5.315909868109035
8.150454,1,9358.281285,True,True,0.0022199060767553735,3.181499859236564
7.550491,1,9359.777431,True,True,3.644238927030027e-05,4.259959179457815
9.111198,2,9361.400152,True,True,2.565087315358665e-05,0.9627318228772596
6.263659,2,9364.382211,True,True,0.0038890645991204796,6.236465911601148
7.905693,1,9365.456163,True,True,0.004211736434983276,3.626157023911473
9.187125,4,9370.984272,True,True,0.004217434963432285,0.8467151784985762
9.908574,1,9372.113007,True,True,1.4990011727921914e-10,0.002577760667943563
8.092185,2,9374.87262,True,True,0.005771783768890066,2.919280777165153
8.248771,1,9376.46862,True,True,5.1628612430812655e-12,2.9999701113393753
8.145425,1,9377.947666,True,True,0.0003552185753954132,3.1883996336311102
6.21755,1,9379.387424,True,True,1.3812839134103145e-10,6.669564590166828
7.562209,1,9380.72147,True,True,1.442359252867842e-12,4.24134279936253
7.330754,1,9381.841198,True,True,0.005086010761624488,4.659186618247317
8.93223,1,9382.897514,True,True,0.005864031552193364,1.7735721785527039
3.595461,6,9389.519825,True,True,8.499900405790038e-05,10.546276234241748
8.079151,1,9390.920243,True,True,0.004534693061997496,3.3125324582660323
9.905872,1,9392.363748,True,True,4.63715860155034e-09,0.002562644799764123
8.898154,3,9393.52351,True,True,3.2485532190210166e-05,1.521291344188042
7.21813,8,9396.924918,True,True,0.002937383673779073,3.7031115861718664
7.618205,3,9399.185771,True,True,0.011486840921239378,2.7137146544546966
9.908573,1,9400.250989,True,True,1.1533032447889197e-09,0.0025793652064396676
8.163509,2,9401.500601,True,True,7.056968352720353e-10,3.0000162828566372
4.673223,2,9403.660385,True,True,0.011146577025988398,9.21868682813685
9.314436,1,9405.127585,True,True,0.003261833732634861,1.0756881060204349
7.058097,1,9406.243347,True,True,0.005789761416088522,5.153708641516885
8.252713,1,9407.636939,True,True,0.0054290782435005265,3.000298551293711
9.295293,1,9409.11324,True,True,0.005096544288607207,1.1167647626758437
3.094719,1,9410.129512,True,True,0.0015657003043356849,12.305400940234927
1.299605,1,9411.413088,True,True,0.00014395719513585247,15.541644291150256
4.151482,2,9412.762995,True,True,0.001847073867356761,10.547390331536153
7.489082,5,9414.901034,True,True,0.0022358821908662905,4.971841307694353
8.951493,2,9416.030758,True,True,0.0026677280929304353,0.8680892764573672
8.924745,1,9417.228387,True,True,0.005866186643367384,1.7870582136065292
9.907663,1,9419.047212,True,True,2.8212330112608266e-10,0.0025627998171622608
7.500507,1,9420.162419,True,True,7.736860114892358e-05,4.353282683747336
8.076631,5,9423.87582,True,True,4.044477177826983e-11,2.817051588348642
7.319767,1,9424.93521,True,True,0.0010583933626696434,4.680732102754294
8.467392,2,9426.082436,True,True,0.0020369323418079205,2.536133895410536
9.897068,1,9427.126496,True,True,7.800979875093039e-10,0.02261080976186561
9.742497,2,9429.490721,True,True,1.6189468880919885e-11,0.8147465084107467
-13.601032,20,9445.052332,True,True,0.004876134134141453,9.388259757067077
7.759823,1,9446.543267,True,True,0.00017905422770898329,3.8850887826654024
7.24682,2,9448.559405,True,True,9.590229652078897e-11,4.241766202898462
9.318966,1,9450.142833,True,True,0.003871933069625657,1.0706277469522987
7.353647,1,9451.674991,True,True,0.005793545017923299,4.621944655620652
7.747983,1,9452.739815,True,True,0.004991665125092818,3.911433805549161
8.336698,1,9454.335516,True,True,0.00024202095871649065,2.8396073506188824
8.810502,1,9455.956375,True,True,0.0006889106027510444,1.9871497832694136
7.04665,2,9457.342528,True,True,0.010967529506001217,4.377283420170992
6.735538,2,9458.480889,True,True,0.00018668317120530643,4.852011330985109
8.684199,4,9462.061658,True,True,0.008400407884475963,2.54700158665861
9.061272,1,9463.48635,True,True,0.005776501300402172,1.54078684428124
9.895985,1,9465.084183,True,True,0.0007557660023260627,0.026415192839079234
9.655568,1,9466.519712,True,True,0.0025002080401656055,0.463310746633557
9.854644,1,9467.9907,True,True,2.1043883483871776e-05,0.10008864182192499
3.531739,1,9469.007154,True,True,0.004891504986233292,11.519466091003993
9.21851,2,9471.742865,True,True,0.0018223116277198575,1.6214601620126687
6.121729,2,9474.265532,True,True,2.3296699804088842e-11,6.703390490561692
8.04043,1,9475.684847,True,True,0.0023828550826120627,3.380835180561162
4.882204,2,9477.799152,True,True,8.748394959541897e-07,8.946464620988246
9.906784,1,9479.223414,True,True,1.2707528070604153e-09,0.0025626240352537026
5.848654,1,9480.348808,True,True,0.005995674019004988,7.3407572225309705
7.289504,2,9482.995903,True,True,0.006427254422820905,4.369773550727866
8.177746,3,9484.140159,True,True,0.004642725755903833,1.7219252335196522
7.415443,1,9485.605731,True,True,0.0039950453376136645,4.510449595650445
9.665753,1,9487.14582,True,True,0.002421368533889326,0.4447998521015751
6.822283,1,9488.77006,True,True,0.0031538504300637343,5.578591643322757
0.786023,6,9495.698875,True,True,0.0046922867423430294,12.229985950442291
8.588432,1,9497.162128,True,True,0.0013568286190838025,2.3879938810623864
9.056468,4,9501.709457,True,True,0.000342776005870642,2.7827680459695627
7.566429,1,9503.395854,True,True,0.0057414926233409075,4.238323382400194
5.2258,2,9506.157254,True,True,0.000400434564342164,7.442467851124859
7.669551,1,9507.217251,True,True,0.00982778892509828,4.0571442293195945
7.552841,1,9508.668889,True,True,0.011103394190480592,4.26654155438483
6.603734,1,9510.106673,True,True,0.00012680232580083994,5.970257740830649
8.18566,1,9511.615362,True,True,0.00040869247203624586,3.116238727898946
8.283448,2,9512.700207,True,True,0.011312103712401631,2.751556079617719
4.209673,6,9518.91087,True,True,0.007835609005139368,2.2715399717445157
9.905506,1,9520.038121,True,True,2.8470271518099724e-11,0.0025624805279759184
7.870782,2,9521.139944,True,True,0.004250346759877569,3.5413503982960117
8.858634,4,9524.846159,True,True,0.002984510596565934,0.7140953703433207
8.102596,1,9526.173178,True,True,0.0006522536146621648,3.2621807667023974
7.201099,2,9527.217573,True,True,0.0012920158088714911,4.525168537184972
8.487448,2,9529.403445,True,True,1.921171079308405e-11,2.802924456506166
5.966693,1,9531.249473,True,True,0.004350261973585484,7.124978278180376
8.036211,1,9532.428207,True,True,0.003058239135891469,3.38361298833871
7.64063,4,9534.957183,True,True,0.008383819932412963,2.598952372651182
7.843938,1,9536.03174,True,True,3.270839275207434e-10,3.7324466839111707
8.936522,1,9537.13781,True,True,0.002053741013049066,1.7615085735023497
8.705054,2,9539.327436,True,True,0.0037029613148450292,1.862512509942961
4.945956,1,9540.429469,True,True,0.0003916519022877291,8.964873138898314
8.35709,1,9541.548195,True,True,0.010459776276962637,2.814777106091345
9.906057,1,9542.665258,True,True,6.152126464514796e-11,0.00256671438265162
6.325331,5,9545.903727,True,True,5.765410736178053e-10,5.0018059070689445
7.470551,2,9548.29064,True,True,0.0009444697171944114,4.174823533763633
6.359874,1,9549.43947,True,True,0.0024565669393897087,6.415030350508885
7.638953,1,9550.572722,True,True,0.005617825398394102,4.108840641603215
7.913026,2,9552.934942,True,True,0.00019138004533934827,3.44619603673432
-3.310519,12,9561.016028,True,True,0.004825902578492224,13.74946693319559
4.515661,4,9564.804083,True,True,0.00011404753963860457,8.347115408145617
7.071938,1,9566.181136,True,True,0.007650789250083653,5.133871446953009
7.350462,2,9568.597041,True,True,0.0003218961937953745,4.55309868656685
6.532351,2,9571.29766,True,True,0.0007373085955277399,5.620741297216261
6.02272,1,9572.811881,True,True,0.005047252913525158,7.025855121666869
1.55984,1,9574.171898,True,True,0.0012840025515567788,15.073090221659104
9.219724,2,9576.965537,True,True,0.0007361770246210338,0.8249511817451729
9.098867,1,9578.326248,True,True,2.0060207711114615e-09,1.4610109319113194
2.253148,2,9580.056991,True,True,2.316748026059967e-10,13.651966093942223
2.614474,5,9585.680355,True,True,0.004044592015651669,11.544597759136023
9.581881,1,9587.289612,True,True,1.0458860721929142e-09,0.5926593727833395
9.383903,7,9595.160526,True,True,0.0030580027146458215,0.8714955164561967
7.636503,1,9596.707346,True,True,2.267580567760774e-10,4.106920385684296
9.715618,2,9597.81407,True,True,0.0003734524160425891,0.1410472210418533
1.827478,1,9599.378152,True,True,0.006052748122917086,14.593247010262802
8.056771,1,9600.574214,True,True,0.010926854196969454,3.3563787345986467
9.801006,3,9604.509198,True,True,0.00031481762221341746,0.06221429158285924
0.197044,3,9608.014642,True,True,0.004056141874528497,16.028917917323447
3.973626,3,9611.471424,True,True,0.005996019346198425,9.669124219935888
7.621192,3,9614.078176,True,True,0.006208887544745044,3.858833117314996
-20.16665,60,9657.057564,False,True,0.005072716033607175,10.330674655139381
7.211975,2,9659.704782,True,True,0.0061842637431773,3.7455859917390386
6.415891,2,9662.080088,True,True,0.00223286492057544,5.869685893985376
-33.993551,60,9708.743545,False,True,0.026712921112334163,2.781723196661571
8.120525,5,9713.388446,True,True,0.0009266284346643583,2.7666803185878295
6.39679,1,9714.705495,True,True,1.031860302117952e-10,6.344990704930826
9.381946,1,9715.968076,True,True,0.003181411057582583,0.9582739310898426
2.537135,2,9718.148099,True,True,0.00209981633446646,13.08647488150317
7.983614,3,9721.701944,True,True,1.7299952789762152e-10,2.345652256206012
7.560902,1,9722.822011,True,True,9.928844852146422e-05,4.244240510265007
8.687262,1,9724.154086,True,True,0.00325652104217573,2.2100334677217774
9.669846,1,9727.108174,True,True,0.0017005053347692476,0.4337094922240616
9.656496,2,9731.438622,True,True,9.12261866048425e-09,0.2962412553126579
8.466262,3,9734.044541,True,True,0.004091968662954722,2.129852522174891
8.826147,1,9735.141788,True,True,0.0035831446848253964,1.962866466123436
4.606092,3,9738.283858,True,True,0.0003905573037565361,8.965462330966535
2.846949,2,9741.187136,True,True,0.0011138680984608962,12.742167129142679
7.34437,2,9744.818643,True,True,8.454607279285063e-10,4.287647402952125
5.515638,3,9747.047556,True,True,0.0010981080899412038,5.734902746482095
7.272257,1,9748.117592,True,True,0.010966199510794248,4.776143616567562
2.103907,1,9749.264251,True,True,0.00032155051130767186,14.09145332455512
6.776285,2,9750.311609,True,True,0.008406431348179878,4.970307707490052
9.908309,1,9751.391473,True,True,1.3203864120810748e-10,0.0025629115945319278
5.620437,2,9753.692043,True,True,0.004437114190902559,7.043582412852063
7.736572,2,9755.170999,True,True,0.00020749226370544337,2.7726126574441663
8.679228,2,9757.535723,True,True,0.00011392887412960302,1.7542659672336103
7.546142,1,9758.631673,True,True,0.005755339164884483,4.275997820710306
6.951209,2,9759.897674,True,True,0.0011798300474920886,4.84913632868825
7.376368,1,9761.062627,True,True,1.9161501230678668e-07,4.577370767924136
7.227145,1,9762.173789,True,True,0.008520596225623497,4.855362230138343
8.841662,1,9763.578076,True,True,0.004463823588753774,1.9356966172096663
7.080381,1,9764.742074,True,True,1.0432381449993891e-10,5.111536399605654
8.201544,1,9765.857631,True,True,0.003344229295933625,3.0906889392021153
6.079575,2,9767.990344,True,True,0.0025771297255236026,6.783111689540609
0.682938,2,9770.308982,True,True,0.0005623936337964832,16.012816610782007
9.239114,2,9772.619224,True,True,0.005843801073791982,1.2003715701240152
7.562224,1,9773.990383,True,True,1.65907174350866e-11,4.2417423503788365
8.107795,2,9776.533075,True,True,1.1637330682434666e-10,3.0779524759692705
8.588976,1,9777.582974,True,True,0.008455935989764667,2.3966423072416774
3.094651,7,9779.967072,True,True,0.006661493476148118,10.73526852160519
8.306729,1,9781.312385,True,True,4.393299196658873e-10,2.8970554977170417
7.578408,2,9783.249324,True,True,0.011715196108493853,2.7689132333711712
6.280866,2,9785.730106,True,True,0.00473193823499583,6.695402945796781
8.183965,1,9786.844656,True,True,0.0021523991908698192,3.121350058269282
7.31636,2,9788.913181,True,True,4.8682343365325276e-11,4.499766179288737
5.547643,4,9794.521674,True,True,7.699843208442331e-10,7.489252383181068
9.508204,4,9799.781005,True,True,0.004559945281011355,1.7452670358812046
6.079715,2,9801.24774,True,True,0.005783675813627697,5.936861686420088
7.565733,1,9803.014374,True,True,0.00014520277992976496,4.235568190899897
8.206592,2,9804.295619,True,True,8.420597475029823e-07,2.926680295006484
9.905669,1,9806.127985,True,True,1.8367903703882704e-11,0.0025624005927861603
7.64212,2,9809.400096,True,True,0.0017076370253008653,4.648092380167134
1.892461,5,9815.694864,True,True,0.0007336462146352377,13.989917387128974
6.211881,1,9816.981985,True,True,7.151219894030447e-10,6.679189548679135
9.908582,1,9818.486719,True,True,3.1610883702293258e-09,0.0025623657448143977
6.8013,4,9821.669766,True,True,0.0010144688646463243,4.485721132587798
5.501036,1,9822.914029,True,True,0.00016105666178651027,7.962976595021558
7.676633,3,9825.435982,True,True,0.00789776630591665,3.403616638293554
7.663402,3,9826.81891,True,True,0.004190703376524416,3.9388774743020596
8.942158,2,9828.063209,True,True,0.006209979438610111,1.6674193129353838
9.009261,1,9829.361411,True,True,0.001116411680558014,1.6288018021603958
6.696417,1,9830.823034,True,True,0.004861227800189813,5.80985788180632
6.096533,4,9834.586125,True,True,0.0018336099504188408,6.476490420561606
7.0717,2,9836.569536,True,True,0.005548236429561761,4.080141242658953
9.644523,1,9838.026602,True,True,0.0023415033803391746,0.4830573290435525
-11.180786,14,9846.806949,True,True,0.009528052612556712,3.9556733506553763
8.341527,2,9849.031536,True,True,6.6084023874367e-06,2.7517643716909768
9.204134,4,9853.485978,True,True,0.004184168181251819,0.8364264582601171
9.068336,1,9854.665993,True,True,7.818575096849001e-05,1.5211970166598285
9.908421,1,9855.773246,True,True,1.0906259614104742e-09,0.002563033463284404
8.65086,1,9857.0422,True,True,0.0010400973160882702,2.2760119692051495
6.416614,2,9858.394034,True,True,0.00022692452787668365,5.345236010017213
8.719612,1,9859.621065,True,True,0.004903464238877885,2.1540448874369256
0.638445,1,9860.764597,True,True,0.003412658463874645,16.735398871476022
8.454129,1,9861.928557,True,True,9.287907411062996e-10,2.6306178883579263
1.104905,10,9867.834586,True,True,0.00756666322014727,13.952988948516012
8.687424,6,9873.570871,True,True,7.647993972900835e-11,1.4421328903637103
8.249447,1,9874.887653,True,True,1.5472402872807045e-10,2.9995727091548092
8.218178,4,9878.571887,True,True,0.00484794391018152,2.855855532636913
8.475944,1,9879.915529,True,True,0.011494918258100053,2.6038137664675194
9.048231,2,9882.39038,True,True,0.00011262171193092418,1.6339589351876733
7.374092,10,9888.650661,True,True,0.00946070183372382,3.6664198275983972
9.907378,1,9889.85302,True,True,1.730966007590876e-10,0.002562453361669796
9.084107,1,9891.104214,True,True,0.006112767537636725,1.4964252651645353
6.678103,2,9893.66921,True,True,0.00011088206999970533,4.986311456633956
9.830994,1,9894.755796,True,True,0.0003674601499880042,0.14333240918238666
7.528917,1,9896.198985,True,True,0.000352431468149806,4.301862135278462
7.458126,4,9900.668113,True,True,0.001079413156708231,2.963226157410699
7.815768,3,9904.386405,True,True,0.00104601092058694,2.6241584912806166
8.071951,2,9905.84164,True,True,0.004807367506207208,1.8471466089490975
8.247354,1,9908.182371,True,True,1.9728987243459617e-10,2.999942888861266
5.812619,1,9909.522249,True,True,0.0012063257412165368,7.4015930245441455
8.637191,2,9911.99648,True,True,0.0029697447850768645,2.172360869738826
7.632203,1,9913.542588,True,True,0.00037428166355768164,4.1157893746740255
5.887845,2,9914.897328,True,True,0.006261147806255259,6.946737557547451
9.908549,1,9915.996385,True,True,8.06868643305816e-10,0.002564578006665696
10.102349,3,9918.454142,True,True,3.0772745462925855e-11,0.6195424901266187
9.174378,1,9919.759329,True,True,0.0058960730527322525,1.335123810569857
8.970797,2,9921.02892,True,True,7.83544906558081e-06,1.5034792604830258
8.09323,4,9924.951753,True,True,0.0002747012752300753,2.0371969883850887
5.436768,1,9926.482315,True,True,0.0045957022690125745,8.082779756608833
-16.788005,31,9959.549268,True,True,0.009463996956584682,16.180410971312945
6.221591,3,9963.145442,True,True,0.004485996471607908,6.084591223793219
7.225902,3,9965.5473,True,True,0.006064507767903767,4.785276626201339
4.860572,1,9966.665885,True,True,0.009735136177283877,9.126120900409244
7.393087,1,9967.786848,True,True,0.0005475775471458742,4.547783711793711
7.741038,3,9971.101681,True,True,0.010141806365127473,2.6693902526406412
7.534117,1,9972.210761,True,True,0.0019405213179524803,4.294642171624846
8.845303,1,9973.444835,True,True,0.005120559713568604,1.925561529880055
3.126629,1,9974.572636,True,True,0.0004400687564381899,12.24706781524128
4.773157,2,9976.939656,True,True,4.301985614204588e-09,9.14218621077966
-31.853788,54,10019.291853,True,True,0.008839435353318392,13.542699789724141
7.866752,2,10021.66385,True,True,0.011481497150765541,3.2473550127562696
4.348629,6,10025.984603,True,True,0.005922773011847439,8.14098091702444
8.249611,1,10027.78763,True,True,1.451717460093269e-10,2.9999677282675368
9.523059,1,10028.987125,True,True,0.00380202460722089,0.7044456380277725
9.406169,3,10031.201416,True,True,0.0009298041449061495,0.5777419884361856
5.643081,1,10032.366433,True,True,0.003787648284403357,7.709832310486306
8.280284,1,10033.5736,True,True,0.00021226028017720666,2.9422865858934837
7.979368,1,10034.677037,True,True,0.0009408419845283604,3.4887745869451603
4.808374,3,10035.847136,True,True,0.00016171500495689144,8.55944259237431
7.073475,3,10037.048096,True,True,0.005792673943512556,4.478666654741536
7.83879,2,10039.253587,True,True,0.0028523912601366823,3.6111788421343185
8.621382,1,10040.532065,True,True,0.00013004032606221878,2.328799434935465
9.436734,1,10041.780163,True,True,0.0030089244143122673,0.8584821890689477
6.471939,1,10042.960262,True,True,0.011997121681980739,6.217237278189276
7.871692,2,10045.383409,True,True,0.0005995582487478834,3.50929767552235
6.893281,4,10047.590842,True,True,0.0036989297474579047,4.202847370706606
8.442487,1,10048.7544,True,True,0.0036577435386448242,2.6561845889515543
8.949219,3,10051.984063,True,True,0.004041689281446638,0.8200573743937819
9.796127,1,10053.180904,True,True,0.0010526734711475824,0.2068847398163897
4.400535,3,10055.338128,True,True,0.01015715942212731,9.435218904541681
9.634331,2,10057.5578,True,True,0.00014157308925107342,0.3156451115862702
9.579539,3,10059.847127,True,True,0.0005065982973160008,0.13616396229356384
-1.879449,3,10062.233,True,True,4.888192948604127e-05,17.782709660647416
2.627601,1,10063.700568,True,True,0.005066900353667087,13.150044781860661
6.67518,3,10066.207909,True,True,0.004180923700814352,5.067972198960318
9.730749,3,10069.843503,True,True,3.95127223540651e-10,0.0025627705210147914
9.906047,1,10071.33677,True,True,1.886795400474206e-09,0.0025647746861308016
9.42883,2,10074.656277,True,True,0.000548006933718051,0.580199591405105
9.908235,1,10075.830827,True,True,2.202773935477964e-10,0.0025629334943614583
3.331605,2,10078.253541,True,True,0.00021775133456846188,11.849746259989868
8.988072,1,10079.629449,True,True,0.00553300634366885,1.6672767358956313
2.495547,1,10080.822657,True,True,3.325284643182737e-11,13.38461472178123
7.834481,3,10084.435531,True,True,0.004528989522255472,2.0982488388363563
-6.831917,12,10096.252053,True,True,0.004512169026598812,9.28368560498784
7.411306,1,10097.36407,True,True,3.0802467822425676e-06,4.514282860997601
8.63393,1,10098.496622,True,True,0.0002890895545980508,2.305826776573887
8.248293,1,10099.62177,True,True,3.777332654825757e-12,2.9999081106122616
5.474376,1,10100.730459,True,True,0.010352824882600017,8.01868165091099
6.89109,2,10101.953347,True,True,2.453176905830353e-05,5.535321967304278
8.515932,1,10103.113423,True,True,0.005654871447972207,2.5223179180750654
7.132436,2,10104.276414,True,True,0.006303408504169146,4.199279530391826
7.878994,2,10106.533435,True,True,0.0009478830398374881,2.649875449149031
7.780978,1,10107.759413,True,True,0.0056275407686530434,3.852223998670444
8.907126,1,10108.931668,True,True,0.00828245782947907,1.8223005504947771
-0.255885,4,10111.317109,True,True,0.002201358615013134,17.85754383635458
3.600509,1,10112.493368,True,True,0.005553733892605491,11.395881517487236
3.051039,1,10113.731199,True,True,0.0033698537472392973,12.385386405322944
8.74539,1,10114.881942,True,True,0.0015162993403250386,2.106505836936875
9.262594,1,10115.951144,True,True,0.008388547254688697,1.1766476224133693
7.1301,1,10117.072215,True,True,0.006091369517244598,5.024763869994007
8.125941,1,10118.210263,True,True,0.0011114113018985128,3.2241945151377696
8.709448,2,10120.375171,True,True,0.009500432033897435,2.0311425234499003
7.869418,1,10121.593155,True,True,0.005970292006470437,3.6932867521091883
8.236193,3,10122.828094,True,True,0.004115354912321013,2.2367158693675813
6.948791,2,10124.000529,True,True,0.006112476799092379,5.2083611387839595
8.504512,2,10125.192231,True,True,0.007869588873381406,2.0026767344336456
9.28357,2,10126.458586,True,True,1.1853125048223944e-09,0.7410463058380818
6.303981,1,10127.930049,True,True,0.000656932387669671,6.514189681173719
8.125701,1,10129.411424,True,True,0.00015032755542261633,3.2209066651455265
9.90697,1,10130.717531,True,True,1.9487152806062302e-12,0.0025648527000355233
6.59556,2,10132.110786,True,True,0.000211237996412738,6.053149462536701
9.906824,1,10133.889797,True,True,1.1126572978778637e-09,0.0025628329526924433
9.889797,1,10135.32844,True,True,2.599533401037579e-10,0.03651779017762363
9.152263,1,10136.931278,True,True,0.002080558390322007,1.3721599987801512
9.835593,1,10138.90063,True,True,8.092438454057686e-05,0.12468019308400267
9.9083,1,10140.207087,True,True,7.931016954287884e-11,0.002569429058064299
6.141743,3,10142.026133,True,True,0.009335214751852111,6.440771257003029
8.220044,3,10143.622098,True,True,0.005896815596023678,1.4275115398160765
7.456347,3,10145.045155,True,True,0.0027448482315103107,4.160465087274927
6.910395,1,10146.955915,True,True,0.004809157018364907,5.4214286043202184
2.755857,1,10148.95868,True,True,1.896573537975288e-09,12.91549389264757
9.485972,4,10153.543158,True,True,0.0025796757413259976,0.47648495475175967
8.889002,3,10156.421659,True,True,0.003784091358359396,0.7357171459729549
8.082522,3,10160.508382,True,True,1.0808505657428172e-10,3.000171408405597
3.04701,5,10165.505543,True,True,0.00573332748888795,11.750081800395849
9.689294,2,10167.768627,True,True,9.761962032903238e-13,0.21047146087764956
6.86457,2,10170.045161,True,True,7.202822657837346e-10,5.098724200104658
9.848845,2,10172.790746,True,True,0.004973983461884709,0.9174631244391447
8.198936,1,10173.900011,True,True,1.2118556435245697e-09,3.087946766707448
10.327583,2,10176.157566,True,True,1.3178319302124418e-10,0.0025640848205781145
7.809008,1,10177.47452,True,True,0.004145215001234987,3.7980739143179334
9.905214,1,10178.606529,True,True,3.381774420531475e-10,0.002569498987475721
6.367457,2,10179.997564,True,True,0.009734367358802343,5.5451139590867715
7.462628,2,10181.348992,True,True,0.0032169515980639395,4.173743051915372
9.905257,1,10182.576226,True,True,4.3978205839334365e-06,0.008315087440612738
8.03834,2,10183.946396,True,True,0.0010848352741642392,3.0551880679873196
8.41306,4,10187.493693,True,True,0.002556199143861409,1.785600206073337
3.963416,5,10191.128707,True,True,0.007462644800030949,9.567423534172132
8.270818,1,10192.29369,True,True,0.0002527141598850281,2.961804884367802
6.816382,4,10193.535122,True,True,1.8874873564624826e-09,4.903917714245324
8.404855,1,10194.910498,True,True,0.0006241394398435479,2.7201040615642493
9.519941,1,10196.285139,True,True,1.1795231328939943e-10,0.7046118504129354
7.719259,2,10198.685677,True,True,8.133504129889641e-10,3.586170209102173
5.75928,3,10201.141798,True,True,0.00010517167678904233,6.106156166141314
9.411681,1,10202.412623,True,True,0.011066376416478015,0.9142591734337365
-4.633344,12,10213.620294,True,True,0.011766382547815299,16.208295895736143
7.735483,1,10214.783249,True,True,0.002153978104844658,3.930250855877742
10.327876,2,10216.168711,True,True,1.0349615356795983e-10,0.0025623592018770586
1.581436,2,10218.709756,True,True,0.00024707251476642315,14.913240995814382
7.581524,1,10220.091789,True,True,9.41686173483447e-11,4.204048362765763
8.50145,4,10226.014373,True,True,0.00013748943048127405,1.4936177375016282
4.913628,1,10227.261052,True,True,0.004828706882579706,9.024382504769571
5.809074,1,10228.64143,True,True,0.0027569525271244344,7.4052839190571484
-16.762499,60,10284.08027,False,True,0.009389595752731525,19.07270948621698
5.949813,5,10287.561633,True,True,0.00839037027828824,4.194261830466943
5.771284,2,10288.989653,True,True,2.6110806225498884e-11,6.704494362210005
4.930176,1,10290.191,True,True,1.0906935077326096e-11,8.993013380508105
8.393805,2,10291.503495,True,True,0.0055089912436815935,2.5956629637252915
5.822287,7,10294.297282,True,True,0.0038120386249429926,6.168564600071211
8.989359,1,10295.801384,True,True,0.0059016831307934555,1.6710972819585708
4.985348,3,10298.146872,True,True,0.004760473582074653,7.928776372749658
4.137664,1,10299.867955,True,True,0.002123701459152072,10.42457717083865
9.741633,1,10301.551791,True,True,0.0011851804996082657,0.30521182187259027
4.730865,1,10302.861408,True,True,0.0008937916698659193,9.35273960802313
3.932444,4,10305.839895,True,True,0.008822561804665008,8.080285066418957
-27.908857,60,10349.656743,False,True,0.00579766846389945,27.447973700099368
7.780638,1,10350.844031,True,True,0.004976553356109706,3.8503270620520658
6.643496,1,10352.077133,True,True,2.5002916403948916e-12,5.898115276694438
9.90831,1,10353.923608,True,True,2.604753357449141e-10,0.0025685731551034372
0.984291,13,10366.711088,True,True,0.00929073095515521,11.908134572694907
8.164599,2,10369.959713,True,True,8.341257374806632e-11,2.9992325816317655
8.619109,2,10373.803507,True,True,0.0003169339171193668,2.1340810776825383
8.363403,1,10375.451023,True,True,0.005421622891275735,2.7949470687673057
3.147037,1,10377.042539,True,True,0.0008450809443060169,12.21054236454526
9.674415,2,10378.850721,True,True,0.00014850084872366706,0.26467403824151026
5.903913,3,10382.147248,True,True,3.490592676014259e-10,6.000156383106385
7.862718,1,10383.872417,True,True,0.005296434011858401,3.704611241853558
9.480183,1,10385.567864,True,True,7.523185885378869e-05,0.7766201212744267
4.815004,1,10387.209365,True,True,0.00010153994306598131,9.200922067054787
2.249671,4,10390.468356,True,True,0.005767423603028489,13.206013134732512
6.199315,1,10392.165974,True,True,0.0006132501760490929,6.703077421044817
7.991013,1,10393.349287,True,True,0.001196317035624752,3.4687250718516465
7.030803,2,10395.060497,True,True,0.004174736019085653,5.065476151252613
9.583598,2,10397.725724,True,True,4.66304863503132e-09,0.3144718598080418
9.051703,1,10399.373004,True,True,0.006267532585540918,1.5519276459439901
8.243569,1,10400.457024,True,True,1.4210948572415671e-09,3.0111456568802457
8.103516,1,10402.25854,True,True,0.0011036307427771353,3.2654293395365936
6.609814,1,10404.018671,True,True,0.005164963613617,5.9661889276076305
5.518936,4,10409.080078,True,True,0.004757020887757438,6.798469207381707
3.149952,18,10421.057912,True,True,0.005185615970568129,9.840514546938708
7.880368,1,10422.227255,True,True,1.3314151235815919e-06,3.667172488246829
0.215387,1,10423.260177,True,True,0.006658666993432777,17.499533339882067
1.571569,1,10424.416081,True,True,0.003193733550588544,15.053039680440744
7.26888,3,10428.524463,True,True,0.0023405209318142248,4.478897536384646
6.061925,1,10430.215958,True,True,0.0011583419297410621,6.951586304601636
6.569372,1,10431.385789,True,True,2.142425675689258e-05,6.034469718512194
6.747285,5,10436.974164,True,True,0.0051042990514898745,4.124357268556083
7.205493,1,10438.685675,True,True,1.3589102945035791e-05,4.885941582441546
6.804981,1,10440.357556,True,True,0.0046842690122420195,5.612824037656854
8.228567,1,10441.973762,True,True,0.0013701802185869813,3.0388148091994975
7.603716,1,10443.194581,True,True,4.5264098171703316e-11,4.166228756180664
9.905896,1,10444.960869,True,True,2.705774215794321e-10,0.002563786162371421
8.383439,3,10447.938182,True,True,0.005139473301049709,1.2995181262620554
6.765095,2,10449.081692,True,True,2.7985001844338386e-06,5.763798337494286
7.683048,1,10450.219982,True,True,0.0002653620387707317,4.023339447969105
8.248277,1,10451.904177,True,True,1.9795760863861034e-10,3.0000214062062187
6.135471,2,10453.614484,True,True,1.7626015826899046e-11,6.7035871059403505
6.039414,1,10455.211556,True,True,0.001407571947799628,6.991815833024168
8.737081,2,10457.549307,True,True,0.0010527530173111846,2.221915443761683
9.908424,1,10459.275511,True,True,4.364865444405859e-11,0.002566219618805889
7.500224,1,10460.899118,True,True,0.004772237792348847,4.358810480927806
6.692898,2,10463.339898,True,True,0.003981136808592675,5.677210080967968
6.032943,3,10466.801239,True,True,0.00479054754578798,7.140775354696927
9.699317,1,10468.017308,True,True,4.928425088129764e-05,0.38087732584795103
8.520462,1,10469.601618,True,True,5.8425981334271626e-05,2.5110271103355855
9.908218,1,10471.289087,True,True,2.2764264010310168e-10,0.0025771604055097354
4.22092,2,10474.269651,True,True,0.004736375948527181,10.356946848672662
7.829813,2,10477.73498,True,True,0.006061970553525984,2.9013630924331495
9.002239,1,10479.396111,True,True,0.005591101975421522,1.6430000388846855
8.412927,3,10483.409144,True,True,0.00427005041289473,2.3970911254793577
9.295055,1,10485.08175,True,True,0.004743738817696949,1.1128288844955816
8.629001,1,10486.70757,True,True,0.0002602046070221928,2.314880062370279
5.014516,1,10488.41873,True,True,0.000645319968176369,8.841375815818951
2.753732,6,10497.161611,True,True,0.0048893443893717565,12.336483311701365
2.439254,4,10500.145118,True,True,0.003764567448514538,13.123075228529945
3.051251,3,10503.801701,True,True,0.011883714269706407,11.069420937260826
8.22517,5,10510.619864,True,True,0.00010787814525031747,2.2032285393995625
8.657566,1,10512.238042,True,True,7.767080928611919e-05,2.263362358027807
9.907265,1,10513.864692,True,True,7.74316340212966e-11,0.0025759078177493623
7.937567,1,10515.052202,True,True,0.0011331683549539937,3.565176651077799
9.786336,1,10516.18168,True,True,0.0021822405441111535,0.22657285907373778
8.144627,1,10517.388236,True,True,0.009640487508650012,3.199678756017378
-18.344251,60,10585.868389,False,True,0.004748453400287289,18.949660944476303
9.90627,1,10587.474393,True,True,3.9738476398376577e-11,0.002567381112097994
5.758371,1,10589.009983,True,True,0.006293846878236585,7.503297049966021
7.788916,3,10593.588291,True,True,1.0296376189756333e-09,3.484812597371205
7.805193,2,10596.480593,True,True,0.00030219625186673896,3.9496715922270536
9.895744,1,10597.727879,True,True,5.5527513199201545e-06,0.02471824415513733
7.282016,2,10600.831302,True,True,7.121011072475092e-11,2.999346371967576
6.383062,1,10602.524911,True,True,0.004023507764388801,6.373106131212316
2.374627,2,10605.298957,True,True,0.0005105646733448385,13.489690920109776
8.680169,1,10606.427098,True,True,0.0006037691320655084,2.223190684867577
7.753501,3,10611.122616,True,True,0.004508036838104131,3.1983356888340775
9.228545,4,10613.235053,True,True,0.0014995319973632173,0.551018039838286
5.65288,2,10615.935974,True,True,0.00961446662899479,7.827963898795443
8.285938,1,10617.739549,True,True,0.0003039530452849312,2.934981953939066
7.257336,2,10620.645461,True,True,9.982703288892447e-05,4.780360469070995
8.249865,1,10622.180581,True,True,2.0031329459740954e-11,2.9997738738601045
9.908581,1,10623.782564,True,True,1.5509316508596632e-09,0.0025640767184585294
9.01026,1,10625.453534,True,True,0.0007057148855718922,1.626820580919057
7.133282,1,10626.649866,True,True,0.010292995722325976,5.0257486099326805
6.914039,3,10627.924022,True,True,7.995567893810231e-13,4.242044929584329
8.573595,1,10629.009617,True,True,0.0042692022357819544,2.4201043392772816
8.353727,2,10630.1912,True,True,0.0053906979009547,2.684764178312252
8.199526,2,10631.751557,True,True,0.00037050492928641005,2.92013503716381
4.909248,1,10632.944615,True,True,1.0028928208727361e-09,9.030778219742297
9.384608,2,10634.215834,True,True,0.003987052509073876,0.8007957731901195
9.322026,1,10635.339528,True,True,0.005967776873706686,1.070310595671322
6.05398,1,10636.437005,True,True,0.004177092423635433,6.964994037660291
9.888777,1,10637.561369,True,True,0.0022033340838275095,0.04147185792277273
7.606262,2,10638.790915,True,True,0.011805055697127784,2.8259040726223317
8.276524,1,10639.93581,True,True,0.006107467709797973,2.9581522904149873
8.307451,1,10641.697093,True,True,1.4120463741314725e-05,2.8957686550010693
5.001034,2,10644.147106,True,True,4.300715229848195e-05,8.338572060493114
9.696747,1,10645.485921,True,True,0.00026679073448038215,0.38564244760978544
9.342923,1,10647.034983,True,True,0.001346853596943723,1.022481666225586
3.094537,2,10649.460393,True,True,0.0009114743863960981,12.357987896283351
2.746506,1,10650.909373,True,True,0.0007485106238140984,12.93286501671491
8.723065,3,10654.848906,True,True,0.0026319134743110107,1.8429476635788662
7.894445,1,10656.151206,True,True,2.661428552376156e-09,3.6393992070203027
5.192678,1,10657.850876,True,True,0.0037779156091704257,8.521900686838155
9.905827,1,10658.921681,True,True,9.183375234333776e-11,0.0029825197532754037
4.443917,1,10660.049636,True,True,0.00044617743109183657,9.87076465966291
5.586617,2,10662.361212,True,True,0.0042759330362553164,6.882581835332729
8.084048,2,10665.038204,True,True,0.004967930991382856,1.8172824024326368
9.905197,1,10666.675394,True,True,3.299109924205301e-10,0.0025627520329823796
9.818588,2,10668.338535,True,True,1.0831524913101909e-10,0.0025633370434393725
-9.159618,16,10683.334361,True,True,0.008565713657040399,7.301855051243594
7.95948,1,10684.904166,True,True,0.004084280747210095,3.528898008768876
7.794487,1,10687.270069,True,True,0.002276366512322583,3.8248532368864123
8.165002,1,10688.896218,True,True,1.0150474431133705e-05,3.1530752357997254
8.142382,4,10692.709536,True,True,0.008970300126441845,2.1432311935872113
8.370375,1,10694.269278,True,True,0.00027962866821119414,2.7824278413527193
6.25657,7,10699.061435,True,True,0.006093219542927398,3.647180930076246
2.140637,3,10700.2839,True,True,0.000543995495077736,10.741919818967439
8.350431,1,10701.514637,True,True,0.00021158154786749334,2.814058148964378
3.121255,1,10702.650385,True,True,0.0010606003729806725,12.25719190037883
8.528727,1,10703.819252,True,True,1.762933547359093e-10,2.4956706398177024
9.093661,1,10704.979609,True,True,0.004722583187017462,1.4809289481098682
-1.309358,19,10710.475084,True,True,0.006692287093552147,11.248025773819629
2.785897,3,10715.371756,True,True,0.006120353152018231,12.596139252032788
9.105954,2,10717.925428,True,True,0.0031370045151017665,0.9454457057234972
9.906255,1,10719.143492,True,True,3.5467666220818167e-10,0.002562879597691306
4.526184,1,10720.578611,True,True,6.329519789123085e-05,9.722023363714246
9.899418,1,10722.209095,True,True,5.280458069521418e-06,0.019135568730904298
6.991825,1,10723.843893,True,True,0.006532494550657367,5.2770193711754105
7.641135,1,10725.414966,True,True,0.004280626879349687,4.103901882393561
8.429112,1,10726.899643,True,True,0.0011774778016618822,2.677011651434361
9.908183,1,10728.366828,True,True,7.951997393895738e-11,0.0025687603062661247
8.95863,1,10729.61746,True,True,0.006034258429968334,1.7267514004207032
9.744315,1,10730.73583,True,True,0.0011192274973885804,0.29859272645089135
3.544723,2,10733.397594,True,True,0.004210294309408292,11.044947717825789
1.365663,2,10735.005477,True,True,0.0019226890665440888,15.237083667604606
9.716105,2,10737.674995,True,True,0.00036998626554684416,0.09675122202206092
7.253635,2,10740.48362,True,True,0.00347135361103644,4.232556588512385
9.186568,2,10743.434604,True,True,0.0006328634475849677,0.9641184067079515
2.985703,4,10747.264031,True,True,0.0015065165924682544,12.319966786759348
4.105529,1,10748.702819,True,True,0.005635907159523454,10.485096397305204
9.886036,1,10750.094243,True,True,0.0002179440219744342,0.04362991767756602
5.907062,1,10751.629097,True,True,1.121863896701332e-06,7.230011152672545
7.523364,1,10753.26905,True,True,0.005737162112176011,4.3180098626750025
9.82817,1,10754.86402,True,True,0.0006821379376771297,0.14849317348384117
7.874331,1,10756.484396,True,True,0.006299351707743933,3.6840055926506077
9.302153,2,10760.095222,True,True,0.009585709882309728,4.195085279456484
8.296334,1,10761.901528,True,True,0.0005837088244786146,2.915481542673505
7.444802,4,10767.962425,True,True,0.0033694532018554123,4.093667829350722
9.876382,1,10769.870808,True,True,7.310029145711494e-05,0.055416559162223135
9.908368,1,10771.425688,True,True,1.2127907126151507e-09,0.0025623570683069225
8.94233,3,10773.791564,True,True,0.00596663952189157,1.4206181944738274
9.192876,1,10775.711735,True,True,0.00586212957611712,1.3034654301297541
9.323626,8,10781.576526,True,True,0.004540300219705182,1.2999690048001227
6.571241,4,10787.592768,True,True,0.0009000889117454341,5.664974475973879
9.810102,1,10788.827373,True,True,0.0004435111624882769,0.17625793931840303
9.192351,1,10790.693167,True,True,0.005617497960911194,1.303848354089334
8.584405,1,10792.571009,True,True,0.004627235647489908,2.3967589872440085
9.358134,1,10794.500021,True,True,0.003293041852159825,1.000635578254719
0.405026,8,10800.633503,True,True,0.00423130575662973,17.423593087448197
3.464594,2,10803.46917,True,True,2.1707530859817192e-06,11.534813099491673
2.449239,3,10807.502616,True,True,0.0012672617071130526,13.100204082542854
6.217642,1,10808.718621,True,True,0.005284212861172921,6.673940167131752
8.493637,1,10809.964991,True,True,0.0010785637566729845,2.5595376623212043
8.054354,1,10811.7208,True,True,0.004272535194170765,3.3577897227273126
9.812084,2,10814.767575,True,True,4.663282260342072e-11,0.0025623491029627184
9.332934,1,10816.674883,True,True,0.004947007821729267,1.0483198753417435
7.332125,3,10820.613658,True,True,0.0030876980892426253,4.168152666502737
9.275478,2,10821.808841,True,True,9.188286655554228e-12,0.6877610685027781
5.784121,1,10823.613304,True,True,1.265062327656264e-05,7.451922125569921
2.131142,1,10826.138623,True,True,0.00016182195772945947,14.042239045257547
8.249541,1,10827.254839,True,True,7.223749680027036e-11,3.000357477360067
7.675309,2,10831.024863,True,True,0.004508674840204081,2.425983192742095
8.592812,3,10835.105338,True,True,0.0030075263419795805,2.23254918255905
4.637095,3,10838.062015,True,True,0.004298393102597205,9.6760990160703
6.588001,1,10839.271765,True,True,3.21170881003998e-12,6.000815613160585
6.162487,1,10840.897441,True,True,2.1645061295635926e-05,6.768980931071803
7.918429,1,10842.464062,True,True,6.999168883359275e-10,3.5959046998753914
8.082096,2,10843.814985,True,True,0.0006519113925856912,3.2110626768729795
8.838121,1,10845.01865,True,True,0.0030445962786369817,1.9394876535605599
-14.152813,60,10908.345695,False,True,0.02790083488709921,8.482277802353076
9.5578,2,10910.794156,True,True,0.004170828652475242,0.9814092471327353
-20.891731,60,10968.985976,False,True,0.007552819723930325,32.46936876735538
8.470671,1,10970.113493,True,True,0.002593953924355298,2.6040421564767082
7.712885,1,10971.378729,True,True,0.00037573958580737477,3.966204758953542
7.128161,1,10972.47835,True,True,0.005911291047705336,5.031070358470161
9.776223,3,10973.747245,True,True,1.2222059959948292e-10,0.2424024364981404
9.908358,1,10974.849604,True,True,3.8137941067130953e-10,0.002562374421292493
4.762703,10,10982.828584,True,True,0.0027575746930637215,7.619666395564085
8.247806,1,10984.541061,True,True,1.1820545930962822e-10,2.999981331089686
9.884641,1,10985.649398,True,True,2.4795700363309213e-05,0.04587283818915411
5.121815,1,10987.358443,True,True,1.743971883630749e-05,8.647212198969676
-32.176123,60,11036.75795,False,True,0.030056166995715308,4.839220935263131
7.849518,1,11037.98699,True,True,0.006048914629056001,3.7243292064970404
6.583117,1,11039.749227,True,True,2.2359816818034953e-05,6.009655866995131
8.552564,1,11041.49427,True,True,0.00901551799229876,2.463290352671957
4.491722,1,11043.289466,True,True,0.0005838276314726384,9.7846253837991
8.118514,1,11045.100852,True,True,0.00547323482371248,3.243236418415307
7.314932,1,11046.82252,True,True,0.0023554905632852154,4.690840600169302
8.422753,1,11048.414196,True,True,0.0025833550445881837,2.690576576319222
8.620561,3,11051.356467,True,True,1.3058165052731718e-10,3.000000499552793
8.967737,2,11053.77769,True,True,0.0012239402969026199,1.6070902897494563
8.313583,1,11054.910929,True,True,0.0033138824210137987,2.888591603755485
9.636044,2,11056.123184,True,True,0.002558653105103767,0.8888659038696782
3.438925,3,11060.107122,True,True,0.0025394334514723315,8.379713693049974
9.908274,1,11061.261351,True,True,1.8981796932526146e-10,0.0025637847407832016
7.079764,4,11064.427916,True,True,0.00018305702940405334,5.116266281643963
3.293153,2,11067.278965,True,True,0.0031905627114572482,11.44828837017364
8.37938,1,11069.022267,True,True,2.2364278484676703e-09,2.7618826954110793
9.079813,1,11070.749486,True,True,1.7527128060128174e-10,1.5000014222037832
1.225275,2,11071.953497,True,True,0.0003521368167905036,15.487605982427983
9.432267,1,11073.692701,True,True,0.004218940573236694,0.8690070252150699
9.14541,2,11076.580209,True,True,0.0006775175249509716,1.2504605085812903
7.283573,2,11079.391267,True,True,0.003278080133293867,3.6070685110090155
5.969876,1,11081.110992,True,True,0.004885669036707219,7.121074738834674
8.248288,1,11082.769755,True,True,2.1358834839668717e-11,3.0001075887409008
8.848253,2,11086.063071,True,True,0.005398443264551259,1.7765750524443111
7.198682,1,11088.093602,True,True,0.0016840971183605807,4.899804381559385
9.908579,1,11089.823879,True,True,5.116169571440195e-10,0.00256849539609969
9.669186,3,11094.357379,True,True,0.0005880850339698586,0.02402282442881793
6.985893,2,11096.888072,True,True,0.0047071275052710995,5.0623554880584045
8.241317,2,11098.49668,True,True,0.005365531759528457,3.12960907760452
8.471306,5,11102.396145,True,True,0.007556660876357986,1.5461672836834388
9.212515,1,11103.588242,True,True,0.0050102753704173416,1.2665171970065765
8.529879,4,11109.350445,True,True,0.008575593376959761,1.8318734252309887
9.571418,2,11111.111366,True,True,0.004790443101982959,1.0032809524647466
-0.753589,5,11115.336451,True,True,0.004582257735061029,16.27718620775533
7.009902,1,11117.067927,True,True,0.004676477326160087,5.243845541271063
8.256258,1,11118.714236,True,True,7.835800281393521e-05,2.9883203428058276
7.747915,2,11121.623818,True,True,0.00425912070339289,3.785084426666823
8.063709,1,11123.294835,True,True,2.255193077683772e-10,3.3356115226805634
8.246597,1,11124.465061,True,True,1.8630320064438877e-09,2.9999967468523288
2.445076,1,11126.184525,True,True,0.00021030179360006802,13.476127537243816
6.988343,1,11127.939347,True,True,0.0114581257396104,5.28850513439844
7.313337,1,11129.663483,True,True,0.0020090127238325158,4.69335534172999
2.357499,16,11148.97113,True,True,0.0018087073950342814,11.967127570851629
8.24958,1,11150.478737,True,True,9.738810409151699e-11,3.000287816481388
8.259432,1,11152.226888,True,True,3.648881648873458e-06,2.982495486782625
7.778365,1,11153.358616,True,True,0.005510941338031318,3.856934386807319
6.481146,2,11156.151189,True,True,0.004616629135088828,6.265501917441025
1.867386,1,11157.816722,True,True,0.0008690947373582569,14.518299498972773
8.250563,1,11159.420301,True,True,4.189077063747673e-12,2.998511783297883
6.852036,1,11160.517387,True,True,0.004872596599903909,5.528369317239146
9.219286,1,11161.725133,True,True,0.0004991454965102193,1.2489965147870594
7.605485,1,11163.844367,True,True,4.004541063979015e-10,4.163246089174664
5.173795,1,11165.111912,True,True,0.008956906429567658,8.560589712226012
7.838927,1,11166.834478,True,True,0.00012622992459046523,3.736590219548971
9.906393,1,11168.57287,True,True,2.9029882315425768e-05,0.006562537897152864
5.210899,2,11171.617867,True,True,0.004724562802712568,8.383026448563673
3.158516,2,11173.183193,True,True,4.654865867759206e-10,12.063291941732404
9.803391,1,11174.923434,True,True,0.0005307674841556961,0.19345340404688677
3.710296,2,11177.586215,True,True,0.0047572567770209125,9.116120425738666
5.761706,4,11183.090055,True,True,0.00472601486154763,5.216497150594767
7.485783,1,11184.798296,True,True,0.006042622471219133,4.384878884423277
5.010818,1,11186.447987,True,True,6.0509685946008585e-06,8.847501520106992
9.824164,1,11187.485991,True,True,0.0007777778440395433,0.15625746854280229
8.527463,1,11189.09405,True,True,0.001357508605403887,2.4996453980562556
2.677977,3,11193.607926,True,True,0.001990178962894197,12.702804565366561
7.711655,8,11204.038363,True,True,0.000759394659017143,1.991575303430539
7.909545,2,11207.287035,True,True,0.003946538098548931,3.4740994899116235
9.623901,1,11209.198097,True,True,0.002789871908931099,0.5209190539459055
3.357672,2,11212.602949,True,True,0.00013534828816373634,11.703499565056056
-14.164151,60,11281.200634,False,True,0.0022412462288572263,4.488011772916938
9.908581,1,11283.14765,True,True,2.6765442188991795e-09,0.002564137554801043
6.776739,1,11284.919535,True,True,0.002344329057603435,5.662450837210025
-0.111465,2,11288.260098,True,True,0.0077467407081844054,17.84023200716722
9.309447,4,11294.845738,True,True,0.0011108114952692767,0.31834479446692876
8.288444,2,11297.995129,True,True,3.3692733450996215e-05,3.4224757317481265
9.908298,1,11299.303622,True,True,3.755700347810344e-09,0.002562406708911908
6.209555,1,11300.826486,True,True,0.0035373951181463794,6.6873390052106805
7.451777,2,11303.468199,True,True,1.3215997046733818e-09,4.280000296589277
6.85415,1,11305.169778,True,True,0.005010021475122834,5.522550076329131
9.552595,1,11306.954788,True,True,0.0016562759099175723,0.6482523925578944
9.567007,2,11310.043746,True,True,5.969379497511307e-07,1.5790035167138874
8.493235,1,11311.895002,True,True,0.002715686434257591,2.5633959656164396
7.358008,1,11313.307417,True,True,2.803348000776293e-05,4.610555665749016
8.275659,1,11314.887077,True,True,5.718282987833297e-10,2.9524602754512026
2.996428,6,11323.71381,True,True,0.010235681961012598,4.680628007001623
6.330557,1,11325.337579,True,True,0.0023767566566798254,6.467870804589745
7.030109,1,11326.596234,True,True,0.004904904098653337,5.207591210160844
6.652889,1,11328.362784,True,True,0.0009076845702963672,5.884592908135103
3.109783,1,11329.936378,True,True,6.089802620512508e-11,12.277143171129335
-4.576372,10,11337.311353,True,True,0.003040732685307312,8.217116310811887
4.817506,1,11339.139549,True,True,0.0061804679808087504,9.199973399803028
6.192929,1,11341.041559,True,True,7.132469486460097e-05,6.708569642312999
6.415324,1,11342.928123,True,True,0.0024693139367767993,6.314956979181353
7.83168,1,11345.019482,True,True,0.0024782874276356344,3.757912429338747
8.291955,1,11346.772114,True,True,0.0004951968002636226,2.923707926267957
1.34244,3,11350.804131,True,True,0.0006561625945268913,14.742929862482924
7.866643,2,11353.817627,True,True,0.0020024928494994515,3.4979468250846506
5.712001,4,11357.819788,True,True,0.0005391502843690027,6.353537328990843
7.593322,1,11358.978429,True,True,5.340166609355474e-10,4.185062050036406
9.733876,3,11363.716817,True,True,2.1746195144133057e-09,0.002562487639526814
9.906637,1,11364.972594,True,True,1.1635263238995996e-10,0.002562346400429595
7.148315,2,11367.762786,True,True,0.004816699884993272,4.854434615110726
8.088778,1,11369.478477,True,True,0.0025279852392630017,3.2936861034838425
6.745955,2,11372.137622,True,True,0.005936260552274937,5.59435935862441
7.963086,3,11377.036734,True,True,0.0011511698747268537,3.0856246846166933
8.947582,2,11380.243884,True,True,0.005165564818386996,1.4976823858918609
6.510026,2,11382.980371,True,True,0.004917232069427427,6.1670457212442455
7.386774,1,11384.927585,True,True,0.006086352398595354,4.562415267684164
9.887059,1,11387.138524,True,True,9.02920919277888e-05,0.040169786425890835
9.839761,1,11388.979457,True,True,3.042812711788901e-06,0.12696402221448982
9.167479,1,11390.173245,True,True,0.003435054027536994,1.345615955288864
7.005122,1,11391.330884,True,True,0.0013245869915436692,5.248699739905841
4.327647,1,11392.512384,True,True,0.003926542243683467,10.082851814722318
9.906375,1,11393.636647,True,True,2.607847477608506e-10,0.002566419580776835
9.345352,5,11397.162862,True,True,0.0006485504120442619,0.19953501743817864
5.971719,3,11401.767953,True,True,0.006140271273367859,5.814449850489991
3.462752,2,11402.865308,True,True,0.0011189504166379512,9.167190096298834
8.665407,1,11404.745323,True,True,0.002964480976823596,2.2521883937877516
4.24401,1,11406.629451,True,True,0.004049101180723193,10.234173152183713
7.633683,1,11408.413347,True,True,0.008303637698800138,4.119155581040106
8.286093,1,11410.052349,True,True,0.0003365363584423714,2.9300832872678195
9.906921,1,11411.771712,True,True,9.887433927158185e-11,0.00256440362576787
9.905041,1,11413.617277,True,True,1.2260515100304868e-10,0.002564778949246997
7.673398,1,11415.4777,True,True,0.004614829980409518,4.046000291911828
9.069269,1,11417.435444,True,True,0.006197226865396948,1.520266888588247
8.168976,2,11419.191299,True,True,0.0005603895330585229,2.969971064307646
9.587831,1,11421.121533,True,True,0.002271946134330252,0.5850274060929084
3.800962,1,11422.320902,True,True,0.0011533203222598449,11.031234181914574
4.072536,4,11428.611898,True,True,0.0047231807544238094,8.8239689615454
9.154895,1,11429.990977,True,True,0.0058307579357329544,1.3666802144369516
9.906232,1,11431.252737,True,True,7.209899344218229e-12,0.0025661175015336693
2.202414,3,11433.533897,True,True,0.00026050938088676215,13.692017754440176
8.197079,2,11435.810326,True,True,2.4074564941785857e-05,3.0160062902237437
5.345208,1,11436.860189,True,True,0.0048541614709098745,8.248189757718672
5.963532,1,11438.037438,True,True,0.002731027758817936,7.1282474615682885
6.799816,3,11441.323254,True,True,0.006027314746908395,5.391883736171276
9.906251,1,11442.407121,True,True,8.493622472016682e-11,0.0025656797288721653
7.946071,1,11443.456372,True,True,4.077145966381126e-10,3.5480879847929816
-10.409544,18,11451.023162,True,True,0.009623684571388454,14.292189047427323
6.843532,1,11452.129328,True,True,0.0002997465480344408,5.5397907556940895
6.914826,2,11454.344064,True,True,0.001282209450420955,5.2688707422200585
8.770276,1,11455.437052,True,True,5.258415091454973e-10,2.0589547070918073
9.800011,2,11457.568452,True,True,2.056396059110701e-07,0.036283754819962204
-30.796065,60,11485.339641,False,True,0.013068396067570449,68.8671291957918
8.307635,1,11486.43112,True,True,0.0004907677467163966,2.8960153257654766
9.681358,3,11487.587705,True,True,0.00017389027705239473,0.07522745887554345
9.891359,1,11488.71982,True,True,6.844516520323118e-05,0.03077853330726175
9.888531,1,11489.853501,True,True,0.00028975203889168095,0.039223161015820816
6.360638,5,11493.157639,True,True,0.004057122551144703,5.020144451867952
9.908175,1,11494.177907,True,True,4.562584417656107e-09,0.0025624478145875877
-17.714227,34,11524.562944,True,True,0.00459742401647478,3.737111959321467
9.905594,1,11525.720599,True,True,3.2024091711768676e-11,0.00256234554699749
5.654317,4,11530.044805,True,True,0.003355939535081163,6.92429388002196
6.217196,1,11531.095358,True,True,1.7815690589451094e-10,6.667294961575778
6.699624,3,11532.240099,True,True,0.0025185045544765024,4.969949074954192
9.741784,1,11533.283969,True,True,0.0012024115846039688,0.3045026412318268
8.187136,1,11534.349125,True,True,6.577424282311339e-10,3.1130821412056657
6.586658,1,11535.442023,True,True,6.906064599960063e-11,5.9999793145951115
7.810172,3,11537.505754,True,True,0.0007291400555776771,3.437068492225898
4.83877,3,11540.757991,True,True,0.005776301744217667,7.396911684674786
9.885942,1,11541.754353,True,True,0.00016492977731697974,0.043724103034874465
2.889034,3,11542.83505,True,True,0.00018333815289322142,12.44225652118639
4.630537,11,11550.37219,True,True,0.008071598558135978,4.04628487738525
7.484536,3,11552.519047,True,True,0.009979665570465562,2.9928891709413676
8.164444,2,11554.527025,True,True,4.86058396222816e-11,3.002205982477677
9.46656,1,11555.649879,True,True,0.0011676261225267545,0.8027301074815681
3.667596,3,11558.949814,True,True,1.849851980979464e-05,10.8323779416233
7.890111,1,11559.972532,True,True,0.0038512884603697233,3.652801516147539
1.102726,2,11562.229772,True,True,0.002075718694640517,12.58882417813579
8.438521,2,11564.345514,True,True,0.00024864650677123255,1.849494669320019
7.089248,5,11568.592628,True,True,0.0016731554136504984,3.3649259028265224
7.668226,2,11570.753464,True,True,0.008956067031283325,4.375128601276517
7.127656,2,11571.839251,True,True,0.00014609608258720885,4.589764913184136
6.964821,2,11574.013744,True,True,0.00501760714641351,5.155452277208813
6.138855,2,11576.0688,True,True,0.0002420998896446618,6.653622804334837
9.445358,1,11577.103593,True,True,0.004214938564978434,0.8442503875699844
9.657972,2,11579.497262,True,True,0.0023629581828565564,4.396746111252011
7.6505,1,11580.695834,True,True,0.000613725650331973,4.083015220514127
8.152586,1,11581.829456,True,True,0.00021314788449279802,3.170835510113507
6.01638,2,11583.923377,True,True,4.582609962979758e-05,6.8941822778014865
8.340149,2,11585.026657,True,True,5.836346213029421e-12,3.1133016954348727
7.690791,1,11586.14373,True,True,4.392353147864014e-11,4.008770858579817
5.923175,3,11588.321536,True,True,0.0028721369419313497,7.122009191615198
8.166261,2,11590.463984,True,True,1.967555590050377e-09,2.554347502878944
-21.052937,60,11627.617098,False,True,0.0036367897735398455,39.61327031722629
9.084112,3,11628.665815,True,True,0.0001660082912305766,1.5245723207246211
8.307319,1,11629.688206,True,True,0.010195045689727166,2.9072441671295044
7.251209,1,11630.659611,True,True,0.0030955169405926923,4.806426581157189
8.347286,2,11631.650009,True,True,0.0027864992720108527,2.678341950090157
9.028333,1,11632.733143,True,True,0.0050406029420284205,1.5992668292925414
8.117842,1,11633.797338,True,True,0.0009071200217758112,3.2393234344518276
2.243332,3,11634.91903,True,True,0.004480157575975828,13.87126845188201
7.954942,1,11636.022101,True,True,0.010919514096205243,3.540636677595654
1.006165,1,11637.102097,True,True,0.004895073497586188,16.073275048398614
9.736864,2,11638.103155,True,True,0.0005732316470793774,0.15254327383589866
8.376112,1,11639.239666,True,True,1.2480599886899313e-11,2.7673465687252383
5.706885,5,11643.476001,True,True,2.0631438732380842e-05,6.528277245010808
9.08313,1,11644.565903,True,True,0.006133254225508186,1.4999340925460127
9.908196,1,11645.574815,True,True,7.831481481782912e-11,0.0025629536875449417
6.581082,1,11646.642162,True,True,1.0439622212555493e-09,6.013306039043796
3.603838,5,11650.871482,True,True,0.008158356527803723,10.541464436406208
9.730053,1,11651.908083,True,True,0.001459982710301176,0.32680174021621977
8.249097,1,11652.949301,True,True,5.5581294142351496e-11,2.9999704118578614
4.201898,2,11654.004339,True,True,0.004906005667935167,9.388567225342923
6.7262,1,11655.01964,True,True,3.220224380150072e-09,5.750407416496258
7.620645,1,11656.127364,True,True,0.00011773405226735145,4.133795650934412
8.749945,1,11657.223571,True,True,1.0409438013914488e-05,2.0963789846024548
6.601388,5,11661.387488,True,True,0.003141154346042823,5.293163237944046
7.500369,1,11662.548014,True,True,0.0004622838585942729,4.353961381022232
9.566731,1,11663.633967,True,True,0.003322481391451162,0.6249181787031011
7.920175,2,11664.845732,True,True,0.011201512614270366,2.4513708779536114
8.148888,1,11666.008813,True,True,0.001997813443985065,3.184520725237181
8.446687,1,11667.12809,True,True,0.004934448413561901,2.6465757296095203
4.316946,1,11668.460682,True,True,0.006380920072838154,10.104292220722789
9.898633,1,11669.592971,True,True,2.6155070984388434e-06,0.020374309380384648
9.007958,1,11670.72424,True,True,0.0008918821343238149,1.6298820697986922
-20.322003,60,11723.730213,False,True,0.0019566466933557992,7.378056981432864
9.908,1,11724.833816,True,True,1.111192027658847e-09,0.0025644988474506506
6.246754,2,11725.975802,True,True,0.006123101763549727,6.661961008110362
9.906588,1,11727.199843,True,True,1.6555208317541356e-11,0.00256372034201018
0.965631,1,11728.294096,True,True,0.002168657315130221,16.14491410611572
7.08135,1,11729.845982,True,True,0.0003756470924549584,5.11048749702396
8.86448,6,11735.284745,True,True,0.004773265202463022,2.473317890068359
-16.761015,60,11766.523681,False,True,0.03244243002827782,22.531214244290258
9.14376,1,11767.928936,True,True,0.005828512169650587,1.3873474812754707
9.90673,1,11769.011394,True,True,2.8306273744508492e-05,0.005952549479210536
9.51483,3,11772.714684,True,True,0.0020225423067514493,0.40082365192780994
8.530865,1,11774.468892,True,True,0.010766401083409972,2.503881740861037
9.773298,1,11776.061644,True,True,0.001432296210642543,0.24910376863952766
9.908363,1,11777.651344,True,True,1.2115546346101883e-11,0.0025623577794971655
7.499126,2,11779.247855,True,True,3.530583457882555e-06,4.208855196909594
2.344561,7,11782.699046,True,True,0.0016092262779381881,12.890810454938132
7.709224,3,11783.848163,True,True,0.0004557227883309917,4.072720774624572
7.792103,6,11788.492661,True,True,0.00622348655250302,2.5819616811169763
6.574548,2,11790.690972,True,True,0.006076745937799173,5.898572875051973
7.565995,1,11791.773164,True,True,1.965633385225818e-10,4.234594177701198
8.032048,3,11792.962807,True,True,0.001920182986078118,3.2872793293111293
9.108987,2,11793.994494,True,True,0.0049468379819584294,1.2406970978879812
8.082299,1,11795.021662,True,True,0.004901278964366842,3.3080133097188757
8.871548,1,11796.235357,True,True,0.006123904982329136,1.8834998489161034
8.114315,2,11798.433436,True,True,5.654260853068388e-05,3.174558930681926
7.712272,1,11799.664881,True,True,0.005147871844496818,3.9721828293671675
6.411702,1,11801.258828,True,True,0.0022182917306770725,6.321254527701009
8.510679,1,11802.370428,True,True,0.001491862549524187,2.52985302002743
7.298383,1,11803.446333,True,True,0.0026066135419285097,4.720980723835388
2.870381,1,11804.933469,True,True,3.767603657757121e-05,12.70896687824647
2.492172,2,11807.579954,True,True,0.0005833291541838415,10.287973392381355
8.011357,3,11811.759337,True,True,2.222784391578542e-11,3.1565289634318967
4.422676,1,11813.707314,True,True,3.6518935653262474e-09,9.90872855535951
9.197227,1,11815.530845,True,True,0.006368143960038823,1.29420661535225
7.37946,1,11817.444903,True,True,0.00502284510716082,4.5728724508668925
9.904989,1,11819.274857,True,True,2.1922328674595093e-09,0.002562409695851735
4.275844,2,11822.093042,True,True,0.004912802470623623,10.285259620654633
3.230457,1,11823.482368,True,True,0.0001404167447093623,12.059580760616623
6.591984,1,11825.128231,True,True,1.532470920995177e-10,5.993624686933115
8.279723,1,11826.694443,True,True,1.936806000231439e-05,2.9409925839126823
9.907401,1,11827.873258,True,True,2.7967996595526822e-11,0.0025654687702110547
8.880627,2,11829.034341,True,True,0.0017951175406729885,1.7090985727501178
-9.393504,13,11844.126384,True,True,5.458535456295474e-06,7.583659941079173
3.052241,2,11845.75996,True,True,0.0028273022784850253,12.080614944239885
9.810749,2,11848.223267,True,True,7.736583267655034e-05,0.016254657082194725
9.292941,2,11850.619787,True,True,0.0024857324145325654,0.5381248373050131
7.452558,2,11853.135063,True,True,0.004047886126186128,4.47058954583147
9.619367,1,11854.431492,True,True,0.0018300211724434565,0.5278259037639914
9.762001,2,11856.995656,True,True,8.923271826305479e-10,0.09234947966487561
9.173727,1,11858.377053,True,True,7.111560645922665e-10,1.3245311360498118
6.464771,4,11861.966447,True,True,0.0045759684564917885,5.552360744560384
3.540185,1,11863.068177,True,True,0.0011013562634808165,11.501596284324373
8.083436,1,11864.528842,True,True,4.215188150092134e-05,3.3004437565795013
6.607036,1,11865.679264,True,True,0.00020083312296246425,5.966311716806929
7.437064,2,11866.819096,True,True,7.046525431647086e-10,4.09004576529484
5.026656,3,11867.917484,True,True,0.004084990239104191,7.250628507992474
9.832808,1,11869.026345,True,True,0.0006417003739163519,0.13900375539527163
8.724791,6,11870.317675,True,True,5.3436566272922225e-05,1.3516304104863062
3.216355,4,11873.781789,True,True,0.0038651226960767413,11.735860511405356
4.574072,9,11880.941101,True,True,0.002386092181110116,8.040101630218146
9.02858,2,11882.319723,True,True,0.0004781555844138711,1.406063709510978
9.267632,1,11883.478826,True,True,1.0864046107918884e-06,1.1590258454325233
6.92984,3,11885.838349,True,True,0.010438235413084553,5.11254607189901
6.812136,1,11886.911025,True,True,0.010674486985178465,5.605557207113814
2.03269,1,11888.305043,True,True,0.00015296901036296415,14.219772479137163
8.152984,3,11892.159896,True,True,0.0005475821857982358,2.8782531890091962
8.836592,2,11893.469864,True,True,0.004227900172663148,0.8526227503997086
7.973932,2,11895.97265,True,True,0.00039603600463922195,3.1177000766345215
7.628622,1,11897.332084,True,True,0.0047263900960347535,4.1269564823854115
8.244515,1,11898.604806,True,True,6.46437583637369e-05,3.009016460389206
-4.893123,5,11905.176535,True,True,0.004547411381459814,16.791202372030032
7.838124,1,11906.324917,True,True,0.004320228719848562,3.7482753729976266
8.409845,1,11907.584603,True,True,0.0031893062439449153,2.7145962192797164
7.883734,7,11915.897952,True,True,0.0026703312754344215,2.72378960629164
2.509853,1,11917.263981,True,True,1.7483141670493474e-11,13.359166138184843
8.31009,2,11919.632937,True,True,4.129995075489145e-10,2.2519124229297933
7.732752,1,11920.878714,True,True,0.00408991267997909,3.9333937081391652
8.918063,2,11923.125839,True,True,0.005374274205067779,1.7079507614641156
9.908389,1,11924.251854,True,True,1.8514355005738507e-11,0.0025735757173687666
8.318223,1,11925.33872,True,True,0.004550953357527869,2.8816078999852137
7.801323,1,11926.427469,True,True,0.001340770200633362,3.8108283812466563
7.633144,2,11928.673129,True,True,0.000649196589198148,2.9039167589698764
-4.115426,12,11939.006461,True,True,0.010254250733809676,5.808715856464534
7.070006,4,11943.346702,True,True,0.009598236260055144,5.599896224268059
6.302605,1,11944.621171,True,True,0.0023034576567125373,6.518253306503063
7.530057,2,11946.86309,True,True,4.7150655355598274e-05,3.0199080740345394
6.74922,2,11949.257526,True,True,0.0013589383693252428,5.487385651403871
8.849847,2,11951.726471,True,True,0.008296869130035458,2.4612782903863653
7.819972,1,11952.91142,True,True,0.0026095410476594666,3.7772609342094974
7.380995,4,11957.514702,True,True,0.0001389798258314162,2.9901511207464253
8.213242,1,11958.526962,True,True,0.0010871725340605674,3.0672267704724345
-1.875756,6,11963.535992,True,True,0.0014117488674106502,16.76737240376214
8.498734,1,11964.839503,True,True,0.001137854438440154,2.548991605977572
9.349481,1,11966.076837,True,True,0.004816843760395522,1.0192521121312845
8.591622,3,11969.500173,True,True,4.966283384480203e-05,1.4821065021035609
8.61455,2,11970.844272,True,True,1.997419618703818e-10,1.592183340112054
7.363409,2,11973.403167,True,True,0.006240565091717507,4.480281921023492
8.999269,2,11974.662332,True,True,0.005901554159223284,1.595047356827218
9.905988,1,11975.886304,True,True,1.8372030979874054e-09,0.0025646195038776538
9.873312,1,11977.245728,True,True,0.000138550522864829,0.05999911281117851
8.306762,1,11978.510414,True,True,0.006014814712854281,2.901516415882215
6.190111,2,11979.811487,True,True,0.004764088513684001,6.272656671876326
8.652725,1,11980.977077,True,True,0.006228853547234291,2.2784182277837863
3.338898,1,11982.280455,True,True,0.0013993706404544868,11.86487680707663
8.229968,1,11983.493118,True,True,0.004496307685975548,3.0402850608847736
8.503518,1,11984.709549,True,True,0.004886619380860126,2.5473655880921924
8.247692,1,11985.908107,True,True,3.74276998282852e-11,2.9999051879070397
9.355605,1,11987.07125,True,True,0.00040470915024812606,0.9981706107743052
9.106549,2,11988.15473,True,True,0.00011164393404767756,1.756854385779795
2.999492,1,11989.251967,True,True,0.002349237475638047,12.477673517606242
8.360638,1,11990.409695,True,True,0.0005497098676930163,2.8001833946909414
3.28676,2,11993.255173,True,True,0.005272537954580694,12.146184575853393
4.303199,1,11994.414181,True,True,0.0054132870884688765,10.128398042675125
8.147093,1,11995.800743,True,True,6.785877164147604e-05,3.1854934920174456
3.165474,2,11996.99156,True,True,2.320724018338438e-09,12.050715652621232
6.541385,2,11999.243093,True,True,0.00022396879227754168,5.931072448393605
9.908148,1,12000.535862,True,True,6.916010617458382e-12,0.0025704288819129195
9.907536,1,12001.795546,True,True,1.4974983753024418e-10,0.0025656426525457313
9.711587,3,12005.649486,True,True,8.222641872873204e-05,0.02222130466964585
6.760668,1,12006.773927,True,True,0.005970876128040535,5.694482015176105
9.87371,1,12007.897256,True,True,0.00035072660949974667,0.06609930247716908
-1.380383,6,12011.421409,True,True,0.004979234836258662,16.637641962490008
8.38567,1,12012.71534,True,True,7.007989501597693e-06,2.754463947425388
8.75828,1,12013.934898,True,True,0.0015311006270557806,2.083238142158495
8.561488,1,12016.176749,True,True,0.00562646600330369,2.4435093811282944
9.745901,1,12018.198677,True,True,0.0015030798752438748,0.2987135992091937
4.270556,1,12019.502267,True,True,0.00015946684221791046,10.18331188452545
8.089073,3,12024.028942,True,True,0.005962901272094245,2.9787527266966287
8.16434,1,12025.756309,True,True,0.00012920812493889648,3.1527832409768433
8.633352,1,12028.024856,True,True,0.0017797473997150448,2.309218643146304
7.119821,1,12029.294155,True,True,0.003073886988897409,5.043621771230519
8.053528,2,12030.688921,True,True,7.597273816994932e-10,3.2041400112361482
8.482887,2,12031.816592,True,True,1.872020630499724e-05,2.617409534679861
9.905921,1,12032.90423,True,True,4.3696143231519713e-10,0.0025624469611892596
9.545052,1,12034.032572,True,True,0.004834039607823873,0.6617835096336434
9.006034,1,12035.121501,True,True,0.005137407191265459,1.6396933840496213
9.256356,2,12036.328696,True,True,4.425725731675538e-05,1.5059573003282993
8.956227,2,12037.429204,True,True,7.420344032822365e-06,1.5673598943289333
8.175793,2,12038.614975,True,True,0.00020405473006518748,2.979969938979437
7.911001,1,12039.756299,True,True,0.005626545776662857,3.614341127334651
9.908329,1,12040.951459,True,True,1.4801037866290194e-11,0.002562345120281331
9.123269,1,12042.580525,True,True,0.0010996043814053042,1.4229708088392623
2.354936,1,12044.276655,True,True,0.0006678143623086129,13.63898483871216
9.446223,1,12045.880097,True,True,0.00416151894343203,0.8437223628384853
8.052327,1,12047.24695,True,True,0.002360912881650235,3.3592357528508763
7.048425,2,12050.286865,True,True,0.0016171336198634728,5.260058175603836
4.767166,1,12051.830024,True,True,0.0002564096743346684,9.287371947625855
9.650106,1,12053.595849,True,True,0.002551514978781689,0.47324927055189153
7.901308,1,12054.942504,True,True,0.0035014534725922725,3.632899657118549
8.952068,1,12056.360668,True,True,0.009257397188685042,1.7416944648182624
7.017161,2,12058.893831,True,True,0.0023063982884727295,4.666657858491843
6.554338,2,12061.38971,True,True,0.004080151919491956,4.373794531938767
7.47442,1,12062.681759,True,True,0.005734052086637312,4.405939949538074
9.906233,1,12063.839698,True,True,8.3012527407611e-11,0.002563092191430903
5.280424,1,12065.329515,True,True,0.004801824873889584,8.36503266302082
9.33965,2,12068.137331,True,True,0.0042186197434133585,0.8829071556485816
9.592193,1,12069.378995,True,True,0.003133494254022505,0.5786650589634583
7.443286,3,12071.690447,True,True,0.00030901935166476047,2.8291226686908417
7.789675,1,12072.988586,True,True,0.0049905770225923286,3.8364587720688026
9.033269,1,12074.244161,True,True,0.00549949762912223,1.5908061046113606
8.847569,2,12077.211672,True,True,0.004217673624212628,0.8630804059211001
5.197761,3,12080.250594,True,True,0.004673760409578346,7.236965994134645
7.44028,4,12081.923021,True,True,0.005726582598133803,3.236460557478081
7.87183,1,12083.099674,True,True,0.00010184730035284195,3.679818041023533
9.366462,1,12084.854978,True,True,0.00018403076000802175,0.9826195766557022
8.293371,1,12085.956174,True,True,0.003787870276743501,2.924829297353858
8.283109,1,12087.160834,True,True,9.61027785129076e-11,2.9393950539776
8.385011,1,12088.305861,True,True,0.0024610795881821555,2.758601227668566
6.06156,2,12089.40911,True,True,0.0004973036128043166,6.813274856772429
7.967473,1,12090.55142,True,True,0.0022457920319868124,3.5124343238766516
7.611215,1,12091.761343,True,True,5.1168458359285296e-11,4.152765903961449
9.908391,1,12092.968391,True,True,2.1464885424649083e-11,0.0025637988144718523
6.750133,1,12094.135661,True,True,0.0003681602886364146,5.708247066321336
9.793335,1,12095.154335,True,True,0.005926891715709557,0.21885454859449668
7.836481,1,12096.238689,True,True,5.839364594056873e-06,3.746441872776844
4.545308,2,12097.330705,True,True,1.5171001659791683e-09,9.555856642144393
8.710511,3,12098.502352,True,True,0.009505433681604636,2.0712871533154216
1.734767,1,12099.581058,True,True,1.3724962628219872e-08,14.756906789475174
8.870876,1,12100.73749,True,True,7.008396294702103e-06,1.8778841440846465
5.840792,1,12101.88972,True,True,0.007260624211549756,7.354514137020826
6.982662,2,12103.110988,True,True,0.005714139774424268,4.948519411117254
8.301687,2,12104.217752,True,True,0.0026427837261002386,2.7448106307877556
9.56479,2,12105.408151,True,True,0.0008961809502284962,0.2424787202708705
4.32644,2,12106.567342,True,True,0.005024037719126721,9.187122159904591
1.322025,3,12107.901218,True,True,0.000614947316442559,15.262307111635776
9.90857,1,12108.962873,True,True,5.199799792132698e-11,0.002584663184408379
8.207765,2,12111.380816,True,True,3.8685075489021717e-10,2.931249904666508
8.667696,1,12112.57437,True,True,0.004749247139638171,2.2507081345478075
5.779675,3,12114.890544,True,True,8.617735657023839e-10,7.500010492103605
-13.405355,49,12168.241868,True,True,0.001921891037601604,10.982321626788599
8.067941,1,12169.470047,True,True,0.0010165377588931535,3.3263007546181105
9.287557,1,12170.566036,True,True,0.0022903867329146766,1.1274168768991144
8.143123,1,12171.712027,True,True,0.010050518947533574,3.202532752134404
3.605462,1,12172.7907,True,True,0.0003392216783363504,11.38328961501226
9.908385,1,12174.066404,True,True,8.06251830709823e-10,0.0025658875452589914
8.862301,1,12175.344594,True,True,4.292308717838341e-09,1.892044381002499
4.549586,1,12176.770908,True,True,0.0007474978617665502,9.680356636239074
9.907956,1,12177.994973,True,True,3.4892850588053026e-10,0.0025628296818222557
7.424226,3,12181.508902,True,True,0.0001621201612497629,3.029150503266117
8.60558,2,12182.818814,True,True,0.0030984415974152847,2.1004944818445437
5.42306,2,12186.189003,True,True,0.00530941462578399,8.592914464940707
9.140325,1,12187.396507,True,True,0.005835881082151471,1.3966033024718316
2.455761,1,12188.535162,True,True,1.0889954941513055e-06,13.456720945536055
4.465478,1,12189.71501,True,True,0.009496149536754369,9.838545626499982
4.30333,1,12191.232861,True,True,0.0006247026112125853,10.124552309903963
8.837289,2,12194.704911,True,True,0.004788097032425592,1.7561126418844126
9.469004,2,12196.671946,True,True,0.005359502891512086,0.8412889380006194
9.886339,1,12198.098621,True,True,0.00016378652062607607,0.0430051641402869
6.583907,1,12199.729311,True,True,5.555738113484365e-10,6.008206669630605
7.541537,1,12200.940074,True,True,0.008260772417361627,4.287672132560051
9.452675,1,12202.318618,True,True,1.925733184027223e-11,0.8265646385640564
7.650566,2,12204.600188,True,True,0.0031364305141477603,3.413355228482462
8.965032,1,12205.828325,True,True,0.008446309126001555,1.717916263950981
2.423676,1,12207.275591,True,True,0.004199554136429648,13.517230902546974
8.714639,2,12209.519007,True,True,6.395255708892433e-05,2.9299482488733117
8.227718,1,12210.785651,True,True,0.0008934936689476968,3.0403827631792852
9.707769,1,12211.923746,True,True,4.4348131948280185e-10,0.3651508065311357
7.191897,3,12215.562162,True,True,0.004163234904495416,4.157177034417318
8.093869,1,12216.692877,True,True,0.009059928390725032,3.2907757990335846
6.534169,1,12217.847078,True,True,0.0008179112069523695,6.098821991869117
8.473389,1,12219.299109,True,True,0.005875612627405721,2.599410245746865
6.537566,7,12227.794276,True,True,0.006103824578918682,3.2633038341428935
7.787206,4,12233.557138,True,True,0.0009882358820530153,3.316171751556557
9.762758,1,12234.786765,True,True,1.5692586279923314e-09,0.2661421063421905
5.845819,2,12238.407562,True,True,0.00016066804465787518,7.202542841704406
8.553721,1,12239.678364,True,True,0.009812761704039916,2.4620288517464974
9.908567,1,12240.759174,True,True,2.556799059091624e-09,0.002589436917726731
-1.332438,7,12248.75668,True,True,0.0004739049477856345,16.326902849760724
9.908187,1,12250.121498,True,True,2.0033431857857664e-10,0.002562769809939088
7.040277,5,12254.840274,True,True,0.0018800222280914369,4.383166808543659
8.577864,3,12257.399947,True,True,0.0024185917459219456,4.180821813287362
7.89769,3,12259.789965,True,True,0.004644946546978803,3.353872806902162
9.907992,1,12261.017732,True,True,2.3522041300345373e-10,0.002562358917401143
5.127612,1,12262.360444,True,True,0.0006530500344652437,8.637302283779148
8.70879,1,12263.539173,True,True,0.005487721992160324,2.1773374979475464
7.406401,1,12264.936337,True,True,0.0030718612520031913,4.5221256460415855
8.270384,2,12267.479811,True,True,0.002628802073272568,2.8111449573211167
8.453004,2,12269.985134,True,True,0.0032296130525391255,2.629493067538776
6.986825,4,12275.229597,True,True,0.008357329300858592,5.128810047640829
8.178998,1,12276.548531,True,True,0.00040392882669312846,3.1254365819199013
8.284492,1,12277.824526,True,True,6.948040753851359e-11,2.936597548029377
5.501329,2,12280.553836,True,True,0.004158104871047716,7.78114497559043
8.903478,1,12281.976902,True,True,0.004618061340631152,1.8247029848415335
9.879197,1,12283.096223,True,True,4.4028249359068326e-06,0.055684423739354685
8.384505,1,12284.312628,True,True,0.0010833323117804203,2.7578790825561206
3.606914,1,12285.875533,True,True,6.325596290589859e-05,11.380466834883117
7.587318,2,12288.53887,True,True,0.0025468296853504435,4.3260209581536
9.908403,1,12290.037181,True,True,1.6089828054609448e-10,0.002562349956393639
8.81921,2,12292.875766,True,True,0.0035364071664157953,1.3488616689989785
6.005119,1,12294.406682,True,True,0.005594031647176296,7.057585282448061
7.811475,1,12295.873391,True,True,0.005143743167350098,3.7968981560267157
6.524955,1,12297.210383,True,True,0.0022978801212313084,6.116905366477441
9.032436,1,12298.337682,True,True,0.005710182664625901,1.5922335305852173
8.950318,1,12299.534297,True,True,0.005368227400706194,1.7353864844978006
9.81812,2,12301.956286,True,True,2.766671478510398e-09,0.0025623545080204146
3.875423,1,12303.181278,True,True,0.00409185077287041,10.899049327296957
6.757401,1,12304.343251,True,True,2.019973410760656e-09,5.691871650289386
9.908128,1,12305.550321,True,True,4.690709071164534e-10,0.0025806598974879567
-44.101356,60,12373.430867,False,True,0.007464267832318367,29.306569752955863
9.792428,2,12375.013064,True,True,0.0001549467603732032,0.06453714967635074
9.908582,1,12376.721711,True,True,8.477557891795051e-10,0.002562438284956786
9.000026,2,12379.788419,True,True,0.0026211764916923156,1.0139368304245282
8.04081,1,12381.388412,True,True,0.0023824522733598003,3.3801475624366137
9.263862,1,12383.524688,True,True,0.0021491003172833204,1.170618780077199
5.766482,1,12385.449078,True,True,0.000490680916488997,7.48420306332326
8.11542,1,12387.30255,True,True,0.0012021564048659975,3.2427640451968105
5.945487,1,12388.927964,True,True,0.002404591981732574,7.162889559214893
4.996869,1,12390.443273,True,True,0.0040768584419715575,8.876039553497648
9.905482,1,12391.867997,True,True,8.100878301497971e-11,0.002562632141966148
3.488636,1,12393.389045,True,True,0.0018904279955182625,11.595141373723798
7.80785,1,12395.238463,True,True,0.0030838978789885256,3.8016078955032633
8.260919,1,12396.284973,True,True,0.00014491247797817584,2.9789965826249514
9.866132,1,12397.312115,True,True,1.7239846182570684e-10,0.07929343939053672
2.348696,2,12399.589934,True,True,0.002503358070791299,13.504090116078808
8.043946,1,12400.738751,True,True,0.0001675839325654821,3.3716478249478343
6.681895,1,12401.881829,True,True,0.005821963793378876,5.832636419257086
8.835889,2,12404.060719,True,True,0.004259394635545101,0.8569692133535535
8.660348,3,12407.167928,True,True,0.0060769378538947745,1.4970740519682297
3.413776,2,12409.339927,True,True,0.005475666919938246,10.972904314221726
9.529441,2,12411.624602,True,True,0.0007332410493962578,0.4828709906046638
-13.288204,28,12447.297683,True,True,0.009466803764280187,11.063607709049077
3.138948,3,12451.441748,True,True,2.0161632779958083e-12,11.972256337906664
9.905824,1,12452.852122,True,True,3.6250846074947773e-11,0.002562367593902357
3.012073,1,12454.307023,True,True,0.006720006147477271,12.457776042590327
2.027402,1,12455.605066,True,True,0.005858663412896802,14.232697398829448
9.439025,1,12456.916755,True,True,0.004243349305361591,0.8568295665848368
9.852166,1,12458.520872,True,True,0.0001815717500440739,0.10030566625322637
8.2496,1,12460.40361,True,True,1.5163910662949556e-10,3.0000042004480223
8.246931,1,12461.712719,True,True,3.20515957564534e-11,2.9999574766920936
9.444367,1,12462.743859,True,True,0.004217177167644433,0.8459099394275069
3.061805,1,12463.862904,True,True,0.005950726612889588,12.363909647103322
4.378033,5,12467.43299,True,True,1.7132299960661752e-10,9.319025904752811
7.380191,2,12468.999706,True,True,0.001383494885750988,4.729474874399609
5.507474,4,12472.476792,True,True,0.008964177123940048,7.484702024590066
4.987131,1,12473.720074,True,True,1.5064856926428542e-05,8.890252569316475
7.220292,2,12476.425102,True,True,0.004645205681215926,4.002235579340094
8.918512,1,12477.933203,True,True,0.0002120727169711012,1.791720150570809
9.60704,2,12479.525307,True,True,0.0019248378522967926,0.3918903629476747
4.183815,3,12483.266018,True,True,0.0028850121587393474,10.000264893476002
8.266699,1,12485.219502,True,True,4.635411065035943e-09,2.9662034579529686
8.592308,3,12489.797404,True,True,0.008511230630890583,2.10241558084157
7.69283,1,12491.250306,True,True,0.005186740451632266,4.0103206169878245
9.259311,2,12494.556281,True,True,0.0030864133470683633,0.7964216270039963
9.908582,1,12496.073534,True,True,1.088667916232522e-09,0.0025631335705032813
3.142143,1,12497.649136,True,True,6.666516191508598e-09,12.218774780494952
6.098983,3,12502.627627,True,True,0.002605928390667719,6.600798661101375
6.395252,1,12504.242479,True,True,2.1064277419489835e-09,6.348112253773451
4.261769,1,12505.603503,True,True,0.0011058359959813732,10.199909693202574
8.378976,1,12507.160616,True,True,0.005950829066759904,2.7715657902449906
9.356385,1,12508.590048,True,True,0.0023087648961546406,1.003188124134918
8.401779,1,12509.811583,True,True,0.001624753675011385,2.726814802762425
7.807366,1,12511.13279,True,True,0.004628635887041516,3.8036443150593477
9.908582,1,12512.105796,True,True,2.8000213259105067e-11,0.002562695999207913
6.561042,2,12513.212296,True,True,0.005863692726170497,5.69868797235047
3.199869,33,12518.041768,True,True,0.011785294873891641,5.157993735606939
-4.415102,15,12525.797864,True,True,0.009831464134305004,1.9405620097598
8.299727,2,12528.14621,True,True,0.006000797273661748,2.741048833189336
-4.772961,7,12535.025826,True,True,0.00048380095585908323,15.136034325022477
7.146675,3,12538.44361,True,True,0.006305634739229495,3.7906502473545394
6.958822,1,12539.575794,True,True,0.0041877279551582915,5.3355757314737335
7.323826,3,12542.009318,True,True,0.005992653659306568,3.699722586336049
9.214925,1,12543.326159,True,True,0.006281702480854301,1.2641370558827216
6.439237,2,12545.637359,True,True,0.0001629115448595897,6.126414401111173
8.664265,3,12548.131535,True,True,0.00871474800152706,1.809786762967243
9.689843,1,12549.625628,True,True,0.0016181572668184632,0.3997912019866267
8.508615,4,12556.815066,True,True,0.006848506828910725,1.701172055034232
5.050944,1,12558.273669,True,True,1.2193304615587144e-11,8.774550497435838
9.299394,1,12559.984974,True,True,0.00341728481367308,1.1076035579225547
7.580154,2,12561.540547,True,True,0.002490124199777788,3.969209857512633
6.665221,1,12563.174666,True,True,0.0044793088944001394,5.8658049838460515
7.778401,2,12565.492446,True,True,0.006080181717721652,3.6937255584248416
6.978904,1,12566.65896,True,True,0.004610124541176576,5.299734803122261
8.139231,1,12567.731486,True,True,0.0012729172600993205,3.2011215759169724
8.461959,2,12570.064883,True,True,0.0008912359859082307,2.1701940142194176
9.908364,1,12571.049996,True,True,8.154070061042803e-13,0.002575322124821108
6.590781,1,12572.182521,True,True,0.0028526224301646946,5.998066152886257
9.350372,2,12574.512024,True,True,3.4114561650512576e-05,1.9905443599141555
6.590425,1,12575.535947,True,True,0.000250223096115188,5.996694036157872
9.161094,1,12576.646226,True,True,0.002976781147977947,1.3573426181902781
-0.259634,4,12580.10594,True,True,0.0006772033836474206,17.5389574140202
2.942081,1,12581.797534,True,True,1.0752230182597966e-10,12.579620326051693
9.205648,1,12584.936486,True,True,2.9322487757109036e-05,1.2730119218923404
7.761964,4,12593.391098,True,True,0.002019851882997161,3.4420635279475817
8.527504,2,12594.674832,True,True,4.3749357955813473e-10,2.9895125489814642
1.905408,5,12599.760457,True,True,0.006419903954589209,12.474272026397204
7.608881,1,12601.254807,True,True,0.00022175483156544606,4.154119091590121
6.633479,1,12602.743431,True,True,5.710961936500943e-05,5.918769983884489
9.900034,1,12605.299366,True,True,2.4594428773095563e-05,0.011871451670363848
9.733372,1,15030.783759,True,True,0.0003245551279548488,0.31718417658411957
9.9075,1,15034.006983,True,True,1.2863905426985234e-10,0.0025624539306006253
9.80069,1,15036.875729,True,True,0.0007382312049641307,0.19835562844119262
7.665171,2,15044.107382,True,True,5.555614522542891e-05,4.26376579522859
7.337681,2,15047.208079,True,True,1.690849858975958e-10,2.9998876114200606
9.90849,1,15050.765571,True,True,2.8466974142505e-11,0.0025623657448143977
0.803467,23,15095.672542,True,True,0.004672480893761647,9.551186333188989
9.295942,2,15101.628855,True,True,1.8595361169986002e-05,0.7470655172291127
7.204497,1,15104.450323,True,True,0.00678951204657861,4.894624093302402
8.207544,1,15107.067816,True,True,0.0008748240470872679,3.0772667376482796
8.296907,3,15113.887773,True,True,0.0020772436967463883,2.926145633202083
8.196171,1,15115.633624,True,True,0.0012000565364760514,3.098194014191397
7.263491,1,15117.516837,True,True,0.00547920052650018,4.782651992750249
9.887011,1,15119.278278,True,True,5.058232320374889e-05,0.03599587620332973
8.667078,3,15124.165805,True,True,0.002610236974562433,2.0927098177738
3.802719,3,15129.613042,True,True,0.00023440476134387847,11.022983545576484
6.693829,1,15132.457691,True,True,0.006062832895591368,5.814622987204086
9.392878,1,15134.434001,True,True,0.004841790618024756,0.9409461275331024
2.252015,2,15137.860893,True,True,0.0005188567352677077,11.729689674373544
9.175778,1,15139.958873,True,True,0.00569173832682153,1.3329251691432735
8.285204,3,15145.860522,True,True,0.0002321288835346047,2.1297584336903053
6.384835,1,15147.747876,True,True,0.003056883748683405,6.370207530653009
4.015651,1,15149.32446,True,True,0.005151074746948587,10.64686687634034
9.699185,3,15155.100976,True,True,0.00046056014658873507,0.17505257305202915
7.998131,4,15165.076448,True,True,1.484314144893332e-09,3.0000151029163833
8.305379,1,15167.337638,True,True,1.5368375641992845e-10,2.89920340614772
8.009238,3,15172.826289,True,True,0.002386163075486139,3.3279281098616047
9.908265,1,15174.658944,True,True,1.7855888883291792e-10,0.002562349245201225
5.834486,2,15176.477658,True,True,0.0028323763842215037,6.1264131040940235
4.373406,2,15179.808496,True,True,0.0045779904296918954,10.099558795973973
8.294387,1,15181.868177,True,True,3.98472019269569e-10,2.9189619669674465
9.737726,1,15183.536055,True,True,0.0002818072427769606,0.31129039405033554
8.249904,1,15185.354681,True,True,1.5046966401990732e-11,2.999703202849576
8.315181,2,15189.152713,True,True,0.001585763578677693,2.663039700316567
9.907411,1,15191.161126,True,True,3.1540704076293835e-11,0.002562350383108993
7.860484,1,15192.626613,True,True,0.00012640117119419852,3.7032306458135493
9.90534,1,15194.049983,True,True,1.2834531234904407e-05,0.005190848563116406
9.908582,1,15195.439134,True,True,8.117409120497181e-10,0.0025632368019778847
7.561613,1,15196.747043,True,True,1.2639900192671436e-10,4.242243252641505
7.858581,1,15198.487914,True,True,0.00041381087289643116,3.7069992927547255
6.818935,1,15200.013841,True,True,0.00508467902979351,5.586243464740574
9.853392,1,15201.411952,True,True,0.0004746584817996169,0.10225021706164729
9.163784,1,15203.367958,True,True,0.01009052630611297,1.358542557359582
9.477418,1,15205.171695,True,True,0.0016686809598686582,0.7841165554102851
3.607202,1,15206.496099,True,True,4.670792875735574e-09,11.379898787207006
7.666185,1,15207.796324,True,True,0.005546869140352729,4.059604757834689
7.265595,2,15210.686721,True,True,2.913892064837626e-09,4.596927928641309
7.133414,3,15214.002638,True,True,0.002314420468629298,4.752128787420712
7.938363,1,15215.398249,True,True,0.0042952083237515,3.56725603326528
1.96233,1,15216.740749,True,True,0.0022175178861746393,14.347913802749629
4.238095,2,15220.203867,True,True,0.00037006007122653006,10.112059009672551
9.509193,2,15223.06442,True,True,0.00040353745249577374,0.4067311817041155
5.504791,1,15224.968084,True,True,0.00018368853483456161,7.956220353204048
8.2197,3,15226.497957,True,True,0.0017327654914417057,2.61805259046231
8.306364,1,15228.395576,True,True,1.1171024770273032e-09,2.8976450394412927
7.081505,2,15230.005346,True,True,0.005988679355523482,4.671085708759154
6.619496,2,15233.029288,True,True,0.006672449875976358,5.390687890205563
9.906761,1,15234.731279,True,True,1.0669773673475588e-05,0.005870337747880198
6.636166,2,15237.545018,True,True,1.8455367564247877e-05,6.165729056226187
9.908404,1,15239.366964,True,True,3.7104866401627135e-10,0.0025761542812156083
9.47199,1,15240.77722,True,True,3.088820830061845e-10,0.7915528567931528
10.66172,2,15243.877587,True,True,0.0001997131212230184,0.22328226877244636
6.391032,2,15247.611717,True,True,2.272666254897601e-05,6.111098617267399
-22.037372,60,15332.892129,False,True,0.05040258761423039,19.65732069040172
8.216268,3,15335.825409,True,True,0.0056931811770054574,1.4088715367231546
9.88518,1,15337.458286,True,True,6.373784543828483e-05,0.04495623458731807
7.706867,1,15338.676202,True,True,0.005432683993936949,3.986421846333367
8.853741,1,15340.35896,True,True,3.5629748068770686e-06,1.9088393751374382
3.183815,1,15341.772419,True,True,0.007906980189114482,12.148814749153907
9.083221,1,15343.284432,True,True,2.5229990910306396e-05,1.491803422087124
9.473862,1,15344.874287,True,True,0.004145524807286551,0.793768239252786
7.3944,1,15346.565274,True,True,0.00847337174899057,4.5526253247779
8.411593,2,15349.557755,True,True,0.004832486487112872,1.718576989540941
7.762201,12,15364.345781,True,True,0.0001246389977213047,0.2782328175738047
8.249869,1,15365.830126,True,True,0.008974432047105097,3.005352976504984
6.492596,2,15367.376714,True,True,8.986000114543409e-05,6.030626499877158
8.100653,2,15368.958102,True,True,2.1343357051867295e-07,3.1187189860141613
6.069747,1,15370.539071,True,True,2.6443787071964153e-05,6.934607700238261
4.852504,6,15376.473081,True,True,0.0019267048376903047,7.717668548768355
0.656495,1,15378.016108,True,True,0.0006834795953644971,16.701430341622032
9.095537,1,15379.719909,True,True,0.0008148990144233046,1.4730156923119455
8.997315,4,15382.559973,True,True,0.0016062241766913732,1.6512433514141212
9.327552,3,15384.096848,True,True,0.002452578673631148,0.7461013236693435
-17.780743,60,15429.258136,False,True,0.007950196582987106,23.08125308767477
8.699338,1,15430.821347,True,True,0.0012172412620403972,2.1893276426241974
3.173225,2,15433.55545,True,True,7.600989282430248e-12,12.036706110398177
6.303565,1,15435.192769,True,True,6.141510910939729e-13,6.508786477199851
7.273777,2,15439.20993,True,True,0.0038554449981814004,4.407384127797098
8.328217,2,15440.824269,True,True,0.0002687774940396126,2.740564635957004
8.33488,1,15442.410439,True,True,0.001068666305088293,2.844381219003011
8.747942,2,15445.60332,True,True,2.928257025747172e-09,1.3729347692754723
5.155142,2,15448.481173,True,True,3.1285872163605833e-10,8.451816157580645
8.296428,1,15450.197456,True,True,6.229879997293741e-10,2.9156631912898603
9.674454,3,15454.659981,True,True,7.926483562911701e-05,0.05245273707501445
9.657333,3,15457.45079,True,True,0.0003028520172262267,0.12433528149403962
-22.822568,60,15498.419525,False,True,0.003055127842757475,24.442811051498744
3.435072,1,15499.664708,True,True,0.009191182113062642,11.696533611021492
9.261864,2,15500.947902,True,True,0.0030567385709395897,0.6458005415299303
5.217141,1,15502.268505,True,True,6.967694323248286e-08,8.475172872550242
-20.988811,60,15555.553042,False,True,0.004675488616574717,35.47341704355853
7.140589,2,15558.296864,True,True,0.009181545177250859,4.876700030706253
7.816191,9,15570.278359,True,True,0.007387342073198577,2.7686983144488297
9.699835,2,15573.107712,True,True,0.000513899342589455,0.21030259795937323
6.706644,1,15574.650272,True,True,2.8743790415618258e-09,5.786216268980249
5.8772,1,15576.127575,True,True,0.004550895761053811,7.2880201544701295
8.633669,1,15577.808143,True,True,0.0005259346350240515,2.3065160451711115
5.524411,1,15579.374231,True,True,0.008826018853931125,7.927261577745749
4.700388,2,15582.495987,True,True,0.0038849803292649674,7.744477796205738
9.584668,3,15587.099334,True,True,0.00045263827980845256,0.2536004835907426
7.525519,2,15589.950699,True,True,0.0002866825045968956,4.157842815991528
6.828242,1,15591.555445,True,True,0.00424404582350181,5.571334165249794
9.777992,1,15592.739242,True,True,0.0013012557659308258,0.2404387359753753
9.8114,2,15595.435968,True,True,6.67009503185767e-12,0.002564253822113248
9.90822,1,15596.997098,True,True,3.881605661892884e-09,0.00256347652184459
4.503843,1,15598.392158,True,True,0.0005623703975329991,9.762738497833306
9.751391,2,15601.416272,True,True,0.0005446237210856679,0.13546887196094193
7.698411,1,15602.958513,True,True,6.636417804184447e-11,3.9902572956997675
6.598017,3,15607.322786,True,True,0.003923656792948009,5.726601276164144
1.513443,2,15610.593368,True,True,0.0005102238555932939,13.575165220361145
-1.825027,10,15620.062619,True,True,0.00025002905345618276,17.189406554082634
7.574866,1,15621.379732,True,True,1.6904834303221872e-10,4.218088064819362
6.603212,2,15624.217521,True,True,0.005915820004385498,5.80771000589493
9.638242,4,15630.171318,True,True,1.5388101051497085e-09,0.002562809487661693
8.078243,1,15631.806047,True,True,0.0030579578566846174,3.313308604536177
7.584178,1,15633.328059,True,True,0.002874503992804063,4.202212824908773
8.856488,1,15634.658096,True,True,0.0023179453832947866,1.9068007651998873
6.839602,1,15636.392192,True,True,2.012882961569932e-11,5.545825448657943
6.696014,1,15638.530341,True,True,0.0020351964084858905,5.807866784916831
8.537074,3,15642.718786,True,True,5.022007115718097e-12,2.9999060414584555
7.461449,1,15644.211379,True,True,0.00036476429319502734,4.421886761015724
9.080619,2,15647.470327,True,True,0.005695420322136775,1.4112625004124062
8.223295,1,15648.876356,True,True,0.0003136708196911958,3.0478724290769192
9.489749,3,15653.159994,True,True,1.1889022995521655e-09,0.30861539804931565
8.915776,1,15654.669715,True,True,0.0015981146381583294,1.7983036875856868
2.443247,3,15657.460957,True,True,0.0004004588839859151,13.232927905226926
7.758349,1,15658.8401,True,True,0.0016135542329257478,3.8893745887439364
7.05191,1,15660.167846,True,True,3.954948431981846e-06,5.163248546112604
8.915498,3,15661.659065,True,True,0.005499548255995147,1.565975324470462
2.606618,2,15663.337213,True,True,8.113372820806042e-11,12.803553945008495
6.722628,5,15666.580582,True,True,0.002257003024599192,4.752820288152354
7.025342,2,15668.035779,True,True,0.005629830258443824,4.095483352174669
7.833324,7,15669.536726,True,True,0.004301035345428678,2.341373319761911
8.31496,1,15670.888301,True,True,0.0042132110669125256,2.881788995177394
8.622803,1,15672.185014,True,True,0.000646683483040549,2.326437482924259
9.908579,1,15673.355952,True,True,1.625694962328894e-09,0.0025692218118555676
7.767121,2,15674.719069,True,True,0.005148467381876007,3.7067760486057444
6.018076,1,15675.945638,True,True,0.004969581593200604,7.034168244640948
3.416416,2,15677.290232,True,True,6.505162546987142e-05,11.874338235093116
5.533548,1,15678.558504,True,True,1.1014064122804451e-07,7.904154767803416
8.706873,4,15682.598095,True,True,0.0005633821023342219,1.637069477701933
6.032777,1,15683.909434,True,True,0.0077415474807198265,7.009983089493908
3.315752,8,15693.383015,True,True,0.00027947180251185894,9.911943763958309
9.593153,4,15694.740771,True,True,6.160642343489009e-10,0.14895658170081152
8.162952,2,15696.233131,True,True,1.0513647059222222e-10,3.0000052930958487
8.358755,3,15698.872959,True,True,0.005635152390046515,1.507756358459368
9.908322,1,15700.717263,True,True,1.4814938165130798e-10,0.00256518007677972
9.907181,1,15702.006047,True,True,2.1120277119510356e-10,0.002562479247894661
6.538838,2,15704.755633,True,True,0.005230559022445508,7.087706787630666
8.764592,1,15706.126574,True,True,0.0017959426236212016,2.072163333810963
4.485417,2,15707.564528,True,True,0.0037269209219617638,9.670101157181229
2.514651,2,15709.133294,True,True,0.0044954311802807186,13.050974264408259
6.556562,1,15710.744577,True,True,0.007281651086635041,6.058061157789084
7.518553,1,15712.229862,True,True,0.004772749635863474,4.325720152993688
8.984957,3,15713.678832,True,True,4.600423473729242e-05,1.3891144706385148
9.908161,1,15715.069855,True,True,2.2310478429238424e-10,0.0025735387547978577
4.67357,1,15716.441392,True,True,0.00030347267343141344,9.456291192288333
6.58849,1,15718.028208,True,True,7.479381884426434e-10,5.999933619591917
8.806015,4,15722.267015,True,True,0.0011914287931052408,1.5252097124472175
7.623127,2,15723.530674,True,True,1.4373466537124057e-10,4.061503255843574
5.672512,1,15724.970031,True,True,0.008496676161589632,7.660576084322838
3.696529,4,15728.840852,True,True,0.0003796889799645678,8.153273340654827
7.489232,2,15730.171529,True,True,0.00444909202084118,4.332097496937261
9.100584,1,15731.504907,True,True,0.005009981238188008,1.4635921326645327
5.623123,4,15736.844625,True,True,0.004355286779630149,7.637482841264796
8.802753,2,15739.362535,True,True,0.0029978806776233013,1.9029042961651996
8.892764,2,15740.908201,True,True,0.008203692272415079,1.6364162478065376
5.044407,1,15742.422972,True,True,4.3631461486007966e-05,8.786920839979242
3.250236,1,15743.793502,True,True,0.0003194058282920348,12.02337230277273
5.577563,1,15745.186467,True,True,0.005606842851495136,7.827643281684122
9.635874,2,15747.960147,True,True,1.0432508751333976e-10,0.32778896355353193
6.656543,4,15750.89694,True,True,0.009388710176416447,5.463545404449825
9.192532,3,15755.015898,True,True,0.007117920779470279,1.207736663674868
0.542365,2,15758.0178,True,True,0.004759317403335331,16.434826943931515
9.601769,1,15759.501576,True,True,0.0004208480278344445,0.5573196584618816
7.495554,2,15762.542661,True,True,9.196125805299715e-11,4.2151780537480965
7.929148,2,15765.380331,True,True,0.00020247579294192428,4.270513349356126
9.446421,1,15766.913851,True,True,0.004164207045522179,0.8433676455254522
9.908183,1,15768.390659,True,True,6.813737744873602e-11,0.0025636670305437615
3.017848,1,15770.123804,True,True,1.0526005102262648e-09,12.442964116387733
6.937289,1,15771.477024,True,True,0.00031104980452841815,5.370527758340069
9.529051,1,15773.042777,True,True,0.0017397090008897005,0.6906194048363833
6.644865,1,15774.312429,True,True,0.0025407816646917077,5.900693690160996
7.875823,1,15775.848976,True,True,0.005836446005657714,3.680879339373882
8.524895,2,15778.86346,True,True,1.3635246946673736e-06,2.42569672861095
7.929878,1,15780.398506,True,True,0.005035798956828005,3.581516910974485
5.825109,3,15783.051304,True,True,0.004834490070465597,6.742465339230801
9.54659,1,15784.59752,True,True,3.7830433230467975e-11,0.6564147100898351
8.501285,2,15787.280807,True,True,0.005344872893807851,1.2247587555876782
8.59998,1,15788.671564,True,True,0.004153133716975768,2.3679508781389624
6.366857,3,15791.313244,True,True,5.6741226947352313e-05,6.115609239373799
9.818588,2,15794.222225,True,True,4.681509017913889e-10,0.00256246402910183
-27.493727,60,15846.339881,False,True,0.004192822947966107,7.995150865844534
5.657471,2,15847.816119,True,True,3.071392445610868e-12,6.67567732777589
6.388338,2,15850.809684,True,True,0.0060934531684937055,6.231312192124108
8.209013,1,15852.771565,True,True,2.034492105064156e-11,3.073566263898485
6.125322,2,15855.669479,True,True,0.004917641584308028,5.859386942318945
5.723066,3,15860.715826,True,True,4.9563569978230276e-05,8.039174226528807
8.302004,1,15862.232272,True,True,0.0007658362781200259,2.9065180529936003
8.300659,1,15863.663619,True,True,3.47980221027111e-10,2.9080194864387043
3.141455,1,15865.080926,True,True,0.0042517679571495316,12.222903455220145
9.807941,1,15866.565534,True,True,0.0003130895738498174,0.1799975874189688
8.792941,2,15869.154829,True,True,5.58171016164673e-05,4.095573994634662
8.248637,1,15870.994354,True,True,3.699717656794749e-11,2.9999777962041905
0.04506,3,15875.161263,True,True,0.00014529733437819957,17.268492454837453
8.240789,1,15876.640419,True,True,0.0003374854649369519,3.0118864774689973
5.43565,1,15878.094006,True,True,0.005510630022341992,8.083665005993764
8.310497,1,15879.480958,True,True,0.0001379703548632094,2.888088895502915
6.056234,1,15880.973432,True,True,0.00018747020980288548,6.960935294976212
6.682594,1,15882.451842,True,True,0.0015113454759567507,5.831572916972305
8.313489,1,15883.911915,True,True,0.00013658355207206636,2.884649129194646
7.823523,3,15888.354044,True,True,0.0011204060879824312,2.5897247877784486
9.908582,1,15889.790889,True,True,2.9906403742341325e-11,0.0025623859424720977
8.161009,2,15892.692426,True,True,0.0054190029405296325,2.0279353497973664
8.913687,1,15894.183657,True,True,0.004495627190570129,1.806118551712003
1.735284,3,15898.973254,True,True,8.152980150693146e-05,14.491594818882364
3.51807,3,15903.406594,True,True,0.004838520120814314,10.584246920689722
8.113229,1,15904.88099,True,True,4.57083360558639e-05,3.2466347309125663
3.706524,2,15907.937864,True,True,0.0011216697765357164,11.15492636634243
8.061058,1,15909.538483,True,True,0.002452396375226031,3.343660059730924
8.946026,2,15911.058527,True,True,0.006216410702550647,1.5994240727495561
6.115154,2,15913.658518,True,True,2.2848643810302605e-10,5.770303086591315
8.044194,1,15915.128784,True,True,0.002981218353636594,3.3724914160896624
6.905024,3,15919.404651,True,True,1.7331770956911072e-10,4.487957202840998
7.063236,1,15921.233829,True,True,0.003060561595409142,5.145495617024549
9.291005,4,15926.940651,True,True,2.02379251976071e-05,0.4811248071255066
8.395644,2,15929.81882,True,True,0.0018545725180056612,2.7130559888735943
9.776431,2,15932.681601,True,True,6.717549963342062e-05,0.04197774191376792
6.777095,2,15935.358286,True,True,0.0047096382867216745,5.495962203319353
9.104705,1,15936.770555,True,True,0.006004836521702707,1.4579202282117578
9.664041,1,15938.082836,True,True,0.002415005169302058,0.4478851715271291
8.205404,3,15942.124823,True,True,0.005591106590310218,1.480399186565148
6.275014,1,15943.515861,True,True,0.004492736196037929,6.569070485183557
6.718092,1,15944.980966,True,True,1.2344863881347604e-05,5.765965729403255
7.643914,1,15946.582726,True,True,0.0006518387383869333,4.0949527102957965
8.255063,1,15947.946846,True,True,0.010607110845518004,3.0012595436063627
9.023944,1,15949.469769,True,True,0.0031656255570929465,1.6033954391263567
9.654668,1,15950.78844,True,True,8.853024405600096e-05,0.44764176105128856
2.715749,4,15954.85629,True,True,0.0021067568393362546,12.31973384504736
7.165742,13,15967.334523,True,True,0.0005066232247815244,2.895457183662629
8.25585,1,15968.533148,True,True,0.0003224763927075318,2.989351878026529
9.072883,2,15971.57906,True,True,0.00585193232041476,1.369523987009492
3.993215,1,15972.909761,True,True,4.169406197737169e-05,10.683572151823956
9.77986,1,15974.398122,True,True,0.0007708257564766564,0.236321213244122
9.810383,1,15975.913303,True,True,0.00023683824308626256,0.17435281426547167
5.859887,1,15977.489227,True,True,0.0009486228600712066,7.316045178576347
7.749207,3,15978.936215,True,True,0.0002691348127441261,3.0605394607662557
9.90682,1,15980.381876,True,True,9.905971377378864e-11,0.0057472044284103165
9.279679,2,15983.090179,True,True,0.006702646519380963,1.2487175701985358
9.786398,1,15984.216518,True,True,0.0009191356006764134,0.2247140007591665
8.794601,3,15989.787805,True,True,0.00389538932972444,1.3417173146386956
7.107962,3,15994.01898,True,True,0.0041628392661256525,4.735935451171811
1.641142,2,15997.126183,True,True,2.0733865319089162e-10,14.64339016639273
6.588683,1,15998.531656,True,True,1.028715827799953e-11,5.999583650280092
5.757079,1,15999.87289,True,True,3.2403382362142675e-06,7.500722521247033
5.995436,1,16001.385357,True,True,0.00498590219054422,7.072755357096715
7.00741,4,16007.078088,True,True,0.002142648348213683,3.264589076874056
8.525571,1,16008.63069,True,True,1.3721969394569848e-09,2.501071147856839
7.418157,2,16011.246462,True,True,0.0001811230773831208,4.306143846478094
8.681024,2,16014.088308,True,True,0.005431158393382304,1.4808613347359623
6.552457,1,16015.71245,True,True,4.558946851491302e-05,6.065029943800365
8.24655,1,16017.225317,True,True,6.021599885386308e-11,3.000124617285177
9.784109,1,16018.756329,True,True,1.5659813376589504e-10,0.22755037467234945
8.394369,1,16020.300853,True,True,0.0014644692731337339,2.7384465027505094
8.356254,1,16021.808286,True,True,7.976375053075359e-11,2.8067021389532636
-15.56934,60,16098.784644,False,True,0.011697375929024794,2.886756643059815
5.643235,1,16100.157672,True,True,0.005297888630693843,7.710155966110631
5.147273,1,16101.496303,True,True,0.004634484682963387,8.605129748252528
8.731341,2,16102.865383,True,True,0.0007025455160623991,1.4303464166892108
9.013821,2,16104.285708,True,True,0.005455726176623182,1.4447438708542748
3.170105,1,16105.623489,True,True,0.002839194094540698,12.170301422341177
7.8248,1,16107.048901,True,True,0.0026976160054309334,3.769679966361628
9.818588,2,16108.509369,True,True,8.003885632336048e-10,0.0025623502408705493
8.33898,1,16109.942955,True,True,1.8568970275536785e-05,2.8388195703010473
1.553125,5,16111.553348,True,True,0.0048193839811389695,13.426167171211723
8.220983,1,16112.918144,True,True,1.9960028363119068e-11,3.051943360346359
4.76742,6,16114.340698,True,True,0.002470089607726444,7.092441483927813
8.740232,1,16115.728976,True,True,0.004214988448722135,2.1190786037242124
4.79395,1,16117.17581,True,True,0.00013867939141548003,9.238855111872775
8.344285,2,16118.613735,True,True,0.005508182775040723,2.2827741187310178
8.251515,1,16119.910593,True,True,3.6381923851868606e-10,2.996792500598503
8.346593,3,16121.462849,True,True,0.0028254192788574367,2.4907274324470743
9.908084,1,16122.84668,True,True,1.7962993769142607e-10,0.0025630545088765984
6.907235,1,16124.142892,True,True,0.007771085660824579,5.432041558658569
8.525432,1,16125.455769,True,True,0.002033901602168797,2.5044660855549754
9.312276,1,16126.807823,True,True,0.005099414392678068,1.0868679200207596
6.559681,1,16128.199827,True,True,0.0003717675297010316,6.052317970406847
9.908582,1,16129.549765,True,True,9.46654498763912e-11,0.0025627501841718027
2.781564,1,16130.877488,True,True,0.004171113998457642,12.871860160067552
0.653588,1,16132.262194,True,True,0.01033968035236138,16.711395183556263
9.387067,2,16133.734965,True,True,0.0061464059770395055,1.761535824998777
3.844147,1,16135.525801,True,True,0.008700833416428768,10.95855585968039
7.481863,2,16138.83593,True,True,0.008332437854675235,4.233104717380157
6.193836,1,16140.506799,True,True,1.0174907818712239e-08,6.712371504735268
3.091376,2,16143.132199,True,True,0.0005803067851048328,11.05899226935746
2.921455,1,16144.824404,True,True,0.005164028269713861,12.620220638492075
8.650116,1,16146.414646,True,True,0.004932502705386497,2.2814860077752117
6.320889,1,16148.171577,True,True,0.0040855600574371395,6.4869063500926645
8.734738,1,16149.934986,True,True,0.00360080741659443,2.128276603044612
9.79159,2,16153.169461,True,True,2.6816551579246784e-05,0.028308964774238565
3.961426,2,16155.04824,True,True,0.004632989701743966,10.618666852601693
8.664203,2,16158.722958,True,True,0.010583503192664379,1.6609741434294354
6.937983,2,16162.346546,True,True,6.957086236571612e-11,5.0680387038484325
7.92475,1,16164.349686,True,True,0.004356004971465266,3.5919028330355744
6.140543,1,16165.929659,True,True,9.439411234732874e-06,6.808007961778444
6.271032,1,16167.254214,True,True,0.0004771959596640786,6.57349039825113
8.192482,1,16169.091145,True,True,9.513803041287964e-11,3.0973101864706307
7.561893,1,16170.541964,True,True,2.91402318941536e-13,4.24233908767875
8.833384,1,16172.443068,True,True,0.004717796360702253,1.9514240771559896
5.403779,2,16175.908225,True,True,2.2031115711607487e-10,8.693159257314703
6.864742,2,16179.043548,True,True,0.005638418250717979,5.433226462507763
9.48358,1,16180.788362,True,True,2.3219567871039792e-07,0.7707130226920467
5.054705,1,16182.611605,True,True,0.006448590737306628,8.771957730235574
7.049222,3,16187.088286,True,True,0.0013358668521766812,4.495342285751268
8.413193,1,16188.844502,True,True,0.0023821159490762427,2.7076082555863255
8.737965,3,16193.755648,True,True,0.002003500614874,2.4765027514786366
7.737465,1,16195.571477,True,True,0.004939148657531124,3.9303861658391823
2.819604,1,16197.52001,True,True,0.0010214475008855257,12.801214893772514
9.908571,1,16199.300991,True,True,8.004991157786745e-10,0.002583107511128841
8.162754,1,16201.088823,True,True,0.00021581733681754096,3.1521497308910713
9.90817,1,16202.950845,True,True,5.915144762891344e-11,0.002566594108712092
6.719402,1,16204.592618,True,True,0.0026034999466481674,5.766208517765757
3.616642,3,16209.953749,True,True,0.001946081746457569,9.02976862962879
7.833234,1,16212.029739,True,True,2.4128754319862158e-05,3.752327783968396
6.511112,1,16213.810096,True,True,6.898322122968307e-11,6.135510853827127
9.889792,1,16215.401525,True,True,0.00048558670025333214,0.03722415382468609
8.913838,2,16219.104766,True,True,0.0013175363267780155,1.6462399335831468
9.728594,3,16223.853234,True,True,4.402688456583687e-10,0.002562527890532905
8.545125,1,16225.796745,True,True,0.0010242066158229549,2.4676680920791676
-0.363495,2,16229.617022,True,True,0.0002233414117254794,16.49809951683715
8.559034,2,16233.241808,True,True,0.0021679374890893168,2.433517187055571
6.693941,1,16234.92873,True,True,0.006017360408332902,5.8153928566626325
3.340368,1,16236.617512,True,True,0.0016084268985963115,11.862371606028127
7.480863,1,16238.325449,True,True,2.3276305982198372e-05,4.388697526527274
5.899985,1,16239.945406,True,True,0.001958336132854029,7.244603954506087
5.364594,1,16241.591822,True,True,0.004581630999142588,8.212990807418878
7.276808,1,16243.05357,True,True,0.0028397928405468204,4.759673665006045
5.350398,1,16244.463408,True,True,0.004264958339312022,8.238343881523779
5.075826,1,16246.246604,True,True,0.0040622252979418344,8.733575118843989
9.877945,1,16247.973782,True,True,3.171430265382344e-05,0.05235232445201465
4.182353,1,16250.039168,True,True,0.011510650727027154,10.35026685181836
-1.037683,7,16262.958702,True,True,0.0002499471753851937,16.70863358352906
7.240287,1,16265.335498,True,True,0.004392868083494166,4.827686197025904
7.870862,1,16267.305108,True,True,0.002693257592683282,3.687396701769867
8.596462,1,16269.222725,True,True,0.0037851611868739005,2.378243585527059
9.308141,1,16271.371547,True,True,0.0051326996305054665,1.093822180092436
-22.394095,36,16318.456126,True,True,0.0070172256946680715,9.266908997633937
9.905189,1,16320.497915,True,True,8.484197680479244e-11,0.0025624520815749675
8.836449,1,16322.366445,True,True,0.004138011630840855,1.9380141180641084
9.425533,1,16324.3152,True,True,0.011237135784256433,0.8883490329922424
9.515753,1,16326.155608,True,True,0.0019991709437852945,0.7148001798425139
7.416214,2,16329.395559,True,True,0.004994933862850368,3.339418410445036
8.03856,3,16333.966019,True,True,0.006368687452269164,3.0927618398148216
8.647593,1,16335.889607,True,True,1.4560147426717128e-10,2.279896839401054
6.197727,1,16337.715977,True,True,5.348098144897229e-10,6.704686696995998
8.699399,4,16345.070043,True,True,0.0029520652904153877,1.9692989570319068
8.661436,1,16346.942875,True,True,0.004197798213697794,2.2613733956049793
7.898839,1,16349.821295,True,True,3.216002761612276e-05,3.63384721341935
8.450424,1,16351.701792,True,True,0.003011007387382874,2.6410998195346522
4.061451,7,16360.554223,True,True,0.005833886934405796,7.755759297255257
8.205738,1,16362.368083,True,True,2.3526333658985266e-10,3.0760319857205274
8.576607,2,16365.160534,True,True,1.2255030323871097e-11,1.4997441324284144
9.906686,1,16366.502018,True,True,8.258700320840084e-11,0.00259282116490807
-2.823101,7,16375.913581,True,True,0.0005359996218979174,15.566964205862876
4.262144,1,16377.18764,True,True,0.0004964857783325283,10.198755435559791
10.158179,2,16380.479232,True,True,1.1264735223439957e-10,0.08768883868163943
8.123015,1,16381.95715,True,True,0.00019365725674118223,3.223093572662396
7.551452,2,16384.533401,True,True,0.00018778709321559239,4.231744949072217
9.039999,2,16386.039483,True,True,3.6100816780404443e-11,1.1835915326744013
9.692287,1,16387.40355,True,True,0.0010322279648058152,0.39495736456600167
9.908293,1,16389.118068,True,True,2.361696934092548e-10,0.0025644439888233383
7.799623,1,16390.945364,True,True,0.003051658241766939,3.8159428156231456
9.908333,1,16392.218575,True,True,2.906083549684959e-11,0.002562374563529594
9.908428,1,16394.014759,True,True,2.298712425503571e-10,0.002568191006552677
9.290921,1,16395.315462,True,True,0.0052112435123485325,1.1255798493856406
-15.139133,60,16452.090721,False,True,0.01911672624364305,27.196092178562996
7.996458,1,16454.205828,True,True,0.0011753013121282268,3.458443143007021
-1.538272,4,16459.07874,True,True,0.008998041493862378,17.753735148834807
2.956729,3,16463.347824,True,True,0.0020242070692245923,12.483850351776931
5.726573,3,16468.469713,True,True,0.00015379492303848122,7.281190398583074
9.587135,1,16470.303019,True,True,2.165643366410988e-10,0.5828811874371044
4.365738,1,16471.667017,True,True,0.004644941794210671,10.015033179510063
4.739794,1,16473.08213,True,True,2.032487182029863e-09,9.336545705396475
9.435205,2,16475.823863,True,True,0.00496869178546175,1.0936618243377338
8.282779,1,16477.126767,True,True,6.385647917156465e-11,2.9400269008039657
9.02378,1,16478.971922,True,True,0.005867692192644845,1.605309422172146
2.47449,1,16480.79372,True,True,0.0003286519368629697,13.423160304531029
8.841528,1,16482.633493,True,True,0.009319931739915919,1.9418778184691696
8.280444,1,16484.542122,True,True,0.010875615662402832,2.9564291701423806
8.186328,1,16486.348534,True,True,0.0021793698555682968,3.116309341518334
9.729903,3,16488.416766,True,True,9.477341134100925e-11,0.002565915669491924
-13.12885,17,16502.747766,True,True,0.00467743208337291,15.919524202760828
9.41139,2,16504.555153,True,True,0.0004880986124451347,0.9388298876740013
-22.391933,60,16568.687634,False,True,0.0028097840077618043,27.05836141108693
4.202589,4,16572.496169,True,True,4.457218504340366e-05,7.336195096088419
8.390666,1,16574.364126,True,True,0.001994424610502435,2.7476523777928166
7.542842,1,16576.211181,True,True,0.003693814657114741,4.279402239777844
2.057395,2,16577.988686,True,True,0.0034846636234152177,14.057407976040292
8.686048,1,16579.367861,True,True,0.006319022222588122,2.2185449814137232
8.624843,1,16580.764091,True,True,0.006061514187761394,2.3290132163297006
6.441149,1,16582.128525,True,True,0.00986055480941751,6.274897312177554
7.916431,1,16583.496531,True,True,0.004193814551813906,3.6043245817319725
8.270172,1,16585.325455,True,True,0.00023957308116720992,2.9633812571532614
6.935888,6,16591.130369,True,True,0.009769886074720773,6.099579613187571
8.562669,1,16592.849066,True,True,0.005114293229845147,2.4408015467290456
4.888976,5,16599.741381,True,True,0.0004426706308795475,8.21779858734951
7.798527,2,16603.468891,True,True,0.003983760855849864,3.6730370932583836
8.974537,2,16606.629078,True,True,0.004098973275123917,0.9627547264684883
7.981557,2,16610.108365,True,True,8.062208112451259e-10,4.1069936680520565
-0.365402,3,16615.706693,True,True,0.0024415985400921096,16.786538539724678
8.799923,2,16620.067407,True,True,0.000754140918054886,2.7899017854440618
6.965361,2,16623.066379,True,True,0.0005706919068693191,5.340289294964888
8.447731,1,16624.414891,True,True,0.0009666997650060287,2.6435293031102254
4.810468,1,16625.985228,True,True,0.007228044686792343,9.214705168478314
9.899797,1,16627.602101,True,True,6.742846371492642e-05,0.01790741522819101
5.675478,6,16636.418312,True,True,0.0002437115823763318,6.002467903789133
6.490029,2,16639.448842,True,True,0.004385150514277064,6.031413634077842
-14.910647,28,16668.702513,True,True,0.004859821750700708,13.383074727847175
-1.689468,6,16675.416165,True,True,0.007491843356947342,17.527228817900664
6.824928,5,16680.720251,True,True,0.0065295674956795365,3.923565138067024
9.533359,1,16682.057562,True,True,0.003494589841166351,0.6854395110403074
9.004419,1,16683.498579,True,True,0.005650087086033137,1.638011299537955
8.160273,2,16684.948307,True,True,1.6044222894695537e-10,3.0000238672965667
8.283353,1,16686.379197,True,True,3.493598806745755e-10,2.939280946039463
7.046637,6,16689.287874,True,True,0.0031198751498581105,3.779074653344932
8.223145,1,16690.775447,True,True,0.005958247874702453,3.054834719747293
7.791108,1,16692.101703,True,True,0.008803749355653444,3.8373669438914115
-13.376183,60,16754.770676,False,True,0.02019731914495093,15.617596069113707
8.266675,1,16756.018687,True,True,2.8883483817114534e-11,2.966908594034227
9.04419,2,16757.397083,True,True,0.00018856897650950527,1.4028238079615416
3.003047,2,16758.92461,True,True,0.0007923522693122028,13.429513307459642
7.879906,1,16760.320689,True,True,2.250860219471213e-09,3.6676262311234287
9.836223,1,16761.846901,True,True,0.0003296502624447542,0.13294357667888934
9.664098,1,16763.443049,True,True,0.001520457731590922,0.4465716209103479
4.525042,1,16764.908863,True,True,3.836108365048714e-06,9.724034371212905
9.828241,1,16766.348301,True,True,0.000662677138949911,0.1487259801922046
8.034709,2,16768.93564,True,True,0.002622720533847498,3.4157172019460256
7.116439,1,16770.583413,True,True,0.0003341483314441285,5.043252085732721
8.04926,3,16774.681822,True,True,4.1237227934858794e-10,2.4003165596833855
9.642077,1,16776.137785,True,True,0.0024261227969233808,0.4875891156212101
3.50684,1,16777.75067,True,True,0.0033881986703810513,11.563353407370407
9.862883,1,16779.188561,True,True,0.00037594223256594105,0.0857062528112582
6.385827,2,16782.161263,True,True,0.007931557662645776,5.791958048955587
3.38359,2,16785.164768,True,True,0.004211171118767199,10.374203992752653
3.307839,1,16786.582538,True,True,0.009060529935800008,11.925877075289401
7.104411,3,16791.818908,True,True,0.005755137305287974,5.093375827130151
7.692267,7,16800.186509,True,True,0.004105319278671162,3.4322167332512152
4.1695,1,16801.63555,True,True,0.005726850395480266,10.369777852164725
0.030732,3,16805.880758,True,True,0.004119630301112527,17.603248540531208
7.228934,1,16807.37573,True,True,0.003353663463133329,4.847133763471091
-17.384053,60,16860.546704,False,True,0.002394710560403075,27.42333093524389
7.046758,1,16861.989145,True,True,0.0045916861101396814,5.177235915889324
7.530226,2,16864.880562,True,True,3.1370190903684536e-05,2.994832542383955
5.733675,2,16867.745378,True,True,0.005462287832036212,6.669457639509243
7.21455,3,16872.134331,True,True,0.005946452743964323,3.9240816058046075
7.956523,2,16873.529363,True,True,0.005257384243255749,3.158624099151958
1.461406,4,16877.587142,True,True,1.2524731742583062e-05,13.18888806243079
8.68572,1,16879.055235,True,True,0.001365711898839258,2.2120469653485677
4.767439,2,16880.769267,True,True,0.011708806629969122,8.665839869915146
6.223728,1,16882.441846,True,True,1.0536236984193827e-10,6.65779685068208
7.159864,1,16884.114049,True,True,0.0041924535572667575,4.972668294939
9.906051,1,16885.780797,True,True,2.3577410276868177e-11,0.002563247608338141
6.510624,1,16887.273881,True,True,0.006414389048465977,6.143845968312535
9.661582,1,16888.583884,True,True,0.002452922796408153,0.4523799632747678
9.90636,1,16890.164481,True,True,1.7504414584479377e-11,0.0025722236181040413
5.885428,2,16893.109351,True,True,0.00010238822297409245,7.124733451190568
8.775385,1,16894.630794,True,True,0.004708734954619654,2.0553451936956253
9.403562,4,16900.291923,True,True,0.000729636945926681,0.23379981186205914
4.888088,3,16903.132977,True,True,2.2364077031239438e-09,8.941258396020293
9.745438,1,16904.547549,True,True,0.0011918503727941928,0.29800904585604476
8.803399,1,16905.940881,True,True,2.240881489768559e-05,1.9998180217803176
4.544466,1,16907.282743,True,True,0.004895952037852049,9.692816291827226
7.587023,1,16908.790747,True,True,0.0023332626628105903,4.199537165727247
9.716625,1,16909.979969,True,True,3.975440453205664e-05,0.34958115209664214
8.115522,1,16911.417285,True,True,1.652521675451223e-05,3.2424579117577674
8.377261,2,16912.846723,True,True,0.0013919120390959575,2.6590923049936266
4.976492,1,16914.520972,True,True,0.002750384332936895,8.911738398207252
3.139408,1,16915.835453,True,True,0.0012096361052730074,12.22455531905472
5.762924,5,16922.861881,True,True,0.0007990451486783621,4.231216577824333
8.037952,1,16924.583388,True,True,0.0002581518911866085,3.382545746958559
9.761183,2,16926.108096,True,True,0.00015463393281162086,0.09768969019351417
-19.591633,37,16978.661623,True,True,0.007070080296143837,16.085831675891626
9.14867,2,16981.81749,True,True,0.0015408768016461213,1.182496678534655
7.004838,1,16983.290091,True,True,0.006008891725088337,5.254260732711871
8.260642,1,16984.894827,True,True,7.66048613431991e-11,2.977210789036592
7.818131,1,16986.561376,True,True,0.0011992394932611658,3.780580606156405
7.435796,2,16989.727739,True,True,0.011367761223664608,3.7518992911940106
3.231096,4,16995.453419,True,True,0.000723822028733518,11.501564397962946
-11.891506,60,17053.339798,False,True,0.023715339768767406,41.574563654702494
9.052843,1,17054.670192,True,True,7.101230159456406e-10,1.5486905844020893
9.824651,1,17056.14199,True,True,0.00028023727732005843,0.1496328186661357
8.592986,1,17057.765209,True,True,0.004925190746044195,2.385517301813382
6.828792,2,17060.653307,True,True,0.005536750981000521,5.801193051431482
9.611172,2,17063.366301,True,True,0.004248871311766048,0.8690011199467929
7.314934,1,17064.733532,True,True,0.0023768108574649988,4.690620950900128
5.050637,1,17066.353255,True,True,0.00039754639746449744,8.775528320094308
9.407648,1,17067.707319,True,True,0.005863865478211354,0.9147465248828734
2.738911,3,17072.065509,True,True,0.0045623168952603314,12.411000112069098
9.908552,1,17073.327608,True,True,3.4822259356663032e-12,0.0026170904498436878
9.908198,1,17074.684942,True,True,5.314913370524366e-10,0.0025682323034735156
4.429337,1,17075.997689,True,True,0.004127179706457125,9.899924482865044
6.125145,1,17077.362569,True,True,5.295222429415811e-06,6.836371095045046
6.630364,3,17081.916022,True,True,0.0007237107160348311,6.623719999387544
8.476843,4,17088.757765,True,True,0.0021150856858481552,2.137697165430417
-15.546358,60,17155.583066,False,True,0.03371522877656467,12.279539488175306
5.221966,1,17157.142969,True,True,4.124156363638498e-10,8.462076219440723
8.660248,1,17158.59967,True,True,0.002876828080023805,2.2619603883014223
8.249463,1,17160.054156,True,True,7.246161734798922e-10,3.000005465026616
9.486991,1,17161.29085,True,True,0.0045939330200269884,0.7706158973063179
5.220867,3,17165.623593,True,True,0.002230194983641137,6.004479661235914
7.716084,1,17166.958855,True,True,0.005339367200591975,3.9693854514950275
9.09707,2,17169.504104,True,True,1.7833546546925332e-09,0.9574620997663035
9.178228,2,17172.57354,True,True,0.0022563473945102193,1.0586369160547646
9.272419,1,17174.189681,True,True,0.011042701013307066,1.1633362822767088
7.479566,2,17177.152273,True,True,3.13186671239459e-10,4.242342090706438
3.295855,1,17178.637536,True,True,0.002983553109405377,11.943603763301043
6.742814,1,17180.250144,True,True,1.6211550156550255e-11,5.7202906166072935
3.193667,2,17183.110703,True,True,1.125748068778559e-09,11.999755547069048
3.789332,2,17185.86747,True,True,0.004469712212053502,10.934452830040403
8.346897,2,17189.018371,True,True,0.004189647784594058,2.6826849100657038
8.249721,1,17190.27835,True,True,2.379176057554222e-10,3.000033694121217
9.908363,1,17191.820813,True,True,5.711410647434197e-09,0.0025623557881639886
6.453464,3,17196.287909,True,True,0.0048618969182698795,5.49950348227782
7.279684,1,17197.946912,True,True,0.010939011574947019,4.7619074113139215
5.277103,1,17199.607208,True,True,0.008575446050960386,8.373952301382955
9.830862,1,17201.321397,True,True,0.00026315617710013627,0.14009430311047438
8.239654,1,17203.082668,True,True,1.1778343187926477e-10,3.018218382432532
-15.182528,60,17279.202832,False,True,0.05513253176168505,27.7419746371069
9.906229,1,17280.988602,True,True,2.1948540207539224e-11,0.0025623495296782143
6.696141,2,17284.049279,True,True,6.239957162090803e-11,5.661156705653031
6.223011,1,17285.788144,True,True,0.0001499358608160682,6.659854312090744
8.44299,3,17288.620782,True,True,0.004623920290569836,2.699903740608777
5.785082,1,17290.01108,True,True,0.0004555975579745604,7.449755551639067
7.496515,1,17291.7533,True,True,0.004199832215461268,4.363405616643507
2.617284,1,17293.096995,True,True,0.001450457021549235,13.166374558737463
9.289814,1,17294.557241,True,True,0.002201780549321916,1.1237970679299776
8.249193,1,17296.315906,True,True,9.304771684308503e-11,2.9995022959947204
8.364891,1,17297.565219,True,True,0.0012098138548132173,2.793459535062
9.905006,1,17299.04103,True,True,1.4788388569275668e-10,0.002565743368214043
9.140883,1,17300.756101,True,True,0.005268887473316386,1.3950636387914492
9.906816,1,17302.092141,True,True,2.4792034434890964e-11,0.0025784699145411237
9.034458,1,17303.937309,True,True,0.0005459098730943718,1.5784272335672918
0.360749,1,17305.707385,True,True,8.80319100852317e-06,17.23423850116053
4.296652,1,17307.193262,True,True,0.0001820111010074968,10.136248774210278
8.32565,1,17309.054611,True,True,5.226476681996495e-09,2.861686438478201
2.383221,1,17310.447729,True,True,0.0006853456754329322,13.587986133086096
9.003775,1,17311.880424,True,True,0.005653420297738951,1.6408630548667127
9.539797,1,17313.275017,True,True,0.003106348295651803,0.6731522714010334
9.770168,1,17314.71155,True,True,0.0009674499058547614,0.2541130579464835
6.872756,3,17317.332152,True,True,0.001970295982287659,4.219456006839886
6.339857,3,17321.836346,True,True,0.00824419335580645,5.683109779878743
8.435731,2,17324.971306,True,True,6.313447708699085e-07,2.5112598252642364
8.642497,1,17326.675351,True,True,0.003205998344675029,2.29422108275367
7.518987,1,17328.428811,True,True,0.0002091251130698402,4.319221219678981
3.929675,1,17330.131036,True,True,0.002262793801042293,10.79987313086287
3.544881,1,17331.530525,True,True,0.006469801164247901,11.49680663989088
6.590416,1,17333.420641,True,True,3.6556065225718975e-10,5.996455141924594
5.020614,2,17336.737903,True,True,2.0546455067156834e-13,9.130361981794298
9.303609,1,17338.511269,True,True,0.0031347890171309345,1.0998773635882504
7.160112,4,17343.231523,True,True,2.6124770482671353e-05,4.529333726843226
8.332322,1,17344.536839,True,True,0.0010298600002728048,2.850380703846273
9.068248,1,17346.246123,True,True,0.0002860310918231827,1.5216297295719883
8.456979,2,17347.727397,True,True,0.004089616706833665,1.3922148797440892
3.887126,2,17349.450393,True,True,0.002072030089756665,9.05186012971124
7.482085,2,17352.608077,True,True,0.0003300858201393253,4.038476882206774
6.669419,1,17354.00832,True,True,0.008568602695319564,5.861913239542721
9.810777,1,17355.823572,True,True,4.011002172760181e-10,0.17934880698922756
9.90591,1,17357.561147,True,True,7.731610727036088e-12,0.0025684891525739354
8.749887,2,17360.55177,True,True,0.004884796450622758,1.027473576452644
8.137379,1,17362.287301,True,True,0.0046502075709102565,3.208282596240702
8.141208,2,17365.588324,True,True,0.00015553081142344674,3.0217872014174914
4.238558,3,17369.953449,True,True,0.0007549596153085848,9.942289031345565
8.44033,2,17373.099768,True,True,0.0012134038726541174,2.46843961855596
-7.192208,25,17397.536793,True,True,0.006106517664551939,12.030939977435269
7.247363,1,17399.04704,True,True,0.009099148060207144,4.819401162003646
8.301961,2,17402.029091,True,True,0.002479840929689961,2.7554626319197073
1.87204,1,17403.666648,True,True,0.0006276445468736966,14.509759071293608
6.79416,2,17406.146231,True,True,0.008358049484095242,4.708942280502308
9.833723,2,17407.947702,True,True,5.5234022051661166e-11,0.029703129275475523
6.3727,1,17409.177149,True,True,2.3269413756965562e-09,6.389492139766261
6.878087,3,17410.621064,True,True,0.0002528437892065777,3.8715941562914677
9.734626,1,17411.973028,True,True,1.8918922678468064e-10,0.31698862221834284
4.553974,2,17414.376808,True,True,0.004764081862183789,9.547729097189913
8.296972,1,17415.856331,True,True,0.00015152791974538948,2.9114166684885934
4.362839,1,17417.606132,True,True,0.0026285012302406097,10.015642446688837
3.786049,12,17434.654633,True,True,0.00023179971245565045,8.02439146733707
8.627356,1,17436.465887,True,True,3.989087161105593e-09,2.3172860234017696
6.632251,2,17439.348553,True,True,0.004665427577050568,5.039245024127325
9.908579,1,17441.051818,True,True,9.733341060070997e-11,0.002567877639206379
9.284266,1,17442.83916,True,True,1.488213982603348e-09,1.1249934140666773
7.788954,1,17444.576794,True,True,8.308794125309014e-05,3.8323672800163187
9.082416,2,17447.779703,True,True,0.0026146233599792365,0.7028367289066453
8.462063,2,17450.920078,True,True,0.009340834321856832,2.484903753710313
8.070165,1,17452.636655,True,True,0.010907025848748413,3.3341145689796234
6.372873,1,17454.10077,True,True,0.002385742822723517,6.391501036390779
9.139349,1,17455.971728,True,True,0.005908306940822986,1.3978341487767816
5.756913,1,17457.799206,True,True,0.005711322209351067,7.505058676838697
8.171314,1,17459.427647,True,True,0.000335371589064405,3.1417109140946886
7.481317,2,17462.21914,True,True,1.663558811177243e-05,4.241152852507176
9.222869,1,17463.838197,True,True,0.0011716287967688671,1.242351959525703
7.424229,2,17466.515954,True,True,0.005745162098781828,4.361921637605023
8.461557,4,17470.517897,True,True,0.002065271551028671,1.3406683360825309
8.098101,1,17471.959414,True,True,0.0025585656345958534,3.2768827051465634
8.094265,2,17474.809226,True,True,0.002161082536287664,3.1684020780046214
7.11226,1,17476.403393,True,True,0.004924976875578139,5.059322527688097
7.575601,3,17480.838825,True,True,4.451338973946156e-11,2.9999943188297418
9.099127,2,17483.735534,True,True,0.0002116935815337966,1.774261854973701
5.535165,3,17486.579134,True,True,0.00488986015634051,7.1995818501736935
8.403433,2,17489.542812,True,True,0.0027901233457398845,2.459809788391053
2.991144,4,17493.796779,True,True,0.00845318581286559,10.223540405730974
9.207697,1,17495.30205,True,True,0.003970820697266585,1.2743941471768243
9.905924,1,17496.848084,True,True,2.284888528381046e-10,0.0025671377815961903
8.041642,1,17498.261207,True,True,0.011384938986067378,3.3844379520210257
9.840247,1,17499.846329,True,True,0.00048771279123347236,0.12677878767133385
9.471361,7,17501.453124,True,True,0.0020343242153457956,0.7499648253286527
8.775345,3,17502.83761,True,True,0.005142665382902338,1.7131293037118722
8.048243,4,17504.325325,True,True,3.658027353248272e-11,2.93534748424245
9.441939,1,17505.553229,True,True,0.004208962118842533,0.8472136544852391
6.369355,1,17506.966149,True,True,0.0033247518107471785,6.398733198121387
7.613483,1,17508.293425,True,True,2.0339395417068145e-09,4.148537002083594
8.963874,2,17509.667954,True,True,0.006139582547162658,1.5113494161741226
7.387293,1,17510.913263,True,True,0.0010146200190442448,4.558755719468196
8.24887,1,17512.310151,True,True,1.7616494374372849e-10,3.0003713361658
8.758623,1,17513.696691,True,True,0.0045623082217639,2.0854410340273604
8.2601,1,17515.15235,True,True,0.0060542247221471585,2.9880929145436035
1.647843,2,17517.932459,True,True,0.005191136905237555,14.672878539072922
9.427688,1,17519.240235,True,True,0.004310390487517418,0.8742931648459136
5.61706,2,17520.698428,True,True,0.005733398145499365,7.6235342016602
7.292413,2,17522.157256,True,True,0.0012246321652269183,4.549024796654278
8.06942,1,17523.404149,True,True,0.0015523924373436436,3.3275301414712013
6.988445,6,17528.87562,True,True,0.0014027104904442023,4.087775480587789
8.10393,3,17530.348313,True,True,0.00018883910445074113,2.965640161576019
9.607615,1,17531.812547,True,True,0.0017353146185982576,0.5486969366364554
6.785537,1,17533.253967,True,True,1.280094487465029e-05,5.644199207136541
8.87713,1,17534.71417,True,True,0.005302434915189835,1.8686516544468001
5.817124,2,17537.438038,True,True,0.0009972192174472483,7.247387226362778
7.467305,1,17538.961104,True,True,0.006007970398481231,4.418567485334632
9.906498,1,17540.25479,True,True,5.074401258360469e-11,0.0025644178381838104
-13.92817,60,17606.417277,False,True,0.017137472259051767,75.60882663586271
-28.271303,60,17672.212906,False,True,0.01545973638284562,0.5268459179903706
9.835837,1,17673.759538,True,True,1.372261329907666e-11,0.12887557268102448
6.548703,1,17675.269053,True,True,6.403371894881592e-10,6.071654639601594
8.374543,1,17676.558246,True,True,0.001086717014380035,2.7725110142852074
7.545266,4,17680.609653,True,True,0.0020424541683804424,2.838263538732142
3.082902,1,17681.891176,True,True,0.0007403373523850055,12.326145962078552
0.606689,3,17683.224703,True,True,0.004378784729146427,16.4153076964827
6.417665,1,17684.561688,True,True,0.004012857859084448,6.312177931875451
-0.909741,5,17688.927041,True,True,0.0006965034128320734,16.260454718525143
8.933178,2,17691.791045,True,True,0.005736978803504947,1.6130713009748958
-8.733705,60,17731.693011,False,True,0.011241452094869452,10.023187401137747
8.363101,1,17733.162901,True,True,4.2168588781537795e-11,2.79144608334724
4.863469,1,17734.6035,True,True,0.008105397518808094,9.119739499254411
5.4939,4,17739.846306,True,True,0.00019616417986382476,7.107776385631407
4.053087,2,17742.700822,True,True,9.75325845255573e-06,10.27890434273117
6.914174,3,17745.531738,True,True,0.004309874602728622,4.321264288997147
9.908582,1,17746.976584,True,True,7.0000165552397e-10,0.0025635557126276994
7.547586,2,17749.890246,True,True,0.0010599192895944954,4.123434372669018
8.841548,1,17751.386446,True,True,0.005156952378412752,1.9311768708765136
9.905506,1,17752.80966,True,True,8.601856726908608e-11,0.002562891685433602
9.906316,1,17754.424086,True,True,1.9335832934785913e-10,0.0025631785037222264
9.15323,1,17756.121752,True,True,0.005766388391240579,1.3730639003976028
6.238815,1,17757.637946,True,True,0.00514986686005748,6.635982420870635
8.097499,2,17760.514565,True,True,0.005998028952167611,2.0136847426854207
8.144458,1,17762.052286,True,True,7.026662624966262e-05,3.185731746819997
8.664267,1,17763.586187,True,True,0.0028396551138553383,2.2540124644376043
5.650443,2,17766.821924,True,True,0.0042006860869202075,6.70746980803408
5.946478,5,17774.02949,True,True,1.064949964877434e-06,5.755242390739551
8.005587,9,17786.761019,True,True,8.198030032602333e-10,1.6238077274641043
9.027704,2,17789.865717,True,True,0.010255384495105864,1.4618723222662948
8.808395,3,17794.374502,True,True,0.005971591370090058,1.7025387370727387
9.90578,1,17796.014113,True,True,1.5034778977351948e-11,0.0025626456530965687
5.694567,2,17798.892985,True,True,0.004540018922173893,7.094638820533011
9.259887,3,17802.109923,True,True,0.004327680006451194,0.8736052481782747
9.678599,1,17803.749089,True,True,2.4506801815905865e-05,0.41828782835612144
-7.174608,9,17817.34898,True,True,0.0020634394867467746,16.06242515408825
3.636405,1,17818.9377,True,True,0.0006551887650517677,11.327706759682648
6.294227,1,17820.540909,True,True,0.00728946857514208,6.537849020813454
6.545594,1,17821.994229,True,True,0.004255623988227743,6.08151022797369
9.908578,1,17823.724447,True,True,8.940197887552515e-10,0.0025698062004369574
7.788501,2,17826.785686,True,True,0.006066295976552623,3.135504597482223
6.707558,1,17828.296604,True,True,0.00015057984381134862,5.783436776011761
0.770114,1,17829.650804,True,True,0.002139755215697682,16.497375837961943
2.866106,3,17832.4511,True,True,0.0031491438182379497,12.309942966709492
9.809779,1,17833.946329,True,True,0.0009243649600620793,0.18209233208301273
3.913411,1,17835.538563,True,True,0.0001870554739053854,10.827653411206315
9.226976,1,17836.919321,True,True,0.0011889865358952478,1.2360140700055322
7.885591,5,17844.797082,True,True,9.183591387351697e-11,2.167595248714167
8.249647,1,17846.5731,True,True,7.902115136531797e-10,3.00000486273987
9.818585,2,17849.615016,True,True,4.4157796863508736e-10,0.0025686531819850223
6.761473,3,17854.142656,True,True,0.006800653702225824,4.974301646858871
9.404458,3,17857.107359,True,True,6.523422767470916e-10,1.199961197933047
6.55393,2,17859.917306,True,True,0.0007318170714879692,7.465894984664457
9.908582,1,17861.422105,True,True,2.5885633220257276e-10,0.0025628333793273773
3.227893,3,17865.946964,True,True,0.009719681595275368,11.540509291095026
9.908284,1,17867.427993,True,True,3.8160212722679125e-11,0.0025627339714680746
4.867404,6,17874.314667,True,True,4.676691007284494e-06,9.209396787816699
-6.846524,17,17892.643409,True,True,0.008588592008422404,11.868296013865605
3.912769,1,17894.072576,True,True,8.241306942435855e-13,10.828668066672412
7.19526,1,17895.65283,True,True,0.004435972527978795,4.9077167029724516
8.213572,2,17898.603007,True,True,0.006847913306732997,2.86547226977474
8.802995,1,17900.115766,True,True,0.00020246797200934585,1.9955649247514569
2.651896,1,17901.60057,True,True,0.0010103738858450097,13.103665566617625
9.047902,1,17903.131266,True,True,0.00459125775684727,1.5638058667929366
7.791704,3,17907.33642,True,True,2.501790705784941e-06,4.0635945032390435
8.248796,1,17908.827586,True,True,6.281062946823428e-11,2.998808608160409
6.048267,1,17910.2918,True,True,3.259204921527651e-05,6.975166789703872
5.045629,1,17911.953603,True,True,0.0005567258027346037,8.785157197762206
3.583381,1,17913.53615,True,True,0.002929057713090835,11.424981261987233
8.550552,3,17917.993549,True,True,0.00015172932115444546,1.5336176383799693
3.30152,1,17919.500433,True,True,0.005081925711959714,11.934782226711004
-1.875701,4,17923.687892,True,True,8.351512835306009e-05,17.179155185993686
9.206318,1,17925.412423,True,True,0.004049894889296745,1.2766226700042727
8.249596,1,17926.842289,True,True,1.4836353456545992e-10,3.000259163245359
9.563057,4,17932.369139,True,True,0.0027374099276526696,0.21850509839929713
8.567173,1,17933.767279,True,True,0.005184804608470497,2.429986837198813
8.420719,1,17935.336911,True,True,0.0002743223985428871,2.6914774919759283
8.082979,1,17936.86969,True,True,0.010435600451754443,3.3074200461889447
7.710105,1,17938.210673,True,True,0.0057852450006806505,3.9775070909607817
8.976529,1,17939.7123,True,True,0.0018636927309780289,1.688414688614717
2.85942,1,17941.231972,True,True,0.0005219902882073121,12.729067445107678
8.053956,3,17945.310501,True,True,0.002094963432783964,3.2160654321481625
5.198109,1,17946.770598,True,True,8.936119091840526e-05,8.509595909908523
2.662228,2,17948.276575,True,True,1.945407557268908e-09,12.960240239788826
5.281372,1,17949.647701,True,True,0.004880304983476838,8.363385532517588
-20.151595,60,17987.100517,False,True,0.0024761260437012778,13.07665162905099
2.770595,1,17988.493502,True,True,0.004041939033544576,12.891560323420553
2.564915,1,17989.936531,True,True,5.675798199489268e-11,13.259864050728794
6.210173,2,17992.669187,True,True,0.00010227658637280458,6.749049673178201
9.907912,1,17994.032392,True,True,2.221365811555359e-12,0.002568239966746605
6.322506,4,17995.604361,True,True,0.007074032618805119,5.8997512536203605
2.699599,1,17997.045165,True,True,6.932036542006692e-11,13.0169589659999
7.271032,1,17998.414592,True,True,2.943011876345436e-06,4.767584845225916
0.631926,1,17999.865912,True,True,0.0006323560868422094,16.745695092089175
7.519622,1,18001.276459,True,True,0.005378078431311231,4.323972746703726
6.187532,1,18002.678792,True,True,0.011379850742386953,6.733209894252219
8.572485,1,18004.00785,True,True,0.0005429762856920713,2.417649236200756
9.088404,1,18005.722166,True,True,5.535483044161182e-10,1.4787957474122793
7.512731,1,18006.991945,True,True,0.004640999083687184,4.33609675640206
7.6275,1,18008.362861,True,True,0.005415183303376067,4.129354090267044
9.09265,1,18009.788708,True,True,8.495694980847901e-10,1.4748734328271071
6.348868,1,18011.034161,True,True,0.004812552684522424,6.437070848769925
6.973544,1,18012.418511,True,True,0.004977822383020412,5.309764285962522
7.557589,1,18013.683439,True,True,0.002644732582298099,4.253018613193522
5.866282,1,18015.040386,True,True,0.009730197269250418,7.308093870496474
8.307166,1,18016.410425,True,True,0.00026414623474216997,2.8958380495550373
4.186233,6,18020.630192,True,True,0.0019427910692278684,9.44389038248539
8.579034,1,18021.940334,True,True,0.004116058891090935,2.4094868080772582
5.525016,3,18024.796096,True,True,8.912042907843911e-05,6.35190579818693
8.748122,2,18027.332296,True,True,0.00020487419447976288,1.432418734483232
6.268732,1,18028.700529,True,True,0.0049564642249162755,6.581820734153327
6.056211,2,18031.331374,True,True,9.696561669790989e-05,5.864013161328009
9.504012,2,18032.81317,True,True,0.0051520467208654,0.6670423903151453
9.90803,1,18034.069605,True,True,2.605594490162748e-09,0.00256329680513927
8.689003,1,18035.290636,True,True,0.011663733346971569,2.219330462250084
9.807159,1,18036.5333,True,True,6.531668223537599e-05,0.18598226695784356
1.880773,1,18038.070918,True,True,0.004537533378976514,14.496316771543457
8.28244,1,18039.416005,True,True,5.54121338831801e-10,2.9409314261177504
6.183379,2,18040.827974,True,True,3.191756637637485e-05,6.987885826386621
8.599445,1,18042.278113,True,True,0.006897216406700674,2.375572589678608
7.566444,1,18043.667753,True,True,3.0759770858643734e-11,4.234121446453898
6.97235,2,18046.382824,True,True,0.0014468141169552806,5.090054142337123
8.201711,2,18047.912853,True,True,0.0030288668476439297,2.9419668127957754
3.834977,3,18052.115506,True,True,0.0044186912064636315,9.079814321640699
6.798612,4,18057.813932,True,True,0.005785360504977963,4.282469996425034
4.612945,6,18066.744325,True,True,6.133573467341502e-06,9.522787336548605
-28.391444,60,18122.66679,False,True,0.027344569511367087,17.644530124155192
9.07964,1,18124.457909,True,True,1.402761738872223e-09,1.4999263778513086
9.90301,1,18126.213226,True,True,5.456752581971605e-06,0.01264324756170121
-1.603523,17,18138.634329,True,True,0.0010826730354185944,16.08418290029335
5.950139,2,18141.908305,True,True,0.005363574881218969,6.804034019590891
6.31665,1,18143.681078,True,True,0.009440637575559987,6.499186849469292
1.731859,1,18145.419219,True,True,2.1098640196060003e-11,14.762149988991329
7.617037,6,18154.06801,True,True,0.0025038002495873213,2.617955986633118
9.194976,1,18155.799289,True,True,0.005587616627125854,1.2986551251042104
4.664726,1,18157.497692,True,True,2.6309971562499257e-11,9.471996437951677
7.904573,2,18161.067696,True,True,0.003859520098731471,3.5489238477458303
8.642197,2,18164.065664,True,True,1.7057526541595924e-05,2.136922358787608
8.249439,1,18165.442186,True,True,1.0124943886381177e-10,2.999889394462009
4.118372,2,18166.819869,True,True,2.2777152785397048e-09,10.225433205759646
6.556419,1,18168.236816,True,True,0.011756444083274212,6.063210236950469
9.90204,1,18169.544567,True,True,7.109643532109578e-05,0.014491127223983552
8.292524,2,18173.212653,True,True,0.010821615149818347,2.7905374015993676
7.979339,3,18178.007791,True,True,1.3517508416447155e-12,3.026769843308125
8.24965,1,18179.780867,True,True,1.392048516965943e-10,3.0000739817257007
-33.323346,60,18238.953889,False,True,0.003080877366808561,38.75017902546298
6.55446,14,18253.944258,True,True,0.0030175272949433656,4.184237723011126
8.81007,1,18255.365476,True,True,1.1397410792923779e-11,1.9873316730077653
8.270225,2,18258.400975,True,True,0.003951135583868905,2.8206730247012706
9.48215,1,18260.125163,True,True,0.003049822358050817,0.7709889392686021
7.731932,2,18263.074953,True,True,0.004208978235032442,4.331978385414512
7.896584,1,18264.877932,True,True,0.002051193307264208,3.6399856658768743
9.908581,1,18266.162325,True,True,2.4145849555901044e-10,0.0025646212092281643
8.090795,1,18267.547657,True,True,0.00031547241558381575,3.2874772449589575
7.604302,3,18270.587074,True,True,0.0023475921366658313,2.955438055844647
1.719725,3,18273.997121,True,True,6.444887759510937e-05,14.887048985350123
6.968433,1,18275.822963,True,True,0.008912704403517081,5.322618808202845
3.911929,6,18284.146046,True,True,0.002084625375083439,10.09851917753338
9.908581,1,18285.915122,True,True,3.960372280988056e-09,0.002565290613831378
7.933411,2,18288.982119,True,True,0.0028639010537694796,3.3898284394028932
6.366339,3,18293.664691,True,True,3.460240808236901e-06,5.33725164035823
9.73482,1,18295.099318,True,True,1.1417979507700684e-10,0.31199093847076853
5.603172,2,18296.548292,True,True,0.008395604658051448,7.089668904072893
8.564226,3,18297.96295,True,True,0.004767953344196031,2.594579907927391
-0.646843,9,18299.557775,True,True,0.0051775015086383235,14.214453542505366
9.148997,1,18300.947022,True,True,4.2614625694500353e-10,1.3736574853312926
8.319869,3,18302.354738,True,True,9.209488290804858e-10,2.686048329126978
4.614499,1,18303.620357,True,True,0.0041445209805665816,9.565915048311208
7.464035,1,18305.12501,True,True,0.005932636479332253,4.419489689536356
6.741759,1,18306.477634,True,True,0.0006841438951648253,5.7239282020359505
9.90843,1,18307.921898,True,True,4.583341008691496e-10,0.00257319346192111
6.371905,4,18309.445732,True,True,5.4976689867203277e-11,5.0928865289753125
5.578165,2,18310.892985,True,True,0.004157652529924323,7.694611688748023
8.57122,4,18313.545166,True,True,0.000277414960701999,1.4597876176250522
8.261062,1,18315.381104,True,True,9.663617128730095e-11,2.9771749340965337
8.278748,1,18317.083313,True,True,5.72518560337798e-11,2.942659863429582
9.540809,1,18318.81257,True,True,0.003104749823179845,0.6713649986982769
9.287256,1,18320.259787,True,True,0.005460771079732085,1.1285440313308543
9.782469,1,18321.674041,True,True,0.002363099676735511,0.23380688902573132
3.620043,6,18325.987638,True,True,0.005321539761241098,9.623286142168457
8.297099,1,18327.420153,True,True,8.587552514584483e-09,2.914168753363168
7.700433,1,18329.228943,True,True,0.005283497021875805,3.993511452803354
8.526126,1,18330.753493,True,True,0.009744669975912584,2.5113464453271823
8.761334,2,18333.839658,True,True,0.01177785131319507,1.48396489430811
-0.623323,18,18361.04298,True,True,5.977597622374223e-06,7.9589031990311385
9.6669,1,18362.469386,True,True,0.0020189582017825503,0.4417894521173372
9.021994,1,18363.854438,True,True,0.00014962491257988663,1.601672773458749
-19.966576,60,18418.296818,False,True,0.00977997487600912,14.325274851163217
8.053919,1,18419.716511,True,True,0.003795738680664782,3.3540547985698144
5.651679,1,18421.507715,True,True,0.00026518033350541974,7.691194786951064
9.533254,1,18423.328076,True,True,0.0008934664654858291,0.6817913010718988
8.212309,1,18424.768488,True,True,0.005865994130465414,3.0739746638649548
4.425333,3,18427.926256,True,True,0.009374141577508183,9.664841898442864
4.656948,5,18429.460624,True,True,0.0023564438324034016,8.066267443713636
2.96267,2,18430.908445,True,True,0.004619767661258182,12.291788417239044
8.218957,3,18432.338432,True,True,0.0018021977669685646,2.4546536550996314
8.625756,1,18433.664685,True,True,0.009115472607592826,2.330710952030132
8.236752,1,18435.075747,True,True,0.009153023388744507,3.0313733508801524
6.466852,14,18439.578338,True,True,0.002500570785294241,3.7955737393290865
7.696465,1,18440.977461,True,True,0.005221602152342816,4.004798881863385
9.907069,1,18442.269102,True,True,1.3612618512198948e-10,0.0025626164974103497
-5.824487,9,18443.898463,True,True,0.0002460764861821566,17.215188910488752
6.433057,2,18445.457616,True,True,0.0113232189304944,5.535517952430864
8.047317,1,18446.985099,True,True,0.004215445008608362,3.3696705707581907
8.00979,3,18448.407729,True,True,0.005327680841589926,3.1488127247849778
7.278211,2,18449.716236,True,True,0.004832282008661233,4.619294533241679
8.250892,1,18451.163649,True,True,5.599066764750912e-10,2.9979178598427816
8.290821,2,18452.443546,True,True,0.0025510068773589127,2.7801195721216216
7.562266,1,18453.766578,True,True,1.1895321856509477e-10,4.241666078350555
8.32597,1,18455.217145,True,True,2.2024458718206672e-10,2.8616463216120263
6.678353,2,18456.708985,True,True,0.004966305749597721,5.711687330170647
4.712039,2,18457.982229,True,True,0.004039616266062915,9.260831665409956
6.789602,5,18461.334192,True,True,6.734007656810081e-05,3.4418007476078607
7.526067,2,18464.554874,True,True,1.1459714253925224e-11,3.000096630526437
8.725529,3,18469.90013,True,True,0.0017444401980953237,1.287909345715283
5.465837,10,18481.943646,True,True,0.01010082927444275,4.22583017490101
9.116513,1,18483.383033,True,True,0.0051649418845944595,1.437660765547709
6.518337,1,18485.19514,True,True,0.004662607786712121,6.131081336120964
8.253759,1,18486.704915,True,True,5.909830264050342e-10,2.9927383933695118
8.258277,1,18488.535033,True,True,0.005898527472922067,2.985585938075531
9.645163,1,18489.884983,True,True,0.0026096435694081457,0.4822583711273024
5.32752,1,18491.602619,True,True,2.5825126233686743e-05,8.275999837681034
6.555135,1,18493.426664,True,True,0.00012109579974137457,6.06027227934722
8.253507,1,18495.136984,True,True,0.0009108382958307138,2.994290182640042
0.919507,8,18504.619632,True,True,0.004689933539262036,14.93598499531648
9.443296,2,18507.427286,True,True,0.0005829826970461882,1.263821742606353
5.429563,2,18510.703555,True,True,0.009755516733555429,7.735992917582772
-15.80816,60,18584.363934,False,True,0.01164997830313986,41.894245818098824
8.318491,1,18585.767675,True,True,0.005857824733953217,2.8810195995065935
8.946378,1,18587.654307,True,True,0.0056631532780588075,1.7480604846233532
3.307221,1,18589.493314,True,True,0.00031386488314914286,11.921241263616619
7.329728,3,18593.720077,True,True,0.0016055440611021838,4.321305883689455
9.751565,1,18595.447369,True,True,0.0012024152486910119,0.28806234504672534
5.605369,4,18599.630707,True,True,0.0022567249937352147,7.162582014971526
9.810614,1,18601.480911,True,True,0.0006636999282318493,0.1781160624145161
8.246618,1,18602.770101,True,True,0.0002324205314894667,3.005919337066315
9.438632,1,18604.451021,True,True,0.004229358110529491,0.8575224046894896
9.411832,1,18606.125946,True,True,0.005101549729770744,0.9070275043522922
8.151704,1,18607.959823,True,True,0.0040496609524712105,3.181314648724306
6.586357,1,18609.337412,True,True,9.351609070451516e-11,5.999861628190976
9.908582,1,18610.773095,True,True,6.327232626723855e-10,0.002562404433145893
9.048139,1,18612.151866,True,True,0.011956783929959308,1.5716161656140089
2.13222,1,18613.469021,True,True,0.003090467831498145,14.042102797579314
8.168335,2,18616.589368,True,True,0.00011407861651395457,2.99149681037336
6.628123,2,18619.674453,True,True,0.0008073332412453854,5.788195724347943
7.526126,2,18623.232525,True,True,3.75108884044592e-10,3.000017053699713
9.404698,1,18625.094951,True,True,0.0029140870346886323,0.9168225309428603
7.242406,1,18626.597276,True,True,0.011981202318117092,4.827132855581611
1.86175,5,18636.214229,True,True,7.727148068325303e-05,12.772437036256694
4.755537,1,18638.159332,True,True,0.005125277686887655,9.31104962616646
7.452431,1,18640.028093,True,True,0.004150381911397644,4.444211063744347
9.469417,1,18641.824151,True,True,0.004036219944470115,0.801011827041994
9.776136,1,18643.613789,True,True,0.00118110588077545,0.24338682056725308
8.45628,2,18647.297239,True,True,0.002246321479064825,2.5351530412281456
6.186017,2,18651.039815,True,True,0.004138119372181376,6.51599141994713
9.490715,1,18653.071954,True,True,0.0019550903200183725,0.7604713211060944
5.982023,2,18656.248779,True,True,0.0005973448236073087,5.997097091971592
8.249552,1,18658.129445,True,True,2.831546108694738e-10,2.999843952395149
9.90806,1,18659.798159,True,True,8.054067005339172e-11,0.0025660557179007855
9.906543,1,18661.779085,True,True,3.379473784148601e-12,0.0025717659107009285
8.24953,3,18667.265981,True,True,1.763937776217729e-05,2.369298835429954
9.905392,1,18669.31369,True,True,5.175220946229686e-10,0.0025662113814019223
9.908416,1,18671.194686,True,True,2.6488450378697363e-10,0.002562444685458994
9.014895,1,18673.068978,True,True,0.0005496666437605213,1.6183753284432614
7.430451,1,18674.933909,True,True,0.0004772094927514422,4.479899642573352
9.90556,1,18676.578012,True,True,1.3428730045596649e-09,0.0025623614776832454
-12.20507,60,18724.368117,False,True,0.009872476983480673,18.99135744350106
4.823415,1,18725.983001,True,True,0.002296430046555822,9.187557965816003
6.362791,1,18727.749173,True,True,0.0012736945759920515,6.4086315922278265
7.593266,1,18729.421544,True,True,0.004338620214878521,4.1901576107292655
9.429458,1,18730.698441,True,True,0.004151486791114635,0.873497698689196
8.703158,1,18732.453163,True,True,0.0035828002629739175,2.185296476104046
9.908582,1,18734.132498,True,True,3.261311660245922e-10,0.002562688177136868
7.915147,1,18735.830781,True,True,0.0001016967765753718,3.6018109270058885
6.79293,1,18737.497469,True,True,0.004150761094569383,5.634983981557885
9.908581,1,18739.008504,True,True,3.970581895770767e-09,0.00256429205556652
8.253543,1,18740.713934,True,True,8.483827634482897e-11,2.9919819560240595
8.673711,1,18742.455235,True,True,3.7448268022544206e-10,2.2340954854353448
9.671956,2,18745.470733,True,True,0.005700534738529838,0.3106296983156057
6.243181,1,18747.053653,True,True,0.00026625175307689545,6.623558688262404
8.206584,3,18751.266419,True,True,0.00615129602012647,2.610229383683231
8.199864,1,18752.572738,True,True,0.0003326481421490335,3.087282522664381
8.764321,1,18754.209432,True,True,3.984136642357346e-11,2.069502400519973
8.172838,2,18757.032752,True,True,6.888952890345959e-05,2.984904636986599
7.182925,4,18762.048169,True,True,0.008351197793335622,4.473282392133038
9.686077,1,18763.597386,True,True,0.0010851956948485404,0.40625295002153444
9.305195,1,18764.904426,True,True,0.0036162668823027638,1.0964637058461906
9.815619,2,18767.796004,True,True,1.2814719887373345e-09,0.0025759661108933993
7.56185,1,18769.399482,True,True,1.0664708951016455e-09,4.242417151636646
8.408474,1,18771.076652,True,True,0.0024447298673451142,2.7162050729255807
9.793669,1,18772.410226,True,True,0.00029326740296997666,0.20384838335057776
9.579746,1,18773.580132,True,True,4.5672900295633195e-09,0.5969145366772519
9.906517,1,18775.269098,True,True,3.604475517751312e-12,0.002562806358974693
6.825691,1,18776.947616,True,True,0.0013906851750153007,5.573121826789456
3.370677,3,18781.536731,True,True,0.0010889568561196499,11.60958235364916
6.827366,1,18783.123981,True,True,0.005992777046054073,5.5739314980716275
5.568778,1,18784.682628,True,True,0.005007190780087211,7.844463476378071
7.734703,1,18786.015615,True,True,0.0023900824704514295,3.932934045513913
9.020151,4,18791.172768,True,True,0.003098567045995659,0.8515555822882004
7.124519,1,18792.739424,True,True,0.0004914027195265529,5.032146193838119
9.083692,1,18794.108483,True,True,7.115631274788928e-05,1.4895134097469287
-28.671747,60,18812.541175,False,True,0.004547291915782598,52.179724317900366
4.247724,2,18813.882683,True,True,0.007943428252709602,9.549747409370315
9.82303,1,18815.097936,True,True,0.0002704477682399795,0.1575880307687626
8.765643,1,18816.38728,True,True,0.007455854985204472,2.075994607957413
2.031496,1,18817.582521,True,True,0.004149878074525403,14.224340784852421
8.624592,2,18820.860199,True,True,0.005982919946794054,1.7387428010405621
8.096557,2,18823.317116,True,True,1.1877160713269497e-10,3.093316997010578
6.046324,1,18824.605667,True,True,0.00024180188622618145,6.978874073374589
8.389013,1,18826.224878,True,True,0.0002829307813930343,2.7453404055529766
5.120399,1,18827.38483,True,True,0.0010935382643503548,8.650695437245481
7.527986,2,18830.206319,True,True,1.5628934084410684e-10,2.9975267065473115
7.562219,1,18831.738031,True,True,3.304410781460043e-12,4.2417515867480775
8.368236,1,18832.972218,True,True,0.010853110365057443,2.797929211852371
6.794251,1,18834.265957,True,True,0.002321623525493366,5.630814588487862
8.027381,2,18837.382656,True,True,0.0022717777950814902,3.207247079095853
7.698113,1,18838.99312,True,True,0.00524400689001385,3.995984831514429
8.966064,1,18840.271038,True,True,0.0013089193870079185,1.707128856117473
-0.23391,3,18843.54029,True,True,0.004541405475916626,17.735501678431582
8.29624,1,18845.218615,True,True,1.2062007748753105e-11,2.916002224926767
7.364918,2,18848.469664,True,True,0.006068624085223252,4.810058487451668
8.630817,1,18849.94567,True,True,0.004175102646667928,2.315575419963085
9.455691,1,18851.642783,True,True,0.00412627153314836,0.8233231333344423
8.416809,1,18853.323378,True,True,0.0020405829726757624,2.700673887596316
7.57862,1,18854.989918,True,True,3.467929516235795e-11,4.211937941202608
4.680915,2,18857.853678,True,True,0.005546153974785084,8.598960660028448
9.511362,1,18859.151199,True,True,0.002550769252684921,0.7227872185039552
9.905734,1,18860.838258,True,True,1.0332023778203414e-10,0.002562724442901363
7.470867,2,18864.275278,True,True,3.176151008865702e-11,2.9542625416527186
6.063862,1,18865.874286,True,True,0.0002922341163737914,6.9472673183335125
6.385138,1,18867.531958,True,True,0.004425033749559673,6.371260605047986
5.712862,1,18869.15986,True,True,5.3281849684068405e-05,7.580574800421107
2.689286,7,18879.769766,True,True,0.009526650427178752,11.983178444685597
8.908136,3,18883.087875,True,True,0.005952570752512116,1.9485417771199
9.908582,1,18884.796864,True,True,1.421097267639837e-11,0.002563964565436401
6.42392,1,18886.405146,True,True,7.119718356540794e-11,6.294810853902188
6.81099,2,18889.308679,True,True,0.0002588841778444493,5.113522785430443
6.312954,2,18890.958147,True,True,0.00041391189267737764,6.556003822971789
5.421121,3,18895.120613,True,True,0.0019739111421454014,7.51520493539078
9.908574,1,18896.346431,True,True,8.054766285324804e-10,0.0025781399843457747
8.905869,4,18899.182763,True,True,0.0030183704859931336,1.2823573953826717
6.587092,1,18900.477156,True,True,6.470042557271682e-11,6.000446060116746
8.216267,1,18902.067364,True,True,6.87362544433287e-12,3.0576410156588474
8.706694,1,18903.629163,True,True,0.004661364128915586,2.1801727607477894
4.256972,2,18906.765815,True,True,0.0035051157002835703,9.860392918481267
7.500572,2,18908.441291,True,True,0.0042568515666941385,3.5435376265988388
9.908582,1,18910.085019,True,True,2.9830060091687644e-10,0.002562346400429595
8.403067,4,18916.42555,True,True,1.0818184195682257e-10,2.9999638979768566
7.042639,1,18918.055112,True,True,0.00298229533786372,5.183076483872936
1.628002,1,18919.686578,True,True,2.2512638821701406e-05,14.949437030085312
5.572364,1,18921.306502,True,True,0.004636993936005961,7.838152934344718
2.588466,2,18924.790679,True,True,0.0012063718991998178,13.170268867714174
9.700697,4,18930.39548,True,True,0.0022649616403240687,0.4160777656974238
7.826694,1,18932.027908,True,True,0.0003610187924944063,3.7645279761601262
9.907044,1,18933.597658,True,True,1.8690962493017604e-10,0.002563599501094781
4.969639,1,18934.87348,True,True,2.6099486223027032e-05,8.92182516907244
8.061718,4,18941.375842,True,True,0.0030778268207301285,3.3867266896356445
7.597253,1,18942.558467,True,True,4.722271189122691e-10,4.177592409159036
9.908578,1,18944.130429,True,True,6.152221336541697e-10,0.0025704183893276197
8.391807,1,18946.70266,True,True,0.00024189248110556482,2.7429510460036033
6.239319,1,18948.329146,True,True,0.0037186474363471445,6.633144439749134
7.684123,1,18950.012776,True,True,0.005301056664957712,4.027109103280188
9.905374,1,18951.659206,True,True,6.371457181297835e-12,0.0025657859829623605
6.765836,1,18952.844979,True,True,0.001386892389820139,5.68098010876828
9.906229,1,18954.554425,True,True,8.286156621961638e-10,0.002562937760540239
6.797724,1,18956.070021,True,True,0.002464910437934023,5.624687555666361
10.132084,3,18960.226043,True,True,2.957279176749039e-09,0.12773796305158192
7.561219,2,18961.637547,True,True,0.005594141372955053,4.107537964961938
7.885328,2,18964.25893,True,True,0.002406686564048004,3.4820420785870247
9.217795,1,18965.905713,True,True,0.0012385538834286283,1.2523763244439823
9.56197,1,18967.481846,True,True,0.0031408976071178726,0.6325510178482917
8.341395,1,18969.112201,True,True,0.006006475908486126,2.839384097071376
6.180348,1,18970.751194,True,True,0.0026868189760959026,6.739272431223385
8.945905,3,18974.925592,True,True,4.328234138320508e-05,1.4216366866118924
9.908393,1,18976.547363,True,True,1.498200175031883e-10,0.002568790527275239
4.903245,1,18977.709422,True,True,0.004783063478544807,9.04550089774757
7.904945,1,18979.270943,True,True,0.0026888619513285076,3.6254219171626065
9.905286,1,18980.603026,True,True,2.340838634040665e-11,0.002562581510149019
-21.814879,60,19056.135004,False,True,0.0025307227055679986,20.541921461544412
-17.11148,60,19111.793476,False,True,0.00499797267861772,49.91486175714474
8.337002,1,19113.023981,True,True,0.0026310597902719237,2.84515623123235
4.896202,1,19114.711041,True,True,0.0029063731163572614,9.056725934710084
6.260392,2,19117.330573,True,True,0.001285961883539976,6.43565089178869
9.908275,1,19118.998819,True,True,3.752818475335466e-10,0.00256240030831484
8.925294,3,19123.681539,True,True,0.006100335222556464,1.4705507573417032
-4.884322,16,19147.421583,True,True,0.00012402347467707717,8.769649257281547
7.640355,1,19149.114366,True,True,0.004152358610463517,4.104162813038787
6.750955,4,19155.450953,True,True,0.0009083494200441576,4.462826104532606
9.906667,1,19157.181649,True,True,5.111624751104701e-11,0.002565278111164696
9.095898,2,19158.885542,True,True,0.005416276148886939,1.2637681891925352
7.725874,1,19160.080644,True,True,0.0047435674238819345,3.950677529791524
8.840633,1,19161.82486,True,True,0.002459141438217183,1.9304819362924746
-6.343405,13,19173.720851,True,True,0.00804926318549287,13.744517812254067
9.908063,1,19175.256992,True,True,3.0096144798972034e-10,0.0025651888858196866
7.726891,1,19176.943953,True,True,0.001677999317984998,3.9462555453404446
6.009991,1,19178.586127,True,True,0.009330232480335529,7.051709807964639
9.90858,1,19179.825822,True,True,4.306821321971641e-09,0.0025674361918809146
8.24948,1,19181.181268,True,True,8.447705715428792e-10,3.000009273764341
7.85545,1,19182.773938,True,True,0.0029157416622004814,3.715471290239838
8.305588,1,19184.009917,True,True,1.3546978714921304e-05,2.8991324133835312
5.969748,1,19185.722879,True,True,0.0023047780473524266,7.119012351791934
9.721008,2,19188.644694,True,True,0.000358631525215862,0.09159704119978529
9.550402,1,19189.96215,True,True,0.002549070255189815,0.6530445753182
8.685656,4,19194.23134,True,True,0.004213637623497723,0.8461110075408854
6.72456,1,19195.470839,True,True,0.008882284939931998,5.762612079226411
6.591946,2,19197.977971,True,True,0.009581855199319993,5.835425145691865
9.901156,1,19199.246449,True,True,0.0016500266794482995,0.018329856459059577
9.455796,2,19201.5372,True,True,0.0015798783590959774,0.3135825217346628
5.459349,1,19202.790148,True,True,0.000504522774299021,8.038519670473775
7.72387,1,19204.406888,True,True,0.004775750314602501,3.9550436080531517
2.039757,4,19209.59902,True,True,0.00042751010884994195,13.451727026070628
8.056099,1,19211.194785,True,True,0.002334530841690077,3.352483208797104
9.340658,1,19213.041116,True,True,0.0025800844966317044,1.0268201568093995
9.091795,1,19214.671069,True,True,0.005769235175793377,1.483106218252087
8.539736,1,19216.336736,True,True,0.001546397223774131,2.4774580336700867
8.846723,1,19217.987113,True,True,0.005314244541450366,1.922692599812252
7.850715,3,19222.178715,True,True,0.0016368791726055348,2.945272762877892
5.326477,1,19223.358702,True,True,0.004244936593992954,8.281488722846941
-23.030126,60,19290.607735,False,True,0.006617413421509001,41.14165948304023
6.79933,1,19291.961071,True,True,2.149970553107835e-06,5.619286519052594
7.647035,2,19293.255017,True,True,0.0035230873862260688,3.948025498721111
7.562324,1,19294.532538,True,True,0.0005603931301079662,4.242190258334945
4.046478,3,19298.291293,True,True,2.1053262436083336e-10,10.805244009155222
5.966687,1,19299.677094,True,True,2.9357741738561885e-05,7.1224158745974915
1.449421,3,19301.143369,True,True,0.007088148682889175,14.652203693830835
7.564688,1,19302.391728,True,True,3.536219962685383e-10,4.237292049674076
9.548445,1,19303.598166,True,True,0.0004177143643840377,0.6540630417819252
6.638728,1,19304.826866,True,True,0.0011911843647035708,5.90919757033757
9.908026,1,19306.09034,True,True,7.678295469916873e-11,0.002562475834341515
8.981519,1,19307.379571,True,True,0.009584385585343726,1.689389639772207
9.08345,1,19308.643759,True,True,0.0010082084057883474,1.4951063915144793
9.908386,1,19310.113348,True,True,2.4348774385618555e-10,0.0025646224882403036
8.26783,1,19311.289911,True,True,0.00011130524174217014,2.9654579289614134
3.405091,1,19312.644086,True,True,0.000846394483718098,11.745091071132345
8.09982,1,19314.027915,True,True,0.009080069327083384,3.2753273602047868
6.919114,1,19315.287498,True,True,0.004600768742868944,5.407649612825264
2.962037,1,19316.592696,True,True,0.00045443700246649166,12.543942547617114
9.451606,1,19317.854153,True,True,0.004171524822488903,0.8331711986575495
6.600557,1,19319.226001,True,True,0.00014166638386874444,5.978292917732462
5.406051,1,19320.643056,True,True,0.005838194740869274,8.137366987604166
6.187849,1,19321.770851,True,True,0.0004054638485134662,6.723573672088397
6.026351,1,19323.090349,True,True,6.04981746884373e-10,7.013936059609715
9.244394,1,19324.35257,True,True,0.0035967494549195267,1.2066200647413419
6.822257,1,19325.798385,True,True,0.00045491672655170734,5.575842140405871
6.599797,1,19327.027628,True,True,5.310084420784289e-10,5.97951952269787
9.907182,1,19328.257982,True,True,4.225030915405714e-10,0.0025627598548585233
8.837259,3,19330.697509,True,True,2.5772029068961075e-05,1.9973261411654066
9.866391,1,19331.955656,True,True,0.0002951595542836095,0.07861327054586256
9.531446,1,19333.117298,True,True,0.00020944986974021085,0.6844964125914496
7.100301,1,19334.377745,True,True,0.004225579722623719,5.076991543511263
8.889688,1,19335.634592,True,True,0.0052079687995611745,1.8454458327511805
3.168119,1,19337.00987,True,True,0.004087453368767202,12.174710184963027
9.666237,1,19338.303107,True,True,0.0011370873090986017,0.44173007275417114
5.247597,2,19339.572433,True,True,0.002619182058749942,8.289961689938389
4.456102,23,19344.933212,True,True,0.0024798159998005716,4.462914949903934
9.908368,1,19346.253459,True,True,7.646906958084811e-11,0.0025623759859001705
4.653414,1,19347.574437,True,True,0.003605717981226884,9.49529804879231
9.648349,1,19348.866425,True,True,0.002550362480053789,0.4764228702465054
9.334766,2,19351.358953,True,True,0.004820093835399474,0.8916566292522565
7.665631,6,19356.172075,True,True,0.0022098553526795806,2.980733159178541
9.092376,1,19357.453704,True,True,0.007786911014313197,1.4849472897317892
3.149824,1,19358.818777,True,True,0.0037709050380926035,12.207496356751433
3.842497,1,19359.978179,True,True,0.0003859780285833886,10.955734149630892
9.674675,1,19361.311219,True,True,0.0023008921512925203,0.4285158281895404
7.940679,2,19362.727146,True,True,0.0006627816135396018,3.8593445468027285
8.471226,2,19364.15412,True,True,0.010674673076815177,2.164374558420833
9.908359,1,19365.589259,True,True,8.981856924883402e-12,0.002569730606194567
9.092444,1,19367.186632,True,True,2.035252189003245e-09,1.4729072660811702
-22.788107,60,19394.797881,False,True,0.008613722511886494,6.042079668375902
6.348499,7,19397.495579,True,True,0.006384568221133037,5.9180955407058
8.333345,1,19398.861452,True,True,0.006174836757899485,2.853410398405847
9.905493,1,19400.218113,True,True,4.8723025614094695e-11,0.002569091299162073
-16.087661,60,19458.291779,False,True,0.014269376196588647,74.75635964079424
3.482297,1,19459.510572,True,True,0.00484978611007306,11.608607201688683
9.089428,1,19460.798277,True,True,0.003019569036267495,1.4838668466887255
9.533729,1,19462.113958,True,True,0.0037478721413055343,0.6850968280821556
8.254677,1,19463.525203,True,True,0.005320722993414447,2.996633695304009
8.446593,2,19466.24354,True,True,0.0031487664365526247,2.1150596206613015
9.742237,2,19467.473237,True,True,0.00472777153457579,0.4487983520264263
8.47373,2,19469.630141,True,True,0.0023017413504742477,3.354997250460727
9.434718,1,19470.956727,True,True,0.004148060549740781,0.8637850388385577
7.214321,2,19472.204369,True,True,0.0025530938663893593,4.216163670439849
8.817731,1,19473.665606,True,True,0.0001437869590251717,1.9717570757199492
8.727017,2,19476.212544,True,True,0.004395369739776376,2.3854454001086163
2.78698,2,19477.539907,True,True,0.004047065328943814,13.466178085394988
8.722474,1,19478.929598,True,True,0.005173207346585301,2.151824297434244
8.843463,2,19481.433158,True,True,0.004214556592844125,0.8580132729410668
8.698309,1,19482.89196,True,True,0.0012473714059908665,2.1912229289740996
9.908581,1,19484.099156,True,True,8.167814654616827e-11,0.0025654315487681854
7.980916,1,19485.448606,True,True,0.004102293800564092,3.4902110094958867
9.010608,1,19486.717285,True,True,0.003251564637415954,1.628941688041866
9.900691,1,19487.943869,True,True,6.8666407447874195e-12,0.013546115006805774
8.249742,1,19489.28372,True,True,1.0184002599555875e-10,2.999995512865107
8.250852,1,19490.552034,True,True,6.914898826542669e-09,2.997710379485654
8.528103,1,19491.79207,True,True,2.0839882640366182e-10,2.4967363117283163
9.76311,1,19493.178203,True,True,0.0004855101294218983,0.2624692406741599
5.521927,3,19497.079319,True,True,4.604172880087309e-05,7.6522680430856065
0.396102,1,19498.454546,True,True,0.005256868912409082,17.17315170704334
9.908265,1,19499.66067,True,True,4.76675454215457e-09,0.002562818589274883
8.251159,1,19501.017162,True,True,1.4211021762042178e-10,2.9971410967124554
6.622931,2,19502.427449,True,True,9.52911875381504e-10,5.237448944366206
9.205002,1,19503.698282,True,True,0.0017857130979065682,1.2760980924581975
-4.882861,13,19510.331995,True,True,0.002626761629257096,9.15700833488281
9.792211,1,19511.616618,True,True,0.0007920551109849436,0.21334869259100767
7.973673,1,19512.823424,True,True,0.0042379105450306735,3.503436348224793
1.571169,1,19514.1814,True,True,0.001127975426219445,15.05257250965021
7.262975,3,19515.644212,True,True,1.293409060409978e-10,4.311623280474997
7.597351,1,19516.986909,True,True,0.0003676150269135346,4.175721657896123
6.485405,1,19518.372005,True,True,0.0015752585367503555,6.187595713684868
9.875125,1,19519.600616,True,True,0.0002985160583055674,0.06301704471618826
7.116419,1,19521.008394,True,True,0.005958841035296727,5.051960336316714
9.907492,1,19522.429211,True,True,2.145137243490221e-11,0.0025623977480715367
7.4831,1,19523.916092,True,True,0.005544136258986772,4.390221613259945
3.314269,1,19525.26656,True,True,0.0028237543690599384,11.910284963626495
7.469725,1,19526.878067,True,True,0.0012913673130573449,4.409423976939672
8.248171,1,19528.520648,True,True,9.760608547023953e-10,3.0000103101294293
9.133542,1,19529.882818,True,True,0.005907171086694488,1.406087800999696
9.829689,1,19531.199453,True,True,9.95228055238819e-05,0.13983617562926612
7.608761,2,19534.02792,True,True,2.5970045047325493e-11,2.892030594362554
0.599416,2,19536.978035,True,True,0.0036348970591255497,16.634590341429902
0.157562,1,19538.432177,True,True,0.0004934906197780146,17.600783222080864
2.759981,1,19539.953859,True,True,0.005788390047344334,12.910897031162794
7.337803,3,19542.583588,True,True,3.541286587415446e-05,4.35457140708764
9.03902,1,19543.803954,True,True,8.856644063970354e-11,1.5740637842237601
9.453125,1,19545.022164,True,True,0.002992318877124521,0.8295859112349604
8.249608,1,19546.371514,True,True,1.849070757620197e-10,3.000060862355552
7.834284,1,19547.661621,True,True,0.0029938226698301585,3.753309875116215
9.90824,1,19548.931357,True,True,1.921144668591767e-12,0.0025630100000893804
8.247647,1,19550.146717,True,True,2.6234525762886007e-05,3.00381141424154
3.460085,1,19551.373228,True,True,5.9029844143371896e-05,11.645323081881315
9.236889,1,19552.75342,True,True,0.0017807527341162873,1.2188746545795057
9.727814,2,19555.132622,True,True,0.00033555725492985175,0.085170149106169
4.024098,4,19556.432808,True,True,0.0027535296170544624,10.095135035184475
9.411243,1,19557.607168,True,True,0.004631104124969808,0.9075073831325345
1.624448,6,19559.114789,True,True,0.002579043264055357,12.77370003945789
6.007781,1,19560.299809,True,True,0.0022621159037233044,7.050332907323798
8.54964,1,19561.696162,True,True,0.002413554321472425,2.461192992657705
9.169199,1,19563.155933,True,True,0.005247379988017067,1.3426734016364963
9.035276,3,19564.510628,True,True,0.0001754216000384081,1.2574515458582607
6.951538,1,19565.780655,True,True,0.005561764161502258,5.35004203388988
8.35506,1,19566.961699,True,True,0.0008935589409120897,2.810836035911012
9.907573,1,19568.25488,True,True,2.2645866649573108e-10,0.0025624906263723053
9.176886,1,19569.451028,True,True,0.004853318384758705,1.330649408023117
9.154209,1,19570.739204,True,True,0.0033047946872562257,1.3701925500541552
9.540683,1,19572.01971,True,True,0.0029322085117566687,0.671217020953594
7.57779,1,19573.357938,True,True,0.0056552184787643685,4.216618258943034
4.713581,1,19574.687925,True,True,0.0004541427754574815,9.384222340131638
6.967583,1,19575.993104,True,True,1.3211207719691802e-11,5.314621022370062
9.90493,1,19577.315791,True,True,9.069589523846844e-11,0.002562394049937804
7.360231,1,19578.550312,True,True,0.008069591638448611,4.613639033624701
7.380175,1,19579.873416,True,True,3.0975779052649134e-05,4.564145564376
8.319425,1,19581.136873,True,True,0.00019369432677371345,2.874298211318322
9.755824,1,19582.432688,True,True,0.000514486540002107,0.27622588606995396
8.219346,1,19583.618805,True,True,0.001554094125675145,3.0567510454869318
9.412977,1,19584.900078,True,True,0.0032565188341213275,0.9006629401140996
4.369785,1,19586.099213,True,True,5.884343123518584e-07,10.004156272290382
6.417954,1,19587.411508,True,True,4.3931470961044994e-10,6.305947380771484
6.129404,1,19588.756851,True,True,0.005327541261128679,6.829202663024185
3.006472,1,19590.011931,True,True,0.0007828090929535864,12.464025714803272
-19.868116,60,19649.874308,False,True,0.0027051449830688017,15.39572002291103
8.157585,2,19652.554855,True,True,1.5737973771412506e-10,3.04503404715435
6.821423,1,19653.83651,True,True,0.001777673768524099,5.580891920606427
9.85272,1,19655.20463,True,True,3.4663889814101623e-10,0.10301501581576626
7.81641,2,19657.816949,True,True,0.003908595652820088,3.6852125308339074
7.951878,1,19659.315125,True,True,0.003784165511146001,3.5422999053714275
9.907182,1,19660.685668,True,True,4.696380565936984e-12,0.002562832099422362
6.213302,1,19662.085487,True,True,4.437083650948943e-09,6.672676337008479
8.238196,1,19663.398151,True,True,0.005654433613654794,3.0211489601914625
9.908576,1,19664.590032,True,True,7.239028729067158e-11,0.002573609705471206
7.579619,1,19666.116939,True,True,0.005472431992187967,4.215958017038999
2.714275,1,19667.457803,True,True,2.4064503861831454e-11,12.990490172503774
9.217708,1,19668.739561,True,True,0.0022945437185909233,1.2520328285011448
7.277732,1,19670.299084,True,True,0.011624165163216175,4.765410102655154
4.630598,2,19672.788562,True,True,0.0004439712184715998,9.511289986018655
1.025179,1,19674.113458,True,True,0.001089303810622172,16.036964547340595
9.640301,3,19678.097249,True,True,7.490731993020638e-11,0.16924438678526202
8.985733,4,19681.641002,True,True,0.004913240677981403,1.0544228963354045
-5.33986,10,19694.407614,True,True,0.010451417620601228,8.799173871596274
1.569821,2,19697.145666,True,True,0.0016703130887777105,15.041133845016518
7.723644,1,19698.626315,True,True,1.8197804794488323e-11,3.9493426758679475
9.908574,1,19700.13763,True,True,4.3330106783925876e-10,0.002578144366728723
6.726995,3,19702.916187,True,True,0.005456143685352594,5.293264212204124
8.331215,1,19704.255881,True,True,0.0007102401677268472,2.8533335530883552
6.638764,1,19705.543528,True,True,0.0004994605352939413,5.909679210259915
7.174065,1,19707.128617,True,True,2.793919360947676e-05,4.94231879974099
1.467604,2,19708.736437,True,True,5.624685925353923e-10,14.878965973513958
9.908195,1,19710.030408,True,True,1.601054802624624e-09,0.002565105482889932
3.807993,2,19712.770494,True,True,0.004942998408152085,10.896411245255862
3.051059,1,19713.903863,True,True,0.00011080911243026553,12.383140335760876
9.777515,1,19715.172638,True,True,0.0003495670034976833,0.23535010898007871
8.33132,1,19716.536145,True,True,0.0005570126650617513,2.8514867874524428
8.265292,1,19717.867528,True,True,1.01083580113885e-12,2.9717001409764987
9.196376,1,19719.271979,True,True,0.0011957360687791648,1.290703884820127
7.92208,1,19720.675215,True,True,0.005485774437005837,3.597320236054959
4.61079,1,19722.221996,True,True,0.0060585041474208404,9.574034685209257
8.470042,1,19723.791056,True,True,0.004234333809827259,2.6070811099151245
7.827772,1,19725.273767,True,True,0.0025986356521711454,3.7651025084866885
9.908264,1,19726.535221,True,True,1.6065550140220708e-09,0.0025642630607322554
8.294279,6,19734.430204,True,True,0.000153925124744663,1.3186437750536197
9.908407,1,19735.965929,True,True,7.158601224022578e-11,0.00256240030831484
8.122713,1,19737.303381,True,True,0.0034289850228036833,3.2329146375658055
6.922623,1,19738.840977,True,True,0.004666275622540922,5.395695259650395
2.897916,1,19740.225855,True,True,0.0038524928279401573,12.661839981159348
6.65118,1,19741.46839,True,True,1.1225722609474125e-09,5.886754828913087
2.923099,1,19742.641852,True,True,8.16163291464389e-11,12.613857368137875
4.529857,4,19746.566979,True,True,0.005708016321389704,9.821857882516493
7.776486,2,19749.255542,True,True,0.010609997379126934,3.7189187662808956
7.585613,1,19750.705751,True,True,0.0019143625383659935,4.201628497049866
6.632365,1,19752.984396,True,True,2.547778793493549e-10,5.918784748411664
7.941559,3,19754.189012,True,True,1.0064732033909785e-11,2.9999868357118116
7.561613,1,19755.597888,True,True,3.2006194569667024e-11,4.242153975366897
7.078892,1,19756.751531,True,True,0.004431685921555368,5.1176192621171515
5.644555,1,19757.961701,True,True,1.2300614027608518e-05,7.703820468638717
8.321473,1,19759.313395,True,True,0.005121659247284888,2.871744148522886
9.024968,5,19763.303151,True,True,0.00208569088918144,1.1889969696420746
7.366668,1,19764.581883,True,True,0.005505495446199146,4.594682241377353
6.519564,1,19765.922527,True,True,0.0007987133286396806,6.123741486352452
4.166468,9,19770.025176,True,True,0.00568982762882205,5.309260088766847
9.648597,1,19771.173595,True,True,0.0026826143208509173,0.4752838557267895
8.346829,1,19772.274333,True,True,2.0153255158004258e-09,2.8197817309619624
9.445152,1,19773.646796,True,True,0.004216470903636945,0.8457266099921352
-6.193642,9,19782.9434,True,True,0.006776999875767405,17.310830709268135
-27.757372,60,19846.764449,False,True,0.040042543308042876,15.60093494261977
7.591201,1,19848.012125,True,True,0.0031753087625852067,4.192145693989183
-12.891441,60,19909.146386,False,True,0.011750955887803033,18.981851486284928
4.153511,1,19910.529377,True,True,3.40871885145394e-09,10.394351375223884
8.036921,2,19913.162526,True,True,0.0034264535583702974,2.208114941930166
7.5447,6,19920.46523,True,True,2.7159799687784044e-09,3.3489291816085998
7.874546,1,19921.979407,True,True,1.3048464101379895e-09,3.6771483325592746
5.363033,1,19923.417492,True,True,0.0005682645605846678,8.212392933211234
8.249128,1,19924.889951,True,True,2.6109810065550084e-09,3.0000022341829813
7.802439,4,19930.393802,True,True,0.0026724047128865933,3.6443399182880873
3.767765,3,19933.006483,True,True,0.0007118036212712276,10.964146135723707
2.53057,2,19935.662858,True,True,0.004844720770831452,12.207367686313022
9.906792,1,19937.099749,True,True,6.023128538110336e-11,0.002562536282005766
7.948682,2,19938.487087,True,True,0.0005368765561165669,3.299325866198252
8.249925,1,19939.839438,True,True,2.2192324102024625e-11,2.9975340475770156
9.81822,1,19941.275834,True,True,8.870669199190218e-10,0.16589536088557133
8.133657,1,19942.732696,True,True,0.005279736513069205,3.211656311500769
8.447866,2,19944.012531,True,True,0.003888901642846455,2.027050210730085
8.07587,2,19946.720868,True,True,1.3355438521974465e-05,2.6686135845942993
8.644773,1,19948.272236,True,True,0.004275902655778946,2.2915606706726463
-4.038921,6,19956.272636,True,True,0.004175304418083633,14.583476760083007
4.069633,2,19958.941008,True,True,0.00463355901252562,8.365719092211055
8.859255,2,19961.709574,True,True,0.006143814459013288,1.7372773832464194
0.174501,4,19966.862513,True,True,0.009793669605617946,16.171535738853194
6.768142,4,19972.064227,True,True,0.0063506340935756455,4.175117069518017
9.908489,1,19973.763692,True,True,4.623494642697068e-10,0.002562737100243448
1.613398,3,19978.031156,True,True,0.0017439703073122079,14.835956750034999
9.908485,1,19979.734122,True,True,4.8641892425492795e-09,0.002562353512352748
9.908572,1,19981.486812,True,True,2.140646302260506e-10,0.00258060552364526
3.09572,1,19983.198722,True,True,5.371263475024133e-06,12.302511077833634
9.363843,1,19984.898681,True,True,0.0002464973427850764,0.9828922382802414
3.723148,4,19989.064218,True,True,0.00041307526098919786,10.547011160660368
5.673402,4,19995.440988,True,True,0.0003471180275361786,7.616411032181912
7.810527,1,19997.196345,True,True,0.005468519509999548,3.7987896920424715
-7.384165,60,20044.454896,False,False,0.006675912634809438,15.242622421230221
5.459877,2,20045.863546,True,True,0.0049879418028772795,7.632630568784851
8.139448,1,20046.97569,True,True,0.001199677656604593,3.2006437494779507
9.906908,1,20048.226962,True,True,7.884509651726933e-11,0.0025623823865579933
8.272297,2,20049.497089,True,True,0.0074017984653473165,2.824497956259445
9.073586,1,20050.754358,True,True,6.31116884846454e-05,1.5116894065580693
7.45069,1,20052.097356,True,True,0.005725673840859258,4.446582757530662
8.816884,4,20053.568004,True,True,0.0027821269202847644,1.0539787622264885
2.378548,2,20054.855664,True,True,0.0014362517275761976,13.324421248843663
9.227503,1,20056.188134,True,True,0.005455277783889111,1.2399649604971634
8.54867,1,20057.475559,True,True,0.008189490865443889,2.4694507746246455
9.908582,1,20058.907833,True,True,1.5455013831211506e-10,0.0025630444127019087
9.908104,1,20060.289875,True,True,2.612343674712747e-11,0.0025626678396404143
9.905526,1,20061.586046,True,True,1.5285658711006178e-09,0.0025628700696660217
9.74192,2,20062.969988,True,True,1.9914337516474872e-10,0.10048712638261252
6.227227,2,20064.314945,True,True,0.0040672112379909,6.7812942679424735
7.5761,1,20065.599413,True,True,1.6585344209119057e-11,4.213992800850836
4.230124,1,20066.766295,True,True,2.6979203593402445e-11,10.256131023327764
1.41246,1,20068.023683,True,True,0.004956762942162102,15.340861740784977
7.852506,1,20069.205835,True,True,0.006120683649974954,3.722138233805557
7.652736,2,20070.580735,True,True,1.494472454682625e-10,2.8323508131539072
9.281132,1,20071.820249,True,True,0.005312571521467747,1.1401376379077077
7.688515,1,20073.087947,True,True,0.0012430314758178217,4.015071458557305
8.179475,1,20074.621787,True,True,0.0014143614101850648,3.1286006898257432
9.647591,3,20078.821898,True,True,0.00034289816303180855,0.07129625231155515
8.319534,1,20080.553039,True,True,8.242592187639348e-05,2.872526003852086
8.247702,1,20082.139828,True,True,1.9567059193432647e-10,2.999916905747072
8.271993,1,20083.739631,True,True,2.669431434982689e-10,2.959590843565285
8.946346,1,20085.499877,True,True,0.005345192604688784,1.7437154739369551
6.0674,1,20087.196656,True,True,8.885068153194342e-05,6.938246611165237
9.294581,1,20088.944176,True,True,3.031883715691257e-09,1.1111002698717831
7.140902,2,20091.888617,True,True,0.0025932682916831704,4.854552098247416
9.438767,3,20095.002305,True,True,0.004087923858734108,0.8310435879785381
3.289603,1,20096.651384,True,True,0.004857071485846088,11.956125981151041
8.204771,1,20098.363469,True,True,0.00020308454630529535,3.0803699559134388
4.583309,1,20100.034745,True,True,0.005281734186813955,9.623033398192453
-16.574221,60,20155.63778,False,True,0.0032459339892142976,22.291640750321474
9.907435,1,20157.312068,True,True,8.184648236930769e-10,0.0025623560726402515
5.855196,1,20159.013542,True,True,0.004058648631631109,7.32730058167618
9.905929,1,20160.614436,True,True,5.942163774919074e-11,0.0025623671671898694
9.907405,1,20162.176204,True,True,9.175975537484446e-10,0.002563682384359753
8.278123,1,20163.813414,True,True,0.00024010775519307803,2.94549311743154
7.790746,1,20165.419728,True,True,0.0023916939911220745,3.831734738313963
7.422588,1,20166.698323,True,True,0.004265142113520094,4.497746270201485
9.908582,1,20168.275814,True,True,1.6040930042593438e-10,0.0025634173759654703
5.01427,1,20169.603388,True,True,0.0014958069041454336,8.842537914852103
9.906966,1,20171.320443,True,True,1.8994153472284836e-11,0.002562411829378051
4.70075,6,20175.640756,True,True,0.009532039562629798,8.225883842334294
9.55114,1,20176.976902,True,True,2.725622810784145e-09,0.6483233313282594
8.998821,1,20178.457891,True,True,0.0062076409611027785,1.653949786936539
1.525811,1,20179.688112,True,True,0.007805318614506028,15.138010054014734
8.466656,2,20182.562788,True,True,0.003736748472078284,2.5091620878781327
7.94488,1,20184.209748,True,True,0.011034531838117326,3.5599739503720897
4.177909,1,20185.762152,True,True,0.0004246106353189569,10.350668382392675
7.729214,1,20187.513903,True,True,0.006276233834346747,3.946338596512808
5.643396,2,20189.958591,True,True,0.004185008667791596,7.195384646608803
6.263596,1,20191.175065,True,True,0.000539230001796867,6.5869737989949835
7.986956,1,20192.804013,True,True,7.350440509473755e-05,3.474346325981815
-18.449929,60,20257.230845,False,True,0.0176659639390255,5.102668069639849
2.195468,1,20258.76671,True,True,0.0011396574486092562,13.926856078584056
9.723403,1,20260.394022,True,True,3.1363992999966506e-11,0.3351988214369675
5.260628,1,20262.019616,True,True,0.0043856946544591595,8.400413008941268
8.317519,1,20263.427053,True,True,0.00985751342037798,2.885276169059674
0.700132,2,20266.298646,True,True,0.005209462377125973,16.510107101370632
3.213112,2,20269.047561,True,True,0.006865181396037888,11.88323067713267
4.799915,1,20270.587697,True,True,0.005177493860061986,9.232212322441892
5.370776,3,20273.184359,True,True,0.003854592387164845,7.628926818755633
8.247789,1,20274.471682,True,True,5.563710350378818e-10,3.0000094833074527
3.745743,1,20276.036609,True,True,8.940978340752671e-05,11.130050088218278
6.554032,2,20277.319005,True,True,4.811248396213719e-10,5.938899379365016
8.480112,1,20278.573807,True,True,0.0023591880908590337,2.5861677200813853
7.512355,1,20279.795788,True,True,1.3231022005591626e-05,4.331815605392248
7.870842,1,20281.089566,True,True,0.005682762427127334,3.689329608023835
9.893901,1,20282.44991,True,True,5.941458579318202e-10,0.02863003136226755
6.013119,1,20283.752797,True,True,0.0003650991960432396,7.038926807616477
7.659797,1,20285.493132,True,True,0.0027726980363723813,4.0684120533341055
6.932944,1,20287.179775,True,True,0.0055195511775389325,5.380936547011443
6.93152,1,20288.860344,True,True,2.4134752391047343e-09,5.37712524017033
9.905655,1,20290.12101,True,True,9.560435776378995e-11,0.002566285943146707
6.738933,1,20291.570586,True,True,0.004794937321082763,5.7330569906261735
9.908577,1,20293.237647,True,True,9.345013345085158e-10,0.002571472963554621
8.236841,1,20294.855051,True,True,0.00018685001456082706,3.019705131246005
6.306699,1,20296.543786,True,True,0.00018211962330630382,6.50673764094799
8.257327,1,20297.838291,True,True,5.606889083025531e-06,2.986301622900193
6.246224,1,20299.456605,True,True,0.01046716840358406,6.622727807386515
9.2635,2,20303.016097,True,True,2.1384112610692632e-05,1.5596489456525091
3.698311,3,20307.250852,True,True,0.002552825669356128,10.060135783286533
6.537563,2,20308.899598,True,True,0.005717783743160829,5.69875865732932
9.906373,1,20310.594551,True,True,2.061085937338225e-11,0.0025844668902999285
-16.096052,60,20388.502236,False,True,0.028371493476244014,9.799360510827668
9.905531,1,20390.089022,True,True,3.83051784735855e-11,0.0025625052760878705
9.905685,1,20391.817783,True,True,1.7167075920532238e-11,0.0025623479650543823
2.046059,1,20393.502984,True,True,0.00022972133141400125,14.194700737355888
6.764686,3,20396.477989,True,True,0.011812512948537017,2.778501055904853
6.889472,1,20398.104124,True,True,0.0048131288438605455,5.461357311810722
9.643226,1,20399.662553,True,True,0.002627750899642228,0.48578270778024923
8.862686,1,20401.281929,True,True,2.6794650435601336e-05,1.892707286673971
7.589791,1,20402.939656,True,True,5.724412393034823e-10,4.191957827677854
4.171148,2,20405.580768,True,True,0.004816246135782923,9.610748744734623
8.226318,1,20406.912499,True,True,3.267847471944516e-05,3.0421268314703416
7.791283,2,20409.96904,True,True,0.0009774434745915528,3.55894914068073
7.572007,1,20411.623375,True,True,3.11658338025822e-11,4.221843169917146
8.302822,1,20413.229286,True,True,0.002145682363492996,2.9052644419933564
8.955217,1,20414.920582,True,True,0.0014702532234134205,1.7239846279857642
8.165038,1,20416.558438,True,True,0.0055075923744557645,3.158687559847913
3.816182,1,20418.144352,True,True,0.0021905180804520164,11.004542196347643
3.678752,1,20419.782468,True,True,0.0012064721083967674,11.25172391069357
4.663936,3,20424.337533,True,True,0.002364578221023578,7.440472109004391
9.908576,1,20426.039523,True,True,5.487989437891194e-10,0.002573665501632771
3.394169,8,20437.932256,True,True,0.0023767089788361588,9.279725632153196
6.246291,3,20440.583123,True,True,0.004215398995306846,5.4463215164427
9.07987,1,20442.254183,True,True,9.932140125390575e-11,1.5000315183467354
8.539227,2,20444.817375,True,True,0.0025474912167779817,2.540835676419133
-26.857421,60,20494.25523,False,True,0.04793726149401515,17.366003884385226
6.85119,1,20495.569283,True,True,0.0047234589868700196,5.530370484759029
7.581547,1,20497.197476,True,True,3.798632624901796e-10,4.2065644935564155
6.89683,2,20500.031837,True,True,0.0041976905049098,5.328415398598973
2.973015,1,20501.321619,True,True,0.001490047614078463,12.524628421659223
9.018208,1,20502.93826,True,True,9.974501963015592e-10,1.6086109699410247
-14.087763,60,20559.18584,False,True,0.014582938196288336,65.80235755350263
7.74155,1,20560.806013,True,True,0.005028192342211688,3.9228652653247944
7.888545,1,20562.458166,True,True,0.004282336379817091,3.650083211066895
7.723942,2,20565.210285,True,True,0.006212937350092489,3.8111941773967177
8.600367,1,20566.697122,True,True,0.004171332670514689,2.3693163699834776
7.793688,1,20568.367846,True,True,0.0050542054286905344,3.826706573380494
9.907733,1,20569.996206,True,True,1.49896843263055e-10,0.0025628973737631907
7.81396,2,20571.189569,True,True,0.0018793930863111527,3.4643200009501185
9.478904,1,20572.792086,True,True,0.0038360583495054587,0.7839405929113117
-0.133228,4,20577.863664,True,True,0.002031708568338393,15.396033073342156
9.04214,1,20579.115304,True,True,0.007984032704126426,1.5781584370466444
5.505194,1,20580.889117,True,True,0.00776355026001911,7.961860380871652
8.984338,4,20585.196684,True,True,0.005373293334852413,0.9539069699661167
9.008734,2,20588.280073,True,True,0.004197633515470325,1.4823404574962407
8.218061,1,20589.836559,True,True,0.00037759846314492685,3.0570442571189718
7.284075,1,20592.395547,True,True,3.3898678004041435e-10,4.740856446670002
8.906142,1,20594.103211,True,True,0.00043250310202260487,1.813377441886495
8.822964,2,20595.805541,True,True,2.0198737090511652e-10,2.0042101889923827
9.43416,1,20597.469623,True,True,1.9634756523690554e-10,0.8595309793453931
8.545569,2,20601.087337,True,True,0.0023004327108818133,2.9426497223343393
8.915306,1,20602.826152,True,True,0.0056223037092780785,1.8041230837385327
8.386203,2,20605.938756,True,True,1.1072661813547485e-09,2.7840569087688145
9.662706,1,20607.607199,True,True,0.0024409086954336424,0.4503330370554279
9.108984,2,20611.14255,True,True,0.004179159577838077,0.8506867785093823
7.534254,2,20614.147167,True,True,2.1512389092315232e-11,4.1423334218516406
9.733791,3,20617.291052,True,True,3.8349656783509545e-11,0.002562637688649361
8.009589,2,20620.215525,True,True,0.0037407598392473797,3.995163272870021
6.187479,3,20622.693262,True,True,0.004018643312805776,6.483030467556741
6.961769,1,20624.079866,True,True,1.4650297814568244e-10,5.325999609403115
9.049183,1,20625.453675,True,True,2.4306526791306737e-09,1.54919017763789
9.908371,1,20626.671096,True,True,1.883609957243844e-08,0.002562545242361705
8.014914,2,20628.062369,True,True,0.0010938747429594595,3.180080292891995
9.908331,1,20629.412582,True,True,2.5641265673863173e-10,0.0025761390017322566
9.908206,1,20631.067855,True,True,3.845546838811057e-09,0.0025624667315108955
6.659894,1,20632.794258,True,True,0.01115847131454055,5.875836838754744
9.39618,1,20634.577302,True,True,0.0006808111858182808,0.9290597000515116
8.249504,1,20636.267478,True,True,9.685163782080508e-11,3.0000908546928353
1.757036,1,20638.026963,True,True,0.0014804926460902819,14.717645089418617
7.953002,5,20645.668449,True,True,0.005206622482901941,2.5192706159641443
8.387731,2,20648.251252,True,True,0.005868399602840736,1.3791757001337497
8.249731,1,20649.65799,True,True,7.627765571949219e-10,3.0000159807538087
6.587779,1,20650.980866,True,True,9.466847042716372e-12,6.000173896969331
2.425023,1,20652.329318,True,True,0.0006715785793069105,13.51259203493685
9.442788,1,20653.825181,True,True,0.004180491858276333,0.8499523755405972
3.873813,1,20655.197679,True,True,0.0018103735904478196,10.900307005924317
3.019159,2,20658.216276,True,True,1.968222043680079e-10,12.476117352809338
8.03615,1,20660.006038,True,True,3.645346785935595e-05,3.385845385473322
7.118785,1,20661.426627,True,True,0.003286194565785024,5.0455472228421545
8.26735,1,20662.816766,True,True,0.004879238901781935,2.967059461213474
-12.673523,60,20686.211674,False,True,0.0010675247428900158,33.93058313328837
6.533197,1,20687.68532,True,True,0.0002797678594428539,6.100035990005476
-15.003069,60,20760.694112,False,True,0.016220035186288284,18.345087427774853
7.411583,1,20762.358069,True,True,0.01156591582674446,4.5223009604773186
7.108652,1,20763.857466,True,True,4.5748424384607286e-05,5.060838743008519
9.907723,1,20765.064708,True,True,1.5695915788385445e-09,0.0025704205162064794
8.704808,1,20766.33299,True,True,0.0022800882362298824,2.1800719523590226
7.531334,2,20769.435098,True,True,0.0010407048100431466,4.151914496089029
-15.517134,60,20813.336994,False,True,0.011576925943122188,32.80871188869351
7.283834,1,20814.949075,True,True,0.010498808544981338,4.75452164588889
8.536789,1,20816.582482,True,True,3.064263177227174e-10,2.4814579297134425
7.727567,2,20819.542299,True,True,0.004885690441212814,3.7073475032746597
9.907955,1,20820.838449,True,True,4.226224578629534e-11,0.002564161149816445
4.718587,1,20822.477886,True,True,1.1433055543963455e-10,9.374812030168673
8.599586,1,20824.12012,True,True,0.00023916011473265608,2.3677294621153573
3.996382,1,20825.765741,True,True,5.686880133470851e-11,10.675096535491752
9.439386,1,20826.998977,True,True,0.004251281652402873,0.8561870886458939
5.893424,1,20828.6895,True,True,0.004107663066454071,7.258359256705693
9.905297,1,20830.202714,True,True,1.983272732358239e-10,0.008501179316755533
8.385011,1,20831.848061,True,True,4.719802623298512e-10,2.7551336005932834
7.555605,1,20833.536472,True,True,1.6080869474449611e-09,4.253696045375871
9.818195,1,20835.23521,True,True,0.00040379949156987366,0.16095600121232867
8.988636,2,20838.477146,True,True,0.0047659926196970265,1.5193388538542476
7.827191,1,20840.161101,True,True,0.006060445632637606,3.7656624677585215
7.621117,1,20841.751986,True,True,0.004588950620014186,4.139023747471389
6.256584,1,20844.147111,True,True,0.010552795802556341,6.608456288533215
5.426569,1,20845.782749,True,True,0.0013767031354882525,8.098448385081563
8.425111,1,20847.417741,True,True,0.004706661819069919,2.6887571033320103
6.209772,3,20851.779283,True,True,2.8128144820528627e-10,6.451536933871859
8.162325,1,20853.473647,True,True,1.2083814851515662e-10,3.1578981289334065
8.25884,1,20855.107252,True,True,0.0002862472829542762,2.983906992571396
6.900175,1,20856.792964,True,True,3.972847445336808e-05,5.437251530477027
8.549132,2,20859.634908,True,True,6.382133802863843e-07,1.9875358658676634
9.908577,1,20861.260704,True,True,1.053280639173842e-09,0.002572820924209115
8.371279,2,20862.548559,True,True,0.002584122948318108,2.624614863503235
9.815153,1,20863.855139,True,True,0.0006357990343296526,0.17006409807627323
8.485396,3,20865.219152,True,True,0.005598257431331164,2.2907926316021983
8.825132,1,20866.503376,True,True,0.0026299705050409072,1.9635883335198712
9.908378,1,20868.125751,True,True,1.5727999510412038e-09,0.0025643881341447746
8.157313,1,20869.435914,True,True,0.0013750356964447171,3.168581095124861
8.15388,1,20871.225668,True,True,0.0031582075896285228,3.1762381249863463
9.714925,1,20872.762849,True,True,4.5832587717186955e-10,0.34668310726557977
9.908223,1,20874.070003,True,True,6.421799619849011e-10,0.002611806618056887
2.655242,1,20875.386245,True,True,2.6050829270609114e-05,13.096975333542469
5.111919,2,20876.692811,True,True,0.004588177228970704,7.792932711561726
9.223062,1,20878.022742,True,True,0.004485982087915969,1.2472734756853265
6.03643,1,20879.370096,True,True,0.0024803528792572,6.998826971497959
7.574231,1,20881.09466,True,True,5.424848903423651e-10,4.217482910262339
9.908378,1,20882.702457,True,True,2.8882034206163884e-11,0.002570426613249457
2.281488,2,20885.473605,True,True,0.0004048162623392598,13.584342209384177
-13.048106,60,20962.578522,False,True,0.019866924231903272,33.805286043711725
8.287808,1,20964.303832,True,True,7.97859384548752e-05,2.9274654989462583
5.414499,1,20965.809159,True,True,0.00012026549029806564,8.119115034722489
9.417339,1,20967.662553,True,True,0.00391010778637578,0.8952782135549754
9.906228,1,20969.415303,True,True,9.354295116281719e-12,0.0025667880778298914
4.825734,3,20972.737372,True,True,0.00020066114818132006,9.867009002867066
7.239295,3,20976.967324,True,True,0.002966235060112855,4.14402493411445
7.712943,1,20978.656255,True,True,0.00017681402871341616,3.9697530816968185
9.908582,1,20980.245163,True,True,5.032270067476544e-10,0.0025629943578400335
9.905516,1,20981.615755,True,True,9.456353061709777e-11,0.0025624394228250134
8.874102,3,20986.257491,True,True,1.807753148563851e-10,1.5385367011022946
9.908105,1,20987.843001,True,True,1.147272901680374e-09,0.0025861308283279907
6.187758,1,20989.386392,True,True,0.002247951961499251,6.725489597809977
7.567735,1,20990.949085,True,True,3.1156089860817637e-10,4.231789403972335
-0.754525,9,21002.529118,True,True,0.008248030684495922,6.710736212193209
7.849626,1,21003.99613,True,True,8.210873622093712e-10,3.7223055181642413
9.783105,1,21005.761123,True,True,0.0002943728250875549,0.2252741190080922
5.373295,1,21007.436805,True,True,1.841739911147798e-06,8.19336902357136
9.555262,1,21009.06911,True,True,0.00028241425617074644,0.6406652941796701
8.811477,1,21010.623702,True,True,0.008318557404927592,1.9931183259571597
4.308911,2,21013.836906,True,True,0.003105392489325097,9.903319158653247
9.721955,1,21016.396751,True,True,0.0014929225090589832,0.34197587627988024
6.190705,1,21018.029381,True,True,1.5992117352592317e-11,6.715759445506532
8.727331,2,21020.890238,True,True,0.0012459792988724176,2.486575978659783
9.309396,1,21022.457448,True,True,0.0051840576746481565,1.0921738702277894
8.887271,1,21024.109208,True,True,0.005164484365102584,1.848340751932995
7.720395,1,21025.74748,True,True,2.0673285830762403e-06,3.9560934961234064
8.00823,1,21027.091317,True,True,0.00378302293476028,3.4396429810617737
8.941754,1,21028.714527,True,True,0.005776744511415341,1.7527062351945861
7.5828,1,21030.380019,True,True,1.1314167715254994e-05,4.204595449300785
5.320321,4,21036.047963,True,True,4.248768865462715e-06,7.9933977771873455
-12.479635,60,21111.249828,False,True,0.0041534269870942536,14.538271981798319
7.771773,1,21113.065868,True,True,0.0046479875322334805,3.8684226460036775
2.991647,2,21116.369538,True,True,4.4153507475462594e-06,11.821354204936805
6.890464,1,21118.073347,True,True,3.4309912963770284e-06,5.454746030740572
3.036687,4,21124.221379,True,True,0.0024746180081631486,11.47006924657808
9.888113,1,21125.957331,True,True,0.0006492994370850425,0.040492287028131194
7.945796,1,21127.570817,True,True,0.002973254490116081,3.552099801660571
8.294839,1,21129.363638,True,True,0.0003628191053519497,2.9133735095727515
8.417158,1,21131.016407,True,True,0.0002617870364941939,2.693427444742874
9.90547,1,21132.799206,True,True,2.3046692332329144e-10,0.0025654257239897085
7.568852,1,21134.434963,True,True,3.525144343097253e-10,4.225169607760415
8.856607,2,21135.725773,True,True,0.004217678283411483,0.8452153753281922
8.433999,1,21136.985617,True,True,0.0029767919665210627,2.670270792985922
7.499539,1,21138.273864,True,True,1.1519668039621879e-10,4.35494337368463
9.90715,1,21139.62343,True,True,5.179122252488488e-13,0.0025627567261109303
8.406835,1,21140.968554,True,True,3.96053915470265e-11,2.712326377130352
-14.468695,60,21171.714171,False,True,0.009672182619763523,20.29666394256014
2.53304,2,21173.085771,True,True,0.0006690178365946799,13.38067202618064
9.275597,1,21174.27312,True,True,0.0011333715093551433,1.148086454405544
5.478635,1,21175.60541,True,True,0.004953331697382882,8.007532849459636
3.412185,1,21176.819408,True,True,0.002333492613562244,11.733344665878194
7.008618,1,21178.087574,True,True,0.00907023527035454,5.249666290983207
8.588943,1,21179.359008,True,True,0.0012474288714985188,2.38777371408113
7.867781,2,21181.874732,True,True,2.0330473375123811e-10,3.7695340827398605
9.908573,1,21183.21366,True,True,9.588210423937542e-09,0.002580282364027502
2.495955,4,21184.598919,True,True,0.01153486958896412,11.598548571872744
5.169295,2,21187.001372,True,True,0.00021134700776613904,7.7265407319735715
5.487221,1,21188.82883,True,True,0.004703065634023914,7.9918347115623005
9.733588,3,21192.565287,True,True,4.2262913834759585e-10,0.0025623454047587783
7.297267,1,21194.493102,True,True,0.0049972359419252444,4.725428108097754
3.089057,1,21196.157247,True,True,0.001606210822949014,12.31564023226472
4.57938,4,21200.507426,True,True,0.00024726385612759845,9.119711600854991
7.299948,1,21202.194985,True,True,9.194047879403046e-06,4.715377142924607
8.950839,2,21204.975015,True,True,0.004249124302965848,2.1485565548397685
3.116961,1,21206.300613,True,True,2.6614482907302145e-06,12.264197240579058
1.589148,3,21207.76096,True,True,0.005311668911010248,14.432520027111833
9.872795,1,21209.585455,True,True,0.00032723396449182984,0.06727915932688484
-22.339722,60,21269.492916,False,True,0.0004995783326360963,21.415286347616927
8.748596,1,21271.3023,True,True,0.008797889219564366,2.1058990532715125
-31.195778,60,21355.674583,False,True,0.013793565200422533,9.519868584371286
4.432693,2,21358.914226,True,True,7.035023431856136e-11,9.759536195111071
7.514699,2,21360.353573,True,True,0.00027421744040478425,3.1616968746698157
5.870957,2,21363.342119,True,True,0.00024982510467775254,7.5384735248679124
9.904625,1,21365.05747,True,True,2.405046578557446e-10,0.0025658199322053203
5.723247,1,21366.768234,True,True,0.011598447243531651,7.567447955944912
9.907223,1,21368.049815,True,True,3.816981800075503e-11,0.0025623968946565335
7.190409,1,21369.609823,True,True,0.005481284776087135,4.916373696498012
9.90466,1,21371.221601,True,True,1.199758668587383e-10,0.002576243409729029
7.386575,1,21373.10362,True,True,0.002121342226950767,4.56124031654223
7.86331,1,21375.116985,True,True,0.005828865701533643,3.702022792751684
-3.200181,8,21383.128931,True,True,0.009824934676868145,12.658149620363261
6.145092,1,21385.058665,True,True,0.0002102662657647858,6.797515119976142
8.766281,1,21386.729306,True,True,0.006032804889802762,2.0735054053583144
1.349035,1,21388.115675,True,True,0.0028455920813725867,15.454057305395104
7.491364,1,21389.544796,True,True,0.009422053466653556,4.379308050577149
7.974911,9,21402.686486,True,True,0.003156498213314772,2.3079407594562884
7.279472,2,21405.815794,True,True,0.00016102717499019183,5.319300280661867
9.178928,1,21407.661853,True,True,4.5399347298905567e-05,1.321316707473378
7.562963,1,21409.376921,True,True,2.0981630235311632e-10,4.240408211517932
3.932264,1,21411.189834,True,True,0.005759624764961158,10.797688183173292
3.258667,1,21412.572299,True,True,7.709250703091808e-10,12.008596679322677
6.856805,1,21413.908888,True,True,0.006483550979638317,5.5218832745266075
9.90827,1,21415.519287,True,True,7.703972182415697e-11,0.002562569563169891
8.170453,1,21417.317523,True,True,1.6089525975217629e-09,3.1432174873258636
4.702245,1,21419.109167,True,True,4.937069250331161e-07,9.404298494996207
4.978097,1,21420.637886,True,True,2.994859664787186e-05,8.906566380917297
9.829757,1,21422.432475,True,True,2.3932883966652427e-05,0.14507721930686096
3.498712,4,21429.560417,True,True,0.0038682839348803864,10.425001413358324
9.311842,3,21434.589212,True,True,0.004277299696217656,0.86658421177612
3.848889,1,21436.378414,True,True,0.0005839223111181293,10.944351837827607
9.908582,1,21438.306282,True,True,8.535592169358142e-10,0.0025623858002356286
7.316005,1,21439.724507,True,True,0.00023941102817238904,4.686635635564902
10.177815,3,21441.513683,True,True,0.004969462433711173,0.8111428355543411
9.907267,1,21443.280076,True,True,3.506217336939965e-10,0.002571067431081225
2.944849,6,21448.968518,True,True,0.0032938052750923087,11.948205436113573
7.013825,1,21450.808186,True,True,0.004928237922702832,5.2335857438371916
7.52417,3,21454.017093,True,True,2.783244312104527e-10,2.890828478982857
9.024603,4,21457.001656,True,True,0.009375927282820058,1.2310954114265333
9.904395,1,21458.74823,True,True,0.0006180696009838479,0.011018985938440553
2.864083,1,21461.175981,True,True,0.002137104983246113,12.721739904319168
3.949065,1,21462.935369,True,True,0.004130376009837373,10.766247820701837
9.908582,1,21464.761751,True,True,4.327445047548198e-10,0.002562368020614773
5.276649,2,21467.843084,True,True,0.009229984618292986,7.906954532171279
9.908573,1,21469.043721,True,True,4.2778197101597314e-10,0.002578900428334866
6.682738,1,21470.434267,True,True,0.0021041851966248004,5.831901698889459
7.85831,1,21471.842701,True,True,0.0040046532021294455,3.71149003487214
2.860098,2,21473.319176,True,True,0.004777137121957827,12.322002940332245
8.730697,2,21476.166851,True,True,0.004788062699452322,1.9881882557823503
9.205639,2,21479.36599,True,True,0.004812277228217844,1.0153301844414324
5.79932,1,21481.206933,True,True,0.0023365015097760117,7.423587279398363
3.737632,1,21482.491702,True,True,0.004796313822164442,11.148064277405021
9.087946,4,21485.520363,True,True,0.0018853198087980388,1.858670869100569
8.261968,4,21488.201309,True,True,0.002378138492648764,1.6132038716599408
9.908582,1,21489.847803,True,True,4.201759763039492e-09,0.002562369442988982
8.248202,1,21491.46768,True,True,0.0026130695326571913,3.0058662178842646
4.370897,5,21493.230787,True,True,0.0033295449313711437,9.383306712556061
9.908581,1,21494.584398,True,True,3.6669552637424996e-10,0.0025655923642582804
7.505216,1,21495.973736,True,True,0.0006741982332950251,4.345046098116715
8.387671,1,21497.307028,True,True,0.0020243314203608666,2.7532819938369837
9.256246,1,21498.67284,True,True,0.0007787187151097479,1.1818946415000204
9.84796,1,21500.420773,True,True,0.0004252704310648888,0.1127489538172209
9.906304,1,21502.242942,True,True,3.4010453136277423e-10,0.002562726860600748
8.346957,1,21504.036752,True,True,0.004771020250173591,2.8299649958751365
3.402963,1,21505.979079,True,True,1.9046757270338444e-09,11.748317091065546
3.040355,1,21507.937309,True,True,3.53582772436023e-10,12.402368029083867
8.249706,1,21509.777124,True,True,4.5666605837418494e-10,3.0000608633530415
8.341126,1,21511.559755,True,True,0.006090583950655151,2.8395636289498567
8.221375,1,21512.953602,True,True,0.0006201269209201235,3.0519813966877494
9.082611,1,21514.734418,True,True,0.007270899478320767,1.5042609210942868
9.384522,1,21516.550909,True,True,3.571611062458402e-11,0.949236157947707
9.86735,1,21518.256149,True,True,3.7389918161435897e-10,0.07709204978827001
1.070991,3,21521.524446,True,True,2.855594464423405e-05,15.42987853770592
9.060135,1,21523.285717,True,True,0.006233624011478738,1.537291044448991
9.890982,1,21525.015867,True,True,2.3702981901769647e-05,0.03440957816863562
8.60304,1,21526.753285,True,True,0.004226300443760109,2.366875548986883
8.665506,1,21528.552568,True,True,0.004251344427437359,2.254085733276607
6.044484,6,21538.019047,True,True,0.0003191719174583732,5.797825529292657
7.422712,1,21539.973001,True,True,0.005691704065344423,4.4948519074761535
8.349703,2,21543.453214,True,True,0.005895544716562222,1.419021386358739
9.804192,1,21545.282958,True,True,0.0009390182916803514,0.19258100858852503
2.772295,3,21550.769055,True,True,0.0005084094440734755,10.050746164556791
7.90107,1,21552.567521,True,True,5.415449044126903e-05,3.629842973840761
7.496952,1,21554.389847,True,True,0.0006305300009660812,4.36031857219108
3.938871,1,21555.783681,True,True,0.0003530676888345982,10.78185015400982
8.274654,1,21557.596683,True,True,4.7524303936619106e-11,2.952269875325223
9.70898,1,21559.389134,True,True,0.0016037247023536177,0.3650029788908705
3.960947,3,21563.930065,True,True,0.002432369226953181,8.606876092228948
9.888325,1,21565.385285,True,True,1.2673131242897998e-05,0.03919735976932274
8.248825,1,21567.183278,True,True,8.188629464381063e-11,3.000137226157582
3.753491,1,21568.983247,True,True,0.0024361821954219133,11.117801148378843
9.575142,1,21570.74655,True,True,0.005859715803793671,0.6124741509089253
3.202977,2,21573.528116,True,True,0.0017326418436353504,11.84343127620911
3.298954,3,21577.706963,True,True,0.0014628975327326751,11.700590279433786
8.377698,1,21579.45744,True,True,1.6273522746156066e-05,2.768875614182014
8.61039,2,21581.208819,True,True,0.0018510226219193846,1.823684085986922
9.875184,1,21582.973538,True,True,0.00013717379064201278,0.05786289178643367
7.878797,2,21584.376083,True,True,0.009247180506500257,3.4560323516486027
-17.038455,60,21617.393598,False,True,0.01434801612769344,12.075414272210596
4.016005,1,21619.228953,True,True,0.0033975584949361252,10.644977386410902
6.256275,1,21620.907184,True,True,2.0741080207977314e-06,6.599663711002097
9.755926,1,21622.608091,True,True,0.001101116095329438,0.2800388109984236
9.855399,1,21624.404673,True,True,0.0004925171809382637,0.09881565552473386
9.906121,1,21626.205916,True,True,1.0296313801561041e-10,0.0025625755366664176
9.56299,1,21628.059014,True,True,0.0009043728287705527,0.6277316980032958
9.135968,1,21629.983009,True,True,0.00010237740707864073,1.394521242807389
7.361345,1,21631.637003,True,True,0.004673723710096797,4.6094283354861245
9.503127,1,21633.488032,True,True,0.0010145675314437164,0.7363800886587302
8.273146,1,21635.271723,True,True,7.703947396454002e-06,2.957728912941042
9.491204,1,21637.050427,True,True,0.0023149762750908354,0.7600630257269766
6.106642,1,21638.640496,True,True,0.004216868375651108,6.87303341649269
9.887204,1,21640.669179,True,True,7.702079239321518e-05,0.03499056248461337
8.168438,2,21643.899249,True,True,8.893138239916842e-05,2.9934065822811067
6.23443,1,21645.699221,True,True,6.397439663851377e-11,6.638503163833013
7.256768,3,21650.190568,True,True,5.723310112020577e-05,2.949566027333554
7.238825,2,21653.274306,True,True,0.008917128839374167,4.872867197181554
7.768539,2,21656.455788,True,True,0.0066810757656456,2.9555781858100736
8.735146,1,21658.290238,True,True,0.004717566314241204,2.124765637534322
8.39383,1,21660.061433,True,True,0.00030630206400016345,2.740089749348523
4.207621,1,21661.84036,True,True,0.0012326260767959174,10.297694675446994
8.796656,1,21663.716513,True,True,0.0029927582520258983,2.0157058779944346
9.14992,1,21665.480537,True,True,0.00531890937710594,1.3799652448273816
9.906502,1,21666.909918,True,True,2.8658410670739813e-12,0.002563522728613148
8.87706,1,21668.234173,True,True,0.0014567340837769542,1.8659462920868561
5.254733,1,21669.99006,True,True,3.380958050635337e-06,8.40733592624692
1.801007,4,21675.451379,True,True,0.004373193010706307,11.37362172662548
6.780008,1,21677.336167,True,True,0.005183421109393402,5.658783403113955
8.351063,1,21679.205101,True,True,0.0010759018229013267,2.818276231692694
9.576024,1,21680.978628,True,True,8.250288646705073e-11,0.6033854106495748
9.905667,1,21682.517548,True,True,2.6415175602423346e-11,0.002562367024952358
7.334521,2,21683.982628,True,True,7.470150164063131e-05,3.3564117587150077
6.614987,2,21685.324233,True,True,0.0030950706225210452,5.8475609815259855
3.072302,3,21687.947628,True,True,5.117357715601965e-05,12.09483866175259
8.225774,1,21689.18581,True,True,1.2193448681308006e-10,3.0432894151918846
8.490964,1,21690.450778,True,True,0.0029031729486727305,2.5677540776075967
8.092715,2,21693.20027,True,True,0.00017496185370197647,3.240226921597466
7.537412,1,21694.847896,True,True,1.9365156263532128e-05,4.285865927372062
6.304292,1,21696.33528,True,True,0.0015499023659801964,6.514112080649625
9.439054,1,21697.8723,True,True,0.0030758863114948303,0.8550383097078791
2.451243,5,21704.644271,True,True,0.00039037564653592385,12.834783470001085
2.354559,1,21706.11703,True,True,0.00930183816366681,13.644767454168969
7.985946,1,21707.874925,True,True,0.0028014306137421146,3.4796970477932425
9.811706,2,21711.277761,True,True,1.6724707729842692e-10,0.002574881670713835
7.565278,1,21713.415795,True,True,0.005273713698328283,4.23621662549719
9.451209,1,21715.316675,True,True,0.0006906787324817043,0.8301594147057181
5.94272,1,21716.916748,True,True,0.004070796526590838,7.168796461706671
8.246206,1,21718.254368,True,True,6.614723352393881e-10,3.00000545461082
3.29141,2,21721.012571,True,True,0.000405579825780736,11.701814259075494
7.765865,8,21732.17593,True,True,0.004166036303381639,3.4716071041016674
8.207839,1,21733.806015,True,True,1.95412504223719e-11,3.0752887367651396
8.340893,1,21735.271645,True,True,4.684646143314753e-10,2.834776070079469
3.339573,2,21737.956807,True,True,5.64165013063481e-05,10.031142068053502
3.667766,1,21739.504345,True,True,0.004806890256226761,11.274079515351511
8.272767,1,21741.058053,True,True,5.071172509696353e-10,2.954708119591585
7.629514,1,21742.717003,True,True,2.427825555179064e-09,4.120221411877936
3.601847,3,21747.306213,True,True,0.0017633716109118139,11.030782925248209
4.8681,3,21751.393824,True,True,0.0006761904521757969,8.836645737345343
4.188182,4,21752.727776,True,True,0.0022422718949228846,9.81590949462304
3.223957,1,21754.301662,True,True,0.0011390788541999954,12.0720090545196
8.248985,1,21755.781127,True,True,5.162176325844763e-10,2.9995539300273766
8.44116,3,21759.899786,True,True,0.0030751270295743104,4.243111751632888
7.040891,3,21762.726228,True,True,0.0016301147772370805,4.308966953196429
2.73008,1,21764.176482,True,True,0.0031033735493745176,12.964026229360703
2.257138,5,21770.943647,True,True,0.006377678252106774,12.99510442556107
5.185029,1,21773.290469,True,True,0.004759664497668805,8.537110324792389
6.586511,1,21774.758605,True,True,0.0051008908451189465,6.008072481799587
5.472844,1,21775.998165,True,True,0.000495942880648444,8.014156669126509
6.090033,3,21779.934355,True,True,0.00744275255965789,6.646681105403851
8.979044,1,21781.276688,True,True,0.0021318868134135947,1.6846842447426755
4.913606,1,21783.029489,True,True,0.00465642992352855,9.026709989347973
0.042054,1,21784.351597,True,True,0.005183238055666092,17.8112737121436
9.310026,1,21785.82837,True,True,0.0036793588231241875,1.0891686555659683
8.295252,1,21787.319515,True,True,3.8397271473478156e-11,2.91734587744412
9.744258,2,21788.815748,True,True,0.00012744614589804245,0.07738968907140784
8.259229,1,21790.264687,True,True,0.00017974575552703076,2.983075680035336
-0.591152,10,21799.906774,True,True,0.004684257817741559,11.323329566009544
5.829873,4,21805.084648,True,True,0.002170603123685632,5.940306635756546
4.380662,1,21806.676867,True,True,0.0018078125171941176,9.985963708535511
1.618483,6,21808.307648,True,True,0.0028916421499408426,14.477801849385381
9.52564,1,21809.734393,True,True,0.002946394022203754,0.6950246095770568
9.908582,1,21811.03873,True,True,2.411043729888413e-10,0.002562885570465213
9.856075,1,21812.431744,True,True,0.00021250952691509797,0.09124588035580201
9.908202,1,21813.748441,True,True,2.2716033141336e-10,0.0025624591932048107
2.890574,1,21815.182909,True,True,7.261222829610392e-11,12.672519667191763
5.625507,2,21818.083206,True,True,0.0049732945742783806,7.6103573608004735
7.421396,3,21825.946238,True,True,3.9689530828557196e-10,3.000020716963566
1.987564,3,21831.209423,True,True,0.005166053173437958,12.947599400004194
7.173769,2,21834.791506,True,True,0.0046481392260535725,4.26329631695561
8.468325,2,21838.843269,True,True,0.0006359273505349098,2.027936699015419
6.332796,1,21840.297003,True,True,0.002428366885131715,6.463877226260143
9.906084,1,21841.823774,True,True,1.0911077083224182e-10,0.002562536424233883
8.377713,2,21845.427815,True,True,0.005350948803895553,2.2480704572387715
9.020416,2,21848.968424,True,True,0.006073651936745301,1.4637599721877785
-18.48428,60,21942.088805,False,True,0.0093664007497174,23.047445801167818
9.079501,1,21943.969307,True,True,2.5718972740552966e-10,1.4999828768216101
9.245567,1,21945.568827,True,True,0.005542439639670105,1.2072816604631778
8.264177,2,21948.441504,True,True,0.005991910709708759,1.4265327108568513
3.589463,1,21950.273317,True,True,7.347139563407268e-11,11.411898906797736
-13.531034,60,22038.122888,False,True,0.006484217862134162,5.856117016892277
8.896059,3,22042.479897,True,True,0.0011384570080584953,1.6999476662933846
8.317543,2,22045.581888,True,True,2.2653966578857834e-06,2.9667013526831414
5.656089,4,22051.383064,True,True,0.002137228017140691,5.842446761317702
6.665015,1,22052.838654,True,True,1.2475333960315638e-09,5.86121414603393
7.541903,1,22054.526571,True,True,2.566384645931617e-11,4.278439098124898
9.908451,1,22056.357935,True,True,2.0187382737679727e-09,0.0025624520815749675
8.709256,1,22058.268524,True,True,0.005351206050473456,2.170484922644388
-1.549528,9,22072.081219,True,True,0.0038237433045767042,17.85590790091721
9.064162,1,22073.979856,True,True,5.9509532132584994e-05,1.524450106839036
