#{"t_start": 1785332048.984726, "env_id": "None"}
r,l,t,success,freeze_attempted,d_m,alpha_deg
7.353198,1,12.107819,True,True,0.0009495575571629763,4.620249619896472
4.986338,6,21.271811,True,True,0.00011091304501500976,6.752419731086923
3.908728,15,25.950081,True,True,0.0022935414700068456,6.29457394383093
6.88428,4,28.270809,True,True,0.002084556525386097,5.039956929643706
9.878965,2,31.993925,True,True,4.389180338626453e-11,0.002562961366601131
6.861989,9,36.546528,True,True,0.002604938917493662,3.7622811099812683
-18.798428,60,58.90674,False,True,0.014401710311710864,20.646426670427097
5.158221,3,60.958531,True,True,0.002003128486359667,8.31357184577916
6.848828,24,71.170013,True,True,0.002174106536783652,1.2956766657357641
2.041795,12,77.121866,True,True,0.0051038713003250386,11.696868126124487
8.31937,1,92.37512,True,True,0.0009278471945489155,2.8743016724561414
8.434624,6,111.450802,True,True,0.000639291560979402,3.180540933854967
6.344016,4,113.892125,True,True,0.002411250839231376,5.999631515321733
9.537584,6,3425.952674,True,True,0.005835268857545168,1.660070066359851
8.182885,7,3440.975402,True,True,0.005533895217129006,2.324020999090263
6.502604,9,3456.856879,True,True,0.005485900002382804,3.168757249015091
6.00993,3,3463.834231,True,True,0.002436553269362471,6.4238218199954975
8.272386,3,3466.416985,True,True,3.963227444468635e-11,2.9946856554749792
1.96654,10,3470.929942,True,True,0.008375516052382657,11.854861312712542
5.705731,21,3477.562752,True,True,0.007319979043313007,4.746051441455794
6.842886,9,3482.093756,True,True,0.010595701303956108,3.0907221678289187
3.545839,41,3496.229765,True,True,0.00017455838725788375,5.114495689879528
5.885955,7,3499.819877,True,True,0.003763479165536835,6.086760103068864
3.152696,9,3502.896325,True,True,0.005686478317175336,7.748309610252742
8.212113,1,3504.441972,True,True,0.0003021106514260767,3.0653458541167278
6.237995,1,3505.716431,True,True,0.004726372450061505,6.637086306509675
8.098276,6,3508.897847,True,True,0.000148300766381209,3.30720661476243
7.788518,5,3511.996121,True,True,0.001912129614146038,3.4341534412205172
-17.473315,60,3526.335045,False,True,0.03143089396480265,26.480864793592364
6.089572,9,3527.788324,True,True,0.0005752410867442929,5.380298417754723
6.8502,11,3539.023371,True,True,0.003025706389921887,2.603311275063238
9.959834,2,3541.202285,True,True,0.0003661224120216,0.19578551521472098
1.323188,5,3545.606159,True,True,0.006371125587885284,14.812530440997872
6.14922,6,3550.530599,True,True,0.0010614027624672284,6.1562870100442355
5.625934,5,3552.992039,True,True,0.00415792750459537,6.698782596584361
6.8778,7,3555.170578,True,True,0.008565270192932462,3.9830679317854814
5.44502,6,3556.463924,True,True,0.003384214252678298,7.203703321715947
1.333362,11,3561.453403,True,True,0.005401197293343867,13.408413538435882
8.294412,3,3563.803945,True,True,0.001975737222214717,2.72564003193334
-26.840886,60,3581.361794,False,True,0.012088811979376286,29.6486609811535
8.066591,4,3584.648368,True,True,0.0041873441708019914,3.8472425036464712
6.431142,4,3587.172067,True,True,0.004623322887163676,5.880710774786642
0.654597,6,3589.939308,True,True,0.0030875284980046973,15.541258068442614
8.142568,2,3591.270099,True,True,6.962691451858556e-05,3.028713953519507
3.71873,2,3592.347744,True,True,0.0015481096443159914,11.223512210132277
3.035729,2,3594.635051,True,True,0.0005405507263026819,11.921564435053446
6.422467,3,3595.868785,True,True,6.743426290919025e-05,4.174242103086163
8.277673,2,3597.042842,True,True,0.008347532121621454,2.989232992603923
5.82903,2,3598.167006,True,True,0.008234508600435267,7.234187231592309
3.996849,3,3599.504187,True,True,0.004849485369013107,8.24468648426508
1.365059,16,3604.184601,True,True,0.01192824146739591,9.937223477208144
3.477766,8,3607.860449,True,True,0.004022866714376638,9.867660757089197
7.47374,5,3609.156161,True,True,0.003191797000134091,3.342859946278491
3.884291,2,3610.366246,True,True,4.510802366167947e-05,10.663848055435293
3.151876,3,3611.814759,True,True,0.005090024619999718,10.537353353653153
8.671743,1,3613.57309,True,True,0.004883951981655836,2.2435529970177854
3.413479,10,3621.004156,True,True,0.0026463972552339655,9.964997976218951
5.995457,15,3629.019746,True,True,0.0038849703502336665,5.381674283007245
7.531069,2,3631.94267,True,True,1.6762925460985976e-05,4.017780239151083
9.052613,5,3635.166167,True,True,9.57789507797712e-05,1.5213160719479215
6.277501,2,3638.790567,True,True,0.00493747335790667,5.5560015676024825
-24.768595,60,3689.429246,False,True,0.017416700888744918,15.982450789307093
8.109345,2,3690.891212,True,True,0.003982184700302567,2.527832964008274
4.122314,8,3700.167714,True,True,0.003439653188450902,8.040746917700583
2.694179,29,3724.270952,True,True,0.008371314570889287,8.214890553208534
2.568811,3,3725.866627,True,True,0.004346553966760291,11.692325837757341
9.127721,3,3729.023385,True,True,0.0006991127691207688,1.1081745408098533
2.748605,6,3732.197361,True,True,0.0011826414442543936,12.540364161501524
8.967023,2,3734.022572,True,True,0.005150150755572274,1.5499396552865605
3.209097,9,3747.09999,True,True,0.005869681674372421,9.412576995651968
2.510794,2,3748.680327,True,True,0.0029603156502632996,13.126227649696682
9.905428,1,3750.267682,True,True,1.6378383790604315e-10,0.0025630108533002357
6.684574,2,3753.774853,True,True,0.005345963514004736,4.650088385545203
8.522411,1,3755.246042,True,True,0.003230837655292548,2.5113406989479383
7.110097,1,3757.046816,True,True,0.005978130232513972,5.056678085974747
4.46955,10,3761.201091,True,True,0.0014594535491497405,7.067953659849389
4.459944,6,3765.197267,True,True,0.004600973361785984,6.846318850666542
5.737165,1,3766.656964,True,True,0.00403598417303655,7.540271386854481
6.776128,4,3769.097522,True,True,0.004183965383636355,4.146734855654411
6.960899,13,3780.049539,True,True,0.0029200993905163604,2.207013650504666
7.907919,3,3783.754926,True,True,0.0038736024909111744,3.3939230831051646
6.93928,3,3787.416031,True,True,8.5621186713137e-10,4.550974737076881
2.533261,1,3789.121593,True,True,0.00018760891341130397,13.317076088832813
5.231917,4,3790.949268,True,True,0.002416377437825818,6.951848389831649
8.626054,1,3792.853005,True,True,0.010966314253930036,2.332241181469981
2.465252,3,3796.477454,True,True,0.0015197764289606695,12.914271302804416
0.490976,11,3805.69347,True,True,0.004923885487914561,12.33052064895126
8.578249,2,3807.896662,True,True,0.005465520187417454,2.279553342390202
4.515493,6,3815.512646,True,True,0.005109966207952325,7.638338233827413
2.241913,8,3827.549778,True,True,0.0050471605185488395,12.829526599603566
3.225089,5,3834.969321,True,True,0.004559500728740672,9.628695685865821
9.907313,1,3836.999514,True,True,2.2265892254957897e-11,0.0025624610422253368
9.078981,1,3838.963808,True,True,3.941730030617952e-05,1.4999391460231337
6.103275,4,3844.585925,True,True,0.005186719494679002,6.014376977737292
8.088493,1,3846.530845,True,True,0.004857564943839571,3.296481189556025
5.270789,1,3848.398368,True,True,0.00617529393012146,8.38259747911004
8.817302,3,3850.239357,True,True,0.007619972723012677,1.970949020508989
7.589448,2,3853.839683,True,True,0.007732235815862743,3.9971365890318644
5.933152,4,3857.678865,True,True,0.0008482291387294089,6.55959914904121
8.966303,1,3859.560019,True,True,0.005562441320760503,1.7081094609060807
7.592493,2,3863.288893,True,True,4.2371212181209155e-10,2.910797803302531
9.908343,1,3865.161384,True,True,1.8941337581591913e-10,0.0025623700119384437
8.562212,6,3870.721634,True,True,1.7686181624194618e-10,1.98266642760596
4.494321,2,3874.508229,True,True,0.00023961090255101647,8.527950912697397
3.455496,12,3883.179727,True,True,0.005691623878977148,7.107744751709336
0.565386,3,3886.716283,True,True,4.57263601982838e-11,16.633551814246584
3.218252,1,3888.114253,True,True,0.00294965368295122,12.08354048259633
9.861257,1,3889.769679,True,True,0.00020484409663768291,0.08620766493369905
-42.445312,60,3935.956771,False,True,0.02299549712980848,22.0918605040523
5.944822,7,3940.553463,True,True,0.0019511967800072037,6.176921044526913
7.822166,2,3943.526205,True,True,0.0019738219828505793,3.460314987771024
0.475781,2,3946.64473,True,True,0.00545136651169569,17.075858685451664
9.309822,1,3949.684438,True,True,5.954198245561315e-11,1.0793326142017705
3.536323,1,3951.646131,True,True,5.536589398752456e-10,11.507757686837568
6.768774,1,3953.52432,True,True,3.5934609489727304e-10,5.673339728481638
9.906342,1,3955.354299,True,True,4.5567303214235356e-11,0.0025672272231427734
7.693783,2,3957.138269,True,True,4.693731427203758e-05,4.0982286913842465
-0.065879,8,3963.476897,True,True,0.00734605827174218,16.7388268034611
4.670786,7,3967.617718,True,True,0.010732657384122227,7.518883597038134
9.908582,1,3969.317266,True,True,6.676846228681477e-11,0.0025635011181666043
7.752189,6,3971.465618,True,True,0.005307685181726335,1.7172259618121373
9.841056,1,3973.391367,True,True,0.0005994902821892354,0.12505990971492717
8.13273,2,3977.38877,True,True,0.0003985444187944046,3.061537484219124
8.426326,3,3981.177739,True,True,0.001322190395889087,1.779292797109509
7.62637,1,3983.351472,True,True,0.004541971243954032,4.129553551879121
3.53849,4,3986.250096,True,True,0.004209793447474855,10.301950005869703
4.216662,5,3989.350983,True,True,0.0002917921886150879,9.737038320800492
1.432096,11,3999.924196,True,True,0.0062253151817020895,6.495065747690072
5.798722,9,4007.702374,True,True,0.0026536315402410048,5.639857303782914
7.08904,5,4011.300779,True,True,0.0001430734669687998,3.0585895780511154
-11.611158,42,4057.681625,True,True,0.010778267479638993,4.980320508232663
-1.071534,7,4072.673333,True,True,0.0052609512839900795,17.146901530180955
8.061335,2,4076.509035,True,True,0.004159560720376334,2.818037785522278
7.634135,15,4093.820075,True,True,0.010013266146973447,2.044786460638097
8.596272,2,4098.307283,True,True,0.0029707651239538014,2.05513877153966
5.873584,4,4103.417282,True,True,0.002530256590793872,6.627718625921323
6.609608,7,4109.203644,True,True,2.759295369962351e-05,4.537487153954567
1.334258,6,4117.092623,True,True,0.0030369480968183236,14.23557361233149
7.044773,1,4118.752552,True,True,0.004593612539140883,5.180820913831119
7.938394,1,4120.553528,True,True,0.0011713890363378666,3.563727028900666
7.940519,1,4122.591376,True,True,3.217301137236478e-05,3.5585668820244454
7.866549,5,4126.514345,True,True,0.001626443130976571,2.588643709076461
8.033661,2,4129.604551,True,True,0.0010414745473867869,3.0735274837519753
0.239927,1,4131.291103,True,True,0.007777099933291083,17.45580916037548
7.252078,3,4134.506833,True,True,0.009927022511654776,3.377600849868273
8.273082,1,4136.384576,True,True,9.796989608457096e-11,2.955073202807894
7.353142,2,4139.754921,True,True,8.640806212065799e-11,4.758845483629414
0.107861,7,4145.134922,True,True,0.009062567229654962,16.148862439688468
8.527475,2,4149.125458,True,True,4.322671795821175e-10,2.164240169585143
9.36464,2,4152.618672,True,True,0.0021980211595500274,1.6688899761597962
8.451138,1,4154.320873,True,True,0.005676234607339806,2.641127599234406
2.259789,1,4156.067955,True,True,0.002520059812807396,13.81172742435799
2.673413,7,4161.759923,True,True,0.010163555426166482,7.276661664304097
-1.238025,12,4166.012782,True,True,0.009347817517301299,8.763365674105216
5.851967,2,4167.61276,True,True,0.0011233818386332268,6.255718496195564
9.694781,5,4169.560061,True,True,0.0023805506104156594,0.43658205264226463
7.646591,1,4171.293084,True,True,0.0006068581785601268,4.089793322587606
1.326806,4,4174.904662,True,True,0.009099838821782679,13.026169357660121
8.415645,3,4176.875101,True,True,1.095927706401172e-10,2.1142042695195156
8.246313,1,4178.942664,True,True,8.382172317356051e-10,2.999970911503774
8.939534,2,4182.569604,True,True,2.793081874616309e-10,1.246878523549257
5.937714,3,4184.456424,True,True,0.0061564451662512315,6.9055680055707835
8.000993,4,4189.186023,True,True,0.005893300453490364,1.6340022984222025
4.639242,1,4191.12443,True,True,0.00623243972059823,9.522838588586637
5.080622,2,4194.087404,True,True,0.004707224731782029,8.06421445379296
7.056566,2,4196.021379,True,True,6.297148429907284e-05,4.710291065797844
2.899485,3,4198.956036,True,True,0.0006446816454795303,12.411170760598328
9.012354,2,4201.465246,True,True,1.475255459295468e-09,1.0059873883588681
8.476507,1,4203.355379,True,True,0.0027682596036938765,2.5937066002976032
2.146563,7,4213.348076,True,True,0.0018862611473747105,12.907150434428427
4.449778,5,4221.159109,True,True,0.0005603254775886392,6.854551506347043
9.029153,1,4223.543207,True,True,0.005487142243611869,1.5981553476424863
7.615886,3,4228.949577,True,True,0.010984068432346674,3.2415185827522266
7.328007,8,4241.06691,True,True,0.002786458489836393,2.51564224018114
8.883416,4,4246.098024,True,True,0.006089612852077847,1.4877144745119981
7.345552,11,4254.75787,True,True,0.00488671830720061,3.795244002316274
5.936889,6,4257.406151,True,True,1.0893242739100062e-11,5.999999144063453
10.315009,2,4258.830504,True,True,3.7590075622222784e-11,0.2713858454115072
6.536562,11,4262.68042,True,True,0.0013033004495277025,3.468183060804477
7.758628,2,4263.877282,True,True,0.005713845711069626,3.9108636369942174
9.748692,2,4265.390473,True,True,3.826506281761418e-10,0.09183142403472368
6.280974,8,4270.13761,True,True,0.005531688073832988,3.5479969429894975
5.972072,2,4271.563113,True,True,5.961879427640593e-12,6.00030170390199
9.412339,1,4273.211493,True,True,2.042188311368945e-06,0.8994629136685321
7.290628,2,4275.363586,True,True,0.004796240165182893,2.9294573028129256
7.206237,3,4277.030785,True,True,0.00465437105255458,4.222693324654712
7.965712,3,4278.75856,True,True,3.9340016189932966e-06,3.214065462084159
7.011127,1,4280.417519,True,True,0.006539250039241232,5.243406419804043
8.58962,3,4283.138875,True,True,0.005655193618130029,2.4998328930543097
7.956157,3,4285.468304,True,True,0.004264351899647369,2.6304479454947267
9.906775,1,4286.713881,True,True,1.3764739348332e-11,0.002563637602139416
8.209185,3,4289.358826,True,True,1.2935603976860222e-10,3.0000090752411896
6.330428,1,4290.706081,True,True,1.163359492073468e-09,6.463950489267875
8.59779,2,4292.029308,True,True,0.005403320033403269,2.149044253489704
8.123766,7,4298.148333,True,True,0.0015790720638210265,3.3958618120116477
7.18731,4,4300.76933,True,True,0.00034201767759441695,4.633119439787061
9.132457,1,4302.116036,True,True,3.168657003449482e-11,1.4000422150158862
7.942288,3,4305.513165,True,True,0.005198049141191569,3.077049666677987
6.632208,2,4306.837385,True,True,0.005670439587887577,6.1292839804686645
-3.928691,15,4316.568952,True,True,0.001946511062444617,16.32142786746689
7.47829,6,4319.241243,True,True,0.005998597809428003,2.1481164664678785
5.134961,4,4321.772318,True,True,0.0034040107207322506,8.001371999426546
6.613277,1,4323.488206,True,True,0.0003185212184179803,5.952193078987252
3.547365,1,4324.913576,True,True,0.0003537254866159971,11.488098999216863
8.17702,2,4327.010347,True,True,9.139304652955316e-05,2.978884436372056
4.880085,6,4332.968984,True,True,0.0059546895104826665,7.321754535537323
1.684357,4,4335.768613,True,True,0.005144924299120292,15.700317626683763
7.595745,4,4338.195867,True,True,0.004045822843316065,2.329652013414382
1.20555,6,4342.101349,True,True,0.00925388394284998,14.933662039054472
6.188982,2,4343.414079,True,True,0.004675609930540291,5.946143854915625
8.3283,3,4344.841299,True,True,0.0049123639308611125,2.4031586114663295
9.308232,2,4347.362937,True,True,0.0004359056126557771,0.7559627750819172
5.340415,7,4349.888992,True,True,0.011928395361183737,4.527290300744374
8.12355,1,4351.102528,True,True,0.0013160336329749328,3.2287953401372658
9.907855,1,4352.319233,True,True,4.901739166058279e-10,0.002562364180200467
8.07785,2,4355.339216,True,True,0.0004705224613437724,3.1607690082781423
5.80976,2,4356.744856,True,True,0.009479824859901911,6.025159494648879
9.797677,1,4358.144755,True,True,6.121937393989267e-10,0.20064442931753657
7.40747,10,4367.334399,True,True,0.004599098183438525,2.508997353543183
7.130033,8,4374.529816,True,True,5.438069568388714e-11,4.18069970028632
6.226736,1,4376.270598,True,True,0.0024640087170016006,6.652211402591644
1.407475,7,4383.172385,True,True,0.0006442506799615756,13.345956299134958
-39.124085,60,4402.942305,False,True,0.030924473535718255,7.5112864698614406
2.083108,5,4405.995856,True,True,0.0014759414549258831,11.744685030822207
8.099579,5,4409.200335,True,True,0.0028796341574271606,2.2624669578801635
9.908003,1,4410.506389,True,True,5.163131821554228e-10,0.002580480106361285
4.569978,3,4413.008352,True,True,0.0015895858991563034,9.782239502925552
7.65011,2,4416.507655,True,True,0.004663684805539078,3.945530083393818
9.908476,1,4417.970812,True,True,7.380468493592262e-11,0.0025701942064268405
-0.908695,14,4433.394224,True,True,0.0012969700457358447,15.865891284618854
2.628797,7,4439.514385,True,True,0.009585084402726774,12.42645906319072
10.121537,4,4443.459164,True,True,0.009028018710373452,1.5697301180295713
9.660347,1,4444.758482,True,True,0.002465674795594745,0.45462934299494195
0.957141,2,4447.452885,True,True,6.929549815903879e-10,15.80652353470765
7.694467,5,4452.650705,True,True,0.004506792128131751,2.9217738712232517
4.675686,2,4454.041673,True,True,0.006224093336372763,9.432850893823575
7.621434,2,4456.663016,True,True,1.3749222203465268e-10,4.203982382678209
5.4969,3,4460.966609,True,True,4.3421595152474283e-10,6.524337777504391
4.913296,3,4463.590561,True,True,0.004790497889346051,8.0619091594692
6.106768,2,4464.873588,True,True,0.002342231713226514,6.678221007898268
6.982399,5,4469.405768,True,True,0.002236980262713739,4.013522602255843
9.513305,2,4472.309031,True,True,1.878855166470919e-06,0.5566456421429946
9.323663,3,4476.985824,True,True,0.0030687627645858643,0.8422554500385917
-34.830642,60,4515.420707,False,True,0.025340419290206827,5.222010281166993
6.632697,4,4518.696729,True,True,0.010139546490822243,3.5618813657497195
8.234571,1,4519.869551,True,True,9.042656293895002e-11,3.0274001852339536
7.061974,8,4522.433419,True,True,0.0025427696004667283,2.7075378977684617
-0.043894,3,4524.794142,True,True,0.004859588178164433,17.497960878229915
8.687887,3,4527.189657,True,True,0.0004137609467982361,1.4387765200765417
1.4796,1,4528.673345,True,True,0.0005422822612282222,15.217334885293312
8.639129,1,4529.836979,True,True,1.6827836112393121e-10,2.296264377659597
-26.729548,42,4557.474153,True,True,0.009153504104807256,15.756813052812184
8.31532,5,4558.901455,True,True,3.1489359730851874e-11,1.61511428464116
3.771443,3,4561.246896,True,True,0.002836931378152034,10.571639142420288
8.328012,3,4563.894418,True,True,0.005254095974504443,2.528581244625961
0.876172,3,4565.276886,True,True,0.004901123516357339,15.647542294934519
9.810431,1,4566.392861,True,True,0.005475057540640455,0.18739196031645497
6.431234,3,4567.672438,True,True,0.0028075713358015906,5.996341438283696
7.225883,6,4570.331681,True,True,0.0022476537710975873,3.3993625605584294
3.316987,4,4574.00426,True,True,7.097797257802491e-06,10.848356789568149
0.212182,5,4575.279675,True,True,0.00364713772103736,16.38196789388324
-0.772087,8,4582.646225,True,True,0.0015803678079996438,17.774739903219093
7.607018,2,4585.058271,True,True,0.005998373215480759,3.950556772959656
8.139732,2,4587.65004,True,True,0.00010506745552006785,3.0196805464367507
9.332468,5,4590.016793,True,True,0.0029175937838286092,0.49850557804740037
6.571576,4,4592.586031,True,True,0.002083106231295641,5.4570349198753725
7.391649,1,4593.84923,True,True,0.0024285703247039873,4.552403327669728
8.683074,7,4597.867458,True,True,0.006074560776987176,1.4066872618516084
10.524548,5,4602.387342,True,True,0.002751320550758714,1.6639656320892038
6.368681,3,4604.815533,True,True,0.00016817320513118963,6.084440263499757
9.656,1,4606.152656,True,True,0.0024967790503682657,0.46252580793166204
9.90858,1,4607.450591,True,True,1.8132820592264842e-10,0.0025664851899038286
8.874704,3,4611.092962,True,True,0.005668492549670501,1.5632164732162552
1.403282,8,4621.070784,True,True,0.0022234937229208447,13.803635018433672
9.907991,1,4622.420035,True,True,5.024407284863062e-10,0.002562775640754032
4.089817,3,4625.208253,True,True,0.004988008038374295,9.967346450057176
3.808442,2,4627.76629,True,True,1.3543884146479529e-05,10.823662434676804
6.49225,2,4630.738679,True,True,0.010858925731107586,6.04292013080037
8.21993,1,4632.148881,True,True,0.0046896162376006455,3.0592608330043243
6.310298,6,4635.88302,True,True,7.328508216924295e-07,6.499510966366736
8.052185,4,4639.526597,True,True,0.0033521445033044654,2.7048391076398293
8.956372,3,4643.207865,True,True,0.003281943756948678,1.2844601424483393
10.015489,2,4644.317801,True,True,0.003053263767054677,0.6690188855107186
9.908582,1,4645.522606,True,True,5.255044569635325e-09,0.0025628865659261773
9.844136,1,4646.797841,True,True,0.00030386154171015736,0.11789940731049255
8.821211,2,4649.127834,True,True,0.0042016893018892885,0.8516194555670393
5.911452,2,4651.720914,True,True,0.00012491115937842616,7.560605904111637
3.053361,2,4654.233669,True,True,0.004653240950942779,12.005653492345619
7.582577,1,4655.905278,True,True,9.918858861208909e-11,4.204272364516746
7.859301,4,4658.590616,True,True,0.005280129839792147,2.7507455151503564
6.200103,2,4661.062304,True,True,0.0009321748987893927,6.601004740059893
3.219484,1,4662.531518,True,True,2.726121654805791e-10,12.07927267178322
8.421274,8,4670.443785,True,True,0.0028503010564154443,1.157121081949727
9.570051,1,4671.969556,True,True,1.870983354357314e-09,0.6099706227805202
6.578552,2,4674.831155,True,True,0.00950630189560462,4.344640873312008
0.388368,2,4677.205173,True,True,0.004600632345039712,17.06691541638452
9.785575,2,4680.091777,True,True,1.993925641101891e-05,0.02111675828128041
-2.951546,19,4694.346884,True,True,0.007963462133356277,16.35316415665751
7.244018,2,4695.624087,True,True,0.006045846139829494,4.058767675542516
7.32853,3,4698.273469,True,True,1.1850416481440362e-11,3.121339189477186
7.735092,1,4699.778551,True,True,0.003001000558757072,3.9276772309883037
6.712831,8,4702.629701,True,True,0.0020405932527607805,4.62708583959612
7.994137,4,4706.453896,True,True,4.132323704938786e-11,3.0000458154788614
7.830903,1,4707.718588,True,True,0.004218144238317952,3.7612054643587283
7.592842,2,4709.033388,True,True,0.00010023017327176476,2.9144320023609547
7.362464,3,4712.673115,True,True,0.00854906104002777,3.9712404092322444
4.471981,2,4714.151721,True,True,0.0073588470520877915,9.145432274185973
9.545295,1,4715.524312,True,True,0.003024271441470742,0.6626863628760244
8.29021,1,4716.898519,True,True,9.014212687614919e-11,2.9265249113331357
9.029733,2,4718.358084,True,True,9.7261726450526e-11,0.9955774273825581
6.578624,4,4721.112401,True,True,0.006182532999365477,4.709153659785465
8.05321,2,4722.25149,True,True,0.003186683356659546,3.366433828379301
9.9083,1,4723.472662,True,True,1.3076847946550524e-09,0.002569823644946334
9.493333,3,4726.787276,True,True,0.002545975348637244,0.5428156763603491
6.346451,2,4728.143668,True,True,0.00033334999020621925,6.377945412698629
8.50891,5,4730.762601,True,True,0.007698675458903834,1.5672462488472012
6.419884,3,4732.174203,True,True,2.792488098396495e-10,4.1924960695216384
5.380907,5,4736.088801,True,True,6.500463604897089e-10,6.706139921174912
3.884099,3,4738.845017,True,True,0.00026868267104890363,9.537867247525371
7.840202,2,4741.484547,True,True,0.0001969574112396233,3.5828402744312884
5.630405,1,4742.749417,True,True,0.004477769598681248,7.729193135586436
9.602811,2,4743.960421,True,True,0.0019463270444778215,0.38134228861599784
9.539715,1,4745.338853,True,True,0.0029782947635014476,0.6729211267589267
8.901985,2,4746.681704,True,True,0.008084054442955738,1.6853657583774777
9.203227,1,4747.818461,True,True,0.004004174736710985,1.2822190405418192
5.977815,2,4750.296266,True,True,0.0005240691827613916,6.775322356581657
7.18995,4,4755.356938,True,True,0.0002472635110621421,4.399175931627719
6.160581,5,4760.562987,True,True,3.023609487784462e-11,4.230349537547328
9.788148,1,4761.910321,True,True,0.001067290749360442,0.2217568850875627
7.87986,1,4763.334463,True,True,0.00578060836606497,3.672018682610664
7.799148,1,4764.711252,True,True,0.0023703172781398365,3.816539154099931
3.698324,6,4769.967399,True,True,0.006236814738423277,7.430617574559644
3.550388,2,4772.385987,True,True,0.005099119425847237,10.604742768941454
4.802149,2,4773.658618,True,True,0.004305229333714548,9.167332785397885
6.138155,1,4774.846958,True,True,0.004665323986390015,6.817208301636274
8.910059,1,4775.928177,True,True,3.3758483031793435e-06,1.8070830371754252
8.569707,3,4777.223536,True,True,9.29562555401775e-10,1.499976102788325
9.90658,1,4778.509303,True,True,3.5517039309596043e-10,0.0025625795189896986
8.232083,1,4779.908072,True,True,0.00010785911590968644,3.026089044097721
6.276162,5,4786.084948,True,True,0.0022501822212437584,5.780227285530242
7.126227,1,4787.468763,True,True,0.00016244922389960226,5.0246551145903275
6.191777,6,4791.072443,True,True,2.026079170367541e-10,4.235484239263749
8.461792,1,4792.289993,True,True,0.005758478617413601,2.6203555370465894
8.966366,1,4793.586638,True,True,0.00594947656056216,1.7126799820653777
8.068263,3,4795.955607,True,True,0.006097950075740647,2.786967411732089
5.781868,3,4799.505121,True,True,0.004260854567227915,6.349616934887004
8.059057,1,4800.968102,True,True,0.00464374934780787,3.349092163429235
4.527377,3,4802.297796,True,True,0.0022928212906947187,9.39522609397303
8.250572,1,4803.655164,True,True,1.8754999262543912e-09,2.9984950722313446
-0.063381,3,4806.172769,True,True,0.0029021083046191776,17.636829804896472
5.751344,2,4808.730036,True,True,0.0020116917952060958,7.708392884943766
1.648989,3,4812.558438,True,True,0.0028484072795946103,14.676712244456509
8.004796,1,4813.968433,True,True,0.0033886150850362066,3.4463089145848818
7.529061,2,4816.738117,True,True,4.735932968708001e-09,2.9960881560300163
7.100693,2,4818.025878,True,True,0.0032631393757093785,4.936612747496665
8.248121,1,4819.585689,True,True,5.220443622596502e-11,2.9999982782708083
8.968386,1,4821.045937,True,True,0.005449179365765874,1.70415366677011
9.18557,1,4822.392778,True,True,7.329420384691005e-05,1.3060886304345776
5.142824,3,4825.148696,True,True,0.0019346379409047676,8.524343032944719
3.431189,1,4826.17813,True,True,4.792260577951568e-09,11.697402484076209
7.069163,1,4827.388082,True,True,0.005953588925405123,5.137927137015171
8.469685,1,4828.84666,True,True,0.004108526908215993,2.607581458656842
8.303211,1,4830.267658,True,True,0.00012997985140883366,2.9000106421150447
8.251158,2,4832.868316,True,True,0.0042730804758629864,2.3375934620760486
9.90526,1,4834.242075,True,True,8.863388217816848e-10,0.0025658651024681334
8.547064,4,4838.06524,True,True,0.0024017350967419525,2.8796938096968714
8.246436,1,4839.345175,True,True,2.7099130953753716e-11,2.9999685940536436
8.017078,2,4840.760602,True,True,0.0006390928100171476,3.144131023098414
9.618295,1,4842.024566,True,True,0.00230140025269647,0.5300618555206644
8.428431,3,4845.829683,True,True,0.00426777265003148,2.3807923801013726
5.972272,2,4848.298488,True,True,1.863661977061279e-10,5.999917313556089
7.539641,1,4849.837647,True,True,0.00019965867562721622,4.2815884027223605
4.560423,1,4851.015034,True,True,0.0042493718707270825,9.66354591950437
7.526127,2,4854.342614,True,True,1.6876764569184743e-10,3.0000149149762594
9.652037,4,4859.358383,True,True,0.0029521776487253597,0.7088493307181564
-41.045386,60,4914.588072,False,True,0.037313696704934285,27.919883267409308
7.526714,1,4915.814047,True,True,3.8334610224488686e-05,4.301767590362672
9.506574,1,4917.012915,True,True,0.00010449554344638297,0.7293027590032095
8.169743,2,4918.387044,True,True,9.760948531499904e-05,2.989572858404207
0.740248,6,4922.387064,True,True,0.0001586019449479857,13.822897398220832
9.450062,2,4923.63016,True,True,4.7171679874843445e-09,0.664883315179086
6.964524,2,4926.319327,True,True,0.00015316797870838783,5.5869140978926
8.387349,1,4927.536684,True,True,0.00022569678885283294,2.7516998151655967
5.33407,1,4928.719253,True,True,3.462409233121345e-05,8.264186814107315
6.081782,8,4930.250196,True,True,0.010872324129545585,4.453197942539617
5.506706,2,4931.517923,True,True,0.0047115975838329625,7.290493977155707
8.364493,1,4932.846631,True,True,4.783441698297253e-11,2.7920128782587934
5.34329,1,4933.984054,True,True,0.0004560863739241564,8.247923062839636
9.907581,1,4935.154291,True,True,2.6168007047927983e-12,0.0025624998713481882
8.106995,3,4936.379678,True,True,0.007870802023303163,2.717055964124751
-5.801225,17,4943.964977,True,True,0.0071356512507970565,15.664479248303522
6.576806,3,4946.540109,True,True,0.0015516190001577483,5.39016029972627
-26.662638,60,4969.668054,True,True,7.515758037835449e-05,2.340903796751215
9.757534,1,4971.033267,True,True,0.001067487687890192,0.27673432217947563
8.927832,1,4972.300124,True,True,0.005874436636943536,1.7777974347110286
8.473735,2,4974.678769,True,True,0.0019265134690417956,2.1697219547333786
8.735927,2,4977.370648,True,True,0.0023079135963628705,2.2961625454772454
9.905661,1,4978.603644,True,True,1.9649615787744347e-12,0.0025627055278803833
7.237957,2,4980.010776,True,True,6.890608569842804e-11,4.239343353464744
9.458566,1,4981.194234,True,True,0.0011430045598937492,0.8171688448686513
9.908427,1,4982.48999,True,True,4.625785865464138e-11,0.0025688501169557356
6.097259,3,4984.846438,True,True,0.00018628902790202278,6.60661094997469
7.251674,3,4988.607434,True,True,0.006124673204276929,4.641883278811671
6.396624,1,4989.7866,True,True,0.0006068605800735802,6.345496921767391
7.651924,4,4991.21167,True,True,0.00040980245239679273,3.59198859314685
-1.431697,6,4996.04773,True,True,0.009348412731312934,17.327776028696135
9.927226,2,4997.545473,True,True,0.004636492939461897,0.5890519680298398
9.90563,1,4998.896505,True,True,2.9378512937382282e-05,0.007941759830063514
1.996298,7,5002.693797,True,True,0.010743849869462458,2.714200280044294
1.022145,2,5005.278662,True,True,0.005174591807176667,15.653160611835418
7.373874,4,5007.893994,True,True,0.006136295669702571,2.395842315511955
7.109323,1,5009.143534,True,True,0.01127939468752677,5.07012112729783
0.657617,2,5010.433432,True,True,0.001664991592163342,16.58321214666739
8.883308,1,5011.690874,True,True,0.011218681528534018,1.8677983902052786
7.959648,1,5012.945771,True,True,0.0016728460326566725,3.525396689099078
7.933399,3,5015.417264,True,True,4.4780613281567737e-10,2.992660918246084
4.743285,1,5016.833596,True,True,8.483871660747155e-10,9.327638175961635
-3.051622,11,5019.502402,True,True,0.004752376247624828,14.652488504441571
1.705918,7,5021.068236,True,True,0.001592732224347494,12.703705976944347
-0.265592,4,5023.7328,True,True,0.0002671074289793745,16.990650538540393
6.885751,3,5027.635482,True,True,0.0067297354634413414,4.260090579683718
8.028453,3,5032.720452,True,True,0.001143277094150276,3.0457305332139386
7.587355,4,5037.66739,True,True,0.000309158297737519,3.052818555840653
0.223459,3,5042.525221,True,True,0.005164701328178362,16.47562067529185
5.115711,1,5044.066637,True,True,8.975381334465782e-07,8.658212619788722
8.650491,6,5049.164934,True,True,0.005963363649341427,1.5865799668360454
7.906078,4,5055.641326,True,True,0.002902000425539286,2.2349650923711746
8.528185,3,5060.302056,True,True,0.004419148483368034,2.2146747971143594
8.77643,6,5068.687765,True,True,1.5091940611195517e-09,1.3515005944899066
5.089821,1,5070.356353,True,True,0.0007503138626864178,8.705580655205791
7.886174,5,5078.363284,True,True,5.4150125437005414e-11,3.550029399203842
9.956632,2,5081.460664,True,True,2.9230841794232706e-10,0.0025627880134149717
2.96544,2,5084.48332,True,True,3.146365026157616e-11,12.412263566905125
5.438383,4,5091.537712,True,True,0.009541612066349688,5.797579226510625
-32.659716,60,5153.380175,False,True,0.013643045381105733,46.35046764495138
-26.631065,60,5220.898205,False,True,0.0009572812846556662,26.68717909292551
0.476937,4,5226.300411,True,True,0.0021966831916809017,16.72392600330365
7.682187,5,5231.553135,True,True,1.0641153795868396e-11,3.6391236776465434
6.018967,3,5236.813211,True,True,0.002316303856731804,6.109434367923326
3.437151,11,5247.865638,True,True,0.005537200604734088,8.262496857059814
-23.228494,60,5271.425978,False,True,0.00876841576316626,37.421499458933965
7.665367,2,5273.099743,True,True,0.002514295523880052,3.477618149852924
7.514824,3,5276.460204,True,True,0.00483246183869576,4.050465485737694
8.89695,4,5280.176649,True,True,0.0035128578289105004,0.6996621627191602
6.587686,2,5285.014677,True,True,0.0002988527706408589,6.067390570130196
8.863141,3,5288.60743,True,True,2.5861973673713123e-10,1.101527416202592
5.25415,1,5290.21045,True,True,2.5639808590533983e-06,8.40838702883954
8.030125,1,5291.930536,True,True,0.000962862898878156,3.397815620672952
9.758971,1,5293.888321,True,True,1.844787898830358e-10,0.2729862791117718
-33.396827,60,5327.187688,False,True,0.004543326400498669,24.45108999340392
8.101309,4,5328.509035,True,True,0.0011164709668236399,2.769928352985754
9.812182,2,5329.766909,True,True,1.0260306493314886e-10,0.002562877606763577
7.427162,3,5330.957763,True,True,0.00760748904724597,4.222132224858527
-0.415989,11,5340.813829,True,True,0.004867732657518866,10.906864180982929
6.671005,4,5344.450424,True,True,0.011151024150580755,4.947094974902341
-2.037365,6,5350.571809,True,True,0.005298325702422009,16.702137863318868
2.259722,3,5352.896743,True,True,0.0007773960962642421,13.565907319551382
10.280526,4,5357.024361,True,True,2.2363262557825347e-10,0.0025624021573778574
8.668227,2,5358.72202,True,True,9.273174952299621e-11,2.9986024788485444
9.742684,1,5359.875513,True,True,0.0012023111236884074,0.30371426374867994
8.060202,1,5361.725444,True,True,0.00155961671024768,3.3441859394658167
-31.288748,60,5397.536831,False,True,0.01436900053865377,37.962141402315666
7.433406,5,5400.092424,True,True,0.004615465755266764,3.9245217738274367
8.76369,2,5401.989547,True,True,0.0028279368439346197,1.6791245610870589
9.081333,5,5403.449127,True,True,0.004109304606072341,0.8166314942711607
6.186958,2,5405.287426,True,True,0.0007644812658080697,6.610210243777389
2.48128,3,5409.453619,True,True,0.002705377005697389,12.811512992316903
7.716541,2,5412.814804,True,True,1.4469256573560977e-12,3.823357328765588
7.207198,2,5414.731014,True,True,0.00810206485308293,4.802710135081079
6.727558,3,5416.626512,True,True,0.0030709163310834774,4.382898827265936
8.342266,1,5418.475828,True,True,1.651870177732195e-10,2.826936980202534
9.28336,1,5420.333368,True,True,0.004317127741840717,1.1381388649078181
7.924259,1,5421.460077,True,True,1.7004020968300135e-10,3.587615897547606
9.169449,1,5422.691554,True,True,1.3282667980098846e-06,1.3383867336109345
8.396349,1,5424.580133,True,True,0.00024240061209471835,2.7338600048182196
8.412166,4,5427.09763,True,True,0.011544064172710911,2.174826180214803
2.154627,12,5438.304004,True,True,0.0031636413241476913,12.338704617117843
9.908387,1,5439.646393,True,True,2.5970781081241512e-11,0.0025625681409067614
7.589865,2,5442.086075,True,True,1.4870203679517857e-10,2.914859445660066
5.161061,9,5445.7442,True,True,2.3165097186665304e-05,7.629394704656319
8.506233,3,5449.451642,True,True,6.200315402290178e-05,2.44546710319497
8.118526,1,5450.688335,True,True,0.011754082850401422,3.246483550479032
-27.107425,60,5493.10664,False,True,0.017399413880356436,30.79986255544972
9.908528,1,5494.310766,True,True,8.268234285831364e-11,0.002564411442606385
2.136249,2,5496.259313,True,True,0.0018469745705753174,13.780229349324086
7.089283,3,5498.79573,True,True,0.0008992745804232878,4.295136609739644
9.11578,2,5500.057744,True,True,3.0783769680949726e-10,1.499985717975241
8.696074,2,5501.936613,True,True,1.7155466806282062e-10,1.4466602870666196
9.591733,3,5503.078822,True,True,3.8362237502281395e-10,0.22083037110788806
9.557213,1,5504.275507,True,True,0.0026568713084174716,0.6412421534289223
4.548892,1,5505.385556,True,True,1.8070989905860646e-06,9.681000443653469
6.337329,2,5507.342293,True,True,0.0005804341203024102,5.9003260757288825
8.410487,9,5512.208975,True,True,9.446456307352038e-11,3.162552686323894
9.404994,3,5513.506357,True,True,2.2668704413586482e-10,0.5923270659201104
6.931669,2,5514.632388,True,True,0.0006674988533867069,5.970813249176792
6.119335,3,5518.504207,True,True,0.00518454636392067,5.360734628484524
7.364753,1,5519.68905,True,True,2.0992664384944783e-11,4.598035645328653
7.515098,1,5520.935555,True,True,0.004771074205009858,4.331956106906899
9.908582,1,5522.123815,True,True,1.3361558387492423e-11,0.0025628564175083526
7.927685,4,5524.040959,True,True,0.006248248171871333,2.66944359191162
6.30073,6,5527.177488,True,True,0.002289452916223766,5.720765210241931
8.258946,2,5528.365191,True,True,0.005966561792548427,1.7579879756445393
5.587419,6,5536.198906,True,True,2.9136156846428125e-05,6.647111244754214
7.56162,1,5537.322293,True,True,8.294966444887254e-10,4.241201868924437
0.841956,3,5541.928243,True,True,0.00016079909741706063,12.622155832825662
-0.648089,9,5550.840493,True,True,0.007352416032652258,13.643691614264338
8.158052,3,5553.237058,True,True,0.006119169447354982,1.4857868607757563
-6.829644,23,5570.870643,True,True,0.007670860400478754,15.632937761927195
-19.059548,60,5610.766963,False,True,0.04629788841393698,43.22189220954544
5.833602,2,5612.022319,True,True,0.00630962218620764,6.539584758208277
2.640737,3,5616.975742,True,True,0.0017033340848691056,12.826197441052127
7.488793,5,5622.772098,True,True,0.0005246645563625845,3.544538727137593
6.359491,4,5625.207933,True,True,0.00028092767740726943,4.522042327722966
9.375933,1,5626.39182,True,True,1.7687966623162842e-10,0.9624291986818819
7.520139,1,5628.24564,True,True,0.00020275789778950815,4.317971008115221
6.204506,2,5630.045413,True,True,0.004591641528100993,6.304988025658992
8.412809,1,5631.300533,True,True,0.005998963772025552,2.7121334252967677
7.118577,1,5633.187546,True,True,2.6718253998136987e-10,5.0428688929719705
0.632854,1,5634.349487,True,True,0.0030884733434704773,16.745312099536516
6.733052,3,5635.621169,True,True,0.0022732291315663094,6.277706592093243
6.738521,1,5636.733986,True,True,0.006231657782706375,5.733442824160628
8.591938,1,5638.051397,True,True,2.2154818618038514e-11,2.3815378282722746
-22.909212,60,5663.443329,False,True,0.011679983141136939,27.510771683412404
7.952829,13,5668.55826,True,True,0.0024248352869622484,2.2548667229057866
9.215504,2,5669.756324,True,True,5.362905718605433e-11,1.578072012816171
8.249869,1,5670.873178,True,True,2.4618142593912928e-11,2.999765436831215
6.552459,1,5672.08101,True,True,6.695850523347202e-10,6.064980053028451
6.724631,6,5673.364006,True,True,0.0015634248009387568,5.139504159397266
-22.757827,60,5709.073069,False,True,0.01699505137478108,22.8832351473159
8.174745,1,5710.360857,True,True,0.0002980681343158903,3.1323822711425997
9.294085,2,5713.235643,True,True,0.0008266435345910313,0.8175951850933121
3.514505,2,5715.532233,True,True,0.004732983573959999,10.868610613812132
7.39489,2,5717.90798,True,True,0.0005233656086094969,4.30011741054184
9.908578,1,5719.725723,True,True,8.698698942672149e-11,0.002570859749877085
5.350606,9,5729.633673,True,True,0.0016792077344362942,6.680226089792555
3.050368,32,5752.213665,True,True,0.0022516043461487337,7.089774885099353
5.838121,1,5753.384798,True,True,1.3799503780408551e-05,7.354459231747454
6.120312,1,5755.312043,True,True,0.005190774063232928,6.844582470223864
5.446607,5,5761.170519,True,True,3.886640932603935e-05,7.51005033127008
7.406997,3,5764.191994,True,True,0.0031782832862731415,3.705834537647057
0.997786,6,5767.949652,True,True,0.0062397338214720734,12.541962216476964
3.42883,6,5770.409115,True,True,1.5189855172023994e-06,10.635341206057692
5.575415,2,5772.815529,True,True,2.503665053055215e-10,7.5538856036781254
7.039904,1,5774.697195,True,True,0.008742718798577633,5.1934873801284525
7.906197,1,5775.746049,True,True,0.0033539769345932186,3.624316997255288
8.260324,1,5776.818838,True,True,8.75354981657558e-05,2.9809874940409387
5.991868,1,5778.690359,True,True,0.003957345987518457,7.080029323202964
-0.016349,13,5791.551017,True,True,0.00469765183895713,10.986947712464831
7.76854,3,5795.767741,True,True,2.146959636369246e-06,3.383834881988667
3.142136,7,5801.742138,True,True,4.398086756695306e-05,11.460863217479696
1.749721,2,5802.917493,True,True,0.011154172769404128,14.525982247848479
9.774033,1,5804.797976,True,True,0.0009325690707661476,0.24621255597497568
8.468141,3,5808.524432,True,True,0.004593376902679827,2.857735920914977
8.039872,2,5810.188808,True,True,4.3573397702560923e-11,4.0335380075130765
9.085468,1,5812.071924,True,True,0.0060671577834925175,1.4916804248137958
4.674709,1,5813.802134,True,True,5.7039448290032395e-12,9.453983738704562
8.249955,1,5815.525339,True,True,1.7986036444928022e-10,2.999610121995301
-35.391262,60,5851.024975,False,True,0.021458854446997758,84.11450122879495
8.060712,1,5852.928818,True,True,1.8501069324532718e-09,3.340998338532377
9.40022,3,5857.37103,True,True,0.0008800112257255059,0.334766140445936
8.261181,1,5858.604486,True,True,0.0001519278486702285,2.9778402253825242
3.939585,6,5863.056596,True,True,0.0047901811375822105,9.62237789777976
8.302376,6,5872.359477,True,True,0.00010244725253088093,1.5141699908229713
1.472568,2,5874.678624,True,True,0.0008462690443693799,15.090893537709066
7.118787,1,5876.328968,True,True,0.0003390638467991175,5.041512807920536
8.335915,1,5878.174526,True,True,2.7820106720957688e-11,2.843778946476436
9.371498,4,5883.539558,True,True,0.004932842622191287,0.8393389371611697
4.390255,13,5892.636087,True,True,0.004908038203797356,8.760427357796882
8.770823,2,5893.839115,True,True,0.005532285388958032,1.6274657050347812
0.675944,3,5896.227031,True,True,0.004993359896782493,16.357125484781466
3.591881,2,5897.660098,True,True,5.637448034305319e-05,10.332873111738486
8.749184,2,5902.008628,True,True,5.291469064569022e-10,2.2379286825454097
9.300575,2,5903.723396,True,True,0.009502274936067227,1.1653007105272226
6.680515,1,5905.032184,True,True,2.356420614191279e-11,5.830691100133299
8.972828,2,5907.254892,True,True,0.006245016794397838,1.5426288365263527
6.964287,2,5908.364388,True,True,0.007952385412642468,4.84188363332424
6.583509,2,5909.494817,True,True,2.322352958620405e-05,5.991408021505417
8.091618,3,5910.574456,True,True,7.609528990755504e-11,2.9836390845306067
9.905578,1,5911.644079,True,True,7.282673769593018e-10,0.00256448861484236
2.65186,1,5912.748701,True,True,2.4094551354103544e-10,13.103056737868702
2.296389,7,5915.190051,True,True,0.00022226765117378151,11.243101650671731
6.642775,3,5917.932018,True,True,0.006559316339404143,3.971599009128365
6.818443,1,5918.961362,True,True,0.005169242977934004,5.589335703308242
6.169556,2,5920.164514,True,True,2.7584547633618064e-12,6.613131967126678
8.162775,2,5921.455235,True,True,1.2516249855003628e-09,2.9999721236879293
3.9339,1,5922.870728,True,True,0.0011796670552277995,10.791445560973518
6.75743,2,5925.182107,True,True,0.008689262463581104,4.955440983070918
8.388686,1,5927.489437,True,True,0.008002132593604841,2.7578008770349896
6.738958,7,5934.840704,True,True,0.004670056515473679,4.669726753760965
6.244396,1,5936.101576,True,True,0.0008253765728177139,6.621908341735683
9.513805,1,5937.160646,True,True,0.00015424945304504218,0.7155164027212947
4.973512,7,5940.754506,True,True,0.004391563188009181,6.167340253906527
9.908216,1,5942.251522,True,True,5.417283704164994e-10,0.002563084939359729
3.52087,2,5943.338605,True,True,0.003440956896972164,9.935058273973125
7.308154,2,5944.463894,True,True,2.6614607350883546e-09,4.156294126644338
3.39182,14,5956.284016,True,True,0.004766688128091324,8.31635559290869
8.383923,2,5958.964486,True,True,3.1659103272990707e-09,2.9976060465919465
9.516009,3,5961.159251,True,True,0.000496403985062323,0.20108177263111038
5.459361,1,5962.446904,True,True,0.0061034779841881714,8.043239720285618
7.311651,3,5963.865702,True,True,2.475614296892914e-10,3.3327156908353714
7.864407,2,5965.253905,True,True,0.0021953575485365575,3.0746179885161777
2.108574,3,5966.49041,True,True,7.982055700907903e-05,13.839593160197701
8.618774,3,5968.898905,True,True,0.0010500346237691748,6.069574893502085
5.047034,2,5971.252887,True,True,0.0021934747115968417,8.009362091224649
9.087407,1,5972.654207,True,True,0.0001385423748147714,1.483507559825592
9.500083,1,5973.868169,True,True,0.0023968204613679374,0.7435114126182314
8.538918,2,5976.244782,True,True,0.0010395996087642512,2.3255799237973953
5.60532,3,5979.822926,True,True,0.0023727323599329435,7.505116518926967
8.459708,1,5980.919358,True,True,3.6105508888325937e-10,2.6203450426222283
4.476926,5,5983.65876,True,True,8.000966993813863e-05,6.734649249685546
8.2551,1,5984.821495,True,True,5.435929933112187e-12,2.990316823393863
5.589295,2,5987.221663,True,True,0.0027839613129413323,7.164583506146341
8.164888,4,5990.741397,True,True,8.039587186066193e-11,2.937237217175276
-14.003827,20,6003.786983,True,True,0.010031231502766259,16.328609029523392
6.866659,1,6004.943551,True,True,7.992325551375856e-11,5.497619320344824
8.38265,2,6006.115828,True,True,0.004410096981581944,1.8074491741151004
9.73902,1,6007.163997,True,True,1.9841273068976761e-10,0.3090466873270664
8.423029,1,6008.325753,True,True,1.4744526849463924e-09,2.6818697280963844
7.970887,3,6009.385095,True,True,9.328995536798593e-09,3.170409884549934
1.664325,5,6010.599705,True,True,0.005058159622207328,13.762344358651658
6.886742,2,6011.729727,True,True,0.005692211122818293,5.370468591854915
6.384083,5,6013.047279,True,True,0.004343422890771683,6.256646527842841
5.831671,1,6014.209488,True,True,0.006016859547996883,7.3714186835510365
10.324359,3,6015.3633,True,True,1.386758026120094e-10,0.058961885917961546
5.845013,2,6016.566219,True,True,0.005049790801003937,6.844953567817305
7.503569,2,6017.761159,True,True,6.090340974629002e-06,3.0467226330503876
8.137005,4,6018.93892,True,True,0.004808546814008471,3.074687312708006
7.906839,2,6020.129341,True,True,0.005272148713471189,2.461932212027386
8.081784,2,6022.334489,True,True,0.0008245701467780325,3.29431633952638
0.255402,2,6024.659572,True,True,0.004390431589060301,17.312102804015236
9.857391,1,6025.832766,True,True,0.0004103354972243194,0.0956816627276558
-38.374367,60,6075.725136,False,True,0.009189785306532496,20.75271624531496
6.067717,2,6076.97153,True,True,0.0001566445200640581,6.800055808355414
9.30374,2,6079.139981,True,True,1.155334089301003e-09,0.9365703020870757
7.568156,1,6080.444299,True,True,6.872678632233885e-10,4.230103419680524
-46.84612,60,6119.125283,False,True,0.026540135612615708,13.127738743066283
5.701093,1,6120.378514,True,True,0.006130005710795374,7.604448583693829
7.679458,2,6122.727741,True,True,0.0023425361120433877,3.242582817172525
9.856325,1,6123.974365,True,True,1.8848133006235413e-10,0.09702037415107678
2.373004,3,6126.423905,True,True,0.0003176142268840939,13.365466028842077
9.906668,1,6127.700946,True,True,2.772049395582954e-10,0.002563601775799907
4.80056,5,6131.343727,True,True,0.005458639975231881,8.052339998497278
6.587814,1,6132.52221,True,True,1.2678824845523108e-10,6.0002276692845165
8.292426,1,6133.77351,True,True,0.0008990404159147161,2.923978080498902
1.278397,4,6136.29803,True,True,0.003295486074838952,15.225341630918853
9.122846,2,6138.727812,True,True,0.0008270743032707561,1.3686811323894135
3.738362,4,6141.178906,True,True,0.00021849427886932202,8.669860854385854
8.668289,1,6142.343308,True,True,9.499798566637435e-05,2.2404532278856566
8.658709,4,6146.849033,True,True,0.004251367029994551,0.8790133596003552
6.15726,1,6148.074781,True,True,1.623764317448817e-11,6.777719510587827
8.321004,1,6149.984668,True,True,0.0004466615067547641,2.8690782837074256
8.629718,5,6152.130526,True,True,0.004203227131452145,0.8471249501893534
6.819306,1,6153.420515,True,True,0.0031909013264551575,5.586443551338925
8.254027,5,6158.077676,True,True,0.00010598086830833353,1.6575636347127207
0.829563,5,6161.584963,True,True,0.0005641307324526388,14.771586116948649
0.118262,2,6163.894296,True,True,0.001740419339119545,17.610773560304356
-0.976154,6,6167.653474,True,True,0.009857273974921123,16.40918735451861
7.501114,1,6168.900907,True,True,8.319352238216353e-05,4.352194050900015
8.752402,2,6171.266871,True,True,5.637529324663271e-05,1.3856580452453884
-7.066538,26,6182.795115,True,True,0.0028190065303646036,13.501749531155491
1.13169,4,6186.465491,True,True,0.007647763259562953,15.141509125033977
7.559989,1,6187.714826,True,True,0.01170367465087757,4.256910913455619
0.997546,1,6188.956947,True,True,0.005746429001853265,16.08924619884715
8.954879,1,6190.1173,True,True,0.005952889390665929,1.7331950822359132
-1.743822,10,6199.334504,True,True,0.004936136099203208,17.226935378030117
8.244111,1,6200.495393,True,True,3.355636563509318e-05,3.005635609671924
5.911986,5,6204.218046,True,True,0.008530118880117272,4.198847000360665
7.620995,1,6205.581623,True,True,2.531199057509376e-10,4.135604974784736
7.610936,4,6209.594918,True,True,0.0046607555217691495,2.691394261549463
7.908702,1,6210.809285,True,True,0.0011145192108976288,3.61689833081351
4.32738,5,6216.838444,True,True,0.00457880631844469,7.627590793445064
6.69587,1,6218.144481,True,True,0.011682971987311004,5.8141654875200475
-27.277418,60,6244.691962,False,True,0.009766935158642883,55.28206501038837
8.333271,1,6245.859308,True,True,0.00016094675168601413,2.846563827983532
9.746283,1,6247.081673,True,True,0.0011494323255437642,0.2965106310875472
8.825077,2,6249.639661,True,True,0.0025422437721160374,1.4792525532024225
8.361562,1,6250.90154,True,True,0.00017223088194092803,2.797977903877469
6.776541,1,6252.11019,True,True,0.003693986621971762,5.6635186016030445
0.949597,1,6253.40025,True,True,0.0004023437766473405,16.172851108851138
4.554031,2,6254.586729,True,True,0.0004659409453412729,9.65538496694815
2.467724,3,6256.974222,True,True,1.6512926072527467e-07,12.941200884561768
-25.176209,60,6300.216619,False,True,0.024173781875560008,19.2588556165103
9.694769,2,6302.758851,True,True,0.00019221659405470353,0.14289798667926537
7.512062,1,6304.181575,True,True,0.005700360219983915,4.338376299026213
3.194299,1,6305.462511,True,True,0.002558896456256063,12.126478010021879
8.448971,7,6311.597645,True,True,0.004235282794848201,0.8492452424818736
8.200666,1,6312.828481,True,True,0.0015702301485152534,3.0899654934950482
7.625606,1,6314.017673,True,True,8.769919512818802e-11,4.126600332030306
7.468559,4,6316.510105,True,True,4.043526624641913e-11,2.845063449880261
7.358711,1,6317.796124,True,True,0.00016304297815890545,4.608774836319904
-7.927154,23,6338.758772,True,True,0.0043153316218615045,14.873231030771406
6.663986,3,6342.204316,True,True,8.437030285935395e-06,6.518780953024517
2.067249,2,6344.629541,True,True,0.006473880859889938,11.396573677933219
8.42333,1,6345.709896,True,True,0.0033468869180352002,2.690424832540008
9.457573,1,6346.941679,True,True,3.945645199454617e-11,0.817290886825488
2.945698,1,6348.108628,True,True,2.078525207852011e-10,12.573097292058582
7.287583,3,6351.749976,True,True,8.132588054201619e-05,3.2065240395397727
5.831337,2,6354.435247,True,True,0.009390266295167534,7.399176255994019
4.752504,3,6357.133421,True,True,0.004798762857152931,8.666391037535748
7.803746,5,6361.84004,True,True,0.005392798306596483,1.7797349277396792
5.163537,3,6364.39648,True,True,0.0006981866810257305,7.3280647456754675
9.661987,1,6365.80089,True,True,0.0024381116971937,0.4516277692626091
8.720588,1,6366.85354,True,True,0.00024950292090838663,2.149449676082306
8.923733,3,6370.340875,True,True,0.005191990335208374,1.207728409599911
7.844617,1,6371.602747,True,True,0.005921936483615501,3.7325319716886822
6.715041,2,6373.779094,True,True,0.004593567578566853,5.638300821404919
8.256117,2,6376.334137,True,True,0.00132837708080162,3.1694679316123806
-0.314996,3,6380.261763,True,True,0.004316552617365333,16.074620809724482
-0.367347,7,6385.201537,True,True,0.006329504455666093,15.753656771264206
7.19013,6,6389.864507,True,True,0.006100481596292553,2.4152413538817368
6.193564,6,6392.240186,True,True,0.00042900267866954997,6.084340159319829
7.759611,1,6393.371698,True,True,0.0030914120818985443,3.8884649795944775
8.900589,1,6394.501215,True,True,0.004923304026388409,1.8237551862762758
7.596964,4,6397.886662,True,True,0.000546323727988407,2.6845960404782354
4.65586,1,6398.975482,True,True,0.00032941203368712715,9.488267600991106
9.871196,1,6400.11461,True,True,1.900490636838037e-10,0.07014031268720623
3.025664,5,6401.30848,True,True,0.0002749357413062653,11.670040871230935
7.206203,6,6402.59245,True,True,0.00022555737402880135,5.642775001286512
9.907098,1,6403.679652,True,True,6.875949645467093e-10,0.002562601563881628
7.092571,6,6405.046277,True,True,0.002569747905815387,3.3358103347342736
6.223367,1,6406.176532,True,True,0.002910215333821671,6.661836493010913
6.781229,1,6407.305519,True,True,0.010732765375402327,5.6613825833963425
7.922754,2,6408.622579,True,True,0.00014503265766018718,2.6144996283569846
6.371468,3,6410.975249,True,True,0.0030731058455502913,5.459994678569577
9.861329,1,6412.155006,True,True,0.0001999196094179291,0.08636420819607946
9.162004,3,6415.817053,True,True,1.1161500554491834e-10,0.7058875178172633
7.927996,7,6424.354335,True,True,0.002051491241568751,2.1637371753784103
7.893773,1,6427.146582,True,True,2.8075731819147617e-06,3.6429621260014375
-24.31046,60,6484.385749,False,True,0.011634959246108538,5.550427145619778
7.658999,8,6487.838623,True,True,0.00817480830558115,2.1248581597016734
4.041592,1,6488.927814,True,True,0.0007579288462815329,10.596850662408324
6.637045,1,6490.138383,True,True,3.615228411774085e-10,5.912274317511867
7.329709,3,6493.716166,True,True,0.00024110513992970067,3.0358648413672156
8.615109,1,6494.92401,True,True,0.004067739220324785,2.34489336010512
8.13911,1,6496.140678,True,True,0.004716476396662464,3.204655233893492
7.511691,2,6497.546364,True,True,3.1806637857457506e-11,2.9999493269802056
8.80961,4,6499.787278,True,True,0.0001292919158738902,1.5209357296718404
3.142556,4,6503.095575,True,True,0.00969404170292295,10.600512823465627
3.940624,1,6504.314697,True,True,0.005204521500835836,10.782227650412091
2.990479,3,6506.96794,True,True,0.004148630622280818,12.186623001247895
9.222646,4,6513.421954,True,True,0.006157358160095499,1.2334920054514718
8.107454,3,6516.960208,True,True,9.873279775131082e-10,2.9568253047881563
9.135613,4,6520.757488,True,True,0.000799053482036698,1.9369522847343192
7.976687,4,6527.121733,True,True,0.010014018156549395,2.6102945547152165
9.22414,1,6528.582538,True,True,0.005116164222608133,1.245698662569779
6.692318,2,6531.137441,True,True,0.009238825304276894,5.175525277625461
7.515731,2,6532.62618,True,True,1.1255205101257104e-10,3.0000510478160343
4.253139,4,6536.130853,True,True,0.011591789590668386,9.13414170487231
8.362922,5,6541.778433,True,True,0.0035922165114146143,3.4177406940334785
8.286063,3,6545.813993,True,True,0.0027772465392910434,2.206118368680141
6.802074,1,6547.520383,True,True,0.002469101866508789,5.616838580041859
7.795494,1,6549.325088,True,True,3.6753845615330887e-10,3.819922742627263
-17.462434,33,6576.971922,True,True,0.0005951512439548706,5.698311076418732
6.505809,3,6578.178684,True,True,0.003958642618489913,4.0668630463426325
7.869823,1,6579.431239,True,True,0.002852168057894594,3.687332473683746
7.109364,3,6580.64414,True,True,0.00889299770210594,4.3540797762754515
7.249116,4,6582.960119,True,True,0.002965717538738163,3.804538080359213
6.103658,3,6587.224538,True,True,1.4658190346985456e-10,6.618113185960436
7.972077,3,6588.459043,True,True,0.0031065806283591246,2.8227886301264977
7.413779,2,6591.003051,True,True,0.0014172454250340075,3.9660566621718973
8.990857,4,6595.62121,True,True,0.002823155131009403,1.6675702924063531
3.262346,2,6598.207438,True,True,0.0020989450006360594,13.36856413290658
9.010206,2,6600.91823,True,True,0.005975102152752049,1.4790686626109013
8.334543,2,6602.112133,True,True,0.00898296440502858,2.1559821173181546
2.239789,1,6603.368341,True,True,0.00010389226635743715,13.846273910178784
4.448949,1,6604.550963,True,True,0.002582176519832521,9.863372000195943
9.682996,2,6608.278231,True,True,1.3903165807311467e-09,0.4077842254670158
6.322977,4,6613.081874,True,True,0.005667204408474929,4.710721849212762
10.317145,2,6616.785218,True,True,0.00030401935828015814,0.1915881006031096
8.90303,1,6618.643146,True,True,0.0029627850643858837,1.821386777351219
7.266379,1,6620.162042,True,True,2.9434830633836076e-05,4.7760172856213465
9.726663,3,6622.693548,True,True,2.692852885122221e-11,0.0025623516632546275
6.511047,5,6625.502642,True,True,0.004685215275215144,6.30658511222134
9.101487,1,6627.030063,True,True,0.0008825495251443574,1.4623532858949144
8.152917,3,6628.470796,True,True,1.0522602374194293e-10,2.8676708757774843
7.219452,2,6630.882882,True,True,0.004613092845930618,4.649738496758947
8.716595,2,6633.453317,True,True,0.00016385340298637197,1.9331640612669714
3.19639,2,6636.113135,True,True,6.763961365585311e-05,11.994931460471555
7.54429,1,6637.334408,True,True,2.8164791034580057e-09,4.27412982093823
0.114744,4,6642.468569,True,True,0.004661595023518704,17.335380835890934
8.200226,1,6643.789491,True,True,0.00025437828341788593,3.0868682564937657
1.856734,3,6646.479757,True,True,0.001261828353966838,14.33260392816181
2.877511,3,6650.166512,True,True,0.001063163969459156,11.366205822480524
1.604834,11,6658.860896,True,True,0.006986359885956239,4.041528875199681
-50.560389,60,6710.948202,False,True,0.0342382002185666,10.98551478825394
-25.086132,60,6767.981005,False,True,0.013554769974240658,11.27806420910024
6.181769,1,6769.338078,True,True,0.00011464693883197347,6.7342666796482336
1.449336,4,6774.828973,True,True,0.004593831370503816,13.71060810826275
6.851363,3,6779.189656,True,True,0.0013511746092413658,5.439176019903803
2.974992,2,6781.762153,True,True,8.841874107878844e-11,12.320045835670888
8.631053,4,6785.159215,True,True,0.005855146501755924,1.7328363825338737
8.249779,1,6786.410428,True,True,6.950879697214719e-10,2.999928519575953
7.104747,1,6787.581903,True,True,3.8663786243385914e-05,5.067881784290596
8.100148,4,6790.775224,True,True,0.00016476727507389608,3.023510091739375
7.666368,3,6794.979698,True,True,0.0032533875094135356,3.383042349731058
8.06992,3,6798.157691,True,True,0.003246250697156724,2.268583977211459
1.331417,11,6801.299024,True,True,0.0024048022936162972,13.733795967465506
8.248914,3,6804.456725,True,True,0.004070860195757647,2.2104183692683974
7.267652,2,6807.208295,True,True,5.034833742165179e-05,4.200142566856753
8.745746,3,6809.184245,True,True,0.00673306154756851,1.4091283038979245
9.382711,2,6811.334416,True,True,0.0007980945997430859,1.335644123317825
-0.004209,3,6816.011006,True,True,0.004900496744476998,17.500923489138426
5.141208,2,6819.070951,True,True,0.00472001418672746,8.174376870822591
1.80073,2,6820.840683,True,True,0.004367670416658105,14.3283771295689
5.619071,6,6826.62855,True,True,0.0023472135280225457,6.521775042985279
5.422482,1,6827.645214,True,True,0.007070523454192106,8.11053785654169
6.727592,4,6831.090234,True,True,0.004815146037294767,4.7866090239300325
9.132476,1,6832.462287,True,True,0.005934903800605887,1.4104866335622275
-7.632732,23,6852.577324,True,True,0.00492032534614431,16.737177694127155
9.455995,1,6853.808801,True,True,0.004077787447167528,0.8259618260096881
9.067103,2,6856.121777,True,True,0.005903749151077515,1.4055327995252798
9.052182,2,6858.312948,True,True,6.258078982510946e-11,0.9599875964204057
2.001267,2,6860.569801,True,True,1.0905102983821413e-09,14.133229007448142
9.441428,1,6861.655251,True,True,0.004216890837825662,0.8511605931567897
5.470679,4,6864.128978,True,True,0.003607414066384525,7.627718681351853
7.938508,5,6867.51803,True,True,0.0004724380133714172,3.847186701054146
8.246836,1,6868.651692,True,True,1.4026695083213525e-10,2.9999971341170597
7.157052,3,6869.859071,True,True,0.0012001726722543488,4.329098760500162
7.082361,3,6872.201761,True,True,7.490146003430453e-11,4.219183644354365
-6.903909,23,6886.229275,True,True,0.00027033528238402157,11.260937587195164
7.145195,3,6889.620434,True,True,0.005072149068851839,4.210562389047212
8.848212,1,6890.749848,True,True,0.0008795001252412302,1.9199502933807775
9.012321,3,6892.993238,True,True,0.0013777400902700524,1.3132465580852306
9.661336,1,6894.154255,True,True,0.002116932131449042,0.4518136228029963
9.127847,2,6895.252966,True,True,3.2976016472743346e-10,0.894330366437415
2.073117,2,6897.589264,True,True,0.002569487751452281,13.92122911841107
7.152693,4,6899.856473,True,True,0.0026955000173843613,4.419060035528743
3.063647,3,6902.182598,True,True,0.0012050217859879558,12.11084750622351
1.510358,4,6904.551962,True,True,0.001033966757394011,11.451653275658751
7.573036,1,6905.527753,True,True,6.671735414347489e-10,4.2207609608117975
9.51535,3,6908.88976,True,True,0.002293435432650908,0.9866105419300927
8.274006,3,6912.075009,True,True,0.0023709568993787004,2.535364626248594
8.78112,2,6914.369302,True,True,0.008420830345954707,1.8578815255174301
3.378878,17,6923.199147,True,True,0.00021279990586286351,8.88456534296445
9.018517,2,6925.309284,True,True,0.005519861105817007,1.3850937600244075
2.865481,9,6930.832717,True,True,0.004091975789748695,9.239487448191639
8.236525,1,6931.89554,True,True,0.00047232195691676343,3.024440374690781
2.511977,2,6933.077187,True,True,2.641317542488716e-05,10.991888884456653
8.607913,1,6934.286539,True,True,6.793852688291523e-11,2.352695157271503
6.867654,1,6935.463854,True,True,0.005053899055029176,5.497362966877132
8.964216,2,6936.558449,True,True,0.005780337751350939,1.536749773530315
7.756853,4,6940.989876,True,True,0.0023766386392278715,4.666336413638542
9.066852,3,6943.432762,True,True,0.004217551263752585,1.070542238734033
8.896157,2,6945.974602,True,True,7.598574068233697e-05,2.105543399533223
8.4549,3,6949.330348,True,True,4.058602746140685e-06,2.0009345619985877
7.660484,1,6950.466969,True,True,0.005236206935359741,4.064793021952409
5.397329,1,6950.620838,True,True,0.004192516614477615,8.153104476301474
9.905443,1,6952.085201,True,True,1.117087046794693e-10,0.0025710329840966384
0.916112,8,6956.855018,True,True,0.0004271110923023949,14.584859023135605
-45.008128,60,6978.450288,False,True,0.0232359257140956,8.042170934450505
5.969932,5,6982.763599,True,True,0.0052550658851926585,6.556991429172956
8.195467,1,6983.94027,True,True,0.0013003396586008175,3.0995827465600603
8.162923,1,6984.96976,True,True,0.0011288484963243495,3.1551475053573035
3.37193,6,6990.359783,True,True,3.419632567490036e-05,9.863348382927288
2.442135,1,6991.615525,True,True,0.002909613579425957,13.483155321087734
8.571141,3,6994.853234,True,True,0.0028586492814368565,2.21236211217908
8.29447,2,6997.866976,True,True,9.249329496752168e-10,2.744034201922545
8.435543,5,7001.370911,True,True,0.004786523603669804,2.355552063152756
6.646799,3,7003.641243,True,True,0.00023035235374882826,4.095505720126022
7.749403,4,7007.046675,True,True,0.0030318823284043992,2.4741562197683
0.401189,4,7009.425496,True,True,0.007194218634393244,14.727571991197689
9.292283,1,7010.562588,True,True,0.00032191013716088325,1.116853819553281
7.712664,1,7011.729352,True,True,0.004771744433500464,3.9745925851517523
7.934961,4,7013.890082,True,True,0.009126851377034756,2.5211491073424614
9.44534,4,7017.751924,True,True,0.0001235552841122451,0.7858388908397277
2.595966,4,7020.271055,True,True,0.002542718750483247,12.588212353123629
8.236789,1,7021.561086,True,True,2.0497016241563018e-11,3.018071490992647
7.794406,5,7026.120031,True,True,0.004808304041433902,3.9342519657048483
8.817307,6,7031.351108,True,True,0.0016854726674716825,1.918285801197931
0.266818,17,7046.925556,True,True,0.006303041136861087,14.884772150051717
6.87203,1,7047.959794,True,True,0.00011300918710982055,5.488144780427867
9.815399,1,7049.100279,True,True,0.00015176803413247738,0.16618079103294195
5.893318,1,7050.193834,True,True,0.010673644802359165,7.261851669541416
6.243448,5,7055.963307,True,True,4.5791102961145635e-09,6.224394427134072
7.04436,6,7061.739705,True,True,1.8778546348420757e-10,3.092919473709806
6.179391,5,7066.818909,True,True,0.0008101660218284533,6.241159816002487
-42.766394,60,7122.8599,False,True,0.02220282038706108,5.902577679961598
5.948888,2,7125.69399,True,True,0.005172257527813336,6.205192708265562
8.285111,4,7131.345977,True,True,0.00998935869051465,2.4906056889882295
3.527994,1,7133.041037,True,True,0.0005858903175486293,11.523210962474268
7.871344,4,7136.615084,True,True,0.0029069816875762593,2.7260803584210347
6.972233,2,7138.58585,True,True,0.0044014507136589665,4.971122394627089
9.049675,1,7139.879149,True,True,0.0059850099800966595,1.5620508528504533
7.903828,4,7144.327886,True,True,0.005992572479303904,1.6838958944518898
8.822945,1,7145.534353,True,True,4.0959515574048866e-07,1.9644763042701678
8.282142,2,7147.51806,True,True,0.00597085437237379,1.4157178716543826
7.792712,1,7148.762316,True,True,0.00027157337237447565,3.824775556532577
8.757772,1,7150.18918,True,True,3.513872046364565e-05,2.0816079640886693
6.730449,2,7152.796831,True,True,0.005983710202454849,5.180006042430769
9.71205,3,7155.434376,True,True,0.002884929237758238,0.7064063114967608
8.400466,2,7156.943244,True,True,4.759640945262156e-11,2.999331903311144
-43.876509,60,7197.218272,False,True,0.023322380689199798,15.445967904053047
1.434271,8,7205.876773,True,True,0.009640464907539706,13.173662275232202
9.906149,1,7207.25241,True,True,4.195379113558495e-11,0.00256253969547839
1.849384,5,7211.538449,True,True,0.004674235942120521,13.285705109193366
7.513774,1,7212.913402,True,True,0.00455919176617247,4.329605369697329
6.814583,1,7214.147117,True,True,7.527639039883738e-09,5.591365343442977
-32.069078,60,7253.937719,False,True,0.022986227754114668,19.370333534124857
6.440275,2,7255.111142,True,True,0.011366017378427231,5.647736915582822
9.079815,1,7256.470322,True,True,9.78669218063744e-10,1.50001555453366
-7.60974,16,7265.96025,True,True,0.009945675313473332,1.858879472418777
8.866658,5,7271.547727,True,True,0.002222602665368003,1.168455667219294
9.155763,2,7273.50324,True,True,9.033711061840963e-05,3.6182632485822386
-36.455218,60,7321.839847,False,True,0.014503740213615696,27.22517910672802
6.724415,2,7324.346258,True,True,0.005946736138750151,5.45819442282695
9.474363,2,7326.876589,True,True,0.0004534453720073939,0.5614643776567296
1.465154,4,7333.085569,True,True,0.004587644710554603,14.757715658127651
-1.356202,28,7350.454216,True,True,0.0025234285664129897,14.976371977678507
6.631638,2,7351.627989,True,True,0.00989595283077874,5.556528336361277
9.080027,1,7352.706269,True,True,1.4526230093172215e-12,1.4999680603526808
8.55195,2,7353.886138,True,True,0.008477104380376743,2.273817201848642
8.248756,1,7355.091106,True,True,3.0275012639175744e-12,2.9999972204446967
-20.244816,60,7377.965313,False,True,0.016159122536019893,24.564303250233042
7.382096,2,7380.709614,True,True,0.004631322756006236,5.918186538152507
3.666093,7,7389.854125,True,True,0.004835603739978477,7.450492778849111
7.116286,4,7394.276356,True,True,0.003219431024424329,4.181601673455364
9.7964,1,7395.386743,True,True,0.0003940368290510062,0.20563114132622212
1.302726,1,7397.031249,True,True,0.004135118319207885,15.538251318654401
5.365371,2,7398.709432,True,True,0.00425378410535083,7.616282565426613
3.584069,9,7405.731921,True,True,0.0025618555286771746,8.001828440167456
9.881628,1,7406.88401,True,True,8.56408388808686e-10,0.050901262862913896
8.328218,3,7409.316878,True,True,0.005262657148587285,2.050505283012754
8.184543,5,7412.050673,True,True,0.0059558356797658404,1.6961755520324555
9.011032,4,7417.583436,True,True,3.249837110719245e-05,1.5098271893439212
5.718196,3,7418.882028,True,True,0.005699547784051781,6.118955724363982
5.778865,6,7421.258847,True,True,6.557977925501348e-11,5.909333959544355
4.875462,3,7424.791926,True,True,0.00019704859437876324,8.762613018742186
8.657577,2,7425.986711,True,True,0.0032636112950410363,2.313156940014982
8.49192,1,7427.147614,True,True,0.005401923886898419,2.568614848299984
6.736889,3,7429.561454,True,True,0.004810668834938803,3.6372279958280678
9.901379,1,7430.75554,True,True,6.601290209026778e-05,0.015183732076502534
8.450585,1,7432.266357,True,True,0.0026055118480374276,2.6403346844606
8.376119,1,7434.062361,True,True,0.00245151928456714,2.774651056158981
9.313744,2,7435.240874,True,True,0.0003534697871283435,0.9221194040860743
8.347104,3,7439.182256,True,True,0.0046551142866667755,2.3730533527094835
8.249507,1,7440.33471,True,True,6.568802790483456e-12,2.999987035007875
9.078129,1,7441.894288,True,True,1.367553708263944e-10,1.5033968408914242
8.636386,2,7443.082471,True,True,0.005177276937876454,2.159028091734641
7.429309,1,7444.837781,True,True,0.00022338061291797467,4.479606754061006
9.954511,3,7446.471875,True,True,0.00023047921124328958,0.13744305536137386
7.98272,3,7448.719503,True,True,2.432027995421908e-05,4.191298291734795
3.14144,2,7450.145745,True,True,0.00010014304772083577,12.100748697287179
8.871331,6,7452.610097,True,True,1.1483453445463969e-05,2.241523492653203
7.291698,2,7454.273462,True,True,0.004727968970262415,3.847473051881921
8.582217,3,7455.542193,True,True,0.0003256675796833586,1.6700917367672101
-13.709163,60,7503.769224,False,True,0.004348863328153648,39.19013881869252
8.180796,1,7505.363693,True,True,0.0008030886368122781,3.1231279812606454
8.359617,4,7511.62558,True,True,0.004830106050482363,2.26457754470681
7.973667,1,7512.79004,True,True,0.00025400361887212514,3.49895750663819
3.224617,1,7514.322299,True,True,1.264092511221726e-10,12.070013606732422
7.681786,1,7515.87229,True,True,0.003071403446543466,4.029153351675673
6.712881,1,7517.391695,True,True,0.0009897451083744349,5.775192094495739
7.469307,2,7518.589639,True,True,0.004584021612122099,3.286923227730353
8.099229,2,7520.207593,True,True,0.00418499722464957,2.404645879045075
9.908058,1,7521.773591,True,True,3.1034160471682973e-09,0.002568289351735795
8.521438,2,7523.29729,True,True,1.1428625407150506e-10,2.120255964886548
5.551721,1,7524.980199,True,True,0.00018057138427961684,7.871520874637995
7.169108,1,7526.082401,True,True,4.149848160715872e-06,4.951630480247723
7.648902,1,7527.171937,True,True,0.000837017859080982,4.0852706015214935
4.32852,11,7529.730759,True,True,0.0008875250080190005,7.3532841848701205
7.553197,1,7530.869885,True,True,0.008518827546719487,4.265125148470593
5.352833,2,7533.623683,True,True,0.0009387904835063132,8.095181880478961
9.151946,1,7535.146854,True,True,0.004468875980370227,1.3751085234800806
8.249813,1,7536.332655,True,True,9.0379854993154e-10,2.999866279008166
9.906716,1,7537.904402,True,True,8.904140191186641e-12,0.002567369755294782
8.048029,1,7539.340005,True,True,0.0032914981588651887,3.368131544262142
7.547764,1,7540.945214,True,True,0.009888199117685174,4.277616909527689
9.906022,1,7542.600341,True,True,9.366736691829303e-10,0.0025741717186388486
4.954778,1,7544.228814,True,True,0.0002771608512931161,8.948856953108772
5.293882,1,7545.906333,True,True,0.00032658376313234597,8.336971215228369
8.684451,2,7549.297421,True,True,0.00028915004897683925,2.13346645897846
7.405577,3,7552.51786,True,True,0.0041967821796764886,4.6509661233123865
8.249677,1,7554.404653,True,True,2.2922056896860953e-10,3.0001135536405017
9.534022,1,7556.063842,True,True,0.0036427138323925634,0.6840439265363985
4.555428,2,7557.670281,True,True,0.005462650393078503,10.21759298177654
5.71396,1,7559.307959,True,True,1.2492330018628109e-05,7.578554796249561
0.890009,1,7561.010339,True,True,0.00037030473567251044,16.280265636148723
8.98951,2,7564.335697,True,True,6.460716807411049e-11,1.091711873774765
9.908128,1,7565.970866,True,True,1.8575113808205757e-09,0.0025624021573778574
9.804949,1,7567.611359,True,True,0.0003019252255388044,0.18500907273201242
9.908214,1,7569.307985,True,True,1.0065682305132332e-11,0.002566401261045723
8.532054,3,7573.984489,True,True,5.874279838599672e-11,1.5830756695977837
7.692982,2,7577.069338,True,True,3.330262583062238e-09,2.835130305417674
7.262873,1,7578.841577,True,True,0.004611346660836843,4.7871313521114525
4.300941,2,7581.06229,True,True,0.0038626564389275704,10.00747338971715
7.833469,1,7582.68433,True,True,0.0025180303521831595,3.754198276001456
9.908305,1,7584.366812,True,True,3.4611702393050336e-11,0.002568873384931912
8.29009,1,7586.066063,True,True,5.0489111188239955e-05,2.9222606132438913
8.185788,2,7587.886732,True,True,0.011471458961330852,3.014651422999786
2.742792,3,7589.47227,True,True,0.005822592228480775,11.191155023770117
5.630041,2,7592.904221,True,True,0.004670979557376317,7.093509508206246
9.88628,1,7594.430482,True,True,2.814755015990121e-06,0.04288029999251824
5.184884,7,7597.681057,True,True,0.00444521300626151,6.998571086958986
-14.607269,60,7635.466099,False,True,0.010047546738126132,29.241788946017017
-1.599023,7,7643.533152,True,True,0.007800103529159782,16.81466348679364
6.198874,2,7646.720101,True,True,0.0041027159593474555,6.232346985445577
8.053406,1,7648.137809,True,True,3.5836834606659727e-06,3.354638919532927
9.194253,1,7649.717132,True,True,0.005548230211539176,1.3002763160332238
8.250302,1,7650.820498,True,True,4.401077766114092e-11,2.9989839343747824
9.908196,1,7651.97411,True,True,1.490756365574164e-09,0.0025630924758254328
9.533426,2,7655.130257,True,True,0.0028606019373832326,0.7495569803026734
6.912458,4,7658.977801,True,True,0.005330695306984253,3.1552446697276286
6.022046,2,7661.600001,True,True,0.0009909665550471587,6.885742514205076
7.72367,2,7664.90963,True,True,2.7299759675081248e-11,2.804032749764535
8.609286,3,7669.777159,True,True,0.0013961292920514536,1.5475767572104238
5.199164,2,7672.954726,True,True,0.005898072586020112,7.57579548100416
7.336418,1,7674.605954,True,True,0.005198023520466125,4.650861178101757
7.285244,5,7682.303594,True,True,0.0045892827141679636,3.8906368755842893
7.640842,1,7683.851444,True,True,0.005626132115010854,4.105253559317359
7.557204,3,7687.27417,True,True,0.0045675766958840095,4.468127355952087
6.674001,1,7688.816528,True,True,0.0006483683069578063,5.8462169305934015
5.64024,6,7694.799782,True,True,0.005030134184070195,5.534134898968537
8.393369,2,7697.801693,True,True,4.5323060123272485e-11,2.692958979445422
8.710482,1,7699.48883,True,True,7.95961147425717e-06,2.1667463345502607
8.199682,1,7700.999661,True,True,0.0009674691059420419,3.0915774437351766
1.930039,1,7702.680317,True,True,0.0008696172024555329,14.405323141660242
9.835812,1,7704.206127,True,True,0.0003210853246719156,0.13010083271600834
9.035214,3,7706.986567,True,True,1.0758317112112323e-09,1.4111722802614668
9.943536,3,7711.124111,True,True,0.003556335520662794,0.6813232059525959
7.634827,2,7714.385638,True,True,0.004195468486711519,3.932805746611875
7.58949,1,7716.0335,True,True,0.004997935314474393,4.1978850928346585
7.41857,3,7720.273613,True,True,0.000330126834664182,3.047793480973746
6.693505,2,7721.817567,True,True,0.0047171409503456154,5.260891900500542
9.576508,1,7722.917903,True,True,0.0026740920131735945,0.6062061194474516
9.86942,1,7724.082119,True,True,0.0002750878255187379,0.07211320161938747
9.076516,1,7725.617483,True,True,2.8155763831527736e-10,1.5000127586099048
9.080896,1,7727.112564,True,True,2.3078480029803394e-09,1.4983978359562586
7.98042,1,7728.331289,True,True,0.011879144060365408,3.4968465951464642
7.289546,2,7731.480018,True,True,0.004943894219083431,4.919136087959135
4.127559,1,7733.163757,True,True,0.0027033091050873395,10.443240752595115
8.187009,2,7734.780006,True,True,0.004238681856812669,2.606553205559709
3.058636,1,7736.45257,True,True,0.004287076275373537,12.3722813109206
7.204976,1,7737.715328,True,True,0.0025328980794995064,4.889544680530593
7.019634,3,7740.183531,True,True,7.957933548940014e-11,3.66804401257345
4.94761,1,7741.331005,True,True,0.004718536304601274,8.96541282521931
8.282973,1,7742.447267,True,True,0.007043767889526064,2.9479663386313417
8.233273,1,7743.932538,True,True,6.16154140556744e-05,3.028496065296713
9.904863,1,7745.552738,True,True,2.0810995288167433e-11,0.0025624591932048107
7.900974,3,7747.105491,True,True,3.5466008502172016e-11,3.184673880513208
5.640862,7,7751.150502,True,True,0.0003831469525586509,7.477538104517567
-24.631882,60,7816.847728,False,True,0.024387173070290983,24.607261995727715
7.62678,1,7818.5013,True,True,6.542685374898653e-05,4.122358815880841
9.870381,1,7820.210926,True,True,1.076585967992559e-05,0.07140866720180297
9.262437,1,7821.855907,True,True,0.0029505847925231504,1.1734000462679701
5.228588,1,7823.668051,True,True,0.0006069204902271925,8.455047504220742
8.152787,5,7828.821539,True,True,0.0020989881509036975,1.6221334696636498
9.729742,3,7833.55033,True,True,7.162286447620723e-10,0.0025735507924750283
8.70419,2,7836.852088,True,True,0.0011626664063615628,1.8262874957885251
4.745342,3,7841.383043,True,True,0.010007089552223382,9.081290499098753
6.402845,4,7845.832852,True,True,0.008934537436738133,4.311434994092031
6.38013,1,7847.055558,True,True,0.0008160996397469783,6.376886459777586
6.423034,2,7848.270452,True,True,0.00030508240211928864,6.126163636085988
7.206782,4,7853.87716,True,True,0.009367839839572435,6.672114932515005
1.339489,7,7864.66662,True,True,0.003704568680410216,14.186362097976463
-23.168935,60,7899.57727,False,True,0.007394342089589646,5.213763852353912
4.999302,2,7901.783232,True,True,7.496269750772999e-10,8.96881689899538
9.697401,1,7903.411296,True,True,0.0009594916399897081,0.3845401364060273
8.759492,1,7905.047727,True,True,0.00549248025846677,2.0815259307684153
8.874243,1,7906.628036,True,True,3.696903145628988e-09,1.8709185002385498
8.439855,1,7908.38569,True,True,0.002565902543692819,2.6596684936073425
8.884458,2,7910.024603,True,True,3.267373568196014e-11,1.2700492724684391
9.197853,1,7911.654818,True,True,0.004286072652278857,1.292055193102905
8.045298,3,7915.266206,True,True,0.00031972500991019943,3.0206832715812477
8.325524,2,7918.033915,True,True,8.121145665688494e-10,2.868129775461218
7.487444,1,7919.283037,True,True,0.00010743634073814845,4.37406664217517
4.79107,1,7920.76399,True,True,0.009592842476348923,9.25137934315424
0.029868,2,7923.139643,True,True,0.003314197656973855,17.911793895149927
8.248746,1,7924.835922,True,True,3.3106719161422145e-09,2.9998547126748583
1.863081,5,7931.70329,True,True,0.0029443282020411923,14.41687064798859
9.193092,1,7932.862499,True,True,0.00551954242852741,1.3020920790072494
5.155372,3,7937.203753,True,True,0.0057672061113412665,7.4637817468049965
7.165863,3,7940.704164,True,True,0.010756852243714851,4.316610239819248
1.987554,12,7951.940305,True,True,0.000997050909567639,12.685468102538719
8.274868,1,7953.510834,True,True,0.0002360129854649673,2.9488974416636973
7.524996,2,7956.202844,True,True,3.8384640051044536e-10,3.0000000666076088
8.338606,3,7960.096123,True,True,0.0057177935742798594,1.3322906980595914
5.342836,4,7963.290667,True,True,0.00030639805160710687,6.581345640177061
8.692638,1,7964.592348,True,True,5.207144429279379e-10,2.199900637451944
1.978566,7,7971.441242,True,True,0.009027780710978883,12.889104419901456
5.812235,1,7973.106926,True,True,1.5006314105208557e-06,7.401169255781279
9.908572,1,7974.731261,True,True,2.151634773128741e-12,0.002581822093932358
4.808218,2,7978.141268,True,True,0.0004952242874970269,8.884701411082226
9.172956,1,7980.072305,True,True,0.002495974989560043,1.3331441134372857
9.492219,1,7981.623152,True,True,1.3934848179028446e-10,0.754747465344571
5.748824,4,7983.866587,True,True,0.0047472442541116825,7.471565014670466
8.568725,2,7985.004608,True,True,0.002051730041088153,1.939038322862286
7.03145,2,7986.258656,True,True,0.008950680978090196,4.151424234434942
8.249556,1,7987.467183,True,True,8.48086739724252e-11,2.9999698758159488
-41.515044,60,8019.381483,False,True,0.008061968832602837,18.529863282077812
1.151677,1,8021.238983,True,True,5.3524116783417244e-06,15.808282187615704
8.132411,1,8022.917086,True,True,0.0001216607302959409,3.2120782657548435
4.620773,1,8024.053124,True,True,1.3566380387980241e-05,9.55131360942533
-2.056778,17,8043.881487,True,True,0.009705312004537898,1.3454459617522934
8.854242,1,8045.507379,True,True,0.002361344459299128,1.910329180836588
9.850927,1,8047.108315,True,True,6.09040093896088e-11,0.10533523762380362
3.230962,3,8051.546415,True,True,0.0024112606117890675,11.808091291746804
7.090953,4,8056.44517,True,True,3.1974456415895247e-10,4.192703659457245
5.775259,4,8062.794724,True,True,0.0024880888173871643,9.005412959873189
6.769584,1,8063.962052,True,True,0.0012927242239822254,5.674312634175685
9.908375,1,8065.049007,True,True,1.0275015845799626e-10,0.0025669040831011896
6.506423,6,8069.325228,True,True,0.00441655477106522,3.5346164048675868
3.367261,2,8070.577089,True,True,0.0022910441296632314,11.57538594852098
8.849795,1,8071.743633,True,True,0.0001324615734910467,1.9121551315524263
5.096703,1,8072.864489,True,True,0.0018838636510311413,8.693611589634175
7.728232,1,8074.049951,True,True,9.352842791909843e-09,3.9379424827669216
7.405303,1,8075.68701,True,True,0.005431421027738939,4.527368408906266
4.225826,1,8077.275898,True,True,3.4811442096993606e-10,10.26388519851954
7.936938,2,8080.710731,True,True,0.0028833236351813686,4.122870031889903
9.646056,1,8082.333122,True,True,0.0024250051961111985,0.48039870954528413
8.134097,2,8083.992705,True,True,0.007101105181495107,2.6122127535485826
6.634847,8,8091.264336,True,True,0.0023080807386420942,4.729056913506234
-4.156167,18,8102.779755,True,True,0.01191845823899381,15.21275670234889
9.077073,2,8103.861455,True,True,0.006512113577508466,1.317927403196979
8.570245,1,8104.990019,True,True,2.58852193979575e-10,2.420885493583996
9.319904,1,8106.130567,True,True,0.0036750744112918313,1.0707079362657612
7.152139,12,8112.449924,True,True,0.00026024818347832046,3.1144476910103664
8.221606,1,8114.210966,True,True,4.143536471871816e-05,3.050869096083451
7.840325,3,8115.857594,True,True,0.004753283072674685,2.0555780812992475
6.696792,1,8117.440687,True,True,0.002421043395979634,5.806843867804153
2.869374,1,8118.663019,True,True,1.8679219455919327e-10,12.710757580201408
9.659386,1,8120.360765,True,True,0.002459312346693763,0.4563577004406799
3.650499,4,8123.725657,True,True,0.00421463718201697,10.284901244996924
0.181358,12,8137.767667,True,True,0.004279474769142947,6.63268659163504
8.293443,1,8138.939373,True,True,1.3769177117928244e-10,2.921025653307352
7.850278,1,8140.618248,True,True,0.0060154779877178875,3.724127051805015
-19.943098,60,8196.221918,False,True,0.007373353705599474,8.16232168914806
7.962115,1,8197.970673,True,True,0.0004642343731666913,3.5196863918821197
7.71302,3,8201.876016,True,True,0.005258964508234279,2.669899413574925
7.759162,1,8203.427301,True,True,0.005039239832118849,3.8910969992890894
9.906345,1,8205.118585,True,True,2.687336464468615e-12,0.002563778059308009
6.044583,1,8206.820853,True,True,0.0048409819141948755,6.9862219803255465
9.906491,1,8208.031524,True,True,8.93802393209242e-12,0.0025628315305754835
8.177952,3,8209.830631,True,True,0.0037315586981816204,2.6574315213859334
2.756403,1,8211.415287,True,True,0.004903114901661624,12.917687760098524
6.388952,1,8212.572152,True,True,0.005794206519803856,6.365610631203166
9.36742,1,8214.287399,True,True,0.004541921998915177,0.9865632823112149
6.093797,1,8216.000186,True,True,9.913994972188256e-11,6.892951095708038
8.800495,1,8217.307371,True,True,0.00018728622582787902,2.001579629234003
6.951231,3,8219.771904,True,True,0.004417528340306112,4.640993281416631
7.693854,1,8220.943549,True,True,0.005026844136011677,4.008632958977678
7.566835,2,8221.970883,True,True,2.0338280397203673e-06,2.948250256560094
9.07524,5,8223.659896,True,True,0.006990485030638814,2.2176445276236074
8.224644,2,8224.835614,True,True,0.0023930269941042,3.234509311871308
7.198578,1,8226.006752,True,True,0.0029930988445310905,4.900892322693681
7.307082,1,8227.609991,True,True,0.005298611894120719,4.707391691582932
1.25638,1,8229.234014,True,True,0.0007343587977661392,15.619920455258724
8.844122,2,8231.079247,True,True,0.002987720452730699,1.4137787727133624
2.850624,2,8232.700263,True,True,0.0010679551990924914,11.948482499807596
9.492004,1,8234.453924,True,True,4.1371101442302176e-11,0.7551367050921091
3.554734,3,8238.375158,True,True,0.0009200142697300532,11.040307220170742
7.550582,7,8245.285321,True,True,0.00034875213784734543,3.1344663713615173
6.375583,3,8249.294441,True,True,0.001595141325996674,6.510960815038029
8.246398,1,8250.4829,True,True,3.179626978377925e-10,3.000082826608188
5.916653,1,8252.203115,True,True,7.654589617025987e-05,7.212772070469197
8.617437,2,8253.918261,True,True,6.580812283996096e-13,1.5638544522923814
7.560835,2,8256.96512,True,True,0.005637137106099366,3.6448347776933243
3.538657,1,8258.692765,True,True,0.005593914925506734,11.507457395937022
8.358394,3,8261.26458,True,True,0.00403050991866679,2.061520772944393
9.354215,2,8262.906945,True,True,0.0010983889894968072,0.684706060675166
9.908582,1,8264.514119,True,True,1.008812998415376e-10,0.002563102856204178
1.432893,2,8266.270478,True,True,0.0048256563079465695,12.797472773759964
7.529317,1,8267.927413,True,True,0.004156708888736534,4.305655095540005
1.049265,1,8269.08987,True,True,0.0033214645318651974,15.994755035947872
2.510229,1,8270.267019,True,True,0.002310770565449571,13.35998669931701
6.664621,1,8271.321314,True,True,1.4515908752874701e-06,5.862490841685968
9.908319,1,8272.928767,True,True,4.5105581764583124e-10,0.0025625580428158394
7.003796,4,8277.983613,True,True,0.008721712748435802,4.143908960679093
8.564954,1,8279.708579,True,True,0.003017737963308973,2.4342509968127324
3.704002,2,8280.912268,True,True,0.0005121288892734751,10.103874285366098
8.560631,2,8283.678618,True,True,9.211649531167747e-05,3.0139541939267134
5.704345,1,8284.769484,True,True,0.0002029500137903876,7.596084433312247
8.552935,3,8286.01394,True,True,0.0006473818203334286,2.078114703997026
10.248731,2,8288.243416,True,True,0.0010144903094886498,0.3311762304697644
9.89406,1,8289.851858,True,True,0.0006833023737749027,0.02979301169238061
-24.928146,60,8308.511063,False,True,0.002366549368028889,22.226465994891235
6.281509,2,8309.689995,True,True,0.004809831823255768,6.1786312877069385
9.266771,1,8310.874509,True,True,3.2363134850689448e-09,1.1584700695745669
9.068931,1,8312.48495,True,True,0.006185962878239616,1.5265673815388023
3.422842,1,8313.64147,True,True,4.059230243602663e-10,11.712458772733767
9.118286,1,8315.347538,True,True,0.005989474650620675,1.4322550377671972
6.646286,1,8316.43581,True,True,0.0047005651033537234,5.9001870789492585
-32.168515,41,8352.824889,True,True,0.010229746581792612,17.17183125746567
2.541443,2,8356.10934,True,True,0.0070828980622366965,13.104574150432395
4.949551,2,8359.373731,True,True,0.0048837581964147544,7.5745423040415485
8.652998,2,8361.007868,True,True,0.00025316773994155106,1.5309527953265023
1.602982,1,8362.034061,True,True,0.006385145669982862,14.998152184648937
8.208587,1,8363.167572,True,True,0.00034660367511539275,3.0723705239300654
2.351133,1,8364.286621,True,True,0.0004997255184709982,13.645734359499274
3.133237,4,8365.424823,True,True,0.001460108075509385,11.706314938256389
9.146436,3,8369.892815,True,True,5.927923985016292e-10,1.0561261218719953
-5.893876,16,8385.019421,True,True,0.00017215490288761612,8.564698685310047
3.685204,1,8386.770985,True,True,0.001660285131198225,11.2404152732077
9.108051,1,8387.93261,True,True,3.406518608861653e-09,1.4437453535854903
9.012803,2,8389.622814,True,True,0.002030824798031423,1.4629952503468342
9.306672,2,8391.875236,True,True,0.0024363030001590858,1.4548630470819957
7.773261,3,8395.153238,True,True,0.00023253311452917048,3.325484947052389
8.34917,1,8396.736179,True,True,0.0009767789339452772,2.821576175151634
9.187285,1,8398.457276,True,True,0.00022335803299224023,1.299277432591621
5.540378,4,8401.434881,True,True,0.005988006369594851,5.759331693277477
8.098498,4,8405.958694,True,True,0.0008233084779382678,2.5850600647760684
3.492873,1,8407.637678,True,True,0.0067535582457547965,11.59077860799942
-7.617596,13,8420.939968,True,True,0.0026300733731214566,13.268389366180802
3.642118,3,8424.81857,True,True,0.006524268726462781,11.076279989494108
9.899362,1,8426.401569,True,True,2.341487224089521e-07,0.019229821191675895
8.122269,1,8428.33978,True,True,0.006196072058694143,3.2365208617843635
9.274859,1,8429.919178,True,True,0.003977940278978744,1.1530744245780509
8.61812,1,8431.566344,True,True,0.0043212045998679265,2.339750313049295
9.770331,1,8433.231606,True,True,0.0029127834602478853,0.2564850619394667
0.893487,1,8434.856746,True,True,0.000776884074632455,16.274218700202937
8.277084,1,8436.522368,True,True,3.778332047403316e-05,2.9506521552969374
7.092615,4,8442.441591,True,True,0.00026346178528403527,3.00416087731341
6.479384,5,8448.02484,True,True,0.006523784219073344,5.8485766432599515
2.345046,1,8449.586928,True,True,0.0010506036183164126,13.657064922270303
9.845361,1,8451.29076,True,True,9.468271657734999e-05,0.11272269199010979
8.316204,2,8454.275761,True,True,1.674470284651619e-11,2.7342617913393727
8.62835,1,8456.031235,True,True,0.004177214568361665,2.321106703705353
9.072425,1,8457.589043,True,True,2.135810192232211e-06,1.5130005955806347
7.348247,1,8458.73717,True,True,0.00731664017310606,4.635447692048835
5.388232,1,8459.996797,True,True,0.005013973958373785,8.170693965554927
4.846961,3,8464.288944,True,True,0.011739808603671256,8.478549973292347
7.894264,1,8465.909896,True,True,0.007241309607946719,3.6499502808569018
-5.191414,23,8494.644829,True,True,0.003091999323942935,3.7979370253551856
1.181438,3,8499.458792,True,True,1.513723804934036e-07,14.63772097508267
9.466759,1,8501.086294,True,True,0.004020317676546867,0.8062942876715496
8.229981,1,8502.757426,True,True,0.00017930637939220229,3.0352283677932785
0.40855,2,8505.052919,True,True,0.009338051897637685,15.987200690145231
9.807893,3,8507.759579,True,True,0.003548870180219721,3.9587675737927808
8.892521,1,8509.399168,True,True,0.0013914700510960498,1.8398875665579262
5.33737,2,8511.73544,True,True,0.005419677732695152,7.38533633925173
3.099943,2,8514.201698,True,True,0.0015876814076277472,12.171388623946129
7.92412,1,8516.018842,True,True,0.00375840472682179,3.592394291582047
7.99472,2,8519.742384,True,True,0.009817885811278862,3.330507799408268
9.83948,1,8521.688942,True,True,0.0005092565515943809,0.12710115011600334
4.120866,3,8526.832867,True,True,0.0011693154837300124,10.187552452504566
5.874724,1,8528.39228,True,True,0.009507773929148713,7.295016301907559
8.249555,1,8529.874861,True,True,1.6422123812902514e-10,2.99999819841529
6.1966,1,8531.426216,True,True,2.9520270239222924e-10,6.707382585515123
8.452832,3,8535.470797,True,True,1.0203047232694686e-09,2.46511892887546
8.184832,1,8536.898952,True,True,0.0005436152297410328,3.1148824958722816
9.908119,1,8538.405777,True,True,4.980231621004549e-11,0.0025623978903073427
8.294065,1,8539.556533,True,True,0.0005184200753897865,2.918943404507542
7.00116,1,8541.109233,True,True,0.002306726034250694,5.256482580796795
9.133597,4,8546.779614,True,True,3.723799359769188e-05,1.5064848430638635
8.28018,4,8551.599481,True,True,0.006486353546363584,2.1210359589345114
7.736458,1,8553.736009,True,True,2.750372568582904e-10,3.926138109381016
4.103353,2,8557.086824,True,True,0.003793244580177945,10.493953968555681
6.052501,3,8561.453296,True,True,9.752387785422721e-05,6.55202990544242
9.146017,2,8564.277362,True,True,1.6621590113571807e-05,1.384291036289324
8.2936,1,8565.872246,True,True,0.006010511639144105,2.923882312478665
8.535659,1,8567.573081,True,True,0.0053445681585005695,2.4877129173403554
9.646275,1,8569.216494,True,True,0.0031981703328908123,0.47857673367923953
7.347561,3,8573.820494,True,True,0.00039713332213218294,3.0846674014285806
7.74759,7,8581.503723,True,True,0.0014787000372302808,3.053207365544757
8.249095,1,8583.578701,True,True,1.3162046483452616e-12,2.999944215659446
5.943186,3,8588.774839,True,True,0.010594741188083333,5.350339239287267
7.239523,14,8607.776979,True,True,0.0059959464384732935,2.371958896028115
7.575197,1,8609.73876,True,True,3.553745788262032e-11,4.2181017233443585
4.905592,2,8612.586465,True,True,0.0026326672396063816,9.04526399823952
9.145809,2,8614.188822,True,True,0.001923414100878526,0.6827282485762229
9.725314,3,8618.670373,True,True,9.309241697145676e-05,0.01906363079775597
7.530612,1,8620.503515,True,True,0.00015409046231770415,4.2988272825266645
6.660749,1,8622.213645,True,True,0.00549073798519889,5.870858806618007
6.842849,1,8623.64415,True,True,0.00018072767758525732,5.540901204919266
4.628182,3,8627.967088,True,True,0.0060432452579300055,9.076982005694806
8.964075,1,8629.635286,True,True,0.0054628552706362105,1.7125557269743201
8.257054,1,8631.34785,True,True,3.522854278973026e-06,2.9867907951225425
7.103243,2,8634.012216,True,True,0.005651076727798737,4.056114786361815
7.57116,3,8638.000737,True,True,0.005208739591975824,3.7559306815572127
4.425215,1,8639.560564,True,True,2.9643002574865655e-06,9.904148732492692
9.908367,1,8641.116231,True,True,4.1802490635678424e-10,0.002563930449475579
-0.77404,7,8651.492503,True,True,0.000962226393139599,16.837622225496435
9.908006,1,8653.025061,True,True,3.3621073909367026e-10,0.002562386226945013
9.646833,1,8654.652544,True,True,0.0024439138009444937,0.47901920237813955
7.426823,2,8657.411829,True,True,3.598280701178069e-11,2.998670946035989
7.453182,1,8658.865461,True,True,0.00605903865676773,4.443334527285669
2.472254,1,8660.400759,True,True,1.1406149830195389e-08,13.426974740625173
7.261316,1,8661.855525,True,True,0.00041041615144877435,4.7849127252040615
9.90815,1,8663.46691,True,True,1.872347578503375e-10,0.0025635511631336826
8.311618,1,8664.655516,True,True,0.0014573901954963795,2.88997851249047
9.816544,1,8666.176918,True,True,0.0004532541322900395,0.16596753203536138
8.953897,1,8667.76998,True,True,0.003434889155693399,1.7314783432696046
4.988124,1,8669.150663,True,True,0.0023093147084262433,8.890390289170103
9.030066,1,8670.70235,True,True,0.006176838527042579,1.597315452462539
2.71227,1,8672.154168,True,True,4.417716268298845e-06,12.994109368699238
8.343162,2,8674.781664,True,True,0.00391267053479041,3.5549036983781477
7.326981,1,8676.278165,True,True,0.0002834487013373939,4.666863142590027
0.801864,5,8680.739107,True,True,0.005112568787373668,16.359975832530882
7.227561,2,8682.613285,True,True,1.5728722144170426e-10,4.700845906010537
7.340241,1,8684.474722,True,True,0.005955302408928494,4.648197664656024
7.553276,1,8686.27964,True,True,1.931597715531955e-06,4.257903763623802
7.5412,2,8688.198506,True,True,0.00015755631171560547,2.9866354489633125
8.755851,1,8690.010158,True,True,0.0006012547201374612,2.0859749192733363
7.840673,3,8693.118785,True,True,0.005171995984754386,4.015367630547
2.36653,1,8694.301846,True,True,0.002939913690641203,13.619507232674664
9.434447,1,8695.543543,True,True,0.011303445980411372,0.8730733910988758
9.90438,1,8696.776939,True,True,2.1574087237918177e-06,0.00954428198849259
9.378699,1,8698.081872,True,True,2.165378518989309e-06,0.9602572746049923
8.415991,1,8699.89323,True,True,0.0027409537281002446,2.7029757655225763
6.355923,3,8701.341103,True,True,0.003052871668084969,5.145727402715366
4.310977,3,8702.64073,True,True,0.000602499452624756,9.95113458331083
9.907732,1,8703.987911,True,True,2.0056588334593783e-10,0.0025632251424328283
9.143807,1,8705.506091,True,True,0.0012343640827102743,1.3863466385934946
9.404999,1,8707.069062,True,True,6.077466464102688e-11,0.9117543184572368
5.608119,2,8708.270572,True,True,0.0005951690826061922,7.24076933498606
7.186935,1,8709.792861,True,True,1.562962095506885e-10,4.919437205420034
6.112087,1,8711.318067,True,True,0.009405800138537479,6.868240411880116
8.212106,2,8712.518977,True,True,9.365089196331315e-11,2.9383269303370456
7.180146,2,8713.707378,True,True,0.008604366341099207,4.802420415000801
9.374589,1,8714.841519,True,True,0.004542753871061439,0.9730571124853229
5.96528,7,8716.256129,True,True,0.006113432618745584,4.0749059428995125
8.43214,1,8717.453938,True,True,0.0011273448260352436,2.670987294488644
-0.884362,17,8722.788261,True,True,0.002688343043057968,14.758686808504395
7.702635,2,8724.074112,True,True,0.007201261249796143,3.845583400709998
6.773172,1,8725.338109,True,True,3.390906500033708e-09,5.665752074207911
8.247706,1,8726.574222,True,True,2.1213623357940747e-09,2.999995849683916
6.837801,2,8727.6906,True,True,0.004656020825193799,5.3796067411644595
6.742202,2,8728.85729,True,True,0.0001525953136539259,6.615176108370115
6.248565,1,8730.107212,True,True,5.189082691314795e-09,6.61170232749731
2.942688,3,8731.494058,True,True,1.0264097757469066e-05,11.346129705647586
9.907052,1,8732.814361,True,True,8.34144190899091e-11,0.0025636631920753954
8.639743,2,8733.990815,True,True,0.0020907396888304773,1.7736665961680627
8.444359,1,8735.073545,True,True,0.0025334058659669924,2.6514952676933454
7.639852,1,8736.476679,True,True,0.0038426372594858585,4.105759594882572
7.880398,1,8737.872887,True,True,0.0008797635518819347,3.6681346135404
8.11851,1,8739.21956,True,True,0.002125628281186345,3.236812837040745
6.944118,1,8740.741987,True,True,0.0002784204996900408,5.355509999949923
9.39452,1,8742.582617,True,True,0.0015336391148605827,0.9333074485590973
8.521451,1,8745.27351,True,True,0.0033033729934547566,2.5122627603185035
6.029716,4,8749.615871,True,True,0.00490074824547029,5.352026334174036
8.401358,4,8752.258603,True,True,2.283775947908248e-09,2.639438323799106
6.604831,6,8755.60821,True,True,0.004192284587214372,4.680456658510642
3.343126,1,8756.60578,True,True,0.004742502689034257,11.859525640064936
7.616045,4,8760.08533,True,True,0.0025814516590417086,4.010919593455303
7.701943,1,8761.451322,True,True,0.002035837457679795,3.991101472987189
6.243796,1,8762.510054,True,True,0.0046560959642861,6.626554534647437
2.480851,1,8764.157529,True,True,0.00026174703881749403,13.411643089338948
9.908582,1,8765.612373,True,True,1.238768678797049e-10,0.0025632195970208367
7.616126,1,8767.144006,True,True,0.0004827656479687405,4.144944883396146
7.249676,2,8769.645487,True,True,0.001150619241060563,3.972698117016146
8.767618,1,8770.955667,True,True,0.004481424232849776,2.069929049104905
4.349872,1,8772.368519,True,True,8.18291581765598e-05,10.04014882558015
9.526238,1,8773.843229,True,True,0.002940575664860554,0.6953775612037644
1.512695,1,8774.943741,True,True,0.00032804297235037834,15.157535018797851
8.114213,2,8777.503242,True,True,0.00536381009273415,1.7284209633813739
8.087891,1,8778.923463,True,True,0.0024094534161260613,3.2951531534791694
5.016887,3,8782.939349,True,True,0.01071425672250808,10.061567132842546
6.010422,1,8784.530149,True,True,0.009858106139327263,7.052018484978257
5.844474,1,8786.353445,True,True,0.006172641843354455,7.34815265570939
8.535407,1,8787.967989,True,True,0.005677600078507521,2.4883579049883946
9.637635,3,8792.52624,True,True,0.00018126118636367696,0.07711163909150487
8.555609,1,8793.863381,True,True,4.270702436718559e-10,2.446956959305216
6.806056,1,8795.373731,True,True,3.183601677715642e-05,5.6032148007280025
1.755074,1,8796.806019,True,True,0.005032917898376609,14.72322243697549
0.572794,3,8801.188678,True,True,0.0005563883343258271,16.993336139243834
5.41983,1,8802.934394,True,True,5.927410134673659e-05,8.109439710143535
6.67187,1,8804.404839,True,True,0.005898191236114448,5.854399157683258
8.459953,1,8806.02168,True,True,0.0052800932707954,2.623755176981794
-6.502392,10,8819.742611,True,True,0.011901330224053317,3.65145257208602
-9.556973,18,8843.063318,True,True,0.004668741141726101,16.807052927107456
8.875486,1,8844.546066,True,True,0.005655206882656666,1.8710249751308154
9.842481,1,8845.898548,True,True,0.00028533742676494357,0.11755461490954765
7.419275,2,8848.411194,True,True,0.00148113200494527,3.954074821472387
6.291979,2,8849.930702,True,True,0.004289987550675624,5.50029940935508
7.247084,2,8852.708523,True,True,9.821342792856735e-10,4.241410190513769
7.993872,1,8854.293641,True,True,0.005790716033491314,3.464067485784703
6.537194,2,8856.974303,True,True,0.003037266073964559,5.961049712035363
8.059901,3,8860.888639,True,True,0.004631112070467162,3.391556832221518
9.282163,1,8862.427082,True,True,0.005275497112237463,1.141479414158622
8.197018,2,8864.890227,True,True,0.00044686625471190177,2.8979197286743674
9.078358,1,8866.510724,True,True,0.005081969121669874,1.5085890109572233
8.238818,2,8868.182295,True,True,0.0006501019572630339,2.9161771260091425
3.208236,4,8874.096029,True,True,0.0021139582812450767,11.404190451213607
7.559537,2,8877.657334,True,True,0.006545064622684491,4.033347449396902
3.993586,1,8879.537693,True,True,0.0007648820637534547,10.683460458167376
9.908201,1,8881.254585,True,True,5.742383094849958e-10,0.0025640306638187336
8.736063,1,8882.99597,True,True,0.004140045677898657,2.1251839003772623
9.169822,1,8884.827917,True,True,0.0004385677975571422,1.3352805766661373
9.077718,1,8886.528682,True,True,0.00617498340107089,1.509611097158128
8.736683,1,8888.320227,True,True,0.003401388700253527,2.1228852558385403
6.799792,5,8894.132544,True,True,0.0046473845659410744,4.292865676959129
8.679181,1,8895.776126,True,True,0.003087796441423271,2.22441291089857
9.867669,1,8897.442226,True,True,0.00017284705106105947,0.07240920512775101
4.581688,1,8898.5307,True,True,1.004502408151562e-05,9.621833457444238
7.378288,1,8900.122719,True,True,0.0055813164001881485,4.577923177185415
2.107806,2,8903.012254,True,True,0.005041872968169463,13.43641789863328
2.82457,3,8906.114333,True,True,0.006107695071121316,12.448915847806651
9.763848,1,8907.295704,True,True,0.0006629304321659236,0.26297653848390756
6.965761,1,8908.873448,True,True,0.0046447898307480145,5.323493540886478
9.392943,1,8910.423322,True,True,0.005076563612439884,0.9411196510381387
4.203291,2,8912.109954,True,True,0.00041653896602051026,7.782787359206827
7.638294,1,8913.31864,True,True,0.0006870264880770444,4.10253029367383
1.996069,6,8917.934879,True,True,0.00491551691753412,13.160965301821392
8.852962,5,8922.49043,True,True,0.004982523169899195,2.2677467297982075
8.019215,1,8924.26171,True,True,1.213647793374406e-10,3.4148127714233247
9.907703,1,8925.929266,True,True,1.73660585421999e-10,0.0025631312953826365
5.069453,4,8929.68738,True,True,0.009122905098025162,7.781538622636162
0.436151,1,8931.245975,True,True,0.003642340407463824,17.10017524791818
5.976766,2,8934.066026,True,True,2.782282255281432e-09,5.992663576156494
9.809544,1,8935.551158,True,True,1.9838669350283353e-09,0.18157759708320764
8.112663,3,8939.388157,True,True,0.0055180607243854075,3.8178838424669
9.094196,1,8940.77641,True,True,0.002027018429288402,1.4765769641861723
7.419123,1,8942.080344,True,True,0.0021017202571736687,4.5024505350902535
1.654152,1,8943.363709,True,True,3.558916335244522e-09,14.902269770840643
8.846666,2,8945.681957,True,True,0.004216621989173252,0.8456078651606824
6.429833,1,8946.996086,True,True,0.0026381531907212485,6.288365131531539
6.644569,1,8948.143442,True,True,0.00742280870759826,5.905579956258185
7.631568,1,8949.30737,True,True,0.002004980585289692,4.118392459829427
7.151334,3,8951.254396,True,True,4.461542246758654e-11,3.6454272210802867
7.858541,1,8952.62999,True,True,0.004035872704827887,3.7084914388327266
7.594006,1,8953.950285,True,True,9.524474407202858e-11,4.183790359354079
9.088609,1,8955.106113,True,True,2.31665486793986e-09,1.479369653458749
7.454228,1,8956.257374,True,True,0.0023343384396383796,4.43931495892086
4.989884,4,8958.497355,True,True,0.005361600273603287,7.364832754592766
8.923901,2,8959.856085,True,True,0.004364826069921099,1.168400516061783
-64.215275,60,9009.501817,False,True,0.010698144384707993,8.326908375708735
4.252948,3,9013.726029,True,True,0.0002035283029135468,8.427341215066862
9.737373,1,9015.19194,True,True,1.9623863493792646e-10,0.3119090606492116
2.327097,2,9017.826713,True,True,0.0001891515379710317,13.616927802640593
5.254001,4,9023.214339,True,True,0.0060816248045967025,8.022566351299657
6.955322,1,9025.049923,True,True,0.004526602416865906,5.342221461982271
9.908582,1,9026.654498,True,True,1.1913829037896173e-09,0.002562408984675901
9.906198,1,9028.14402,True,True,1.9400855719944875e-09,0.0025631132365408833
7.213414,2,9030.794822,True,True,0.005684734882044684,4.591897115013854
3.935031,4,9036.905782,True,True,0.011006488707911986,7.8594041182425745
9.658697,1,9038.418125,True,True,0.002478820124512141,0.4576275726570169
8.251755,1,9039.96115,True,True,4.693256499389736e-11,2.9963586346273416
6.390406,2,9043.03565,True,True,0.0035580316642356696,5.860792564871178
6.857679,1,9044.512236,True,True,0.004640402616408539,5.518578741655749
1.744971,7,9049.408049,True,True,0.004729390941745709,9.918205709708824
1.462447,1,9050.515014,True,True,0.00486115284537979,15.250692969739625
9.816017,2,9051.620165,True,True,4.1666339774239226e-12,0.002562420647934645
8.690017,1,9053.074191,True,True,0.0041792406592912916,2.209732370656817
7.95218,1,9054.476735,True,True,0.004451858312134485,3.5416101391403467
0.738783,2,9057.125305,True,True,0.0003944729193163279,16.46668261261354
5.752456,3,9060.630429,True,True,0.008101443280594506,6.814197988947921
0.586229,20,9072.517613,True,True,7.707755354513946e-05,3.772741765408036
7.775434,1,9074.048633,True,True,0.00038985232285015936,3.8536280321431793
7.516924,1,9075.177413,True,True,0.0059588335731735696,4.32468615005406
6.917746,1,9076.746748,True,True,1.1981648312398008e-12,5.405485653987877
6.181823,2,9079.995669,True,True,0.005791580592533036,6.043944942493517
-34.331284,60,9128.979472,False,True,0.0035617123982492303,65.00359343640788
7.112617,1,9130.422473,True,True,0.0011710631033303017,5.054876008846916
8.023267,1,9131.431931,True,True,0.004218652769341472,3.413864555233856
8.860276,2,9133.848517,True,True,0.004175269509367089,0.8500943323477504
3.576968,1,9134.955888,True,True,0.0025936109327554108,11.43631351076771
9.054991,1,9136.116027,True,True,0.006256715974499738,1.5463586896616013
7.271448,1,9137.719377,True,True,2.518921599081736e-10,4.763613027189802
6.09929,2,9138.758337,True,True,0.00022119914855971658,6.74444263735219
6.772085,1,9140.08361,True,True,0.001955264527270597,5.6704646114008295
8.244624,2,9142.088898,True,True,0.011868056067628228,2.83625772930743
-7.88318,10,9148.028528,True,True,0.004705200920093385,13.59693656670123
8.864375,1,9149.371389,True,True,0.006007124717296074,1.8964894085926305
8.356817,5,9152.760825,True,True,5.37332077666862e-12,1.5683261715296437
6.842071,1,9153.812484,True,True,0.00013136841031455762,5.540123615861781
7.590391,1,9154.896596,True,True,0.005344155783979158,4.196152684395159
7.165508,1,9156.011482,True,True,0.010962308632920003,4.964557332418204
7.516631,2,9157.485014,True,True,1.2385678351577403e-10,3.000002899003127
7.488981,1,9158.875363,True,True,0.0021720431473677146,4.37639108689622
8.139914,2,9159.955322,True,True,0.00030599613354570255,3.013756411627975
9.907303,1,9161.114068,True,True,3.829221932468314e-10,0.0025623697274637287
6.428021,2,9162.154851,True,True,0.004954176768226284,5.028340132296845
2.409254,2,9164.511795,True,True,0.004587494531879875,12.634850212570546
8.564808,1,9165.842359,True,True,1.9331755376823497e-09,2.4300290101605664
8.249734,1,9167.360534,True,True,1.8318311971465828e-10,3.000010187413182
8.29053,1,9169.112948,True,True,0.0023397139610185917,2.9291020367430995
7.062771,1,9170.82399,True,True,0.004919089324240067,5.14352749876195
-20.247893,21,9172.588179,True,True,0.010266996661038872,13.824772564014237
4.423655,2,9174.970955,True,True,0.004832560393696955,9.36830621665647
9.691619,2,9176.392056,True,True,1.7439362957200055e-09,0.19263892243952577
9.907058,1,9177.504611,True,True,4.341312727066105e-12,0.002567521080572594
5.869561,4,9179.991356,True,True,9.012314505785213e-11,5.565714692157654
9.907321,1,9181.41053,True,True,4.209051356382899e-11,0.0025625283172186286
8.002478,2,9182.768787,True,True,0.005986332892903834,3.120333307386065
9.543134,5,9187.380699,True,True,4.516209628491197e-11,0.0025682151319822736
9.907155,1,9188.412697,True,True,1.7049190268858744e-09,0.0025683536359456935
3.802628,1,9189.704381,True,True,0.0044000245885214085,11.030563081929046
8.475487,2,9192.324904,True,True,0.0054957087795311456,1.242855756468447
3.194828,1,9193.532043,True,True,0.004816766468801778,12.127017246128025
8.924254,1,9195.200242,True,True,0.004314716454480618,1.7855994732599376
6.910503,2,9197.352415,True,True,0.004225058220990878,5.283783497053387
9.711156,1,9198.754117,True,True,0.002007439683970779,0.36219492212648063
8.388453,1,9199.822019,True,True,0.0018071550520331972,2.7516134297935393
5.839191,1,9201.174596,True,True,0.004660399227383398,7.356702252655396
8.318589,1,9202.175204,True,True,1.200642720744664e-09,2.8743680361222093
5.915879,1,9203.177132,True,True,0.004734376687925427,7.218382082682807
9.905623,1,9204.282918,True,True,5.581524964437534e-10,0.0025624553529271466
-30.673682,60,9260.94669,False,True,0.009418719278745522,72.410976140835
5.42993,1,9262.02666,True,True,0.005320446066345921,8.093390755552303
8.929068,1,9263.407599,True,True,0.008592319991184375,1.782747097971198
7.557784,2,9265.623151,True,True,6.967878524875591e-10,2.953761481554275
7.689105,2,9267.056285,True,True,6.551900513001697e-11,3.8637379104802383
-59.417286,60,9315.972059,False,True,0.015028436807597832,8.711325909633873
-6.736374,14,9327.887089,True,True,0.004005351709058589,9.860822373981147
7.636278,1,9329.136541,True,True,3.1148680548769996e-10,4.107581635063957
9.330557,2,9332.05936,True,True,0.0020730132267480126,0.4219712049324498
5.003938,1,9333.460723,True,True,0.0003004900234415634,8.860170046549541
7.731492,1,9334.909534,True,True,3.2824104414058653e-06,3.9360543256705696
8.204813,1,9336.330534,True,True,0.009679693956169341,3.0910966164999096
9.00719,2,9339.344976,True,True,0.001445108736332555,1.347912074293195
2.163533,2,9341.068672,True,True,0.00011019008273853133,13.861493534781806
8.249327,1,9342.102005,True,True,1.4229718918909996e-09,2.9999773637454363
3.847648,2,9344.521617,True,True,0.007370058392559773,10.597135194305462
4.05962,5,9351.109653,True,True,0.009505370886451552,9.259906415253548
8.924835,1,9352.680072,True,True,0.0019066987293937122,1.7822278702288326
9.402956,1,9354.055947,True,True,0.0028983725502177435,0.9195699054787942
7.267175,3,9356.520035,True,True,0.0009629169218382701,4.136326251976646
8.96665,1,9358.272301,True,True,0.011058929917697292,1.717805805756704
5.731155,1,9359.77091,True,True,0.004678556135027735,7.551664240763696
7.963318,2,9361.398175,True,True,0.009721788310233223,3.311725407735849
9.874458,1,9362.790286,True,True,0.00012885657409408746,0.05700113907035602
6.48594,2,9365.449181,True,True,0.008878118969454979,6.058021001523507
8.257057,1,9366.97778,True,True,0.0001376197726863631,2.9802005804318084
3.933101,2,9369.494221,True,True,0.002350154407804679,10.620523237032197
8.368086,1,9370.971699,True,True,0.002937309396341495,2.7897238146971053
3.908153,3,9374.87262,True,True,0.0020550636116036048,12.564240519911785
-32.991717,60,9427.1255,False,True,0.00928894693445191,39.227512675105075
8.422483,1,9428.459388,True,True,1.4203388300316758e-10,2.687627825959441
9.481121,1,9429.47974,True,True,0.003764029427703327,0.7801661927032758
5.174282,6,9434.089702,True,True,0.0002669751213398644,6.288758730939604
2.070238,2,9435.197186,True,True,0.005160926556530832,14.14297146664541
6.976542,4,9436.647682,True,True,0.005977443845315289,3.499413328505598
4.485603,6,9442.843738,True,True,0.0038013592072903106,7.366417056632189
7.782962,1,9443.914804,True,True,0.005428473523687556,3.8479863322491887
8.981152,1,9445.052332,True,True,0.0060192082038565825,1.6857637107779677
7.150233,3,9448.56141,True,True,7.664853865225162e-06,4.442281446847406
6.268611,1,9450.129855,True,True,0.0005108126297115913,6.5778928465954944
7.646884,2,9452.739815,True,True,0.00517149928537777,3.943863698791772
9.905496,1,9454.341504,True,True,1.0168767217155761e-10,0.002563762137424598
8.238708,1,9455.955379,True,True,0.00493539606546088,3.0250051958168003
-4.178732,13,9469.008158,True,True,0.004124921467027558,17.28830931044799
8.019491,2,9471.74486,True,True,1.0643043062846941e-11,3.2310374853654005
2.971323,2,9474.26253,True,True,0.0019082677143502265,11.752348379449195
2.895797,2,9476.706171,True,True,0.0057692451108835785,12.280044159479674
5.707747,3,9480.346808,True,True,0.004755278863055998,7.0321370340057365
7.04073,5,9484.135159,True,True,0.004726693194079561,4.952998556130183
7.035291,1,9485.592738,True,True,0.005206383631703848,5.198528916228135
7.084328,1,9487.137826,True,True,0.004721205575622734,5.109543792819308
9.007123,1,9488.760074,True,True,0.005619376817839139,1.6354734687699215
8.818631,3,9492.902394,True,True,0.0002876362970525752,2.0160015938461497
7.939102,3,9495.697863,True,True,0.0026429064003941063,3.280545388417128
7.710512,1,9497.152127,True,True,0.006289224963109494,3.9746305274032254
9.908416,1,9498.66818,True,True,5.734640250167766e-10,0.002563376143655922
8.377446,3,9501.708451,True,True,0.001357946696716321,2.549179410529226
4.358556,1,9503.392855,True,True,4.204581891475469e-05,10.02444866432916
5.987597,4,9508.668889,True,True,0.009319402875798882,4.1315678978238335
7.540361,1,9510.103673,True,True,0.0002549852220790337,4.281510796615622
7.313762,5,9514.322662,True,True,0.00040733293730791905,2.9846507693298
7.603151,7,9521.139944,True,True,0.0015596650164417247,3.411492803921105
3.11559,1,9522.647469,True,True,0.00289718086959714,12.268658320257051
8.190146,2,9523.7769,True,True,9.04142081645954e-05,2.9618358926075525
6.338295,1,9524.841168,True,True,0.0006142642528802074,6.452206855541686
8.216688,4,9528.24999,True,True,0.004795151402745369,2.27931088410187
9.86264,1,9529.403445,True,True,0.0001455120529561954,0.08270747765276076
5.94021,2,9532.417215,True,True,0.007477991993489284,6.978889201401477
9.718196,2,9533.893073,True,True,9.428409040248588e-05,0.11303591531802779
8.058083,5,9538.225858,True,True,0.0061496355359511624,2.484078807228958
7.928494,5,9543.666066,True,True,6.865744335494287e-10,2.9999171454609797
7.373966,1,9544.742888,True,True,6.176909678190512e-12,4.5797681998234125
8.912495,3,9545.899849,True,True,0.005381237851803186,1.50554898240325
8.248422,4,9550.559742,True,True,0.0006062414319935726,2.9626746643952653
8.063295,1,9551.83238,True,True,0.0009302536566597915,3.33786938691205
3.978917,4,9554.014304,True,True,0.010179839815718385,9.305740870260115
9.010481,1,9555.109641,True,True,0.004993691093173851,1.631412296543894
8.566895,3,9556.273534,True,True,0.005674090512555656,1.8381359024201915
1.234298,1,9557.295954,True,True,0.0037701937569092243,15.661417801962866
8.322884,2,9558.42831,True,True,0.0008008589870236299,2.743910567031248
3.353387,1,9559.487067,True,True,0.0003298589018966673,11.837981773270371
2.866667,4,9563.336933,True,True,0.00363199012394695,11.585035296440209
9.119889,1,9564.803094,True,True,0.004688530614318147,1.4334499176549511
8.84694,2,9567.176221,True,True,0.0018876196997988318,1.782234363314571
5.938925,1,9568.596048,True,True,0.01036018084260465,7.1813968963201935
9.760012,2,9571.295673,True,True,0.00020084280369776845,0.05350893451870585
4.93706,1,9572.811881,True,True,1.1758732467099628e-10,8.980592703498246
9.079872,1,9574.160352,True,True,2.574001573092719e-10,1.4999916036375167
7.87359,8,9582.734561,True,True,0.0027796031113484394,1.8770491023842697
3.825613,4,9588.48368,True,True,1.1059216042941244e-11,10.598439280122546
8.855499,1,9589.686187,True,True,0.005886433983997005,1.9090608314458473
8.179294,3,9592.727144,True,True,0.006105044190209673,2.767073690570256
8.290973,1,9594.002927,True,True,2.0167131686113807e-11,2.9249722064368116
3.389264,1,9595.156516,True,True,0.0009481244791348081,11.773710528572105
9.070938,3,9597.815027,True,True,3.99596272748669e-11,1.197449065328519
9.853,1,9599.381156,True,True,7.276703236450408e-10,0.10303004853440685
8.24629,1,9600.574214,True,True,9.039105705252459e-11,3.000085814848112
9.247925,1,9602.143935,True,True,0.0022305582465384855,1.1995176276292412
9.908491,1,9603.292405,True,True,3.286070414786124e-11,0.0025678786327321236
2.005143,1,9604.5082,True,True,0.003058877110185987,14.271217516763617
9.149594,1,9605.811631,True,True,0.005823725717928399,1.376936544851445
8.513909,2,9608.015636,True,True,0.005647096434910736,2.1782180578983157
6.231062,1,9609.288434,True,True,4.921696838024672e-10,6.644327799719439
9.014804,2,9611.484419,True,True,0.0005184683929889133,1.6269686578010993
8.249685,1,9612.8074,True,True,1.156985796062187e-09,2.99996537959741
1.495361,4,9615.273601,True,True,0.010907491453713643,13.93059579451214
3.157458,5,9618.480771,True,True,0.005290216954676936,10.749671780521487
8.462455,1,9619.771677,True,True,0.006121147952364944,2.619471751651196
8.286579,1,9620.921881,True,True,9.421808572237893e-05,2.933568283749079
-4.780743,16,9627.8145,True,True,0.0075439038319539105,17.356822681022468
1.467843,2,9629.076366,True,True,0.000504957955572539,14.927676995844307
-2.672703,8,9633.669782,True,True,0.0038863966142272596,17.715418743748565
7.461103,1,9634.839477,True,True,0.00022446525030371715,4.418318312096098
7.038531,2,9636.020234,True,True,8.16869401981668e-12,4.241370492380398
10.114524,2,9638.27088,True,True,2.5801805136893563e-11,0.006222821163207593
6.162319,3,9639.495591,True,True,0.004422732872720005,7.048236019696487
8.357561,6,9643.941156,True,True,0.006013084161119421,2.898506378256616
7.791315,1,9645.070127,True,True,0.006234446758214107,3.834254998957258
3.089593,4,9649.508323,True,True,0.0007690068610606667,12.126052926734895
9.188748,1,9651.236022,True,True,0.005297311113435846,1.3097420698563753
8.248183,1,9652.464644,True,True,6.188915352423052e-11,3.000253427216072
5.454153,1,9653.653068,True,True,0.00045779086406135856,8.047855096579129
5.939498,3,9657.060561,True,True,0.0002611853343651542,6.111284584809723
8.367065,1,9658.371353,True,True,0.0010925339766264387,2.789391593409621
5.677339,2,9660.909946,True,True,0.00015611268104798529,6.632927250397785
8.108393,2,9663.228246,True,True,0.005812693221275991,2.8139487711853834
8.519887,2,9665.045113,True,True,0.00010245136629338791,2.116867288661145
8.871519,2,9667.387205,True,True,0.0059560674394661395,2.0241144007441423
-28.1683,60,9713.385024,False,True,0.024443286969808485,14.693847050331591
8.207073,2,9715.978073,True,True,1.233802639660742e-10,2.9452526553976646
9.028118,1,9717.115245,True,True,3.0881453997547853e-06,1.5937672704565233
9.907911,1,9718.150091,True,True,7.833490741879578e-11,0.0025663309631894
6.776378,1,9719.364736,True,True,0.0065574215649994785,5.667105532512011
9.098378,2,9721.703939,True,True,0.005552151409911524,1.308770148497228
9.082637,1,9722.828991,True,True,0.005711300772491365,1.5010255592048853
9.150469,1,9724.15309,True,True,7.325426801857137e-10,1.371534184042187
6.131815,1,9727.149986,True,True,0.0042091994571356005,6.824102242015695
-29.522678,60,9788.923181,False,True,0.011820426175234992,22.03259639542818
3.858697,1,9790.428017,True,True,0.003982061723520116,10.929139610463352
9.907767,1,9791.959992,True,True,1.2867366894209198e-10,0.0025627228785064272
8.499666,3,9795.86673,True,True,0.005722493586229699,2.1264917030268964
7.620197,1,9797.188783,True,True,0.00018459523819033125,4.137256674268948
8.247688,1,9798.432524,True,True,9.728433336686493e-11,2.9998870939218523
2.146473,3,9801.24372,True,True,0.004349162639456224,13.779664821797347
7.59502,3,9804.296618,True,True,0.010365275727880279,3.2129209459309185
5.833999,1,9806.119998,True,True,3.137537872106508e-06,7.361887570746575
8.253278,1,9807.874188,True,True,1.4304278687210167e-05,2.9936246482458353
4.350145,4,9813.076648,True,True,0.0004840758239701738,8.003554983658656
5.954617,1,9814.262593,True,True,0.008613714258943899,7.1517113045403296
5.316547,2,9816.98698,True,True,0.005096148463050965,7.779570692936821
1.023445,2,9819.949347,True,True,0.004434854356883528,15.848347489262116
5.530277,6,9824.118478,True,True,0.0019958428240312194,5.103781718696004
6.835361,1,9825.434979,True,True,0.011385779267938228,5.560582300410083
5.78831,6,9829.36042,True,True,0.0005385784496790974,6.742219114230697
8.270231,3,9832.111395,True,True,0.0057510978615860076,2.6627598258291907
8.632406,1,9833.333556,True,True,0.0004289359275700653,2.308737854895444
7.753916,1,9834.590115,True,True,0.003084520988274178,3.8989965117096395
8.52003,2,9836.569536,True,True,0.00038421125054157856,3.8177591431267763
8.029293,1,9838.023608,True,True,0.004908780907662384,3.4037297060523817
9.908579,1,9839.378856,True,True,1.8508621044623489e-10,0.002568672336985798
5.953678,1,9840.854756,True,True,0.0004841730028405031,7.146328190368717
3.558019,3,9842.122217,True,True,0.0033947245863413227,12.196615524315508
7.605524,1,9843.228345,True,True,0.004321609529751776,4.167948465629792
8.519116,1,9844.408285,True,True,2.706584787006717e-11,2.5128205446497724
1.045272,6,9845.716532,True,True,0.004847802244560278,14.848786861393144
5.722548,2,9847.934284,True,True,0.01066575633293354,7.485835857654829
3.829563,2,9850.136126,True,True,1.5129575283573393e-10,10.755818058418102
4.448698,1,9851.235978,True,True,2.469334799596939e-05,9.861797448092918
9.835319,1,9852.380897,True,True,0.0006231607976259227,0.13497662216062992
9.715097,3,9855.779229,True,True,1.113846428285603e-12,0.01980089608888178
8.300593,1,9857.044204,True,True,0.0002301713690385787,2.908420211381705
-19.966188,24,9877.282246,True,True,0.003723076791535534,17.779375038756275
9.573242,2,9878.571887,True,True,0.002468174929684215,0.45467880338955524
7.951292,1,9879.915529,True,True,0.00012786029940538033,3.538754693585005
2.991823,2,9882.394374,True,True,2.8487214366948455e-10,12.363963273180053
9.638548,1,9883.748513,True,True,0.002374129877285757,0.4938981015344961
-0.075454,12,9892.405348,True,True,0.005117397163480349,9.605698935138665
5.703479,6,9898.733369,True,True,0.0060088898380223485,4.558196915188513
6.68272,1,9900.665126,True,True,0.0002892790516423188,5.827871856185604
7.622632,2,9903.19957,True,True,0.00026560883144029126,3.4817754893519806
9.404463,1,9904.389405,True,True,3.1451560604716404e-11,0.912688293477606
8.888406,2,9905.846616,True,True,0.0006563864928743057,1.988774066553
8.956259,3,9910.807048,True,True,0.0037983454124757097,0.7553921497189988
3.497585,1,9911.997481,True,True,0.005711456440986289,11.58160554109311
8.385791,1,9913.545563,True,True,0.001791801125026836,2.756402240901196
-20.776902,60,9975.703798,False,True,0.0008858871595891797,12.952103456091171
8.450244,7,9979.410673,True,True,0.005083865328524367,2.0640287696036808
7.591409,1,9980.532352,True,True,0.002572646067649965,4.191874394311863
8.118674,1,9981.739163,True,True,0.001410146085186153,3.238153706507795
6.408667,1,9982.917679,True,True,0.004760179334198057,6.329102867448549
9.711872,2,9984.049502,True,True,0.0007693912510783035,0.19323415858306828
9.770357,1,9985.12698,True,True,0.0010591982586835315,0.25390055585860244
3.142515,1,9986.4076,True,True,0.002365262116285129,12.219740571641774
9.850673,1,9987.675025,True,True,0.00015351220878123684,0.1013135128912049
7.439612,3,9989.968638,True,True,0.00011109595023374823,2.9857562412477714
8.386755,1,9991.167121,True,True,0.0024245628277156667,2.75494161085085
8.542341,1,9992.424636,True,True,0.003648144397927406,2.4758321058338115
8.363432,3,9995.695725,True,True,0.001119590554530616,2.8418141760003097
9.908299,1,9996.919734,True,True,2.2589806520593725e-11,0.0025623454047587783
8.307454,1,9998.084109,True,True,2.273756877864094e-10,2.8947490786965777
7.411129,1,9999.261572,True,True,0.008561427101409615,4.523335940040107
4.096446,1,10000.485528,True,True,0.0027656079067231477,10.499411088438679
4.624552,1,10001.709094,True,True,1.5265165520528257e-10,9.544485217313671
8.431108,1,10002.988432,True,True,0.005252666272740403,2.6753815439211137
7.820422,3,10004.237264,True,True,0.005620617968057318,3.839504214569551
4.315597,3,10006.545677,True,True,0.00484170506249814,9.800138105797213
2.791273,1,10007.685885,True,True,0.007125002879657926,12.856154138213755
7.46873,2,10009.826276,True,True,9.605274351807256e-10,3.8996439876602587
-14.626882,18,10020.389096,True,True,0.009147376009343813,17.320622636719094
6.967234,2,10022.674379,True,True,4.106072032528283e-05,4.61612789115872
9.908077,1,10023.751639,True,True,8.332185852735763e-14,0.002564669669131237
8.884126,1,10024.810244,True,True,0.0059739389564149445,1.8603131389427623
6.883605,3,10025.986597,True,True,0.006534507687484637,5.04264539211847
4.580038,1,10027.781634,True,True,0.000589917329692817,9.625285691756542
7.645243,2,10030.086044,True,True,6.806772568986041e-05,3.5824419955037756
6.011185,3,10032.374448,True,True,2.566498459834806e-05,9.13002869495025
8.478616,9,10038.243944,True,True,0.0031035570215900863,0.8182170997505487
8.965967,1,10039.254585,True,True,0.0014249112053398225,1.7079009488956403
7.517254,1,10040.530073,True,True,0.0024475720130785654,4.32563664511053
8.947977,3,10044.214378,True,True,0.0029911812251322764,0.7133946122392665
9.291085,4,10046.447742,True,True,0.0018303839155900392,0.9753304383654501
7.103872,1,10047.599849,True,True,0.0006692911541730779,5.070134551217023
9.908123,1,10048.763397,True,True,1.0695608575870617e-09,0.0025624614689221917
8.526749,1,10049.934248,True,True,0.010927849530968481,2.5114301949523026
7.989548,1,10050.943978,True,True,0.00011958496347970644,3.4701157119005996
3.040683,1,10051.987061,True,True,5.2056225649521615e-11,12.40177735018586
2.827065,2,10054.164768,True,True,0.0008150776462027311,12.765118608888741
8.020378,2,10055.340119,True,True,0.004901730379656149,1.941333700125195
5.268111,1,10056.543771,True,True,0.004166422445026999,8.386732753465171
7.283621,1,10057.561798,True,True,0.004782000272125927,4.749846851423288
2.370567,2,10058.752075,True,True,0.004012574405925885,13.214814759519081
9.908582,1,10059.854124,True,True,5.733266356857454e-10,0.0025628584084525425
3.464881,2,10061.075648,True,True,0.0045432190412097355,10.59644811967217
7.263322,1,10062.236,True,True,0.004844407279582047,4.782453936852613
8.87582,6,10068.600253,True,True,0.0032271158067501866,1.1616916114553502
9.186455,1,10069.843503,True,True,7.965072399221135e-05,1.3077621713304215
4.292263,1,10071.332783,True,True,0.0012342704594602086,10.14499693153175
9.906512,1,10073.126353,True,True,1.6183227548743212e-05,0.006327807704535581
9.574824,3,10077.046544,True,True,0.0005659553681477736,0.18504787971033296
8.173535,1,10078.248545,True,True,0.00018802594141706722,3.137875902677056
8.127761,4,10083.254881,True,True,0.001205221059353373,2.8443207492434466
9.19081,4,10085.864459,True,True,0.00011259031461774774,0.7792251878752788
0.704645,1,10087.279734,True,True,0.0035591165467790745,16.616136091401966
9.348776,3,10089.856595,True,True,0.0014743204430931463,0.727243165344272
5.632748,1,10091.28986,True,True,0.000544021127480138,7.725616559897215
9.908156,1,10092.492158,True,True,3.069076130786041e-12,0.0025646749271888204
-20.603,60,10150.361131,False,True,0.0047839903497630554,44.01438632693922
9.619501,5,10154.987442,True,True,0.0011236786324420264,0.18795776118694107
9.301209,1,10156.41364,True,True,0.0004436718028717354,1.1003835436557434
4.450848,1,10157.721607,True,True,1.8909229184719655e-05,9.85791324592196
9.908071,1,10159.073191,True,True,2.578961766364074e-10,0.002577866282701255
8.836518,1,10160.510376,True,True,0.0027678157163609496,1.9375447321508552
8.832569,1,10161.861509,True,True,0.007310731293817152,1.954704881790539
8.314969,1,10163.17026,True,True,1.5397230659257426e-10,2.8814207152995204
8.297721,2,10164.387359,True,True,0.006006058980202519,1.4329160788987039
8.186795,2,10166.592149,True,True,3.704325339100154e-10,3.272889109967063
3.978396,3,10170.034181,True,True,0.004895785806597587,9.138562324627202
9.492345,1,10171.541348,True,True,0.0038700244125103992,0.7556576171518544
-28.597197,60,10229.814259,False,True,0.015707958707705045,4.507923022245339
8.09998,5,10236.390018,True,True,0.0025191887197347075,1.664596874780488
7.168723,2,10239.012431,True,True,0.006222368496138872,4.058041427222864
7.610311,2,10241.490269,True,True,0.004912110258428422,4.163447965498299
9.418969,1,10242.986137,True,True,0.004196390102368077,0.8930030742362329
7.420497,1,10244.286539,True,True,0.004502083465440364,4.502468260825126
8.233057,1,10245.50105,True,True,0.0001841271228648217,3.024623954639957
6.466854,3,10248.961347,True,True,0.0006338648279028687,6.507081126551519
9.040552,1,10250.090399,True,True,0.0001657664489352617,1.5665301853836022
6.719525,1,10251.150852,True,True,9.6150432984025e-11,5.76280269210093
9.452699,1,10252.374495,True,True,5.39973231862861e-10,0.8262403548221083
7.721038,1,10253.442012,True,True,0.0024785007509361273,3.957705159675433
7.791231,4,10255.692634,True,True,0.00810071572938759,1.6062649910602567
9.784762,1,10256.825983,True,True,2.2921249911281315e-09,0.2259814883608397
9.055422,1,10258.022684,True,True,1.6016939163865374e-10,1.5378541765318685
8.24967,1,10259.111218,True,True,3.738181168961869e-11,3.0001256292307708
7.740666,1,10260.263261,True,True,3.390491082333469e-10,3.918970553290829
7.635244,1,10261.439001,True,True,0.0054955235153067855,4.111972899905594
6.039032,9,10265.075014,True,True,0.002797913975999579,5.756704593423119
2.535493,2,10267.46658,True,True,0.004731411412571148,12.459638927344699
3.730407,4,10269.785894,True,True,0.0042562459543839404,10.969200015452783
9.735396,1,10270.886596,True,True,0.004921548912498764,0.3222488538665997
3.614546,1,10272.063628,True,True,0.0059685152812938395,11.370842200009566
6.908936,3,10274.57339,True,True,0.002904429308224968,5.144176780669152
7.856336,3,10277.049161,True,True,0.00574038966252344,1.7956450942279336
7.811502,2,10279.956857,True,True,0.0009625492061843662,3.5818135403639
9.129754,1,10281.411855,True,True,8.451753003467676e-11,1.4096370423433795
7.286096,2,10282.758324,True,True,0.0006112386888071919,4.593262934694255
9.689897,3,10284.095134,True,True,0.00011309514085267459,0.03001405196102423
2.407844,1,10285.318461,True,True,0.00043576776115910893,13.543420753668206
9.908582,1,10286.400002,True,True,1.4283652862396285e-09,0.0025624970267437764
-18.704271,29,10308.701715,True,True,0.009267189286960392,16.12416141191273
2.78559,5,10312.820971,True,True,0.0006161024728483788,12.511712509361724
6.518208,6,10314.212171,True,True,0.003748276621824741,3.6206558041830905
7.199053,4,10315.386515,True,True,0.0025965431027165785,4.321348525875876
8.055961,1,10316.555865,True,True,0.0026492857129112985,3.3524963411357502
7.322052,1,10317.721932,True,True,0.002412406003927717,4.67804479783819
9.459093,3,10319.045415,True,True,0.0008602420038480058,0.24865761452975135
7.677806,2,10320.280615,True,True,0.0048226179083552265,4.11071787696606
9.543689,4,10322.804771,True,True,0.00016525978608662902,0.1199988517857595
9.08031,2,10325.257888,True,True,3.158144121857831e-05,1.3309355745090483
9.761375,2,10327.694331,True,True,4.6811235829103976e-05,0.4687420238071412
9.81347,1,10328.783027,True,True,0.0006744993412848558,0.17468980636657175
6.406326,5,10332.996577,True,True,0.0030874914568963067,5.126735442552936
9.213694,1,10334.166704,True,True,0.002319399368066989,1.2614785234127153
9.847489,3,10336.401374,True,True,0.0010569129069086323,0.3059534706701194
8.105325,2,10338.803158,True,True,0.00015854197901461753,3.0552849080479056
9.849571,1,10339.912516,True,True,0.00040567688328682654,0.10530825712963812
8.331871,1,10341.581115,True,True,0.011870670599786425,2.862743413304864
1.490703,1,10343.235312,True,True,2.5829527078186434e-05,15.197008617268185
8.705107,1,10344.394862,True,True,0.003222663795740252,2.1813480065003517
3.459543,3,10346.091329,True,True,0.004767463382401025,11.327792144245759
-0.811614,2,10347.256511,True,True,0.0035697825995561787,16.459816914588494
9.529081,1,10348.438898,True,True,4.5398394841056913e-10,0.6845194657446474
1.210556,7,10352.075137,True,True,0.010142010742482332,9.230471306479409
0.632494,4,10356.312109,True,True,0.0081416148691493,15.91687083763354
7.746996,1,10357.563294,True,True,4.222688865240798e-11,3.90408040584298
2.58557,1,10359.270378,True,True,3.4744523230711977e-11,13.222612938957901
7.841185,2,10360.86175,True,True,0.005681673273727579,3.48861139559634
7.917221,1,10362.051556,True,True,0.004224328283728837,3.6053552504133233
2.538854,1,10363.817148,True,True,0.004947060872879593,13.309996633630472
6.086311,3,10365.0025,True,True,0.009381519251946864,5.473284557244143
9.818133,2,10368.408013,True,True,6.097711793828786e-09,0.002573231562547901
8.538694,1,10369.956758,True,True,0.0042739486535999325,2.4831404477546406
7.813109,2,10373.805521,True,True,0.003119727328693017,3.3939765778891418
7.588947,1,10375.452023,True,True,0.0002605165760560925,4.193115474133708
8.93836,5,10380.547759,True,True,0.002214891286922189,0.5906032722387372
9.740164,2,10383.873407,True,True,2.8844025503291346e-11,0.14470718346461967
8.794762,1,10385.569867,True,True,0.006034288096668838,2.019099782421088
-2.90745,5,10390.47333,True,True,0.00029031103928109283,17.95967596060126
9.299138,2,10393.345289,True,True,0.002377957362489078,0.44062039040172096
7.764323,4,10397.723699,True,True,0.004797311192328252,4.184263196929415
8.324792,2,10400.457024,True,True,0.004441146337492402,2.609265770580316
7.947969,1,10402.259522,True,True,0.0029666721683518885,3.5480549949167206
8.249592,1,10404.015653,True,True,1.124695865532283e-10,2.999986930607402
-24.020935,60,10468.017308,False,True,0.004843395390258603,15.504892407662684
9.12073,1,10469.606631,True,True,0.004473888967693503,1.431158236544211
6.675329,2,10473.026033,True,True,0.0020463135141144603,5.551696725054024
8.378199,1,10474.269651,True,True,0.0025354370422940448,2.767005233946585
9.250928,1,10475.915289,True,True,2.389681669709675e-10,1.1908413423066522
1.783796,8,10488.420725,True,True,0.0057392013827474945,13.38250778973234
1.845345,3,10492.737639,True,True,0.0024171675485920403,13.957589980097236
7.517867,1,10494.54663,True,True,0.0031565469510538707,4.324295235457858
9.501356,1,10495.738571,True,True,0.0037518687036284526,0.7435926506366971
9.000081,1,10497.161611,True,True,0.005086018643260012,1.6499538875015358
6.588184,1,10498.832715,True,True,5.495533054797594e-09,5.9999658716917885
1.846244,4,10501.285435,True,True,0.0003460954603168847,13.113493968967852
9.906366,1,10502.60185,True,True,3.828166394992394e-10,0.002562355361449535
9.759303,2,10505.065174,True,True,9.483904470042976e-05,0.13023490860888445
8.742042,1,10506.177332,True,True,0.00019835171515092967,2.1108963768855675
8.905712,1,10507.848427,True,True,0.002255326524790458,1.817801527639555
8.920686,1,10509.472372,True,True,0.00577769190773153,1.791411773423851
9.014215,1,10510.617869,True,True,0.004761656658599969,1.6241088687824314
9.464244,1,10512.241049,True,True,2.2562013059116073e-10,0.8053746856466456
-5.721814,12,10521.45446,True,True,0.00046894089579760465,13.895151229555983
9.905442,1,10523.274418,True,True,1.4658205205186903e-11,0.0025719254798675646
4.365761,1,10524.838228,True,True,6.724013990044853e-08,10.011414991083283
7.916116,4,10527.150632,True,True,4.3481665227962314e-10,2.8652681687126678
9.866016,1,10529.043485,True,True,1.5281645107588678e-05,0.07952556733527669
9.28347,1,10530.17114,True,True,0.005189868298744543,1.1378489640120264
6.931209,4,10535.920152,True,True,0.004220359725975127,5.0570555063079095
9.737776,2,10537.785722,True,True,0.00012040299877526299,0.08174742836809512
9.636634,1,10539.433465,True,True,0.002514401491555863,0.4975428560001335
8.59456,3,10541.625797,True,True,0.001113695069216359,1.3676589192302038
8.743266,3,10545.333199,True,True,0.004238718713662838,1.0606139484793349
5.252969,1,10546.619527,True,True,0.0001200663361803577,8.410622761934167
10.223004,3,10547.966456,True,True,0.0012896500444736247,0.2216819065807159
9.908182,1,10549.394556,True,True,2.6125335909240668e-11,0.0025623839511608073
9.908582,1,10550.52478,True,True,4.4245785854601927e-11,0.0025626221863507817
8.220854,3,10553.838084,True,True,2.926277948255007e-10,3.0230258940138293
6.986545,1,10555.040907,True,True,0.0015926483751562697,5.282930971349824
3.185669,3,10560.213054,True,True,0.002342109974292284,12.010945295695514
8.155008,1,10561.721748,True,True,1.2239390660008509e-05,3.1711306465714184
9.882118,1,10563.277565,True,True,6.753169108439372e-05,0.0441145103916493
9.814685,1,10564.902624,True,True,0.0005365345020880856,0.17304814006559285
7.298809,2,10567.46397,True,True,0.0021414072676403033,4.471887017926398
9.908576,1,10569.066147,True,True,7.181439444979347e-11,0.0025735925698589963
7.568603,1,10570.695895,True,True,8.135879367427162e-05,4.230075164006867
9.649546,2,10574.050545,True,True,6.029447440323814e-11,0.2186879003890016
7.507551,2,10576.864793,True,True,3.986662909516436e-11,3.055785591189081
8.144694,2,10579.97016,True,True,0.006137264437915582,2.3065229393523388
7.866154,1,10581.525782,True,True,0.0036913639577437554,3.6969888514972062
9.90826,1,10583.346755,True,True,3.842774173453157e-10,0.0025628915432252004
9.283398,4,10587.468398,True,True,0.005682541913298589,1.0588651309556236
9.797389,2,10590.573499,True,True,1.1782463242918095e-10,0.029627607849805816
9.786949,1,10592.009553,True,True,7.842702390292722e-10,0.22241715017976418
9.889464,1,10593.589289,True,True,5.1828815763986166e-05,0.037195562646571104
7.664008,1,10595.235015,True,True,0.0003517262161100002,4.058113466215611
2.452428,2,10597.721882,True,True,0.003521073359986776,13.350431684965969
6.209864,1,10599.269034,True,True,0.00023136803461436956,6.680306533656622
8.829291,1,10600.827308,True,True,0.005214053677562487,1.958698468890459
4.26351,1,10602.525916,True,True,1.3279421147774362e-09,10.195897121250365
7.719389,1,10604.114722,True,True,0.0046773134504226425,3.963031369265737
9.697007,4,10609.498549,True,True,3.2848309834573937e-10,0.0025623830977412093
8.663966,1,10611.116621,True,True,0.00520846364202834,2.2526523996990835
6.48861,5,10614.497572,True,True,0.0008536656234450924,6.392854354056129
3.573456,1,10615.936972,True,True,0.0005548634529223741,11.441182980294634
7.601081,1,10617.737093,True,True,0.00031972601553599544,4.171259512154518
8.379504,1,10619.397573,True,True,0.0003005428306763767,2.76190400091691
8.266041,1,10620.650439,True,True,0.011818896262547382,2.982018227836246
8.720177,1,10622.181568,True,True,0.003140488056220442,2.153596953034831
6.028099,1,10623.783553,True,True,0.004822116421564285,7.015467767544985
3.592014,19,10639.930287,True,True,0.00015790407137432003,7.892251007560614
7.364399,2,10642.885792,True,True,0.004594150968962225,3.9689708578729572
8.614842,2,10645.476902,True,True,6.447325884370014e-13,2.150320271000286
4.286816,2,10648.252092,True,True,0.0005069741327921292,10.024172957110025
8.903293,1,10649.457397,True,True,0.0024694263308067538,1.82225164628195
5.748003,1,10650.911386,True,True,0.00013832258726872299,7.517228692497789
4.643257,1,10652.571756,True,True,0.0028632123427438424,9.512691839777478
7.512529,1,10653.750276,True,True,0.004237840308314818,4.336047876358281
8.457795,2,10656.151206,True,True,0.004747881011498504,2.558907161398303
7.622884,4,10661.212825,True,True,1.0478665192492631e-09,2.849972599285488
7.865207,1,10662.359218,True,True,0.004952995336863088,3.6998123979352426
0.193443,1,10663.982701,True,True,0.00023945778840952277,17.535968182307055
0.782065,1,10665.033207,True,True,0.0036154087529645562,16.476600278952404
5.633349,1,10666.6694,True,True,6.327143455800086e-05,7.724091567897384
8.054332,2,10668.338535,True,True,0.005666445395584974,2.658035562550568
9.801744,2,10670.980222,True,True,1.9988661547946843e-09,0.024069824799742116
8.668867,3,10674.573898,True,True,9.521541727662782e-05,2.033774731559046
8.996543,2,10676.262928,True,True,4.277524166906854e-05,1.4900609960941202
8.031173,1,10678.128473,True,True,0.002881118081099532,3.3970187128382956
6.104075,4,10679.82282,True,True,0.001982653557218353,5.791633451723126
9.09265,2,10680.920129,True,True,0.0013110958170817946,1.3193865102867663
-0.137498,3,10684.900192,True,True,0.004771658589445379,17.559636213573057
6.804227,1,10687.263073,True,True,0.0006847152290627122,5.611151211700191
-26.34658,60,10738.991124,False,True,0.014329200934864863,10.61399311196659
5.255335,2,10741.913429,True,True,0.004560188652559852,8.394468774971706
8.828838,2,10744.608036,True,True,0.00423621300714541,0.8603714670131818
7.530093,1,10746.012884,True,True,0.0010530839499635729,4.3009398690730025
9.786045,2,10747.261038,True,True,3.701815069756531e-11,0.04411617836564767
4.569666,2,10750.094243,True,True,0.004046369735554535,9.450345450908909
6.127715,1,10751.627098,True,True,0.00018927515663077436,6.831910230036444
6.775633,1,10753.261027,True,True,0.004697461391799548,5.666723943770722
9.373254,1,10754.873055,True,True,1.4647215353916357e-10,0.9693886594058041
-30.34835,60,10832.540843,False,True,0.024352244394841356,51.79903293691256
6.91301,1,10833.806489,True,True,0.0007915364693377707,5.414864159051574
9.908431,1,10835.105338,True,True,2.743575755470573e-09,0.00256277592518369
6.067725,9,10845.015632,True,True,0.00941441421028649,5.3859310329179255
5.856046,1,10846.531328,True,True,8.582616009385462e-06,7.322100497630525
6.762372,1,10847.744816,True,True,0.0041935770314111285,5.689573450782254
9.080155,1,10848.986887,True,True,7.935285891921828e-12,1.49973680661932
8.249076,1,10850.235456,True,True,2.0958879076715675e-10,2.9999640858919756
6.737524,1,10851.922372,True,True,0.006643443567359311,5.733718945491137
9.317933,1,10853.362711,True,True,2.7746637755170223e-05,1.0701039407405468
9.791847,3,10857.257509,True,True,0.0022366502531250255,0.33188218005446113
1.413052,3,10860.128885,True,True,0.0034328475097149228,13.805322916131027
8.256171,2,10862.513101,True,True,0.0009144204491839947,2.7989770623255583
8.897979,2,10865.434423,True,True,0.004019603379622781,0.8143804339299715
6.771198,1,10867.308361,True,True,0.004678718807364368,5.667616483706344
7.706611,7,10872.335246,True,True,0.008682801818983177,3.1199903346470927
3.078886,1,10874.089806,True,True,5.959052695736489e-11,12.332871531182015
8.400267,2,10875.755445,True,True,0.005397216956652643,1.35703979755227
7.215021,1,10876.969295,True,True,0.006183611494490454,4.87215033298751
9.486139,2,10878.721261,True,True,0.0022469809476713684,1.6288344497676635
4.281384,1,10880.545956,True,True,0.0023829058788349625,10.165508020059576
9.905537,1,10881.752778,True,True,2.5269786731971985e-11,0.0025657635392831355
9.625354,2,10883.04152,True,True,0.0007459071384888188,0.1763007896377135
9.056306,3,10884.205725,True,True,0.00032500901721549055,1.3942883035370157
3.492823,10,10893.174722,True,True,0.004846941913345046,10.021226715535363
7.493201,1,10894.26888,True,True,5.547547139205314e-07,4.366389741726049
6.927624,3,10898.119675,True,True,0.004739673531138004,5.114373896901857
6.01626,1,10899.252829,True,True,3.312186792056473e-10,7.032380980606747
6.499385,3,10902.077987,True,True,0.004198736616554583,5.163951595169739
7.523494,2,10903.887736,True,True,1.2874957567623704e-10,3.004690756489832
0.288483,1,10905.470782,True,True,0.004249729429562814,17.366652065265534
3.774088,4,10910.790167,True,True,0.00029874048973277823,8.826751773020154
9.257642,1,10912.472324,True,True,0.001236271244659639,1.1801354964592168
7.261937,2,10915.416646,True,True,3.133881383673197e-12,2.9995546226138945
8.882206,1,10917.159541,True,True,0.008818696768113407,1.8670487617535982
8.317321,3,10919.629606,True,True,0.005780319878073649,1.348761165329263
8.846464,1,10921.459966,True,True,0.003947189734437194,1.9263484757572749
7.986021,4,10923.959141,True,True,0.009325549445437583,0.6027359148796554
9.908582,1,10925.132871,True,True,2.6534920094523073e-11,0.0025624901996803054
4.530811,1,10926.330349,True,True,0.004062161410705305,9.716822278245864
9.173125,1,10927.973271,True,True,3.561810441877614e-10,1.3308952446432716
7.259133,4,10933.842009,True,True,0.0005819860311167113,3.0836418397090015
-1.099701,3,10938.044802,True,True,0.0011426744310778997,17.06506267702551
2.098628,3,10942.174542,True,True,0.0006371160984817194,13.391557308912278
6.509773,1,10943.982926,True,True,0.0048531052095002305,6.146712276021957
8.296044,1,10945.102564,True,True,0.0003824467532347036,2.9168204935705133
8.361691,1,10946.765197,True,True,0.0009816358605286202,2.7989659519041954
8.69837,2,10948.046427,True,True,0.005996832191324781,1.7316961688857546
3.908283,4,10952.115174,True,True,0.00012923914569963873,9.487170232106289
2.444991,2,10954.448996,True,True,0.0005862237946535308,13.610719265308715
9.11279,4,10958.373295,True,True,0.0026322364599916694,0.48661696590699394
7.707366,3,10959.574486,True,True,0.004537377174275697,3.8850747582913447
-18.709568,60,11000.845921,False,True,0.036666575322601445,21.92028715227201
7.725006,1,11002.440369,True,True,0.005101986694702798,3.949292034505698
9.908089,1,11004.094246,True,True,5.765800336832116e-10,0.0025627921376220105
8.479868,2,11005.294329,True,True,0.00548688342088949,2.1261951936817836
2.210644,2,11006.498722,True,True,0.0004670620658864706,11.791197495310595
7.523256,1,11008.245064,True,True,0.005860961426681681,4.316390350040509
1.610821,4,11013.745183,True,True,0.002107721871277385,14.89918345755245
8.082033,2,11014.918106,True,True,0.010232170905426382,2.2008884923235934
9.321521,2,11016.651582,True,True,0.004335725760344472,0.8757964430028372
7.164136,5,11018.491592,True,True,0.00013369909857855865,5.344030900757917
7.822316,5,11023.80672,True,True,0.004828998096482837,2.491007981169036
7.986161,1,11025.520834,True,True,0.0033204299641062503,3.479337377811616
5.536244,1,11026.756558,True,True,0.006166873507659907,7.90396107811769
8.252922,1,11027.807996,True,True,9.55381954104162e-12,2.9942507780265153
6.195776,2,11028.975354,True,True,0.004251085948394975,6.585334844870337
7.676018,3,11032.877264,True,True,0.0012751757920252751,5.205978137296689
2.160613,2,11034.537664,True,True,0.004008387593827822,13.553026124836993
5.341015,1,11035.660524,True,True,0.006621961195925049,8.257161717814883
7.481776,2,11037.984988,True,True,3.148909394480685e-10,4.240283535562058
9.002188,1,11039.747234,True,True,0.005440790315357838,1.646857164261789
7.513963,1,11041.496269,True,True,0.005858626753309925,4.332943142748787
6.986732,1,11043.291459,True,True,1.992470077816222e-11,5.276379232913922
8.00415,1,11045.100852,True,True,0.004153155102577075,3.4483128421604072
6.736189,1,11046.823515,True,True,0.00034905077262847167,5.733639811809321
8.24977,1,11048.418195,True,True,7.537344706709526e-11,2.9999143664865033
7.541228,2,11050.231878,True,True,6.948247435169651e-11,4.131501268774643
6.159439,2,11052.568958,True,True,0.00011961833708870828,6.649044274104269
5.56654,4,11056.120165,True,True,0.004319326355902806,6.166763785973524
6.282047,1,11057.798148,True,True,9.651907051377862e-11,6.55257459675414
9.115858,1,11059.065539,True,True,0.005039966519847033,1.438518028374582
-1.991354,16,11078.236657,True,True,0.0070539429688001596,10.745912683893708
3.209325,1,11079.389266,True,True,0.00016477083214113016,12.097714563307512
8.30454,1,11081.109999,True,True,0.0005493556352792623,2.900080663570393
4.085737,1,11082.76776,True,True,1.1164330284054585e-06,10.516624117599761
9.908579,1,11084.482976,True,True,1.611475785902057e-11,0.002567917521866417
8.226987,2,11088.094604,True,True,3.160158801307489e-10,3.35269192927283
8.580053,1,11089.822881,True,True,0.0057034701109752286,2.4100698767425413
9.738462,1,11091.476261,True,True,0.0013356971902163692,0.31123016699706013
6.366154,1,11093.170931,True,True,0.002776532278952461,6.403997209601761
6.522305,2,11095.552065,True,True,6.209828484760038e-11,5.9996384352457195
8.249448,1,11096.886072,True,True,3.2341717870154956e-11,2.999189244895343
9.356982,2,11098.5017,True,True,0.002218418885130311,0.40568633235767293
7.499989,3,11100.215056,True,True,0.004867982681171286,5.019976970403175
4.075023,1,11101.288716,True,True,0.0020680295171023643,10.537536269972529
8.277718,2,11103.584243,True,True,0.0010020641187112947,2.7604178389367893
8.184215,1,11105.222069,True,True,0.0014905650591703638,3.120040891128601
7.698831,1,11106.449421,True,True,0.003411047870109013,3.9980786591783803
4.679437,1,11107.83356,True,True,0.0023932379536804587,9.447399372474559
1.64484,1,11109.349455,True,True,0.00022143184292386636,14.919196370368894
2.23869,6,11113.602361,True,True,0.004349177092604173,9.957363203311418
0.931701,1,11115.337443,True,True,0.009107972931627618,16.206707439392083
9.813656,2,11118.715238,True,True,3.037998538679463e-11,0.0025630336054849314
5.324364,1,11120.452088,True,True,0.004224874875341117,8.285285038771006
9.823984,1,11121.622824,True,True,0.000764311629101552,0.1565645289044845
5.104389,2,11124.462046,True,True,2.584084751733329e-10,8.241690632120996
2.381284,3,11129.665467,True,True,3.71426872300077e-05,12.78915521352412
1.849552,1,11131.317569,True,True,0.008644040339280653,14.554833666159553
4.384977,1,11132.98724,True,True,0.004586828313426353,9.97990649321693
8.562845,1,11134.68006,True,True,0.004560209981979334,2.4398517913218134
5.155129,3,11136.425374,True,True,0.00630429565872094,7.897012606955771
3.461531,1,11138.025481,True,True,0.0045796253490381945,11.645878088615246
7.041354,1,11139.285337,True,True,0.00031869467859926837,5.17885191614417
9.4477,5,11144.548758,True,True,1.9613685953157045e-09,0.13323608157945194
6.609998,1,11146.092937,True,True,0.005688664803447264,5.96611639448596
7.391969,1,11147.678304,True,True,0.005477399104187819,4.552181143457794
5.276417,1,11148.975119,True,True,0.002331077453969787,8.370220513207679
5.064511,1,11150.476745,True,True,0.00047053293298305633,8.75101196484415
3.01662,2,11153.358616,True,True,1.8073622459757743e-11,12.488074702887706
9.905552,1,11154.924781,True,True,4.380815848969988e-09,0.0025681586497383483
7.6153,1,11156.153185,True,True,0.000875218269566741,4.146549766679812
7.761213,1,11157.818735,True,True,0.0062093184649737445,3.888739692201292
2.493147,3,11161.727116,True,True,0.0019526362840451075,12.962948266497538
4.069012,2,11165.109917,True,True,0.0005979750380785166,10.418164193642031
8.818735,1,11166.835478,True,True,0.004772312334778761,1.9773542862027118
8.458281,1,11168.574872,True,True,0.004204890558821359,2.628287076386238
8.182193,1,11170.389373,True,True,1.6430980078256862e-11,3.122011801785629
8.478517,1,11171.625868,True,True,0.010591043251456045,2.594762267849988
-0.272435,3,11174.922692,True,True,0.00439238607493049,17.91768439195985
3.863032,2,11177.572203,True,True,0.00429788421873829,10.17071105518954
8.379051,2,11180.279958,True,True,0.005070128591627714,3.706168104927764
8.665229,1,11181.884614,True,True,0.002023967316878497,2.249931971372882
9.907987,1,11183.099047,True,True,1.3666848367927386e-10,0.002565206503808868
8.913739,1,11184.789302,True,True,0.006174019577844457,1.8079875809473978
3.705459,3,11189.086072,True,True,0.00012133992273541828,10.746595276141681
5.790928,2,11191.991629,True,True,0.002834798868600425,7.306379727242576
8.748734,1,11193.60692,True,True,4.847818648603215e-07,2.0985539701424565
5.229758,4,11198.790987,True,True,0.006195797884996902,6.64456546139718
7.28891,6,11207.290033,True,True,0.0040149657443103864,2.8873604948532368
9.908162,1,11209.201318,True,True,2.924813169435936e-11,0.002562928090524809
5.515743,1,11211.085838,True,True,0.004808679427565212,7.940458753030146
5.986169,1,11212.603959,True,True,0.004307381180224918,7.091167733602233
6.260023,3,11218.390124,True,True,0.011462354908546052,5.500730624432143
9.573057,1,11220.273221,True,True,0.002924967976941164,0.6129671029719141
7.245667,2,11223.756558,True,True,5.0105720965407436e-11,4.238295130683646
8.423985,1,11225.303521,True,True,0.004715322557691276,2.687661536204611
8.723816,1,11227.237199,True,True,9.094463051856675e-05,2.138808194404339
-0.541344,13,11238.792121,True,True,0.005992695764473657,17.420282918607523
2.848716,3,11241.417907,True,True,0.0001643586180114231,12.489278458786243
0.056844,3,11242.71664,True,True,0.003906526837723825,14.37971574961573
9.90667,1,11244.119984,True,True,1.5865630418885157e-11,0.002562521774696389
9.046827,5,11246.959611,True,True,0.00013390926731197787,0.94926660773486
8.076194,2,11251.061867,True,True,0.003693833853389936,3.5737190908622094
9.874161,1,11252.388723,True,True,0.0002636040487466608,0.06329696992437117
8.778054,1,11254.056823,True,True,0.002340365258523117,2.047649648695438
1.529339,4,11256.031105,True,True,0.00949434256936049,14.553675210086922
7.421369,1,11257.156941,True,True,0.004831710246658514,4.501228602667235
1.569535,1,11258.240165,True,True,1.1532969931473541e-06,15.054848513298456
7.934291,1,11259.351089,True,True,5.352726016309706e-06,3.5697853052048085
9.103218,1,11260.574935,True,True,0.005242561036516945,1.4616452897827852
8.196795,2,11261.632091,True,True,0.0007405858466058429,2.8926241510173574
8.731903,1,11262.815277,True,True,0.005307284678029782,2.135390572347689
9.4487,3,11266.778816,True,True,0.0024260219252066513,0.4524479833258151
9.219644,1,11268.432886,True,True,0.01064091071381866,1.2584503505646454
2.838072,2,11271.645111,True,True,0.0007577633632298245,11.49329844824629
7.262595,2,11274.023112,True,True,0.00016417601728820107,5.949212980994419
9.559065,1,11275.6607,True,True,0.00790274935589907,0.6444719280958763
9.650527,1,11277.298588,True,True,0.002459825092610783,0.47236633440750997
5.614027,1,11279.336484,True,True,0.0005317974800667048,7.759392283852161
6.977689,3,11284.916544,True,True,2.304093325855572e-09,4.494010314735287
9.112233,1,11286.53964,True,True,0.006023535160008228,1.4444782792995956
5.274119,2,11289.775058,True,True,0.0006645606327483084,8.181695238251807
8.24721,1,11291.48646,True,True,5.83822730992953e-05,3.0046393013012436
9.907101,1,11293.251154,True,True,2.6211328246761312e-11,0.002562399028193508
9.17242,2,11296.359796,True,True,0.00987356315414506,1.3613957369265097
6.685486,1,11297.993139,True,True,0.011739843139108495,5.8355818192957445
9.818101,1,11299.300624,True,True,0.00041614167391482127,0.16473336214285897
5.309755,1,11300.824486,True,True,0.004461243439023672,8.31183584468316
6.559708,1,11302.383642,True,True,0.004942265659344261,6.056671218497344
9.279607,1,11303.4652,True,True,0.003076602599827923,1.1429989062519672
9.35219,1,11305.167776,True,True,0.004836946736784795,1.0121640092917112
6.971901,1,11306.954788,True,True,0.009783261632757223,5.316508680158735
4.700734,2,11310.041759,True,True,0.0001606501286382329,9.274998083440265
8.795243,5,11317.436914,True,True,0.007527352371257123,1.5088219916378924
9.311196,1,11318.897441,True,True,0.004264994203890319,1.0877880427766735
8.286183,1,11320.641557,True,True,0.002451008065196361,2.936527345597242
2.142632,1,11322.045521,True,True,0.0012655219682819237,14.022213573470031
7.062088,3,11326.597234,True,True,0.0003964730464710932,4.171564325960057
5.222098,2,11329.931404,True,True,8.604380990644579e-05,7.580382407395767
3.426781,1,11332.258741,True,True,0.009665906226913117,11.71177110480697
7.55392,2,11333.579039,True,True,0.0031312901226484688,3.611128463231144
8.616716,5,11334.84665,True,True,0.0011927487486744666,1.2610221224791816
1.568949,1,11336.104974,True,True,0.00043165859636100975,15.056162856731016
9.133774,1,11337.314354,True,True,6.546761510319903e-11,1.4028490864573935
8.08492,1,11339.139549,True,True,0.0028032543266433563,3.300672305860673
6.382109,2,11342.928123,True,True,0.005888581109277251,5.725613664868903
7.357765,2,11346.774122,True,True,0.0011166864659639744,4.467434042340482
7.343164,1,11348.426281,True,True,0.006661479801415351,4.64420648161009
8.934947,1,11349.637288,True,True,0.005998136379840743,1.7688818138045992
7.630724,1,11350.804131,True,True,4.034306820254829e-09,4.117206715543852
5.623345,1,11352.529535,True,True,0.005203292747485031,7.745896165505175
8.953924,1,11353.81862,True,True,0.008555642579839248,1.7366702784067465
9.447539,1,11355.584944,True,True,0.00417167272398139,0.8413581730441925
8.755697,1,11356.68778,True,True,0.0056352794099556085,2.092603274359654
7.936648,3,11358.979424,True,True,0.005004053659379422,1.88947793266283
8.435672,2,11361.894053,True,True,0.005416704022336542,1.438104833593803
7.932743,2,11364.975588,True,True,4.856922503071459e-10,3.000043566837991
3.671472,3,11369.475478,True,True,0.0013828441593032592,11.124819048152167
8.581493,1,11371.092541,True,True,0.0059483597863162025,2.4073915228559812
-0.059241,1,11372.130626,True,True,0.0046737353372970705,17.993613483159578
9.908387,1,11373.808973,True,True,6.252480837431243e-11,0.0025625418288964708
9.869611,1,11375.399998,True,True,1.0743125139489607e-12,0.06700307307252945
8.785791,1,11377.03975,True,True,0.007090798261153149,2.0397270294254626
9.115991,1,11378.70639,True,True,0.0060204662299934535,1.4372603362502454
7.348215,2,11381.883937,True,True,0.007193594105797478,4.1398836887462265
9.908236,1,11382.979378,True,True,2.4829782406222057e-09,0.002562382244321327
2.302483,1,11384.928588,True,True,6.623954430101664e-09,13.733144785106802
9.450541,1,11387.139521,True,True,0.004168240310922545,0.8328428320785535
-9.53931,15,11402.867305,True,True,0.011884105152487962,6.674062659398946
6.219796,2,11406.628451,True,True,0.004157900919915695,5.836632317076717
7.259569,1,11408.414343,True,True,0.00019838707724580994,4.786215197529128
9.599241,1,11410.05133,True,True,0.0023896117198484307,0.5649457318450509
8.350015,1,11411.761714,True,True,0.002584155749739199,2.821951912752071
6.793906,1,11413.624271,True,True,0.004785028450197159,5.633824774074084
7.836778,1,11415.479702,True,True,0.002704881332885671,3.7485523293264675
8.25066,1,11417.435444,True,True,1.4801186009997636e-09,2.998336770487705
7.304006,2,11419.192287,True,True,2.0689419795438813e-11,2.9999743486432635
8.983538,2,11422.319908,True,True,1.7198807497059425e-10,1.0751994763607173
9.25704,2,11426.261686,True,True,0.0047118533956382845,0.9765141483480866
3.468079,1,11427.354724,True,True,4.782636092715009e-11,11.630860021370966
6.108856,1,11428.619586,True,True,0.0056337910492701565,6.869958244056635
8.253339,1,11430.002964,True,True,0.00014844269583489,2.9903116221949637
8.204006,2,11432.352797,True,True,5.7802793722225255e-11,2.994620717152419
9.386005,4,11435.809345,True,True,0.0008963358624006462,0.23853703564914602
7.555164,1,11436.861179,True,True,0.008148900199647936,4.2559042697030565
-17.946805,34,11460.701194,True,True,0.010831052714013991,5.923893252091766
9.818683,1,11461.769605,True,True,0.0007458773456131,0.16516641170974888
7.425203,1,11462.802721,True,True,0.0010363729865898556,4.490325280234315
5.600078,1,11463.921333,True,True,0.00012515418164226778,7.784195539228452
-32.139176,50,11482.161126,True,True,0.0032412044404688256,5.160967461943639
7.115705,1,11483.189468,True,True,4.986604027242946e-06,5.048059262343874
7.385999,1,11484.296263,True,True,0.005606828652454793,4.561164318174273
9.275159,1,11485.342639,True,True,0.003809926301246892,1.1518986209821214
8.842034,4,11487.586705,True,True,3.950202154762902e-05,1.440770069784928
2.78598,1,11488.718824,True,True,0.001253422922453131,12.86201094079266
9.908137,1,11489.854491,True,True,1.4039561863694295e-11,0.002563576611762107
9.173476,1,11490.992955,True,True,0.004861769126400961,1.3334063415621493
9.457624,1,11492.064779,True,True,0.004123488907514529,0.820679117541299
2.112963,3,11493.156642,True,True,0.00045630830122555394,12.273073322319654
6.209101,5,11496.35915,True,True,0.004549084700472858,5.344930486973144
1.750248,1,11497.463299,True,True,0.0017984596787185582,14.730072061125014
9.080017,1,11498.549192,True,True,1.9318664675582287e-09,1.4999867111762197
9.90719,1,11499.760946,True,True,1.0689718672115979e-09,0.0025642346341058766
7.320419,3,11501.915098,True,True,0.000575227562279664,3.198454766361012
6.496755,1,11503.035877,True,True,0.0038328943311305903,6.169035390639727
9.297371,1,11504.041478,True,True,0.005075025064391979,1.1137635005375393
7.387808,1,11505.121025,True,True,1.2479803405962553e-09,4.5567117221916105
6.550739,3,11507.99999,True,True,0.00011728482838145593,5.423456684715991
3.557062,5,11512.453284,True,True,0.005986143000223749,10.735627808412573
8.247515,1,11513.562049,True,True,7.868833751376698e-10,3.000034404736427
4.222613,1,11514.629797,True,True,0.0024698045443707385,10.271595902510478
9.192224,1,11515.769259,True,True,0.0034908310572651373,1.3005053073974977
7.847498,1,11516.848361,True,True,0.005612334890660995,3.7327100637707824
0.863152,3,11519.038016,True,True,0.0004634795947282746,12.349143178327024
8.97269,2,11521.342449,True,True,0.00011089196787654985,1.5165712346626103
7.647296,1,11522.453262,True,True,0.002973353091447777,4.091129782669744
8.002492,3,11524.574942,True,True,0.0054579251092021774,1.5610412538628695
3.851086,1,11525.732585,True,True,0.004553291483037123,10.943269118948287
8.249367,1,11526.79104,True,True,7.791353425937262e-05,3.0000315837065306
8.254473,1,11527.849895,True,True,8.10226837944235e-11,2.9898026975553695
7.18799,3,11531.105379,True,True,0.0001006056931439174,4.716436126496213
3.990423,3,11532.239104,True,True,0.0020643427226737466,10.176252668723123
2.516766,1,11533.282012,True,True,7.3399927837114465e-09,13.346700023027635
8.766649,1,11534.354121,True,True,0.005439027561479098,2.066890599493488
3.085196,2,11536.499225,True,True,9.517136904946266e-11,12.118662378525151
9.39172,2,11537.510769,True,True,0.0021019714891979124,0.5305502073663689
7.909129,1,11538.628185,True,True,0.004697575258510401,3.6204728927109446
9.908581,1,11539.664955,True,True,1.297193486206112e-10,0.002564226390325281
6.834757,1,11540.758965,True,True,0.011113413906794557,5.565072436727822
4.445636,4,11542.830035,True,True,0.008672648062236502,9.089119904847255
7.635738,1,11543.907335,True,True,0.0011920258933964519,4.109773366493091
9.905848,1,11545.015284,True,True,4.472152748141359e-10,0.0025624237770925924
8.318618,1,11546.09434,True,True,1.7633254578708346e-10,2.8748472329700885
9.904805,1,11547.064174,True,True,2.8931701252488377e-05,0.0077706656277373885
8.322539,5,11549.332103,True,True,0.0004428963606730382,1.5623699761196634
8.196411,2,11550.37219,True,True,0.0005019315781762539,2.9463552807604994
9.655506,1,11551.49647,True,True,0.002507356822988206,0.46343316210797764
-22.324996,60,11604.358001,False,True,0.021392972860361164,32.81905869172157
4.934038,2,11606.218281,True,True,6.077165284502396e-06,8.553326903054252
6.270737,3,11608.2587,True,True,0.00010643174210166542,6.75936488421951
8.15136,3,11609.451507,True,True,0.006124785985527459,1.5115634146054377
8.257148,1,11610.501051,True,True,6.060885034569422e-05,2.986691297190023
5.044474,4,11614.667764,True,True,0.00012040724896552387,6.367937998890167
7.261894,1,11615.736622,True,True,1.4702505116006958e-10,4.783174484070979
6.636781,1,11617.541368,True,True,0.001246311516159412,5.914011446467053
8.495077,3,11618.726668,True,True,0.0023504682098008803,1.7672719430992085
10.368091,2,11620.905596,True,True,0.00034213967323885874,0.07714324737702756
7.806622,1,11621.987711,True,True,0.0002165921089377588,3.800612063459438
6.244237,1,11622.99333,True,True,1.8450483891071617e-09,6.621004353357182
7.402981,1,11624.055578,True,True,0.007390031278895771,4.53636172889138
8.66714,4,11625.163659,True,True,0.0009890560906563838,1.587759008134355
8.663208,2,11626.238013,True,True,0.008284252056878424,2.4215113083819646
-46.110293,60,11667.12809,False,True,0.022999827272459736,20.399453069317317
9.908235,1,11668.453671,True,True,1.4066088556958203e-09,0.0025636532404639785
8.949802,2,11670.72424,True,True,0.002546650023016615,1.4156987898640174
9.440031,2,11672.886108,True,True,0.001331416882796075,0.3582076903589288
7.743803,2,11674.919085,True,True,0.005610028336014768,4.233831339486575
8.010353,1,11675.993031,True,True,0.002927417873072616,3.4357609403860923
7.160116,1,11677.163106,True,True,0.005746253900295904,4.972984968502157
8.914165,1,11678.314579,True,True,2.0234112996231346e-11,1.7969872390724917
9.177154,1,11679.448933,True,True,0.005772205727693866,1.3314205392451792
-17.37319,60,11732.035496,False,True,0.017718581028790394,17.562847331307157
2.24324,2,11734.209234,True,True,0.004573986389785839,11.862993104805165
5.837571,2,11735.271774,True,True,8.984637628279245e-05,8.281626839782323
7.56045,1,11736.514915,True,True,3.8509887091144894e-10,4.242388819615711
1.201914,2,11738.630118,True,True,0.005314002737062496,15.71474545142005
3.774698,1,11739.811857,True,True,0.0037906768766090126,11.077959276559023
5.449832,1,11740.89513,True,True,6.995730661967653e-05,8.055304715566951
6.409918,5,11743.15379,True,True,0.0026368730968097387,5.363200971145898
8.581901,2,11744.164214,True,True,6.616421230343228e-09,3.2071677666817577
9.033612,1,11745.235326,True,True,0.0052739684112598495,1.5853784009870402
9.905775,1,11746.393749,True,True,1.1088852613916345e-09,0.002562392485341156
8.249769,1,11747.44234,True,True,1.8539701024389288e-11,2.9999470583773045
8.907995,2,11748.559379,True,True,0.01092326725520046,1.6792884754443025
8.71208,5,11749.712185,True,True,0.007077752209993817,3.51553108227597
2.318697,2,11750.679123,True,True,0.00029697378401935537,13.581386909370018
-0.478152,3,11751.830357,True,True,0.0024786636220982764,17.841706713982514
7.328,3,11752.933512,True,True,4.663959149442398e-11,3.153496030696883
5.696646,1,11754.072578,True,True,0.0050544548357095995,7.611818785227626
7.547115,3,11755.177428,True,True,0.008591207366869498,3.02501884796254
3.496032,1,11756.303816,True,True,0.002069399967407532,11.581926918473183
4.50024,1,11757.434937,True,True,2.519671277179114e-11,9.768781639803445
7.165064,5,11758.663097,True,True,0.0006101402741917408,4.064444299214414
-1.19452,7,11759.822149,True,True,8.143691104024915e-05,17.177630564348103
6.20711,1,11761.003683,True,True,1.0919925868694072e-05,6.688420679972613
0.348339,2,11762.089796,True,True,0.001448496008303891,17.32291863431419
8.301217,1,11763.226052,True,True,4.7525247059764684e-11,2.9069392749678085
8.128946,3,11764.392209,True,True,0.00847229265036163,2.4364813911109406
1.484354,4,11765.483296,True,True,0.002742091492359785,14.628483638762749
8.941503,1,11766.527686,True,True,0.0026256180781353013,1.751892711688862
7.629101,2,11769.013388,True,True,0.004667555346126951,4.370562486628441
8.389889,1,11770.797379,True,True,0.0023527347609455657,2.7496646028334686
6.126176,2,11772.716673,True,True,0.0016434984404478169,6.67229612227572
9.906998,1,11774.466906,True,True,2.837290067853606e-08,0.0025870847519036465
1.399035,1,11776.049657,True,True,0.004683873965280874,15.364917778839258
-10.351187,60,11836.928621,False,True,0.00239221141324784,14.294244465988072
9.075156,1,11838.289652,True,True,0.010054836051983804,1.5182034253148544
6.163793,1,11839.392589,True,True,0.0046695345643555436,6.7709446770873765
8.235911,2,11841.778432,True,True,0.00032991894577142494,2.926710488730203
9.90806,1,11842.965133,True,True,2.451595123941361e-09,0.0025623468271455405
8.251154,1,11844.131393,True,True,2.36270768756346e-10,2.9974447504205344
7.552449,2,11845.762902,True,True,0.0037509219101767616,4.119838654625733
9.908581,1,11847.052276,True,True,1.2395305615253704e-10,0.0025642401773227543
7.584654,1,11848.21727,True,True,5.936443003839997e-11,4.198767053769723
8.765973,1,11849.469054,True,True,0.007190295749074162,2.0748578456400164
8.288335,1,11850.618785,True,True,0.0007810522298371486,2.9312259715246745
9.155417,1,11851.881826,True,True,0.0049058719537985775,1.3696428004318448
8.350183,1,11853.141614,True,True,3.2967204660616645e-10,2.8185605556089897
1.025912,1,11854.434491,True,True,0.003671185988276291,16.03704132420593
8.752963,1,11855.721899,True,True,0.003049577914378109,2.0946991302996865
7.390539,1,11857.005642,True,True,9.423141377864153e-12,4.549055937641827
-1.552528,21,11871.459691,True,True,0.00895667009712865,16.66897387016264
8.174833,1,11872.5609,True,True,0.0010954069339878744,3.1366097241435145
2.669183,2,11873.774774,True,True,0.0004115025593471634,12.868311486702051
9.8134,1,11874.995971,True,True,3.3302766362225154e-11,0.17026786423060897
7.069265,3,11876.176701,True,True,5.157827249754887e-05,4.244417664609576
0.900483,1,11877.30075,True,True,0.004804786795903267,16.263739424143253
8.99673,2,11878.460216,True,True,8.537892751410553e-05,1.4729005325730735
4.924895,1,11879.735008,True,True,7.412875868695323e-12,8.999996420229163
9.076755,1,11880.942109,True,True,0.0010508286218926233,1.507010289767815
-0.926277,5,11884.639252,True,True,0.0028634835414006457,16.015173662599526
8.715703,2,11886.911025,True,True,0.004586228731242606,1.8846475769673983
2.542101,1,11888.306046,True,True,0.0067734403188564225,13.305223727225979
6.679617,1,11889.634526,True,True,0.0028138621527680346,5.838043704525483
8.702393,1,11890.873252,True,True,0.0003123948315974377,2.1826735497762515
6.536781,1,11892.169894,True,True,5.406272651775623e-12,6.091212990553074
2.256122,4,11895.975639,True,True,0.0043397515576332054,11.283516012399188
9.908579,1,11897.336067,True,True,3.653164619768501e-11,0.0025689109821309393
4.557942,1,11898.617836,True,True,0.0006438208074030262,9.665197290340993
3.786183,2,11901.32919,True,True,0.0004975162922593547,11.046101854896413
7.871221,2,11903.843384,True,True,0.003662394309474727,3.5949489161662926
3.555378,4,11908.721234,True,True,0.0010588304175540191,10.321484339853066
3.010841,1,11909.923224,True,True,3.761775613231322e-11,12.455602453540477
7.372023,1,11911.006148,True,True,2.3484865483956903e-05,4.585242185517593
5.687391,1,11912.27936,True,True,1.3183816538475668e-08,7.619217259922995
-0.985544,20,11935.504409,True,True,0.004830365773644782,7.047145724816642
8.068489,4,11937.939803,True,True,0.005933222296596683,2.886819005336078
9.818588,2,11939.000478,True,True,9.936249827764168e-10,0.002562374421292493
9.086112,1,11940.256146,True,True,0.0065828881040714505,1.4968719247403681
8.199996,2,11941.466906,True,True,1.3854583539446574e-10,2.9657376173760306
7.107568,1,11943.338697,True,True,0.011206071307368642,5.073241650839377
9.869864,1,11944.629178,True,True,0.0003641134855115347,0.0726460476441641
6.203086,1,11945.77601,True,True,1.8097979859880278e-11,6.695675154901102
9.86469,1,11946.865073,True,True,0.004312269388811696,0.08784484482770842
7.538821,1,11948.162249,True,True,5.012365997477449e-05,4.283649967255938
9.792618,1,11949.250825,True,True,0.0009840427618328373,0.21342921233434584
7.801884,1,11950.564301,True,True,0.011514962891920277,3.8208174727379767
6.067345,3,11954.110442,True,True,0.005770920245979122,5.85306473435428
8.314192,1,11955.266572,True,True,0.0001948017218049783,2.8838112375422353
8.116028,1,11956.373338,True,True,0.0010662882031660208,3.2427867955615337
2.341112,2,11958.538976,True,True,0.011591500089410045,13.818006069839978
1.754961,1,11959.794164,True,True,0.001008926956501368,14.72110502094054
8.625708,2,11961.025245,True,True,0.0008959349207133034,3.1122206791817124
6.922991,2,11962.290799,True,True,9.023541209673622e-05,5.252724628769196
9.907826,1,11963.537987,True,True,9.54409693906706e-10,0.0025623570683069225
9.250251,2,11966.085792,True,True,0.0023877016446977872,1.2682154625869806
6.796188,1,11967.178909,True,True,0.0019365827611980031,5.624803113484103
8.249652,1,11968.368672,True,True,5.606578951100616e-10,2.999998276888247
9.079573,1,11969.501168,True,True,0.0030606256300956887,1.5013395022844027
8.918818,2,11970.845274,True,True,8.975733431191256e-06,1.1871745562001659
1.314538,1,11972.191342,True,True,0.00288832134103819,15.516275526837267
8.773447,4,11975.891798,True,True,0.003192077674000371,1.2686105756651016
9.209924,2,11978.5154,True,True,0.005171224709273029,1.1140782527093198
-35.868856,60,12042.583089,False,True,0.04239191819821316,14.834659747263196
8.003696,1,12044.275052,True,True,0.00040568097192706515,3.444899607097866
1.055266,1,12045.875105,True,True,0.00045108555022534396,15.982363710728258
8.24357,1,12047.245955,True,True,0.005466484507432174,3.0169997937545197
9.908338,1,12048.680233,True,True,4.931279200494411e-11,0.0025625827901791932
2.050703,1,12050.286865,True,True,0.003898076198552612,14.189562926269836
8.768643,1,12051.84502,True,True,0.0046123340890760495,2.0682311246338667
6.645132,1,12053.591859,True,True,0.00018741448063549267,5.8978659871669485
9.875727,1,12054.947492,True,True,7.091437357240786e-05,0.06205205882683374
4.449083,1,12056.359672,True,True,0.0021821066066248576,9.862818340494202
6.157917,2,12058.893831,True,True,0.009398923638352636,6.654730435158473
8.119539,1,12060.213971,True,True,0.0010791512964764157,3.236460572630893
8.287492,1,12061.38971,True,True,0.0004201588974639412,2.9312556556774827
10.312862,2,12063.832704,True,True,3.770922362561491e-09,0.0025627979683861555
-18.693264,60,12116.103716,False,True,0.013907206059260118,74.79656673740753
2.378435,1,12117.341936,True,True,0.002468444074485027,13.597747617657948
6.385147,1,12118.494853,True,True,0.0023402068038578553,6.3688092456239485
3.66194,1,12119.653347,True,True,0.00445961970863052,11.284350016498033
6.367032,1,12120.887781,True,True,0.0018367152668143233,6.400796299657648
9.62049,1,12122.072444,True,True,0.0020067297247528147,0.5256283925355505
8.020363,1,12123.189354,True,True,0.004225440337934465,3.419116687114534
7.44014,1,12124.600283,True,True,8.945832474282003e-07,4.460314734036805
5.867063,2,12125.93931,True,True,0.009207134892458774,7.379717290264683
2.66056,2,12127.787866,True,True,0.005191234033351686,11.527722527160506
8.733029,1,12129.342396,True,True,0.005344964853039932,2.128611668586754
10.034229,3,12132.82107,True,True,1.1860580573230806e-10,0.002562360197542514
9.908133,1,12134.053356,True,True,7.0802199361583e-11,0.0025625295972753737
0.452081,1,12135.19943,True,True,0.0004156335910831029,17.06980429980548
1.729287,2,12137.566889,True,True,0.002331051207292951,14.639156696289456
5.699907,2,12139.842904,True,True,0.0023946695032228413,7.471289474085866
7.565734,1,12141.121053,True,True,1.6413662096148585e-11,4.233066038145293
9.442021,1,12142.350627,True,True,7.12134320561403e-10,0.8455457803267621
1.344014,1,12143.470476,True,True,0.004613230117404322,15.464072068893362
2.545842,2,12144.56252,True,True,0.0025162015154572247,12.706095327730498
9.85487,1,12145.70415,True,True,9.416522162714047e-10,0.09962121580225321
7.185969,1,12146.828686,True,True,0.004806056635842904,4.926151962746103
8.234496,1,12148.021331,True,True,0.00088806298184324,3.02777226362268
6.921925,1,12149.214586,True,True,0.00011738963365593168,5.398063066587802
6.562442,1,12150.334588,True,True,9.137383189024989e-07,6.046958849522896
5.23202,1,12151.522695,True,True,0.00047562858960258,8.44794626622526
8.359549,2,12152.751586,True,True,0.005154375888379402,2.6512444517899962
7.401214,1,12154.762922,True,True,0.0001976199033584935,4.532475428454151
5.936291,3,12156.956162,True,True,2.285492412053563e-10,5.715982404979854
9.286364,1,12158.441578,True,True,0.00029577352948963014,1.1275141262434791
9.468798,1,12159.761674,True,True,0.0026027734532015623,0.7946187549084104
6.558833,1,12161.083288,True,True,0.005823002894148014,6.058304624659028
7.91748,3,12165.270217,True,True,0.0033063272642977204,3.635060036284715
7.875265,1,12167.107073,True,True,1.167792171752292e-06,3.676388479092375
7.33738,1,12168.246867,True,True,1.0279402329338438e-11,4.646424700259944
7.973649,5,12174.065394,True,True,0.0015050618583952802,2.7789084652901477
3.653768,1,12175.342588,True,True,0.0027926615492443983,11.29792953983857
3.098586,1,12176.773902,True,True,9.024289454595547e-09,12.297337933101993
-0.53045,2,12179.195006,True,True,0.00019844181953315807,15.559999686020488
2.698365,1,12180.310679,True,True,0.0005785039552953231,13.019572889913688
-1.848749,4,12184.552767,True,True,0.00042063417607726434,17.346839266284636
9.096833,1,12186.191992,True,True,0.006098778839131766,1.4707352257016122
9.189783,2,12188.544715,True,True,0.006096522604689912,1.155568320178133
9.90741,1,12189.717028,True,True,2.049612474718048e-09,0.002562627021940219
7.601197,2,12192.950988,True,True,0.003035822982622501,4.027942837518764
9.908708,1,12194.704911,True,True,0.0001582065422283073,0.002564339953177543
6.428333,3,12198.096071,True,True,3.1591171345546343e-10,5.33643439552262
7.872191,1,12199.730305,True,True,7.226081153007859e-06,3.6819469933268305
9.147173,1,12200.939077,True,True,0.005738199063890797,1.3836481976116886
8.837671,2,12203.419786,True,True,0.008470348444381553,1.8085877418251297
9.905123,1,12204.605191,True,True,4.721457391720918e-10,0.00256603185623747
8.384644,2,12207.277583,True,True,0.0032586979006390404,2.428226773892184
8.006757,2,12209.519993,True,True,2.0385228921560028e-10,3.2052497471535206
9.811264,2,12211.933731,True,True,1.508865873456114e-10,0.002562747624278033
8.637871,1,12213.140201,True,True,0.004233075574464087,2.3039758619398754
3.047412,1,12214.521145,True,True,0.0019799133726339344,12.391002278522633
5.318746,2,12216.694878,True,True,8.284502754510401e-05,8.427854744564002
5.078127,1,12217.847078,True,True,0.0004860424190664932,8.72645419466828
9.908385,1,12219.299109,True,True,1.6454311438901821e-09,0.002565769221245803
9.775585,2,12221.846883,True,True,0.0001716459913458394,0.05171186707044738
9.378687,1,12222.929127,True,True,0.004621766127872003,0.9663086363704014
4.662379,1,12223.972274,True,True,7.900114209240076e-05,9.476297866105181
1.709839,1,12225.20085,True,True,0.0003264676393925207,14.802056051292956
4.02041,1,12226.318454,True,True,0.001715967273915828,10.635790293213507
8.305704,1,12227.796273,True,True,0.005214924925760492,2.898673123713949
9.654394,1,12229.252518,True,True,4.070906655756734e-09,0.4616834100184096
7.634,1,12230.824535,True,True,3.225135444668109e-10,4.1109462612147825
9.90858,1,12232.22962,True,True,3.279675337541056e-10,0.0025675020589358438
6.058322,2,12234.789767,True,True,0.004147827231327741,6.801631853477762
1.476719,1,12236.477235,True,True,0.0005222260870681285,15.219699468362872
9.115405,1,12238.412359,True,True,0.006014132513679134,1.440766375682026
9.941568,3,12241.880894,True,True,2.188457782397856e-05,1.795252361912517
9.883846,1,12243.111446,True,True,0.00040274245205512596,0.04785355738937057
9.494411,1,12244.358621,True,True,0.0035077318029034365,0.753047353285782
5.35301,1,12245.462229,True,True,1.4860999590377705e-07,8.229976443221602
8.170976,1,12246.568815,True,True,1.0052930363158019e-10,3.142272157769729
9.781336,2,12248.764681,True,True,1.7914671292703354e-11,0.07018162212598307
8.619036,1,12250.119502,True,True,0.004261279941824105,2.3380255764340427
1.560572,3,12252.507077,True,True,0.0043935410796655415,14.585781549867736
8.724423,2,12254.841256,True,True,0.003053193649909399,1.8049215574703867
8.012281,2,12256.215849,True,True,0.004486017761577868,3.56859497971479
9.242205,1,12257.397954,True,True,1.128846146212191e-05,1.2069279831740296
8.072584,1,12258.623142,True,True,1.0318584659496643e-06,3.319995350116925
8.027857,2,12259.789965,True,True,0.005459849731639668,1.912484583179618
9.908293,1,12261.016695,True,True,6.973897570539123e-10,0.0025643761955823916
2.643733,2,12263.541152,True,True,0.002665705289180793,12.997186208805825
2.334956,1,12264.929828,True,True,0.00045111532133365086,13.67487543022772
9.908133,1,12266.264657,True,True,1.0462515632905343e-10,0.0025623579217351903
4.594879,1,12267.482801,True,True,0.0020026417179386186,9.59964631840105
9.903039,1,12268.707315,True,True,1.5774282392247256e-05,0.012604770693082004
9.907232,1,12269.984132,True,True,7.467442358910503e-10,0.0025623614776832454
8.90969,3,12274.070826,True,True,0.0030794869363830434,0.7579485928440778
2.188779,1,12275.230586,True,True,0.005213405456892935,13.941371353887094
6.648869,1,12276.545538,True,True,0.0004192740205139437,5.891355668762741
7.603095,1,12277.824526,True,True,0.003971188807913018,4.172258540369181
8.509237,1,12279.351109,True,True,0.004535927507737081,2.534699005893595
9.79,1,12280.561184,True,True,2.812722352912011e-10,0.21407869932294352
9.197704,1,12281.970902,True,True,0.0051536544040897275,1.2932765073341224
7.683943,1,12283.105213,True,True,0.001197891136952279,4.023277117409597
7.448092,2,12285.874538,True,True,0.00012684556450724693,4.296487351496206
9.906272,1,12287.137299,True,True,3.1886118745383385e-11,0.002563357375626411
9.373631,1,12288.534877,True,True,5.977881800678375e-10,0.9635795470834134
7.471126,2,12291.555975,True,True,0.0024021083450638456,3.9843125181802863
6.808408,2,12294.405687,True,True,0.0028570521599300637,5.896050352187579
9.088541,1,12295.87538,True,True,0.003743561785888111,1.488456669736707
8.028799,4,12300.693021,True,True,0.0008794509379472236,2.8936094382081263
8.074436,3,12304.341266,True,True,0.004635579387121681,2.135133283811007
6.526855,1,12305.548553,True,True,0.0029371585756970964,6.114090158442543
9.908401,1,12306.6591,True,True,3.8715948826151054e-11,0.0025630313302755507
9.530888,1,12307.916047,True,True,0.0024114482998982816,0.6879380520994837
9.908231,1,12309.380404,True,True,2.1391629943067638e-10,0.002562371007599699
8.559594,1,12310.500415,True,True,4.635058820742777e-06,2.440266371446964
2.543748,1,12311.627276,True,True,0.0002690350683684558,13.298216498588781
7.47194,2,12313.827787,True,True,2.936288581925577e-10,3.88574295707129
4.665197,2,12316.351764,True,True,0.004549871705004645,9.346315559960052
7.72433,1,12317.46577,True,True,0.0023563460222513492,3.95055976221243
9.247908,1,12318.715963,True,True,5.87533910412219e-11,1.1916746812610295
9.434864,1,12319.82404,True,True,1.6579280251002165e-05,0.858777144167621
3.118814,1,12321.094406,True,True,0.00016069676586442233,12.260966485552297
9.908353,1,12322.54176,True,True,2.3879199768522095e-10,0.002562371718786073
9.127367,2,12324.846105,True,True,0.0022274999703670957,1.2627684426157544
8.91032,2,12328.489731,True,True,2.013589099128705e-09,1.1662458151796469
9.0969,4,12333.451675,True,True,0.0031071959316375857,0.805390975854714
6.405616,2,12334.601587,True,True,3.118290213954627e-05,6.189498033759721
7.184992,2,12336.769619,True,True,0.0023289059667209074,4.782953423361052
8.25376,2,12338.988114,True,True,0.0024943234379641737,2.84616068766465
8.249211,1,12340.113686,True,True,1.1856283173429495e-12,2.999910668880838
5.760111,1,12341.514309,True,True,3.607398821537505e-10,7.494391601185039
9.789999,1,12342.68243,True,True,0.0004598730562308216,0.21755889483869412
8.816707,1,12343.811554,True,True,0.006060760081101304,1.9828326523547597
9.906326,1,12344.925818,True,True,3.664174925110871e-10,0.0025631767974118444
9.702489,1,12346.166174,True,True,0.0009758803538209445,0.3724557043204245
8.192445,1,12347.415356,True,True,4.865215660898592e-10,3.1000974450753325
9.796184,1,12348.576696,True,True,0.0007960937518084596,0.20473504391127523
7.784746,1,12349.892129,True,True,0.005920561560098973,3.845748467477726
8.176102,3,12353.27305,True,True,0.0034134705996468184,2.3245140360086105
7.924964,2,12355.485588,True,True,6.303341193848872e-10,3.9393080033503414
7.919515,1,12356.904566,True,True,0.010046561572563744,3.6057876423231594
8.15684,1,12358.503946,True,True,0.00019288075368183687,3.1680382539918615
7.721345,1,12359.946737,True,True,0.002315209883782517,3.9562764398808485
1.706877,1,12361.210608,True,True,7.243341730731913e-06,14.807202194785988
8.277255,1,12362.340014,True,True,2.0748974344231286e-09,2.9475623475692
3.46323,2,12365.285555,True,True,4.005563794388283e-05,10.889793972876266
8.141953,2,12368.007506,True,True,0.0004013753759090254,3.044825466412134
3.34625,1,12369.667195,True,True,0.0028706435556056942,11.852635917419999
5.649811,1,12371.118289,True,True,0.005252106459203751,7.698718970554305
-24.652102,34,12409.339927,True,True,0.004928019225522082,12.651021048609293
6.392881,5,12414.940061,True,True,0.00018152297179311973,5.4156762764252635
7.102915,1,12416.332602,True,True,0.0034064024171099067,5.074688625168562
8.225211,2,12417.611796,True,True,0.005677221784286052,2.9295414607876022
1.659963,1,12418.736226,True,True,0.0027950412124094558,14.8934418499259
8.374366,1,12420.159492,True,True,0.0007799619491618264,2.7755268612278994
8.249149,1,12421.332465,True,True,1.1356346383634306e-10,3.0000601562494666
7.975561,2,12423.683933,True,True,0.0027592351575769507,3.3450835519273614
7.205635,2,12425.30328,True,True,0.00481111505485711,3.894181954924282
3.462347,1,12426.909872,True,True,4.1539707645865676e-09,11.641198714778374
8.15317,1,12428.285035,True,True,0.005241105558448689,3.179961832748499
6.588726,7,12438.167718,True,True,0.0037649333585939556,4.085400106438835
8.086433,2,12441.720819,True,True,5.393309695397863e-05,3.1446248970061226
5.254486,2,12444.605678,True,True,0.0002515275073108215,8.274065549841149
9.029153,1,12445.869246,True,True,0.0062521735500096955,1.599472179894347
7.780043,1,12447.290689,True,True,5.990426210633615e-11,3.8472452189193973
9.738445,2,12450.060838,True,True,2.8744829182939446e-10,0.10060169004738881
9.521669,2,12452.856119,True,True,0.002734944672819926,0.704355822575193
4.310712,3,12456.916755,True,True,0.00012796928207749192,9.792231015827932
9.908155,1,12458.518879,True,True,4.683989533187782e-12,0.0025990821844528262
9.719852,1,12460.401613,True,True,1.237864200032135e-09,0.3436911773567239
-25.047506,20,12479.528292,True,True,0.00234720749565534,17.922695766131557
6.212431,8,12491.251304,True,True,0.004336695562954607,5.936369780441611
6.28304,1,12492.9339,True,True,1.636422143624916e-10,6.551346950414205
7.571645,1,12494.562284,True,True,1.9013082774854695e-11,4.22218957369735
9.776022,2,12497.64314,True,True,0.0005577927732927351,0.5965286281278619
6.521094,1,12499.3403,True,True,0.004734229641662995,6.12617084161235
1.87747,1,12501.110632,True,True,6.249401779670491e-05,14.499619164284463
9.90827,1,12502.628626,True,True,6.220629320772124e-10,0.0025624499480821662
9.072533,2,12505.6065,True,True,5.975407900913644e-06,1.080834215763975
8.227945,1,12507.156995,True,True,0.002965394556350821,3.037650187532195
3.398659,2,12509.811583,True,True,0.0027291040626676293,11.565306363624286
-18.815581,60,12533.841563,False,True,0.01028716160379608,46.85526666939536
8.748067,2,12536.264516,True,True,0.005779081784258233,1.833200874068198
5.215665,1,12537.441294,True,True,2.1564734963088767e-10,8.477836031646556
7.092312,1,12538.455677,True,True,7.807076469148935e-05,5.087334764761019
8.246487,1,12539.580798,True,True,4.7316539575348315e-11,2.9999654733512755
9.025904,2,12540.898935,True,True,1.9321292509342364e-05,3.72322448212762
6.190362,2,12543.31919,True,True,0.001999875294953442,6.583014881876489
2.625624,2,12545.637359,True,True,0.0043094385097357975,12.758403725010224
9.476981,1,12546.792992,True,True,0.003990491513814076,0.7878626879482603
-2.785183,7,12556.815066,True,True,0.005133205574300361,17.297529638195787
9.096773,1,12558.271675,True,True,0.0023916822630229992,1.471810049185477
9.908524,1,12559.977976,True,True,2.7939390051766556e-10,0.0025623510943010913
7.612001,2,12561.536004,True,True,5.8047658693660686e-11,2.9162221698393234
2.629559,1,12563.174666,True,True,1.0626735602592419e-11,13.143278399429859
9.117203,2,12565.491444,True,True,0.006139450901911411,1.153177074012821
8.907234,2,12567.733486,True,True,0.0053731678911597275,1.569947383893732
6.806653,1,12568.96573,True,True,2.245363617259244e-11,5.60582456902967
8.832152,1,12570.064883,True,True,0.004424745646991259,1.9528530053811397
9.908582,1,12571.049004,True,True,6.693152053396051e-10,0.0025632660927961235
8.508214,1,12572.182521,True,True,0.0008505861093030496,2.5341324552437663
7.595893,1,12573.414505,True,True,0.00014828634314923914,4.1811058759896405
9.812123,2,12575.546934,True,True,2.2214385331231767e-09,0.0025629499902133854
7.564882,1,12576.647232,True,True,7.855824463165462e-10,4.236941598679834
9.908582,1,12577.798817,True,True,2.8926260036071146e-11,0.0025627763518281175
6.028101,1,12578.9544,True,True,0.0034315659337834227,7.014719347140555
3.346057,5,12589.352385,True,True,0.008351603253167812,10.991250343363028
9.165406,1,12590.851258,True,True,8.315610760689325e-11,1.3431943170158358
2.253339,1,12592.111792,True,True,0.007261267302408821,13.82613273794998
8.483755,4,12595.935246,True,True,0.00022610387607683788,1.4677782328172435
8.24922,1,12597.261612,True,True,3.142507486869617e-10,2.9998644963422985
4.001609,1,12598.424653,True,True,0.0027140299980778684,10.670446108696824
9.071456,2,12599.760457,True,True,0.0023740731834287453,1.5338960151844958
1.392212,1,12601.256806,True,True,0.004451977899849055,15.377094035137784
2.748972,1,12602.732895,True,True,1.5973381992107072e-10,12.927912347633127
9.90638,1,12605.303374,True,True,7.926388712053978e-12,0.0025623479650543823
5.738452,1,15030.768761,True,True,9.960302584445177e-06,7.534348452586892
8.686198,1,15034.007979,True,True,0.00048598507525147023,2.2118243627585787
4.803036,1,15036.878568,True,True,0.0013796238752913845,9.223579811763114
-6.280131,7,15054.621053,True,True,0.00960508600813623,14.6279646117707
8.210856,1,15057.746976,True,True,0.0012129740426477242,3.070502826398222
9.847319,1,15060.697927,True,True,0.00024835017545783364,0.10778654165862524
9.908409,1,15063.098543,True,True,2.819278451893049e-10,0.0025661426406550654
8.069835,2,15066.821489,True,True,5.299561720572254e-11,3.1674482888247546
2.599079,2,15070.477923,True,True,2.2891332232544137e-10,13.149639475643143
-1.489151,8,15083.272868,True,True,0.004161955348116851,15.680368732666984
9.880535,1,15085.193608,True,True,1.7019249596718341e-09,0.050464444086820825
6.732142,1,15087.489681,True,True,0.004606953598627381,5.745136992837774
8.150303,1,15089.552555,True,True,0.00027751715852845503,3.175815711033234
4.321187,1,15091.907028,True,True,0.00019322360142550853,10.091991827763115
9.884332,1,15093.572411,True,True,0.00022732011376640592,0.046237529154384456
5.252643,1,15095.672542,True,True,0.004156629741709643,8.414634252673936
7.413333,1,15097.822169,True,True,7.899716284866937e-06,4.5106281677865425
7.256438,2,15104.449285,True,True,0.005453921095444653,4.8336697134733715
6.074546,3,15111.898346,True,True,0.0003788402875175359,6.622064807006055
-6.624472,14,15137.864882,True,True,0.008993313968781298,3.2438551045689823
9.313942,3,15143.86195,True,True,6.371621276807151e-05,0.6736100462825089
7.151897,3,15149.323462,True,True,0.00462135873851384,4.161535212234042
6.32476,1,15151.651207,True,True,1.90928675647406e-10,6.47427977306555
9.109951,1,15153.25951,True,True,0.006009805037177737,1.4485529973608904
8.244289,1,15155.097969,True,True,1.2386105547576117e-09,3.0037592447885664
8.991098,1,15157.153884,True,True,0.0015330757560915917,1.6613714075843333
9.905628,1,15159.172372,True,True,7.783759053969774e-10,0.0025626078217518755
4.560481,1,15162.937088,True,True,1.4120521829932842e-08,9.66008967911227
7.39416,1,15165.08247,True,True,0.003778735454945059,4.5486061795588855
8.274243,1,15167.337638,True,True,7.842430871374262e-11,2.9532320351959895
9.119195,1,15169.248002,True,True,1.1289724710650262e-10,1.4291940086397719
8.726201,1,15171.188529,True,True,0.0025596330574484266,2.1391849160350316
3.572812,1,15172.826289,True,True,0.002993308732340761,11.444089385019268
8.539002,1,15174.656375,True,True,0.005086433223966771,2.4835093388078064
2.03313,7,15185.358013,True,True,0.0013048764381968676,12.395712154236202
-16.502513,60,15268.004622,False,True,0.01913034126032803,32.96665011968579
9.231754,1,15269.626055,True,True,0.002835369328802975,1.2291377963328167
8.710166,4,15274.579939,True,True,0.0042117089687663525,1.7141490598022102
3.522367,1,15276.44355,True,True,2.644217275693528e-10,11.532931227646122
3.215309,1,15278.466526,True,True,0.0042501257708105165,12.089712527865867
8.34172,1,15280.19835,True,True,0.0015487076096880083,2.835716993081192
7.419416,1,15281.717753,True,True,0.00433364850563031,4.5039131604306535
7.480728,2,15285.495766,True,True,1.5573483392546204e-09,4.242182394020076
7.90842,1,15287.458695,True,True,0.00288423816424236,3.6197858511686714
2.982937,4,15295.684432,True,True,0.004717777680803227,10.188800078226695
8.037147,3,15300.901681,True,True,0.00502171832795381,1.7519900335647816
7.82228,2,15305.649797,True,True,0.0038001531391917364,3.6318541908814184
7.804328,1,15307.163878,True,True,0.005738876292062352,3.810262104076204
9.054765,2,15311.45681,True,True,0.005667529031470208,1.473187254833174
-4.56311,8,15316.747573,True,True,0.00443780856196359,15.130978505276618
8.188586,1,15318.150982,True,True,0.0010386245421344954,3.1117031224535836
9.908579,1,15319.750491,True,True,2.033409721683933e-11,0.0025676902817661396
7.616219,1,15321.521125,True,True,2.0399454347952428e-10,4.1430484954782845
8.737208,1,15323.206092,True,True,4.3209114093890564e-10,2.116899473047054
8.407714,1,15324.593842,True,True,2.1214034850320793e-10,2.713275361214763
3.390401,2,15327.316312,True,True,0.0030089657197497344,11.514788124491908
9.153268,1,15328.687728,True,True,0.001086468962404405,1.3690587675770187
8.343107,1,15330.232356,True,True,0.0060880291544545065,2.835720363296129
5.323367,1,15331.480649,True,True,0.005451096420249359,8.288075805341041
8.285076,1,15332.887745,True,True,8.469362727288171e-11,2.936168765536827
5.083001,5,15338.671202,True,True,0.0030928426546606726,8.160878440235383
9.908128,1,15340.365955,True,True,1.0657697322810428e-08,0.0025623860847085594
2.722863,1,15341.766422,True,True,0.0024017582090820264,12.9765918969923
2.752286,1,15343.282433,True,True,0.0014011735161323924,12.922875426650045
7.890317,1,15344.883514,True,True,0.004256597830322415,3.6490756199054806
9.308171,1,15346.561275,True,True,4.365697650610123e-09,1.0872668528555154
8.468625,1,15348.118271,True,True,0.011319117558955356,2.61252766028905
8.093919,2,15350.897828,True,True,0.007674026589544428,3.093513521766703
4.982997,1,15352.384347,True,True,8.520303674550492e-06,8.897706377649618
8.504872,1,15353.808188,True,True,0.0040586115272070525,2.5439773389718336
9.50565,1,15355.323016,True,True,0.003190070119148375,0.7345351787193752
9.039289,1,15356.664321,True,True,7.937266805376018e-05,1.5736823641567053
7.509819,2,15359.816627,True,True,6.0932117829596725e-12,2.999992710345446
7.19671,1,15361.271965,True,True,0.0005949830264305545,4.9023236343200685
7.009522,5,15365.827493,True,True,0.002995841168297447,3.8635311234220984
9.686628,2,15367.369711,True,True,0.0003507207314506419,0.14366895272388472
7.31278,2,15368.961153,True,True,0.0056689124613530095,4.462919233476581
8.074654,1,15370.539071,True,True,0.004567630688364242,3.320749310997818
7.937264,1,15372.211752,True,True,4.7987861171253435e-05,3.5644658586382896
6.113216,2,15373.696545,True,True,0.004747628325184983,7.047488429389734
9.905408,1,15375.045405,True,True,2.2161922527996448e-09,0.002563975226581064
9.220065,2,15376.476008,True,True,0.0047273133258644755,0.9810651997441638
8.246348,1,15378.017612,True,True,1.910330643672964e-10,3.0000401962956813
7.587221,2,15381.132611,True,True,0.004548061523175134,4.0583641241314075
3.415612,8,15385.470949,True,True,0.010448881095270169,3.3056039271599924
7.465275,1,15386.869079,True,True,0.0003878207565454969,4.414589578374897
9.633175,2,15388.201751,True,True,0.0006707707674579108,0.17343729092987312
8.650474,1,15389.565764,True,True,0.006798213854249017,2.283502134564648
4.436995,2,15391.003064,True,True,0.004346372597183738,9.744185945416953
3.742927,3,15392.380822,True,True,0.005061685927754626,11.161448692080246
9.908577,1,15393.783945,True,True,3.866317158978398e-10,0.0025724496076673484
1.889817,1,15395.18664,True,True,0.005500841201553587,14.480552142745582
5.801258,2,15396.565137,True,True,0.00010739427004332648,6.412851078773945
-1.67033,18,15405.200376,True,True,0.009765836890230622,14.910486514673172
6.71887,2,15408.003426,True,True,2.1039989092901806e-07,5.622206606382213
4.483984,1,15409.288754,True,True,0.0026945555608200765,9.80025240949147
4.54601,1,15410.762263,True,True,0.005684286640474853,9.69023453469426
7.189464,2,15413.45918,True,True,0.005914522836324501,4.776848872866731
2.075955,2,15414.908355,True,True,0.00019888526729068805,12.798755898302165
8.286381,2,15416.472136,True,True,0.008502045881477892,2.8013013436297567
9.65238,1,15417.727957,True,True,0.0025438460201872605,0.4691302824047623
4.470623,2,15419.173018,True,True,6.08217629038954e-10,8.870716725746599
-0.744517,2,15420.541526,True,True,0.0049189725785307135,17.90534375198004
9.229185,2,15421.942309,True,True,0.0002703859414408855,1.0729094986637573
6.399623,4,15424.833711,True,True,0.00011486225789490885,4.2126835022990985
7.265929,3,15426.372453,True,True,0.0034047976493995244,4.344171124264484
8.249521,1,15427.796978,True,True,1.408460131377182e-10,2.9999270851316164
-0.413884,6,15435.193766,True,True,0.008673146176891956,17.02049221453941
3.7424,1,15437.924898,True,True,0.004060997072256621,11.138957035171703
2.181123,1,15439.22001,True,True,5.10153429916782e-11,13.952003573476663
2.99503,2,15440.820271,True,True,0.004893882273303476,13.911014838373767
8.793302,1,15442.409436,True,True,0.006071190810665442,2.0226867730874236
4.012895,1,15443.930135,True,True,8.217661065512694e-10,10.64803723549309
8.79569,2,15447.031344,True,True,0.002045892117233654,1.5072536580324027
9.908416,1,15448.48419,True,True,1.1716602286312216e-10,0.0025632972316970005
-9.941303,18,15468.737487,True,True,0.011974371350780253,5.091588640595007
6.434365,2,15470.354655,True,True,2.3856228217808357e-10,6.499690499085944
4.454659,4,15476.038844,True,True,0.0020985490277486856,8.011036749337505
9.326778,1,15477.401989,True,True,0.004831876296997144,1.0603419022720268
9.818588,2,15479.95861,True,True,4.6175038396773e-10,0.0025626610130319973
4.276954,1,15481.395662,True,True,0.00017165461177171167,10.171777584612899
2.647345,2,15482.742891,True,True,0.004828086704204102,11.340137668021422
8.028848,3,15484.060869,True,True,0.0002388139649588954,3.093401458672149
9.907012,1,15485.389664,True,True,3.580094580086278e-09,0.002562381248664438
8.043091,4,15486.823041,True,True,0.004291967743004284,3.0348059479124316
5.916087,1,15488.223194,True,True,6.064734342188516e-05,7.209882193232574
9.111494,1,15489.700619,True,True,0.006036943027825198,1.4454465922581485
9.073876,2,15491.121802,True,True,3.364985790010877e-10,1.5544899587816892
9.448189,1,15492.46502,True,True,0.004518313802793386,0.840620218038476
2.762017,1,15493.713896,True,True,0.0028408119291600782,12.906265044797696
0.682174,3,15495.102073,True,True,0.00025559137295538804,16.79237191544693
9.063052,2,15496.401383,True,True,0.005569551904383112,1.3868795716074482
-37.824617,60,15529.043376,False,True,0.01530391971393905,9.961701720148879
9.906149,1,15530.625614,True,True,2.1047226420501083e-10,0.00256235237444637
7.449707,1,15532.088179,True,True,0.011284316153019777,4.4557362792838155
9.906975,1,15533.658431,True,True,5.444580524173835e-11,0.0025697985418344587
6.046469,3,15535.726017,True,True,1.105878484272682e-09,6.706327858347814
9.114463,1,15537.410629,True,True,0.005991351350839203,1.438868504793935
6.9962,2,15540.254683,True,True,1.2848972125376057e-06,5.119936625909852
8.45956,1,15541.571986,True,True,0.0003192733688911556,2.6213695158615975
5.675221,1,15543.935969,True,True,0.0048120660065304926,7.652705543782767
8.322357,1,15545.408175,True,True,0.001016901980996607,2.869527509603086
8.667363,1,15546.890936,True,True,0.004761995518133807,2.2508198563998114
7.128359,4,15549.68963,True,True,0.003031568126798033,4.292304030884655
9.908441,1,15551.165919,True,True,6.811166908260446e-11,0.002562437573788887
7.8826,1,15552.74426,True,True,1.2852453897146336e-10,3.6627683794601835
8.184356,6,15559.840072,True,True,0.003967512452070979,2.3982618508410978
8.061029,1,15561.406631,True,True,2.654109790582379e-07,3.3408661050516266
8.371834,2,15562.930069,True,True,0.00453710660565498,2.637899992440823
7.446341,1,15564.423934,True,True,3.313223219629856e-12,4.451012930672268
1.762261,2,15567.189625,True,True,0.011571827521227825,14.317991177795609
7.853432,1,15568.768435,True,True,0.004141294433940953,3.720445529341305
7.608726,1,15570.275343,True,True,1.2073120398050502e-06,4.157764130498162
9.288114,1,15571.844331,True,True,0.002829844528555755,1.1273683208816068
9.583737,2,15574.648271,True,True,0.001028465758127696,0.20195349538408114
7.78531,3,15579.373232,True,True,5.126533807418886e-06,3.847568655172125
9.904928,1,15581.099146,True,True,7.646414324105284e-12,0.0025627022568475593
7.382462,1,15582.493989,True,True,0.005024286012700316,4.5666424564918735
9.888856,1,15584.008186,True,True,2.9424390926699115e-06,0.03822326207970295
8.99312,4,15589.951712,True,True,0.007778979141781092,1.2098964726467514
9.387834,4,15595.427032,True,True,0.0029507314370639387,0.7759551223032974
7.947565,1,15596.996102,True,True,0.003933642573049108,3.550248970735603
5.065086,1,15598.391164,True,True,0.0018527367346496066,8.75114553787563
-0.78958,5,15605.729746,True,True,0.005068445259855682,15.775898725670604
8.908666,3,15610.586823,True,True,3.9868985890478825e-10,1.4879322306886604
7.770486,2,15613.438305,True,True,7.421736904682185e-05,3.4799492954793494
7.20525,2,15616.044327,True,True,0.003159925757033652,4.082534739948439
8.913414,8,15622.688794,True,True,0.0022999848937090422,1.3856409826677163
3.034158,1,15624.214452,True,True,0.0009635517114088381,12.41421412449369
9.217697,2,15627.235503,True,True,0.005024603080789787,1.0953835234507243
5.918135,2,15630.160318,True,True,0.0028369025249719597,6.998173212607373
5.733952,1,15631.806047,True,True,1.4340321985439886e-10,7.541843145114353
8.874023,2,15634.660092,True,True,6.903907980790325e-05,1.275129854803907
9.871761,1,15636.400152,True,True,3.3785519347462323e-10,0.06911884373225838
3.897775,4,15642.717694,True,True,0.00014397183078680448,10.280853965062022
8.227947,1,15644.211379,True,True,0.00018159714703182915,3.0395833684355726
8.24868,1,15645.989038,True,True,1.9297125380286682e-09,3.0000178329611478
1.524514,3,15650.318661,True,True,0.00935998175970829,13.339139300152143
9.766677,1,15651.612888,True,True,3.8340871759481865e-06,0.259064107262347
8.284154,1,15653.161989,True,True,1.2830195517121723e-09,2.933256335389943
7.586544,1,15654.666686,True,True,2.401660620376944e-09,4.193281543505699
6.542941,2,15656.201926,True,True,1.2764802757715514e-06,5.940787807462875
9.908565,1,15657.467196,True,True,3.308421973879927e-10,0.002594174751545164
7.515731,2,15660.172844,True,True,1.5360999798541553e-10,3.0079438557071487
8.567171,3,15661.65604,True,True,0.0040558159543738065,2.137702952084676
8.5952,2,15663.342214,True,True,0.005182555068968241,2.2334408422648777
9.908578,1,15665.085324,True,True,3.1655937301813045e-11,0.0025706548874748457
-4.9701,22,15678.561508,True,True,0.0025005546330955615,16.26840965143469
6.014096,1,15680.018127,True,True,0.00019883034335203858,7.037005592369817
7.289352,1,15681.200907,True,True,0.0020626189877228363,4.73671806606008
8.118782,3,15683.909434,True,True,0.00573912256126155,2.8184675866005944
7.552274,2,15685.503191,True,True,0.005384275501133184,4.389163430356668
6.523042,2,15686.900843,True,True,8.871203771576575e-11,5.999966936783633
9.042007,1,15688.273777,True,True,9.785849068527294e-06,1.568680880637402
8.068981,1,15689.640649,True,True,0.003012513675581065,3.328587829610582
9.283274,1,15691.093609,True,True,0.002596896631861925,1.1307498158256082
4.502479,5,15694.741767,True,True,0.00365359811872821,8.975120140031294
6.227733,4,15697.59517,True,True,1.541724729868174e-05,6.560187147810152
5.170483,1,15698.874958,True,True,0.0005099427467606978,8.559817148971337
4.432861,32,15732.824482,True,True,0.0020422189516255533,6.1845767043925415
8.223312,1,15734.18208,True,True,1.9511057587752543e-06,3.047740087924076
9.908339,1,15735.487194,True,True,1.72215562799509e-11,0.002579350228579086
3.080257,2,15738.158483,True,True,0.005380635845867916,12.211992383357735
1.377281,1,15739.368536,True,True,0.009496964787886525,15.406596565220589
0.55187,2,15740.917192,True,True,0.0006496954758619059,16.05741991095536
2.849622,3,15745.181056,True,True,9.845484883926926e-05,12.404455059802126
6.695541,1,15746.525343,True,True,0.00018664205489172733,5.806857900541165
7.483314,1,15747.954094,True,True,0.0002906153233790567,4.380434301640223
7.107078,1,15749.461346,True,True,0.004191500420126018,5.067955574758407
9.549095,4,15752.208838,True,True,2.0563332796078065e-11,0.1730855307630479
8.430127,1,15753.48956,True,True,0.004217978499855548,2.67914698486041
6.811214,1,15755.019897,True,True,0.0051011642174788735,5.598908852849186
7.181998,2,15758.013504,True,True,4.8495105639358334e-05,4.000410754514803
8.855888,1,15759.502572,True,True,0.0025602805179559818,1.9027414442862254
8.336879,1,15761.040699,True,True,0.002475114905355815,2.845549633098761
9.73364,2,15763.849639,True,True,0.00022374280364151632,0.09304323716829846
1.669415,1,15765.375329,True,True,0.004615381199883503,14.877425087375126
8.24892,1,15766.920848,True,True,7.95143030575512e-11,3.0000092082242524
9.696994,1,15768.403167,True,True,0.0016962153139149852,0.38736357292452817
9.905018,1,15770.12687,True,True,2.3404612969901706e-10,0.00256234554699749
8.629189,3,15774.310357,True,True,0.004782034728224681,2.4422579743282076
8.596036,1,15775.852975,True,True,0.0037539167496400266,2.3788786733814478
0.36749,9,15787.279809,True,True,0.004787351039770698,15.089867637124701
-20.501373,60,15839.168803,False,True,0.02827148545985078,13.044652246124352
5.604424,1,15840.686022,True,True,0.0038280804844664845,7.779621036554915
0.709278,4,15844.914107,True,True,0.0001504417564876276,16.367918230545115
6.853984,3,15847.823224,True,True,0.011184147508042142,5.249105675098935
6.2384,1,15849.385384,True,True,0.006894527081014703,6.637014745581254
7.128844,3,15854.151683,True,True,9.884235252056874e-10,4.301276201796511
3.465429,2,15857.521667,True,True,0.0005236059822068479,9.7299925568701
7.788749,4,15863.661651,True,True,0.0020921475479526285,2.823792032926463
8.288384,4,15869.151828,True,True,0.006023877020155593,2.3369707797591506
8.349851,2,15872.426531,True,True,0.00512944032924928,2.2085518958413446
9.086532,3,15876.64142,True,True,0.00626823569512358,1.1966617682024898
9.498416,2,15879.475933,True,True,0.0024247388039142733,0.507867503691523
6.052701,1,15880.982857,True,True,0.004788512929885833,6.971527743144998
1.979314,2,15883.916913,True,True,0.0027080658719680142,13.92343124798832
7.878893,2,15887.033133,True,True,0.0012272340974262867,3.5235269631077544
7.991175,1,15888.351058,True,True,0.002743037513223384,3.464553690054503
6.495597,1,15889.796134,True,True,0.0016554577759358416,6.169276085751844
2.792324,3,15894.18965,True,True,0.0041515733900350975,12.709243330848727
8.380576,1,15895.980914,True,True,0.0013962569327961444,2.765350368634013
5.829975,1,15897.531715,True,True,0.006056932517563355,7.374511827205211
6.646498,6,15906.4277,True,True,5.063000782512539e-09,5.932432345063307
9.45058,1,15907.937864,True,True,0.002059881859074736,0.8232929144552362
9.841019,1,15909.539482,True,True,5.3675949225368436e-05,0.12476312616234367
2.103166,3,15912.383789,True,True,0.0014359565506541824,13.79145683641308
6.56517,2,15915.128784,True,True,3.218498158291455e-05,5.900600698020339
5.866559,1,15916.637572,True,True,0.0043123756527379846,7.307016019338519
9.118005,2,15919.405654,True,True,0.005402692788813915,1.9093912179043118
9.905124,1,15921.242895,True,True,1.476642419451224e-11,0.0025732909077536823
-1.252074,2,15924.098652,True,True,0.004997150547921356,16.887795585185913
0.697834,1,15925.578678,True,True,0.0002301165596883454,16.626657339614642
6.245072,1,15926.941664,True,True,0.0019448535977456133,6.621757724136617
3.298996,1,15928.465658,True,True,0.0028522756832173243,11.937850017221606
5.106296,1,15929.812819,True,True,0.004764748727665358,8.679161690840427
2.646944,2,15932.684555,True,True,0.0014998722744870541,12.897375109636059
9.908582,1,15934.046543,True,True,2.241061290192471e-09,0.0025625618829396113
8.484263,4,15939.3842,True,True,0.00020982388728262212,1.5455723529421759
2.126986,1,15940.763161,True,True,6.85413323991196e-05,14.044786755793442
8.112559,1,15942.126826,True,True,0.004999464008472218,3.252985195774191
7.418323,4,15947.948875,True,True,0.0042091914561322155,3.552240335210919
7.274453,2,15950.79144,True,True,0.003847031791109637,4.572936426267492
7.417353,12,15963.387007,True,True,0.004213827582587672,2.3420260843540706
8.08366,2,15964.844685,True,True,0.00761743382185559,2.7068599395378565
5.53697,4,15968.537129,True,True,0.0017507495579926916,7.387585600368399
4.801821,1,15970.185053,True,True,0.0018099683956047023,9.226125151563567
9.818588,2,15972.917706,True,True,7.962978583377772e-09,0.002562453361669796
3.025235,1,15974.392093,True,True,9.118761235653305e-07,12.42964106145526
7.054149,1,15975.912291,True,True,1.95577659150817e-05,5.159222598007673
3.308344,1,15977.490236,True,True,0.009320478590450756,11.925121128024214
8.286341,3,15978.935209,True,True,0.005528822143004981,1.3794622069178073
8.953478,2,15981.725168,True,True,0.011880849692224707,1.53379463069361
3.041304,2,15984.218518,True,True,0.0014922114955414553,12.162975545984457
7.669112,1,15985.844834,True,True,0.00025562875678667823,4.044238023652892
4.177455,1,15987.275486,True,True,0.004980214776865001,10.354899763641072
6.875918,1,15989.788818,True,True,9.642696790607575e-05,5.4811079147137205
7.889837,2,15992.550322,True,True,0.006047149118075246,3.5127579020590693
3.630461,5,15999.871867,True,True,0.0061962287156014095,7.738673927773577
8.244042,1,16001.385357,True,True,0.002312001899375412,3.013032340088758
9.737214,1,16002.924026,True,True,0.0016788414231650346,0.3146557278866116
9.90712,1,16004.212052,True,True,6.612772722280878e-10,0.0025728183743354946
0.330688,1,16005.665967,True,True,0.009673126154777098,17.29306599260057
2.213853,1,16007.075089,True,True,1.9429855641073246e-09,13.892979296020766
8.164981,2,16009.989322,True,True,0.0008759115323995738,2.9598643813444214
9.344846,2,16012.722962,True,True,0.0027893876006950947,0.5692561236863174
5.783053,1,16014.093387,True,True,0.0007296847284968804,7.452930257094595
5.497901,2,16017.226315,True,True,0.00022036250009000412,7.978866584331555
9.905383,1,16018.756329,True,True,2.807742233157384e-10,0.002563975795174201
9.055669,2,16021.797269,True,True,0.0026931448930293807,1.361832144160575
6.149305,1,16023.470942,True,True,1.6342453662585715e-05,6.7927706643714645
8.203971,2,16026.074596,True,True,0.004993780421533188,2.5323729651958877
7.557335,5,16032.976729,True,True,0.0024454685124778233,2.5187892057147967
0.600061,3,16035.64026,True,True,0.009664463390787506,16.58204104309471
5.099211,6,16040.88408,True,True,0.007622671638313731,7.68031354386764
6.526615,1,16042.252006,True,True,0.00010087508730824597,6.111738426930177
9.90632,1,16043.713231,True,True,4.2867090519316335e-10,0.002562345689236194
3.309004,2,16045.237554,True,True,0.0016795942715385585,11.719183565492951
7.767342,4,16051.147568,True,True,0.01074804143357357,3.264257888104208
9.784431,1,16052.717011,True,True,4.572734256718125e-12,0.21956913646903264
8.280765,1,16054.173837,True,True,4.939668375933057e-05,2.9435021989713426
7.288529,1,16055.711813,True,True,0.00036101396275840797,4.735368192836509
9.099404,1,16057.340334,True,True,2.590305497873757e-09,1.464619574309168
4.92778,1,16058.673795,True,True,0.0060985872533567825,9.002246137329902
9.166444,1,16059.959136,True,True,0.00730644614668037,1.3517425101474718
7.556154,1,16061.424204,True,True,0.00013131628634651977,4.25285253781265
6.657953,1,16062.94675,True,True,9.234597579907453e-12,5.873990176381785
5.801498,2,16065.961863,True,True,0.004918002882954819,7.291914008043326
5.637127,1,16068.010809,True,True,0.004940815020330803,7.721442910075702
6.196336,1,16069.789742,True,True,2.779454284784766e-09,6.70785916041688
7.324201,2,16073.370803,True,True,0.0012164614088876792,4.619443031828337
3.510278,1,16075.335697,True,True,0.005034922815128806,11.558267646457445
2.321676,1,16076.824476,True,True,0.0003197691844156912,13.698740531933488
8.703743,1,16078.685644,True,True,0.0021175279132678703,2.1824770230188077
8.250938,1,16079.992913,True,True,1.297671464641631e-11,2.9978354940027145
0.730059,2,16081.470422,True,True,0.00046513023788005963,14.643007620538663
8.473611,2,16084.738591,True,True,0.0057470664866045434,1.2272075294555016
9.66434,1,16086.470154,True,True,0.002419001838207778,0.44735034223131914
9.89001,1,16087.832059,True,True,0.000120979387682768,0.03183651891908124
9.460889,1,16089.295456,True,True,5.0174057152812916e-05,0.8117904467799936
9.639779,1,16090.766837,True,True,4.586469980648697e-10,0.48506180951993394
5.947662,2,16093.776326,True,True,1.797764163467332e-09,5.979212990420942
8.526482,2,16095.52404,True,True,9.445617894863216e-05,2.1026698707997222
-42.341166,60,16155.049236,False,True,0.03300763778620519,14.371198497870612
8.047991,1,16156.946162,True,True,0.0015293758451542592,3.366205445069961
8.503711,1,16158.731952,True,True,0.008515823508902615,2.5509716731957086
9.04454,1,16160.601134,True,True,3.0566319366455853e-09,1.5637030458536292
-7.045797,26,16204.585233,True,True,0.004733576465437941,9.353049095681751
9.56427,1,16206.553246,True,True,1.344301427673781e-10,0.6247959057080175
6.787138,1,16208.230811,True,True,0.003410022528395694,5.644724933167156
6.18369,3,16213.807935,True,True,0.004263020744490199,5.275689575331003
8.671711,1,16215.403628,True,True,0.002442849993728428,2.240734266312553
9.127983,1,16217.282085,True,True,9.281814221590255e-10,1.4117844780069553
8.272026,1,16219.104766,True,True,0.004018513801500655,2.9641208330514606
7.154386,3,16223.854235,True,True,1.1987362811109042e-05,4.684174647070439
3.261419,1,16225.795746,True,True,0.0029243214202018843,12.005670020271879
4.92251,1,16227.836623,True,True,9.979640822332936e-07,9.006847736472336
-14.34559,10,16244.455392,True,True,0.000509060203366067,17.694581600274162
9.748769,1,16246.242601,True,True,0.0007923900928486494,0.29254430441032775
9.900501,1,16247.960965,True,True,1.1881437056957165e-10,0.017170927255123338
9.284326,2,16251.903164,True,True,0.004236047470298235,0.9832659647613141
9.905947,1,16253.808773,True,True,1.4945855664194596e-10,0.002569167905242372
7.562232,1,16255.763906,True,True,0.0001227069750016998,4.241615704589646
7.232489,1,16257.200808,True,True,0.0020219834046152673,4.835682153925494
9.90858,1,16259.048864,True,True,3.495563370525832e-10,0.002566894428027707
8.249696,1,16260.904266,True,True,5.820308256601465e-09,3.0000791682305588
6.811638,1,16262.958702,True,True,0.0029928373680702773,5.600091886802578
8.816612,2,16267.30762,True,True,1.807652638685653e-11,1.2831768768253449
5.258227,1,16269.224763,True,True,0.00974365427865033,8.40804409362005
2.287672,1,16271.366549,True,True,0.005960712283827711,13.763494665335267
2.565306,1,16273.755034,True,True,8.738442209416108e-10,13.259158473097092
7.74896,1,16275.45346,True,True,0.005032086274310941,3.909297465768922
7.281474,1,16277.261928,True,True,0.009210947780019121,4.757941690162488
7.143422,3,16282.403669,True,True,0.0058816245521649,4.383109928301409
8.862937,2,16286.455367,True,True,0.0038317384228308544,1.7450528231828049
7.967401,1,16288.269917,True,True,0.0033178602884345078,3.5137571848923734
6.122094,3,16292.845666,True,True,0.007655565336858017,6.576717996420241
7.449138,1,16294.664413,True,True,0.005829680620412933,4.449821775753651
9.440961,1,16295.990195,True,True,0.004224549285036954,0.8533076770965652
6.742084,1,16297.90006,True,True,0.006076954402484971,5.728559282338944
5.870456,1,16299.62343,True,True,1.6878930141246695e-07,7.296082155447878
7.761314,2,16301.453764,True,True,0.004263260897475311,3.7432808236026904
8.138534,1,16303.285084,True,True,0.000979780762629778,3.2015515520432483
6.007088,5,16306.580671,True,True,0.0007118155783211373,0.240104419722787
8.071445,3,16308.259604,True,True,1.9394707363555586e-09,3.0148657412189923
9.679613,1,16309.687082,True,True,0.003942077856399444,0.4217679187999608
5.212844,1,16311.009382,True,True,0.004585828231344093,8.486787720681916
6.304746,1,16312.462029,True,True,0.0027391056493969706,6.514224782632961
5.362408,2,16313.971118,True,True,0.0002482234254410918,7.182229581760607
6.174351,1,16315.32778,True,True,0.00015242504135596054,6.744740129744728
5.716114,1,16316.772368,True,True,0.005455015949709666,7.575052373594891
9.183357,2,16318.455121,True,True,2.5794308702864477e-10,1.0961821886203011
9.908572,1,16320.494928,True,True,2.0524301909118306e-06,0.002584715216769375
8.45731,1,16322.363445,True,True,0.0031789548425193953,2.6259640613882516
8.623424,2,16326.156611,True,True,9.12473989452164e-11,2.1437648350277727
9.087581,1,16328.022836,True,True,0.004596961601111616,1.491442877437114
4.368734,1,16329.39256,True,True,0.0016037864739889066,10.007324386154721
9.907684,1,16331.195242,True,True,4.7121430770266553e-11,0.0025632107812129743
1.512564,1,16332.579765,True,True,9.629472705330322e-10,15.157575623050986
4.625272,1,16333.963964,True,True,0.0006865918514749358,9.543503513735807
7.880724,1,16335.88653,True,True,0.0039278095295978525,3.670935270255508
7.7716,1,16337.71301,True,True,0.00626646495818448,3.869975703828212
3.117315,1,16339.755735,True,True,0.0023302171670435477,12.265166059769221
9.905644,1,16341.536815,True,True,2.7137673338763187e-11,0.0025641951205717514
9.812768,1,16343.223514,True,True,0.0007865243867043617,0.17686603248170926
9.56624,1,16345.061044,True,True,0.003001108106306258,0.6253842457288086
9.762914,1,16346.941883,True,True,0.005601723194259146,0.27116131031390084
7.125349,2,16351.704783,True,True,0.005790456469043633,3.8529352236357006
9.69596,2,16353.60994,True,True,0.00019011986356571426,0.1365386551650776
6.311957,1,16355.472415,True,True,0.0043648209053296924,6.499857956861639
8.249867,1,16357.344667,True,True,2.2234922236741284e-12,2.9997687426126283
8.852959,1,16359.147763,True,True,0.004925332002100296,1.9153053212180793
9.361353,4,16363.799318,True,True,0.0012467185869578482,0.2354526792101048
7.567417,2,16366.495877,True,True,2.7735138704688417e-10,2.944770518146
9.908582,1,16368.288367,True,True,2.9215325037662554e-10,0.0025628565597187033
9.818586,2,16371.134359,True,True,3.2731480119270295e-10,0.002567494819320653
-23.723922,60,16424.989336,False,True,0.05065758301304628,11.356823271395774
7.273056,1,16426.365173,True,True,0.0035564690718269893,4.766036273980801
7.782537,3,16428.96334,True,True,0.00010762935453986392,3.4498048463974564
9.124562,1,16430.398099,True,True,0.003766775429772176,1.4242433280651499
8.27793,4,16435.814261,True,True,0.00011513099139381922,3.02837988973495
9.90654,1,16437.753014,True,True,8.56178421757858e-11,0.0025623454047587783
1.754455,2,16441.008803,True,True,6.045538397677773e-06,14.386079152373636
7.018449,1,16442.864,True,True,0.006143097400109064,5.229820136616279
8.982797,1,16444.685984,True,True,0.005032956571683196,1.6819282197382355
0.862134,1,16446.425295,True,True,0.004736540383682741,16.332834615108464
5.710522,1,16448.336065,True,True,0.0027422029849457907,7.587058518822097
9.720184,1,16450.223187,True,True,0.000878444996631969,0.34394375993677107
7.167145,1,16452.086724,True,True,0.004780837121087886,4.959550374302418
6.406773,7,16461.845937,True,True,0.0020987739317349058,5.899977159871483
2.770862,2,16464.71715,True,True,0.0013273267145036483,12.76572249224903
9.833885,1,16466.615219,True,True,0.00031402865885245095,0.13652921444923855
6.71082,1,16468.469713,True,True,7.553646880048837e-10,5.776922434192892
7.910568,4,16474.447977,True,True,0.004355193601923918,2.497358079628254
8.402068,2,16477.11977,True,True,0.00563346412020246,1.3310051839486863
9.908572,1,16478.968921,True,True,4.6532290087081263e-10,0.0025816147131923007
7.013264,1,16480.801714,True,True,0.005384492814984871,5.238459307453339
9.616201,1,16482.644022,True,True,0.0019937328883054754,0.5313848874574563
5.119985,1,16484.540121,True,True,0.0005840736031376397,8.651005162053279
4.668044,1,16486.350532,True,True,0.0002901735653119183,9.466249984460434
7.441583,3,16488.414771,True,True,0.002547445386240209,3.3906758502511836
8.307257,3,16490.365992,True,True,0.004823981528668361,2.396932591844436
1.814285,1,16491.859032,True,True,0.004497863362040515,14.616169523502673
5.82564,2,16493.288638,True,True,0.00044933926643746583,6.832222510032359
8.273877,1,16494.695861,True,True,8.727479572367969e-10,2.9541402581339846
5.675182,2,16496.089298,True,True,0.0005520186036395962,7.509410553744688
9.133118,1,16498.451101,True,True,0.00044071873161758384,1.4046192712360481
9.105931,2,16499.894306,True,True,2.167489937532352e-10,1.4885606916680636
6.038008,5,16502.757231,True,True,0.0023578771237028587,4.914254959213114
9.442273,2,16504.55409,True,True,0.003003350174508545,0.588237537403148
6.152626,4,16507.786796,True,True,0.001097189834950706,6.505739094610106
9.899828,1,16509.13582,True,True,8.913815661735053e-05,0.018312911701148137
9.014591,1,16510.921319,True,True,0.005364518649763072,1.62330782942704
6.597311,1,16512.180102,True,True,6.988591557782016e-05,5.984078810858687
9.717553,1,16514.033535,True,True,0.0012843742024318504,0.34964318168325526
-2.047541,19,16533.847941,True,True,0.006114163445012463,8.165310366297406
8.344282,1,16535.707618,True,True,0.00254164368383189,2.8316738171989124
8.217131,1,16537.488513,True,True,0.009027899486316686,3.0682079056179283
-0.582819,23,16558.93691,True,True,0.010665344752289372,6.94618635214273
8.61319,5,16564.936091,True,True,0.0031121012640481357,1.720365253037939
8.897641,1,16566.78866,True,True,0.006121373913365466,1.8369993854860227
6.064334,4,16571.178635,True,True,0.003946971644698913,6.8576349973041415
8.676645,3,16574.363125,True,True,8.201839046054321e-10,1.406833186600637
8.471921,1,16576.208751,True,True,1.7634033122604365e-10,2.5981674876973697
3.716657,6,16583.495532,True,True,0.003136708723957431,10.811875325713242
3.935901,1,16585.325455,True,True,0.00440663271239272,10.79018796457439
5.706671,2,16587.19641,True,True,0.0055444790649505395,6.655244272359226
9.447335,1,16588.39312,True,True,0.0041270187376361185,0.8416690123534506
8.83413,5,16594.097642,True,True,0.003911409276385599,1.2806235623376216
9.896073,2,16596.716139,True,True,0.0005612442646939877,0.11214387722087979
8.592949,2,16599.741381,True,True,4.476769790789799e-10,2.2259892151938345
6.851111,1,16601.609395,True,True,7.021972072180672e-05,5.525868663227184
9.000274,7,16613.327833,True,True,0.004208874826282715,0.9167008361861031
6.588558,1,16615.70869,True,True,1.3303125743017693e-10,5.999809624829378
8.653691,1,16618.075496,True,True,6.194344707230806e-06,2.2702719403784744
1.878269,1,16620.068411,True,True,0.0002572651436964263,14.498298667224956
9.725603,1,16621.634629,True,True,6.68302255577187e-06,0.3331747611831734
3.260231,7,16632.112595,True,True,1.8093748721526026e-10,10.668036442728432
9.367306,1,16633.520092,True,True,0.005377466834175046,0.9854558770714532
2.619748,1,16634.806083,True,True,0.0048315423134298536,13.164061118211
9.372962,1,16636.432309,True,True,1.264355425911745e-10,0.9680002625341375
4.025914,1,16638.034645,True,True,2.1167157037565998e-09,10.624549624213058
9.739887,1,16639.452841,True,True,0.001124918312781719,0.30818606369109247
9.053233,1,16641.145246,True,True,0.0032624292754678463,1.5525540258457706
6.297964,1,16642.497243,True,True,0.00472760101511175,6.528861677496919
9.904938,1,16644.069718,True,True,1.1432420149448674e-09,0.0025747321935863914
2.83081,1,16645.307885,True,True,1.2006503082332906e-09,12.780310452362768
8.553889,3,16648.337585,True,True,4.384558861814103e-11,1.500012206246428
9.239437,1,16649.714338,True,True,1.0418194085204391e-10,1.205659954294759
-28.146379,60,16706.908934,False,True,0.03130676177757852,14.173473860106597
9.30744,2,16708.378695,True,True,0.002422474139924347,0.48078667092521715
6.339502,1,16709.767582,True,True,0.003944187419124862,6.452356307590186
7.377156,1,16710.938211,True,True,7.731641475661188e-08,4.575947043283253
3.241531,2,16713.533455,True,True,2.8306574724641653e-06,11.773517222129826
0.162982,3,16715.128465,True,True,0.0011669958304138858,17.605369946773713
8.341761,3,16716.612759,True,True,0.0005314432620425997,2.918616519690492
5.993596,1,16718.028542,True,True,3.799169324653139e-10,7.073007240777318
8.012976,1,16719.54556,True,True,0.0032146410971808097,3.4309036677850577
9.765388,1,16720.961097,True,True,0.0007060381025491062,0.2623859702369476
7.308692,2,16723.787816,True,True,0.001006538964444231,4.555183117625558
7.404162,1,16725.23645,True,True,0.004729397506119458,4.532188385967649
8.186719,1,16726.663758,True,True,4.840714798683573e-10,3.111821953540375
8.246599,1,16728.139224,True,True,1.0381149065374906e-12,3.000144989484854
9.8167,2,16730.728879,True,True,6.495629711202501e-10,0.002563231114401556
9.905687,1,16732.115437,True,True,3.149041583050405e-10,0.002562500155808456
8.942201,2,16733.514356,True,True,1.264904178507335e-10,1.1128876650764337
5.178499,1,16734.817053,True,True,0.0094860302918819,8.55122154687635
8.290061,1,16736.330566,True,True,1.0569027851196261e-11,2.9258562171691596
3.867224,2,16737.744037,True,True,0.0057511497228654365,10.80536788404477
9.908255,1,16739.145268,True,True,7.333472840869653e-11,0.002562414531842168
8.570748,1,16740.636897,True,True,0.010832854767719152,2.4320647948843885
7.85945,1,16742.048895,True,True,0.004180402700921867,3.707166809446278
9.904553,1,16743.521976,True,True,2.7925855117932885e-10,0.0025638583780159025
7.375867,3,16747.540967,True,True,0.006187656069524544,4.092314505281545
2.246426,1,16749.025225,True,True,0.0005865349465959541,13.834613223917444
4.57483,2,16750.451857,True,True,0.00043176466418651515,9.503175721040353
7.427781,1,16751.904339,True,True,0.001222221621702265,4.4858725920997164
8.734608,1,16753.328656,True,True,0.0052788353670328286,2.1300229449228953
6.537611,8,16758.921596,True,True,0.005519408138257658,3.910455388775243
8.981294,1,16760.321697,True,True,1.4355237172038703e-05,1.6783874235722198
9.208158,1,16761.850922,True,True,0.008467125744871434,1.278149005294799
9.906864,1,16763.438577,True,True,4.5748987584359746e-10,0.002565205367168056
8.38342,1,16764.915855,True,True,0.0014954913482904883,2.759776245538848
7.896446,3,16768.934644,True,True,0.0007773170806595654,4.031674848660457
6.575007,3,16773.190516,True,True,6.260928234191887e-11,4.498928011091598
8.414123,2,16776.145783,True,True,0.006112755176657169,2.623623692921102
4.951295,2,16779.189567,True,True,0.00011925005192112148,8.515053059723371
8.149088,2,16782.158266,True,True,0.0004195582479262928,3.017568068447004
3.157495,1,16783.764511,True,True,5.05524062518369e-05,12.191119475868199
9.328269,3,16788.003138,True,True,0.002337542900628404,1.8684186691669726
-4.171302,23,16813.007093,True,True,3.312909784723966e-05,16.064573683623742
4.328771,2,16814.249276,True,True,3.6072028051980717e-06,9.679951264502845
7.302983,1,16815.662389,True,True,2.8470521355431974e-05,4.709918107920469
5.205299,2,16818.5603,True,True,0.0003211883355744658,7.6651311081718845
9.134044,1,16820.002002,True,True,0.00583842212144068,1.4070389494220372
8.634862,2,16821.256157,True,True,0.008504908509433074,1.8510975023784824
4.693861,2,16824.120664,True,True,0.00508935516874384,9.295315245336221
10.425727,2,16826.629526,True,True,4.733038529551332e-07,0.9318169164308653
9.902381,3,16828.078857,True,True,0.00015371047179553628,2.6974502843129544
8.435299,2,16829.428262,True,True,0.0014662284551832383,3.007324922020453
7.09798,1,16831.076285,True,True,0.004936033783899951,5.0801732826141395
8.018992,1,16832.889043,True,True,0.0042551798450508535,3.4216243217655467
5.995598,3,16834.487844,True,True,0.004865345506076892,6.443923682978814
7.005987,1,16835.841863,True,True,2.756548482941959e-10,5.245825941570083
9.887586,1,16837.240388,True,True,5.0766052143672025e-05,0.03628016147993568
8.010802,3,16838.795157,True,True,3.4216392467858423e-10,3.1274127609230065
1.315448,1,16840.171918,True,True,0.004866810666965347,15.51570596342889
7.830905,1,16841.556531,True,True,0.006193854166788035,3.7627033865807222
8.24958,1,16842.77909,True,True,2.235838542488055e-09,3.0000092357515222
8.550454,2,16844.148845,True,True,0.00423129441638696,2.3042611889080673
-13.137146,60,16912.849715,False,True,0.002058443996830228,34.28123514525962
7.877789,2,16915.832974,True,True,0.0006442899374978753,4.2285786894008135
7.525753,2,16918.734372,True,True,1.5507168503498112e-11,2.9999937020017855
9.684248,1,16920.12676,True,True,0.0010751522214854773,0.409250065569557
10.458487,2,16922.860883,True,True,1.5207419195445437e-09,0.002584431916796347
8.901434,1,16924.577405,True,True,0.005843690111101557,1.8257207110978722
7.29935,3,16927.486449,True,True,0.0012029886381120757,4.282340382107527
6.606591,2,16929.026868,True,True,0.003121752445317434,4.8685141799506
8.245183,1,16931.601782,True,True,0.005082844061079575,3.0096393824088934
7.312168,1,16933.093058,True,True,0.005767017012348094,4.697233768194047
3.418828,1,16934.693147,True,True,0.0015030598997730696,11.72077994937221
8.247972,1,16936.100921,True,True,9.603317574365798e-10,2.999982315461855
8.044807,2,16938.705439,True,True,0.004685282395399346,4.7375625033023745
7.013716,1,16940.077944,True,True,0.005878265131744567,5.237979988558558
9.894424,1,16941.543452,True,True,1.226244565957768e-10,0.028155258421854575
0.219554,1,16943.024463,True,True,0.008551505454720996,17.492871075007503
9.751733,1,16944.634555,True,True,0.0011687543938418113,0.28725287563452806
8.44242,1,16946.255126,True,True,1.4634301848763068e-10,2.651417523696807
9.907646,1,16947.967734,True,True,5.541089824035327e-10,0.002562685474961322
7.567686,1,16949.429281,True,True,6.186377407002746e-10,4.231878159228223
7.451197,1,16950.846678,True,True,6.992477846745615e-10,4.436926311434343
8.298672,1,16952.278736,True,True,0.006130374538286302,2.912782458414036
1.225636,2,16954.909982,True,True,5.056609794799752e-06,11.940591940058546
7.943845,1,16956.352684,True,True,0.005222914536141394,3.556496597886254
9.50677,1,16957.971808,True,True,0.002266879541139658,0.7311935681251077
9.908289,1,16959.508422,True,True,3.6119241094100186e-10,0.0025623748480037727
2.185505,1,16960.952112,True,True,0.005332927191887072,13.947342412332803
5.228292,3,16965.303839,True,True,0.00020650346532647204,6.251974817967453
6.779544,1,16966.813148,True,True,0.010952039888225008,5.664739499099355
6.201352,1,16968.400727,True,True,9.156890412286105e-11,6.698804844444878
5.812605,2,16971.23207,True,True,1.377742090554296e-10,7.137638951431014
6.561681,2,16972.726528,True,True,0.0003382712153112404,6.94681395753945
6.935317,1,16974.125134,True,True,0.003446519850468552,5.377128611877971
6.708044,4,16980.280898,True,True,0.002903114000289652,4.666860351744723
5.63556,2,16983.291085,True,True,0.0019613119808519625,7.272284804863422
8.624076,1,16984.892833,True,True,0.004551242462947025,2.329258203589063
5.176241,1,16986.555868,True,True,0.006499584727602029,8.554124771631821
3.988319,1,16988.288323,True,True,0.0015912009714231477,10.693587059731707
5.989925,3,16992.686955,True,True,0.0009245211057107472,5.826198538123627
7.678145,5,16999.648453,True,True,0.0015148258489245277,2.922324942043616
3.923205,3,17002.436762,True,True,0.00025062453220696737,9.371161420484436
5.87754,1,17003.836287,True,True,0.00020380763966053143,7.2834886435856445
4.919344,3,17006.520687,True,True,0.005513379428710276,7.942059514053443
5.124732,2,17007.91608,True,True,0.005059068672002437,8.516186165632078
9.706465,1,17009.367528,True,True,6.029987990421957e-06,0.36789540870916504
8.276089,1,17010.83251,True,True,3.678974192577486e-11,2.9517407815820635
9.104296,1,17012.355175,True,True,0.00603142734712446,1.4596315514862022
2.102424,1,17013.848114,True,True,2.0310341256046804e-10,14.093923587712169
7.241559,1,17015.241474,True,True,4.035839579197287e-10,4.817161829325966
6.834646,1,17016.629326,True,True,0.004807333242688567,5.560312680523234
8.947891,5,17018.09006,True,True,0.0041297924083026,0.7690266270603269
7.586739,1,17019.317794,True,True,2.9570833741948385e-11,4.197144217082325
3.899142,1,17020.508142,True,True,0.0006419959967091798,10.853742009270594
9.745585,2,17021.951058,True,True,0.00023302707091206465,0.12360289798219674
2.472924,2,17023.312349,True,True,2.12329668777822e-09,13.23622635028979
9.291067,1,17024.596238,True,True,0.0006548423843773406,1.1191080524100643
7.430247,1,17025.993903,True,True,0.006200645449873005,4.482788373861857
8.567862,3,17027.42432,True,True,0.00296709060318031,2.1283824671774703
4.275717,2,17028.834527,True,True,0.009618646093879909,9.349495587157591
7.982229,1,17030.148176,True,True,0.0006749617533354524,3.483122496346022
9.905733,1,17031.522394,True,True,3.143989451099408e-10,0.0025792068040950333
7.279297,1,17032.818053,True,True,0.004447089705831165,4.7573186712496005
4.576039,1,17034.215348,True,True,2.7990287240764467e-09,9.632018607439054
8.727543,1,17035.526635,True,True,0.0003535254715235185,2.134172174246503
8.276043,1,17036.84156,True,True,0.0005180674683192069,2.9531130495171847
6.433081,2,17038.172835,True,True,1.1810932486107113e-05,5.190079911327066
6.51426,2,17039.525376,True,True,0.008658199943330001,5.233636917455502
7.419194,1,17040.847331,True,True,2.3138109767499984e-09,4.500034466447835
8.253191,1,17042.259044,True,True,5.148723512612627e-06,2.993771169679501
8.189985,1,17043.679864,True,True,0.0008692628073946503,3.10897521984708
7.286883,1,17045.117263,True,True,0.0004075665979699772,4.734714768836475
8.41135,2,17046.435379,True,True,5.837186065475849e-11,3.000038503871807
6.045811,1,17047.666649,True,True,0.005381796252744252,6.984476272000918
9.352424,2,17048.954991,True,True,0.0009251319430176075,0.653875882532673
6.905606,1,17050.341254,True,True,0.004480407810728878,5.431282040152646
4.673295,2,17051.881777,True,True,0.004740607207471331,7.600029058226863
8.786422,3,17054.677225,True,True,0.00029657982996368626,1.6438637090471033
9.28983,1,17056.146985,True,True,0.005109966035022631,1.1274276421221934
8.968922,2,17059.314578,True,True,0.005132007088599124,1.4748588101329216
6.59792,4,17064.735532,True,True,0.0042859013353921446,3.6016107619707367
5.146435,1,17066.358244,True,True,0.009546530993159417,8.610370737897371
4.160033,2,17069.235788,True,True,0.0023433814729982086,10.648559581456908
9.782729,1,17070.714857,True,True,0.0008943834299135339,0.23131044034584056
-0.684453,6,17079.008816,True,True,0.002437436692540093,15.550338014453548
4.72447,1,17080.480036,True,True,0.005667368992155342,9.368680131125378
7.558869,4,17086.193018,True,True,0.0030939768679003913,3.6642374873988044
9.841234,1,17088.759008,True,True,0.00018117237776613115,0.11925288364197328
9.905875,1,17090.291511,True,True,2.5185728502741256e-11,0.0025662057004182635
5.248966,2,17092.823472,True,True,0.005673444781756524,8.274177362714362
9.869015,1,17094.33311,True,True,0.0003278689231292764,0.07386387477111496
5.037799,1,17095.749366,True,True,0.0056317705969451005,8.802416855282424
9.869538,1,17097.297822,True,True,0.00034825631548095567,0.07327573646150756
7.312481,4,17102.882419,True,True,0.00022065930957849912,3.0393877359228005
-30.596913,60,17169.509101,False,True,0.024900919363144876,6.364107519306972
6.727478,3,17174.189681,True,True,0.006099651139881989,4.424543243781733
7.109694,5,17181.719115,True,True,0.0038797840653710496,3.514408052390877
4.926335,1,17183.116698,True,True,2.3670319983326945e-10,8.999945525086561
2.201643,2,17185.869766,True,True,5.0930367607134e-05,13.550974896310471
9.908507,1,17187.45948,True,True,6.594517433752373e-12,0.002565806011649569
10.199649,2,17190.277351,True,True,2.1186117789475517e-06,0.056559687529340257
9.857685,1,17191.823815,True,True,0.00016001829111141064,0.0902021135043395
7.508658,2,17194.754907,True,True,0.002917492721044193,3.848534329320763
8.379644,1,17196.298912,True,True,2.775584227067418e-05,2.7619701713720928
6.071816,1,17197.947912,True,True,0.0048997963209814616,6.937129813824909
7.351247,1,17199.608209,True,True,0.0015778397771180862,4.624448709045272
4.811169,1,17201.311394,True,True,0.0012037587139512237,9.20876098531188
9.908464,1,17203.077697,True,True,4.38614778995769e-10,0.0025640136063348074
7.670823,1,17204.630064,True,True,0.005949139431953573,4.049448653967797
9.610266,1,17206.044421,True,True,0.0029134181729539555,0.5457192499199864
9.222135,1,17207.438853,True,True,0.005742296134550004,1.250472235894271
5.044864,1,17208.701571,True,True,6.161459750171714e-06,8.786064755686718
6.919549,3,17213.117883,True,True,0.0005155802212936092,5.113486549445447
8.602508,5,17218.473367,True,True,0.003077360748411254,1.427271012252985
-0.468049,4,17221.5973,True,True,0.0045086981170885665,17.396345500320766
9.655209,2,17224.391461,True,True,3.277174332617749e-09,0.21143493722893497
8.249421,1,17225.839761,True,True,5.973149528657252e-10,3.000020194850097
4.23715,2,17227.287659,True,True,0.007344290736773755,10.124141729811619
9.857639,1,17229.071617,True,True,4.648640768924183e-11,0.08839263803854804
5.192413,1,17230.944098,True,True,0.0038859727734045398,8.523084850691488
7.23754,2,17234.205486,True,True,0.005084712238737285,4.691911549636205
7.386519,2,17237.463153,True,True,0.005076882791731032,4.44911990590778
8.93065,1,17238.937028,True,True,0.006073795106362637,1.7735081824926378
7.452204,2,17240.518589,True,True,1.2566447882278453e-10,2.9642317967480545
-23.348433,60,17321.83335,False,True,0.01999927887136031,33.061991704554764
8.48386,1,17323.627975,True,True,0.0026765499903707137,2.5797627542761976
9.344739,5,17331.521501,True,True,0.0008891602841356767,0.17894642667972435
6.626609,1,17333.423678,True,True,0.0005203594453815491,5.927483150576138
9.024176,1,17335.301683,True,True,0.004608240516104692,1.6066815988468375
9.804643,1,17336.735903,True,True,6.892719401706791e-05,0.1905342989095629
7.657268,1,17338.511269,True,True,0.0002739454945695913,4.0686983761697535
8.292739,1,17340.29949,True,True,0.000845067636826762,2.9233484058009767
8.378824,2,17341.815027,True,True,0.00024564253757753925,2.6389936340212343
8.631388,2,17344.541879,True,True,9.313380780456848e-05,2.008424981043716
8.527913,3,17347.726398,True,True,0.004637820553587165,2.2060753195275593
8.390074,2,17349.451736,True,True,5.872827297030792e-10,3.0128884527050017
8.358403,1,17351.254188,True,True,9.209100205446792e-11,2.802995896041699
6.732146,2,17354.00832,True,True,6.020522820700159e-05,5.597618921306819
9.907101,1,17355.815492,True,True,1.3406045371033848e-11,0.0025623774082699576
9.908254,1,17357.564143,True,True,1.2434063212968518e-09,0.0025640252622944346
5.404003,1,17359.153176,True,True,0.0018993353418266844,8.13962465272031
9.173397,1,17360.553772,True,True,0.0024093288425573985,1.334177908863325
8.104192,1,17362.286302,True,True,0.0007156418881719105,3.263752799985782
8.15943,1,17364.170697,True,True,0.0003002558162274281,3.1598191624889926
8.076697,1,17365.590847,True,True,0.00040182587981508924,3.307721462920089
9.908362,1,17367.385813,True,True,1.5503564509701337e-10,0.002563849280093941
8.013897,1,17368.715327,True,True,0.002595501439771016,3.4289898686665254
9.499672,1,17369.959177,True,True,0.0041536362893952045,0.7471487901198163
5.353292,1,17371.739805,True,True,0.004554364875600291,8.233360692826782
7.742856,1,17373.093733,True,True,0.004437798605046536,3.920410027842606
-29.285529,60,17444.57831,False,True,0.010653218503518327,32.942214241581915
9.810117,1,17446.398505,True,True,0.0007031650582087802,0.1815400014770393
7.886007,1,17447.779703,True,True,0.006199609079880711,3.6582692650350204
8.428034,1,17449.532244,True,True,0.005227521956889775,2.6818936783584983
9.48214,4,17455.96571,True,True,0.0004264360721872029,0.21579776508028933
6.685028,1,17457.799206,True,True,0.00028612655933493453,5.82594066619459
8.555893,2,17460.68941,True,True,0.00036961498749433754,1.9702006807581305
9.068594,1,17462.228134,True,True,0.0003670553827250598,1.5211110897779534
8.178676,2,17465.181843,True,True,5.608939265894924e-06,2.9759700789761987
1.76449,2,17467.785254,True,True,0.004810895562048033,14.70082765003769
6.276887,2,17469.174686,True,True,0.0004916192119193992,6.391751380007397
9.218244,1,17470.519894,True,True,9.528062073530212e-10,1.2496735492751943
8.656255,2,17473.432268,True,True,3.329042852900215e-10,1.4999454318246754
8.751082,1,17474.81342,True,True,0.0003906380553776994,2.094810363762637
3.418747,1,17476.40139,True,True,0.0019743442689184572,11.721258011188112
9.906562,1,17477.783601,True,True,6.525226052198074e-08,0.006215371758178993
6.714311,1,17479.358498,True,True,0.004247464004952154,5.776099845491799
9.02953,2,17482.251364,True,True,0.006057940992211115,1.4524197277802966
9.293423,1,17483.734535,True,True,7.507975117613738e-08,1.1143585056772805
9.908581,1,17485.131438,True,True,1.1066306135343318e-09,0.002564255385574189
10.117261,3,17488.063444,True,True,0.00227652344266132,0.4176143283136693
8.271883,1,17489.540812,True,True,1.7783392813885968e-11,2.959506466651593
5.913457,2,17491.024091,True,True,0.0008633964419844861,6.751354036986088
9.908358,1,17492.413631,True,True,5.173377470528362e-11,0.0025624021573778574
9.408023,1,17493.80077,True,True,0.005142287530338754,0.9097790040876156
5.902365,1,17495.307085,True,True,0.005323172696701031,7.239651666405968
8.094238,2,17498.258207,True,True,6.234565102134845e-10,2.99996867378646
2.491945,1,17499.849032,True,True,0.003917911702040908,13.393296706582136
-23.921032,60,17550.139757,False,True,0.02432891557725052,10.47640991789453
-21.283645,60,17614.991928,False,True,0.017700802335717837,30.430138483770804
9.908581,1,17616.422335,True,True,1.9776353260853946e-11,0.002564163281885454
9.314665,2,17618.02048,True,True,5.554718914200889e-05,1.825613595692065
6.640693,1,17619.424344,True,True,0.0005512896612153151,5.906038357363223
8.736307,1,17620.704071,True,True,2.0460286213991105e-09,2.1207411343215297
9.808873,2,17621.937933,True,True,9.944200630655452e-05,0.020485038297437242
9.313879,2,17624.637754,True,True,0.003028809042269794,1.4035818043489767
8.251857,1,17626.060753,True,True,4.605285076897392e-10,2.996175254850716
8.298516,1,17627.597348,True,True,0.00037383713506110305,2.9070449507113776
9.079676,1,17628.93974,True,True,4.3037924578177586e-10,1.4999591094264568
9.551489,1,17630.272419,True,True,7.586929811586762e-10,0.6473742128072422
9.905628,1,17631.705707,True,True,1.383142489430611e-10,0.0025626147907257574
7.122133,2,17633.184297,True,True,0.00500826804747746,4.965343715831732
8.279267,2,17635.890909,True,True,0.006160857454411844,1.5456545149047318
8.165319,1,17637.338593,True,True,0.0030453860722237515,3.1556464901521344
8.631042,2,17640.073811,True,True,1.5652219452823057e-11,2.35429861858366
6.50214,1,17641.412376,True,True,7.911338768868564e-11,6.152192063364482
9.826419,1,17642.831929,True,True,0.00025446571831934384,0.14744208171549303
2.036104,10,17654.342968,True,True,0.0013461637126368686,11.513393193297969
8.015972,1,17655.814387,True,True,0.002148995937557477,3.424413353516764
-29.172736,60,17705.880841,False,True,0.026085637611415746,7.404681842841606
9.108939,1,17707.331804,True,True,0.006279434692792657,1.4550873588426563
-18.795223,60,17772.397922,False,True,0.006236802503274007,29.904958757120905
8.308469,2,17775.433075,True,True,0.002606275330748308,2.750468765359129
9.300944,5,17782.501935,True,True,0.00022362884679767665,0.23351308143232766
7.545866,1,17783.946454,True,True,7.492468238408514e-10,4.2706653813892785
9.121508,1,17785.476337,True,True,0.0024562487906812785,1.426764759636275
-0.025213,2,17788.33178,True,True,0.004798120505219495,17.40317264968285
1.00511,1,17789.872717,True,True,0.004959418332965279,16.075209970703675
8.959705,1,17791.578361,True,True,0.006129611085274333,1.724345751559961
7.199075,2,17794.370973,True,True,0.0004886553320206978,4.691709647753164
7.481666,2,17797.572306,True,True,1.9724259552045265e-11,4.240846070856784
2.934612,1,17798.890994,True,True,0.004739011810504566,12.596228087877291
9.721713,3,17802.103923,True,True,3.4598712783662222e-12,0.0025625101118979237
8.42502,2,17805.57806,True,True,2.577331045691862e-06,2.3210508283942195
6.27632,3,17809.900168,True,True,2.6560085532296715e-11,6.1819771701447745
6.165613,1,17811.280207,True,True,8.511169418968546e-06,6.763326295300554
9.905473,1,17812.805806,True,True,5.546558212721209e-10,0.002578427650776994
6.14079,1,17814.347315,True,True,0.004767588567618909,6.812542631718259
8.249772,1,17815.851206,True,True,7.210670185942014e-10,2.999940302312277
8.668172,1,17817.351979,True,True,3.4424872674687634e-10,2.2436355495092135
10.157961,2,17820.545908,True,True,3.5832296354389786e-11,0.002564039618952369
7.999755,1,17821.994229,True,True,0.00456142019303477,3.4566923253206903
8.382665,1,17823.714452,True,True,1.379224928710343e-10,2.756170042934837
6.976262,7,17832.452101,True,True,0.00047202328601572176,4.3960794117137185
7.545275,6,17841.957618,True,True,1.5964958495576954e-10,2.5143791568826726
4.593922,1,17843.390394,True,True,0.009207141977541897,9.60669306694696
6.175151,1,17844.79106,True,True,0.009280881903987648,6.754357204717721
2.402985,1,17846.579098,True,True,1.3988446442847469e-09,13.551897979039893
8.239516,1,17848.201563,True,True,0.00026123671515878005,3.0187834641036564
8.823883,1,17849.627038,True,True,7.443694091053589e-05,1.9628767935085496
2.769695,1,17851.241038,True,True,0.0002630140699303469,12.890715611026112
5.050867,2,17854.142656,True,True,0.0006174830413598863,8.642412471141546
3.429426,2,17855.714031,True,True,0.002748940542615416,11.443272403656934
8.198597,2,17858.407027,True,True,0.004174875361871252,2.9509570676754087
8.319883,1,17859.922302,True,True,4.1446239563903975e-05,2.873345128463606
7.396615,1,17861.425108,True,True,3.3809165289437615e-06,4.540812913237822
7.375538,2,17864.453138,True,True,4.436352235439202e-11,4.421972940373344
6.934445,1,17865.949959,True,True,5.651255345773959e-05,5.375394695002574
9.908582,1,17867.43294,True,True,1.3490614875211193e-11,0.002562345120281331
9.908337,1,17868.911016,True,True,8.849837571101027e-09,0.002563845299742931
6.746606,3,17871.587538,True,True,0.001911005159914719,6.005392058766833
6.241482,4,17877.553603,True,True,0.005027019011353785,5.737341372438328
7.754108,1,17879.04619,True,True,0.00028877145761731265,3.895060656017018
-5.754236,17,17897.163296,True,True,0.006227121534284407,4.509294519121746
7.197724,2,17900.113766,True,True,0.002944565604889006,4.761180183924074
2.443812,2,17903.124244,True,True,0.0006391276484007218,13.26905728151923
2.615062,2,17905.837052,True,True,1.4101048995129872e-08,12.977011268069019
8.350799,1,17907.331382,True,True,0.0011424438926230492,2.8185327270238156
6.341151,1,17908.837633,True,True,0.0013210500529860615,6.447739975093397
8.763902,1,17910.302166,True,True,8.576374056578361e-10,2.0703107663046985
8.885635,1,17911.959593,True,True,0.0057906504209954135,1.8532043733136911
9.468107,1,17913.551188,True,True,0.0004106635039655476,0.7963283686132939
9.384929,1,17915.059871,True,True,0.006091825642704286,0.9563610040363048
8.247621,1,17916.446002,True,True,8.85118745883685e-11,3.000092980680718
9.148179,1,17917.996551,True,True,0.005858224667010277,1.380415129952363
8.372604,1,17919.506429,True,True,0.0104059443565373,2.7889575825442323
8.907865,3,17922.474936,True,True,0.005253784885974361,1.5386056993305424
8.249594,1,17923.68989,True,True,7.983475649966729e-10,3.000262748914545
9.668114,1,17925.413424,True,True,0.002377643612917344,0.4404747204294642
-7.813576,6,17933.770277,True,True,0.004897311398220694,17.127001648737178
8.950928,1,17935.332391,True,True,0.001064863878971395,1.734048347215499
1.732532,2,17938.208674,True,True,0.004923525488224922,14.64578185919179
0.631361,1,17939.7123,True,True,0.004530468106076334,16.74872955203812
7.736456,1,17941.233968,True,True,0.008652536052857514,3.9362157591447664
9.740077,1,17942.657662,True,True,0.0013484760835082259,0.3090254683033871
9.798866,1,17943.987788,True,True,1.1644689847999696e-10,0.196921802173852
9.908582,1,17945.31552,True,True,2.2411065104394057e-10,0.002563291970813363
4.12379,1,17946.769601,True,True,0.000804388135063043,10.448599548648339
6.052007,3,17949.657153,True,True,0.005362679579078271,5.011520756073256
9.908369,1,17951.083847,True,True,7.214501895160233e-10,0.0025953359515155194
9.908581,1,17952.37041,True,True,4.984287149678579e-10,0.0025642580860953876
-19.099026,60,17989.940524,False,True,0.014316580836355005,26.074976311712042
8.372735,1,17991.396103,True,True,5.7653496825602835e-11,2.7778205263637297
-25.101639,60,18061.454484,False,True,0.01775971070552978,31.60112493675714
7.069194,1,18063.249757,True,True,0.0064137305242152835,5.133828050174525
5.389026,2,18064.943805,True,True,0.0006679097685389176,7.856274046605779
8.10796,1,18066.748806,True,True,0.00016291556447593086,3.2562481753027583
7.633571,1,18068.551251,True,True,0.0027302747701136512,4.111375830593413
2.839367,1,18069.924981,True,True,0.0036734904052237068,12.767309674129232
8.175856,2,18071.383422,True,True,2.049610411947178e-10,2.9770159935903258
-5.966457,7,18075.615546,True,True,0.0002914591372758144,14.36188756170088
9.080481,1,18077.347853,True,True,0.007125863182408207,1.506822104544892
8.055091,1,18078.708112,True,True,0.004650360831521577,3.3563767340515165
8.252168,1,18080.456062,True,True,1.6058785551331667e-10,2.995613589821698
9.079151,3,18083.708282,True,True,0.0046694978314546125,1.699196901296694
8.736164,1,18085.36194,True,True,1.816020007983088e-10,2.1212647410243086
-18.212927,60,18137.023676,False,True,0.004431956042314882,18.392996551127993
8.238354,1,18138.631328,True,True,0.00028667204301549505,3.020913246714556
0.487376,2,18141.903309,True,True,0.004144194736278271,16.745895421605557
0.720984,1,18143.679497,True,True,7.584779783773997e-08,16.584794731566955
8.445533,3,18147.427063,True,True,0.002517296146294069,2.5524964598744733
8.249968,1,18148.784323,True,True,6.76790576706332e-11,2.999586832870167
8.236062,1,18150.576832,True,True,0.0001873996315809832,3.024933126545608
9.079848,1,18152.264376,True,True,3.546676022208196e-05,1.4955591130224546
10.480272,2,18155.795249,True,True,6.672640912031014e-10,0.002563097594921575
8.457055,1,18157.500691,True,True,0.005246404704242811,2.631675604107768
9.548222,1,18159.247931,True,True,0.0024586349506109393,0.6538208780627884
5.155788,1,18161.067696,True,True,0.002554509150362521,8.588070742650485
4.089861,1,18162.742459,True,True,0.004792833016241436,10.512761923256543
-5.690803,6,18169.537517,True,True,0.0012711364259560126,16.928184889179548
6.004826,1,18171.361253,True,True,0.009697652298436457,7.061432589489236
7.426656,1,18173.207656,True,True,0.00011858953879178137,4.4866923212223195
8.007786,1,18174.907264,True,True,0.00291009503882661,3.4360040063428863
4.833284,3,18179.77792,True,True,0.002743342003133465,7.787084665728721
7.767528,1,18181.544645,True,True,0.004841448721807862,3.8762888304450764
8.599247,1,18183.314553,True,True,1.2017094396870437e-05,2.368639027144392
7.844108,1,18185.040407,True,True,1.424160789298412e-10,3.731857395165299
7.894332,1,18186.386706,True,True,0.004244486330939647,3.64370797376955
6.186714,1,18188.20081,True,True,7.242518598990109e-06,6.725234548962303
7.683551,1,18189.975731,True,True,0.0014988596232711976,4.02431993088177
8.503782,1,18191.381594,True,True,0.001628173599047134,2.5430839887950625
8.099624,2,18192.748649,True,True,0.003340735328302978,3.127157680984798
7.597736,1,18194.170769,True,True,0.0039768248506648505,4.181445845479745
8.105952,2,18195.606066,True,True,0.003616805735695894,3.2553565044790007
6.922401,1,18196.94457,True,True,4.5137650507289885e-10,5.396401827510306
7.445699,1,18198.331911,True,True,0.004530613601166662,4.456506082206027
8.649411,1,18199.69639,True,True,0.003021938072792728,2.281611140500016
6.729449,1,18201.176313,True,True,0.005567696784980911,5.747123825067321
6.572474,5,18205.544276,True,True,0.005272024425104563,5.493223954785694
9.905506,1,18207.07451,True,True,7.489058232085355e-11,0.0025624751231840374
6.600035,1,18208.49429,True,True,0.00011815757689365158,5.97190279258035
5.612393,4,18213.100946,True,True,0.007157278099373648,6.8450337853394725
-10.564049,60,18272.505581,False,True,0.00541414741090895,23.19595004124305
0.990212,2,18273.995127,True,True,3.0026850797448823e-10,16.068702851534763
3.29766,5,18281.235051,True,True,0.00020762907200334423,11.28732098306799
7.843841,1,18282.433985,True,True,0.004210625319305412,3.736661221530755
7.829524,2,18285.910172,True,True,0.0024337484572522308,3.375546577127268
8.166136,1,18287.682348,True,True,0.00032466469116172736,3.147427344109249
6.214282,1,18288.982119,True,True,0.005750312473524793,6.680509826819389
9.905306,1,18290.818543,True,True,2.8411686614493448e-09,0.002562631146406352
6.683772,1,18292.353456,True,True,1.984431055072303e-05,5.827935658143479
-30.35344,60,18349.020952,False,True,0.02190244732536448,41.150758886339915
-1.865292,3,18352.38257,True,True,0.008537075333046665,17.493356413721
-5.950905,21,18374.004836,True,True,0.004842261283755979,1.730079396427504
2.447344,1,18375.541009,True,True,0.005391308757558418,13.475266530702852
9.398851,4,18376.987921,True,True,0.003664076742913477,0.9779627244646442
10.155262,3,18381.019728,True,True,0.002890591670954068,0.5219760095671908
9.908493,1,18382.775805,True,True,1.0903226238534458e-11,0.0025625827901791932
9.834341,1,18384.53673,True,True,0.00034489205451802976,0.13463112770633562
7.558647,2,18388.82433,True,True,4.3822189424322366e-05,4.245345128726656
6.741041,1,18390.206234,True,True,0.00370908620718045,5.728220207880386
9.397193,1,18391.510213,True,True,0.00018410272455521336,0.927083976192053
3.317432,2,18392.846827,True,True,4.6424783979302255e-05,11.977274894066447
9.908367,1,18394.138747,True,True,7.598505138756302e-11,0.0025637140868555266
8.249783,1,18395.566054,True,True,4.1861113186936194e-10,2.9999215172662823
8.268234,4,18397.242716,True,True,0.00502290913551591,2.4834289947697195
6.639644,4,18398.751755,True,True,0.006275715996293103,5.6447573993870765
8.964147,3,18400.262372,True,True,0.005519002065578772,1.6059243325012187
6.01819,1,18401.647028,True,True,0.004854265101029776,7.033333706521371
7.481596,2,18403.054564,True,True,1.4828024363422005e-09,4.240609508659706
9.168541,1,18404.430352,True,True,0.005682284135239857,1.3460154109948723
9.901971,1,18405.880951,True,True,6.556593223883654e-07,0.014514530970085003
1.560348,1,18407.168347,True,True,0.00185633123295088,15.072507359594775
1.572369,1,18408.43387,True,True,0.00287068954580472,15.051414522943482
7.480035,1,18409.814157,True,True,0.011585862112595949,4.4012456280052215
9.17808,1,18411.423011,True,True,3.967248612957164e-10,1.3221893377297698
9.658575,1,18412.838429,True,True,0.002487110223128002,0.4578602552887028
7.795797,2,18414.253813,True,True,0.004871348021281593,3.6744291039318133
9.72155,3,18417.052119,True,True,0.0005331162976434197,0.1395585501072917
7.647644,3,18419.707516,True,True,0.004152583709358063,2.362104149992134
-16.400888,60,18457.983222,False,True,0.016112094451194048,51.09518070855641
5.760085,2,18459.797606,True,True,0.0023217997012818688,7.178763890419535
7.938114,6,18466.374974,True,True,0.0024268262999156097,2.9518763471691893
7.666899,1,18468.113437,True,True,0.00471668614271123,4.057839857272356
2.065887,3,18472.610295,True,True,0.008771709473790896,13.783863701696541
8.468982,1,18474.33047,True,True,6.65074243699398e-10,2.603954535314572
7.822367,2,18475.863388,True,True,0.0035861421523725643,3.575325597902103
-18.784655,60,18551.150312,False,True,0.003743829542475023,28.373347535746966
9.908392,1,18552.535139,True,True,7.434066945373599e-10,0.002562346400429595
7.563613,2,18554.36642,True,True,0.0020978952758100855,4.096696304390045
8.123209,1,18556.089911,True,True,0.00220537076027613,3.2311360243999525
7.793429,1,18557.536842,True,True,0.005479824902918241,3.826893670423406
1.513896,1,18559.39431,True,True,0.004354047811103526,15.157664511303867
8.306113,1,18560.861477,True,True,6.143243136413901e-10,2.897929991741544
1.712147,1,18562.245588,True,True,0.0028899098505099172,14.799406785164534
8.009491,1,18563.639863,True,True,0.010835974624041747,3.441191819650542
2.331708,3,18566.298314,True,True,6.164125633534301e-11,13.516358836861196
7.715845,2,18569.347573,True,True,1.2418129025082436e-10,3.592896113654625
8.587674,1,18570.767047,True,True,0.005239608962795945,2.395299724754556
8.010723,1,18572.115397,True,True,0.004270795559274172,3.4365728196854444
9.473911,2,18573.485595,True,True,0.003056792347219543,0.5684930953041437
8.006398,1,18575.292375,True,True,4.786301133891482e-06,3.43954634029097
9.053634,1,18577.007033,True,True,9.133713230191631e-11,1.5476575647049566
-5.993039,9,18590.999976,True,True,0.00046885563639235224,17.212219457647812
3.351961,16,18613.470023,True,True,0.0050021239927552415,7.8867658314334665
7.447807,1,18615.247774,True,True,0.004787944892658094,4.45345545395305
9.908231,1,18616.583371,True,True,1.727870001324978e-09,0.0025629845458349015
4.068554,1,18618.366337,True,True,0.00537023220391095,10.549927321064128
9.08838,5,18626.592199,True,True,0.0020675764561114045,0.4117126123689986
9.908377,1,18628.691763,True,True,1.0518551307736601e-10,0.002563310597136601
8.249416,1,18630.638069,True,True,1.6546624994691213e-11,3.0000188326961768
8.261231,1,18632.567505,True,True,0.005464048909465363,2.9810151139685233
4.944749,1,18634.415159,True,True,0.0004548698712446772,8.966136572114268
3.454165,5,18643.611791,True,True,0.002183369613069003,12.62447481788997
4.976964,4,18651.033814,True,True,0.0024126330330789445,7.491158726299445
8.547769,3,18656.244775,True,True,0.004361116669445134,2.148068108012082
9.664059,2,18659.796161,True,True,0.0001953863905756686,0.2667000062419395
7.961899,1,18661.775086,True,True,0.0009110597353086403,3.520941311606005
8.529476,1,18663.659329,True,True,0.005691962719137647,2.4999542900744505
9.818587,2,18667.263912,True,True,7.145325395967509e-10,0.0025655530136962116
2.201201,1,18669.308646,True,True,0.008775904537281033,13.920961336626979
7.878445,1,18671.18786,True,True,0.0015173642101467127,3.671373524516726
6.675923,1,18673.070969,True,True,0.005522692949272795,5.845396200472389
8.780638,1,18674.943502,True,True,0.00031046282812000753,2.0413089847155748
8.425469,1,18676.58407,True,True,0.007468070271108225,2.690577123723372
9.906617,1,18678.176441,True,True,1.9058189748566434e-10,0.0025665691160173935
7.249142,2,18679.459921,True,True,0.0010605592429852987,4.310511681494887
9.785675,1,18680.684718,True,True,0.001228277712366194,0.22645081229498995
4.84347,2,18682.949592,True,True,4.162999262212826e-12,8.519158114065535
6.775221,1,18684.288268,True,True,0.004835199770017437,5.6642757927121234
8.280674,1,18685.58729,True,True,2.6959066440557816e-12,2.944120373173355
6.640283,1,18686.826639,True,True,0.0063045947388272105,5.912493967910948
9.070277,1,18688.263237,True,True,5.42370805864426e-10,1.51068696308325
7.635033,1,18689.553353,True,True,1.6760946797145237e-11,4.110253787724075
3.555122,1,18690.8769,True,True,0.0029792525894896307,11.475986998040462
8.319995,1,18692.224076,True,True,0.003961808236834379,2.87742066474266
5.38934,1,18693.628226,True,True,0.001073739722094763,8.165364675141824
8.250405,1,18695.110044,True,True,2.4181106769716187e-11,2.9987977792386764
7.445119,1,18696.414474,True,True,3.386881731264608e-10,4.452698304076809
7.585124,1,18697.796999,True,True,3.8325984088115806e-10,4.199619597896312
9.908494,1,18699.065851,True,True,1.4025415971768345e-09,0.002563606183035346
8.422283,1,18700.460935,True,True,0.009339486364136267,2.6988370305167932
9.905818,1,18701.780401,True,True,1.609585520423451e-10,0.002564196541932457
8.772483,1,18703.119201,True,True,0.0015006976787754873,2.056954295394033
5.914726,1,18704.465421,True,True,0.011646738295052882,7.2258194629454895
8.307736,1,18705.865427,True,True,0.00630751609343741,2.899675265365131
6.577697,1,18707.235929,True,True,0.002696892206751386,6.019365876965523
9.362607,1,18708.573814,True,True,9.250177981993563e-10,0.9856462178750208
8.487967,1,18709.854745,True,True,0.0027371120273438766,2.572256213720403
9.80413,1,18711.140655,True,True,0.0008963733611037928,0.1922450795118915
9.061787,2,18712.498492,True,True,0.00468195737091703,1.2965570428186948
9.7732,1,18713.706526,True,True,0.0003090885503953004,0.2477078843338137
7.319383,2,18714.941509,True,True,1.564166407311318e-10,4.738828813435312
6.378791,1,18716.316127,True,True,0.005212352854532018,6.381745749867854
-16.991894,60,18773.5731,False,True,0.007110233003722946,32.65764855748544
5.133977,1,18775.260113,True,True,0.0005237998422075374,8.62570419508751
7.561881,1,18776.942235,True,True,2.8947419080189484e-11,4.2405532883325865
6.99071,2,18779.867043,True,True,8.84734947507182e-05,4.74956961374824
7.185072,1,18781.535724,True,True,3.904866707760135e-10,4.920129697594397
7.591179,1,18783.115869,True,True,0.0020743488102028494,4.191751289192124
8.469571,3,18787.358706,True,True,0.0004397920351355979,2.1001911986512942
6.723075,1,18788.727273,True,True,0.004820376543217788,5.7617036884800505
5.003489,1,18789.930553,True,True,0.0013289806905124402,8.86185173982118
8.907616,1,18791.171755,True,True,0.0047798584978674405,1.8166627543924514
6.890057,2,18794.107479,True,True,0.00032507707393620786,4.852372414987757
7.299469,2,18795.809348,True,True,0.0001961333580813787,4.453304663503265
8.954696,1,18797.04288,True,True,0.007150863829440333,1.7347556412949368
7.156736,1,18798.429905,True,True,0.0009020753579513633,4.974519153142489
6.631022,2,18799.776691,True,True,0.0010570382085091689,6.1917340068156035
-21.959703,60,18819.274015,False,True,0.012132421044546676,26.813845248439872
8.812892,2,18822.027587,True,True,0.004417918552553125,0.8974888169338369
7.311391,2,18824.60867,True,True,0.0004552387618742132,3.6550667707855786
1.122999,2,18827.391835,True,True,0.0010959886580176326,15.455852111252787
4.018687,1,18829.017549,True,True,0.00030762300547480716,10.637825892420889
5.460964,1,18830.207315,True,True,0.007457732377056717,8.041415685935272
9.149258,3,18834.27001,True,True,0.0031344121868506353,0.6499555763698169
7.254184,2,18837.382656,True,True,0.004062503713664561,3.705472656223225
6.146917,2,18840.273442,True,True,0.0019942246460467094,6.4955174316260065
6.151387,2,18841.942145,True,True,5.353462660780822e-06,6.471616595994229
6.792579,1,18843.543284,True,True,0.004764218990469956,5.636200206190825
9.908579,1,18845.22461,True,True,1.1951564557670237e-10,0.0025682703357891683
8.24967,1,18846.928776,True,True,8.443064634152536e-09,3.0001258265338677
8.068716,1,18848.463677,True,True,0.0014994821725919632,3.3287409667181853
8.067876,1,18849.944155,True,True,1.6324504703776888e-06,3.328500230539088
5.770373,1,18851.643785,True,True,0.005469983456171965,7.4815664384416465
6.619871,1,18853.325378,True,True,0.00030715294332801096,5.943593095472923
9.413231,2,18856.587542,True,True,0.0017618913596955145,0.35118931603952197
7.207719,2,18859.141145,True,True,2.798966318264493e-10,4.242167668476505
7.684156,1,18860.826782,True,True,0.0011058815361459668,4.022790110781507
9.39494,1,18862.494865,True,True,0.0019599128018025483,0.9327934838990407
7.993103,1,18864.279275,True,True,8.224945175923674e-06,3.463564687779385
9.905791,1,18865.874286,True,True,2.507931549468648e-10,0.0025623617621588764
6.45605,1,18867.536495,True,True,0.0014500531636036753,6.240214452219885
7.34937,2,18870.438985,True,True,3.17087130919637e-10,3.4372728023597694
4.391235,1,18871.961644,True,True,0.00015182878050950394,9.965576852957051
8.242676,1,18873.670828,True,True,4.862618015623408e-05,3.0077619404064087
8.284958,1,18875.23833,True,True,0.0022734983287389255,2.938867960884322
9.089485,1,18876.51179,True,True,1.846590722252668e-12,1.4811275859873436
7.411942,1,18878.174888,True,True,0.006216531279410826,4.518776621500061
9.78943,1,18879.7598,True,True,0.00041463157869228544,0.21755144159967726
6.749337,1,18881.434391,True,True,0.006220449667791396,5.715600343036141
-22.578478,60,18964.25893,False,True,0.009393560306929404,15.478278472319502
8.740496,4,18970.757201,True,True,0.00016388084520390777,1.6171029864684694
9.563412,1,18972.184504,True,True,6.656197910277948e-10,0.626188933507881
-22.147724,17,18992.556304,True,True,0.003768958543469214,16.99572594539505
8.309877,1,18993.825055,True,True,1.1502147607116738e-10,2.890953904583995
7.553171,1,18995.009747,True,True,6.536840302970239e-05,4.258164676077981
7.272186,3,18998.783306,True,True,0.004796732229494004,4.4889287701214045
7.288205,1,19000.403933,True,True,0.005721665802383147,4.742499746271116
8.253868,1,19001.951425,True,True,4.455889134254642e-05,2.9925970927259438
8.94487,1,19003.210177,True,True,0.004651792385113609,1.7492750863291515
1.882684,1,19004.649801,True,True,0.0005654519950223907,14.490527357671395
7.008885,3,19005.993742,True,True,0.006997690900915938,4.760100852887645
9.513834,1,19007.285868,True,True,0.0011195264370725691,0.716980597650986
7.415446,1,19008.640042,True,True,0.005839359262744349,4.509339019858399
9.18041,1,19009.87971,True,True,0.004808327095040413,1.3236701582778554
9.040774,4,19013.749981,True,True,9.951968575112186e-05,1.6909595315118509
1.033777,1,19014.910734,True,True,8.025555346686955e-05,16.020896544752038
5.612,1,19016.137069,True,True,1.863966321347674e-05,7.762580862203543
9.099362,1,19017.875041,True,True,0.0064479703405724165,1.472617457103894
6.197299,2,19021.065093,True,True,0.0005937308470989889,6.55583832580776
8.247259,1,19022.645052,True,True,1.4292991959458722e-12,2.999908623837614
7.61321,1,19024.290027,True,True,1.3872063220343733e-11,4.149356111303512
8.171167,2,19027.540811,True,True,0.0016400103655078166,2.789553501745699
7.972675,1,19029.169539,True,True,0.0031702958019046907,3.499882364742732
8.216279,2,19032.178334,True,True,0.0038218791014161257,2.9181246393913374
9.973624,2,19033.963459,True,True,0.0001512056894279329,0.05906048937737573
9.689766,1,19035.548542,True,True,0.0008922935350762535,0.3991713690771505
9.30803,1,19037.194921,True,True,1.8667505041758403e-10,1.0824731644686276
4.472608,1,19038.892836,True,True,0.00469312303444714,9.822289377736467
9.434107,1,19040.497519,True,True,0.00420529459604429,0.8636220517618154
7.42102,2,19043.397668,True,True,0.011795549580089708,3.1759482426683117
6.351802,3,19045.015719,True,True,0.008316438315370062,5.411244383187039
8.249696,1,19046.56314,True,True,1.8802283514862683e-10,3.0000780636590116
8.551066,1,19048.221526,True,True,0.008364349297434695,2.464719302576205
8.249865,1,19049.853214,True,True,6.454534314954822e-12,2.9995679296953948
7.405753,1,19051.433847,True,True,0.008115611142445897,4.532621439175269
9.464825,1,19052.967289,True,True,0.003284184991977384,0.8061386932168106
7.673545,2,19056.138004,True,True,1.2110100925401218e-10,3.6264959038269597
9.656327,1,19057.827085,True,True,0.0023351675974515405,0.46171798051222346
7.341605,1,19059.545938,True,True,0.004827505954314531,4.645219182768997
6.191486,1,19060.787937,True,True,0.00013246518067451377,6.716508586130672
9.226145,4,19063.671254,True,True,4.239890783049385e-06,0.9413308551982177
9.450727,1,19065.283929,True,True,0.00418164576605194,0.8354188834423836
6.800798,1,19067.079442,True,True,0.00683759188871938,5.6225558732554415
7.762578,2,19070.006885,True,True,0.002218016930020078,4.092429713424834
4.083935,4,19072.649308,True,True,9.89767451141637e-06,6.545430017206821
9.171738,1,19073.951248,True,True,0.005417296045361885,1.3403290932825778
9.296476,2,19075.300549,True,True,0.0042582104961183765,0.9100645535551168
2.882438,1,19076.539386,True,True,0.0005563507807164088,12.687576266296434
8.016786,1,19077.755203,True,True,0.0033692123890791546,3.4243188496173245
9.908572,1,19079.024657,True,True,1.4350690394201714e-09,0.002581773814812024
9.708183,1,19080.413249,True,True,1.4086724340337948e-10,0.36418155363839827
6.793647,1,19081.725395,True,True,0.005245461002922763,5.634726434398114
9.089693,1,19083.000457,True,True,0.0003025845986674167,1.4829028164783373
9.908382,1,19084.328921,True,True,6.98157587297743e-10,0.0025633833949032497
8.115689,2,19085.650597,True,True,0.0030409652819201258,2.924864894944031
8.24973,1,19086.816138,True,True,1.6403146202437213e-11,3.0000168621120813
9.067996,1,19088.074858,True,True,0.00613579571901374,1.528981226270475
5.607699,1,19089.371571,True,True,0.00294427355888638,7.771931854121431
8.554176,2,19091.012843,True,True,8.864232799805829e-06,3.688349972291051
3.287042,29,19113.025982,True,True,3.598640392992055e-05,2.583202171227471
7.937174,4,19119.001993,True,True,0.002370543540488724,3.295951960618071
9.908504,1,19120.788957,True,True,3.0004965139560398e-09,0.0025634749579086205
3.13109,1,19122.424153,True,True,0.0003500508958712706,12.238958368572696
1.005928,1,19123.677548,True,True,0.005311072296362929,16.073915551141653
7.470951,1,19125.383775,True,True,9.306164598350303e-10,4.406252094911488
7.795833,1,19127.194155,True,True,0.0052343615521868725,3.8213109379713637
5.277489,3,19131.442128,True,True,3.719542977571183e-05,7.3057680270291625
7.136026,1,19133.168952,True,True,2.937055182394843e-10,5.008532083889081
8.037858,2,19136.257049,True,True,0.005523197803242494,3.15465796221661
-14.3141,60,19213.036126,False,True,0.007790069934676671,19.30947269042651
7.507878,2,19216.326133,True,True,0.004974292710323038,4.489079692710274
6.267099,1,19217.982114,True,True,0.004592468968239376,6.584442636049974
7.634102,1,19219.670677,True,True,0.00035007449923040075,4.111377203871498
9.908574,1,19220.923068,True,True,7.985029911589114e-11,0.0025773425493800573
5.835645,3,19224.963731,True,True,0.004690132644737624,6.912541270703516
1.981432,3,19228.724719,True,True,0.0024709910258013112,14.038580567964615
8.312961,1,19229.931104,True,True,2.2971214220052406e-09,2.885197308622964
7.477087,1,19231.164618,True,True,0.004014615825040992,4.399804413856449
7.621123,1,19232.825469,True,True,0.0033149793662757302,4.139017512895175
8.264072,1,19234.427514,True,True,0.008977497158879431,2.978979760634187
6.648186,1,19235.982699,True,True,1.0246906225744636e-09,5.891879046387008
-4.867055,28,19266.071559,True,True,0.002791006754793915,13.935635506936972
8.2497,1,19267.412321,True,True,1.3403388815502737e-10,3.0000708044454516
4.754114,1,19268.599316,True,True,1.3814891244856575e-10,9.310706364203204
1.023511,4,19272.451166,True,True,0.010862810718087874,15.083597030358604
8.218836,3,19275.001812,True,True,0.006488141549716754,3.583800691598342
7.777062,2,19276.458768,True,True,0.005692341377199733,3.4182650824356293
3.885201,1,19277.736806,True,True,5.3085199430702446e-11,10.878402368238387
5.91516,2,19279.062875,True,True,0.002332204201391675,7.008714036604147
8.165259,1,19280.294355,True,True,0.005623479653673769,3.157866889218816
8.91358,1,19281.570284,True,True,0.0005169905794064298,1.797884697917069
8.658521,1,19282.962694,True,True,5.041353089024064e-06,2.2615442464616957
8.949618,2,19285.355773,True,True,0.004668742396330865,3.045801327848345
6.02057,1,19286.647887,True,True,0.009424020128185731,7.032626389492516
8.395303,1,19287.975138,True,True,0.0006697255943328168,2.737246274973985
5.204153,1,19289.429526,True,True,3.5560887567953614e-11,8.497895800507969
9.171598,4,19293.255017,True,True,0.0021197224985525648,0.42535251812406116
7.561699,1,19294.535539,True,True,2.6588758550751973e-11,4.242279152051553
9.508061,1,19295.980168,True,True,2.894567704147654e-05,0.72651019884583
9.907384,1,19297.156127,True,True,1.8369070726107158e-10,0.002566172466411874
8.324429,1,19298.294295,True,True,1.1853570288967088e-10,2.8628473581047325
9.079763,1,19299.679086,True,True,2.621825895623556e-10,1.5002103562832705
5.049584,3,19301.143369,True,True,0.001735287069572735,8.545963177411396
8.246117,1,19302.398736,True,True,3.4221768835436437e-12,2.9999877097665357
3.300126,5,19308.641763,True,True,0.008828086652318315,4.235303330513032
9.44598,2,19311.283919,True,True,0.0027167265748438843,0.6601073169364442
9.906053,1,19312.651082,True,True,8.27236432132672e-10,0.0025633312139014524
7.681369,1,19314.032108,True,True,0.00028044512808563486,4.023569670339499
9.734205,2,19316.592696,True,True,0.00020578626814300033,0.08871024753352813
3.316514,2,19319.226001,True,True,0.0009005329290714317,11.675769974735616
-16.656735,60,19364.157562,False,True,0.01594188683706845,22.663101203157353
9.669514,1,19365.585032,True,True,0.0019815080173761664,0.43715440395474164
8.282934,1,19367.191422,True,True,5.137301695157248e-11,2.9397217125201465
-18.500956,60,19394.804873,False,True,0.014111841841540173,8.536719499020421
8.9973,1,19396.208992,True,True,0.005560275721990471,1.6522909426016512
2.972315,6,19397.504742,True,True,0.004067217745636547,11.743963460070626
6.036063,1,19398.854451,True,True,0.0015908220814521458,6.9986679865386
6.947547,5,19401.593577,True,True,0.006098598095226756,3.7029082825193274
3.029325,1,19402.797002,True,True,0.004866203782015173,12.42551036536386
3.964854,2,19404.126222,True,True,0.002764435099540361,10.528490469974399
2.720078,2,19405.334338,True,True,0.002293096617609836,12.772209336261989
8.19122,1,19406.444661,True,True,0.0007389546892169936,3.106590144389365
7.534171,1,19407.91018,True,True,0.00032669547421187994,4.2896828594181695
5.767041,1,19409.195768,True,True,0.00455592043227958,7.48680597363579
9.335972,1,19410.428071,True,True,0.003141299880552434,1.0414076091933642
2.963888,1,19411.855399,True,True,6.773175770247164e-13,12.540289706320856
9.908518,1,19413.105115,True,True,1.6612954488924187e-10,0.0025637827505583695
9.908577,1,19414.449009,True,True,9.682833499003288e-10,0.0025714128677071938
9.386574,1,19415.80676,True,True,0.0003198358037154042,0.9436710601636465
8.281648,1,19417.176225,True,True,2.0992516752693646e-09,2.938955974923199
6.929179,2,19418.55521,True,True,0.0002843450800199907,6.032048293704101
7.096977,1,19419.826905,True,True,0.006255285108549114,5.086628017808821
8.345764,1,19421.094465,True,True,0.00011209202074825841,2.8229489499699625
8.48143,1,19422.465135,True,True,0.0036362611925211032,2.5858263435722226
8.249491,1,19423.729058,True,True,5.726442653397612e-10,2.999973227741164
9.164083,2,19424.981154,True,True,0.002096900332112854,1.1958457910387794
7.568056,1,19426.181286,True,True,8.562883157041611e-11,4.231209743016315
7.622719,1,19427.440257,True,True,0.004235885820649435,4.1366731490568664
8.249646,1,19428.747078,True,True,1.7476080305112163e-10,2.9994928541425816
6.854263,2,19430.033842,True,True,0.005785751978448925,5.426380059599796
2.434826,2,19431.215077,True,True,1.521367271745122e-09,13.615547694133939
8.39688,1,19432.532592,True,True,0.0019036716874087111,2.7365061930332586
7.972858,1,19433.74581,True,True,8.029067492367704e-11,3.4997509407333074
7.720131,1,19434.982047,True,True,0.003547549092751775,3.9575092565050776
7.728426,2,19436.386598,True,True,0.003827497431278232,3.7611197583970397
9.907861,1,19437.718528,True,True,2.5338937892360747e-10,0.002568889558888746
9.908411,1,19439.056676,True,True,5.0941320606234797e-11,0.0025628291129748404
7.57773,1,19440.214629,True,True,0.0026286265430029844,4.2166336693390845
7.116548,1,19441.512595,True,True,0.0038029154359857788,5.0498408412617115
7.10903,2,19442.861403,True,True,0.005933376411620149,4.723039228845562
8.053868,1,19444.120102,True,True,0.0011968061540872463,3.355205788627784
6.123779,1,19445.300645,True,True,0.0015741933777668844,6.840335451799859
9.153931,1,19446.64112,True,True,0.0025774341708686,1.3691882253348813
9.314107,2,19448.070815,True,True,3.042145585576755e-11,1.466766866796557
7.49667,2,19450.71756,True,True,1.2276708122316293e-10,3.0877791091202136
8.703906,1,19452.075594,True,True,0.001058025958836915,2.179888133821184
1.625431,1,19453.248288,True,True,0.0005432629215019547,14.95438533827301
2.085578,2,19454.533984,True,True,0.00432405204108232,13.68610487932249
7.583418,2,19455.823958,True,True,8.159325329639767e-09,2.9219769334851438
5.451282,1,19456.941247,True,True,0.0026236602810132603,8.054933292455598
5.34974,2,19458.294777,True,True,1.2520830205975386e-10,7.326544464290471
2.536528,2,19460.803271,True,True,0.00046690456881873753,13.201310347846503
9.905115,1,19462.118238,True,True,2.3422799290406804e-11,0.0025628966627226826
8.34057,1,19463.538192,True,True,0.001116564147841987,2.836767054539824
9.304625,1,19464.977932,True,True,2.417469002757855e-12,1.0907532365527128
-18.306526,60,19525.268559,False,True,0.004746837825762353,11.728056073830281
8.144675,1,19526.887038,True,True,0.0003921243098187477,3.1864737038183573
8.924184,2,19529.884816,True,True,0.0004044017023110806,1.6608560243403068
7.842606,1,19531.199453,True,True,0.00428074388117175,3.740141376880193
7.968656,3,19535.577971,True,True,0.006000198219486759,3.256090613640062
7.76586,1,19536.973427,True,True,0.00609272726978681,3.8803020550889986
9.908582,1,19538.436175,True,True,1.5084686689863236e-10,0.002562346542668251
8.173858,1,19539.956865,True,True,0.005952759665389666,3.1437769213747195
-12.907692,60,19591.505812,False,True,0.007149926158830307,32.46454661042645
5.421884,2,19594.995988,True,True,0.0033231307264136437,7.583066757437632
8.249588,1,19596.397135,True,True,5.456958496186104e-11,2.9999906054359813
9.44627,1,19597.697799,True,True,0.004212617228497863,0.8437020688624767
5.450091,1,19598.940059,True,True,8.37467425680253e-06,8.054780557964847
8.314759,2,19600.357187,True,True,0.0059428912519611694,1.415457708682328
1.081761,4,19601.699665,True,True,0.0010917874900058574,14.314884884171036
9.681266,1,19603.04805,True,True,0.0022707157923676285,0.41656479189140233
4.833141,2,19605.634477,True,True,0.005402317996554251,8.951283221442933
7.971661,1,19607.225846,True,True,0.006237111406990919,3.5091903117406713
4.08299,3,19610.083002,True,True,0.0038893526362226835,9.539176515136722
7.285879,2,19613.012334,True,True,4.061290470591672e-10,4.18990057732612
9.908225,1,19614.465396,True,True,6.708440338270696e-10,0.0025634098404549777
8.048973,1,19615.836593,True,True,0.002825324293099951,3.365322411202973
8.799563,1,19617.366741,True,True,0.0002944725804949061,2.001708260870981
7.733103,2,19620.1684,True,True,0.004206100147808997,3.7784898365078674
9.512973,1,19621.689452,True,True,0.002915897654913395,0.7179467944189363
7.509773,3,19626.012886,True,True,0.002533238575880878,3.733024741470236
7.033959,1,19627.391983,True,True,1.0259032730294535e-10,5.195090768698496
7.016515,3,19629.976181,True,True,0.011535045808731033,5.313708261899581
9.897293,1,19631.333708,True,True,0.0040949592291348105,0.028644061469115342
3.973678,1,19632.42634,True,True,1.846549892159377e-10,10.718786798740949
7.655862,1,19633.786451,True,True,0.0054527512999383975,4.07825042981453
8.925842,3,19635.259815,True,True,0.0004746221310635297,0.9974702801210225
-9.913784,60,19711.351479,False,True,0.023462244874765614,5.204618568570305
3.791198,5,19717.868553,True,True,0.011851108066001939,3.1100978178773335
4.063562,2,19720.67223,True,True,0.0015799540215301689,10.47975021007232
4.802073,1,19722.221996,True,True,0.005426904027112886,9.22623662385455
7.390635,1,19723.793598,True,True,2.61731052433935e-10,4.547932627855563
8.445026,3,19727.874561,True,True,0.00014326096269356992,2.0654186541910793
8.24652,1,19729.287891,True,True,5.974065686586982e-11,3.000064064730232
7.289885,1,19730.587555,True,True,4.090095175927753e-11,4.730337842682839
6.494563,2,19733.146259,True,True,0.004013487832134637,4.188056728325575
8.095952,1,19734.428151,True,True,0.002398559981878213,3.280583188615311
4.581873,1,19735.960823,True,True,7.683065988972615e-12,9.621491455592729
8.249704,1,19737.306367,True,True,3.6011455524699255e-10,3.000064066105227
2.84829,6,19745.175359,True,True,0.00011601717858006344,12.079703319976833
7.879699,2,19746.556978,True,True,6.189594504913375e-05,2.8568808959109555
9.906035,1,19748.051361,True,True,6.2471415303283175e-12,0.0025625533493234143
8.256154,1,19749.256532,True,True,1.2796036808274125e-09,2.988413785027439
8.20051,5,19754.189012,True,True,0.0003900802584717458,1.7184059559114644
7.729456,3,19757.95671,True,True,0.004305115131407163,3.061486278472451
9.03743,1,19759.3144,True,True,0.001238347970655751,1.5785495975609782
9.792425,2,19760.640928,True,True,2.3890598240687947e-10,0.04603494405759252
6.36892,1,19761.955899,True,True,0.0006776468941222524,6.394835273424219
4.314155,3,19764.580845,True,True,5.198679673923097e-05,9.02152549059015
9.823801,1,19765.928643,True,True,0.0006730106224070175,0.15610353634699792
2.632776,1,19767.22464,True,True,0.005274391769603577,13.140838042008516
8.837752,4,19768.613791,True,True,0.00017976294867439076,2.469416602130082
1.719811,6,19772.256778,True,True,0.00012571206587670605,11.739430214191579
9.893518,1,19773.644809,True,True,0.0013900516898501447,0.03177164605997304
8.726195,2,19776.314441,True,True,0.0001824938649243185,2.9683392962971697
7.719072,1,19777.578714,True,True,0.002476899648063444,3.9607240213272155
9.157306,1,19778.878789,True,True,0.004779775323300851,1.3664135780908075
7.710217,1,19780.266286,True,True,3.087316166605625e-11,3.9744737488917563
9.908333,1,19781.577235,True,True,2.1928002928533243e-11,0.002562617777423048
6.630037,3,19782.949426,True,True,8.016495217194348e-05,5.618567975269056
7.562906,1,19784.344394,True,True,2.278154401236243e-11,4.239804867709654
4.559436,2,19786.743017,True,True,0.005830937476098726,7.392912597322781
9.079893,1,19788.185962,True,True,7.268111806846278e-11,1.4998921763808852
7.266827,2,19790.855266,True,True,0.0020554535256546887,4.029017707766588
7.562599,1,19792.249294,True,True,1.8209358168578374e-10,4.241065502361224
9.718979,1,19793.450571,True,True,0.0022845073984688402,0.3484345329827864
3.36249,1,19794.875043,True,True,0.000653079902072183,11.821792872348015
7.306608,2,19796.37185,True,True,1.8223465407331638e-11,4.818275493612046
8.860134,1,19797.687647,True,True,0.003159701104377547,1.9010252364039193
8.197426,1,19798.875419,True,True,0.0035827748881692564,3.0986672274562257
8.835761,3,19801.415657,True,True,1.3269888660127904e-12,2.9999890815966106
6.622905,1,19802.6782,True,True,0.000405425266025237,5.938214306490313
8.631025,3,19806.430701,True,True,0.00027608597858892124,1.4173954376830054
1.264285,1,19807.74402,True,True,0.0001912867759750322,15.605354430501743
3.909568,1,19808.954204,True,True,0.003062291729083344,10.836725151157838
8.245834,1,19810.360091,True,True,2.2438925717516156e-11,3.0002359781145773
-17.477912,60,19866.351151,False,True,0.018278483588381737,2.7660701945983606
8.530452,2,19868.96042,True,True,0.0033793304489229377,1.3590161779331227
7.674047,1,19870.275229,True,True,0.004582272283331789,4.043517028706609
6.673028,1,19871.616539,True,True,0.005405124884810566,5.849597172582397
8.592966,2,19874.237937,True,True,6.27230210368682e-11,2.33770324157289
8.259361,1,19875.549229,True,True,0.0001478512301758981,2.980755182753743
9.594483,1,19876.963932,True,True,0.000356409192834287,0.5707776388869659
9.143079,1,19878.308629,True,True,0.0012189816273801106,1.3876407344844728
8.953529,2,19881.777225,True,True,0.0019802982313281998,1.2582167079562736
4.625345,2,19883.148323,True,True,0.0038770094325639554,9.260515670078446
7.82654,3,19884.444295,True,True,0.002253250796041404,2.6485656527573638
2.834266,4,19889.622206,True,True,0.0031408783248226876,12.23411049611485
8.348832,1,19890.782103,True,True,7.492050971432778e-11,2.819676606639744
8.739473,2,19893.381464,True,True,0.00028459566178859474,2.2672332550853254
8.271793,1,19894.770267,True,True,4.2867343702512883e-10,2.959881720467529
5.527078,1,19896.281388,True,True,0.002025585102587817,7.917638686270831
7.166212,1,19897.741467,True,True,0.005577426390973389,4.959739418193614
8.840225,2,19900.502309,True,True,0.00768811179946205,1.8716769648942229
-9.605943,60,19972.059228,False,True,0.019522283253800884,17.90135604227869
3.807441,2,19975.425002,True,True,0.004653139735683229,9.885842680133505
8.066371,1,19976.676434,True,True,0.011251761063951884,3.34003880396815
6.495651,2,19979.731134,True,True,0.006122560933142396,5.309789683533852
7.548171,1,19981.489782,True,True,7.945963646571741e-05,4.262342964771053
8.351034,1,19983.202894,True,True,0.005309070538565108,2.8212588214453294
9.825793,1,19984.899671,True,True,5.589971578425033e-05,0.15114056863317638
7.166461,4,19989.062234,True,True,0.005606224892907078,4.228755970491044
8.402734,1,19990.704873,True,True,0.004922947358444625,2.729409343230388
0.027839,1,19991.866226,True,True,0.0004519869807309276,17.834609351257242
9.907966,1,19993.635004,True,True,1.0823852092389785e-09,0.00256498953836649
6.499092,2,19997.190029,True,True,0.005396995401432264,5.520602519022966
8.037288,2,20000.014778,True,True,0.0033539132915592984,2.585349128736227
7.578707,2,20001.293378,True,True,0.00257185755785887,3.9835974029559993
8.016933,1,20002.668027,True,True,0.003513039245019831,3.424106880470746
9.195253,1,20004.382422,True,True,0.003285841419945478,1.2957744669976037
8.2232,1,20006.055649,True,True,0.009739497737037637,3.0579293677676063
8.57152,1,20007.743632,True,True,6.647965622198105e-10,2.4183613374647197
4.373285,2,20010.419909,True,True,8.453254949101693e-05,8.921957207775199
7.727211,3,20011.823853,True,True,0.002103694200649262,3.3808239453191606
7.321971,2,20014.314455,True,True,0.00348629924178431,4.653774953132543
9.666397,1,20015.5648,True,True,0.002136473464246812,0.44257767009461635
9.791182,1,20017.252737,True,True,0.0002823830969498897,0.20789581711782087
7.580423,1,20018.619165,True,True,0.00019699307577736996,4.2075402455400255
6.836153,3,20021.294302,True,True,0.006222143470070965,2.8102671005227706
7.869228,3,20024.038142,True,True,8.096169927485422e-05,3.2885282803691305
8.249475,1,20025.745302,True,True,2.353907346819284e-11,3.000035838753202
8.249405,1,20027.364,True,True,1.5582614781850523e-09,3.0000225309315733
9.373232,1,20028.994681,True,True,0.004546553202265474,0.9755314143018402
5.666215,1,20030.23731,True,True,0.0038921127591821612,7.66817616620835
9.679006,1,20031.874128,True,True,0.0017695866775759954,0.41996955351947596
3.194182,1,20033.49145,True,True,0.0011464415037844497,12.125719166419303
7.858668,4,20037.139474,True,True,0.002801169610457745,3.97059915818001
-12.183401,60,20077.056376,False,True,0.004842464638858249,5.644531688912098
6.258122,1,20078.822895,True,True,0.00018245081254959425,6.5964773364405955
8.307353,1,20080.554365,True,True,0.002973415915527319,2.8970560694109144
0.884883,2,20083.739631,True,True,1.7459543776640954e-05,15.869878893572585
5.623915,1,20085.499877,True,True,0.0008501832237965759,7.741835261647709
9.617311,1,20087.196656,True,True,1.3824579931057991e-05,0.529041536769135
9.908582,1,20088.939617,True,True,6.668632972520222e-12,0.0025623728566838604
7.926369,2,20091.886554,True,True,0.006016114694150247,2.84134012053996
8.749134,3,20095.009849,True,True,0.0015609111953856097,2.053613112820806
9.906312,1,20096.659259,True,True,2.352702088499421e-11,0.0025624411296264076
-18.740883,60,20152.768187,False,True,0.03819397125383998,44.376093520653015
9.097332,2,20155.629742,True,True,0.0020961874705513178,1.1794730131275717
8.060696,1,20157.298853,True,True,0.00045603490401041613,3.3417255448209615
9.119094,1,20159.005554,True,True,0.0004466956511117656,1.4299670720919087
-14.7526,60,20225.845186,False,True,0.022927209133642417,38.996313308348896
8.273262,1,20227.455189,True,True,2.244743835255747e-10,2.954017546126023
9.908437,1,20228.99629,True,True,4.32360494241036e-09,0.002570015384920325
4.887319,2,20230.56665,True,True,3.5809695154855554e-11,8.979633618816214
9.149018,3,20235.063896,True,True,0.006186724910604301,1.6937486167000406
6.413383,1,20236.747659,True,True,0.0024590667248723724,6.318451213570231
-29.29432,60,20313.27205,False,True,0.026594404745792534,3.1772861185957906
7.009617,12,20327.651443,True,True,0.009406473035784266,4.860164181296133
7.03259,5,20334.525254,True,True,0.0003304521897023443,5.194400054175859
9.466583,2,20337.504801,True,True,0.0012111971609118713,0.3362724338006041
7.320776,2,20340.752545,True,True,9.937746181520879e-09,4.043922505974121
5.555174,1,20342.483866,True,True,4.38918520979611e-06,7.865127305579531
8.741642,2,20344.187502,True,True,8.664091385550498e-10,1.4187157000690673
9.905599,1,20345.899345,True,True,9.782336052310825e-11,0.0025623564993545868
8.349899,1,20347.567066,True,True,5.56981212193608e-09,2.819072008240769
9.440397,1,20349.11344,True,True,0.004194120148384628,0.8542889179655143
4.721932,2,20352.313949,True,True,0.005226622881042392,8.433701998013762
9.886162,1,20353.975064,True,True,8.814308046952307e-05,0.038861417910155314
7.582909,1,20355.688176,True,True,7.043019211158261e-11,4.204086046703635
8.69072,4,20360.571298,True,True,0.0025480237037735875,1.1404662070875682
7.377551,1,20361.829464,True,True,0.005523665066232463,4.580642448945182
6.978875,2,20363.517402,True,True,0.002729080475116832,4.942712177418674
6.592009,2,20366.377975,True,True,0.0030494762420784343,5.594801890333429
8.881843,2,20369.290278,True,True,0.007087602108633113,1.5552697885451408
9.342288,4,20371.982502,True,True,0.002741799380839881,0.4950109415687545
8.299208,1,20373.5824,True,True,5.358069405142397e-09,2.909997366035039
9.906385,1,20375.370582,True,True,6.60365137572505e-10,0.002562445112158573
7.584449,1,20377.060884,True,True,0.00022016834888416518,4.199428410422229
7.439603,1,20378.306201,True,True,0.007094903051932014,4.468819357779069
6.298709,1,20379.576079,True,True,0.002332374273039471,6.52531156222226
6.376371,1,20380.881753,True,True,0.0031513972437101777,6.385062016948658
8.612,1,20382.077254,True,True,0.004092713614248039,2.350538542059668
8.174857,1,20383.767426,True,True,0.00019423494372204642,3.1354960680811907
9.905374,1,20385.393718,True,True,8.41839098431052e-12,0.002562806358974693
6.373293,1,20386.946568,True,True,0.0009178480371534251,6.389327956143408
6.807128,2,20390.084026,True,True,0.004556876031012512,5.471552149165601
8.249822,1,20391.807762,True,True,1.1822631242053294e-10,2.999850514671796
6.306238,3,20394.845786,True,True,0.00011264426134292328,7.949248778772004
8.251897,1,20396.468673,True,True,9.07986533182914e-12,2.996102543177235
8.248744,1,20398.102129,True,True,5.399926587818808e-11,2.99988627358337
8.234438,1,20399.656553,True,True,0.0001932007577621197,3.0278725053100826
9.897078,1,20401.276902,True,True,0.00011614491270732974,0.023525372544062107
9.435724,1,20402.940657,True,True,0.004262967957870833,0.8593045538524513
7.664691,1,20404.489781,True,True,0.00047276409708306433,4.057230009759703
7.394534,3,20408.358317,True,True,1.2951283486974975e-05,4.253394564316559
7.51704,1,20409.964038,True,True,0.005903956295631049,4.323143818161175
8.931632,2,20413.219289,True,True,0.004834192867514437,1.5427307296099986
8.914351,1,20414.913585,True,True,1.561327200310585e-10,1.7989985306585212
5.04866,1,20416.555446,True,True,0.00970391591803861,8.786845648855396
9.44951,1,20418.141348,True,True,0.0030652725853978213,0.832439513039672
2.303888,1,20419.783469,True,True,0.0013880448100147755,13.731499841819744
8.117013,1,20421.524417,True,True,0.000499123698571538,3.237737242700441
6.033227,2,20424.338526,True,True,0.0004317228311028096,5.89169371502021
9.905506,1,20426.038518,True,True,1.1508710651142451e-11,0.0025629379027460758
9.797604,1,20427.69106,True,True,0.0003746877773371654,0.1987407782719596
8.699949,4,20433.512119,True,True,0.005325241649409669,2.076297297948933
8.361251,2,20436.361944,True,True,0.0024898687581245676,2.6269942294184463
9.320022,3,20439.216728,True,True,0.0011329914957711185,0.41691726737184676
7.645356,1,20440.577016,True,True,0.005314209911216991,4.097349642157506
8.568196,2,20443.551363,True,True,0.0003253338813510595,2.482847755893023
9.83878,1,20444.81637,True,True,0.000597109851906269,0.1291166488603703
6.045152,3,20446.504151,True,True,7.604362365493111e-11,6.7046157660050865
9.684788,1,20447.839047,True,True,0.0052130772018350036,0.40989966253788535
4.823767,5,20449.361466,True,True,0.004970868681155531,8.48670791563909
8.247124,1,20450.655705,True,True,1.728923673425238e-09,2.9999517152618775
8.109481,1,20451.919959,True,True,5.130191565203126e-10,3.2511744237573743
8.290399,2,20454.487216,True,True,0.002251501949576444,2.530188386786874
9.163307,2,20457.401375,True,True,4.3340616487142445e-05,1.1874881291086972
8.436558,1,20458.889665,True,True,0.0002926119835772534,2.662888779332468
8.324438,1,20460.492959,True,True,1.0058967714392702e-08,2.8647750654003366
8.259675,1,20462.017558,True,True,0.001294916128236187,2.9836048222614284
10.07088,2,20463.410003,True,True,7.09021615273915e-10,0.0025623515210162554
0.471935,2,20465.501772,True,True,0.004784534699826889,16.878941103973464
7.336382,1,20466.818499,True,True,0.004662780975250251,4.654483073823451
5.568166,2,20469.658005,True,True,5.6555370613823285e-05,6.687181217388361
8.268599,1,20470.939574,True,True,2.330183125192826e-10,2.9659333121859865
8.884596,1,20472.611392,True,True,0.0059428477719474185,1.8603540607809592
3.6603,2,20475.390094,True,True,0.004455881714566052,11.162654836579472
8.80675,1,20477.043394,True,True,0.0026653923040051595,1.996555746228438
9.598687,1,20478.626152,True,True,0.002067269431441452,0.5652513774830061
9.908314,1,20479.941015,True,True,6.274515663028512e-11,0.002562732122644468
-14.647854,60,20529.607882,False,True,0.0055720139887736435,27.045372551643123
0.113003,1,20531.265748,True,True,0.004679034822819155,17.68315762921689
8.536454,2,20532.948588,True,True,0.00884407106027389,2.2436131565371222
7.594358,1,20534.401494,True,True,0.0006369444587213395,4.182972143269426
7.555647,1,20535.770938,True,True,0.0008420377536663692,4.254561917002947
8.273468,1,20537.485382,True,True,1.596738950130863e-10,2.957138033416593
6.439631,1,20539.127295,True,True,0.0010543297259094097,6.268628233593283
8.218773,2,20540.837174,True,True,9.773066402372563e-05,2.9048362911069208
8.03826,1,20542.086484,True,True,0.0034749997996053714,3.385976021498432
4.633543,3,20544.550876,True,True,0.004991754520128273,9.310557537351533
8.376855,1,20546.030349,True,True,0.001968505884490105,2.7727525794139574
-16.224448,60,20615.541192,False,True,0.002629092027170633,2.019355197698557
9.616469,1,20617.293058,True,True,0.002648464815362281,0.5334712248696085
8.249419,1,20619.034111,True,True,2.0555194829821287e-10,2.9989168807377546
7.961091,3,20621.486829,True,True,0.00048424991065695866,3.171150107853959
2.803502,7,20629.408583,True,True,0.010132665995514992,10.1414095384351
3.589298,1,20631.064831,True,True,0.0005191507524557812,11.412579391197477
8.74995,1,20632.798257,True,True,0.005473072334470281,2.102571999853512
8.883187,2,20636.266479,True,True,0.0001126758089990244,1.8192896136365422
7.329188,1,20638.027955,True,True,0.006098028388086677,4.6688880062796745
1.16314,1,20639.802882,True,True,0.002821843952806706,15.789190215811653
5.657301,1,20641.590233,True,True,0.0020198133741601235,7.682631485909622
8.083948,1,20643.033849,True,True,3.238423695284959e-05,3.299330885194235
-10.372004,60,20672.163225,False,True,0.008870871156965388,16.811076053104653
8.292183,3,20673.512711,True,True,0.002563432507399781,1.9798618539731894
8.590753,1,20674.785957,True,True,9.67154281503544e-05,2.384089765546967
2.630548,1,20676.070839,True,True,0.00037405131030394945,13.14174374885691
7.2862,2,20677.432606,True,True,0.011590935145837526,4.705190852248382
8.446274,1,20678.831755,True,True,0.00599074303642298,2.6464864760552813
7.589822,1,20680.078091,True,True,3.655827148602328e-10,4.191523528812664
9.493867,1,20681.450788,True,True,0.0033972723345555983,0.7564543512326398
2.474852,1,20682.734146,True,True,9.11028142677392e-06,13.422296199111452
2.864631,1,20684.448672,True,True,0.0028972636014833117,12.721248271718327
5.50997,2,20686.209672,True,True,0.002569513500596201,7.063085820956502
8.867159,2,20689.329348,True,True,0.001724496255086399,1.3398335378941677
7.5193,2,20690.785268,True,True,6.243833673205967e-10,3.000025729018632
9.908229,1,20692.418741,True,True,1.7482110487489466e-09,0.0025753024531889545
7.254954,1,20693.798053,True,True,0.0028734918618401146,4.79966686858073
9.448384,1,20695.417435,True,True,0.004196755073888143,0.8398627018779949
6.932487,1,20696.741091,True,True,0.00809976555547759,5.38676579217839
9.177876,1,20698.446058,True,True,0.004677503114150834,1.329131661741266
8.249292,1,20699.792675,True,True,1.971224669847288e-09,2.999969332156471
4.367643,2,20702.730155,True,True,0.0019652388521103604,9.531567921218155
9.298829,2,20705.34926,True,True,0.0018656099473879622,0.4896921182430946
9.277635,1,20707.006538,True,True,0.004690920824595603,1.1484757848010718
8.249324,1,20708.677788,True,True,1.899219248063926e-10,2.999982799395921
5.746878,1,20710.368927,True,True,0.0005721298904203392,7.519660853932854
7.362637,2,20714.033765,True,True,0.0008944694714342599,4.087958749319832
8.347981,1,20715.623649,True,True,0.0012344480142472813,2.8232530489228465
9.908571,1,20717.251757,True,True,7.387591986719386e-11,0.0025825972595814846
9.516619,1,20718.526818,True,True,0.004482241076399164,0.7169493960228495
5.876743,1,20720.279623,True,True,0.003863494591342714,7.288249068061687
9.873833,1,20721.507138,True,True,1.9140998987574944e-12,0.06537372481426286
3.93857,2,20722.704217,True,True,0.004708137087775326,11.197655786160366
9.433718,1,20724.126177,True,True,0.00013621979362625491,0.8555674064655941
8.28348,1,20725.78793,True,True,2.479594844930908e-10,2.9385313345062634
7.878802,1,20727.160437,True,True,0.004769131843455518,3.6753063180281926
4.797204,4,20732.618711,True,True,0.0025587024296162067,9.25419232390443
1.911294,2,20735.432652,True,True,0.007120878125419762,14.45265432744989
7.007401,1,20736.75143,True,True,0.001876300709911433,5.245569601482006
7.611464,1,20738.081523,True,True,0.005580029327975293,4.153976403603552
3.280591,1,20739.767331,True,True,0.004553111493999815,11.972180073906681
4.834142,1,20741.024075,True,True,0.005036872238128872,9.170360844812514
-22.961296,60,20788.162092,False,True,0.01784731305345023,16.726571745392622
4.67548,5,20789.542784,True,True,0.004990239651375313,6.3383114425816665
9.844127,1,20790.881224,True,True,0.0005583105441121764,0.11982958263137118
9.818839,1,20792.299227,True,True,0.00030371968432509056,0.16069101636414138
7.052973,1,20793.500147,True,True,0.004203352795202659,5.165635882874177
8.449947,1,20794.834843,True,True,1.1904199658932697e-05,2.638355843918012
7.157329,2,20796.148602,True,True,0.003450610719528239,4.765550793066796
7.422372,1,20797.334255,True,True,0.0008330810933454662,4.495214091758338
2.859213,1,20798.667849,True,True,0.002452115084302619,12.730729497951456
8.140661,1,20799.997689,True,True,2.1900213141140238e-10,3.1955305013781046
3.576836,2,20801.353301,True,True,0.004583458391288606,10.911073160963776
6.460558,2,20802.682935,True,True,0.005999556514566793,6.045040776421227
8.549254,1,20804.010581,True,True,0.000748116476865927,2.4594119195619584
6.57338,1,20805.367088,True,True,0.00026529989329533867,6.027481192195036
8.248933,1,20806.629525,True,True,7.118615773138522e-10,3.000000635702572
9.057859,1,20808.057186,True,True,0.006023256271124131,1.5463881770181245
7.409964,1,20809.414297,True,True,0.006080219777157101,4.521810528575963
9.231156,1,20810.651574,True,True,0.004565998415886269,1.232167948729295
9.753942,1,20811.940396,True,True,1.0430727597550691e-10,0.28207602124444064
4.43527,3,20813.336994,True,True,0.004395195885611948,9.2641976243828
7.567179,1,20814.949075,True,True,0.0002407538612595205,4.23224189158634
9.908421,1,20816.583475,True,True,7.089203861576301e-11,0.0025624327378419402
5.921116,1,20818.224453,True,True,0.0058809814596891136,7.20984910209217
7.21683,2,20820.837446,True,True,0.011982131385998344,4.68960810633439
7.592891,1,20822.482928,True,True,0.002387540718374709,4.188999800096028
9.313161,1,20824.12012,True,True,3.4164990281304597e-10,1.0749478233478036
5.14475,2,20826.997978,True,True,0.00836261904600846,8.377675525052673
9.908289,1,20828.683564,True,True,1.0805397080035191e-11,0.0025627979683861555
6.022091,2,20831.852051,True,True,1.0854893613737209e-10,5.919450984105852
6.166338,1,20833.538472,True,True,0.010533973857793241,6.76817639562428
6.453537,1,20835.225993,True,True,0.005139391822917033,6.244572509481727
9.801298,1,20836.914654,True,True,9.606902851358456e-09,0.19086266630232784
5.609712,1,20838.469141,True,True,0.0028178137285045854,7.769211006634719
7.682097,7,20850.044346,True,True,0.003125061939803573,3.0377898398744256
9.908581,1,20851.77429,True,True,5.474550944517542e-09,0.002565085874993149
8.253702,1,20853.472636,True,True,2.7065812240247244e-10,2.9928422963329595
-5.093496,14,20869.434912,True,True,0.011912642199985852,1.3133364140017065
8.693091,1,20871.222668,True,True,0.005300303126140923,2.19895137654528
-3.990526,7,20879.373084,True,True,0.002232546851938435,17.487685406867595
8.966635,1,20881.099665,True,True,0.006062048625299699,1.7123254757328394
9.899473,1,20882.698461,True,True,9.747694976473993e-08,0.01902837916860183
5.922612,1,20884.267964,True,True,0.004664491815880493,7.205525147391375
9.799675,1,20885.476153,True,True,2.6734101128296034e-09,0.19941611896262057
9.908284,1,20887.214172,True,True,2.1754346785483052e-10,0.002562583501306792
6.831703,1,20888.626795,True,True,7.362799536725362e-10,5.560834529195955
2.038941,2,20889.883666,True,True,0.0060943085752144105,14.093757947936313
9.054729,2,20891.319819,True,True,1.9252904825961537e-11,0.9647512068443397
9.19696,1,20892.671551,True,True,0.005625293297567242,1.2915421132562745
5.230287,1,20893.93453,True,True,0.0003959029093137407,8.451796900901373
7.327913,1,20895.204481,True,True,0.007707166980936262,4.672732464374799
7.081824,1,20896.551401,True,True,0.005777379659309592,5.10931113769861
9.065915,2,20897.913977,True,True,0.0056872774554438555,1.3207078336455669
9.543087,1,20899.159993,True,True,1.0700479641125617e-10,0.6629128620607159
6.438876,1,20900.44586,True,True,0.00012824422619616728,6.270157738614252
9.387199,2,20901.869266,True,True,0.0010515811737070782,1.743063434477193
8.312582,1,20903.220736,True,True,0.00029471831005366267,2.884739085027679
8.04568,1,20904.560382,True,True,0.0011904588599257462,3.369554438456049
0.726956,2,20905.765887,True,True,0.00970839224428679,16.42058325635622
8.012159,1,20906.936872,True,True,0.0023790492604636986,3.4318856264636546
1.485335,1,20908.23708,True,True,0.0012774317403136393,15.207423665490282
4.126713,1,20909.494896,True,True,2.6133035116136794e-06,10.442701137374089
7.851017,1,20910.801739,True,True,1.2997115908667749e-10,3.7194586705673545
7.941436,1,20912.427996,True,True,3.0475619250402985e-10,3.556486238892064
7.219531,1,20913.563913,True,True,0.003173250548545097,4.862441888247555
8.249504,1,20914.868891,True,True,9.602910425966578e-12,2.999822357972041
1.670997,3,20917.467022,True,True,0.005213489058475868,14.323625180895037
5.553582,1,20919.129589,True,True,0.004365364154639342,7.871815980267925
8.400109,2,20922.10201,True,True,0.004708957374238938,2.4638285065726016
8.830486,1,20923.727601,True,True,0.009437720138188724,1.961940062562964
2.379638,2,20926.467523,True,True,0.0005783135255348019,13.977769575937742
9.576752,1,20928.097281,True,True,0.0022110970872317535,0.6006535267362285
1.162372,1,20929.729967,True,True,0.0026872328459210688,15.790502553906448
4.103,3,20932.645291,True,True,0.002075159472010992,10.223232953393213
9.079817,1,20934.148426,True,True,1.5918788887207058e-10,1.5000029715984766
7.882402,1,20935.773124,True,True,0.00404403715278406,3.6680312661683394
9.080567,1,20937.432716,True,True,0.005669167243605171,1.500542337024059
8.02299,1,20939.089966,True,True,0.01018885528897395,3.420233283278113
7.458196,1,20940.800938,True,True,2.8091418080578023e-11,4.428267407876743
9.222212,2,20943.773721,True,True,0.002208636755266287,1.1054482307315747
7.709467,1,20945.369794,True,True,1.0380062066129738e-09,3.9731239766319546
8.441764,1,20947.076269,True,True,0.005960127827603578,2.65511123207297
9.908578,1,20948.58978,True,True,3.9731503705969455e-09,0.0025703560000981014
6.37984,1,20950.238404,True,True,0.0025748609004489814,6.379104241718135
6.379621,1,20951.528282,True,True,0.001945854776053438,6.378901203251405
7.874364,2,20954.345097,True,True,0.004987476232760024,2.9581090880437055
8.559297,1,20955.904565,True,True,0.00855914279560462,2.4506552299900224
7.47424,1,20957.510442,True,True,0.005487748957925529,4.406212810445891
7.267121,1,20959.232076,True,True,0.005029192971226961,4.778265142210519
9.028228,1,20960.957708,True,True,0.008012592635139114,1.6020198822773881
7.163718,4,20967.653013,True,True,0.006259549996194351,4.543522878891664
8.29179,1,20969.409756,True,True,1.1769874637886106e-09,2.9240417113458226
9.473094,1,20971.050192,True,True,0.0026127598370035286,0.7927023799947802
10.011792,2,20972.73332,True,True,0.0006069294468005579,0.7140050160259503
2.972441,1,20974.345004,True,True,5.5330338889929276e-05,12.524900666255474
3.795372,1,20975.630458,True,True,0.00041250094216666727,11.040765551348322
7.700663,1,20976.972332,True,True,0.005204048685450553,3.9973861057065503
7.283724,1,20978.646742,True,True,1.5581753779480174e-10,4.742958933548298
9.542213,2,20981.614753,True,True,0.0022546394900731376,0.5779238894579697
9.409666,1,20983.334399,True,True,0.0006676355922834192,0.9044780885317011
-23.388156,60,21060.223215,False,True,0.025303015242260307,37.99699099537446
8.470543,1,21061.81362,True,True,0.002397589148105783,2.6035482141309476
4.000368,1,21063.377927,True,True,0.0012405881063148466,10.67057364562313
7.846558,1,21065.005674,True,True,0.004198135774344761,3.732917968693981
-14.584275,35,21116.376787,True,True,0.00838119459700906,3.3142922870194984
6.216134,1,21118.073347,True,True,9.935198351560199e-06,6.672131554217544
-14.645495,60,21163.774061,False,True,0.0012537420074755687,23.74138348031572
9.888011,1,21165.032112,True,True,2.5069222652635004e-10,0.039747310099908756
8.170369,2,21166.239047,True,True,0.004685413151950183,3.357425487920751
9.130275,1,21167.520771,True,True,0.003272718357357723,1.412622927437338
2.592644,1,21168.823191,True,True,0.004783377875311562,13.212906337321744
7.701677,2,21170.21406,True,True,0.001373066825777702,3.803488643456897
-17.30093,60,21223.463235,False,True,9.2902724467319e-05,35.788905254613354
8.198379,1,21224.866907,True,True,6.783740236215863e-13,3.0927733307089658
8.316551,1,21226.185132,True,True,0.005598585731882875,2.8853962798205064
8.582641,1,21227.44488,True,True,9.386972124362028e-06,2.3986361548387736
3.699811,1,21228.823541,True,True,0.0006342134342193232,11.21331382398424
9.908304,1,21230.162845,True,True,1.8213395804780377e-10,0.0025626874660383166
5.881795,1,21231.523626,True,True,0.004877911528793989,7.279656922473398
6.414689,1,21232.86445,True,True,0.004614004339201019,6.316937573060822
0.134544,1,21234.121141,True,True,0.002458567968841477,17.643261951200135
9.426776,1,21235.448836,True,True,0.0042472529535542555,0.8789640323061425
7.848779,2,21236.837571,True,True,0.005445890954587684,3.773957113047513
8.523926,2,21238.54111,True,True,0.002053175106529288,1.8219321103551562
6.580787,1,21240.245131,True,True,0.004738362069138864,6.018440044581766
0.052006,6,21247.061394,True,True,0.00926315379471866,14.338756587220045
5.528534,1,21248.344069,True,True,0.00013776679283522054,7.91332863490008
1.784735,5,21249.811827,True,True,0.0004460222621089742,14.308974390520534
3.392584,1,21251.133197,True,True,1.3020614031411526e-09,11.767038149345739
8.955973,1,21252.417984,True,True,0.006001104754396682,1.7315101368559223
8.816632,1,21253.612916,True,True,0.002212015952007071,1.978315582446924
7.09253,2,21255.001739,True,True,0.0045294801446846425,4.895830719797912
8.257202,1,21256.29364,True,True,0.00016271948655996807,2.9805139954764903
6.224147,1,21257.598971,True,True,0.002588410061180207,6.660128595661841
5.189677,2,21258.830087,True,True,2.7068765478802774e-11,8.356212509254668
2.278543,2,21260.026303,True,True,0.0012413054812654223,13.611212514829234
8.919557,1,21261.8034,True,True,0.0027796902633305497,1.7899989541986805
6.420446,1,21263.38377,True,True,1.1387585889637009e-06,6.303301015279315
4.65213,1,21265.087253,True,True,0.0006968341110988731,9.495299486237052
9.105791,2,21268.128059,True,True,0.002890246604270272,1.0413990644110815
5.269395,1,21269.493908,True,True,9.551641882767081e-05,8.37864025078457
9.000247,1,21271.299308,True,True,0.005677260953314653,1.6472023059807064
4.917233,8,21281.770354,True,True,0.010524099550701878,5.892899133984686
5.089495,2,21283.369428,True,True,0.005764943283577411,7.6808679213789315
9.908581,1,21284.637061,True,True,2.194920044329418e-10,0.0025644645964763967
8.588239,1,21285.911499,True,True,0.01023312531665753,2.399887281475028
8.134166,2,21287.116785,True,True,0.00012142611771822536,3.352100298279721
7.485084,1,21288.331598,True,True,0.004236255844191322,4.384962618006971
9.908581,1,21289.524614,True,True,1.356809178898466e-10,0.0025646747850792974
4.849285,1,21291.137695,True,True,0.0003673634515901393,9.139289389767491
8.261473,1,21292.776148,True,True,2.7620973325951876e-10,2.978804102450098
7.7148,2,21295.620356,True,True,0.0031629740669438175,3.68669945833012
6.92164,1,21297.262804,True,True,0.008193736833336702,5.406222612352995
8.209988,1,21298.893871,True,True,0.009424753658918213,3.0821793605515584
9.908582,1,21300.548068,True,True,1.4337458650870438e-10,0.0025623495296782143
9.908582,1,21302.260397,True,True,1.1084697812413502e-09,0.0025623461159522583
4.924049,1,21303.925318,True,True,0.011069193590540092,9.012186225835261
5.464171,1,21305.521656,True,True,0.009616999901274747,8.037158554648705
4.932272,1,21306.790671,True,True,0.000690172531377712,8.989819189831042
5.781787,1,21308.445152,True,True,0.004595925724679135,7.460231524376579
9.337651,1,21310.077252,True,True,0.000265984489828028,1.0347944429525582
9.395284,1,21311.764056,True,True,9.566303452818916e-10,0.9298500387000805
8.878229,1,21313.042341,True,True,0.005963752817370303,1.8710683771361063
7.071613,1,21314.406558,True,True,2.5134088699196866e-09,5.12361206851649
9.074673,1,21316.063368,True,True,0.003014722173905429,1.5129944794206023
9.903732,1,21317.781264,True,True,1.7278567390203155e-11,0.0025626492086453664
7.526073,2,21320.916588,True,True,2.934946773461289e-11,3.0000907306238567
8.637875,1,21322.636345,True,True,0.007988184489029618,2.3081684269252842
9.462891,1,21324.203207,True,True,0.0010472522878869602,0.8095328681055087
9.779672,1,21325.412377,True,True,1.274386033545487e-10,0.23537990189422014
2.32973,1,21327.08152,True,True,0.0004458532139297103,13.684296716149081
9.908582,1,21328.655425,True,True,1.694266258539523e-09,0.0025639207832041486
9.285336,1,21330.004658,True,True,0.004902831554831371,1.133987174753497
6.412112,1,21331.783891,True,True,0.00035024975945871506,6.316614154740483
6.803347,1,21333.467652,True,True,0.006136587424327602,5.617438111971698
7.326513,3,21336.808977,True,True,1.0239067879027229e-09,3.0835469203307224
-6.174033,60,21424.157847,False,False,0.02714130834006212,38.35891787901518
8.142125,1,21426.017566,True,True,0.0005648532399817614,3.1943626220051344
7.896426,1,21427.81197,True,True,0.006046911731099252,3.641196719876377
9.256993,1,21429.55742,True,True,0.00207988909315953,1.182938667726582
5.887078,1,21431.272199,True,True,0.0049190903321777914,7.270513213067799
7.423321,1,21432.671204,True,True,7.224232794914293e-05,4.4896055147252065
9.219136,1,21434.584208,True,True,0.005181275793451873,1.253246404973454
-43.140145,60,21504.040796,False,True,0.019204327238401764,8.361998268151448
2.931385,1,21505.979079,True,True,0.004533917584784055,12.601916571768523
9.908387,1,21507.931309,True,True,1.5399334585275426e-11,0.0025624253416701337
5.570238,1,21509.77774,True,True,0.005347214444534696,7.84257578523944
3.096961,2,21512.948082,True,True,0.0021084663120970737,12.455309815070787
9.851797,1,21514.7291,True,True,0.00016006088433560828,0.10094150776758531
5.251091,1,21516.544855,True,True,0.001536371936183615,8.41524334097576
9.150628,1,21518.250938,True,True,0.0046492488961123735,1.3783181132881206
9.068242,1,21520.088411,True,True,0.006811665500284975,1.5292794017014362
6.468003,5,21526.747736,True,True,0.0011622345706866462,4.231839288850176
9.907786,1,21528.551565,True,True,4.866135960059737e-10,0.00256244525439175
6.526891,2,21531.768269,True,True,0.003964578041376574,6.127266436101377
9.908579,1,21533.564016,True,True,1.2971603305378387e-10,0.002567674100254976
8.493727,3,21538.023043,True,True,0.000400771969176392,2.2960663015116194
1.804689,2,21541.662518,True,True,0.0004686017706074354,14.664061081924594
4.852805,1,21543.460266,True,True,0.005446730569210297,9.137005733693067
8.250091,1,21545.280963,True,True,1.6239201000044097e-10,2.999365520798911
8.576971,1,21547.133548,True,True,0.003654780704217424,2.413294544584737
7.829756,1,21548.882133,True,True,8.080801444654284e-10,3.755537896365248
9.908285,1,21550.769055,True,True,3.997424335570501e-10,0.0025624409873930016
8.552255,1,21552.574057,True,True,0.0013083827386567073,2.4551364048283766
5.634402,2,21555.776139,True,True,0.0004263871162717642,7.393361506461438
-15.571024,60,21589.815028,False,True,0.007577305100483567,22.382758245077973
7.97534,3,21594.312325,True,True,0.006403493506912949,2.8139148317131264
6.418484,1,21596.137853,True,True,0.004777614514740589,6.311401258949981
6.932943,1,21597.588556,True,True,0.0039356597840018714,5.3814626943251636
2.520068,3,21601.937577,True,True,0.0015331698401163264,12.741546435005814
9.908265,1,21603.673835,True,True,3.1198851935863895e-11,0.002562536424233883
3.651467,2,21605.568725,True,True,0.0030575193940180516,10.945946854832535
2.783007,2,21606.950819,True,True,0.0031754432061290518,12.74621007536531
9.422628,1,21608.191427,True,True,0.00428364111848662,0.8855765538919095
7.956892,1,21609.603235,True,True,0.0041008868167205685,3.5327077403986524
6.148461,1,21610.988512,True,True,0.004347428904122462,6.7951106774503165
7.792034,1,21612.444243,True,True,0.004909054089589568,3.8316384428568826
6.711595,2,21615.670718,True,True,0.00018368225097776733,6.046121849723932
4.715304,1,21617.405602,True,True,4.399811203369304e-05,9.380772629824506
9.084375,1,21619.226959,True,True,0.009675083128605017,1.5028722234215994
7.602305,1,21620.906179,True,True,0.004212969646477685,4.168972302651499
8.046248,4,21628.064001,True,True,0.005205251046863699,2.4351296743140476
6.540758,2,21631.632957,True,True,0.006200633678443559,5.953411260868829
8.249707,1,21633.488032,True,True,2.1054753898582426e-08,3.0000321092940125
2.624804,3,21638.648521,True,True,0.004692048598450708,11.551282943568308
7.729547,1,21640.670181,True,True,0.00022987025541655083,3.939825557664273
2.340979,1,21642.524091,True,True,0.002270612170014164,13.66516739811002
7.872701,1,21643.894763,True,True,1.514993885726526e-06,3.6810200155024764
7.433247,1,21645.699221,True,True,0.004702057839868909,4.478551760685714
1.130047,2,21648.6211,True,True,0.00016757055284698295,15.728436311133837
8.908031,1,21650.192878,True,True,0.002731901762958859,1.8134342610010552
9.575995,1,21651.924444,True,True,0.0011128355095888804,0.6046391735440563
9.908004,1,21653.269318,True,True,1.5478662995563773e-10,0.0025632753349751286
5.020752,1,21655.002072,True,True,0.0006577399596051237,8.830133817408262
9.908138,1,21656.455788,True,True,1.6644993852682273e-10,0.002562538273198683
9.90491,1,21658.285589,True,True,2.387662428882109e-10,0.002563073990115354
9.908272,1,21660.063428,True,True,4.658408168848506e-11,0.002567217143378247
7.958752,1,21661.843722,True,True,0.002896036147104583,3.5282664850015313
8.250133,1,21663.715505,True,True,4.950038063932911e-10,2.9988179689971197
0.900198,3,21668.230174,True,True,0.003655783566267851,15.547309140962945
5.486355,2,21671.454583,True,True,0.002176773077688615,7.456303764708492
3.836517,1,21672.775126,True,True,0.0001494411063206174,10.966341720459212
8.425604,1,21674.039346,True,True,0.0011135874649775314,2.67888479757007
5.228236,1,21675.455375,True,True,5.6960801446191e-10,8.455149055222128
5.546478,1,21677.336167,True,True,0.006136286139249519,7.8860879319422725
7.875303,2,21680.980635,True,True,0.004066596158104345,3.5318777907678656
7.6701,1,21682.515265,True,True,0.004951128848198343,4.050893917105636
-3.90918,9,21690.451775,True,True,0.009479305401601542,17.266937329749744
9.770841,2,21693.211298,True,True,1.3518740547092377e-08,0.08698725490459289
7.024389,1,21694.85323,True,True,0.0046894351628928525,5.2150795918250346
5.730854,1,21696.338812,True,True,0.0053010226351089835,7.552173499922281
7.983479,4,21701.89673,True,True,0.0017303651499310435,4.537251767173606
7.585115,1,21703.253291,True,True,0.00849874532495024,4.208051986222765
3.320609,2,21706.115083,True,True,0.006538403438555144,11.320723291986459
0.697599,2,21709.427386,True,True,0.000856541232708256,16.26222620546447
6.020401,1,21711.271626,True,True,0.003703142362538799,7.022601732266462
9.738056,1,21713.416794,True,True,0.0005381605181613396,0.31154900404674013
7.581486,1,21715.322169,True,True,0.008393980671218895,4.215692503666503
9.433511,1,21716.919748,True,True,0.004247732070949738,0.8667959987354088
8.50859,1,21718.254368,True,True,9.379087665585084e-05,2.532518040280438
8.080625,1,21719.598032,True,True,0.0005127790617356623,3.301772957835468
8.300931,1,21721.010576,True,True,2.0182455706674318e-10,2.9069727379985912
8.744607,1,21722.470992,True,True,0.006241278315036281,2.113509194245883
8.144668,1,21723.822963,True,True,0.0015890853336563446,3.19166873389909
9.90846,1,21725.159042,True,True,1.8536128881807556e-10,0.002562349671916697
2.434435,2,21727.8564,True,True,0.004991867085616517,13.378177921968382
9.905788,1,21729.307201,True,True,2.5918381543375844e-05,0.007033407926260362
8.938937,1,21730.750226,True,True,0.000125679158641982,1.7546765951422045
8.805769,1,21732.183933,True,True,1.4222278977905587e-10,1.9918903911763466
2.863607,1,21733.795251,True,True,0.0028741946406002205,12.723080395287958
3.258226,5,21741.057054,True,True,0.0025976625162319363,11.357099205610742
8.730108,1,21742.729233,True,True,0.0003042802871581485,2.129072421647552
6.809483,1,21744.236563,True,True,0.0046769046197623594,5.6056066845273245
4.980639,1,21745.813302,True,True,8.861121045762875e-11,8.900041475092303
9.20217,1,21747.309208,True,True,0.00021946690384988253,1.2737463805329832
1.719773,2,21750.092696,True,True,0.004321532829940819,14.160008015166596
2.192705,5,21752.734343,True,True,0.0021811336554253217,13.509435001134122
7.682141,1,21754.308973,True,True,0.0027560099751818,4.027802509376585
7.615579,1,21755.78012,True,True,2.9149457014820968e-09,4.1432091535602344
8.261715,1,21757.261224,True,True,0.005746440012292646,2.9845128228689193
6.318673,1,21758.5499,True,True,3.013318039328047e-09,6.4861327872122425
7.984989,1,21759.901764,True,True,0.00047496495938954006,3.476606342200564
6.590055,2,21761.376177,True,True,0.0012108547796299612,5.316295364413012
7.156293,1,21762.733245,True,True,0.008585312270433286,4.9829588143327035
7.732483,1,21764.166486,True,True,0.0009156557820234744,3.9353024673550534
6.649091,1,21765.695422,True,True,0.0004252208752017543,5.890960541174285
8.018105,1,21766.934195,True,True,0.002379341089790054,3.421146671100124
-25.279558,60,21847.537926,False,True,0.028221422337998722,31.47342744784013
8.253419,1,21848.975392,True,True,6.907804063233356e-05,2.9899530009222195
6.232343,1,21850.890179,True,True,0.0001627183582002966,6.643021030239722
6.63152,2,21855.270036,True,True,0.001034035785209518,6.091064132246508
0.559132,5,21864.736583,True,True,0.0018718338798826102,16.637405240082526
9.737195,1,21866.791557,True,True,0.0008234587362317568,0.3093126793025439
7.478872,1,21868.877275,True,True,0.006073517690512592,4.394049199376068
8.243001,1,21870.767004,True,True,0.006102643433663739,3.0191357508381507
1.614578,1,21872.811314,True,True,2.3718201079761178e-05,14.97364355908621
5.865782,1,21874.713007,True,True,0.004767788337094988,7.308810523344409
6.99098,1,21876.715976,True,True,5.435245690710907e-05,5.273315977874887
8.255361,1,21878.99025,True,True,2.6258467622497506e-10,2.9869174285136446
8.481007,1,21881.14099,True,True,0.004147583234387358,2.5871789812121593
4.29059,1,21883.273055,True,True,0.0005078173953945841,10.147443195088282
9.175008,1,21885.196359,True,True,0.0030705406009113863,1.3315916268274186
8.481351,2,21888.663261,True,True,0.0023671206325894248,2.39418556888963
9.54202,1,21890.565069,True,True,1.716656930341942e-10,0.6647437406498996
9.114793,1,21892.53866,True,True,1.8880148888600904e-10,1.4371478943711682
6.761831,1,21894.570895,True,True,0.005854641088946663,5.690460394329608
8.319385,1,21896.620017,True,True,0.00598925476532403,2.8787258600944363
0.701757,1,21898.588664,True,True,0.0030973349322680616,16.6211048817327
8.718552,1,21900.72576,True,True,3.4999317471973157e-09,2.1479044793979294
8.373856,1,21902.733179,True,True,0.0004307753275617507,2.7757687275770246
8.282327,1,21904.785399,True,True,3.690971784346779e-09,2.941134804012079
8.357996,2,21906.689843,True,True,0.007031622531450981,2.780289463254775
7.485523,1,21908.097018,True,True,0.0029589490599369705,4.382114633361055
9.863903,1,21910.034598,True,True,0.000267007357777814,0.08370666308112727
2.254334,1,21911.844193,True,True,4.079111571089755e-11,13.819977370025715
6.291952,1,21913.390643,True,True,0.0009248959054848635,6.535236965872806
1.751074,1,21915.388714,True,True,0.0018671140731613047,14.728624051112424
7.973047,1,21917.383651,True,True,0.004244312954443484,3.504575012095063
3.475581,1,21919.393172,True,True,0.001689392994004349,11.618546280938546
7.275658,1,21920.978701,True,True,1.0029196460469083e-10,4.758523332085365
-14.377202,60,21995.413095,False,True,0.016298513860190718,25.16441226992418
-3.740376,11,22004.897923,True,True,0.0061176112434998,5.500776161445729
9.156734,1,22007.026991,True,True,0.0016048103683315856,1.363470561208893
9.100386,1,22009.205924,True,True,0.0001832460673774905,1.4589592486841505
8.339344,1,22011.54934,True,True,3.280334192169593e-10,2.837434609973104
8.053443,1,22013.865183,True,True,3.158093493531301e-10,3.352393003235304
7.562205,1,22016.131616,True,True,5.102237601082194e-11,4.241776365865491
0.687943,2,22020.43507,True,True,0.004608989823774673,16.071450045908342
0.323461,1,22022.682092,True,True,0.003977492598753728,17.303471295904163
7.09925,1,22024.959629,True,True,0.009048863731773875,5.084368103499098
6.588063,1,22027.047862,True,True,5.867902404462946e-10,5.999999369605397
7.419522,1,22029.022671,True,True,2.256875477462078e-06,4.499445585801137
1.779541,1,22031.150366,True,True,0.004275901272162632,14.678686799548661
9.908574,1,22033.379954,True,True,1.4527527271435137e-10,0.0025775197313371457
6.138087,2,22036.736088,True,True,0.0005046010244438492,6.314741457740676
9.184587,2,22039.58711,True,True,0.0021273505494786467,1.1587382689331294
4.698368,1,22041.105862,True,True,0.0020489021672196765,9.412046102920952
7.397059,1,22042.481259,True,True,0.005386625645372567,4.54307881076025
6.497329,1,22044.132673,True,True,0.001143278743981687,6.165646370022904
8.251542,1,22045.580814,True,True,3.76953423560928e-09,2.9967439887011955
9.908372,1,22047.110273,True,True,6.465397342948545e-11,0.0025625200679487096
9.505978,1,22048.488534,True,True,0.0036787863586247417,0.7326915664006465
6.828744,1,22050.030907,True,True,0.00614417969623661,5.568497046395363
4.794781,3,22054.529984,True,True,1.1989454979459066e-05,8.840651135301318
8.117703,1,22056.353792,True,True,0.000645035557103487,3.23789840073427
3.735763,1,22058.268524,True,True,0.00010433754388556671,11.148064766833672
6.33999,2,22059.975435,True,True,6.680891160840488e-05,5.604211305821067
9.051223,1,22061.91836,True,True,0.00031662123103054875,1.5524312971796106
8.386808,2,22065.317243,True,True,0.005371009612444876,2.5748129353687346
8.273206,1,22067.269248,True,True,4.031830425077487e-12,2.9550616215032743
7.927375,1,22068.788901,True,True,0.004862551533077622,3.5877036695793096
9.631775,1,22070.329774,True,True,0.002819933262376805,0.5056421976374169
9.442824,1,22072.094218,True,True,0.004219956018680159,0.8456283223065715
5.379326,1,22073.97465,True,True,0.009535645040994831,8.19026694812857
